Timestamp,Power_Generation_kW_AC
2023-01-01 00:00:00,-0.0
2023-01-01 00:15:00,-0.0
2023-01-01 00:30:00,-0.0
2023-01-01 00:45:00,-0.0
2023-01-01 01:00:00,-0.0
2023-01-01 01:15:00,-0.0
2023-01-01 01:30:00,-0.0
2023-01-01 01:45:00,-0.0
2023-01-01 02:00:00,-0.0
2023-01-01 02:15:00,-0.0
2023-01-01 02:30:00,-0.0
2023-01-01 02:45:00,-0.0
2023-01-01 03:00:00,-0.0
2023-01-01 03:15:00,-0.0
2023-01-01 03:30:00,-0.0
2023-01-01 03:45:00,-0.0
2023-01-01 04:00:00,-0.0
2023-01-01 04:15:00,-0.0
2023-01-01 04:30:00,-0.0
2023-01-01 04:45:00,-0.0
2023-01-01 05:00:00,-0.0
2023-01-01 05:15:00,-0.0
2023-01-01 05:30:00,-0.0
2023-01-01 05:45:00,-0.0
2023-01-01 06:00:00,-0.0
2023-01-01 06:15:00,-0.0
2023-01-01 06:30:00,-0.0
2023-01-01 06:45:00,-0.0
2023-01-01 07:00:00,7.43
2023-01-01 07:15:00,21.51
2023-01-01 07:30:00,13.78
2023-01-01 07:45:00,15.47
2023-01-01 08:00:00,87.07
2023-01-01 08:15:00,142.9
2023-01-01 08:30:00,317.56
2023-01-01 08:45:00,377.4
2023-01-01 09:00:00,385.16
2023-01-01 09:15:00,390.6
2023-01-01 09:30:00,392.14
2023-01-01 09:45:00,390.32
2023-01-01 10:00:00,384.89
2023-01-01 10:15:00,378.93
2023-01-01 10:30:00,372.32
2023-01-01 10:45:00,366.84
2023-01-01 11:00:00,361.34
2023-01-01 11:15:00,356.11
2023-01-01 11:30:00,351.65
2023-01-01 11:45:00,349.1
2023-01-01 12:00:00,349.75
2023-01-01 12:15:00,352.49
2023-01-01 12:30:00,355.41
2023-01-01 12:45:00,359.68
2023-01-01 13:00:00,364.25
2023-01-01 13:15:00,368.04
2023-01-01 13:30:00,372.26
2023-01-01 13:45:00,367.92
2023-01-01 14:00:00,238.36
2023-01-01 14:15:00,168.47
2023-01-01 14:30:00,179.47
2023-01-01 14:45:00,166.41
2023-01-01 15:00:00,138.67
2023-01-01 15:15:00,105.13
2023-01-01 15:30:00,86.68
2023-01-01 15:45:00,92.18
2023-01-01 16:00:00,102.32
2023-01-01 16:15:00,51.45
2023-01-01 16:30:00,7.22
2023-01-01 16:45:00,-0.0
2023-01-01 17:00:00,-0.0
2023-01-01 17:15:00,-0.0
2023-01-01 17:30:00,-0.0
2023-01-01 17:45:00,-0.0
2023-01-01 18:00:00,-0.0
2023-01-01 18:15:00,-0.0
2023-01-01 18:30:00,-0.0
2023-01-01 18:45:00,-0.0
2023-01-01 19:00:00,-0.0
2023-01-01 19:15:00,-0.0
2023-01-01 19:30:00,-0.0
2023-01-01 19:45:00,-0.0
2023-01-01 20:00:00,-0.0
2023-01-01 20:15:00,-0.0
2023-01-01 20:30:00,-0.0
2023-01-01 20:45:00,-0.0
2023-01-01 21:00:00,-0.0
2023-01-01 21:15:00,-0.0
2023-01-01 21:30:00,-0.0
2023-01-01 21:45:00,-0.0
2023-01-01 22:00:00,-0.0
2023-01-01 22:15:00,-0.0
2023-01-01 22:30:00,-0.0
2023-01-01 22:45:00,-0.0
2023-01-01 23:00:00,-0.0
2023-01-01 23:15:00,-0.0
2023-01-01 23:30:00,-0.0
2023-01-01 23:45:00,-0.0
2023-01-02 00:00:00,-0.0
2023-01-02 00:15:00,-0.0
2023-01-02 00:30:00,-0.0
2023-01-02 00:45:00,-0.0
2023-01-02 01:00:00,-0.0
2023-01-02 01:15:00,-0.0
2023-01-02 01:30:00,-0.0
2023-01-02 01:45:00,-0.0
2023-01-02 02:00:00,-0.0
2023-01-02 02:15:00,-0.0
2023-01-02 02:30:00,-0.0
2023-01-02 02:45:00,-0.0
2023-01-02 03:00:00,-0.0
2023-01-02 03:15:00,-0.0
2023-01-02 03:30:00,-0.0
2023-01-02 03:45:00,-0.0
2023-01-02 04:00:00,-0.0
2023-01-02 04:15:00,-0.0
2023-01-02 04:30:00,-0.0
2023-01-02 04:45:00,-0.0
2023-01-02 05:00:00,-0.0
2023-01-02 05:15:00,-0.0
2023-01-02 05:30:00,-0.0
2023-01-02 05:45:00,-0.0
2023-01-02 06:00:00,-0.0
2023-01-02 06:15:00,-0.0
2023-01-02 06:30:00,-0.0
2023-01-02 06:45:00,-0.0
2023-01-02 07:00:00,2.48
2023-01-02 07:15:00,6.55
2023-01-02 07:30:00,10.35
2023-01-02 07:45:00,50.16
2023-01-02 08:00:00,101.66
2023-01-02 08:15:00,120.16
2023-01-02 08:30:00,287.97
2023-01-02 08:45:00,248.68
2023-01-02 09:00:00,210.27
2023-01-02 09:15:00,222.18
2023-01-02 09:30:00,225.39
2023-01-02 09:45:00,206.33
2023-01-02 10:00:00,202.55
2023-01-02 10:15:00,245.1
2023-01-02 10:30:00,243.5
2023-01-02 10:45:00,232.62
2023-01-02 11:00:00,216.48
2023-01-02 11:15:00,213.95
2023-01-02 11:30:00,315.54
2023-01-02 11:45:00,343.86
2023-01-02 12:00:00,344.76
2023-01-02 12:15:00,347.73
2023-01-02 12:30:00,344.87
2023-01-02 12:45:00,263.29
2023-01-02 13:00:00,235.09
2023-01-02 13:15:00,217.16
2023-01-02 13:30:00,325.98
2023-01-02 13:45:00,252.81
2023-01-02 14:00:00,339.62
2023-01-02 14:15:00,372.22
2023-01-02 14:30:00,365.33
2023-01-02 14:45:00,353.78
2023-01-02 15:00:00,336.95
2023-01-02 15:15:00,313.09
2023-01-02 15:30:00,269.05
2023-01-02 15:45:00,193.1
2023-01-02 16:00:00,118.82
2023-01-02 16:15:00,54.09
2023-01-02 16:30:00,8.08
2023-01-02 16:45:00,-0.0
2023-01-02 17:00:00,-0.0
2023-01-02 17:15:00,-0.0
2023-01-02 17:30:00,-0.0
2023-01-02 17:45:00,-0.0
2023-01-02 18:00:00,-0.0
2023-01-02 18:15:00,-0.0
2023-01-02 18:30:00,-0.0
2023-01-02 18:45:00,-0.0
2023-01-02 19:00:00,-0.0
2023-01-02 19:15:00,-0.0
2023-01-02 19:30:00,-0.0
2023-01-02 19:45:00,-0.0
2023-01-02 20:00:00,-0.0
2023-01-02 20:15:00,-0.0
2023-01-02 20:30:00,-0.0
2023-01-02 20:45:00,-0.0
2023-01-02 21:00:00,-0.0
2023-01-02 21:15:00,-0.0
2023-01-02 21:30:00,-0.0
2023-01-02 21:45:00,-0.0
2023-01-02 22:00:00,-0.0
2023-01-02 22:15:00,-0.0
2023-01-02 22:30:00,-0.0
2023-01-02 22:45:00,-0.0
2023-01-02 23:00:00,-0.0
2023-01-02 23:15:00,-0.0
2023-01-02 23:30:00,-0.0
2023-01-02 23:45:00,-0.0
2023-01-03 00:00:00,-0.0
2023-01-03 00:15:00,-0.0
2023-01-03 00:30:00,-0.0
2023-01-03 00:45:00,-0.0
2023-01-03 01:00:00,-0.0
2023-01-03 01:15:00,-0.0
2023-01-03 01:30:00,-0.0
2023-01-03 01:45:00,-0.0
2023-01-03 02:00:00,-0.0
2023-01-03 02:15:00,-0.0
2023-01-03 02:30:00,-0.0
2023-01-03 02:45:00,-0.0
2023-01-03 03:00:00,-0.0
2023-01-03 03:15:00,-0.0
2023-01-03 03:30:00,-0.0
2023-01-03 03:45:00,-0.0
2023-01-03 04:00:00,-0.0
2023-01-03 04:15:00,-0.0
2023-01-03 04:30:00,-0.0
2023-01-03 04:45:00,-0.0
2023-01-03 05:00:00,-0.0
2023-01-03 05:15:00,-0.0
2023-01-03 05:30:00,-0.0
2023-01-03 05:45:00,-0.0
2023-01-03 06:00:00,-0.0
2023-01-03 06:15:00,-0.0
2023-01-03 06:30:00,-0.0
2023-01-03 06:45:00,-0.0
2023-01-03 07:00:00,9.16
2023-01-03 07:15:00,34.29
2023-01-03 07:30:00,27.62
2023-01-03 07:45:00,27.29
2023-01-03 08:00:00,99.65
2023-01-03 08:15:00,152.18
2023-01-03 08:30:00,308.6
2023-01-03 08:45:00,367.83
2023-01-03 09:00:00,379.36
2023-01-03 09:15:00,386.11
2023-01-03 09:30:00,388.85
2023-01-03 09:45:00,388.03
2023-01-03 10:00:00,381.9
2023-01-03 10:15:00,376.92
2023-01-03 10:30:00,371.08
2023-01-03 10:45:00,366.19
2023-01-03 11:00:00,361.03
2023-01-03 11:15:00,356.18
2023-01-03 11:30:00,351.88
2023-01-03 11:45:00,349.3
2023-01-03 12:00:00,350.29
2023-01-03 12:15:00,353.53
2023-01-03 12:30:00,356.95
2023-01-03 12:45:00,362.12
2023-01-03 13:00:00,367.38
2023-01-03 13:15:00,372.32
2023-01-03 13:30:00,378.01
2023-01-03 13:45:00,382.86
2023-01-03 14:00:00,386.02
2023-01-03 14:15:00,385.18
2023-01-03 14:30:00,380.47
2023-01-03 14:45:00,371.56
2023-01-03 15:00:00,357.07
2023-01-03 15:15:00,338.87
2023-01-03 15:30:00,298.85
2023-01-03 15:45:00,219.74
2023-01-03 16:00:00,140.36
2023-01-03 16:15:00,67.51
2023-01-03 16:30:00,11.61
2023-01-03 16:45:00,-0.0
2023-01-03 17:00:00,-0.0
2023-01-03 17:15:00,-0.0
2023-01-03 17:30:00,-0.0
2023-01-03 17:45:00,-0.0
2023-01-03 18:00:00,-0.0
2023-01-03 18:15:00,-0.0
2023-01-03 18:30:00,-0.0
2023-01-03 18:45:00,-0.0
2023-01-03 19:00:00,-0.0
2023-01-03 19:15:00,-0.0
2023-01-03 19:30:00,-0.0
2023-01-03 19:45:00,-0.0
2023-01-03 20:00:00,-0.0
2023-01-03 20:15:00,-0.0
2023-01-03 20:30:00,-0.0
2023-01-03 20:45:00,-0.0
2023-01-03 21:00:00,-0.0
2023-01-03 21:15:00,-0.0
2023-01-03 21:30:00,-0.0
2023-01-03 21:45:00,-0.0
2023-01-03 22:00:00,-0.0
2023-01-03 22:15:00,-0.0
2023-01-03 22:30:00,-0.0
2023-01-03 22:45:00,-0.0
2023-01-03 23:00:00,-0.0
2023-01-03 23:15:00,-0.0
2023-01-03 23:30:00,-0.0
2023-01-03 23:45:00,-0.0
2023-01-04 00:00:00,-0.0
2023-01-04 00:15:00,-0.0
2023-01-04 00:30:00,-0.0
2023-01-04 00:45:00,-0.0
2023-01-04 01:00:00,-0.0
2023-01-04 01:15:00,-0.0
2023-01-04 01:30:00,-0.0
2023-01-04 01:45:00,-0.0
2023-01-04 02:00:00,-0.0
2023-01-04 02:15:00,-0.0
2023-01-04 02:30:00,-0.0
2023-01-04 02:45:00,-0.0
2023-01-04 03:00:00,-0.0
2023-01-04 03:15:00,-0.0
2023-01-04 03:30:00,-0.0
2023-01-04 03:45:00,-0.0
2023-01-04 04:00:00,-0.0
2023-01-04 04:15:00,-0.0
2023-01-04 04:30:00,-0.0
2023-01-04 04:45:00,-0.0
2023-01-04 05:00:00,-0.0
2023-01-04 05:15:00,-0.0
2023-01-04 05:30:00,-0.0
2023-01-04 05:45:00,-0.0
2023-01-04 06:00:00,-0.0
2023-01-04 06:15:00,-0.0
2023-01-04 06:30:00,-0.0
2023-01-04 06:45:00,-0.0
2023-01-04 07:00:00,9.42
2023-01-04 07:15:00,34.31
2023-01-04 07:30:00,26.25
2023-01-04 07:45:00,27.7
2023-01-04 08:00:00,116.04
2023-01-04 08:15:00,301.85
2023-01-04 08:30:00,364.55
2023-01-04 08:45:00,379.65
2023-01-04 09:00:00,390.23
2023-01-04 09:15:00,393.82
2023-01-04 09:30:00,396.26
2023-01-04 09:45:00,395.04
2023-01-04 10:00:00,389.96
2023-01-04 10:15:00,384.34
2023-01-04 10:30:00,377.89
2023-01-04 10:45:00,372.59
2023-01-04 11:00:00,367.1
2023-01-04 11:15:00,361.94
2023-01-04 11:30:00,357.35
2023-01-04 11:45:00,354.74
2023-01-04 12:00:00,355.42
2023-01-04 12:15:00,358.47
2023-01-04 12:30:00,361.69
2023-01-04 12:45:00,366.91
2023-01-04 13:00:00,371.89
2023-01-04 13:15:00,376.75
2023-01-04 13:30:00,382.39
2023-01-04 13:45:00,387.16
2023-01-04 14:00:00,390.21
2023-01-04 14:15:00,389.08
2023-01-04 14:30:00,384.06
2023-01-04 14:45:00,374.63
2023-01-04 15:00:00,359.82
2023-01-04 15:15:00,341.75
2023-01-04 15:30:00,304.05
2023-01-04 15:45:00,224.18
2023-01-04 16:00:00,144.14
2023-01-04 16:15:00,70.41
2023-01-04 16:30:00,12.97
2023-01-04 16:45:00,-0.0
2023-01-04 17:00:00,-0.0
2023-01-04 17:15:00,-0.0
2023-01-04 17:30:00,-0.0
2023-01-04 17:45:00,-0.0
2023-01-04 18:00:00,-0.0
2023-01-04 18:15:00,-0.0
2023-01-04 18:30:00,-0.0
2023-01-04 18:45:00,-0.0
2023-01-04 19:00:00,-0.0
2023-01-04 19:15:00,-0.0
2023-01-04 19:30:00,-0.0
2023-01-04 19:45:00,-0.0
2023-01-04 20:00:00,-0.0
2023-01-04 20:15:00,-0.0
2023-01-04 20:30:00,-0.0
2023-01-04 20:45:00,-0.0
2023-01-04 21:00:00,-0.0
2023-01-04 21:15:00,-0.0
2023-01-04 21:30:00,-0.0
2023-01-04 21:45:00,-0.0
2023-01-04 22:00:00,-0.0
2023-01-04 22:15:00,-0.0
2023-01-04 22:30:00,-0.0
2023-01-04 22:45:00,-0.0
2023-01-04 23:00:00,-0.0
2023-01-04 23:15:00,-0.0
2023-01-04 23:30:00,-0.0
2023-01-04 23:45:00,-0.0
2023-01-05 00:00:00,-0.0
2023-01-05 00:15:00,-0.0
2023-01-05 00:30:00,-0.0
2023-01-05 00:45:00,-0.0
2023-01-05 01:00:00,-0.0
2023-01-05 01:15:00,-0.0
2023-01-05 01:30:00,-0.0
2023-01-05 01:45:00,-0.0
2023-01-05 02:00:00,-0.0
2023-01-05 02:15:00,-0.0
2023-01-05 02:30:00,-0.0
2023-01-05 02:45:00,-0.0
2023-01-05 03:00:00,-0.0
2023-01-05 03:15:00,-0.0
2023-01-05 03:30:00,-0.0
2023-01-05 03:45:00,-0.0
2023-01-05 04:00:00,-0.0
2023-01-05 04:15:00,-0.0
2023-01-05 04:30:00,-0.0
2023-01-05 04:45:00,-0.0
2023-01-05 05:00:00,-0.0
2023-01-05 05:15:00,-0.0
2023-01-05 05:30:00,-0.0
2023-01-05 05:45:00,-0.0
2023-01-05 06:00:00,-0.0
2023-01-05 06:15:00,-0.0
2023-01-05 06:30:00,-0.0
2023-01-05 06:45:00,-0.0
2023-01-05 07:00:00,8.93
2023-01-05 07:15:00,34.6
2023-01-05 07:30:00,32.45
2023-01-05 07:45:00,29.81
2023-01-05 08:00:00,101.13
2023-01-05 08:15:00,155.33
2023-01-05 08:30:00,302.72
2023-01-05 08:45:00,359.99
2023-01-05 09:00:00,372.53
2023-01-05 09:15:00,380.12
2023-01-05 09:30:00,383.66
2023-01-05 09:45:00,383.5
2023-01-05 10:00:00,379.35
2023-01-05 10:15:00,374.51
2023-01-05 10:30:00,368.71
2023-01-05 10:45:00,363.86
2023-01-05 11:00:00,358.3
2023-01-05 11:15:00,353.51
2023-01-05 11:30:00,349.8
2023-01-05 11:45:00,346.57
2023-01-05 12:00:00,347.02
2023-01-05 12:15:00,349.86
2023-01-05 12:30:00,352.79
2023-01-05 12:45:00,357.26
2023-01-05 13:00:00,362.07
2023-01-05 13:15:00,366.18
2023-01-05 13:30:00,370.83
2023-01-05 13:45:00,374.47
2023-01-05 14:00:00,376.26
2023-01-05 14:15:00,373.8
2023-01-05 14:30:00,367.17
2023-01-05 14:45:00,355.84
2023-01-05 15:00:00,338.86
2023-01-05 15:15:00,315.24
2023-01-05 15:30:00,277.64
2023-01-05 15:45:00,200.65
2023-01-05 16:00:00,126.06
2023-01-05 16:15:00,59.28
2023-01-05 16:30:00,11.01
2023-01-05 16:45:00,-0.0
2023-01-05 17:00:00,-0.0
2023-01-05 17:15:00,-0.0
2023-01-05 17:30:00,-0.0
2023-01-05 17:45:00,-0.0
2023-01-05 18:00:00,-0.0
2023-01-05 18:15:00,-0.0
2023-01-05 18:30:00,-0.0
2023-01-05 18:45:00,-0.0
2023-01-05 19:00:00,-0.0
2023-01-05 19:15:00,-0.0
2023-01-05 19:30:00,-0.0
2023-01-05 19:45:00,-0.0
2023-01-05 20:00:00,-0.0
2023-01-05 20:15:00,-0.0
2023-01-05 20:30:00,-0.0
2023-01-05 20:45:00,-0.0
2023-01-05 21:00:00,-0.0
2023-01-05 21:15:00,-0.0
2023-01-05 21:30:00,-0.0
2023-01-05 21:45:00,-0.0
2023-01-05 22:00:00,-0.0
2023-01-05 22:15:00,-0.0
2023-01-05 22:30:00,-0.0
2023-01-05 22:45:00,-0.0
2023-01-05 23:00:00,-0.0
2023-01-05 23:15:00,-0.0
2023-01-05 23:30:00,-0.0
2023-01-05 23:45:00,-0.0
2023-01-06 00:00:00,-0.0
2023-01-06 00:15:00,-0.0
2023-01-06 00:30:00,-0.0
2023-01-06 00:45:00,-0.0
2023-01-06 01:00:00,-0.0
2023-01-06 01:15:00,-0.0
2023-01-06 01:30:00,-0.0
2023-01-06 01:45:00,-0.0
2023-01-06 02:00:00,-0.0
2023-01-06 02:15:00,-0.0
2023-01-06 02:30:00,-0.0
2023-01-06 02:45:00,-0.0
2023-01-06 03:00:00,-0.0
2023-01-06 03:15:00,-0.0
2023-01-06 03:30:00,-0.0
2023-01-06 03:45:00,-0.0
2023-01-06 04:00:00,-0.0
2023-01-06 04:15:00,-0.0
2023-01-06 04:30:00,-0.0
2023-01-06 04:45:00,-0.0
2023-01-06 05:00:00,-0.0
2023-01-06 05:15:00,-0.0
2023-01-06 05:30:00,-0.0
2023-01-06 05:45:00,-0.0
2023-01-06 06:00:00,-0.0
2023-01-06 06:15:00,-0.0
2023-01-06 06:30:00,-0.0
2023-01-06 06:45:00,-0.0
2023-01-06 07:00:00,8.38
2023-01-06 07:15:00,33.9
2023-01-06 07:30:00,91.9
2023-01-06 07:45:00,158.03
2023-01-06 08:00:00,224.9
2023-01-06 08:15:00,287.98
2023-01-06 08:30:00,304.38
2023-01-06 08:45:00,220.02
2023-01-06 09:00:00,303.27
2023-01-06 09:15:00,210.43
2023-01-06 09:30:00,173.91
2023-01-06 09:45:00,185.7
2023-01-06 10:00:00,325.38
2023-01-06 10:15:00,361.48
2023-01-06 10:30:00,357.39
2023-01-06 10:45:00,353.54
2023-01-06 11:00:00,349.43
2023-01-06 11:15:00,345.01
2023-01-06 11:30:00,341.48
2023-01-06 11:45:00,338.43
2023-01-06 12:00:00,338.84
2023-01-06 12:15:00,341.74
2023-01-06 12:30:00,344.71
2023-01-06 12:45:00,349.23
2023-01-06 13:00:00,353.3
2023-01-06 13:15:00,356.83
2023-01-06 13:30:00,360.88
2023-01-06 13:45:00,363.86
2023-01-06 14:00:00,365.2
2023-01-06 14:15:00,362.16
2023-01-06 14:30:00,355.18
2023-01-06 14:45:00,343.63
2023-01-06 15:00:00,326.58
2023-01-06 15:15:00,303.22
2023-01-06 15:30:00,268.66
2023-01-06 15:45:00,194.82
2023-01-06 16:00:00,123.55
2023-01-06 16:15:00,59.6
2023-01-06 16:30:00,11.88
2023-01-06 16:45:00,-0.0
2023-01-06 17:00:00,-0.0
2023-01-06 17:15:00,-0.0
2023-01-06 17:30:00,-0.0
2023-01-06 17:45:00,-0.0
2023-01-06 18:00:00,-0.0
2023-01-06 18:15:00,-0.0
2023-01-06 18:30:00,-0.0
2023-01-06 18:45:00,-0.0
2023-01-06 19:00:00,-0.0
2023-01-06 19:15:00,-0.0
2023-01-06 19:30:00,-0.0
2023-01-06 19:45:00,-0.0
2023-01-06 20:00:00,-0.0
2023-01-06 20:15:00,-0.0
2023-01-06 20:30:00,-0.0
2023-01-06 20:45:00,-0.0
2023-01-06 21:00:00,-0.0
2023-01-06 21:15:00,-0.0
2023-01-06 21:30:00,-0.0
2023-01-06 21:45:00,-0.0
2023-01-06 22:00:00,-0.0
2023-01-06 22:15:00,-0.0
2023-01-06 22:30:00,-0.0
2023-01-06 22:45:00,-0.0
2023-01-06 23:00:00,-0.0
2023-01-06 23:15:00,-0.0
2023-01-06 23:30:00,-0.0
2023-01-06 23:45:00,-0.0
2023-01-07 00:00:00,-0.0
2023-01-07 00:15:00,-0.0
2023-01-07 00:30:00,-0.0
2023-01-07 00:45:00,-0.0
2023-01-07 01:00:00,-0.0
2023-01-07 01:15:00,-0.0
2023-01-07 01:30:00,-0.0
2023-01-07 01:45:00,-0.0
2023-01-07 02:00:00,-0.0
2023-01-07 02:15:00,-0.0
2023-01-07 02:30:00,-0.0
2023-01-07 02:45:00,-0.0
2023-01-07 03:00:00,-0.0
2023-01-07 03:15:00,-0.0
2023-01-07 03:30:00,-0.0
2023-01-07 03:45:00,-0.0
2023-01-07 04:00:00,-0.0
2023-01-07 04:15:00,-0.0
2023-01-07 04:30:00,-0.0
2023-01-07 04:45:00,-0.0
2023-01-07 05:00:00,-0.0
2023-01-07 05:15:00,-0.0
2023-01-07 05:30:00,-0.0
2023-01-07 05:45:00,-0.0
2023-01-07 06:00:00,-0.0
2023-01-07 06:15:00,-0.0
2023-01-07 06:30:00,-0.0
2023-01-07 06:45:00,-0.0
2023-01-07 07:00:00,9.93
2023-01-07 07:15:00,42.74
2023-01-07 07:30:00,43.71
2023-01-07 07:45:00,33.72
2023-01-07 08:00:00,119.62
2023-01-07 08:15:00,299.23
2023-01-07 08:30:00,360.33
2023-01-07 08:45:00,376.35
2023-01-07 09:00:00,387.55
2023-01-07 09:15:00,392.08
2023-01-07 09:30:00,395.05
2023-01-07 09:45:00,394.26
2023-01-07 10:00:00,389.54
2023-01-07 10:15:00,383.91
2023-01-07 10:30:00,377.85
2023-01-07 10:45:00,372.38
2023-01-07 11:00:00,367.22
2023-01-07 11:15:00,362.17
2023-01-07 11:30:00,358.5
2023-01-07 11:45:00,355.47
2023-01-07 12:00:00,355.81
2023-01-07 12:15:00,358.69
2023-01-07 12:30:00,361.84
2023-01-07 12:45:00,367.06
2023-01-07 13:00:00,372.23
2023-01-07 13:15:00,377.01
2023-01-07 13:30:00,382.69
2023-01-07 13:45:00,387.62
2023-01-07 14:00:00,391.32
2023-01-07 14:15:00,390.66
2023-01-07 14:30:00,386.03
2023-01-07 14:45:00,377.0
2023-01-07 15:00:00,363.05
2023-01-07 15:15:00,346.25
2023-01-07 15:30:00,317.91
2023-01-07 15:45:00,237.96
2023-01-07 16:00:00,158.07
2023-01-07 16:15:00,82.05
2023-01-07 16:30:00,18.43
2023-01-07 16:45:00,-0.0
2023-01-07 17:00:00,-0.0
2023-01-07 17:15:00,-0.0
2023-01-07 17:30:00,-0.0
2023-01-07 17:45:00,-0.0
2023-01-07 18:00:00,-0.0
2023-01-07 18:15:00,-0.0
2023-01-07 18:30:00,-0.0
2023-01-07 18:45:00,-0.0
2023-01-07 19:00:00,-0.0
2023-01-07 19:15:00,-0.0
2023-01-07 19:30:00,-0.0
2023-01-07 19:45:00,-0.0
2023-01-07 20:00:00,-0.0
2023-01-07 20:15:00,-0.0
2023-01-07 20:30:00,-0.0
2023-01-07 20:45:00,-0.0
2023-01-07 21:00:00,-0.0
2023-01-07 21:15:00,-0.0
2023-01-07 21:30:00,-0.0
2023-01-07 21:45:00,-0.0
2023-01-07 22:00:00,-0.0
2023-01-07 22:15:00,-0.0
2023-01-07 22:30:00,-0.0
2023-01-07 22:45:00,-0.0
2023-01-07 23:00:00,-0.0
2023-01-07 23:15:00,-0.0
2023-01-07 23:30:00,-0.0
2023-01-07 23:45:00,-0.0
2023-01-08 00:00:00,-0.0
2023-01-08 00:15:00,-0.0
2023-01-08 00:30:00,-0.0
2023-01-08 00:45:00,-0.0
2023-01-08 01:00:00,-0.0
2023-01-08 01:15:00,-0.0
2023-01-08 01:30:00,-0.0
2023-01-08 01:45:00,-0.0
2023-01-08 02:00:00,-0.0
2023-01-08 02:15:00,-0.0
2023-01-08 02:30:00,-0.0
2023-01-08 02:45:00,-0.0
2023-01-08 03:00:00,-0.0
2023-01-08 03:15:00,-0.0
2023-01-08 03:30:00,-0.0
2023-01-08 03:45:00,-0.0
2023-01-08 04:00:00,-0.0
2023-01-08 04:15:00,-0.0
2023-01-08 04:30:00,-0.0
2023-01-08 04:45:00,-0.0
2023-01-08 05:00:00,-0.0
2023-01-08 05:15:00,-0.0
2023-01-08 05:30:00,-0.0
2023-01-08 05:45:00,-0.0
2023-01-08 06:00:00,-0.0
2023-01-08 06:15:00,-0.0
2023-01-08 06:30:00,-0.0
2023-01-08 06:45:00,-0.0
2023-01-08 07:00:00,9.55
2023-01-08 07:15:00,42.15
2023-01-08 07:30:00,42.46
2023-01-08 07:45:00,42.65
2023-01-08 08:00:00,226.45
2023-01-08 08:15:00,342.28
2023-01-08 08:30:00,364.39
2023-01-08 08:45:00,379.88
2023-01-08 09:00:00,391.44
2023-01-08 09:15:00,396.04
2023-01-08 09:30:00,399.29
2023-01-08 09:45:00,398.56
2023-01-08 10:00:00,394.17
2023-01-08 10:15:00,388.54
2023-01-08 10:30:00,382.48
2023-01-08 10:45:00,376.91
2023-01-08 11:00:00,371.65
2023-01-08 11:15:00,366.46
2023-01-08 11:30:00,362.67
2023-01-08 11:45:00,359.53
2023-01-08 12:00:00,359.61
2023-01-08 12:15:00,362.27
2023-01-08 12:30:00,365.18
2023-01-08 12:45:00,370.05
2023-01-08 13:00:00,374.96
2023-01-08 13:15:00,379.5
2023-01-08 13:30:00,384.79
2023-01-08 13:45:00,389.43
2023-01-08 14:00:00,392.63
2023-01-08 14:15:00,391.51
2023-01-08 14:30:00,386.45
2023-01-08 14:45:00,376.82
2023-01-08 15:00:00,364.66
2023-01-08 15:15:00,344.78
2023-01-08 15:30:00,316.82
2023-01-08 15:45:00,237.99
2023-01-08 16:00:00,158.63
2023-01-08 16:15:00,83.39
2023-01-08 16:30:00,21.06
2023-01-08 16:45:00,0.55
2023-01-08 17:00:00,-0.0
2023-01-08 17:15:00,-0.0
2023-01-08 17:30:00,-0.0
2023-01-08 17:45:00,-0.0
2023-01-08 18:00:00,-0.0
2023-01-08 18:15:00,-0.0
2023-01-08 18:30:00,-0.0
2023-01-08 18:45:00,-0.0
2023-01-08 19:00:00,-0.0
2023-01-08 19:15:00,-0.0
2023-01-08 19:30:00,-0.0
2023-01-08 19:45:00,-0.0
2023-01-08 20:00:00,-0.0
2023-01-08 20:15:00,-0.0
2023-01-08 20:30:00,-0.0
2023-01-08 20:45:00,-0.0
2023-01-08 21:00:00,-0.0
2023-01-08 21:15:00,-0.0
2023-01-08 21:30:00,-0.0
2023-01-08 21:45:00,-0.0
2023-01-08 22:00:00,-0.0
2023-01-08 22:15:00,-0.0
2023-01-08 22:30:00,-0.0
2023-01-08 22:45:00,-0.0
2023-01-08 23:00:00,-0.0
2023-01-08 23:15:00,-0.0
2023-01-08 23:30:00,-0.0
2023-01-08 23:45:00,-0.0
2023-01-09 00:00:00,-0.0
2023-01-09 00:15:00,-0.0
2023-01-09 00:30:00,-0.0
2023-01-09 00:45:00,-0.0
2023-01-09 01:00:00,-0.0
2023-01-09 01:15:00,-0.0
2023-01-09 01:30:00,-0.0
2023-01-09 01:45:00,-0.0
2023-01-09 02:00:00,-0.0
2023-01-09 02:15:00,-0.0
2023-01-09 02:30:00,-0.0
2023-01-09 02:45:00,-0.0
2023-01-09 03:00:00,-0.0
2023-01-09 03:15:00,-0.0
2023-01-09 03:30:00,-0.0
2023-01-09 03:45:00,-0.0
2023-01-09 04:00:00,-0.0
2023-01-09 04:15:00,-0.0
2023-01-09 04:30:00,-0.0
2023-01-09 04:45:00,-0.0
2023-01-09 05:00:00,-0.0
2023-01-09 05:15:00,-0.0
2023-01-09 05:30:00,-0.0
2023-01-09 05:45:00,-0.0
2023-01-09 06:00:00,-0.0
2023-01-09 06:15:00,-0.0
2023-01-09 06:30:00,-0.0
2023-01-09 06:45:00,-0.0
2023-01-09 07:00:00,9.22
2023-01-09 07:15:00,40.71
2023-01-09 07:30:00,102.25
2023-01-09 07:45:00,169.69
2023-01-09 08:00:00,242.54
2023-01-09 08:15:00,302.26
2023-01-09 08:30:00,207.53
2023-01-09 08:45:00,175.87
2023-01-09 09:00:00,190.11
2023-01-09 09:15:00,335.76
2023-01-09 09:30:00,377.71
2023-01-09 09:45:00,377.56
2023-01-09 10:00:00,373.84
2023-01-09 10:15:00,368.83
2023-01-09 10:30:00,362.64
2023-01-09 10:45:00,357.71
2023-01-09 11:00:00,353.02
2023-01-09 11:15:00,348.2
2023-01-09 11:30:00,344.34
2023-01-09 11:45:00,341.09
2023-01-09 12:00:00,340.28
2023-01-09 12:15:00,341.27
2023-01-09 12:30:00,342.52
2023-01-09 12:45:00,345.09
2023-01-09 13:00:00,346.91
2023-01-09 13:15:00,347.46
2023-01-09 13:30:00,347.78
2023-01-09 13:45:00,345.91
2023-01-09 14:00:00,341.34
2023-01-09 14:15:00,329.05
2023-01-09 14:30:00,308.14
2023-01-09 14:45:00,205.53
2023-01-09 15:00:00,231.67
2023-01-09 15:15:00,143.97
2023-01-09 15:30:00,70.96
2023-01-09 15:45:00,65.05
2023-01-09 16:00:00,63.65
2023-01-09 16:15:00,30.07
2023-01-09 16:30:00,8.25
2023-01-09 16:45:00,0.59
2023-01-09 17:00:00,-0.0
2023-01-09 17:15:00,-0.0
2023-01-09 17:30:00,-0.0
2023-01-09 17:45:00,-0.0
2023-01-09 18:00:00,-0.0
2023-01-09 18:15:00,-0.0
2023-01-09 18:30:00,-0.0
2023-01-09 18:45:00,-0.0
2023-01-09 19:00:00,-0.0
2023-01-09 19:15:00,-0.0
2023-01-09 19:30:00,-0.0
2023-01-09 19:45:00,-0.0
2023-01-09 20:00:00,-0.0
2023-01-09 20:15:00,-0.0
2023-01-09 20:30:00,-0.0
2023-01-09 20:45:00,-0.0
2023-01-09 21:00:00,-0.0
2023-01-09 21:15:00,-0.0
2023-01-09 21:30:00,-0.0
2023-01-09 21:45:00,-0.0
2023-01-09 22:00:00,-0.0
2023-01-09 22:15:00,-0.0
2023-01-09 22:30:00,-0.0
2023-01-09 22:45:00,-0.0
2023-01-09 23:00:00,-0.0
2023-01-09 23:15:00,-0.0
2023-01-09 23:30:00,-0.0
2023-01-09 23:45:00,-0.0
2023-01-10 00:00:00,-0.0
2023-01-10 00:15:00,-0.0
2023-01-10 00:30:00,-0.0
2023-01-10 00:45:00,-0.0
2023-01-10 01:00:00,-0.0
2023-01-10 01:15:00,-0.0
2023-01-10 01:30:00,-0.0
2023-01-10 01:45:00,-0.0
2023-01-10 02:00:00,-0.0
2023-01-10 02:15:00,-0.0
2023-01-10 02:30:00,-0.0
2023-01-10 02:45:00,-0.0
2023-01-10 03:00:00,-0.0
2023-01-10 03:15:00,-0.0
2023-01-10 03:30:00,-0.0
2023-01-10 03:45:00,-0.0
2023-01-10 04:00:00,-0.0
2023-01-10 04:15:00,-0.0
2023-01-10 04:30:00,-0.0
2023-01-10 04:45:00,-0.0
2023-01-10 05:00:00,-0.0
2023-01-10 05:15:00,-0.0
2023-01-10 05:30:00,-0.0
2023-01-10 05:45:00,-0.0
2023-01-10 06:00:00,-0.0
2023-01-10 06:15:00,-0.0
2023-01-10 06:30:00,-0.0
2023-01-10 06:45:00,-0.0
2023-01-10 07:00:00,9.56
2023-01-10 07:15:00,43.81
2023-01-10 07:30:00,111.5
2023-01-10 07:45:00,186.6
2023-01-10 08:00:00,262.8
2023-01-10 08:15:00,333.4
2023-01-10 08:30:00,355.8
2023-01-10 08:45:00,371.64
2023-01-10 09:00:00,380.43
2023-01-10 09:15:00,386.64
2023-01-10 09:30:00,389.2
2023-01-10 09:45:00,388.33
2023-01-10 10:00:00,383.92
2023-01-10 10:15:00,378.49
2023-01-10 10:30:00,372.69
2023-01-10 10:45:00,367.49
2023-01-10 11:00:00,362.64
2023-01-10 11:15:00,357.85
2023-01-10 11:30:00,354.16
2023-01-10 11:45:00,351.2
2023-01-10 12:00:00,351.04
2023-01-10 12:15:00,353.37
2023-01-10 12:30:00,356.36
2023-01-10 12:45:00,360.39
2023-01-10 13:00:00,364.36
2023-01-10 13:15:00,368.08
2023-01-10 13:30:00,371.82
2023-01-10 13:45:00,376.01
2023-01-10 14:00:00,377.82
2023-01-10 14:15:00,375.08
2023-01-10 14:30:00,367.89
2023-01-10 14:45:00,355.95
2023-01-10 15:00:00,338.6
2023-01-10 15:15:00,315.15
2023-01-10 15:30:00,283.61
2023-01-10 15:45:00,211.8
2023-01-10 16:00:00,137.29
2023-01-10 16:15:00,70.57
2023-01-10 16:30:00,17.73
2023-01-10 16:45:00,0.97
2023-01-10 17:00:00,-0.0
2023-01-10 17:15:00,-0.0
2023-01-10 17:30:00,-0.0
2023-01-10 17:45:00,-0.0
2023-01-10 18:00:00,-0.0
2023-01-10 18:15:00,-0.0
2023-01-10 18:30:00,-0.0
2023-01-10 18:45:00,-0.0
2023-01-10 19:00:00,-0.0
2023-01-10 19:15:00,-0.0
2023-01-10 19:30:00,-0.0
2023-01-10 19:45:00,-0.0
2023-01-10 20:00:00,-0.0
2023-01-10 20:15:00,-0.0
2023-01-10 20:30:00,-0.0
2023-01-10 20:45:00,-0.0
2023-01-10 21:00:00,-0.0
2023-01-10 21:15:00,-0.0
2023-01-10 21:30:00,-0.0
2023-01-10 21:45:00,-0.0
2023-01-10 22:00:00,-0.0
2023-01-10 22:15:00,-0.0
2023-01-10 22:30:00,-0.0
2023-01-10 22:45:00,-0.0
2023-01-10 23:00:00,-0.0
2023-01-10 23:15:00,-0.0
2023-01-10 23:30:00,-0.0
2023-01-10 23:45:00,-0.0
2023-01-11 00:00:00,-0.0
2023-01-11 00:15:00,-0.0
2023-01-11 00:30:00,-0.0
2023-01-11 00:45:00,-0.0
2023-01-11 01:00:00,-0.0
2023-01-11 01:15:00,-0.0
2023-01-11 01:30:00,-0.0
2023-01-11 01:45:00,-0.0
2023-01-11 02:00:00,-0.0
2023-01-11 02:15:00,-0.0
2023-01-11 02:30:00,-0.0
2023-01-11 02:45:00,-0.0
2023-01-11 03:00:00,-0.0
2023-01-11 03:15:00,-0.0
2023-01-11 03:30:00,-0.0
2023-01-11 03:45:00,-0.0
2023-01-11 04:00:00,-0.0
2023-01-11 04:15:00,-0.0
2023-01-11 04:30:00,-0.0
2023-01-11 04:45:00,-0.0
2023-01-11 05:00:00,-0.0
2023-01-11 05:15:00,-0.0
2023-01-11 05:30:00,-0.0
2023-01-11 05:45:00,-0.0
2023-01-11 06:00:00,-0.0
2023-01-11 06:15:00,-0.0
2023-01-11 06:30:00,-0.0
2023-01-11 06:45:00,-0.0
2023-01-11 07:00:00,9.47
2023-01-11 07:15:00,42.42
2023-01-11 07:30:00,104.62
2023-01-11 07:45:00,178.64
2023-01-11 08:00:00,255.52
2023-01-11 08:15:00,327.78
2023-01-11 08:30:00,353.22
2023-01-11 08:45:00,371.35
2023-01-11 09:00:00,384.39
2023-01-11 09:15:00,391.69
2023-01-11 09:30:00,393.14
2023-01-11 09:45:00,392.98
2023-01-11 10:00:00,389.25
2023-01-11 10:15:00,384.06
2023-01-11 10:30:00,378.09
2023-01-11 10:45:00,373.19
2023-01-11 11:00:00,368.14
2023-01-11 11:15:00,362.78
2023-01-11 11:30:00,359.41
2023-01-11 11:45:00,356.38
2023-01-11 12:00:00,356.17
2023-01-11 12:15:00,358.97
2023-01-11 12:30:00,362.35
2023-01-11 12:45:00,367.06
2023-01-11 13:00:00,372.03
2023-01-11 13:15:00,377.02
2023-01-11 13:30:00,382.66
2023-01-11 13:45:00,387.96
2023-01-11 14:00:00,392.59
2023-01-11 14:15:00,393.09
2023-01-11 14:30:00,390.0
2023-01-11 14:45:00,382.99
2023-01-11 15:00:00,370.69
2023-01-11 15:15:00,352.52
2023-01-11 15:30:00,326.81
2023-01-11 15:45:00,257.89
2023-01-11 16:00:00,177.65
2023-01-11 16:15:00,98.59
2023-01-11 16:30:00,31.55
2023-01-11 16:45:00,1.4
2023-01-11 17:00:00,-0.0
2023-01-11 17:15:00,-0.0
2023-01-11 17:30:00,-0.0
2023-01-11 17:45:00,-0.0
2023-01-11 18:00:00,-0.0
2023-01-11 18:15:00,-0.0
2023-01-11 18:30:00,-0.0
2023-01-11 18:45:00,-0.0
2023-01-11 19:00:00,-0.0
2023-01-11 19:15:00,-0.0
2023-01-11 19:30:00,-0.0
2023-01-11 19:45:00,-0.0
2023-01-11 20:00:00,-0.0
2023-01-11 20:15:00,-0.0
2023-01-11 20:30:00,-0.0
2023-01-11 20:45:00,-0.0
2023-01-11 21:00:00,-0.0
2023-01-11 21:15:00,-0.0
2023-01-11 21:30:00,-0.0
2023-01-11 21:45:00,-0.0
2023-01-11 22:00:00,-0.0
2023-01-11 22:15:00,-0.0
2023-01-11 22:30:00,-0.0
2023-01-11 22:45:00,-0.0
2023-01-11 23:00:00,-0.0
2023-01-11 23:15:00,-0.0
2023-01-11 23:30:00,-0.0
2023-01-11 23:45:00,-0.0
2023-01-12 00:00:00,-0.0
2023-01-12 00:15:00,-0.0
2023-01-12 00:30:00,-0.0
2023-01-12 00:45:00,-0.0
2023-01-12 01:00:00,-0.0
2023-01-12 01:15:00,-0.0
2023-01-12 01:30:00,-0.0
2023-01-12 01:45:00,-0.0
2023-01-12 02:00:00,-0.0
2023-01-12 02:15:00,-0.0
2023-01-12 02:30:00,-0.0
2023-01-12 02:45:00,-0.0
2023-01-12 03:00:00,-0.0
2023-01-12 03:15:00,-0.0
2023-01-12 03:30:00,-0.0
2023-01-12 03:45:00,-0.0
2023-01-12 04:00:00,-0.0
2023-01-12 04:15:00,-0.0
2023-01-12 04:30:00,-0.0
2023-01-12 04:45:00,-0.0
2023-01-12 05:00:00,-0.0
2023-01-12 05:15:00,-0.0
2023-01-12 05:30:00,-0.0
2023-01-12 05:45:00,-0.0
2023-01-12 06:00:00,-0.0
2023-01-12 06:15:00,-0.0
2023-01-12 06:30:00,-0.0
2023-01-12 06:45:00,-0.0
2023-01-12 07:00:00,2.04
2023-01-12 07:15:00,5.52
2023-01-12 07:30:00,9.16
2023-01-12 07:45:00,29.68
2023-01-12 08:00:00,118.33
2023-01-12 08:15:00,153.75
2023-01-12 08:30:00,171.8
2023-01-12 08:45:00,193.54
2023-01-12 09:00:00,348.23
2023-01-12 09:15:00,392.32
2023-01-12 09:30:00,395.09
2023-01-12 09:45:00,394.15
2023-01-12 10:00:00,382.13
2023-01-12 10:15:00,271.89
2023-01-12 10:30:00,348.31
2023-01-12 10:45:00,372.38
2023-01-12 11:00:00,366.89
2023-01-12 11:15:00,361.3
2023-01-12 11:30:00,357.65
2023-01-12 11:45:00,354.25
2023-01-12 12:00:00,353.56
2023-01-12 12:15:00,355.92
2023-01-12 12:30:00,358.76
2023-01-12 12:45:00,354.08
2023-01-12 13:00:00,233.43
2023-01-12 13:15:00,176.65
2023-01-12 13:30:00,198.62
2023-01-12 13:45:00,187.22
2023-01-12 14:00:00,338.42
2023-01-12 14:15:00,380.18
2023-01-12 14:30:00,374.36
2023-01-12 14:45:00,363.9
2023-01-12 15:00:00,348.55
2023-01-12 15:15:00,323.88
2023-01-12 15:30:00,249.61
2023-01-12 15:45:00,215.31
2023-01-12 16:00:00,155.97
2023-01-12 16:15:00,85.92
2023-01-12 16:30:00,27.7
2023-01-12 16:45:00,1.63
2023-01-12 17:00:00,-0.0
2023-01-12 17:15:00,-0.0
2023-01-12 17:30:00,-0.0
2023-01-12 17:45:00,-0.0
2023-01-12 18:00:00,-0.0
2023-01-12 18:15:00,-0.0
2023-01-12 18:30:00,-0.0
2023-01-12 18:45:00,-0.0
2023-01-12 19:00:00,-0.0
2023-01-12 19:15:00,-0.0
2023-01-12 19:30:00,-0.0
2023-01-12 19:45:00,-0.0
2023-01-12 20:00:00,-0.0
2023-01-12 20:15:00,-0.0
2023-01-12 20:30:00,-0.0
2023-01-12 20:45:00,-0.0
2023-01-12 21:00:00,-0.0
2023-01-12 21:15:00,-0.0
2023-01-12 21:30:00,-0.0
2023-01-12 21:45:00,-0.0
2023-01-12 22:00:00,-0.0
2023-01-12 22:15:00,-0.0
2023-01-12 22:30:00,-0.0
2023-01-12 22:45:00,-0.0
2023-01-12 23:00:00,-0.0
2023-01-12 23:15:00,-0.0
2023-01-12 23:30:00,-0.0
2023-01-12 23:45:00,-0.0
2023-01-13 00:00:00,-0.0
2023-01-13 00:15:00,-0.0
2023-01-13 00:30:00,-0.0
2023-01-13 00:45:00,-0.0
2023-01-13 01:00:00,-0.0
2023-01-13 01:15:00,-0.0
2023-01-13 01:30:00,-0.0
2023-01-13 01:45:00,-0.0
2023-01-13 02:00:00,-0.0
2023-01-13 02:15:00,-0.0
2023-01-13 02:30:00,-0.0
2023-01-13 02:45:00,-0.0
2023-01-13 03:00:00,-0.0
2023-01-13 03:15:00,-0.0
2023-01-13 03:30:00,-0.0
2023-01-13 03:45:00,-0.0
2023-01-13 04:00:00,-0.0
2023-01-13 04:15:00,-0.0
2023-01-13 04:30:00,-0.0
2023-01-13 04:45:00,-0.0
2023-01-13 05:00:00,-0.0
2023-01-13 05:15:00,-0.0
2023-01-13 05:30:00,-0.0
2023-01-13 05:45:00,-0.0
2023-01-13 06:00:00,-0.0
2023-01-13 06:15:00,-0.0
2023-01-13 06:30:00,-0.0
2023-01-13 06:45:00,-0.0
2023-01-13 07:00:00,9.55
2023-01-13 07:15:00,40.68
2023-01-13 07:30:00,50.84
2023-01-13 07:45:00,89.55
2023-01-13 08:00:00,214.05
2023-01-13 08:15:00,246.36
2023-01-13 08:30:00,222.69
2023-01-13 08:45:00,312.86
2023-01-13 09:00:00,236.74
2023-01-13 09:15:00,335.36
2023-01-13 09:30:00,379.88
2023-01-13 09:45:00,381.07
2023-01-13 10:00:00,378.65
2023-01-13 10:15:00,374.62
2023-01-13 10:30:00,369.58
2023-01-13 10:45:00,365.31
2023-01-13 11:00:00,360.54
2023-01-13 11:15:00,355.41
2023-01-13 11:30:00,352.09
2023-01-13 11:45:00,348.84
2023-01-13 12:00:00,348.22
2023-01-13 12:15:00,350.87
2023-01-13 12:30:00,354.03
2023-01-13 12:45:00,358.16
2023-01-13 13:00:00,362.59
2023-01-13 13:15:00,366.28
2023-01-13 13:30:00,370.77
2023-01-13 13:45:00,374.2
2023-01-13 14:00:00,377.01
2023-01-13 14:15:00,375.54
2023-01-13 14:30:00,370.23
2023-01-13 14:45:00,360.64
2023-01-13 15:00:00,345.45
2023-01-13 15:15:00,324.17
2023-01-13 15:30:00,295.36
2023-01-13 15:45:00,230.95
2023-01-13 16:00:00,156.6
2023-01-13 16:15:00,85.31
2023-01-13 16:30:00,29.38
2023-01-13 16:45:00,1.95
2023-01-13 17:00:00,-0.0
2023-01-13 17:15:00,-0.0
2023-01-13 17:30:00,-0.0
2023-01-13 17:45:00,-0.0
2023-01-13 18:00:00,-0.0
2023-01-13 18:15:00,-0.0
2023-01-13 18:30:00,-0.0
2023-01-13 18:45:00,-0.0
2023-01-13 19:00:00,-0.0
2023-01-13 19:15:00,-0.0
2023-01-13 19:30:00,-0.0
2023-01-13 19:45:00,-0.0
2023-01-13 20:00:00,-0.0
2023-01-13 20:15:00,-0.0
2023-01-13 20:30:00,-0.0
2023-01-13 20:45:00,-0.0
2023-01-13 21:00:00,-0.0
2023-01-13 21:15:00,-0.0
2023-01-13 21:30:00,-0.0
2023-01-13 21:45:00,-0.0
2023-01-13 22:00:00,-0.0
2023-01-13 22:15:00,-0.0
2023-01-13 22:30:00,-0.0
2023-01-13 22:45:00,-0.0
2023-01-13 23:00:00,-0.0
2023-01-13 23:15:00,-0.0
2023-01-13 23:30:00,-0.0
2023-01-13 23:45:00,-0.0
2023-01-14 00:00:00,-0.0
2023-01-14 00:15:00,-0.0
2023-01-14 00:30:00,-0.0
2023-01-14 00:45:00,-0.0
2023-01-14 01:00:00,-0.0
2023-01-14 01:15:00,-0.0
2023-01-14 01:30:00,-0.0
2023-01-14 01:45:00,-0.0
2023-01-14 02:00:00,-0.0
2023-01-14 02:15:00,-0.0
2023-01-14 02:30:00,-0.0
2023-01-14 02:45:00,-0.0
2023-01-14 03:00:00,-0.0
2023-01-14 03:15:00,-0.0
2023-01-14 03:30:00,-0.0
2023-01-14 03:45:00,-0.0
2023-01-14 04:00:00,-0.0
2023-01-14 04:15:00,-0.0
2023-01-14 04:30:00,-0.0
2023-01-14 04:45:00,-0.0
2023-01-14 05:00:00,-0.0
2023-01-14 05:15:00,-0.0
2023-01-14 05:30:00,-0.0
2023-01-14 05:45:00,-0.0
2023-01-14 06:00:00,-0.0
2023-01-14 06:15:00,-0.0
2023-01-14 06:30:00,-0.0
2023-01-14 06:45:00,-0.0
2023-01-14 07:00:00,3.5
2023-01-14 07:15:00,11.86
2023-01-14 07:30:00,81.75
2023-01-14 07:45:00,158.87
2023-01-14 08:00:00,227.06
2023-01-14 08:15:00,291.91
2023-01-14 08:30:00,318.4
2023-01-14 08:45:00,339.88
2023-01-14 09:00:00,356.23
2023-01-14 09:15:00,367.31
2023-01-14 09:30:00,374.09
2023-01-14 09:45:00,376.76
2023-01-14 10:00:00,375.57
2023-01-14 10:15:00,372.64
2023-01-14 10:30:00,368.49
2023-01-14 10:45:00,364.9
2023-01-14 11:00:00,360.98
2023-01-14 11:15:00,356.31
2023-01-14 11:30:00,353.16
2023-01-14 11:45:00,349.99
2023-01-14 12:00:00,349.61
2023-01-14 12:15:00,352.34
2023-01-14 12:30:00,355.51
2023-01-14 12:45:00,359.51
2023-01-14 13:00:00,363.77
2023-01-14 13:15:00,367.2
2023-01-14 13:30:00,371.3
2023-01-14 13:45:00,374.28
2023-01-14 14:00:00,376.78
2023-01-14 14:15:00,374.88
2023-01-14 14:30:00,369.02
2023-01-14 14:45:00,358.82
2023-01-14 15:00:00,343.37
2023-01-14 15:15:00,321.99
2023-01-14 15:30:00,293.29
2023-01-14 15:45:00,231.95
2023-01-14 16:00:00,158.58
2023-01-14 16:15:00,88.24
2023-01-14 16:30:00,32.39
2023-01-14 16:45:00,2.37
2023-01-14 17:00:00,-0.0
2023-01-14 17:15:00,-0.0
2023-01-14 17:30:00,-0.0
2023-01-14 17:45:00,-0.0
2023-01-14 18:00:00,-0.0
2023-01-14 18:15:00,-0.0
2023-01-14 18:30:00,-0.0
2023-01-14 18:45:00,-0.0
2023-01-14 19:00:00,-0.0
2023-01-14 19:15:00,-0.0
2023-01-14 19:30:00,-0.0
2023-01-14 19:45:00,-0.0
2023-01-14 20:00:00,-0.0
2023-01-14 20:15:00,-0.0
2023-01-14 20:30:00,-0.0
2023-01-14 20:45:00,-0.0
2023-01-14 21:00:00,-0.0
2023-01-14 21:15:00,-0.0
2023-01-14 21:30:00,-0.0
2023-01-14 21:45:00,-0.0
2023-01-14 22:00:00,-0.0
2023-01-14 22:15:00,-0.0
2023-01-14 22:30:00,-0.0
2023-01-14 22:45:00,-0.0
2023-01-14 23:00:00,-0.0
2023-01-14 23:15:00,-0.0
2023-01-14 23:30:00,-0.0
2023-01-14 23:45:00,-0.0
2023-01-15 00:00:00,-0.0
2023-01-15 00:15:00,-0.0
2023-01-15 00:30:00,-0.0
2023-01-15 00:45:00,-0.0
2023-01-15 01:00:00,-0.0
2023-01-15 01:15:00,-0.0
2023-01-15 01:30:00,-0.0
2023-01-15 01:45:00,-0.0
2023-01-15 02:00:00,-0.0
2023-01-15 02:15:00,-0.0
2023-01-15 02:30:00,-0.0
2023-01-15 02:45:00,-0.0
2023-01-15 03:00:00,-0.0
2023-01-15 03:15:00,-0.0
2023-01-15 03:30:00,-0.0
2023-01-15 03:45:00,-0.0
2023-01-15 04:00:00,-0.0
2023-01-15 04:15:00,-0.0
2023-01-15 04:30:00,-0.0
2023-01-15 04:45:00,-0.0
2023-01-15 05:00:00,-0.0
2023-01-15 05:15:00,-0.0
2023-01-15 05:30:00,-0.0
2023-01-15 05:45:00,-0.0
2023-01-15 06:00:00,-0.0
2023-01-15 06:15:00,-0.0
2023-01-15 06:30:00,-0.0
2023-01-15 06:45:00,-0.0
2023-01-15 07:00:00,10.72
2023-01-15 07:15:00,46.8
2023-01-15 07:30:00,50.39
2023-01-15 07:45:00,54.57
2023-01-15 08:00:00,229.88
2023-01-15 08:15:00,343.25
2023-01-15 08:30:00,366.56
2023-01-15 08:45:00,383.22
2023-01-15 09:00:00,395.29
2023-01-15 09:15:00,402.21
2023-01-15 09:30:00,403.27
2023-01-15 09:45:00,402.97
2023-01-15 10:00:00,399.08
2023-01-15 10:15:00,393.81
2023-01-15 10:30:00,387.79
2023-01-15 10:45:00,382.76
2023-01-15 11:00:00,377.65
2023-01-15 11:15:00,372.19
2023-01-15 11:30:00,368.67
2023-01-15 11:45:00,365.25
2023-01-15 12:00:00,363.93
2023-01-15 12:15:00,366.83
2023-01-15 12:30:00,369.84
2023-01-15 12:45:00,373.93
2023-01-15 13:00:00,378.27
2023-01-15 13:15:00,382.12
2023-01-15 13:30:00,386.71
2023-01-15 13:45:00,390.36
2023-01-15 14:00:00,393.53
2023-01-15 14:15:00,394.27
2023-01-15 14:30:00,389.41
2023-01-15 14:45:00,380.01
2023-01-15 15:00:00,365.91
2023-01-15 15:15:00,346.67
2023-01-15 15:30:00,320.02
2023-01-15 15:45:00,259.66
2023-01-15 16:00:00,181.49
2023-01-15 16:15:00,105.16
2023-01-15 16:30:00,41.13
2023-01-15 16:45:00,3.41
2023-01-15 17:00:00,-0.0
2023-01-15 17:15:00,-0.0
2023-01-15 17:30:00,-0.0
2023-01-15 17:45:00,-0.0
2023-01-15 18:00:00,-0.0
2023-01-15 18:15:00,-0.0
2023-01-15 18:30:00,-0.0
2023-01-15 18:45:00,-0.0
2023-01-15 19:00:00,-0.0
2023-01-15 19:15:00,-0.0
2023-01-15 19:30:00,-0.0
2023-01-15 19:45:00,-0.0
2023-01-15 20:00:00,-0.0
2023-01-15 20:15:00,-0.0
2023-01-15 20:30:00,-0.0
2023-01-15 20:45:00,-0.0
2023-01-15 21:00:00,-0.0
2023-01-15 21:15:00,-0.0
2023-01-15 21:30:00,-0.0
2023-01-15 21:45:00,-0.0
2023-01-15 22:00:00,-0.0
2023-01-15 22:15:00,-0.0
2023-01-15 22:30:00,-0.0
2023-01-15 22:45:00,-0.0
2023-01-15 23:00:00,-0.0
2023-01-15 23:15:00,-0.0
2023-01-15 23:30:00,-0.0
2023-01-15 23:45:00,-0.0
2023-01-16 00:00:00,-0.0
2023-01-16 00:15:00,-0.0
2023-01-16 00:30:00,-0.0
2023-01-16 00:45:00,-0.0
2023-01-16 01:00:00,-0.0
2023-01-16 01:15:00,-0.0
2023-01-16 01:30:00,-0.0
2023-01-16 01:45:00,-0.0
2023-01-16 02:00:00,-0.0
2023-01-16 02:15:00,-0.0
2023-01-16 02:30:00,-0.0
2023-01-16 02:45:00,-0.0
2023-01-16 03:00:00,-0.0
2023-01-16 03:15:00,-0.0
2023-01-16 03:30:00,-0.0
2023-01-16 03:45:00,-0.0
2023-01-16 04:00:00,-0.0
2023-01-16 04:15:00,-0.0
2023-01-16 04:30:00,-0.0
2023-01-16 04:45:00,-0.0
2023-01-16 05:00:00,-0.0
2023-01-16 05:15:00,-0.0
2023-01-16 05:30:00,-0.0
2023-01-16 05:45:00,-0.0
2023-01-16 06:00:00,-0.0
2023-01-16 06:15:00,-0.0
2023-01-16 06:30:00,-0.0
2023-01-16 06:45:00,-0.0
2023-01-16 07:00:00,11.44
2023-01-16 07:15:00,52.9
2023-01-16 07:30:00,126.23
2023-01-16 07:45:00,206.99
2023-01-16 08:00:00,287.26
2023-01-16 08:15:00,359.33
2023-01-16 08:30:00,378.39
2023-01-16 08:45:00,394.64
2023-01-16 09:00:00,405.35
2023-01-16 09:15:00,410.69
2023-01-16 09:30:00,412.31
2023-01-16 09:45:00,410.46
2023-01-16 10:00:00,405.12
2023-01-16 10:15:00,398.84
2023-01-16 10:30:00,391.94
2023-01-16 10:45:00,386.3
2023-01-16 11:00:00,380.49
2023-01-16 11:15:00,374.5
2023-01-16 11:30:00,370.54
2023-01-16 11:45:00,366.83
2023-01-16 12:00:00,365.61
2023-01-16 12:15:00,367.12
2023-01-16 12:30:00,370.47
2023-01-16 12:45:00,374.24
2023-01-16 13:00:00,378.38
2023-01-16 13:15:00,381.61
2023-01-16 13:30:00,385.52
2023-01-16 13:45:00,389.67
2023-01-16 14:00:00,392.41
2023-01-16 14:15:00,390.35
2023-01-16 14:30:00,384.06
2023-01-16 14:45:00,373.02
2023-01-16 15:00:00,356.05
2023-01-16 15:15:00,332.54
2023-01-16 15:30:00,300.91
2023-01-16 15:45:00,240.1
2023-01-16 16:00:00,162.59
2023-01-16 16:15:00,91.33
2023-01-16 16:30:00,35.06
2023-01-16 16:45:00,3.35
2023-01-16 17:00:00,-0.0
2023-01-16 17:15:00,-0.0
2023-01-16 17:30:00,-0.0
2023-01-16 17:45:00,-0.0
2023-01-16 18:00:00,-0.0
2023-01-16 18:15:00,-0.0
2023-01-16 18:30:00,-0.0
2023-01-16 18:45:00,-0.0
2023-01-16 19:00:00,-0.0
2023-01-16 19:15:00,-0.0
2023-01-16 19:30:00,-0.0
2023-01-16 19:45:00,-0.0
2023-01-16 20:00:00,-0.0
2023-01-16 20:15:00,-0.0
2023-01-16 20:30:00,-0.0
2023-01-16 20:45:00,-0.0
2023-01-16 21:00:00,-0.0
2023-01-16 21:15:00,-0.0
2023-01-16 21:30:00,-0.0
2023-01-16 21:45:00,-0.0
2023-01-16 22:00:00,-0.0
2023-01-16 22:15:00,-0.0
2023-01-16 22:30:00,-0.0
2023-01-16 22:45:00,-0.0
2023-01-16 23:00:00,-0.0
2023-01-16 23:15:00,-0.0
2023-01-16 23:30:00,-0.0
2023-01-16 23:45:00,-0.0
2023-01-17 00:00:00,-0.0
2023-01-17 00:15:00,-0.0
2023-01-17 00:30:00,-0.0
2023-01-17 00:45:00,-0.0
2023-01-17 01:00:00,-0.0
2023-01-17 01:15:00,-0.0
2023-01-17 01:30:00,-0.0
2023-01-17 01:45:00,-0.0
2023-01-17 02:00:00,-0.0
2023-01-17 02:15:00,-0.0
2023-01-17 02:30:00,-0.0
2023-01-17 02:45:00,-0.0
2023-01-17 03:00:00,-0.0
2023-01-17 03:15:00,-0.0
2023-01-17 03:30:00,-0.0
2023-01-17 03:45:00,-0.0
2023-01-17 04:00:00,-0.0
2023-01-17 04:15:00,-0.0
2023-01-17 04:30:00,-0.0
2023-01-17 04:45:00,-0.0
2023-01-17 05:00:00,-0.0
2023-01-17 05:15:00,-0.0
2023-01-17 05:30:00,-0.0
2023-01-17 05:45:00,-0.0
2023-01-17 06:00:00,-0.0
2023-01-17 06:15:00,-0.0
2023-01-17 06:30:00,-0.0
2023-01-17 06:45:00,-0.0
2023-01-17 07:00:00,10.24
2023-01-17 07:15:00,43.98
2023-01-17 07:30:00,101.81
2023-01-17 07:45:00,168.48
2023-01-17 08:00:00,237.82
2023-01-17 08:15:00,301.94
2023-01-17 08:30:00,327.54
2023-01-17 08:45:00,347.99
2023-01-17 09:00:00,363.58
2023-01-17 09:15:00,374.6
2023-01-17 09:30:00,381.2
2023-01-17 09:45:00,383.74
2023-01-17 10:00:00,382.17
2023-01-17 10:15:00,379.05
2023-01-17 10:30:00,374.96
2023-01-17 10:45:00,371.37
2023-01-17 11:00:00,367.19
2023-01-17 11:15:00,362.39
2023-01-17 11:30:00,359.04
2023-01-17 11:45:00,355.65
2023-01-17 12:00:00,354.19
2023-01-17 12:15:00,355.15
2023-01-17 12:30:00,357.46
2023-01-17 12:45:00,359.83
2023-01-17 13:00:00,361.89
2023-01-17 13:15:00,362.54
2023-01-17 13:30:00,363.13
2023-01-17 13:45:00,362.0
2023-01-17 14:00:00,359.46
2023-01-17 14:15:00,350.28
2023-01-17 14:30:00,338.81
2023-01-17 14:45:00,322.25
2023-01-17 15:00:00,301.44
2023-01-17 15:15:00,276.55
2023-01-17 15:30:00,244.76
2023-01-17 15:45:00,193.12
2023-01-17 16:00:00,124.28
2023-01-17 16:15:00,68.67
2023-01-17 16:30:00,25.15
2023-01-17 16:45:00,3.53
2023-01-17 17:00:00,-0.0
2023-01-17 17:15:00,-0.0
2023-01-17 17:30:00,-0.0
2023-01-17 17:45:00,-0.0
2023-01-17 18:00:00,-0.0
2023-01-17 18:15:00,-0.0
2023-01-17 18:30:00,-0.0
2023-01-17 18:45:00,-0.0
2023-01-17 19:00:00,-0.0
2023-01-17 19:15:00,-0.0
2023-01-17 19:30:00,-0.0
2023-01-17 19:45:00,-0.0
2023-01-17 20:00:00,-0.0
2023-01-17 20:15:00,-0.0
2023-01-17 20:30:00,-0.0
2023-01-17 20:45:00,-0.0
2023-01-17 21:00:00,-0.0
2023-01-17 21:15:00,-0.0
2023-01-17 21:30:00,-0.0
2023-01-17 21:45:00,-0.0
2023-01-17 22:00:00,-0.0
2023-01-17 22:15:00,-0.0
2023-01-17 22:30:00,-0.0
2023-01-17 22:45:00,-0.0
2023-01-17 23:00:00,-0.0
2023-01-17 23:15:00,-0.0
2023-01-17 23:30:00,-0.0
2023-01-17 23:45:00,-0.0
2023-01-18 00:00:00,-0.0
2023-01-18 00:15:00,-0.0
2023-01-18 00:30:00,-0.0
2023-01-18 00:45:00,-0.0
2023-01-18 01:00:00,-0.0
2023-01-18 01:15:00,-0.0
2023-01-18 01:30:00,-0.0
2023-01-18 01:45:00,-0.0
2023-01-18 02:00:00,-0.0
2023-01-18 02:15:00,-0.0
2023-01-18 02:30:00,-0.0
2023-01-18 02:45:00,-0.0
2023-01-18 03:00:00,-0.0
2023-01-18 03:15:00,-0.0
2023-01-18 03:30:00,-0.0
2023-01-18 03:45:00,-0.0
2023-01-18 04:00:00,-0.0
2023-01-18 04:15:00,-0.0
2023-01-18 04:30:00,-0.0
2023-01-18 04:45:00,-0.0
2023-01-18 05:00:00,-0.0
2023-01-18 05:15:00,-0.0
2023-01-18 05:30:00,-0.0
2023-01-18 05:45:00,-0.0
2023-01-18 06:00:00,-0.0
2023-01-18 06:15:00,-0.0
2023-01-18 06:30:00,-0.0
2023-01-18 06:45:00,-0.0
2023-01-18 07:00:00,7.22
2023-01-18 07:15:00,21.37
2023-01-18 07:30:00,16.91
2023-01-18 07:45:00,83.84
2023-01-18 08:00:00,134.6
2023-01-18 08:15:00,261.93
2023-01-18 08:30:00,319.82
2023-01-18 08:45:00,334.57
2023-01-18 09:00:00,221.18
2023-01-18 09:15:00,329.56
2023-01-18 09:30:00,374.17
2023-01-18 09:45:00,374.99
2023-01-18 10:00:00,372.44
2023-01-18 10:15:00,368.68
2023-01-18 10:30:00,364.32
2023-01-18 10:45:00,360.68
2023-01-18 11:00:00,356.28
2023-01-18 11:15:00,351.39
2023-01-18 11:30:00,347.66
2023-01-18 11:45:00,343.64
2023-01-18 12:00:00,339.84
2023-01-18 12:15:00,336.85
2023-01-18 12:30:00,334.35
2023-01-18 12:45:00,331.16
2023-01-18 13:00:00,326.7
2023-01-18 13:15:00,319.93
2023-01-18 13:30:00,308.09
2023-01-18 13:45:00,289.24
2023-01-18 14:00:00,160.56
2023-01-18 14:15:00,124.48
2023-01-18 14:30:00,205.2
2023-01-18 14:45:00,127.39
2023-01-18 15:00:00,170.18
2023-01-18 15:15:00,170.07
2023-01-18 15:30:00,138.71
2023-01-18 15:45:00,61.41
2023-01-18 16:00:00,29.19
2023-01-18 16:15:00,18.87
2023-01-18 16:30:00,9.72
2023-01-18 16:45:00,2.14
2023-01-18 17:00:00,-0.0
2023-01-18 17:15:00,-0.0
2023-01-18 17:30:00,-0.0
2023-01-18 17:45:00,-0.0
2023-01-18 18:00:00,-0.0
2023-01-18 18:15:00,-0.0
2023-01-18 18:30:00,-0.0
2023-01-18 18:45:00,-0.0
2023-01-18 19:00:00,-0.0
2023-01-18 19:15:00,-0.0
2023-01-18 19:30:00,-0.0
2023-01-18 19:45:00,-0.0
2023-01-18 20:00:00,-0.0
2023-01-18 20:15:00,-0.0
2023-01-18 20:30:00,-0.0
2023-01-18 20:45:00,-0.0
2023-01-18 21:00:00,-0.0
2023-01-18 21:15:00,-0.0
2023-01-18 21:30:00,-0.0
2023-01-18 21:45:00,-0.0
2023-01-18 22:00:00,-0.0
2023-01-18 22:15:00,-0.0
2023-01-18 22:30:00,-0.0
2023-01-18 22:45:00,-0.0
2023-01-18 23:00:00,-0.0
2023-01-18 23:15:00,-0.0
2023-01-18 23:30:00,-0.0
2023-01-18 23:45:00,-0.0
2023-01-19 00:00:00,-0.0
2023-01-19 00:15:00,-0.0
2023-01-19 00:30:00,-0.0
2023-01-19 00:45:00,-0.0
2023-01-19 01:00:00,-0.0
2023-01-19 01:15:00,-0.0
2023-01-19 01:30:00,-0.0
2023-01-19 01:45:00,-0.0
2023-01-19 02:00:00,-0.0
2023-01-19 02:15:00,-0.0
2023-01-19 02:30:00,-0.0
2023-01-19 02:45:00,-0.0
2023-01-19 03:00:00,-0.0
2023-01-19 03:15:00,-0.0
2023-01-19 03:30:00,-0.0
2023-01-19 03:45:00,-0.0
2023-01-19 04:00:00,-0.0
2023-01-19 04:15:00,-0.0
2023-01-19 04:30:00,-0.0
2023-01-19 04:45:00,-0.0
2023-01-19 05:00:00,-0.0
2023-01-19 05:15:00,-0.0
2023-01-19 05:30:00,-0.0
2023-01-19 05:45:00,-0.0
2023-01-19 06:00:00,-0.0
2023-01-19 06:15:00,-0.0
2023-01-19 06:30:00,-0.0
2023-01-19 06:45:00,-0.0
2023-01-19 07:00:00,12.23
2023-01-19 07:15:00,53.84
2023-01-19 07:30:00,125.29
2023-01-19 07:45:00,206.51
2023-01-19 08:00:00,287.76
2023-01-19 08:15:00,359.39
2023-01-19 08:30:00,384.03
2023-01-19 08:45:00,401.52
2023-01-19 09:00:00,412.22
2023-01-19 09:15:00,416.99
2023-01-19 09:30:00,418.32
2023-01-19 09:45:00,416.28
2023-01-19 10:00:00,410.69
2023-01-19 10:15:00,404.24
2023-01-19 10:30:00,397.52
2023-01-19 10:45:00,391.85
2023-01-19 11:00:00,385.88
2023-01-19 11:15:00,379.64
2023-01-19 11:30:00,375.24
2023-01-19 11:45:00,370.85
2023-01-19 12:00:00,368.79
2023-01-19 12:15:00,369.88
2023-01-19 12:30:00,372.56
2023-01-19 12:45:00,375.47
2023-01-19 13:00:00,378.34
2023-01-19 13:15:00,380.87
2023-01-19 13:30:00,382.31
2023-01-19 13:45:00,383.63
2023-01-19 14:00:00,382.64
2023-01-19 14:15:00,377.94
2023-01-19 14:30:00,368.35
2023-01-19 14:45:00,353.54
2023-01-19 15:00:00,333.99
2023-01-19 15:15:00,312.91
2023-01-19 15:30:00,285.09
2023-01-19 15:45:00,237.35
2023-01-19 16:00:00,166.24
2023-01-19 16:15:00,99.1
2023-01-19 16:30:00,40.28
2023-01-19 16:45:00,5.62
2023-01-19 17:00:00,-0.0
2023-01-19 17:15:00,-0.0
2023-01-19 17:30:00,-0.0
2023-01-19 17:45:00,-0.0
2023-01-19 18:00:00,-0.0
2023-01-19 18:15:00,-0.0
2023-01-19 18:30:00,-0.0
2023-01-19 18:45:00,-0.0
2023-01-19 19:00:00,-0.0
2023-01-19 19:15:00,-0.0
2023-01-19 19:30:00,-0.0
2023-01-19 19:45:00,-0.0
2023-01-19 20:00:00,-0.0
2023-01-19 20:15:00,-0.0
2023-01-19 20:30:00,-0.0
2023-01-19 20:45:00,-0.0
2023-01-19 21:00:00,-0.0
2023-01-19 21:15:00,-0.0
2023-01-19 21:30:00,-0.0
2023-01-19 21:45:00,-0.0
2023-01-19 22:00:00,-0.0
2023-01-19 22:15:00,-0.0
2023-01-19 22:30:00,-0.0
2023-01-19 22:45:00,-0.0
2023-01-19 23:00:00,-0.0
2023-01-19 23:15:00,-0.0
2023-01-19 23:30:00,-0.0
2023-01-19 23:45:00,-0.0
2023-01-20 00:00:00,-0.0
2023-01-20 00:15:00,-0.0
2023-01-20 00:30:00,-0.0
2023-01-20 00:45:00,-0.0
2023-01-20 01:00:00,-0.0
2023-01-20 01:15:00,-0.0
2023-01-20 01:30:00,-0.0
2023-01-20 01:45:00,-0.0
2023-01-20 02:00:00,-0.0
2023-01-20 02:15:00,-0.0
2023-01-20 02:30:00,-0.0
2023-01-20 02:45:00,-0.0
2023-01-20 03:00:00,-0.0
2023-01-20 03:15:00,-0.0
2023-01-20 03:30:00,-0.0
2023-01-20 03:45:00,-0.0
2023-01-20 04:00:00,-0.0
2023-01-20 04:15:00,-0.0
2023-01-20 04:30:00,-0.0
2023-01-20 04:45:00,-0.0
2023-01-20 05:00:00,-0.0
2023-01-20 05:15:00,-0.0
2023-01-20 05:30:00,-0.0
2023-01-20 05:45:00,-0.0
2023-01-20 06:00:00,-0.0
2023-01-20 06:15:00,-0.0
2023-01-20 06:30:00,-0.0
2023-01-20 06:45:00,-0.0
2023-01-20 07:00:00,12.08
2023-01-20 07:15:00,53.31
2023-01-20 07:30:00,121.0
2023-01-20 07:45:00,197.85
2023-01-20 08:00:00,274.5
2023-01-20 08:15:00,341.33
2023-01-20 08:30:00,354.23
2023-01-20 08:45:00,231.5
2023-01-20 09:00:00,179.74
2023-01-20 09:15:00,181.8
2023-01-20 09:30:00,186.0
2023-01-20 09:45:00,230.54
2023-01-20 10:00:00,249.91
2023-01-20 10:15:00,362.63
2023-01-20 10:30:00,385.13
2023-01-20 10:45:00,380.22
2023-01-20 11:00:00,375.15
2023-01-20 11:15:00,369.62
2023-01-20 11:30:00,365.86
2023-01-20 11:45:00,362.07
2023-01-20 12:00:00,360.03
2023-01-20 12:15:00,360.55
2023-01-20 12:30:00,362.8
2023-01-20 12:45:00,365.54
2023-01-20 13:00:00,367.48
2023-01-20 13:15:00,369.36
2023-01-20 13:30:00,369.83
2023-01-20 13:45:00,370.03
2023-01-20 14:00:00,367.56
2023-01-20 14:15:00,361.19
2023-01-20 14:30:00,347.28
2023-01-20 14:45:00,331.61
2023-01-20 15:00:00,311.99
2023-01-20 15:15:00,288.34
2023-01-20 15:30:00,251.17
2023-01-20 15:45:00,120.1
2023-01-20 16:00:00,55.02
2023-01-20 16:15:00,31.21
2023-01-20 16:30:00,14.84
2023-01-20 16:45:00,3.4
2023-01-20 17:00:00,-0.0
2023-01-20 17:15:00,-0.0
2023-01-20 17:30:00,-0.0
2023-01-20 17:45:00,-0.0
2023-01-20 18:00:00,-0.0
2023-01-20 18:15:00,-0.0
2023-01-20 18:30:00,-0.0
2023-01-20 18:45:00,-0.0
2023-01-20 19:00:00,-0.0
2023-01-20 19:15:00,-0.0
2023-01-20 19:30:00,-0.0
2023-01-20 19:45:00,-0.0
2023-01-20 20:00:00,-0.0
2023-01-20 20:15:00,-0.0
2023-01-20 20:30:00,-0.0
2023-01-20 20:45:00,-0.0
2023-01-20 21:00:00,-0.0
2023-01-20 21:15:00,-0.0
2023-01-20 21:30:00,-0.0
2023-01-20 21:45:00,-0.0
2023-01-20 22:00:00,-0.0
2023-01-20 22:15:00,-0.0
2023-01-20 22:30:00,-0.0
2023-01-20 22:45:00,-0.0
2023-01-20 23:00:00,-0.0
2023-01-20 23:15:00,-0.0
2023-01-20 23:30:00,-0.0
2023-01-20 23:45:00,-0.0
2023-01-21 00:00:00,-0.0
2023-01-21 00:15:00,-0.0
2023-01-21 00:30:00,-0.0
2023-01-21 00:45:00,-0.0
2023-01-21 01:00:00,-0.0
2023-01-21 01:15:00,-0.0
2023-01-21 01:30:00,-0.0
2023-01-21 01:45:00,-0.0
2023-01-21 02:00:00,-0.0
2023-01-21 02:15:00,-0.0
2023-01-21 02:30:00,-0.0
2023-01-21 02:45:00,-0.0
2023-01-21 03:00:00,-0.0
2023-01-21 03:15:00,-0.0
2023-01-21 03:30:00,-0.0
2023-01-21 03:45:00,-0.0
2023-01-21 04:00:00,-0.0
2023-01-21 04:15:00,-0.0
2023-01-21 04:30:00,-0.0
2023-01-21 04:45:00,-0.0
2023-01-21 05:00:00,-0.0
2023-01-21 05:15:00,-0.0
2023-01-21 05:30:00,-0.0
2023-01-21 05:45:00,-0.0
2023-01-21 06:00:00,-0.0
2023-01-21 06:15:00,-0.0
2023-01-21 06:30:00,-0.0
2023-01-21 06:45:00,-0.0
2023-01-21 07:00:00,14.3
2023-01-21 07:15:00,63.28
2023-01-21 07:30:00,51.25
2023-01-21 07:45:00,112.11
2023-01-21 08:00:00,157.33
2023-01-21 08:15:00,174.72
2023-01-21 08:30:00,196.2
2023-01-21 08:45:00,202.62
2023-01-21 09:00:00,191.08
2023-01-21 09:15:00,208.17
2023-01-21 09:30:00,375.31
2023-01-21 09:45:00,415.37
2023-01-21 10:00:00,409.68
2023-01-21 10:15:00,403.3
2023-01-21 10:30:00,394.53
2023-01-21 10:45:00,389.18
2023-01-21 11:00:00,383.92
2023-01-21 11:15:00,378.33
2023-01-21 11:30:00,374.71
2023-01-21 11:45:00,371.21
2023-01-21 12:00:00,369.38
2023-01-21 12:15:00,369.9
2023-01-21 12:30:00,372.28
2023-01-21 12:45:00,375.57
2023-01-21 13:00:00,378.16
2023-01-21 13:15:00,381.16
2023-01-21 13:30:00,383.2
2023-01-21 13:45:00,376.78
2023-01-21 14:00:00,230.11
2023-01-21 14:15:00,204.13
2023-01-21 14:30:00,338.73
2023-01-21 14:45:00,357.69
2023-01-21 15:00:00,242.81
2023-01-21 15:15:00,293.29
2023-01-21 15:30:00,292.97
2023-01-21 15:45:00,243.83
2023-01-21 16:00:00,163.97
2023-01-21 16:15:00,52.95
2023-01-21 16:30:00,16.46
2023-01-21 16:45:00,3.84
2023-01-21 17:00:00,-0.0
2023-01-21 17:15:00,-0.0
2023-01-21 17:30:00,-0.0
2023-01-21 17:45:00,-0.0
2023-01-21 18:00:00,-0.0
2023-01-21 18:15:00,-0.0
2023-01-21 18:30:00,-0.0
2023-01-21 18:45:00,-0.0
2023-01-21 19:00:00,-0.0
2023-01-21 19:15:00,-0.0
2023-01-21 19:30:00,-0.0
2023-01-21 19:45:00,-0.0
2023-01-21 20:00:00,-0.0
2023-01-21 20:15:00,-0.0
2023-01-21 20:30:00,-0.0
2023-01-21 20:45:00,-0.0
2023-01-21 21:00:00,-0.0
2023-01-21 21:15:00,-0.0
2023-01-21 21:30:00,-0.0
2023-01-21 21:45:00,-0.0
2023-01-21 22:00:00,-0.0
2023-01-21 22:15:00,-0.0
2023-01-21 22:30:00,-0.0
2023-01-21 22:45:00,-0.0
2023-01-21 23:00:00,-0.0
2023-01-21 23:15:00,-0.0
2023-01-21 23:30:00,-0.0
2023-01-21 23:45:00,-0.0
2023-01-22 00:00:00,-0.0
2023-01-22 00:15:00,-0.0
2023-01-22 00:30:00,-0.0
2023-01-22 00:45:00,-0.0
2023-01-22 01:00:00,-0.0
2023-01-22 01:15:00,-0.0
2023-01-22 01:30:00,-0.0
2023-01-22 01:45:00,-0.0
2023-01-22 02:00:00,-0.0
2023-01-22 02:15:00,-0.0
2023-01-22 02:30:00,-0.0
2023-01-22 02:45:00,-0.0
2023-01-22 03:00:00,-0.0
2023-01-22 03:15:00,-0.0
2023-01-22 03:30:00,-0.0
2023-01-22 03:45:00,-0.0
2023-01-22 04:00:00,-0.0
2023-01-22 04:15:00,-0.0
2023-01-22 04:30:00,-0.0
2023-01-22 04:45:00,-0.0
2023-01-22 05:00:00,-0.0
2023-01-22 05:15:00,-0.0
2023-01-22 05:30:00,-0.0
2023-01-22 05:45:00,-0.0
2023-01-22 06:00:00,-0.0
2023-01-22 06:15:00,-0.0
2023-01-22 06:30:00,-0.0
2023-01-22 06:45:00,-0.0
2023-01-22 07:00:00,13.26
2023-01-22 07:15:00,56.34
2023-01-22 07:30:00,40.08
2023-01-22 07:45:00,35.23
2023-01-22 08:00:00,52.34
2023-01-22 08:15:00,57.91
2023-01-22 08:30:00,50.35
2023-01-22 08:45:00,65.71
2023-01-22 09:00:00,70.7
2023-01-22 09:15:00,50.38
2023-01-22 09:30:00,32.49
2023-01-22 09:45:00,73.75
2023-01-22 10:00:00,94.47
2023-01-22 10:15:00,69.69
2023-01-22 10:30:00,45.84
2023-01-22 10:45:00,116.45
2023-01-22 11:00:00,154.8
2023-01-22 11:15:00,178.84
2023-01-22 11:30:00,214.29
2023-01-22 11:45:00,214.73
2023-01-22 12:00:00,214.4
2023-01-22 12:15:00,224.67
2023-01-22 12:30:00,138.53
2023-01-22 12:45:00,167.17
2023-01-22 13:00:00,208.54
2023-01-22 13:15:00,225.71
2023-01-22 13:30:00,347.49
2023-01-22 13:45:00,378.48
2023-01-22 14:00:00,270.38
2023-01-22 14:15:00,345.32
2023-01-22 14:30:00,361.86
2023-01-22 14:45:00,229.69
2023-01-22 15:00:00,300.47
2023-01-22 15:15:00,312.25
2023-01-22 15:30:00,282.15
2023-01-22 15:45:00,238.3
2023-01-22 16:00:00,165.91
2023-01-22 16:15:00,95.65
2023-01-22 16:30:00,42.87
2023-01-22 16:45:00,7.73
2023-01-22 17:00:00,-0.0
2023-01-22 17:15:00,-0.0
2023-01-22 17:30:00,-0.0
2023-01-22 17:45:00,-0.0
2023-01-22 18:00:00,-0.0
2023-01-22 18:15:00,-0.0
2023-01-22 18:30:00,-0.0
2023-01-22 18:45:00,-0.0
2023-01-22 19:00:00,-0.0
2023-01-22 19:15:00,-0.0
2023-01-22 19:30:00,-0.0
2023-01-22 19:45:00,-0.0
2023-01-22 20:00:00,-0.0
2023-01-22 20:15:00,-0.0
2023-01-22 20:30:00,-0.0
2023-01-22 20:45:00,-0.0
2023-01-22 21:00:00,-0.0
2023-01-22 21:15:00,-0.0
2023-01-22 21:30:00,-0.0
2023-01-22 21:45:00,-0.0
2023-01-22 22:00:00,-0.0
2023-01-22 22:15:00,-0.0
2023-01-22 22:30:00,-0.0
2023-01-22 22:45:00,-0.0
2023-01-22 23:00:00,-0.0
2023-01-22 23:15:00,-0.0
2023-01-22 23:30:00,-0.0
2023-01-22 23:45:00,-0.0
2023-01-23 00:00:00,-0.0
2023-01-23 00:15:00,-0.0
2023-01-23 00:30:00,-0.0
2023-01-23 00:45:00,-0.0
2023-01-23 01:00:00,-0.0
2023-01-23 01:15:00,-0.0
2023-01-23 01:30:00,-0.0
2023-01-23 01:45:00,-0.0
2023-01-23 02:00:00,-0.0
2023-01-23 02:15:00,-0.0
2023-01-23 02:30:00,-0.0
2023-01-23 02:45:00,-0.0
2023-01-23 03:00:00,-0.0
2023-01-23 03:15:00,-0.0
2023-01-23 03:30:00,-0.0
2023-01-23 03:45:00,-0.0
2023-01-23 04:00:00,-0.0
2023-01-23 04:15:00,-0.0
2023-01-23 04:30:00,-0.0
2023-01-23 04:45:00,-0.0
2023-01-23 05:00:00,-0.0
2023-01-23 05:15:00,-0.0
2023-01-23 05:30:00,-0.0
2023-01-23 05:45:00,-0.0
2023-01-23 06:00:00,-0.0
2023-01-23 06:15:00,-0.0
2023-01-23 06:30:00,-0.0
2023-01-23 06:45:00,1.73
2023-01-23 07:00:00,16.76
2023-01-23 07:15:00,74.56
2023-01-23 07:30:00,157.33
2023-01-23 07:45:00,245.35
2023-01-23 08:00:00,329.34
2023-01-23 08:15:00,395.99
2023-01-23 08:30:00,415.2
2023-01-23 08:45:00,428.22
2023-01-23 09:00:00,433.65
2023-01-23 09:15:00,438.05
2023-01-23 09:30:00,438.8
2023-01-23 09:45:00,436.33
2023-01-23 10:00:00,430.08
2023-01-23 10:15:00,423.37
2023-01-23 10:30:00,416.27
2023-01-23 10:45:00,410.56
2023-01-23 11:00:00,405.05
2023-01-23 11:15:00,399.27
2023-01-23 11:30:00,395.77
2023-01-23 11:45:00,392.47
2023-01-23 12:00:00,391.13
2023-01-23 12:15:00,391.9
2023-01-23 12:30:00,394.72
2023-01-23 12:45:00,397.92
2023-01-23 13:00:00,402.37
2023-01-23 13:15:00,406.73
2023-01-23 13:30:00,411.05
2023-01-23 13:45:00,415.72
2023-01-23 14:00:00,422.05
2023-01-23 14:15:00,423.49
2023-01-23 14:30:00,420.5
2023-01-23 14:45:00,413.21
2023-01-23 15:00:00,401.61
2023-01-23 15:15:00,384.87
2023-01-23 15:30:00,365.02
2023-01-23 15:45:00,328.7
2023-01-23 16:00:00,243.9
2023-01-23 16:15:00,160.22
2023-01-23 16:30:00,81.44
2023-01-23 16:45:00,17.45
2023-01-23 17:00:00,-0.0
2023-01-23 17:15:00,-0.0
2023-01-23 17:30:00,-0.0
2023-01-23 17:45:00,-0.0
2023-01-23 18:00:00,-0.0
2023-01-23 18:15:00,-0.0
2023-01-23 18:30:00,-0.0
2023-01-23 18:45:00,-0.0
2023-01-23 19:00:00,-0.0
2023-01-23 19:15:00,-0.0
2023-01-23 19:30:00,-0.0
2023-01-23 19:45:00,-0.0
2023-01-23 20:00:00,-0.0
2023-01-23 20:15:00,-0.0
2023-01-23 20:30:00,-0.0
2023-01-23 20:45:00,-0.0
2023-01-23 21:00:00,-0.0
2023-01-23 21:15:00,-0.0
2023-01-23 21:30:00,-0.0
2023-01-23 21:45:00,-0.0
2023-01-23 22:00:00,-0.0
2023-01-23 22:15:00,-0.0
2023-01-23 22:30:00,-0.0
2023-01-23 22:45:00,-0.0
2023-01-23 23:00:00,-0.0
2023-01-23 23:15:00,-0.0
2023-01-23 23:30:00,-0.0
2023-01-23 23:45:00,-0.0
2023-01-24 00:00:00,-0.0
2023-01-24 00:15:00,-0.0
2023-01-24 00:30:00,-0.0
2023-01-24 00:45:00,-0.0
2023-01-24 01:00:00,-0.0
2023-01-24 01:15:00,-0.0
2023-01-24 01:30:00,-0.0
2023-01-24 01:45:00,-0.0
2023-01-24 02:00:00,-0.0
2023-01-24 02:15:00,-0.0
2023-01-24 02:30:00,-0.0
2023-01-24 02:45:00,-0.0
2023-01-24 03:00:00,-0.0
2023-01-24 03:15:00,-0.0
2023-01-24 03:30:00,-0.0
2023-01-24 03:45:00,-0.0
2023-01-24 04:00:00,-0.0
2023-01-24 04:15:00,-0.0
2023-01-24 04:30:00,-0.0
2023-01-24 04:45:00,-0.0
2023-01-24 05:00:00,-0.0
2023-01-24 05:15:00,-0.0
2023-01-24 05:30:00,-0.0
2023-01-24 05:45:00,-0.0
2023-01-24 06:00:00,-0.0
2023-01-24 06:15:00,-0.0
2023-01-24 06:30:00,-0.0
2023-01-24 06:45:00,2.07
2023-01-24 07:00:00,15.4
2023-01-24 07:15:00,67.22
2023-01-24 07:30:00,141.18
2023-01-24 07:45:00,222.68
2023-01-24 08:00:00,303.04
2023-01-24 08:15:00,367.15
2023-01-24 08:30:00,389.48
2023-01-24 08:45:00,393.21
2023-01-24 09:00:00,236.15
2023-01-24 09:15:00,192.34
2023-01-24 09:30:00,180.77
2023-01-24 09:45:00,232.19
2023-01-24 10:00:00,256.2
2023-01-24 10:15:00,251.59
2023-01-24 10:30:00,215.44
2023-01-24 10:45:00,255.28
2023-01-24 11:00:00,256.43
2023-01-24 11:15:00,238.38
2023-01-24 11:30:00,239.35
2023-01-24 11:45:00,240.95
2023-01-24 12:00:00,236.43
2023-01-24 12:15:00,245.03
2023-01-24 12:30:00,234.02
2023-01-24 12:45:00,170.18
2023-01-24 13:00:00,175.16
2023-01-24 13:15:00,159.07
2023-01-24 13:30:00,148.24
2023-01-24 13:45:00,153.37
2023-01-24 14:00:00,130.35
2023-01-24 14:15:00,94.49
2023-01-24 14:30:00,62.52
2023-01-24 14:45:00,41.4
2023-01-24 15:00:00,27.48
2023-01-24 15:15:00,84.18
2023-01-24 15:30:00,52.49
2023-01-24 15:45:00,16.15
2023-01-24 16:00:00,9.83
2023-01-24 16:15:00,13.27
2023-01-24 16:30:00,8.64
2023-01-24 16:45:00,2.51
2023-01-24 17:00:00,-0.0
2023-01-24 17:15:00,-0.0
2023-01-24 17:30:00,-0.0
2023-01-24 17:45:00,-0.0
2023-01-24 18:00:00,-0.0
2023-01-24 18:15:00,-0.0
2023-01-24 18:30:00,-0.0
2023-01-24 18:45:00,-0.0
2023-01-24 19:00:00,-0.0
2023-01-24 19:15:00,-0.0
2023-01-24 19:30:00,-0.0
2023-01-24 19:45:00,-0.0
2023-01-24 20:00:00,-0.0
2023-01-24 20:15:00,-0.0
2023-01-24 20:30:00,-0.0
2023-01-24 20:45:00,-0.0
2023-01-24 21:00:00,-0.0
2023-01-24 21:15:00,-0.0
2023-01-24 21:30:00,-0.0
2023-01-24 21:45:00,-0.0
2023-01-24 22:00:00,-0.0
2023-01-24 22:15:00,-0.0
2023-01-24 22:30:00,-0.0
2023-01-24 22:45:00,-0.0
2023-01-24 23:00:00,-0.0
2023-01-24 23:15:00,-0.0
2023-01-24 23:30:00,-0.0
2023-01-24 23:45:00,-0.0
2023-01-25 00:00:00,-0.0
2023-01-25 00:15:00,-0.0
2023-01-25 00:30:00,-0.0
2023-01-25 00:45:00,-0.0
2023-01-25 01:00:00,-0.0
2023-01-25 01:15:00,-0.0
2023-01-25 01:30:00,-0.0
2023-01-25 01:45:00,-0.0
2023-01-25 02:00:00,-0.0
2023-01-25 02:15:00,-0.0
2023-01-25 02:30:00,-0.0
2023-01-25 02:45:00,-0.0
2023-01-25 03:00:00,-0.0
2023-01-25 03:15:00,-0.0
2023-01-25 03:30:00,-0.0
2023-01-25 03:45:00,-0.0
2023-01-25 04:00:00,-0.0
2023-01-25 04:15:00,-0.0
2023-01-25 04:30:00,-0.0
2023-01-25 04:45:00,-0.0
2023-01-25 05:00:00,-0.0
2023-01-25 05:15:00,-0.0
2023-01-25 05:30:00,-0.0
2023-01-25 05:45:00,-0.0
2023-01-25 06:00:00,-0.0
2023-01-25 06:15:00,-0.0
2023-01-25 06:30:00,-0.0
2023-01-25 06:45:00,2.27
2023-01-25 07:00:00,16.25
2023-01-25 07:15:00,66.96
2023-01-25 07:30:00,139.76
2023-01-25 07:45:00,220.61
2023-01-25 08:00:00,301.16
2023-01-25 08:15:00,364.34
2023-01-25 08:30:00,387.4
2023-01-25 08:45:00,403.92
2023-01-25 09:00:00,404.75
2023-01-25 09:15:00,267.84
2023-01-25 09:30:00,374.37
2023-01-25 09:45:00,308.42
2023-01-25 10:00:00,391.44
2023-01-25 10:15:00,415.85
2023-01-25 10:30:00,410.05
2023-01-25 10:45:00,405.31
2023-01-25 11:00:00,400.39
2023-01-25 11:15:00,395.02
2023-01-25 11:30:00,391.66
2023-01-25 11:45:00,388.38
2023-01-25 12:00:00,386.74
2023-01-25 12:15:00,388.31
2023-01-25 12:30:00,391.69
2023-01-25 12:45:00,395.48
2023-01-25 13:00:00,400.17
2023-01-25 13:15:00,405.2
2023-01-25 13:30:00,409.4
2023-01-25 13:45:00,414.55
2023-01-25 14:00:00,418.55
2023-01-25 14:15:00,420.43
2023-01-25 14:30:00,418.06
2023-01-25 14:45:00,411.66
2023-01-25 15:00:00,400.65
2023-01-25 15:15:00,386.75
2023-01-25 15:30:00,364.65
2023-01-25 15:45:00,334.08
2023-01-25 16:00:00,250.1
2023-01-25 16:15:00,167.22
2023-01-25 16:30:00,88.06
2023-01-25 16:45:00,23.73
2023-01-25 17:00:00,0.69
2023-01-25 17:15:00,-0.0
2023-01-25 17:30:00,-0.0
2023-01-25 17:45:00,-0.0
2023-01-25 18:00:00,-0.0
2023-01-25 18:15:00,-0.0
2023-01-25 18:30:00,-0.0
2023-01-25 18:45:00,-0.0
2023-01-25 19:00:00,-0.0
2023-01-25 19:15:00,-0.0
2023-01-25 19:30:00,-0.0
2023-01-25 19:45:00,-0.0
2023-01-25 20:00:00,-0.0
2023-01-25 20:15:00,-0.0
2023-01-25 20:30:00,-0.0
2023-01-25 20:45:00,-0.0
2023-01-25 21:00:00,-0.0
2023-01-25 21:15:00,-0.0
2023-01-25 21:30:00,-0.0
2023-01-25 21:45:00,-0.0
2023-01-25 22:00:00,-0.0
2023-01-25 22:15:00,-0.0
2023-01-25 22:30:00,-0.0
2023-01-25 22:45:00,-0.0
2023-01-25 23:00:00,-0.0
2023-01-25 23:15:00,-0.0
2023-01-25 23:30:00,-0.0
2023-01-25 23:45:00,-0.0
2023-01-26 00:00:00,-0.0
2023-01-26 00:15:00,-0.0
2023-01-26 00:30:00,-0.0
2023-01-26 00:45:00,-0.0
2023-01-26 01:00:00,-0.0
2023-01-26 01:15:00,-0.0
2023-01-26 01:30:00,-0.0
2023-01-26 01:45:00,-0.0
2023-01-26 02:00:00,-0.0
2023-01-26 02:15:00,-0.0
2023-01-26 02:30:00,-0.0
2023-01-26 02:45:00,-0.0
2023-01-26 03:00:00,-0.0
2023-01-26 03:15:00,-0.0
2023-01-26 03:30:00,-0.0
2023-01-26 03:45:00,-0.0
2023-01-26 04:00:00,-0.0
2023-01-26 04:15:00,-0.0
2023-01-26 04:30:00,-0.0
2023-01-26 04:45:00,-0.0
2023-01-26 05:00:00,-0.0
2023-01-26 05:15:00,-0.0
2023-01-26 05:30:00,-0.0
2023-01-26 05:45:00,-0.0
2023-01-26 06:00:00,-0.0
2023-01-26 06:15:00,-0.0
2023-01-26 06:30:00,-0.0
2023-01-26 06:45:00,2.6
2023-01-26 07:00:00,16.83
2023-01-26 07:15:00,67.42
2023-01-26 07:30:00,133.8
2023-01-26 07:45:00,210.88
2023-01-26 08:00:00,288.33
2023-01-26 08:15:00,348.5
2023-01-26 08:30:00,372.31
2023-01-26 08:45:00,389.58
2023-01-26 09:00:00,390.64
2023-01-26 09:15:00,242.23
2023-01-26 09:30:00,200.56
2023-01-26 09:45:00,242.97
2023-01-26 10:00:00,253.88
2023-01-26 10:15:00,260.98
2023-01-26 10:30:00,367.92
2023-01-26 10:45:00,392.52
2023-01-26 11:00:00,387.29
2023-01-26 11:15:00,381.6
2023-01-26 11:30:00,377.46
2023-01-26 11:45:00,373.15
2023-01-26 12:00:00,370.44
2023-01-26 12:15:00,371.29
2023-01-26 12:30:00,373.47
2023-01-26 12:45:00,375.49
2023-01-26 13:00:00,377.59
2023-01-26 13:15:00,379.33
2023-01-26 13:30:00,379.69
2023-01-26 13:45:00,379.41
2023-01-26 14:00:00,377.12
2023-01-26 14:15:00,369.8
2023-01-26 14:30:00,360.18
2023-01-26 14:45:00,345.7
2023-01-26 15:00:00,327.12
2023-01-26 15:15:00,303.98
2023-01-26 15:30:00,274.82
2023-01-26 15:45:00,238.31
2023-01-26 16:00:00,164.52
2023-01-26 16:15:00,102.25
2023-01-26 16:30:00,49.79
2023-01-26 16:45:00,12.83
2023-01-26 17:00:00,0.82
2023-01-26 17:15:00,-0.0
2023-01-26 17:30:00,-0.0
2023-01-26 17:45:00,-0.0
2023-01-26 18:00:00,-0.0
2023-01-26 18:15:00,-0.0
2023-01-26 18:30:00,-0.0
2023-01-26 18:45:00,-0.0
2023-01-26 19:00:00,-0.0
2023-01-26 19:15:00,-0.0
2023-01-26 19:30:00,-0.0
2023-01-26 19:45:00,-0.0
2023-01-26 20:00:00,-0.0
2023-01-26 20:15:00,-0.0
2023-01-26 20:30:00,-0.0
2023-01-26 20:45:00,-0.0
2023-01-26 21:00:00,-0.0
2023-01-26 21:15:00,-0.0
2023-01-26 21:30:00,-0.0
2023-01-26 21:45:00,-0.0
2023-01-26 22:00:00,-0.0
2023-01-26 22:15:00,-0.0
2023-01-26 22:30:00,-0.0
2023-01-26 22:45:00,-0.0
2023-01-26 23:00:00,-0.0
2023-01-26 23:15:00,-0.0
2023-01-26 23:30:00,-0.0
2023-01-26 23:45:00,-0.0
2023-01-27 00:00:00,-0.0
2023-01-27 00:15:00,-0.0
2023-01-27 00:30:00,-0.0
2023-01-27 00:45:00,-0.0
2023-01-27 01:00:00,-0.0
2023-01-27 01:15:00,-0.0
2023-01-27 01:30:00,-0.0
2023-01-27 01:45:00,-0.0
2023-01-27 02:00:00,-0.0
2023-01-27 02:15:00,-0.0
2023-01-27 02:30:00,-0.0
2023-01-27 02:45:00,-0.0
2023-01-27 03:00:00,-0.0
2023-01-27 03:15:00,-0.0
2023-01-27 03:30:00,-0.0
2023-01-27 03:45:00,-0.0
2023-01-27 04:00:00,-0.0
2023-01-27 04:15:00,-0.0
2023-01-27 04:30:00,-0.0
2023-01-27 04:45:00,-0.0
2023-01-27 05:00:00,-0.0
2023-01-27 05:15:00,-0.0
2023-01-27 05:30:00,-0.0
2023-01-27 05:45:00,-0.0
2023-01-27 06:00:00,-0.0
2023-01-27 06:15:00,-0.0
2023-01-27 06:30:00,-0.0
2023-01-27 06:45:00,2.57
2023-01-27 07:00:00,18.5
2023-01-27 07:15:00,73.87
2023-01-27 07:30:00,148.36
2023-01-27 07:45:00,229.64
2023-01-27 08:00:00,310.41
2023-01-27 08:15:00,369.77
2023-01-27 08:30:00,391.93
2023-01-27 08:45:00,407.66
2023-01-27 09:00:00,407.34
2023-01-27 09:15:00,258.89
2023-01-27 09:30:00,210.55
2023-01-27 09:45:00,253.86
2023-01-27 10:00:00,264.31
2023-01-27 10:15:00,270.91
2023-01-27 10:30:00,381.28
2023-01-27 10:45:00,404.78
2023-01-27 11:00:00,399.66
2023-01-27 11:15:00,394.2
2023-01-27 11:30:00,390.51
2023-01-27 11:45:00,386.93
2023-01-27 12:00:00,384.93
2023-01-27 12:15:00,386.43
2023-01-27 12:30:00,379.49
2023-01-27 12:45:00,258.97
2023-01-27 13:00:00,210.79
2023-01-27 13:15:00,210.99
2023-01-27 13:30:00,206.44
2023-01-27 13:45:00,168.35
2023-01-27 14:00:00,76.99
2023-01-27 14:15:00,28.35
2023-01-27 14:30:00,19.93
2023-01-27 14:45:00,26.54
2023-01-27 15:00:00,51.02
2023-01-27 15:15:00,144.71
2023-01-27 15:30:00,279.26
2023-01-27 15:45:00,87.23
2023-01-27 16:00:00,22.45
2023-01-27 16:15:00,123.95
2023-01-27 16:30:00,82.54
2023-01-27 16:45:00,25.74
2023-01-27 17:00:00,1.24
2023-01-27 17:15:00,-0.0
2023-01-27 17:30:00,-0.0
2023-01-27 17:45:00,-0.0
2023-01-27 18:00:00,-0.0
2023-01-27 18:15:00,-0.0
2023-01-27 18:30:00,-0.0
2023-01-27 18:45:00,-0.0
2023-01-27 19:00:00,-0.0
2023-01-27 19:15:00,-0.0
2023-01-27 19:30:00,-0.0
2023-01-27 19:45:00,-0.0
2023-01-27 20:00:00,-0.0
2023-01-27 20:15:00,-0.0
2023-01-27 20:30:00,-0.0
2023-01-27 20:45:00,-0.0
2023-01-27 21:00:00,-0.0
2023-01-27 21:15:00,-0.0
2023-01-27 21:30:00,-0.0
2023-01-27 21:45:00,-0.0
2023-01-27 22:00:00,-0.0
2023-01-27 22:15:00,-0.0
2023-01-27 22:30:00,-0.0
2023-01-27 22:45:00,-0.0
2023-01-27 23:00:00,-0.0
2023-01-27 23:15:00,-0.0
2023-01-27 23:30:00,-0.0
2023-01-27 23:45:00,-0.0
2023-01-28 00:00:00,-0.0
2023-01-28 00:15:00,-0.0
2023-01-28 00:30:00,-0.0
2023-01-28 00:45:00,-0.0
2023-01-28 01:00:00,-0.0
2023-01-28 01:15:00,-0.0
2023-01-28 01:30:00,-0.0
2023-01-28 01:45:00,-0.0
2023-01-28 02:00:00,-0.0
2023-01-28 02:15:00,-0.0
2023-01-28 02:30:00,-0.0
2023-01-28 02:45:00,-0.0
2023-01-28 03:00:00,-0.0
2023-01-28 03:15:00,-0.0
2023-01-28 03:30:00,-0.0
2023-01-28 03:45:00,-0.0
2023-01-28 04:00:00,-0.0
2023-01-28 04:15:00,-0.0
2023-01-28 04:30:00,-0.0
2023-01-28 04:45:00,-0.0
2023-01-28 05:00:00,-0.0
2023-01-28 05:15:00,-0.0
2023-01-28 05:30:00,-0.0
2023-01-28 05:45:00,-0.0
2023-01-28 06:00:00,-0.0
2023-01-28 06:15:00,-0.0
2023-01-28 06:30:00,-0.0
2023-01-28 06:45:00,2.6
2023-01-28 07:00:00,21.37
2023-01-28 07:15:00,83.66
2023-01-28 07:30:00,164.15
2023-01-28 07:45:00,249.07
2023-01-28 08:00:00,331.92
2023-01-28 08:15:00,389.29
2023-01-28 08:30:00,409.22
2023-01-28 08:45:00,423.07
2023-01-28 09:00:00,419.99
2023-01-28 09:15:00,261.92
2023-01-28 09:30:00,205.67
2023-01-28 09:45:00,264.55
2023-01-28 10:00:00,281.18
2023-01-28 10:15:00,267.24
2023-01-28 10:30:00,243.48
2023-01-28 10:45:00,268.06
2023-01-28 11:00:00,258.83
2023-01-28 11:15:00,263.27
2023-01-28 11:30:00,249.12
2023-01-28 11:45:00,261.7
2023-01-28 12:00:00,264.44
2023-01-28 12:15:00,259.2
2023-01-28 12:30:00,256.06
2023-01-28 12:45:00,359.53
2023-01-28 13:00:00,295.58
2023-01-28 13:15:00,246.03
2023-01-28 13:30:00,374.35
2023-01-28 13:45:00,415.42
2023-01-28 14:00:00,418.41
2023-01-28 14:15:00,419.64
2023-01-28 14:30:00,416.09
2023-01-28 14:45:00,410.63
2023-01-28 15:00:00,398.8
2023-01-28 15:15:00,381.75
2023-01-28 15:30:00,358.8
2023-01-28 15:45:00,327.88
2023-01-28 16:00:00,252.94
2023-01-28 16:15:00,172.11
2023-01-28 16:30:00,94.66
2023-01-28 16:45:00,32.34
2023-01-28 17:00:00,1.7
2023-01-28 17:15:00,-0.0
2023-01-28 17:30:00,-0.0
2023-01-28 17:45:00,-0.0
2023-01-28 18:00:00,-0.0
2023-01-28 18:15:00,-0.0
2023-01-28 18:30:00,-0.0
2023-01-28 18:45:00,-0.0
2023-01-28 19:00:00,-0.0
2023-01-28 19:15:00,-0.0
2023-01-28 19:30:00,-0.0
2023-01-28 19:45:00,-0.0
2023-01-28 20:00:00,-0.0
2023-01-28 20:15:00,-0.0
2023-01-28 20:30:00,-0.0
2023-01-28 20:45:00,-0.0
2023-01-28 21:00:00,-0.0
2023-01-28 21:15:00,-0.0
2023-01-28 21:30:00,-0.0
2023-01-28 21:45:00,-0.0
2023-01-28 22:00:00,-0.0
2023-01-28 22:15:00,-0.0
2023-01-28 22:30:00,-0.0
2023-01-28 22:45:00,-0.0
2023-01-28 23:00:00,-0.0
2023-01-28 23:15:00,-0.0
2023-01-28 23:30:00,-0.0
2023-01-28 23:45:00,-0.0
2023-01-29 00:00:00,-0.0
2023-01-29 00:15:00,-0.0
2023-01-29 00:30:00,-0.0
2023-01-29 00:45:00,-0.0
2023-01-29 01:00:00,-0.0
2023-01-29 01:15:00,-0.0
2023-01-29 01:30:00,-0.0
2023-01-29 01:45:00,-0.0
2023-01-29 02:00:00,-0.0
2023-01-29 02:15:00,-0.0
2023-01-29 02:30:00,-0.0
2023-01-29 02:45:00,-0.0
2023-01-29 03:00:00,-0.0
2023-01-29 03:15:00,-0.0
2023-01-29 03:30:00,-0.0
2023-01-29 03:45:00,-0.0
2023-01-29 04:00:00,-0.0
2023-01-29 04:15:00,-0.0
2023-01-29 04:30:00,-0.0
2023-01-29 04:45:00,-0.0
2023-01-29 05:00:00,-0.0
2023-01-29 05:15:00,-0.0
2023-01-29 05:30:00,-0.0
2023-01-29 05:45:00,-0.0
2023-01-29 06:00:00,-0.0
2023-01-29 06:15:00,-0.0
2023-01-29 06:30:00,-0.0
2023-01-29 06:45:00,3.19
2023-01-29 07:00:00,19.78
2023-01-29 07:15:00,62.5
2023-01-29 07:30:00,85.23
2023-01-29 07:45:00,118.15
2023-01-29 08:00:00,144.74
2023-01-29 08:15:00,190.07
2023-01-29 08:30:00,218.15
2023-01-29 08:45:00,214.19
2023-01-29 09:00:00,216.12
2023-01-29 09:15:00,371.14
2023-01-29 09:30:00,308.08
2023-01-29 09:45:00,254.71
2023-01-29 10:00:00,260.13
2023-01-29 10:15:00,387.04
2023-01-29 10:30:00,413.68
2023-01-29 10:45:00,409.39
2023-01-29 11:00:00,404.79
2023-01-29 11:15:00,399.62
2023-01-29 11:30:00,396.25
2023-01-29 11:45:00,382.89
2023-01-29 12:00:00,251.52
2023-01-29 12:15:00,180.06
2023-01-29 12:30:00,128.74
2023-01-29 12:45:00,76.93
2023-01-29 13:00:00,36.74
2023-01-29 13:15:00,27.34
2023-01-29 13:30:00,26.13
2023-01-29 13:45:00,29.31
2023-01-29 14:00:00,69.04
2023-01-29 14:15:00,109.14
2023-01-29 14:30:00,213.55
2023-01-29 14:45:00,241.41
2023-01-29 15:00:00,251.09
2023-01-29 15:15:00,242.15
2023-01-29 15:30:00,164.18
2023-01-29 15:45:00,121.45
2023-01-29 16:00:00,129.75
2023-01-29 16:15:00,156.03
2023-01-29 16:30:00,98.14
2023-01-29 16:45:00,35.9
2023-01-29 17:00:00,2.22
2023-01-29 17:15:00,-0.0
2023-01-29 17:30:00,-0.0
2023-01-29 17:45:00,-0.0
2023-01-29 18:00:00,-0.0
2023-01-29 18:15:00,-0.0
2023-01-29 18:30:00,-0.0
2023-01-29 18:45:00,-0.0
2023-01-29 19:00:00,-0.0
2023-01-29 19:15:00,-0.0
2023-01-29 19:30:00,-0.0
2023-01-29 19:45:00,-0.0
2023-01-29 20:00:00,-0.0
2023-01-29 20:15:00,-0.0
2023-01-29 20:30:00,-0.0
2023-01-29 20:45:00,-0.0
2023-01-29 21:00:00,-0.0
2023-01-29 21:15:00,-0.0
2023-01-29 21:30:00,-0.0
2023-01-29 21:45:00,-0.0
2023-01-29 22:00:00,-0.0
2023-01-29 22:15:00,-0.0
2023-01-29 22:30:00,-0.0
2023-01-29 22:45:00,-0.0
2023-01-29 23:00:00,-0.0
2023-01-29 23:15:00,-0.0
2023-01-29 23:30:00,-0.0
2023-01-29 23:45:00,-0.0
2023-01-30 00:00:00,-0.0
2023-01-30 00:15:00,-0.0
2023-01-30 00:30:00,-0.0
2023-01-30 00:45:00,-0.0
2023-01-30 01:00:00,-0.0
2023-01-30 01:15:00,-0.0
2023-01-30 01:30:00,-0.0
2023-01-30 01:45:00,-0.0
2023-01-30 02:00:00,-0.0
2023-01-30 02:15:00,-0.0
2023-01-30 02:30:00,-0.0
2023-01-30 02:45:00,-0.0
2023-01-30 03:00:00,-0.0
2023-01-30 03:15:00,-0.0
2023-01-30 03:30:00,-0.0
2023-01-30 03:45:00,-0.0
2023-01-30 04:00:00,-0.0
2023-01-30 04:15:00,-0.0
2023-01-30 04:30:00,-0.0
2023-01-30 04:45:00,-0.0
2023-01-30 05:00:00,-0.0
2023-01-30 05:15:00,-0.0
2023-01-30 05:30:00,-0.0
2023-01-30 05:45:00,-0.0
2023-01-30 06:00:00,-0.0
2023-01-30 06:15:00,-0.0
2023-01-30 06:30:00,-0.0
2023-01-30 06:45:00,3.45
2023-01-30 07:00:00,21.62
2023-01-30 07:15:00,45.54
2023-01-30 07:30:00,54.75
2023-01-30 07:45:00,138.3
2023-01-30 08:00:00,294.86
2023-01-30 08:15:00,377.56
2023-01-30 08:30:00,399.44
2023-01-30 08:45:00,415.04
2023-01-30 09:00:00,423.69
2023-01-30 09:15:00,424.13
2023-01-30 09:30:00,323.42
2023-01-30 09:45:00,403.49
2023-01-30 10:00:00,428.44
2023-01-30 10:15:00,423.42
2023-01-30 10:30:00,417.66
2023-01-30 10:45:00,413.0
2023-01-30 11:00:00,408.11
2023-01-30 11:15:00,402.76
2023-01-30 11:30:00,399.26
2023-01-30 11:45:00,395.8
2023-01-30 12:00:00,394.1
2023-01-30 12:15:00,396.19
2023-01-30 12:30:00,399.08
2023-01-30 12:45:00,402.7
2023-01-30 13:00:00,407.53
2023-01-30 13:15:00,412.47
2023-01-30 13:30:00,416.82
2023-01-30 13:45:00,421.93
2023-01-30 14:00:00,426.15
2023-01-30 14:15:00,429.33
2023-01-30 14:30:00,428.25
2023-01-30 14:45:00,423.27
2023-01-30 15:00:00,413.88
2023-01-30 15:15:00,399.23
2023-01-30 15:30:00,379.05
2023-01-30 15:45:00,354.49
2023-01-30 16:00:00,285.0
2023-01-30 16:15:00,200.98
2023-01-30 16:30:00,117.71
2023-01-30 16:45:00,45.86
2023-01-30 17:00:00,3.49
2023-01-30 17:15:00,-0.0
2023-01-30 17:30:00,-0.0
2023-01-30 17:45:00,-0.0
2023-01-30 18:00:00,-0.0
2023-01-30 18:15:00,-0.0
2023-01-30 18:30:00,-0.0
2023-01-30 18:45:00,-0.0
2023-01-30 19:00:00,-0.0
2023-01-30 19:15:00,-0.0
2023-01-30 19:30:00,-0.0
2023-01-30 19:45:00,-0.0
2023-01-30 20:00:00,-0.0
2023-01-30 20:15:00,-0.0
2023-01-30 20:30:00,-0.0
2023-01-30 20:45:00,-0.0
2023-01-30 21:00:00,-0.0
2023-01-30 21:15:00,-0.0
2023-01-30 21:30:00,-0.0
2023-01-30 21:45:00,-0.0
2023-01-30 22:00:00,-0.0
2023-01-30 22:15:00,-0.0
2023-01-30 22:30:00,-0.0
2023-01-30 22:45:00,-0.0
2023-01-30 23:00:00,-0.0
2023-01-30 23:15:00,-0.0
2023-01-30 23:30:00,-0.0
2023-01-30 23:45:00,-0.0
2023-01-31 00:00:00,-0.0
2023-01-31 00:15:00,-0.0
2023-01-31 00:30:00,-0.0
2023-01-31 00:45:00,-0.0
2023-01-31 01:00:00,-0.0
2023-01-31 01:15:00,-0.0
2023-01-31 01:30:00,-0.0
2023-01-31 01:45:00,-0.0
2023-01-31 02:00:00,-0.0
2023-01-31 02:15:00,-0.0
2023-01-31 02:30:00,-0.0
2023-01-31 02:45:00,-0.0
2023-01-31 03:00:00,-0.0
2023-01-31 03:15:00,-0.0
2023-01-31 03:30:00,-0.0
2023-01-31 03:45:00,-0.0
2023-01-31 04:00:00,-0.0
2023-01-31 04:15:00,-0.0
2023-01-31 04:30:00,-0.0
2023-01-31 04:45:00,-0.0
2023-01-31 05:00:00,-0.0
2023-01-31 05:15:00,-0.0
2023-01-31 05:30:00,-0.0
2023-01-31 05:45:00,-0.0
2023-01-31 06:00:00,-0.0
2023-01-31 06:15:00,-0.0
2023-01-31 06:30:00,-0.0
2023-01-31 06:45:00,3.79
2023-01-31 07:00:00,25.4
2023-01-31 07:15:00,52.3
2023-01-31 07:30:00,56.42
2023-01-31 07:45:00,141.61
2023-01-31 08:00:00,204.18
2023-01-31 08:15:00,365.17
2023-01-31 08:30:00,420.79
2023-01-31 08:45:00,435.1
2023-01-31 09:00:00,445.09
2023-01-31 09:15:00,450.64
2023-01-31 09:30:00,452.33
2023-01-31 09:45:00,447.6
2023-01-31 10:00:00,442.51
2023-01-31 10:15:00,437.2
2023-01-31 10:30:00,431.19
2023-01-31 10:45:00,426.05
2023-01-31 11:00:00,421.36
2023-01-31 11:15:00,416.21
2023-01-31 11:30:00,413.01
2023-01-31 11:45:00,410.04
2023-01-31 12:00:00,408.58
2023-01-31 12:15:00,409.93
2023-01-31 12:30:00,412.12
2023-01-31 12:45:00,415.08
2023-01-31 13:00:00,419.98
2023-01-31 13:15:00,423.94
2023-01-31 13:30:00,427.61
2023-01-31 13:45:00,434.47
2023-01-31 14:00:00,438.52
2023-01-31 14:15:00,440.95
2023-01-31 14:30:00,438.86
2023-01-31 14:45:00,432.47
2023-01-31 15:00:00,422.02
2023-01-31 15:15:00,407.18
2023-01-31 15:30:00,389.78
2023-01-31 15:45:00,362.31
2023-01-31 16:00:00,294.5
2023-01-31 16:15:00,208.95
2023-01-31 16:30:00,124.35
2023-01-31 16:45:00,50.61
2023-01-31 17:00:00,4.53
2023-01-31 17:15:00,-0.0
2023-01-31 17:30:00,-0.0
2023-01-31 17:45:00,-0.0
2023-01-31 18:00:00,-0.0
2023-01-31 18:15:00,-0.0
2023-01-31 18:30:00,-0.0
2023-01-31 18:45:00,-0.0
2023-01-31 19:00:00,-0.0
2023-01-31 19:15:00,-0.0
2023-01-31 19:30:00,-0.0
2023-01-31 19:45:00,-0.0
2023-01-31 20:00:00,-0.0
2023-01-31 20:15:00,-0.0
2023-01-31 20:30:00,-0.0
2023-01-31 20:45:00,-0.0
2023-01-31 21:00:00,-0.0
2023-01-31 21:15:00,-0.0
2023-01-31 21:30:00,-0.0
2023-01-31 21:45:00,-0.0
2023-01-31 22:00:00,-0.0
2023-01-31 22:15:00,-0.0
2023-01-31 22:30:00,-0.0
2023-01-31 22:45:00,-0.0
2023-01-31 23:00:00,-0.0
2023-01-31 23:15:00,-0.0
2023-01-31 23:30:00,-0.0
2023-01-31 23:45:00,-0.0
2023-02-01 00:00:00,-0.0
2023-02-01 00:15:00,-0.0
2023-02-01 00:30:00,-0.0
2023-02-01 00:45:00,-0.0
2023-02-01 01:00:00,-0.0
2023-02-01 01:15:00,-0.0
2023-02-01 01:30:00,-0.0
2023-02-01 01:45:00,-0.0
2023-02-01 02:00:00,-0.0
2023-02-01 02:15:00,-0.0
2023-02-01 02:30:00,-0.0
2023-02-01 02:45:00,-0.0
2023-02-01 03:00:00,-0.0
2023-02-01 03:15:00,-0.0
2023-02-01 03:30:00,-0.0
2023-02-01 03:45:00,-0.0
2023-02-01 04:00:00,-0.0
2023-02-01 04:15:00,-0.0
2023-02-01 04:30:00,-0.0
2023-02-01 04:45:00,-0.0
2023-02-01 05:00:00,-0.0
2023-02-01 05:15:00,-0.0
2023-02-01 05:30:00,-0.0
2023-02-01 05:45:00,-0.0
2023-02-01 06:00:00,-0.0
2023-02-01 06:15:00,-0.0
2023-02-01 06:30:00,-0.0
2023-02-01 06:45:00,4.32
2023-02-01 07:00:00,26.87
2023-02-01 07:15:00,53.57
2023-02-01 07:30:00,58.79
2023-02-01 07:45:00,137.49
2023-02-01 08:00:00,184.8
2023-02-01 08:15:00,184.72
2023-02-01 08:30:00,370.39
2023-02-01 08:45:00,434.65
2023-02-01 09:00:00,445.12
2023-02-01 09:15:00,451.11
2023-02-01 09:30:00,453.28
2023-02-01 09:45:00,451.9
2023-02-01 10:00:00,446.56
2023-02-01 10:15:00,441.2
2023-02-01 10:30:00,435.04
2023-02-01 10:45:00,427.97
2023-02-01 11:00:00,423.25
2023-02-01 11:15:00,418.04
2023-02-01 11:30:00,414.84
2023-02-01 11:45:00,411.64
2023-02-01 12:00:00,410.17
2023-02-01 12:15:00,412.25
2023-02-01 12:30:00,414.96
2023-02-01 12:45:00,418.62
2023-02-01 13:00:00,423.88
2023-02-01 13:15:00,428.65
2023-02-01 13:30:00,433.42
2023-02-01 13:45:00,439.15
2023-02-01 14:00:00,444.46
2023-02-01 14:15:00,448.89
2023-02-01 14:30:00,449.56
2023-02-01 14:45:00,450.08
2023-02-01 15:00:00,442.89
2023-02-01 15:15:00,430.34
2023-02-01 15:30:00,412.56
2023-02-01 15:45:00,387.63
2023-02-01 16:00:00,323.2
2023-02-01 16:15:00,234.44
2023-02-01 16:30:00,144.64
2023-02-01 16:45:00,62.71
2023-02-01 17:00:00,6.89
2023-02-01 17:15:00,-0.0
2023-02-01 17:30:00,-0.0
2023-02-01 17:45:00,-0.0
2023-02-01 18:00:00,-0.0
2023-02-01 18:15:00,-0.0
2023-02-01 18:30:00,-0.0
2023-02-01 18:45:00,-0.0
2023-02-01 19:00:00,-0.0
2023-02-01 19:15:00,-0.0
2023-02-01 19:30:00,-0.0
2023-02-01 19:45:00,-0.0
2023-02-01 20:00:00,-0.0
2023-02-01 20:15:00,-0.0
2023-02-01 20:30:00,-0.0
2023-02-01 20:45:00,-0.0
2023-02-01 21:00:00,-0.0
2023-02-01 21:15:00,-0.0
2023-02-01 21:30:00,-0.0
2023-02-01 21:45:00,-0.0
2023-02-01 22:00:00,-0.0
2023-02-01 22:15:00,-0.0
2023-02-01 22:30:00,-0.0
2023-02-01 22:45:00,-0.0
2023-02-01 23:00:00,-0.0
2023-02-01 23:15:00,-0.0
2023-02-01 23:30:00,-0.0
2023-02-01 23:45:00,-0.0
2023-02-02 00:00:00,-0.0
2023-02-02 00:15:00,-0.0
2023-02-02 00:30:00,-0.0
2023-02-02 00:45:00,-0.0
2023-02-02 01:00:00,-0.0
2023-02-02 01:15:00,-0.0
2023-02-02 01:30:00,-0.0
2023-02-02 01:45:00,-0.0
2023-02-02 02:00:00,-0.0
2023-02-02 02:15:00,-0.0
2023-02-02 02:30:00,-0.0
2023-02-02 02:45:00,-0.0
2023-02-02 03:00:00,-0.0
2023-02-02 03:15:00,-0.0
2023-02-02 03:30:00,-0.0
2023-02-02 03:45:00,-0.0
2023-02-02 04:00:00,-0.0
2023-02-02 04:15:00,-0.0
2023-02-02 04:30:00,-0.0
2023-02-02 04:45:00,-0.0
2023-02-02 05:00:00,-0.0
2023-02-02 05:15:00,-0.0
2023-02-02 05:30:00,-0.0
2023-02-02 05:45:00,-0.0
2023-02-02 06:00:00,-0.0
2023-02-02 06:15:00,-0.0
2023-02-02 06:30:00,-0.0
2023-02-02 06:45:00,3.77
2023-02-02 07:00:00,15.69
2023-02-02 07:15:00,82.56
2023-02-02 07:30:00,167.8
2023-02-02 07:45:00,249.59
2023-02-02 08:00:00,332.47
2023-02-02 08:15:00,380.68
2023-02-02 08:30:00,402.98
2023-02-02 08:45:00,406.5
2023-02-02 09:00:00,264.38
2023-02-02 09:15:00,376.07
2023-02-02 09:30:00,315.47
2023-02-02 09:45:00,393.81
2023-02-02 10:00:00,314.52
2023-02-02 10:15:00,394.71
2023-02-02 10:30:00,420.01
2023-02-02 10:45:00,414.84
2023-02-02 11:00:00,409.32
2023-02-02 11:15:00,403.58
2023-02-02 11:30:00,399.42
2023-02-02 11:45:00,395.15
2023-02-02 12:00:00,391.35
2023-02-02 12:15:00,390.56
2023-02-02 12:30:00,390.14
2023-02-02 12:45:00,389.74
2023-02-02 13:00:00,389.31
2023-02-02 13:15:00,387.22
2023-02-02 13:30:00,381.99
2023-02-02 13:45:00,369.92
2023-02-02 14:00:00,257.65
2023-02-02 14:15:00,193.16
2023-02-02 14:30:00,302.42
2023-02-02 14:45:00,310.58
2023-02-02 15:00:00,98.84
2023-02-02 15:15:00,82.56
2023-02-02 15:30:00,109.36
2023-02-02 15:45:00,37.88
2023-02-02 16:00:00,17.36
2023-02-02 16:15:00,35.83
2023-02-02 16:30:00,13.59
2023-02-02 16:45:00,4.49
2023-02-02 17:00:00,0.84
2023-02-02 17:15:00,-0.0
2023-02-02 17:30:00,-0.0
2023-02-02 17:45:00,-0.0
2023-02-02 18:00:00,-0.0
2023-02-02 18:15:00,-0.0
2023-02-02 18:30:00,-0.0
2023-02-02 18:45:00,-0.0
2023-02-02 19:00:00,-0.0
2023-02-02 19:15:00,-0.0
2023-02-02 19:30:00,-0.0
2023-02-02 19:45:00,-0.0
2023-02-02 20:00:00,-0.0
2023-02-02 20:15:00,-0.0
2023-02-02 20:30:00,-0.0
2023-02-02 20:45:00,-0.0
2023-02-02 21:00:00,-0.0
2023-02-02 21:15:00,-0.0
2023-02-02 21:30:00,-0.0
2023-02-02 21:45:00,-0.0
2023-02-02 22:00:00,-0.0
2023-02-02 22:15:00,-0.0
2023-02-02 22:30:00,-0.0
2023-02-02 22:45:00,-0.0
2023-02-02 23:00:00,-0.0
2023-02-02 23:15:00,-0.0
2023-02-02 23:30:00,-0.0
2023-02-02 23:45:00,-0.0
2023-02-03 00:00:00,-0.0
2023-02-03 00:15:00,-0.0
2023-02-03 00:30:00,-0.0
2023-02-03 00:45:00,-0.0
2023-02-03 01:00:00,-0.0
2023-02-03 01:15:00,-0.0
2023-02-03 01:30:00,-0.0
2023-02-03 01:45:00,-0.0
2023-02-03 02:00:00,-0.0
2023-02-03 02:15:00,-0.0
2023-02-03 02:30:00,-0.0
2023-02-03 02:45:00,-0.0
2023-02-03 03:00:00,-0.0
2023-02-03 03:15:00,-0.0
2023-02-03 03:30:00,-0.0
2023-02-03 03:45:00,-0.0
2023-02-03 04:00:00,-0.0
2023-02-03 04:15:00,-0.0
2023-02-03 04:30:00,-0.0
2023-02-03 04:45:00,-0.0
2023-02-03 05:00:00,-0.0
2023-02-03 05:15:00,-0.0
2023-02-03 05:30:00,-0.0
2023-02-03 05:45:00,-0.0
2023-02-03 06:00:00,-0.0
2023-02-03 06:15:00,-0.0
2023-02-03 06:30:00,-0.0
2023-02-03 06:45:00,3.04
2023-02-03 07:00:00,9.93
2023-02-03 07:15:00,34.6
2023-02-03 07:30:00,35.19
2023-02-03 07:45:00,45.92
2023-02-03 08:00:00,18.61
2023-02-03 08:15:00,18.54
2023-02-03 08:30:00,162.2
2023-02-03 08:45:00,136.89
2023-02-03 09:00:00,47.15
2023-02-03 09:15:00,38.63
2023-02-03 09:30:00,70.22
2023-02-03 09:45:00,131.81
2023-02-03 10:00:00,200.77
2023-02-03 10:15:00,151.41
2023-02-03 10:30:00,131.09
2023-02-03 10:45:00,277.99
2023-02-03 11:00:00,206.87
2023-02-03 11:15:00,195.35
2023-02-03 11:30:00,224.21
2023-02-03 11:45:00,221.53
2023-02-03 12:00:00,186.81
2023-02-03 12:15:00,177.09
2023-02-03 12:30:00,149.4
2023-02-03 12:45:00,164.47
2023-02-03 13:00:00,193.62
2023-02-03 13:15:00,162.34
2023-02-03 13:30:00,148.03
2023-02-03 13:45:00,136.65
2023-02-03 14:00:00,96.19
2023-02-03 14:15:00,57.92
2023-02-03 14:30:00,32.0
2023-02-03 14:45:00,28.81
2023-02-03 15:00:00,28.38
2023-02-03 15:15:00,25.87
2023-02-03 15:30:00,13.82
2023-02-03 15:45:00,15.96
2023-02-03 16:00:00,27.86
2023-02-03 16:15:00,35.06
2023-02-03 16:30:00,21.35
2023-02-03 16:45:00,10.13
2023-02-03 17:00:00,2.18
2023-02-03 17:15:00,-0.0
2023-02-03 17:30:00,-0.0
2023-02-03 17:45:00,-0.0
2023-02-03 18:00:00,-0.0
2023-02-03 18:15:00,-0.0
2023-02-03 18:30:00,-0.0
2023-02-03 18:45:00,-0.0
2023-02-03 19:00:00,-0.0
2023-02-03 19:15:00,-0.0
2023-02-03 19:30:00,-0.0
2023-02-03 19:45:00,-0.0
2023-02-03 20:00:00,-0.0
2023-02-03 20:15:00,-0.0
2023-02-03 20:30:00,-0.0
2023-02-03 20:45:00,-0.0
2023-02-03 21:00:00,-0.0
2023-02-03 21:15:00,-0.0
2023-02-03 21:30:00,-0.0
2023-02-03 21:45:00,-0.0
2023-02-03 22:00:00,-0.0
2023-02-03 22:15:00,-0.0
2023-02-03 22:30:00,-0.0
2023-02-03 22:45:00,-0.0
2023-02-03 23:00:00,-0.0
2023-02-03 23:15:00,-0.0
2023-02-03 23:30:00,-0.0
2023-02-03 23:45:00,-0.0
2023-02-04 00:00:00,-0.0
2023-02-04 00:15:00,-0.0
2023-02-04 00:30:00,-0.0
2023-02-04 00:45:00,-0.0
2023-02-04 01:00:00,-0.0
2023-02-04 01:15:00,-0.0
2023-02-04 01:30:00,-0.0
2023-02-04 01:45:00,-0.0
2023-02-04 02:00:00,-0.0
2023-02-04 02:15:00,-0.0
2023-02-04 02:30:00,-0.0
2023-02-04 02:45:00,-0.0
2023-02-04 03:00:00,-0.0
2023-02-04 03:15:00,-0.0
2023-02-04 03:30:00,-0.0
2023-02-04 03:45:00,-0.0
2023-02-04 04:00:00,-0.0
2023-02-04 04:15:00,-0.0
2023-02-04 04:30:00,-0.0
2023-02-04 04:45:00,-0.0
2023-02-04 05:00:00,-0.0
2023-02-04 05:15:00,-0.0
2023-02-04 05:30:00,-0.0
2023-02-04 05:45:00,-0.0
2023-02-04 06:00:00,-0.0
2023-02-04 06:15:00,-0.0
2023-02-04 06:30:00,-0.0
2023-02-04 06:45:00,5.12
2023-02-04 07:00:00,17.85
2023-02-04 07:15:00,32.45
2023-02-04 07:30:00,64.8
2023-02-04 07:45:00,83.08
2023-02-04 08:00:00,112.33
2023-02-04 08:15:00,85.35
2023-02-04 08:30:00,91.01
2023-02-04 08:45:00,94.76
2023-02-04 09:00:00,107.08
2023-02-04 09:15:00,156.93
2023-02-04 09:30:00,189.49
2023-02-04 09:45:00,179.0
2023-02-04 10:00:00,193.47
2023-02-04 10:15:00,206.57
2023-02-04 10:30:00,233.25
2023-02-04 10:45:00,356.02
2023-02-04 11:00:00,387.19
2023-02-04 11:15:00,384.78
2023-02-04 11:30:00,383.16
2023-02-04 11:45:00,380.75
2023-02-04 12:00:00,379.71
2023-02-04 12:15:00,383.01
2023-02-04 12:30:00,386.71
2023-02-04 12:45:00,390.85
2023-02-04 13:00:00,395.84
2023-02-04 13:15:00,400.24
2023-02-04 13:30:00,404.28
2023-02-04 13:45:00,409.13
2023-02-04 14:00:00,413.27
2023-02-04 14:15:00,417.2
2023-02-04 14:30:00,417.49
2023-02-04 14:45:00,414.6
2023-02-04 15:00:00,406.15
2023-02-04 15:15:00,391.08
2023-02-04 15:30:00,370.71
2023-02-04 15:45:00,343.09
2023-02-04 16:00:00,289.03
2023-02-04 16:15:00,207.18
2023-02-04 16:30:00,128.19
2023-02-04 16:45:00,57.1
2023-02-04 17:00:00,8.32
2023-02-04 17:15:00,-0.0
2023-02-04 17:30:00,-0.0
2023-02-04 17:45:00,-0.0
2023-02-04 18:00:00,-0.0
2023-02-04 18:15:00,-0.0
2023-02-04 18:30:00,-0.0
2023-02-04 18:45:00,-0.0
2023-02-04 19:00:00,-0.0
2023-02-04 19:15:00,-0.0
2023-02-04 19:30:00,-0.0
2023-02-04 19:45:00,-0.0
2023-02-04 20:00:00,-0.0
2023-02-04 20:15:00,-0.0
2023-02-04 20:30:00,-0.0
2023-02-04 20:45:00,-0.0
2023-02-04 21:00:00,-0.0
2023-02-04 21:15:00,-0.0
2023-02-04 21:30:00,-0.0
2023-02-04 21:45:00,-0.0
2023-02-04 22:00:00,-0.0
2023-02-04 22:15:00,-0.0
2023-02-04 22:30:00,-0.0
2023-02-04 22:45:00,-0.0
2023-02-04 23:00:00,-0.0
2023-02-04 23:15:00,-0.0
2023-02-04 23:30:00,-0.0
2023-02-04 23:45:00,-0.0
2023-02-05 00:00:00,-0.0
2023-02-05 00:15:00,-0.0
2023-02-05 00:30:00,-0.0
2023-02-05 00:45:00,-0.0
2023-02-05 01:00:00,-0.0
2023-02-05 01:15:00,-0.0
2023-02-05 01:30:00,-0.0
2023-02-05 01:45:00,-0.0
2023-02-05 02:00:00,-0.0
2023-02-05 02:15:00,-0.0
2023-02-05 02:30:00,-0.0
2023-02-05 02:45:00,-0.0
2023-02-05 03:00:00,-0.0
2023-02-05 03:15:00,-0.0
2023-02-05 03:30:00,-0.0
2023-02-05 03:45:00,-0.0
2023-02-05 04:00:00,-0.0
2023-02-05 04:15:00,-0.0
2023-02-05 04:30:00,-0.0
2023-02-05 04:45:00,-0.0
2023-02-05 05:00:00,-0.0
2023-02-05 05:15:00,-0.0
2023-02-05 05:30:00,-0.0
2023-02-05 05:45:00,-0.0
2023-02-05 06:00:00,-0.0
2023-02-05 06:15:00,-0.0
2023-02-05 06:30:00,-0.0
2023-02-05 06:45:00,4.58
2023-02-05 07:00:00,15.36
2023-02-05 07:15:00,41.31
2023-02-05 07:30:00,113.7
2023-02-05 07:45:00,250.23
2023-02-05 08:00:00,360.1
2023-02-05 08:15:00,401.83
2023-02-05 08:30:00,423.76
2023-02-05 08:45:00,436.45
2023-02-05 09:00:00,447.33
2023-02-05 09:15:00,453.12
2023-02-05 09:30:00,455.11
2023-02-05 09:45:00,453.81
2023-02-05 10:00:00,448.4
2023-02-05 10:15:00,443.29
2023-02-05 10:30:00,437.37
2023-02-05 10:45:00,432.32
2023-02-05 11:00:00,427.33
2023-02-05 11:15:00,421.91
2023-02-05 11:30:00,418.3
2023-02-05 11:45:00,414.65
2023-02-05 12:00:00,412.62
2023-02-05 12:15:00,414.32
2023-02-05 12:30:00,416.64
2023-02-05 12:45:00,419.79
2023-02-05 13:00:00,424.39
2023-02-05 13:15:00,428.35
2023-02-05 13:30:00,431.53
2023-02-05 13:45:00,435.63
2023-02-05 14:00:00,438.56
2023-02-05 14:15:00,440.72
2023-02-05 14:30:00,438.27
2023-02-05 14:45:00,434.19
2023-02-05 15:00:00,423.68
2023-02-05 15:15:00,408.2
2023-02-05 15:30:00,387.26
2023-02-05 15:45:00,358.66
2023-02-05 16:00:00,305.29
2023-02-05 16:15:00,219.13
2023-02-05 16:30:00,136.17
2023-02-05 16:45:00,61.56
2023-02-05 17:00:00,9.74
2023-02-05 17:15:00,-0.0
2023-02-05 17:30:00,-0.0
2023-02-05 17:45:00,-0.0
2023-02-05 18:00:00,-0.0
2023-02-05 18:15:00,-0.0
2023-02-05 18:30:00,-0.0
2023-02-05 18:45:00,-0.0
2023-02-05 19:00:00,-0.0
2023-02-05 19:15:00,-0.0
2023-02-05 19:30:00,-0.0
2023-02-05 19:45:00,-0.0
2023-02-05 20:00:00,-0.0
2023-02-05 20:15:00,-0.0
2023-02-05 20:30:00,-0.0
2023-02-05 20:45:00,-0.0
2023-02-05 21:00:00,-0.0
2023-02-05 21:15:00,-0.0
2023-02-05 21:30:00,-0.0
2023-02-05 21:45:00,-0.0
2023-02-05 22:00:00,-0.0
2023-02-05 22:15:00,-0.0
2023-02-05 22:30:00,-0.0
2023-02-05 22:45:00,-0.0
2023-02-05 23:00:00,-0.0
2023-02-05 23:15:00,-0.0
2023-02-05 23:30:00,-0.0
2023-02-05 23:45:00,-0.0
2023-02-06 00:00:00,-0.0
2023-02-06 00:15:00,-0.0
2023-02-06 00:30:00,-0.0
2023-02-06 00:45:00,-0.0
2023-02-06 01:00:00,-0.0
2023-02-06 01:15:00,-0.0
2023-02-06 01:30:00,-0.0
2023-02-06 01:45:00,-0.0
2023-02-06 02:00:00,-0.0
2023-02-06 02:15:00,-0.0
2023-02-06 02:30:00,-0.0
2023-02-06 02:45:00,-0.0
2023-02-06 03:00:00,-0.0
2023-02-06 03:15:00,-0.0
2023-02-06 03:30:00,-0.0
2023-02-06 03:45:00,-0.0
2023-02-06 04:00:00,-0.0
2023-02-06 04:15:00,-0.0
2023-02-06 04:30:00,-0.0
2023-02-06 04:45:00,-0.0
2023-02-06 05:00:00,-0.0
2023-02-06 05:15:00,-0.0
2023-02-06 05:30:00,-0.0
2023-02-06 05:45:00,-0.0
2023-02-06 06:00:00,-0.0
2023-02-06 06:15:00,-0.0
2023-02-06 06:30:00,-0.0
2023-02-06 06:45:00,7.41
2023-02-06 07:00:00,35.31
2023-02-06 07:15:00,88.24
2023-02-06 07:30:00,139.35
2023-02-06 07:45:00,156.76
2023-02-06 08:00:00,222.83
2023-02-06 08:15:00,211.41
2023-02-06 08:30:00,219.35
2023-02-06 08:45:00,245.54
2023-02-06 09:00:00,219.84
2023-02-06 09:15:00,239.11
2023-02-06 09:30:00,301.3
2023-02-06 09:45:00,306.97
2023-02-06 10:00:00,410.84
2023-02-06 10:15:00,337.62
2023-02-06 10:30:00,312.88
2023-02-06 10:45:00,407.74
2023-02-06 11:00:00,428.74
2023-02-06 11:15:00,423.49
2023-02-06 11:30:00,419.61
2023-02-06 11:45:00,416.52
2023-02-06 12:00:00,405.88
2023-02-06 12:15:00,296.15
2023-02-06 12:30:00,283.65
2023-02-06 12:45:00,392.24
2023-02-06 13:00:00,426.1
2023-02-06 13:15:00,420.87
2023-02-06 13:30:00,305.01
2023-02-06 13:45:00,392.18
2023-02-06 14:00:00,319.28
2023-02-06 14:15:00,409.36
2023-02-06 14:30:00,440.38
2023-02-06 14:45:00,433.95
2023-02-06 15:00:00,426.14
2023-02-06 15:15:00,411.24
2023-02-06 15:30:00,390.94
2023-02-06 15:45:00,353.98
2023-02-06 16:00:00,198.09
2023-02-06 16:15:00,195.02
2023-02-06 16:30:00,75.8
2023-02-06 16:45:00,26.39
2023-02-06 17:00:00,5.45
2023-02-06 17:15:00,-0.0
2023-02-06 17:30:00,-0.0
2023-02-06 17:45:00,-0.0
2023-02-06 18:00:00,-0.0
2023-02-06 18:15:00,-0.0
2023-02-06 18:30:00,-0.0
2023-02-06 18:45:00,-0.0
2023-02-06 19:00:00,-0.0
2023-02-06 19:15:00,-0.0
2023-02-06 19:30:00,-0.0
2023-02-06 19:45:00,-0.0
2023-02-06 20:00:00,-0.0
2023-02-06 20:15:00,-0.0
2023-02-06 20:30:00,-0.0
2023-02-06 20:45:00,-0.0
2023-02-06 21:00:00,-0.0
2023-02-06 21:15:00,-0.0
2023-02-06 21:30:00,-0.0
2023-02-06 21:45:00,-0.0
2023-02-06 22:00:00,-0.0
2023-02-06 22:15:00,-0.0
2023-02-06 22:30:00,-0.0
2023-02-06 22:45:00,-0.0
2023-02-06 23:00:00,-0.0
2023-02-06 23:15:00,-0.0
2023-02-06 23:30:00,-0.0
2023-02-06 23:45:00,-0.0
2023-02-07 00:00:00,-0.0
2023-02-07 00:15:00,-0.0
2023-02-07 00:30:00,-0.0
2023-02-07 00:45:00,-0.0
2023-02-07 01:00:00,-0.0
2023-02-07 01:15:00,-0.0
2023-02-07 01:30:00,-0.0
2023-02-07 01:45:00,-0.0
2023-02-07 02:00:00,-0.0
2023-02-07 02:15:00,-0.0
2023-02-07 02:30:00,-0.0
2023-02-07 02:45:00,-0.0
2023-02-07 03:00:00,-0.0
2023-02-07 03:15:00,-0.0
2023-02-07 03:30:00,-0.0
2023-02-07 03:45:00,-0.0
2023-02-07 04:00:00,-0.0
2023-02-07 04:15:00,-0.0
2023-02-07 04:30:00,-0.0
2023-02-07 04:45:00,-0.0
2023-02-07 05:00:00,-0.0
2023-02-07 05:15:00,-0.0
2023-02-07 05:30:00,-0.0
2023-02-07 05:45:00,-0.0
2023-02-07 06:00:00,-0.0
2023-02-07 06:15:00,-0.0
2023-02-07 06:30:00,-0.0
2023-02-07 06:45:00,5.52
2023-02-07 07:00:00,20.47
2023-02-07 07:15:00,97.97
2023-02-07 07:30:00,188.92
2023-02-07 07:45:00,271.12
2023-02-07 08:00:00,355.62
2023-02-07 08:15:00,391.32
2023-02-07 08:30:00,412.83
2023-02-07 08:45:00,416.83
2023-02-07 09:00:00,277.63
2023-02-07 09:15:00,399.76
2023-02-07 09:30:00,448.12
2023-02-07 09:45:00,447.05
2023-02-07 10:00:00,440.6
2023-02-07 10:15:00,436.19
2023-02-07 10:30:00,431.01
2023-02-07 10:45:00,426.53
2023-02-07 11:00:00,421.98
2023-02-07 11:15:00,416.84
2023-02-07 11:30:00,413.33
2023-02-07 11:45:00,409.54
2023-02-07 12:00:00,407.15
2023-02-07 12:15:00,408.27
2023-02-07 12:30:00,410.13
2023-02-07 12:45:00,412.45
2023-02-07 13:00:00,415.92
2023-02-07 13:15:00,418.33
2023-02-07 13:30:00,419.91
2023-02-07 13:45:00,421.46
2023-02-07 14:00:00,421.29
2023-02-07 14:15:00,420.15
2023-02-07 14:30:00,413.7
2023-02-07 14:45:00,402.79
2023-02-07 15:00:00,386.43
2023-02-07 15:15:00,361.76
2023-02-07 15:30:00,334.01
2023-02-07 15:45:00,298.58
2023-02-07 16:00:00,239.59
2023-02-07 16:15:00,86.3
2023-02-07 16:30:00,32.77
2023-02-07 16:45:00,15.88
2023-02-07 17:00:00,4.06
2023-02-07 17:15:00,-0.0
2023-02-07 17:30:00,-0.0
2023-02-07 17:45:00,-0.0
2023-02-07 18:00:00,-0.0
2023-02-07 18:15:00,-0.0
2023-02-07 18:30:00,-0.0
2023-02-07 18:45:00,-0.0
2023-02-07 19:00:00,-0.0
2023-02-07 19:15:00,-0.0
2023-02-07 19:30:00,-0.0
2023-02-07 19:45:00,-0.0
2023-02-07 20:00:00,-0.0
2023-02-07 20:15:00,-0.0
2023-02-07 20:30:00,-0.0
2023-02-07 20:45:00,-0.0
2023-02-07 21:00:00,-0.0
2023-02-07 21:15:00,-0.0
2023-02-07 21:30:00,-0.0
2023-02-07 21:45:00,-0.0
2023-02-07 22:00:00,-0.0
2023-02-07 22:15:00,-0.0
2023-02-07 22:30:00,-0.0
2023-02-07 22:45:00,-0.0
2023-02-07 23:00:00,-0.0
2023-02-07 23:15:00,-0.0
2023-02-07 23:30:00,-0.0
2023-02-07 23:45:00,-0.0
2023-02-08 00:00:00,-0.0
2023-02-08 00:15:00,-0.0
2023-02-08 00:30:00,-0.0
2023-02-08 00:45:00,-0.0
2023-02-08 01:00:00,-0.0
2023-02-08 01:15:00,-0.0
2023-02-08 01:30:00,-0.0
2023-02-08 01:45:00,-0.0
2023-02-08 02:00:00,-0.0
2023-02-08 02:15:00,-0.0
2023-02-08 02:30:00,-0.0
2023-02-08 02:45:00,-0.0
2023-02-08 03:00:00,-0.0
2023-02-08 03:15:00,-0.0
2023-02-08 03:30:00,-0.0
2023-02-08 03:45:00,-0.0
2023-02-08 04:00:00,-0.0
2023-02-08 04:15:00,-0.0
2023-02-08 04:30:00,-0.0
2023-02-08 04:45:00,-0.0
2023-02-08 05:00:00,-0.0
2023-02-08 05:15:00,-0.0
2023-02-08 05:30:00,-0.0
2023-02-08 05:45:00,-0.0
2023-02-08 06:00:00,-0.0
2023-02-08 06:15:00,-0.0
2023-02-08 06:30:00,-0.0
2023-02-08 06:45:00,1.59
2023-02-08 07:00:00,6.23
2023-02-08 07:15:00,67.5
2023-02-08 07:30:00,136.59
2023-02-08 07:45:00,116.68
2023-02-08 08:00:00,67.71
2023-02-08 08:15:00,25.07
2023-02-08 08:30:00,31.97
2023-02-08 08:45:00,48.18
2023-02-08 09:00:00,30.3
2023-02-08 09:15:00,79.29
2023-02-08 09:30:00,147.96
2023-02-08 09:45:00,249.4
2023-02-08 10:00:00,265.68
2023-02-08 10:15:00,258.73
2023-02-08 10:30:00,225.87
2023-02-08 10:45:00,198.13
2023-02-08 11:00:00,225.53
2023-02-08 11:15:00,241.53
2023-02-08 11:30:00,224.52
2023-02-08 11:45:00,244.67
2023-02-08 12:00:00,244.6
2023-02-08 12:15:00,223.55
2023-02-08 12:30:00,251.81
2023-02-08 12:45:00,374.3
2023-02-08 13:00:00,412.43
2023-02-08 13:15:00,404.27
2023-02-08 13:30:00,238.77
2023-02-08 13:45:00,237.87
2023-02-08 14:00:00,386.44
2023-02-08 14:15:00,429.76
2023-02-08 14:30:00,428.4
2023-02-08 14:45:00,423.28
2023-02-08 15:00:00,412.16
2023-02-08 15:15:00,393.71
2023-02-08 15:30:00,368.84
2023-02-08 15:45:00,336.72
2023-02-08 16:00:00,281.71
2023-02-08 16:15:00,142.65
2023-02-08 16:30:00,31.25
2023-02-08 16:45:00,9.31
2023-02-08 17:00:00,2.58
2023-02-08 17:15:00,-0.0
2023-02-08 17:30:00,-0.0
2023-02-08 17:45:00,-0.0
2023-02-08 18:00:00,-0.0
2023-02-08 18:15:00,-0.0
2023-02-08 18:30:00,-0.0
2023-02-08 18:45:00,-0.0
2023-02-08 19:00:00,-0.0
2023-02-08 19:15:00,-0.0
2023-02-08 19:30:00,-0.0
2023-02-08 19:45:00,-0.0
2023-02-08 20:00:00,-0.0
2023-02-08 20:15:00,-0.0
2023-02-08 20:30:00,-0.0
2023-02-08 20:45:00,-0.0
2023-02-08 21:00:00,-0.0
2023-02-08 21:15:00,-0.0
2023-02-08 21:30:00,-0.0
2023-02-08 21:45:00,-0.0
2023-02-08 22:00:00,-0.0
2023-02-08 22:15:00,-0.0
2023-02-08 22:30:00,-0.0
2023-02-08 22:45:00,-0.0
2023-02-08 23:00:00,-0.0
2023-02-08 23:15:00,-0.0
2023-02-08 23:30:00,-0.0
2023-02-08 23:45:00,-0.0
2023-02-09 00:00:00,-0.0
2023-02-09 00:15:00,-0.0
2023-02-09 00:30:00,-0.0
2023-02-09 00:45:00,-0.0
2023-02-09 01:00:00,-0.0
2023-02-09 01:15:00,-0.0
2023-02-09 01:30:00,-0.0
2023-02-09 01:45:00,-0.0
2023-02-09 02:00:00,-0.0
2023-02-09 02:15:00,-0.0
2023-02-09 02:30:00,-0.0
2023-02-09 02:45:00,-0.0
2023-02-09 03:00:00,-0.0
2023-02-09 03:15:00,-0.0
2023-02-09 03:30:00,-0.0
2023-02-09 03:45:00,-0.0
2023-02-09 04:00:00,-0.0
2023-02-09 04:15:00,-0.0
2023-02-09 04:30:00,-0.0
2023-02-09 04:45:00,-0.0
2023-02-09 05:00:00,-0.0
2023-02-09 05:15:00,-0.0
2023-02-09 05:30:00,-0.0
2023-02-09 05:45:00,-0.0
2023-02-09 06:00:00,-0.0
2023-02-09 06:15:00,-0.0
2023-02-09 06:30:00,-0.0
2023-02-09 06:45:00,8.92
2023-02-09 07:00:00,39.11
2023-02-09 07:15:00,96.92
2023-02-09 07:30:00,165.8
2023-02-09 07:45:00,239.36
2023-02-09 08:00:00,317.21
2023-02-09 08:15:00,350.36
2023-02-09 08:30:00,375.34
2023-02-09 08:45:00,396.78
2023-02-09 09:00:00,412.54
2023-02-09 09:15:00,423.05
2023-02-09 09:30:00,429.28
2023-02-09 09:45:00,431.42
2023-02-09 10:00:00,430.9
2023-02-09 10:15:00,428.01
2023-02-09 10:30:00,424.5
2023-02-09 10:45:00,421.43
2023-02-09 11:00:00,417.89
2023-02-09 11:15:00,413.33
2023-02-09 11:30:00,410.31
2023-02-09 11:45:00,406.69
2023-02-09 12:00:00,404.54
2023-02-09 12:15:00,406.36
2023-02-09 12:30:00,408.72
2023-02-09 12:45:00,411.35
2023-02-09 13:00:00,415.03
2023-02-09 13:15:00,417.81
2023-02-09 13:30:00,419.78
2023-02-09 13:45:00,413.77
2023-02-09 14:00:00,294.8
2023-02-09 14:15:00,170.98
2023-02-09 14:30:00,79.77
2023-02-09 14:45:00,39.73
2023-02-09 15:00:00,22.19
2023-02-09 15:15:00,28.59
2023-02-09 15:30:00,28.6
2023-02-09 15:45:00,148.34
2023-02-09 16:00:00,54.16
2023-02-09 16:15:00,11.37
2023-02-09 16:30:00,6.85
2023-02-09 16:45:00,3.82
2023-02-09 17:00:00,1.12
2023-02-09 17:15:00,-0.0
2023-02-09 17:30:00,-0.0
2023-02-09 17:45:00,-0.0
2023-02-09 18:00:00,-0.0
2023-02-09 18:15:00,-0.0
2023-02-09 18:30:00,-0.0
2023-02-09 18:45:00,-0.0
2023-02-09 19:00:00,-0.0
2023-02-09 19:15:00,-0.0
2023-02-09 19:30:00,-0.0
2023-02-09 19:45:00,-0.0
2023-02-09 20:00:00,-0.0
2023-02-09 20:15:00,-0.0
2023-02-09 20:30:00,-0.0
2023-02-09 20:45:00,-0.0
2023-02-09 21:00:00,-0.0
2023-02-09 21:15:00,-0.0
2023-02-09 21:30:00,-0.0
2023-02-09 21:45:00,-0.0
2023-02-09 22:00:00,-0.0
2023-02-09 22:15:00,-0.0
2023-02-09 22:30:00,-0.0
2023-02-09 22:45:00,-0.0
2023-02-09 23:00:00,-0.0
2023-02-09 23:15:00,-0.0
2023-02-09 23:30:00,-0.0
2023-02-09 23:45:00,-0.0
2023-02-10 00:00:00,-0.0
2023-02-10 00:15:00,-0.0
2023-02-10 00:30:00,-0.0
2023-02-10 00:45:00,-0.0
2023-02-10 01:00:00,-0.0
2023-02-10 01:15:00,-0.0
2023-02-10 01:30:00,-0.0
2023-02-10 01:45:00,-0.0
2023-02-10 02:00:00,-0.0
2023-02-10 02:15:00,-0.0
2023-02-10 02:30:00,-0.0
2023-02-10 02:45:00,-0.0
2023-02-10 03:00:00,-0.0
2023-02-10 03:15:00,-0.0
2023-02-10 03:30:00,-0.0
2023-02-10 03:45:00,-0.0
2023-02-10 04:00:00,-0.0
2023-02-10 04:15:00,-0.0
2023-02-10 04:30:00,-0.0
2023-02-10 04:45:00,-0.0
2023-02-10 05:00:00,-0.0
2023-02-10 05:15:00,-0.0
2023-02-10 05:30:00,-0.0
2023-02-10 05:45:00,-0.0
2023-02-10 06:00:00,-0.0
2023-02-10 06:15:00,-0.0
2023-02-10 06:30:00,-0.0
2023-02-10 06:45:00,10.69
2023-02-10 07:00:00,51.49
2023-02-10 07:15:00,121.78
2023-02-10 07:30:00,199.72
2023-02-10 07:45:00,282.2
2023-02-10 08:00:00,365.77
2023-02-10 08:15:00,395.71
2023-02-10 08:30:00,417.8
2023-02-10 08:45:00,434.51
2023-02-10 09:00:00,446.16
2023-02-10 09:15:00,452.88
2023-02-10 09:30:00,455.73
2023-02-10 09:45:00,454.94
2023-02-10 10:00:00,451.78
2023-02-10 10:15:00,446.82
2023-02-10 10:30:00,441.73
2023-02-10 10:45:00,437.75
2023-02-10 11:00:00,432.79
2023-02-10 11:15:00,427.43
2023-02-10 11:30:00,423.83
2023-02-10 11:45:00,419.8
2023-02-10 12:00:00,417.27
2023-02-10 12:15:00,419.02
2023-02-10 12:30:00,421.21
2023-02-10 12:45:00,423.87
2023-02-10 13:00:00,427.62
2023-02-10 13:15:00,430.31
2023-02-10 13:30:00,432.25
2023-02-10 13:45:00,434.22
2023-02-10 14:00:00,434.7
2023-02-10 14:15:00,434.2
2023-02-10 14:30:00,429.15
2023-02-10 14:45:00,419.42
2023-02-10 15:00:00,405.19
2023-02-10 15:15:00,385.76
2023-02-10 15:30:00,350.05
2023-02-10 15:45:00,205.64
2023-02-10 16:00:00,122.55
2023-02-10 16:15:00,153.74
2023-02-10 16:30:00,125.33
2023-02-10 16:45:00,60.33
2023-02-10 17:00:00,14.31
2023-02-10 17:15:00,0.68
2023-02-10 17:30:00,-0.0
2023-02-10 17:45:00,-0.0
2023-02-10 18:00:00,-0.0
2023-02-10 18:15:00,-0.0
2023-02-10 18:30:00,-0.0
2023-02-10 18:45:00,-0.0
2023-02-10 19:00:00,-0.0
2023-02-10 19:15:00,-0.0
2023-02-10 19:30:00,-0.0
2023-02-10 19:45:00,-0.0
2023-02-10 20:00:00,-0.0
2023-02-10 20:15:00,-0.0
2023-02-10 20:30:00,-0.0
2023-02-10 20:45:00,-0.0
2023-02-10 21:00:00,-0.0
2023-02-10 21:15:00,-0.0
2023-02-10 21:30:00,-0.0
2023-02-10 21:45:00,-0.0
2023-02-10 22:00:00,-0.0
2023-02-10 22:15:00,-0.0
2023-02-10 22:30:00,-0.0
2023-02-10 22:45:00,-0.0
2023-02-10 23:00:00,-0.0
2023-02-10 23:15:00,-0.0
2023-02-10 23:30:00,-0.0
2023-02-10 23:45:00,-0.0
2023-02-11 00:00:00,-0.0
2023-02-11 00:15:00,-0.0
2023-02-11 00:30:00,-0.0
2023-02-11 00:45:00,-0.0
2023-02-11 01:00:00,-0.0
2023-02-11 01:15:00,-0.0
2023-02-11 01:30:00,-0.0
2023-02-11 01:45:00,-0.0
2023-02-11 02:00:00,-0.0
2023-02-11 02:15:00,-0.0
2023-02-11 02:30:00,-0.0
2023-02-11 02:45:00,-0.0
2023-02-11 03:00:00,-0.0
2023-02-11 03:15:00,-0.0
2023-02-11 03:30:00,-0.0
2023-02-11 03:45:00,-0.0
2023-02-11 04:00:00,-0.0
2023-02-11 04:15:00,-0.0
2023-02-11 04:30:00,-0.0
2023-02-11 04:45:00,-0.0
2023-02-11 05:00:00,-0.0
2023-02-11 05:15:00,-0.0
2023-02-11 05:30:00,-0.0
2023-02-11 05:45:00,-0.0
2023-02-11 06:00:00,-0.0
2023-02-11 06:15:00,-0.0
2023-02-11 06:30:00,-0.0
2023-02-11 06:45:00,10.71
2023-02-11 07:00:00,47.96
2023-02-11 07:15:00,78.35
2023-02-11 07:30:00,70.58
2023-02-11 07:45:00,80.56
2023-02-11 08:00:00,93.96
2023-02-11 08:15:00,103.42
2023-02-11 08:30:00,123.62
2023-02-11 08:45:00,97.34
2023-02-11 09:00:00,80.57
2023-02-11 09:15:00,89.44
2023-02-11 09:30:00,107.17
2023-02-11 09:45:00,120.91
2023-02-11 10:00:00,167.74
2023-02-11 10:15:00,170.39
2023-02-11 10:30:00,147.63
2023-02-11 10:45:00,150.34
2023-02-11 11:00:00,176.11
2023-02-11 11:15:00,173.85
2023-02-11 11:30:00,181.42
2023-02-11 11:45:00,198.93
2023-02-11 12:00:00,195.16
2023-02-11 12:15:00,217.68
2023-02-11 12:30:00,210.19
2023-02-11 12:45:00,149.69
2023-02-11 13:00:00,127.08
2023-02-11 13:15:00,135.25
2023-02-11 13:30:00,133.87
2023-02-11 13:45:00,92.47
2023-02-11 14:00:00,114.4
2023-02-11 14:15:00,151.29
2023-02-11 14:30:00,118.28
2023-02-11 14:45:00,200.46
2023-02-11 15:00:00,232.54
2023-02-11 15:15:00,214.2
2023-02-11 15:30:00,160.48
2023-02-11 15:45:00,156.5
2023-02-11 16:00:00,181.91
2023-02-11 16:15:00,64.66
2023-02-11 16:30:00,51.13
2023-02-11 16:45:00,30.86
2023-02-11 17:00:00,9.28
2023-02-11 17:15:00,0.65
2023-02-11 17:30:00,-0.0
2023-02-11 17:45:00,-0.0
2023-02-11 18:00:00,-0.0
2023-02-11 18:15:00,-0.0
2023-02-11 18:30:00,-0.0
2023-02-11 18:45:00,-0.0
2023-02-11 19:00:00,-0.0
2023-02-11 19:15:00,-0.0
2023-02-11 19:30:00,-0.0
2023-02-11 19:45:00,-0.0
2023-02-11 20:00:00,-0.0
2023-02-11 20:15:00,-0.0
2023-02-11 20:30:00,-0.0
2023-02-11 20:45:00,-0.0
2023-02-11 21:00:00,-0.0
2023-02-11 21:15:00,-0.0
2023-02-11 21:30:00,-0.0
2023-02-11 21:45:00,-0.0
2023-02-11 22:00:00,-0.0
2023-02-11 22:15:00,-0.0
2023-02-11 22:30:00,-0.0
2023-02-11 22:45:00,-0.0
2023-02-11 23:00:00,-0.0
2023-02-11 23:15:00,-0.0
2023-02-11 23:30:00,-0.0
2023-02-11 23:45:00,-0.0
2023-02-12 00:00:00,-0.0
2023-02-12 00:15:00,-0.0
2023-02-12 00:30:00,-0.0
2023-02-12 00:45:00,-0.0
2023-02-12 01:00:00,-0.0
2023-02-12 01:15:00,-0.0
2023-02-12 01:30:00,-0.0
2023-02-12 01:45:00,-0.0
2023-02-12 02:00:00,-0.0
2023-02-12 02:15:00,-0.0
2023-02-12 02:30:00,-0.0
2023-02-12 02:45:00,-0.0
2023-02-12 03:00:00,-0.0
2023-02-12 03:15:00,-0.0
2023-02-12 03:30:00,-0.0
2023-02-12 03:45:00,-0.0
2023-02-12 04:00:00,-0.0
2023-02-12 04:15:00,-0.0
2023-02-12 04:30:00,-0.0
2023-02-12 04:45:00,-0.0
2023-02-12 05:00:00,-0.0
2023-02-12 05:15:00,-0.0
2023-02-12 05:30:00,-0.0
2023-02-12 05:45:00,-0.0
2023-02-12 06:00:00,-0.0
2023-02-12 06:15:00,-0.0
2023-02-12 06:30:00,-0.0
2023-02-12 06:45:00,1.69
2023-02-12 07:00:00,4.72
2023-02-12 07:15:00,8.66
2023-02-12 07:30:00,28.61
2023-02-12 07:45:00,33.78
2023-02-12 08:00:00,40.59
2023-02-12 08:15:00,22.01
2023-02-12 08:30:00,17.18
2023-02-12 08:45:00,25.03
2023-02-12 09:00:00,25.21
2023-02-12 09:15:00,70.28
2023-02-12 09:30:00,77.95
2023-02-12 09:45:00,75.92
2023-02-12 10:00:00,73.98
2023-02-12 10:15:00,86.59
2023-02-12 10:30:00,92.55
2023-02-12 10:45:00,71.42
2023-02-12 11:00:00,45.35
2023-02-12 11:15:00,36.66
2023-02-12 11:30:00,50.45
2023-02-12 11:45:00,89.64
2023-02-12 12:00:00,82.54
2023-02-12 12:15:00,57.57
2023-02-12 12:30:00,68.05
2023-02-12 12:45:00,58.55
2023-02-12 13:00:00,47.74
2023-02-12 13:15:00,45.08
2023-02-12 13:30:00,68.89
2023-02-12 13:45:00,53.58
2023-02-12 14:00:00,50.84
2023-02-12 14:15:00,55.47
2023-02-12 14:30:00,28.82
2023-02-12 14:45:00,19.73
2023-02-12 15:00:00,18.25
2023-02-12 15:15:00,18.44
2023-02-12 15:30:00,36.13
2023-02-12 15:45:00,18.86
2023-02-12 16:00:00,11.24
2023-02-12 16:15:00,9.6
2023-02-12 16:30:00,7.44
2023-02-12 16:45:00,4.43
2023-02-12 17:00:00,1.6
2023-02-12 17:15:00,-0.0
2023-02-12 17:30:00,-0.0
2023-02-12 17:45:00,-0.0
2023-02-12 18:00:00,-0.0
2023-02-12 18:15:00,-0.0
2023-02-12 18:30:00,-0.0
2023-02-12 18:45:00,-0.0
2023-02-12 19:00:00,-0.0
2023-02-12 19:15:00,-0.0
2023-02-12 19:30:00,-0.0
2023-02-12 19:45:00,-0.0
2023-02-12 20:00:00,-0.0
2023-02-12 20:15:00,-0.0
2023-02-12 20:30:00,-0.0
2023-02-12 20:45:00,-0.0
2023-02-12 21:00:00,-0.0
2023-02-12 21:15:00,-0.0
2023-02-12 21:30:00,-0.0
2023-02-12 21:45:00,-0.0
2023-02-12 22:00:00,-0.0
2023-02-12 22:15:00,-0.0
2023-02-12 22:30:00,-0.0
2023-02-12 22:45:00,-0.0
2023-02-12 23:00:00,-0.0
2023-02-12 23:15:00,-0.0
2023-02-12 23:30:00,-0.0
2023-02-12 23:45:00,-0.0
2023-02-13 00:00:00,-0.0
2023-02-13 00:15:00,-0.0
2023-02-13 00:30:00,-0.0
2023-02-13 00:45:00,-0.0
2023-02-13 01:00:00,-0.0
2023-02-13 01:15:00,-0.0
2023-02-13 01:30:00,-0.0
2023-02-13 01:45:00,-0.0
2023-02-13 02:00:00,-0.0
2023-02-13 02:15:00,-0.0
2023-02-13 02:30:00,-0.0
2023-02-13 02:45:00,-0.0
2023-02-13 03:00:00,-0.0
2023-02-13 03:15:00,-0.0
2023-02-13 03:30:00,-0.0
2023-02-13 03:45:00,-0.0
2023-02-13 04:00:00,-0.0
2023-02-13 04:15:00,-0.0
2023-02-13 04:30:00,-0.0
2023-02-13 04:45:00,-0.0
2023-02-13 05:00:00,-0.0
2023-02-13 05:15:00,-0.0
2023-02-13 05:30:00,-0.0
2023-02-13 05:45:00,-0.0
2023-02-13 06:00:00,-0.0
2023-02-13 06:15:00,-0.0
2023-02-13 06:30:00,-0.0
2023-02-13 06:45:00,8.56
2023-02-13 07:00:00,28.76
2023-02-13 07:15:00,73.99
2023-02-13 07:30:00,86.23
2023-02-13 07:45:00,130.42
2023-02-13 08:00:00,174.19
2023-02-13 08:15:00,119.02
2023-02-13 08:30:00,130.63
2023-02-13 08:45:00,212.53
2023-02-13 09:00:00,196.51
2023-02-13 09:15:00,241.24
2023-02-13 09:30:00,303.13
2023-02-13 09:45:00,312.32
2023-02-13 10:00:00,317.12
2023-02-13 10:15:00,300.99
2023-02-13 10:30:00,298.56
2023-02-13 10:45:00,309.51
2023-02-13 11:00:00,307.83
2023-02-13 11:15:00,258.6
2023-02-13 11:30:00,251.96
2023-02-13 11:45:00,251.77
2023-02-13 12:00:00,234.54
2023-02-13 12:15:00,208.02
2023-02-13 12:30:00,252.26
2023-02-13 12:45:00,271.2
2023-02-13 13:00:00,251.07
2023-02-13 13:15:00,227.83
2023-02-13 13:30:00,233.85
2023-02-13 13:45:00,240.09
2023-02-13 14:00:00,263.83
2023-02-13 14:15:00,240.51
2023-02-13 14:30:00,190.47
2023-02-13 14:45:00,140.51
2023-02-13 15:00:00,201.87
2023-02-13 15:15:00,229.97
2023-02-13 15:30:00,223.4
2023-02-13 15:45:00,217.52
2023-02-13 16:00:00,157.67
2023-02-13 16:15:00,163.08
2023-02-13 16:30:00,103.49
2023-02-13 16:45:00,67.08
2023-02-13 17:00:00,23.44
2023-02-13 17:15:00,1.49
2023-02-13 17:30:00,-0.0
2023-02-13 17:45:00,-0.0
2023-02-13 18:00:00,-0.0
2023-02-13 18:15:00,-0.0
2023-02-13 18:30:00,-0.0
2023-02-13 18:45:00,-0.0
2023-02-13 19:00:00,-0.0
2023-02-13 19:15:00,-0.0
2023-02-13 19:30:00,-0.0
2023-02-13 19:45:00,-0.0
2023-02-13 20:00:00,-0.0
2023-02-13 20:15:00,-0.0
2023-02-13 20:30:00,-0.0
2023-02-13 20:45:00,-0.0
2023-02-13 21:00:00,-0.0
2023-02-13 21:15:00,-0.0
2023-02-13 21:30:00,-0.0
2023-02-13 21:45:00,-0.0
2023-02-13 22:00:00,-0.0
2023-02-13 22:15:00,-0.0
2023-02-13 22:30:00,-0.0
2023-02-13 22:45:00,-0.0
2023-02-13 23:00:00,-0.0
2023-02-13 23:15:00,-0.0
2023-02-13 23:30:00,-0.0
2023-02-13 23:45:00,-0.0
2023-02-14 00:00:00,-0.0
2023-02-14 00:15:00,-0.0
2023-02-14 00:30:00,-0.0
2023-02-14 00:45:00,-0.0
2023-02-14 01:00:00,-0.0
2023-02-14 01:15:00,-0.0
2023-02-14 01:30:00,-0.0
2023-02-14 01:45:00,-0.0
2023-02-14 02:00:00,-0.0
2023-02-14 02:15:00,-0.0
2023-02-14 02:30:00,-0.0
2023-02-14 02:45:00,-0.0
2023-02-14 03:00:00,-0.0
2023-02-14 03:15:00,-0.0
2023-02-14 03:30:00,-0.0
2023-02-14 03:45:00,-0.0
2023-02-14 04:00:00,-0.0
2023-02-14 04:15:00,-0.0
2023-02-14 04:30:00,-0.0
2023-02-14 04:45:00,-0.0
2023-02-14 05:00:00,-0.0
2023-02-14 05:15:00,-0.0
2023-02-14 05:30:00,-0.0
2023-02-14 05:45:00,-0.0
2023-02-14 06:00:00,-0.0
2023-02-14 06:15:00,-0.0
2023-02-14 06:30:00,2.24
2023-02-14 06:45:00,16.84
2023-02-14 07:00:00,46.57
2023-02-14 07:15:00,70.16
2023-02-14 07:30:00,141.18
2023-02-14 07:45:00,193.62
2023-02-14 08:00:00,206.43
2023-02-14 08:15:00,374.7
2023-02-14 08:30:00,439.31
2023-02-14 08:45:00,453.63
2023-02-14 09:00:00,454.39
2023-02-14 09:15:00,336.4
2023-02-14 09:30:00,303.95
2023-02-14 09:45:00,293.87
2023-02-14 10:00:00,294.3
2023-02-14 10:15:00,293.97
2023-02-14 10:30:00,292.02
2023-02-14 10:45:00,276.75
2023-02-14 11:00:00,275.89
2023-02-14 11:15:00,269.6
2023-02-14 11:30:00,274.19
2023-02-14 11:45:00,265.74
2023-02-14 12:00:00,266.62
2023-02-14 12:15:00,262.51
2023-02-14 12:30:00,257.9
2023-02-14 12:45:00,250.97
2023-02-14 13:00:00,243.17
2023-02-14 13:15:00,247.9
2023-02-14 13:30:00,249.91
2023-02-14 13:45:00,263.79
2023-02-14 14:00:00,261.92
2023-02-14 14:15:00,272.06
2023-02-14 14:30:00,192.75
2023-02-14 14:45:00,178.97
2023-02-14 15:00:00,170.07
2023-02-14 15:15:00,162.49
2023-02-14 15:30:00,164.57
2023-02-14 15:45:00,115.3
2023-02-14 16:00:00,98.81
2023-02-14 16:15:00,51.81
2023-02-14 16:30:00,61.51
2023-02-14 16:45:00,63.82
2023-02-14 17:00:00,23.73
2023-02-14 17:15:00,1.86
2023-02-14 17:30:00,-0.0
2023-02-14 17:45:00,-0.0
2023-02-14 18:00:00,-0.0
2023-02-14 18:15:00,-0.0
2023-02-14 18:30:00,-0.0
2023-02-14 18:45:00,-0.0
2023-02-14 19:00:00,-0.0
2023-02-14 19:15:00,-0.0
2023-02-14 19:30:00,-0.0
2023-02-14 19:45:00,-0.0
2023-02-14 20:00:00,-0.0
2023-02-14 20:15:00,-0.0
2023-02-14 20:30:00,-0.0
2023-02-14 20:45:00,-0.0
2023-02-14 21:00:00,-0.0
2023-02-14 21:15:00,-0.0
2023-02-14 21:30:00,-0.0
2023-02-14 21:45:00,-0.0
2023-02-14 22:00:00,-0.0
2023-02-14 22:15:00,-0.0
2023-02-14 22:30:00,-0.0
2023-02-14 22:45:00,-0.0
2023-02-14 23:00:00,-0.0
2023-02-14 23:15:00,-0.0
2023-02-14 23:30:00,-0.0
2023-02-14 23:45:00,-0.0
2023-02-15 00:00:00,-0.0
2023-02-15 00:15:00,-0.0
2023-02-15 00:30:00,-0.0
2023-02-15 00:45:00,-0.0
2023-02-15 01:00:00,-0.0
2023-02-15 01:15:00,-0.0
2023-02-15 01:30:00,-0.0
2023-02-15 01:45:00,-0.0
2023-02-15 02:00:00,-0.0
2023-02-15 02:15:00,-0.0
2023-02-15 02:30:00,-0.0
2023-02-15 02:45:00,-0.0
2023-02-15 03:00:00,-0.0
2023-02-15 03:15:00,-0.0
2023-02-15 03:30:00,-0.0
2023-02-15 03:45:00,-0.0
2023-02-15 04:00:00,-0.0
2023-02-15 04:15:00,-0.0
2023-02-15 04:30:00,-0.0
2023-02-15 04:45:00,-0.0
2023-02-15 05:00:00,-0.0
2023-02-15 05:15:00,-0.0
2023-02-15 05:30:00,-0.0
2023-02-15 05:45:00,-0.0
2023-02-15 06:00:00,-0.0
2023-02-15 06:15:00,-0.0
2023-02-15 06:30:00,2.65
2023-02-15 06:45:00,17.13
2023-02-15 07:00:00,41.11
2023-02-15 07:15:00,89.87
2023-02-15 07:30:00,147.37
2023-02-15 07:45:00,192.62
2023-02-15 08:00:00,223.17
2023-02-15 08:15:00,172.3
2023-02-15 08:30:00,89.29
2023-02-15 08:45:00,145.58
2023-02-15 09:00:00,117.23
2023-02-15 09:15:00,132.42
2023-02-15 09:30:00,352.99
2023-02-15 09:45:00,138.89
2023-02-15 10:00:00,352.54
2023-02-15 10:15:00,437.56
2023-02-15 10:30:00,433.12
2023-02-15 10:45:00,429.46
2023-02-15 11:00:00,424.96
2023-02-15 11:15:00,412.88
2023-02-15 11:30:00,319.64
2023-02-15 11:45:00,260.36
2023-02-15 12:00:00,166.29
2023-02-15 12:15:00,138.04
2023-02-15 12:30:00,161.29
2023-02-15 12:45:00,225.28
2023-02-15 13:00:00,254.56
2023-02-15 13:15:00,259.07
2023-02-15 13:30:00,214.12
2023-02-15 13:45:00,156.4
2023-02-15 14:00:00,145.95
2023-02-15 14:15:00,342.48
2023-02-15 14:30:00,165.31
2023-02-15 14:45:00,85.28
2023-02-15 15:00:00,325.89
2023-02-15 15:15:00,381.65
2023-02-15 15:30:00,343.74
2023-02-15 15:45:00,154.52
2023-02-15 16:00:00,67.43
2023-02-15 16:15:00,20.06
2023-02-15 16:30:00,21.09
2023-02-15 16:45:00,22.73
2023-02-15 17:00:00,10.36
2023-02-15 17:15:00,1.37
2023-02-15 17:30:00,-0.0
2023-02-15 17:45:00,-0.0
2023-02-15 18:00:00,-0.0
2023-02-15 18:15:00,-0.0
2023-02-15 18:30:00,-0.0
2023-02-15 18:45:00,-0.0
2023-02-15 19:00:00,-0.0
2023-02-15 19:15:00,-0.0
2023-02-15 19:30:00,-0.0
2023-02-15 19:45:00,-0.0
2023-02-15 20:00:00,-0.0
2023-02-15 20:15:00,-0.0
2023-02-15 20:30:00,-0.0
2023-02-15 20:45:00,-0.0
2023-02-15 21:00:00,-0.0
2023-02-15 21:15:00,-0.0
2023-02-15 21:30:00,-0.0
2023-02-15 21:45:00,-0.0
2023-02-15 22:00:00,-0.0
2023-02-15 22:15:00,-0.0
2023-02-15 22:30:00,-0.0
2023-02-15 22:45:00,-0.0
2023-02-15 23:00:00,-0.0
2023-02-15 23:15:00,-0.0
2023-02-15 23:30:00,-0.0
2023-02-15 23:45:00,-0.0
2023-02-16 00:00:00,-0.0
2023-02-16 00:15:00,-0.0
2023-02-16 00:30:00,-0.0
2023-02-16 00:45:00,-0.0
2023-02-16 01:00:00,-0.0
2023-02-16 01:15:00,-0.0
2023-02-16 01:30:00,-0.0
2023-02-16 01:45:00,-0.0
2023-02-16 02:00:00,-0.0
2023-02-16 02:15:00,-0.0
2023-02-16 02:30:00,-0.0
2023-02-16 02:45:00,-0.0
2023-02-16 03:00:00,-0.0
2023-02-16 03:15:00,-0.0
2023-02-16 03:30:00,-0.0
2023-02-16 03:45:00,-0.0
2023-02-16 04:00:00,-0.0
2023-02-16 04:15:00,-0.0
2023-02-16 04:30:00,-0.0
2023-02-16 04:45:00,-0.0
2023-02-16 05:00:00,-0.0
2023-02-16 05:15:00,-0.0
2023-02-16 05:30:00,-0.0
2023-02-16 05:45:00,-0.0
2023-02-16 06:00:00,-0.0
2023-02-16 06:15:00,-0.0
2023-02-16 06:30:00,3.11
2023-02-16 06:45:00,20.42
2023-02-16 07:00:00,80.03
2023-02-16 07:15:00,158.19
2023-02-16 07:30:00,242.97
2023-02-16 07:45:00,328.93
2023-02-16 08:00:00,395.73
2023-02-16 08:15:00,421.63
2023-02-16 08:30:00,440.89
2023-02-16 08:45:00,452.48
2023-02-16 09:00:00,456.36
2023-02-16 09:15:00,351.94
2023-02-16 09:30:00,438.48
2023-02-16 09:45:00,467.23
2023-02-16 10:00:00,463.41
2023-02-16 10:15:00,458.22
2023-02-16 10:30:00,453.97
2023-02-16 10:45:00,449.22
2023-02-16 11:00:00,444.59
2023-02-16 11:15:00,439.44
2023-02-16 11:30:00,436.33
2023-02-16 11:45:00,432.78
2023-02-16 12:00:00,430.51
2023-02-16 12:15:00,431.8
2023-02-16 12:30:00,434.06
2023-02-16 12:45:00,435.88
2023-02-16 13:00:00,439.39
2023-02-16 13:15:00,442.26
2023-02-16 13:30:00,443.91
2023-02-16 13:45:00,446.08
2023-02-16 14:00:00,449.77
2023-02-16 14:15:00,450.01
2023-02-16 14:30:00,447.1
2023-02-16 14:45:00,439.65
2023-02-16 15:00:00,428.18
2023-02-16 15:15:00,412.6
2023-02-16 15:30:00,391.68
2023-02-16 15:45:00,364.72
2023-02-16 16:00:00,329.8
2023-02-16 16:15:00,256.69
2023-02-16 16:30:00,173.68
2023-02-16 16:45:00,97.95
2023-02-16 17:00:00,36.78
2023-02-16 17:15:00,2.93
2023-02-16 17:30:00,-0.0
2023-02-16 17:45:00,-0.0
2023-02-16 18:00:00,-0.0
2023-02-16 18:15:00,-0.0
2023-02-16 18:30:00,-0.0
2023-02-16 18:45:00,-0.0
2023-02-16 19:00:00,-0.0
2023-02-16 19:15:00,-0.0
2023-02-16 19:30:00,-0.0
2023-02-16 19:45:00,-0.0
2023-02-16 20:00:00,-0.0
2023-02-16 20:15:00,-0.0
2023-02-16 20:30:00,-0.0
2023-02-16 20:45:00,-0.0
2023-02-16 21:00:00,-0.0
2023-02-16 21:15:00,-0.0
2023-02-16 21:30:00,-0.0
2023-02-16 21:45:00,-0.0
2023-02-16 22:00:00,-0.0
2023-02-16 22:15:00,-0.0
2023-02-16 22:30:00,-0.0
2023-02-16 22:45:00,-0.0
2023-02-16 23:00:00,-0.0
2023-02-16 23:15:00,-0.0
2023-02-16 23:30:00,-0.0
2023-02-16 23:45:00,-0.0
2023-02-17 00:00:00,-0.0
2023-02-17 00:15:00,-0.0
2023-02-17 00:30:00,-0.0
2023-02-17 00:45:00,-0.0
2023-02-17 01:00:00,-0.0
2023-02-17 01:15:00,-0.0
2023-02-17 01:30:00,-0.0
2023-02-17 01:45:00,-0.0
2023-02-17 02:00:00,-0.0
2023-02-17 02:15:00,-0.0
2023-02-17 02:30:00,-0.0
2023-02-17 02:45:00,-0.0
2023-02-17 03:00:00,-0.0
2023-02-17 03:15:00,-0.0
2023-02-17 03:30:00,-0.0
2023-02-17 03:45:00,-0.0
2023-02-17 04:00:00,-0.0
2023-02-17 04:15:00,-0.0
2023-02-17 04:30:00,-0.0
2023-02-17 04:45:00,-0.0
2023-02-17 05:00:00,-0.0
2023-02-17 05:15:00,-0.0
2023-02-17 05:30:00,-0.0
2023-02-17 05:45:00,-0.0
2023-02-17 06:00:00,-0.0
2023-02-17 06:15:00,-0.0
2023-02-17 06:30:00,3.7
2023-02-17 06:45:00,19.68
2023-02-17 07:00:00,72.38
2023-02-17 07:15:00,133.79
2023-02-17 07:30:00,94.73
2023-02-17 07:45:00,131.17
2023-02-17 08:00:00,151.88
2023-02-17 08:15:00,95.37
2023-02-17 08:30:00,220.22
2023-02-17 08:45:00,192.68
2023-02-17 09:00:00,369.48
2023-02-17 09:15:00,282.45
2023-02-17 09:30:00,256.4
2023-02-17 09:45:00,240.05
2023-02-17 10:00:00,220.84
2023-02-17 10:15:00,219.9
2023-02-17 10:30:00,223.08
2023-02-17 10:45:00,223.55
2023-02-17 11:00:00,234.91
2023-02-17 11:15:00,236.06
2023-02-17 11:30:00,255.22
2023-02-17 11:45:00,262.86
2023-02-17 12:00:00,259.71
2023-02-17 12:15:00,260.39
2023-02-17 12:30:00,259.6
2023-02-17 12:45:00,264.61
2023-02-17 13:00:00,253.22
2023-02-17 13:15:00,262.38
2023-02-17 13:30:00,277.63
2023-02-17 13:45:00,256.73
2023-02-17 14:00:00,255.19
2023-02-17 14:15:00,238.51
2023-02-17 14:30:00,253.44
2023-02-17 14:45:00,230.92
2023-02-17 15:00:00,213.3
2023-02-17 15:15:00,199.56
2023-02-17 15:30:00,234.79
2023-02-17 15:45:00,179.03
2023-02-17 16:00:00,162.07
2023-02-17 16:15:00,98.48
2023-02-17 16:30:00,68.61
2023-02-17 16:45:00,73.98
2023-02-17 17:00:00,31.26
2023-02-17 17:15:00,3.14
2023-02-17 17:30:00,-0.0
2023-02-17 17:45:00,-0.0
2023-02-17 18:00:00,-0.0
2023-02-17 18:15:00,-0.0
2023-02-17 18:30:00,-0.0
2023-02-17 18:45:00,-0.0
2023-02-17 19:00:00,-0.0
2023-02-17 19:15:00,-0.0
2023-02-17 19:30:00,-0.0
2023-02-17 19:45:00,-0.0
2023-02-17 20:00:00,-0.0
2023-02-17 20:15:00,-0.0
2023-02-17 20:30:00,-0.0
2023-02-17 20:45:00,-0.0
2023-02-17 21:00:00,-0.0
2023-02-17 21:15:00,-0.0
2023-02-17 21:30:00,-0.0
2023-02-17 21:45:00,-0.0
2023-02-17 22:00:00,-0.0
2023-02-17 22:15:00,-0.0
2023-02-17 22:30:00,-0.0
2023-02-17 22:45:00,-0.0
2023-02-17 23:00:00,-0.0
2023-02-17 23:15:00,-0.0
2023-02-17 23:30:00,-0.0
2023-02-17 23:45:00,-0.0
2023-02-18 00:00:00,-0.0
2023-02-18 00:15:00,-0.0
2023-02-18 00:30:00,-0.0
2023-02-18 00:45:00,-0.0
2023-02-18 01:00:00,-0.0
2023-02-18 01:15:00,-0.0
2023-02-18 01:30:00,-0.0
2023-02-18 01:45:00,-0.0
2023-02-18 02:00:00,-0.0
2023-02-18 02:15:00,-0.0
2023-02-18 02:30:00,-0.0
2023-02-18 02:45:00,-0.0
2023-02-18 03:00:00,-0.0
2023-02-18 03:15:00,-0.0
2023-02-18 03:30:00,-0.0
2023-02-18 03:45:00,-0.0
2023-02-18 04:00:00,-0.0
2023-02-18 04:15:00,-0.0
2023-02-18 04:30:00,-0.0
2023-02-18 04:45:00,-0.0
2023-02-18 05:00:00,-0.0
2023-02-18 05:15:00,-0.0
2023-02-18 05:30:00,-0.0
2023-02-18 05:45:00,-0.0
2023-02-18 06:00:00,-0.0
2023-02-18 06:15:00,-0.0
2023-02-18 06:30:00,3.02
2023-02-18 06:45:00,13.14
2023-02-18 07:00:00,66.2
2023-02-18 07:15:00,107.3
2023-02-18 07:30:00,145.25
2023-02-18 07:45:00,274.23
2023-02-18 08:00:00,355.71
2023-02-18 08:15:00,386.27
2023-02-18 08:30:00,398.75
2023-02-18 08:45:00,263.55
2023-02-18 09:00:00,278.44
2023-02-18 09:15:00,415.71
2023-02-18 09:30:00,454.9
2023-02-18 09:45:00,454.97
2023-02-18 10:00:00,453.27
2023-02-18 10:15:00,450.32
2023-02-18 10:30:00,447.31
2023-02-18 10:45:00,443.66
2023-02-18 11:00:00,439.83
2023-02-18 11:15:00,435.7
2023-02-18 11:30:00,432.19
2023-02-18 11:45:00,428.69
2023-02-18 12:00:00,426.59
2023-02-18 12:15:00,428.47
2023-02-18 12:30:00,431.16
2023-02-18 12:45:00,433.39
2023-02-18 13:00:00,437.08
2023-02-18 13:15:00,440.03
2023-02-18 13:30:00,441.65
2023-02-18 13:45:00,443.85
2023-02-18 14:00:00,445.36
2023-02-18 14:15:00,445.17
2023-02-18 14:30:00,442.33
2023-02-18 14:45:00,435.07
2023-02-18 15:00:00,423.36
2023-02-18 15:15:00,406.8
2023-02-18 15:30:00,384.8
2023-02-18 15:45:00,356.86
2023-02-18 16:00:00,319.21
2023-02-18 16:15:00,252.44
2023-02-18 16:30:00,172.61
2023-02-18 16:45:00,99.11
2023-02-18 17:00:00,36.98
2023-02-18 17:15:00,3.94
2023-02-18 17:30:00,-0.0
2023-02-18 17:45:00,-0.0
2023-02-18 18:00:00,-0.0
2023-02-18 18:15:00,-0.0
2023-02-18 18:30:00,-0.0
2023-02-18 18:45:00,-0.0
2023-02-18 19:00:00,-0.0
2023-02-18 19:15:00,-0.0
2023-02-18 19:30:00,-0.0
2023-02-18 19:45:00,-0.0
2023-02-18 20:00:00,-0.0
2023-02-18 20:15:00,-0.0
2023-02-18 20:30:00,-0.0
2023-02-18 20:45:00,-0.0
2023-02-18 21:00:00,-0.0
2023-02-18 21:15:00,-0.0
2023-02-18 21:30:00,-0.0
2023-02-18 21:45:00,-0.0
2023-02-18 22:00:00,-0.0
2023-02-18 22:15:00,-0.0
2023-02-18 22:30:00,-0.0
2023-02-18 22:45:00,-0.0
2023-02-18 23:00:00,-0.0
2023-02-18 23:15:00,-0.0
2023-02-18 23:30:00,-0.0
2023-02-18 23:45:00,-0.0
2023-02-19 00:00:00,-0.0
2023-02-19 00:15:00,-0.0
2023-02-19 00:30:00,-0.0
2023-02-19 00:45:00,-0.0
2023-02-19 01:00:00,-0.0
2023-02-19 01:15:00,-0.0
2023-02-19 01:30:00,-0.0
2023-02-19 01:45:00,-0.0
2023-02-19 02:00:00,-0.0
2023-02-19 02:15:00,-0.0
2023-02-19 02:30:00,-0.0
2023-02-19 02:45:00,-0.0
2023-02-19 03:00:00,-0.0
2023-02-19 03:15:00,-0.0
2023-02-19 03:30:00,-0.0
2023-02-19 03:45:00,-0.0
2023-02-19 04:00:00,-0.0
2023-02-19 04:15:00,-0.0
2023-02-19 04:30:00,-0.0
2023-02-19 04:45:00,-0.0
2023-02-19 05:00:00,-0.0
2023-02-19 05:15:00,-0.0
2023-02-19 05:30:00,-0.0
2023-02-19 05:45:00,-0.0
2023-02-19 06:00:00,-0.0
2023-02-19 06:15:00,-0.0
2023-02-19 06:30:00,3.72
2023-02-19 06:45:00,14.31
2023-02-19 07:00:00,38.46
2023-02-19 07:15:00,98.51
2023-02-19 07:30:00,158.12
2023-02-19 07:45:00,301.0
2023-02-19 08:00:00,372.57
2023-02-19 08:15:00,222.1
2023-02-19 08:30:00,194.14
2023-02-19 08:45:00,385.45
2023-02-19 09:00:00,330.68
2023-02-19 09:15:00,293.5
2023-02-19 09:30:00,294.94
2023-02-19 09:45:00,313.28
2023-02-19 10:00:00,432.16
2023-02-19 10:15:00,458.57
2023-02-19 10:30:00,455.2
2023-02-19 10:45:00,451.3
2023-02-19 11:00:00,440.06
2023-02-19 11:15:00,331.42
2023-02-19 11:30:00,312.95
2023-02-19 11:45:00,408.62
2023-02-19 12:00:00,434.86
2023-02-19 12:15:00,436.68
2023-02-19 12:30:00,439.41
2023-02-19 12:45:00,441.82
2023-02-19 13:00:00,445.74
2023-02-19 13:15:00,449.25
2023-02-19 13:30:00,451.73
2023-02-19 13:45:00,455.06
2023-02-19 14:00:00,458.15
2023-02-19 14:15:00,459.75
2023-02-19 14:30:00,461.73
2023-02-19 14:45:00,457.43
2023-02-19 15:00:00,448.61
2023-02-19 15:15:00,434.73
2023-02-19 15:30:00,415.68
2023-02-19 15:45:00,390.83
2023-02-19 16:00:00,358.07
2023-02-19 16:15:00,290.94
2023-02-19 16:30:00,204.37
2023-02-19 16:45:00,122.42
2023-02-19 17:00:00,51.31
2023-02-19 17:15:00,5.81
2023-02-19 17:30:00,-0.0
2023-02-19 17:45:00,-0.0
2023-02-19 18:00:00,-0.0
2023-02-19 18:15:00,-0.0
2023-02-19 18:30:00,-0.0
2023-02-19 18:45:00,-0.0
2023-02-19 19:00:00,-0.0
2023-02-19 19:15:00,-0.0
2023-02-19 19:30:00,-0.0
2023-02-19 19:45:00,-0.0
2023-02-19 20:00:00,-0.0
2023-02-19 20:15:00,-0.0
2023-02-19 20:30:00,-0.0
2023-02-19 20:45:00,-0.0
2023-02-19 21:00:00,-0.0
2023-02-19 21:15:00,-0.0
2023-02-19 21:30:00,-0.0
2023-02-19 21:45:00,-0.0
2023-02-19 22:00:00,-0.0
2023-02-19 22:15:00,-0.0
2023-02-19 22:30:00,-0.0
2023-02-19 22:45:00,-0.0
2023-02-19 23:00:00,-0.0
2023-02-19 23:15:00,-0.0
2023-02-19 23:30:00,-0.0
2023-02-19 23:45:00,-0.0
2023-02-20 00:00:00,-0.0
2023-02-20 00:15:00,-0.0
2023-02-20 00:30:00,-0.0
2023-02-20 00:45:00,-0.0
2023-02-20 01:00:00,-0.0
2023-02-20 01:15:00,-0.0
2023-02-20 01:30:00,-0.0
2023-02-20 01:45:00,-0.0
2023-02-20 02:00:00,-0.0
2023-02-20 02:15:00,-0.0
2023-02-20 02:30:00,-0.0
2023-02-20 02:45:00,-0.0
2023-02-20 03:00:00,-0.0
2023-02-20 03:15:00,-0.0
2023-02-20 03:30:00,-0.0
2023-02-20 03:45:00,-0.0
2023-02-20 04:00:00,-0.0
2023-02-20 04:15:00,-0.0
2023-02-20 04:30:00,-0.0
2023-02-20 04:45:00,-0.0
2023-02-20 05:00:00,-0.0
2023-02-20 05:15:00,-0.0
2023-02-20 05:30:00,-0.0
2023-02-20 05:45:00,-0.0
2023-02-20 06:00:00,-0.0
2023-02-20 06:15:00,-0.0
2023-02-20 06:30:00,4.13
2023-02-20 06:45:00,15.9
2023-02-20 07:00:00,85.74
2023-02-20 07:15:00,170.22
2023-02-20 07:30:00,252.27
2023-02-20 07:45:00,337.85
2023-02-20 08:00:00,391.14
2023-02-20 08:15:00,418.6
2023-02-20 08:30:00,439.43
2023-02-20 08:45:00,455.36
2023-02-20 09:00:00,466.62
2023-02-20 09:15:00,463.3
2023-02-20 09:30:00,336.23
2023-02-20 09:45:00,437.4
2023-02-20 10:00:00,471.11
2023-02-20 10:15:00,467.54
2023-02-20 10:30:00,464.24
2023-02-20 10:45:00,460.54
2023-02-20 11:00:00,447.28
2023-02-20 11:15:00,321.83
2023-02-20 11:30:00,273.04
2023-02-20 11:45:00,300.37
2023-02-20 12:00:00,412.58
2023-02-20 12:15:00,446.5
2023-02-20 12:30:00,449.04
2023-02-20 12:45:00,451.17
2023-02-20 13:00:00,454.88
2023-02-20 13:15:00,458.07
2023-02-20 13:30:00,460.11
2023-02-20 13:45:00,463.02
2023-02-20 14:00:00,465.45
2023-02-20 14:15:00,461.33
2023-02-20 14:30:00,353.23
2023-02-20 14:45:00,252.06
2023-02-20 15:00:00,249.11
2023-02-20 15:15:00,235.3
2023-02-20 15:30:00,197.49
2023-02-20 15:45:00,173.38
2023-02-20 16:00:00,151.44
2023-02-20 16:15:00,157.0
2023-02-20 16:30:00,144.17
2023-02-20 16:45:00,84.74
2023-02-20 17:00:00,37.07
2023-02-20 17:15:00,5.24
2023-02-20 17:30:00,-0.0
2023-02-20 17:45:00,-0.0
2023-02-20 18:00:00,-0.0
2023-02-20 18:15:00,-0.0
2023-02-20 18:30:00,-0.0
2023-02-20 18:45:00,-0.0
2023-02-20 19:00:00,-0.0
2023-02-20 19:15:00,-0.0
2023-02-20 19:30:00,-0.0
2023-02-20 19:45:00,-0.0
2023-02-20 20:00:00,-0.0
2023-02-20 20:15:00,-0.0
2023-02-20 20:30:00,-0.0
2023-02-20 20:45:00,-0.0
2023-02-20 21:00:00,-0.0
2023-02-20 21:15:00,-0.0
2023-02-20 21:30:00,-0.0
2023-02-20 21:45:00,-0.0
2023-02-20 22:00:00,-0.0
2023-02-20 22:15:00,-0.0
2023-02-20 22:30:00,-0.0
2023-02-20 22:45:00,-0.0
2023-02-20 23:00:00,-0.0
2023-02-20 23:15:00,-0.0
2023-02-20 23:30:00,-0.0
2023-02-20 23:45:00,-0.0
2023-02-21 00:00:00,-0.0
2023-02-21 00:15:00,-0.0
2023-02-21 00:30:00,-0.0
2023-02-21 00:45:00,-0.0
2023-02-21 01:00:00,-0.0
2023-02-21 01:15:00,-0.0
2023-02-21 01:30:00,-0.0
2023-02-21 01:45:00,-0.0
2023-02-21 02:00:00,-0.0
2023-02-21 02:15:00,-0.0
2023-02-21 02:30:00,-0.0
2023-02-21 02:45:00,-0.0
2023-02-21 03:00:00,-0.0
2023-02-21 03:15:00,-0.0
2023-02-21 03:30:00,-0.0
2023-02-21 03:45:00,-0.0
2023-02-21 04:00:00,-0.0
2023-02-21 04:15:00,-0.0
2023-02-21 04:30:00,-0.0
2023-02-21 04:45:00,-0.0
2023-02-21 05:00:00,-0.0
2023-02-21 05:15:00,-0.0
2023-02-21 05:30:00,-0.0
2023-02-21 05:45:00,-0.0
2023-02-21 06:00:00,-0.0
2023-02-21 06:15:00,-0.0
2023-02-21 06:30:00,6.68
2023-02-21 06:45:00,33.44
2023-02-21 07:00:00,101.92
2023-02-21 07:15:00,181.43
2023-02-21 07:30:00,254.74
2023-02-21 07:45:00,173.45
2023-02-21 08:00:00,104.58
2023-02-21 08:15:00,111.87
2023-02-21 08:30:00,103.88
2023-02-21 08:45:00,189.62
2023-02-21 09:00:00,417.0
2023-02-21 09:15:00,477.26
2023-02-21 09:30:00,479.8
2023-02-21 09:45:00,477.92
2023-02-21 10:00:00,465.95
2023-02-21 10:15:00,337.33
2023-02-21 10:30:00,294.24
2023-02-21 10:45:00,267.07
2023-02-21 11:00:00,276.29
2023-02-21 11:15:00,261.08
2023-02-21 11:30:00,297.7
2023-02-21 11:45:00,296.11
2023-02-21 12:00:00,293.53
2023-02-21 12:15:00,411.45
2023-02-21 12:30:00,450.15
2023-02-21 12:45:00,452.55
2023-02-21 13:00:00,456.93
2023-02-21 13:15:00,460.69
2023-02-21 13:30:00,464.38
2023-02-21 13:45:00,467.4
2023-02-21 14:00:00,471.22
2023-02-21 14:15:00,473.71
2023-02-21 14:30:00,474.65
2023-02-21 14:45:00,471.43
2023-02-21 15:00:00,464.34
2023-02-21 15:15:00,452.57
2023-02-21 15:30:00,439.04
2023-02-21 15:45:00,417.77
2023-02-21 16:00:00,389.26
2023-02-21 16:15:00,329.11
2023-02-21 16:30:00,239.62
2023-02-21 16:45:00,152.45
2023-02-21 17:00:00,71.6
2023-02-21 17:15:00,11.21
2023-02-21 17:30:00,-0.0
2023-02-21 17:45:00,-0.0
2023-02-21 18:00:00,-0.0
2023-02-21 18:15:00,-0.0
2023-02-21 18:30:00,-0.0
2023-02-21 18:45:00,-0.0
2023-02-21 19:00:00,-0.0
2023-02-21 19:15:00,-0.0
2023-02-21 19:30:00,-0.0
2023-02-21 19:45:00,-0.0
2023-02-21 20:00:00,-0.0
2023-02-21 20:15:00,-0.0
2023-02-21 20:30:00,-0.0
2023-02-21 20:45:00,-0.0
2023-02-21 21:00:00,-0.0
2023-02-21 21:15:00,-0.0
2023-02-21 21:30:00,-0.0
2023-02-21 21:45:00,-0.0
2023-02-21 22:00:00,-0.0
2023-02-21 22:15:00,-0.0
2023-02-21 22:30:00,-0.0
2023-02-21 22:45:00,-0.0
2023-02-21 23:00:00,-0.0
2023-02-21 23:15:00,-0.0
2023-02-21 23:30:00,-0.0
2023-02-21 23:45:00,-0.0
2023-02-22 00:00:00,-0.0
2023-02-22 00:15:00,-0.0
2023-02-22 00:30:00,-0.0
2023-02-22 00:45:00,-0.0
2023-02-22 01:00:00,-0.0
2023-02-22 01:15:00,-0.0
2023-02-22 01:30:00,-0.0
2023-02-22 01:45:00,-0.0
2023-02-22 02:00:00,-0.0
2023-02-22 02:15:00,-0.0
2023-02-22 02:30:00,-0.0
2023-02-22 02:45:00,-0.0
2023-02-22 03:00:00,-0.0
2023-02-22 03:15:00,-0.0
2023-02-22 03:30:00,-0.0
2023-02-22 03:45:00,-0.0
2023-02-22 04:00:00,-0.0
2023-02-22 04:15:00,-0.0
2023-02-22 04:30:00,-0.0
2023-02-22 04:45:00,-0.0
2023-02-22 05:00:00,-0.0
2023-02-22 05:15:00,-0.0
2023-02-22 05:30:00,-0.0
2023-02-22 05:45:00,-0.0
2023-02-22 06:00:00,-0.0
2023-02-22 06:15:00,-0.0
2023-02-22 06:30:00,6.97
2023-02-22 06:45:00,28.3
2023-02-22 07:00:00,61.26
2023-02-22 07:15:00,86.9
2023-02-22 07:30:00,107.42
2023-02-22 07:45:00,145.62
2023-02-22 08:00:00,311.27
2023-02-22 08:15:00,376.8
2023-02-22 08:30:00,388.29
2023-02-22 08:45:00,261.95
2023-02-22 09:00:00,387.71
2023-02-22 09:15:00,441.84
2023-02-22 09:30:00,447.53
2023-02-22 09:45:00,448.64
2023-02-22 10:00:00,448.41
2023-02-22 10:15:00,446.63
2023-02-22 10:30:00,444.45
2023-02-22 10:45:00,441.59
2023-02-22 11:00:00,438.37
2023-02-22 11:15:00,426.98
2023-02-22 11:30:00,324.9
2023-02-22 11:45:00,279.36
2023-02-22 12:00:00,389.37
2023-02-22 12:15:00,426.32
2023-02-22 12:30:00,427.92
2023-02-22 12:45:00,428.44
2023-02-22 13:00:00,430.19
2023-02-22 13:15:00,430.63
2023-02-22 13:30:00,430.08
2023-02-22 13:45:00,427.81
2023-02-22 14:00:00,423.4
2023-02-22 14:15:00,418.3
2023-02-22 14:30:00,410.72
2023-02-22 14:45:00,398.38
2023-02-22 15:00:00,381.47
2023-02-22 15:15:00,359.55
2023-02-22 15:30:00,332.39
2023-02-22 15:45:00,299.78
2023-02-22 16:00:00,252.65
2023-02-22 16:15:00,198.07
2023-02-22 16:30:00,132.02
2023-02-22 16:45:00,71.47
2023-02-22 17:00:00,30.36
2023-02-22 17:15:00,5.44
2023-02-22 17:30:00,-0.0
2023-02-22 17:45:00,-0.0
2023-02-22 18:00:00,-0.0
2023-02-22 18:15:00,-0.0
2023-02-22 18:30:00,-0.0
2023-02-22 18:45:00,-0.0
2023-02-22 19:00:00,-0.0
2023-02-22 19:15:00,-0.0
2023-02-22 19:30:00,-0.0
2023-02-22 19:45:00,-0.0
2023-02-22 20:00:00,-0.0
2023-02-22 20:15:00,-0.0
2023-02-22 20:30:00,-0.0
2023-02-22 20:45:00,-0.0
2023-02-22 21:00:00,-0.0
2023-02-22 21:15:00,-0.0
2023-02-22 21:30:00,-0.0
2023-02-22 21:45:00,-0.0
2023-02-22 22:00:00,-0.0
2023-02-22 22:15:00,-0.0
2023-02-22 22:30:00,-0.0
2023-02-22 22:45:00,-0.0
2023-02-22 23:00:00,-0.0
2023-02-22 23:15:00,-0.0
2023-02-22 23:30:00,-0.0
2023-02-22 23:45:00,-0.0
2023-02-23 00:00:00,-0.0
2023-02-23 00:15:00,-0.0
2023-02-23 00:30:00,-0.0
2023-02-23 00:45:00,-0.0
2023-02-23 01:00:00,-0.0
2023-02-23 01:15:00,-0.0
2023-02-23 01:30:00,-0.0
2023-02-23 01:45:00,-0.0
2023-02-23 02:00:00,-0.0
2023-02-23 02:15:00,-0.0
2023-02-23 02:30:00,-0.0
2023-02-23 02:45:00,-0.0
2023-02-23 03:00:00,-0.0
2023-02-23 03:15:00,-0.0
2023-02-23 03:30:00,-0.0
2023-02-23 03:45:00,-0.0
2023-02-23 04:00:00,-0.0
2023-02-23 04:15:00,-0.0
2023-02-23 04:30:00,-0.0
2023-02-23 04:45:00,-0.0
2023-02-23 05:00:00,-0.0
2023-02-23 05:15:00,-0.0
2023-02-23 05:30:00,-0.0
2023-02-23 05:45:00,-0.0
2023-02-23 06:00:00,-0.0
2023-02-23 06:15:00,-0.0
2023-02-23 06:30:00,7.14
2023-02-23 06:45:00,27.45
2023-02-23 07:00:00,60.8
2023-02-23 07:15:00,112.37
2023-02-23 07:30:00,142.56
2023-02-23 07:45:00,164.51
2023-02-23 08:00:00,177.37
2023-02-23 08:15:00,106.8
2023-02-23 08:30:00,100.55
2023-02-23 08:45:00,177.11
2023-02-23 09:00:00,349.14
2023-02-23 09:15:00,408.91
2023-02-23 09:30:00,417.32
2023-02-23 09:45:00,421.42
2023-02-23 10:00:00,424.15
2023-02-23 10:15:00,424.92
2023-02-23 10:30:00,416.93
2023-02-23 10:45:00,305.7
2023-02-23 11:00:00,271.05
2023-02-23 11:15:00,282.57
2023-02-23 11:30:00,297.82
2023-02-23 11:45:00,388.57
2023-02-23 12:00:00,414.04
2023-02-23 12:15:00,415.7
2023-02-23 12:30:00,417.67
2023-02-23 12:45:00,418.63
2023-02-23 13:00:00,420.63
2023-02-23 13:15:00,420.44
2023-02-23 13:30:00,420.15
2023-02-23 13:45:00,418.44
2023-02-23 14:00:00,416.3
2023-02-23 14:15:00,411.8
2023-02-23 14:30:00,405.2
2023-02-23 14:45:00,393.96
2023-02-23 15:00:00,378.83
2023-02-23 15:15:00,359.5
2023-02-23 15:30:00,335.49
2023-02-23 15:45:00,306.34
2023-02-23 16:00:00,252.15
2023-02-23 16:15:00,96.01
2023-02-23 16:30:00,120.17
2023-02-23 16:45:00,84.49
2023-02-23 17:00:00,34.89
2023-02-23 17:15:00,6.35
2023-02-23 17:30:00,-0.0
2023-02-23 17:45:00,-0.0
2023-02-23 18:00:00,-0.0
2023-02-23 18:15:00,-0.0
2023-02-23 18:30:00,-0.0
2023-02-23 18:45:00,-0.0
2023-02-23 19:00:00,-0.0
2023-02-23 19:15:00,-0.0
2023-02-23 19:30:00,-0.0
2023-02-23 19:45:00,-0.0
2023-02-23 20:00:00,-0.0
2023-02-23 20:15:00,-0.0
2023-02-23 20:30:00,-0.0
2023-02-23 20:45:00,-0.0
2023-02-23 21:00:00,-0.0
2023-02-23 21:15:00,-0.0
2023-02-23 21:30:00,-0.0
2023-02-23 21:45:00,-0.0
2023-02-23 22:00:00,-0.0
2023-02-23 22:15:00,-0.0
2023-02-23 22:30:00,-0.0
2023-02-23 22:45:00,-0.0
2023-02-23 23:00:00,-0.0
2023-02-23 23:15:00,-0.0
2023-02-23 23:30:00,-0.0
2023-02-23 23:45:00,-0.0
2023-02-24 00:00:00,-0.0
2023-02-24 00:15:00,-0.0
2023-02-24 00:30:00,-0.0
2023-02-24 00:45:00,-0.0
2023-02-24 01:00:00,-0.0
2023-02-24 01:15:00,-0.0
2023-02-24 01:30:00,-0.0
2023-02-24 01:45:00,-0.0
2023-02-24 02:00:00,-0.0
2023-02-24 02:15:00,-0.0
2023-02-24 02:30:00,-0.0
2023-02-24 02:45:00,-0.0
2023-02-24 03:00:00,-0.0
2023-02-24 03:15:00,-0.0
2023-02-24 03:30:00,-0.0
2023-02-24 03:45:00,-0.0
2023-02-24 04:00:00,-0.0
2023-02-24 04:15:00,-0.0
2023-02-24 04:30:00,-0.0
2023-02-24 04:45:00,-0.0
2023-02-24 05:00:00,-0.0
2023-02-24 05:15:00,-0.0
2023-02-24 05:30:00,-0.0
2023-02-24 05:45:00,-0.0
2023-02-24 06:00:00,-0.0
2023-02-24 06:15:00,-0.0
2023-02-24 06:30:00,8.12
2023-02-24 06:45:00,31.1
2023-02-24 07:00:00,24.29
2023-02-24 07:15:00,117.99
2023-02-24 07:30:00,197.06
2023-02-24 07:45:00,72.04
2023-02-24 08:00:00,14.69
2023-02-24 08:15:00,37.6
2023-02-24 08:30:00,298.15
2023-02-24 08:45:00,386.49
2023-02-24 09:00:00,391.3
2023-02-24 09:15:00,269.01
2023-02-24 09:30:00,260.62
2023-02-24 09:45:00,388.16
2023-02-24 10:00:00,407.03
2023-02-24 10:15:00,204.74
2023-02-24 10:30:00,151.16
2023-02-24 10:45:00,157.94
2023-02-24 11:00:00,193.21
2023-02-24 11:15:00,134.25
2023-02-24 11:30:00,86.88
2023-02-24 11:45:00,158.64
2023-02-24 12:00:00,148.33
2023-02-24 12:15:00,135.93
2023-02-24 12:30:00,151.05
2023-02-24 12:45:00,222.69
2023-02-24 13:00:00,132.34
2023-02-24 13:15:00,49.66
2023-02-24 13:30:00,34.42
2023-02-24 13:45:00,36.02
2023-02-24 14:00:00,158.14
2023-02-24 14:15:00,187.73
2023-02-24 14:30:00,213.08
2023-02-24 14:45:00,190.02
2023-02-24 15:00:00,159.36
2023-02-24 15:15:00,38.9
2023-02-24 15:30:00,12.23
2023-02-24 15:45:00,12.51
2023-02-24 16:00:00,34.55
2023-02-24 16:15:00,12.7
2023-02-24 16:30:00,4.85
2023-02-24 16:45:00,3.51
2023-02-24 17:00:00,1.89
2023-02-24 17:15:00,0.51
2023-02-24 17:30:00,-0.0
2023-02-24 17:45:00,-0.0
2023-02-24 18:00:00,-0.0
2023-02-24 18:15:00,-0.0
2023-02-24 18:30:00,-0.0
2023-02-24 18:45:00,-0.0
2023-02-24 19:00:00,-0.0
2023-02-24 19:15:00,-0.0
2023-02-24 19:30:00,-0.0
2023-02-24 19:45:00,-0.0
2023-02-24 20:00:00,-0.0
2023-02-24 20:15:00,-0.0
2023-02-24 20:30:00,-0.0
2023-02-24 20:45:00,-0.0
2023-02-24 21:00:00,-0.0
2023-02-24 21:15:00,-0.0
2023-02-24 21:30:00,-0.0
2023-02-24 21:45:00,-0.0
2023-02-24 22:00:00,-0.0
2023-02-24 22:15:00,-0.0
2023-02-24 22:30:00,-0.0
2023-02-24 22:45:00,-0.0
2023-02-24 23:00:00,-0.0
2023-02-24 23:15:00,-0.0
2023-02-24 23:30:00,-0.0
2023-02-24 23:45:00,-0.0
2023-02-25 00:00:00,-0.0
2023-02-25 00:15:00,-0.0
2023-02-25 00:30:00,-0.0
2023-02-25 00:45:00,-0.0
2023-02-25 01:00:00,-0.0
2023-02-25 01:15:00,-0.0
2023-02-25 01:30:00,-0.0
2023-02-25 01:45:00,-0.0
2023-02-25 02:00:00,-0.0
2023-02-25 02:15:00,-0.0
2023-02-25 02:30:00,-0.0
2023-02-25 02:45:00,-0.0
2023-02-25 03:00:00,-0.0
2023-02-25 03:15:00,-0.0
2023-02-25 03:30:00,-0.0
2023-02-25 03:45:00,-0.0
2023-02-25 04:00:00,-0.0
2023-02-25 04:15:00,-0.0
2023-02-25 04:30:00,-0.0
2023-02-25 04:45:00,-0.0
2023-02-25 05:00:00,-0.0
2023-02-25 05:15:00,-0.0
2023-02-25 05:30:00,-0.0
2023-02-25 05:45:00,-0.0
2023-02-25 06:00:00,-0.0
2023-02-25 06:15:00,-0.0
2023-02-25 06:30:00,5.03
2023-02-25 06:45:00,17.27
2023-02-25 07:00:00,81.56
2023-02-25 07:15:00,157.11
2023-02-25 07:30:00,233.96
2023-02-25 07:45:00,315.71
2023-02-25 08:00:00,356.28
2023-02-25 08:15:00,388.45
2023-02-25 08:30:00,414.77
2023-02-25 08:45:00,437.42
2023-02-25 09:00:00,452.64
2023-02-25 09:15:00,461.41
2023-02-25 09:30:00,466.37
2023-02-25 09:45:00,466.93
2023-02-25 10:00:00,466.51
2023-02-25 10:15:00,464.6
2023-02-25 10:30:00,462.76
2023-02-25 10:45:00,459.73
2023-02-25 11:00:00,456.9
2023-02-25 11:15:00,453.48
2023-02-25 11:30:00,450.61
2023-02-25 11:45:00,447.47
2023-02-25 12:00:00,445.5
2023-02-25 12:15:00,446.93
2023-02-25 12:30:00,448.82
2023-02-25 12:45:00,449.75
2023-02-25 13:00:00,452.13
2023-02-25 13:15:00,453.21
2023-02-25 13:30:00,453.28
2023-02-25 13:45:00,451.98
2023-02-25 14:00:00,450.22
2023-02-25 14:15:00,445.76
2023-02-25 14:30:00,437.32
2023-02-25 14:45:00,425.96
2023-02-25 15:00:00,410.55
2023-02-25 15:15:00,391.1
2023-02-25 15:30:00,366.33
2023-02-25 15:45:00,335.98
2023-02-25 16:00:00,290.89
2023-02-25 16:15:00,136.25
2023-02-25 16:30:00,21.45
2023-02-25 16:45:00,6.41
2023-02-25 17:00:00,3.53
2023-02-25 17:15:00,1.01
2023-02-25 17:30:00,-0.0
2023-02-25 17:45:00,-0.0
2023-02-25 18:00:00,-0.0
2023-02-25 18:15:00,-0.0
2023-02-25 18:30:00,-0.0
2023-02-25 18:45:00,-0.0
2023-02-25 19:00:00,-0.0
2023-02-25 19:15:00,-0.0
2023-02-25 19:30:00,-0.0
2023-02-25 19:45:00,-0.0
2023-02-25 20:00:00,-0.0
2023-02-25 20:15:00,-0.0
2023-02-25 20:30:00,-0.0
2023-02-25 20:45:00,-0.0
2023-02-25 21:00:00,-0.0
2023-02-25 21:15:00,-0.0
2023-02-25 21:30:00,-0.0
2023-02-25 21:45:00,-0.0
2023-02-25 22:00:00,-0.0
2023-02-25 22:15:00,-0.0
2023-02-25 22:30:00,-0.0
2023-02-25 22:45:00,-0.0
2023-02-25 23:00:00,-0.0
2023-02-25 23:15:00,-0.0
2023-02-25 23:30:00,-0.0
2023-02-25 23:45:00,-0.0
2023-02-26 00:00:00,-0.0
2023-02-26 00:15:00,-0.0
2023-02-26 00:30:00,-0.0
2023-02-26 00:45:00,-0.0
2023-02-26 01:00:00,-0.0
2023-02-26 01:15:00,-0.0
2023-02-26 01:30:00,-0.0
2023-02-26 01:45:00,-0.0
2023-02-26 02:00:00,-0.0
2023-02-26 02:15:00,-0.0
2023-02-26 02:30:00,-0.0
2023-02-26 02:45:00,-0.0
2023-02-26 03:00:00,-0.0
2023-02-26 03:15:00,-0.0
2023-02-26 03:30:00,-0.0
2023-02-26 03:45:00,-0.0
2023-02-26 04:00:00,-0.0
2023-02-26 04:15:00,-0.0
2023-02-26 04:30:00,-0.0
2023-02-26 04:45:00,-0.0
2023-02-26 05:00:00,-0.0
2023-02-26 05:15:00,-0.0
2023-02-26 05:30:00,-0.0
2023-02-26 05:45:00,-0.0
2023-02-26 06:00:00,-0.0
2023-02-26 06:15:00,-0.0
2023-02-26 06:30:00,12.08
2023-02-26 06:45:00,57.73
2023-02-26 07:00:00,128.12
2023-02-26 07:15:00,207.68
2023-02-26 07:30:00,294.22
2023-02-26 07:45:00,381.8
2023-02-26 08:00:00,415.45
2023-02-26 08:15:00,441.16
2023-02-26 08:30:00,461.21
2023-02-26 08:45:00,476.16
2023-02-26 09:00:00,485.31
2023-02-26 09:15:00,489.55
2023-02-26 09:30:00,490.44
2023-02-26 09:45:00,487.16
2023-02-26 10:00:00,481.22
2023-02-26 10:15:00,477.03
2023-02-26 10:30:00,473.53
2023-02-26 10:45:00,469.03
2023-02-26 11:00:00,464.77
2023-02-26 11:15:00,460.47
2023-02-26 11:30:00,456.83
2023-02-26 11:45:00,453.23
2023-02-26 12:00:00,450.63
2023-02-26 12:15:00,451.62
2023-02-26 12:30:00,453.4
2023-02-26 12:45:00,446.16
2023-02-26 13:00:00,345.73
2023-02-26 13:15:00,414.66
2023-02-26 13:30:00,324.79
2023-02-26 13:45:00,291.3
2023-02-26 14:00:00,291.23
2023-02-26 14:15:00,403.6
2023-02-26 14:30:00,281.86
2023-02-26 14:45:00,236.4
2023-02-26 15:00:00,379.31
2023-02-26 15:15:00,394.0
2023-02-26 15:30:00,267.82
2023-02-26 15:45:00,74.45
2023-02-26 16:00:00,184.07
2023-02-26 16:15:00,228.61
2023-02-26 16:30:00,122.11
2023-02-26 16:45:00,54.84
2023-02-26 17:00:00,23.81
2023-02-26 17:15:00,6.83
2023-02-26 17:30:00,-0.0
2023-02-26 17:45:00,-0.0
2023-02-26 18:00:00,-0.0
2023-02-26 18:15:00,-0.0
2023-02-26 18:30:00,-0.0
2023-02-26 18:45:00,-0.0
2023-02-26 19:00:00,-0.0
2023-02-26 19:15:00,-0.0
2023-02-26 19:30:00,-0.0
2023-02-26 19:45:00,-0.0
2023-02-26 20:00:00,-0.0
2023-02-26 20:15:00,-0.0
2023-02-26 20:30:00,-0.0
2023-02-26 20:45:00,-0.0
2023-02-26 21:00:00,-0.0
2023-02-26 21:15:00,-0.0
2023-02-26 21:30:00,-0.0
2023-02-26 21:45:00,-0.0
2023-02-26 22:00:00,-0.0
2023-02-26 22:15:00,-0.0
2023-02-26 22:30:00,-0.0
2023-02-26 22:45:00,-0.0
2023-02-26 23:00:00,-0.0
2023-02-26 23:15:00,-0.0
2023-02-26 23:30:00,-0.0
2023-02-26 23:45:00,-0.0
2023-02-27 00:00:00,-0.0
2023-02-27 00:15:00,-0.0
2023-02-27 00:30:00,-0.0
2023-02-27 00:45:00,-0.0
2023-02-27 01:00:00,-0.0
2023-02-27 01:15:00,-0.0
2023-02-27 01:30:00,-0.0
2023-02-27 01:45:00,-0.0
2023-02-27 02:00:00,-0.0
2023-02-27 02:15:00,-0.0
2023-02-27 02:30:00,-0.0
2023-02-27 02:45:00,-0.0
2023-02-27 03:00:00,-0.0
2023-02-27 03:15:00,-0.0
2023-02-27 03:30:00,-0.0
2023-02-27 03:45:00,-0.0
2023-02-27 04:00:00,-0.0
2023-02-27 04:15:00,-0.0
2023-02-27 04:30:00,-0.0
2023-02-27 04:45:00,-0.0
2023-02-27 05:00:00,-0.0
2023-02-27 05:15:00,-0.0
2023-02-27 05:30:00,-0.0
2023-02-27 05:45:00,-0.0
2023-02-27 06:00:00,-0.0
2023-02-27 06:15:00,-0.0
2023-02-27 06:30:00,4.26
2023-02-27 06:45:00,13.41
2023-02-27 07:00:00,56.13
2023-02-27 07:15:00,120.37
2023-02-27 07:30:00,95.46
2023-02-27 07:45:00,150.69
2023-02-27 08:00:00,177.18
2023-02-27 08:15:00,145.4
2023-02-27 08:30:00,257.43
2023-02-27 08:45:00,254.97
2023-02-27 09:00:00,290.32
2023-02-27 09:15:00,283.97
2023-02-27 09:30:00,236.94
2023-02-27 09:45:00,281.49
2023-02-27 10:00:00,304.39
2023-02-27 10:15:00,297.32
2023-02-27 10:30:00,322.67
2023-02-27 10:45:00,323.36
2023-02-27 11:00:00,437.75
2023-02-27 11:15:00,466.52
2023-02-27 11:30:00,464.19
2023-02-27 11:45:00,450.13
2023-02-27 12:00:00,299.6
2023-02-27 12:15:00,280.07
2023-02-27 12:30:00,424.2
2023-02-27 12:45:00,467.09
2023-02-27 13:00:00,471.02
2023-02-27 13:15:00,474.3
2023-02-27 13:30:00,477.12
2023-02-27 13:45:00,479.33
2023-02-27 14:00:00,481.83
2023-02-27 14:15:00,482.38
2023-02-27 14:30:00,481.66
2023-02-27 14:45:00,479.19
2023-02-27 15:00:00,467.6
2023-02-27 15:15:00,447.84
2023-02-27 15:30:00,421.46
2023-02-27 15:45:00,387.82
2023-02-27 16:00:00,343.41
2023-02-27 16:15:00,286.79
2023-02-27 16:30:00,196.41
2023-02-27 16:45:00,112.96
2023-02-27 17:00:00,51.55
2023-02-27 17:15:00,11.15
2023-02-27 17:30:00,0.59
2023-02-27 17:45:00,-0.0
2023-02-27 18:00:00,-0.0
2023-02-27 18:15:00,-0.0
2023-02-27 18:30:00,-0.0
2023-02-27 18:45:00,-0.0
2023-02-27 19:00:00,-0.0
2023-02-27 19:15:00,-0.0
2023-02-27 19:30:00,-0.0
2023-02-27 19:45:00,-0.0
2023-02-27 20:00:00,-0.0
2023-02-27 20:15:00,-0.0
2023-02-27 20:30:00,-0.0
2023-02-27 20:45:00,-0.0
2023-02-27 21:00:00,-0.0
2023-02-27 21:15:00,-0.0
2023-02-27 21:30:00,-0.0
2023-02-27 21:45:00,-0.0
2023-02-27 22:00:00,-0.0
2023-02-27 22:15:00,-0.0
2023-02-27 22:30:00,-0.0
2023-02-27 22:45:00,-0.0
2023-02-27 23:00:00,-0.0
2023-02-27 23:15:00,-0.0
2023-02-27 23:30:00,-0.0
2023-02-27 23:45:00,-0.0
2023-02-28 00:00:00,-0.0
2023-02-28 00:15:00,-0.0
2023-02-28 00:30:00,-0.0
2023-02-28 00:45:00,-0.0
2023-02-28 01:00:00,-0.0
2023-02-28 01:15:00,-0.0
2023-02-28 01:30:00,-0.0
2023-02-28 01:45:00,-0.0
2023-02-28 02:00:00,-0.0
2023-02-28 02:15:00,-0.0
2023-02-28 02:30:00,-0.0
2023-02-28 02:45:00,-0.0
2023-02-28 03:00:00,-0.0
2023-02-28 03:15:00,-0.0
2023-02-28 03:30:00,-0.0
2023-02-28 03:45:00,-0.0
2023-02-28 04:00:00,-0.0
2023-02-28 04:15:00,-0.0
2023-02-28 04:30:00,-0.0
2023-02-28 04:45:00,-0.0
2023-02-28 05:00:00,-0.0
2023-02-28 05:15:00,-0.0
2023-02-28 05:30:00,-0.0
2023-02-28 05:45:00,-0.0
2023-02-28 06:00:00,-0.0
2023-02-28 06:15:00,2.31
2023-02-28 06:30:00,17.43
2023-02-28 06:45:00,73.65
2023-02-28 07:00:00,114.84
2023-02-28 07:15:00,175.32
2023-02-28 07:30:00,182.52
2023-02-28 07:45:00,179.61
2023-02-28 08:00:00,179.66
2023-02-28 08:15:00,218.59
2023-02-28 08:30:00,247.09
2023-02-28 08:45:00,252.97
2023-02-28 09:00:00,267.49
2023-02-28 09:15:00,292.54
2023-02-28 09:30:00,439.89
2023-02-28 09:45:00,340.09
2023-02-28 10:00:00,302.22
2023-02-28 10:15:00,288.74
2023-02-28 10:30:00,270.15
2023-02-28 10:45:00,271.2
2023-02-28 11:00:00,301.91
2023-02-28 11:15:00,297.97
2023-02-28 11:30:00,281.93
2023-02-28 11:45:00,271.44
2023-02-28 12:00:00,213.65
2023-02-28 12:15:00,267.93
2023-02-28 12:30:00,280.32
2023-02-28 12:45:00,262.91
2023-02-28 13:00:00,164.05
2023-02-28 13:15:00,210.86
2023-02-28 13:30:00,188.87
2023-02-28 13:45:00,152.7
2023-02-28 14:00:00,98.48
2023-02-28 14:15:00,98.52
2023-02-28 14:30:00,89.73
2023-02-28 14:45:00,154.75
2023-02-28 15:00:00,203.75
2023-02-28 15:15:00,173.92
2023-02-28 15:30:00,159.37
2023-02-28 15:45:00,138.02
2023-02-28 16:00:00,94.2
2023-02-28 16:15:00,25.47
2023-02-28 16:30:00,42.68
2023-02-28 16:45:00,33.95
2023-02-28 17:00:00,27.55
2023-02-28 17:15:00,9.47
2023-02-28 17:30:00,0.67
2023-02-28 17:45:00,-0.0
2023-02-28 18:00:00,-0.0
2023-02-28 18:15:00,-0.0
2023-02-28 18:30:00,-0.0
2023-02-28 18:45:00,-0.0
2023-02-28 19:00:00,-0.0
2023-02-28 19:15:00,-0.0
2023-02-28 19:30:00,-0.0
2023-02-28 19:45:00,-0.0
2023-02-28 20:00:00,-0.0
2023-02-28 20:15:00,-0.0
2023-02-28 20:30:00,-0.0
2023-02-28 20:45:00,-0.0
2023-02-28 21:00:00,-0.0
2023-02-28 21:15:00,-0.0
2023-02-28 21:30:00,-0.0
2023-02-28 21:45:00,-0.0
2023-02-28 22:00:00,-0.0
2023-02-28 22:15:00,-0.0
2023-02-28 22:30:00,-0.0
2023-02-28 22:45:00,-0.0
2023-02-28 23:00:00,-0.0
2023-02-28 23:15:00,-0.0
2023-02-28 23:30:00,-0.0
2023-02-28 23:45:00,-0.0
2023-03-01 00:00:00,-0.0
2023-03-01 00:15:00,-0.0
2023-03-01 00:30:00,-0.0
2023-03-01 00:45:00,-0.0
2023-03-01 01:00:00,-0.0
2023-03-01 01:15:00,-0.0
2023-03-01 01:30:00,-0.0
2023-03-01 01:45:00,-0.0
2023-03-01 02:00:00,-0.0
2023-03-01 02:15:00,-0.0
2023-03-01 02:30:00,-0.0
2023-03-01 02:45:00,-0.0
2023-03-01 03:00:00,-0.0
2023-03-01 03:15:00,-0.0
2023-03-01 03:30:00,-0.0
2023-03-01 03:45:00,-0.0
2023-03-01 04:00:00,-0.0
2023-03-01 04:15:00,-0.0
2023-03-01 04:30:00,-0.0
2023-03-01 04:45:00,-0.0
2023-03-01 05:00:00,-0.0
2023-03-01 05:15:00,-0.0
2023-03-01 05:30:00,-0.0
2023-03-01 05:45:00,-0.0
2023-03-01 06:00:00,-0.0
2023-03-01 06:15:00,2.81
2023-03-01 06:30:00,18.96
2023-03-01 06:45:00,72.56
2023-03-01 07:00:00,54.55
2023-03-01 07:15:00,182.06
2023-03-01 07:30:00,101.34
2023-03-01 07:45:00,109.44
2023-03-01 08:00:00,102.52
2023-03-01 08:15:00,207.58
2023-03-01 08:30:00,397.2
2023-03-01 08:45:00,145.34
2023-03-01 09:00:00,182.11
2023-03-01 09:15:00,433.0
2023-03-01 09:30:00,330.1
2023-03-01 09:45:00,283.26
2023-03-01 10:00:00,249.81
2023-03-01 10:15:00,323.73
2023-03-01 10:30:00,460.66
2023-03-01 10:45:00,483.11
2023-03-01 11:00:00,480.75
2023-03-01 11:15:00,476.99
2023-03-01 11:30:00,474.81
2023-03-01 11:45:00,472.53
2023-03-01 12:00:00,471.42
2023-03-01 12:15:00,472.64
2023-03-01 12:30:00,474.6
2023-03-01 12:45:00,475.95
2023-03-01 13:00:00,479.15
2023-03-01 13:15:00,481.94
2023-03-01 13:30:00,487.27
2023-03-01 13:45:00,489.5
2023-03-01 14:00:00,492.07
2023-03-01 14:15:00,481.52
2023-03-01 14:30:00,332.72
2023-03-01 14:45:00,444.33
2023-03-01 15:00:00,480.61
2023-03-01 15:15:00,453.39
2023-03-01 15:30:00,261.59
2023-03-01 15:45:00,158.81
2023-03-01 16:00:00,313.63
2023-03-01 16:15:00,143.71
2023-03-01 16:30:00,32.58
2023-03-01 16:45:00,120.18
2023-03-01 17:00:00,48.16
2023-03-01 17:15:00,11.31
2023-03-01 17:30:00,0.81
2023-03-01 17:45:00,-0.0
2023-03-01 18:00:00,-0.0
2023-03-01 18:15:00,-0.0
2023-03-01 18:30:00,-0.0
2023-03-01 18:45:00,-0.0
2023-03-01 19:00:00,-0.0
2023-03-01 19:15:00,-0.0
2023-03-01 19:30:00,-0.0
2023-03-01 19:45:00,-0.0
2023-03-01 20:00:00,-0.0
2023-03-01 20:15:00,-0.0
2023-03-01 20:30:00,-0.0
2023-03-01 20:45:00,-0.0
2023-03-01 21:00:00,-0.0
2023-03-01 21:15:00,-0.0
2023-03-01 21:30:00,-0.0
2023-03-01 21:45:00,-0.0
2023-03-01 22:00:00,-0.0
2023-03-01 22:15:00,-0.0
2023-03-01 22:30:00,-0.0
2023-03-01 22:45:00,-0.0
2023-03-01 23:00:00,-0.0
2023-03-01 23:15:00,-0.0
2023-03-01 23:30:00,-0.0
2023-03-01 23:45:00,-0.0
2023-03-02 00:00:00,-0.0
2023-03-02 00:15:00,-0.0
2023-03-02 00:30:00,-0.0
2023-03-02 00:45:00,-0.0
2023-03-02 01:00:00,-0.0
2023-03-02 01:15:00,-0.0
2023-03-02 01:30:00,-0.0
2023-03-02 01:45:00,-0.0
2023-03-02 02:00:00,-0.0
2023-03-02 02:15:00,-0.0
2023-03-02 02:30:00,-0.0
2023-03-02 02:45:00,-0.0
2023-03-02 03:00:00,-0.0
2023-03-02 03:15:00,-0.0
2023-03-02 03:30:00,-0.0
2023-03-02 03:45:00,-0.0
2023-03-02 04:00:00,-0.0
2023-03-02 04:15:00,-0.0
2023-03-02 04:30:00,-0.0
2023-03-02 04:45:00,-0.0
2023-03-02 05:00:00,-0.0
2023-03-02 05:15:00,-0.0
2023-03-02 05:30:00,-0.0
2023-03-02 05:45:00,-0.0
2023-03-02 06:00:00,-0.0
2023-03-02 06:15:00,2.91
2023-03-02 06:30:00,14.0
2023-03-02 06:45:00,54.14
2023-03-02 07:00:00,62.23
2023-03-02 07:15:00,63.04
2023-03-02 07:30:00,80.34
2023-03-02 07:45:00,91.33
2023-03-02 08:00:00,106.15
2023-03-02 08:15:00,126.96
2023-03-02 08:30:00,167.58
2023-03-02 08:45:00,266.41
2023-03-02 09:00:00,240.79
2023-03-02 09:15:00,152.3
2023-03-02 09:30:00,157.37
2023-03-02 09:45:00,239.26
2023-03-02 10:00:00,310.78
2023-03-02 10:15:00,423.59
2023-03-02 10:30:00,342.93
2023-03-02 10:45:00,304.22
2023-03-02 11:00:00,303.61
2023-03-02 11:15:00,298.14
2023-03-02 11:30:00,257.42
2023-03-02 11:45:00,240.28
2023-03-02 12:00:00,217.7
2023-03-02 12:15:00,210.02
2023-03-02 12:30:00,205.96
2023-03-02 12:45:00,188.92
2023-03-02 13:00:00,256.66
2023-03-02 13:15:00,291.86
2023-03-02 13:30:00,253.56
2023-03-02 13:45:00,213.37
2023-03-02 14:00:00,123.74
2023-03-02 14:15:00,123.88
2023-03-02 14:30:00,97.17
2023-03-02 14:45:00,93.71
2023-03-02 15:00:00,111.54
2023-03-02 15:15:00,94.53
2023-03-02 15:30:00,80.69
2023-03-02 15:45:00,82.47
2023-03-02 16:00:00,68.16
2023-03-02 16:15:00,38.68
2023-03-02 16:30:00,40.04
2023-03-02 16:45:00,26.91
2023-03-02 17:00:00,43.02
2023-03-02 17:15:00,16.56
2023-03-02 17:30:00,1.15
2023-03-02 17:45:00,-0.0
2023-03-02 18:00:00,-0.0
2023-03-02 18:15:00,-0.0
2023-03-02 18:30:00,-0.0
2023-03-02 18:45:00,-0.0
2023-03-02 19:00:00,-0.0
2023-03-02 19:15:00,-0.0
2023-03-02 19:30:00,-0.0
2023-03-02 19:45:00,-0.0
2023-03-02 20:00:00,-0.0
2023-03-02 20:15:00,-0.0
2023-03-02 20:30:00,-0.0
2023-03-02 20:45:00,-0.0
2023-03-02 21:00:00,-0.0
2023-03-02 21:15:00,-0.0
2023-03-02 21:30:00,-0.0
2023-03-02 21:45:00,-0.0
2023-03-02 22:00:00,-0.0
2023-03-02 22:15:00,-0.0
2023-03-02 22:30:00,-0.0
2023-03-02 22:45:00,-0.0
2023-03-02 23:00:00,-0.0
2023-03-02 23:15:00,-0.0
2023-03-02 23:30:00,-0.0
2023-03-02 23:45:00,-0.0
2023-03-03 00:00:00,-0.0
2023-03-03 00:15:00,-0.0
2023-03-03 00:30:00,-0.0
2023-03-03 00:45:00,-0.0
2023-03-03 01:00:00,-0.0
2023-03-03 01:15:00,-0.0
2023-03-03 01:30:00,-0.0
2023-03-03 01:45:00,-0.0
2023-03-03 02:00:00,-0.0
2023-03-03 02:15:00,-0.0
2023-03-03 02:30:00,-0.0
2023-03-03 02:45:00,-0.0
2023-03-03 03:00:00,-0.0
2023-03-03 03:15:00,-0.0
2023-03-03 03:30:00,-0.0
2023-03-03 03:45:00,-0.0
2023-03-03 04:00:00,-0.0
2023-03-03 04:15:00,-0.0
2023-03-03 04:30:00,-0.0
2023-03-03 04:45:00,-0.0
2023-03-03 05:00:00,-0.0
2023-03-03 05:15:00,-0.0
2023-03-03 05:30:00,-0.0
2023-03-03 05:45:00,-0.0
2023-03-03 06:00:00,-0.0
2023-03-03 06:15:00,4.16
2023-03-03 06:30:00,26.42
2023-03-03 06:45:00,97.98
2023-03-03 07:00:00,184.71
2023-03-03 07:15:00,275.31
2023-03-03 07:30:00,367.43
2023-03-03 07:45:00,435.32
2023-03-03 08:00:00,462.34
2023-03-03 08:15:00,478.9
2023-03-03 08:30:00,494.97
2023-03-03 08:45:00,506.33
2023-03-03 09:00:00,513.51
2023-03-03 09:15:00,516.9
2023-03-03 09:30:00,516.47
2023-03-03 09:45:00,512.83
2023-03-03 10:00:00,509.35
2023-03-03 10:15:00,504.49
2023-03-03 10:30:00,500.97
2023-03-03 10:45:00,496.44
2023-03-03 11:00:00,491.92
2023-03-03 11:15:00,488.19
2023-03-03 11:30:00,485.17
2023-03-03 11:45:00,482.02
2023-03-03 12:00:00,480.67
2023-03-03 12:15:00,482.7
2023-03-03 12:30:00,485.61
2023-03-03 12:45:00,487.9
2023-03-03 13:00:00,492.16
2023-03-03 13:15:00,495.89
2023-03-03 13:30:00,499.39
2023-03-03 13:45:00,502.61
2023-03-03 14:00:00,505.96
2023-03-03 14:15:00,508.33
2023-03-03 14:30:00,509.9
2023-03-03 14:45:00,507.01
2023-03-03 15:00:00,499.72
2023-03-03 15:15:00,487.06
2023-03-03 15:30:00,472.67
2023-03-03 15:45:00,449.57
2023-03-03 16:00:00,419.93
2023-03-03 16:15:00,381.14
2023-03-03 16:30:00,286.36
2023-03-03 16:45:00,192.78
2023-03-03 17:00:00,104.89
2023-03-03 17:15:00,34.05
2023-03-03 17:30:00,1.74
2023-03-03 17:45:00,-0.0
2023-03-03 18:00:00,-0.0
2023-03-03 18:15:00,-0.0
2023-03-03 18:30:00,-0.0
2023-03-03 18:45:00,-0.0
2023-03-03 19:00:00,-0.0
2023-03-03 19:15:00,-0.0
2023-03-03 19:30:00,-0.0
2023-03-03 19:45:00,-0.0
2023-03-03 20:00:00,-0.0
2023-03-03 20:15:00,-0.0
2023-03-03 20:30:00,-0.0
2023-03-03 20:45:00,-0.0
2023-03-03 21:00:00,-0.0
2023-03-03 21:15:00,-0.0
2023-03-03 21:30:00,-0.0
2023-03-03 21:45:00,-0.0
2023-03-03 22:00:00,-0.0
2023-03-03 22:15:00,-0.0
2023-03-03 22:30:00,-0.0
2023-03-03 22:45:00,-0.0
2023-03-03 23:00:00,-0.0
2023-03-03 23:15:00,-0.0
2023-03-03 23:30:00,-0.0
2023-03-03 23:45:00,-0.0
2023-03-04 00:00:00,-0.0
2023-03-04 00:15:00,-0.0
2023-03-04 00:30:00,-0.0
2023-03-04 00:45:00,-0.0
2023-03-04 01:00:00,-0.0
2023-03-04 01:15:00,-0.0
2023-03-04 01:30:00,-0.0
2023-03-04 01:45:00,-0.0
2023-03-04 02:00:00,-0.0
2023-03-04 02:15:00,-0.0
2023-03-04 02:30:00,-0.0
2023-03-04 02:45:00,-0.0
2023-03-04 03:00:00,-0.0
2023-03-04 03:15:00,-0.0
2023-03-04 03:30:00,-0.0
2023-03-04 03:45:00,-0.0
2023-03-04 04:00:00,-0.0
2023-03-04 04:15:00,-0.0
2023-03-04 04:30:00,-0.0
2023-03-04 04:45:00,-0.0
2023-03-04 05:00:00,-0.0
2023-03-04 05:15:00,-0.0
2023-03-04 05:30:00,-0.0
2023-03-04 05:45:00,-0.0
2023-03-04 06:00:00,-0.0
2023-03-04 06:15:00,4.92
2023-03-04 06:30:00,26.57
2023-03-04 06:45:00,90.83
2023-03-04 07:00:00,118.44
2023-03-04 07:15:00,152.51
2023-03-04 07:30:00,194.6
2023-03-04 07:45:00,200.94
2023-03-04 08:00:00,239.92
2023-03-04 08:15:00,208.17
2023-03-04 08:30:00,405.66
2023-03-04 08:45:00,310.07
2023-03-04 09:00:00,272.29
2023-03-04 09:15:00,314.77
2023-03-04 09:30:00,318.77
2023-03-04 09:45:00,291.15
2023-03-04 10:00:00,254.56
2023-03-04 10:15:00,201.82
2023-03-04 10:30:00,186.46
2023-03-04 10:45:00,230.3
2023-03-04 11:00:00,246.74
2023-03-04 11:15:00,229.95
2023-03-04 11:30:00,229.55
2023-03-04 11:45:00,232.27
2023-03-04 12:00:00,217.88
2023-03-04 12:15:00,185.38
2023-03-04 12:30:00,150.9
2023-03-04 12:45:00,150.77
2023-03-04 13:00:00,195.74
2023-03-04 13:15:00,218.59
2023-03-04 13:30:00,247.53
2023-03-04 13:45:00,228.06
2023-03-04 14:00:00,216.18
2023-03-04 14:15:00,251.75
2023-03-04 14:30:00,223.76
2023-03-04 14:45:00,145.23
2023-03-04 15:00:00,112.5
2023-03-04 15:15:00,156.91
2023-03-04 15:30:00,115.11
2023-03-04 15:45:00,76.46
2023-03-04 16:00:00,137.87
2023-03-04 16:15:00,140.23
2023-03-04 16:30:00,237.71
2023-03-04 16:45:00,131.34
2023-03-04 17:00:00,50.49
2023-03-04 17:15:00,17.16
2023-03-04 17:30:00,1.69
2023-03-04 17:45:00,-0.0
2023-03-04 18:00:00,-0.0
2023-03-04 18:15:00,-0.0
2023-03-04 18:30:00,-0.0
2023-03-04 18:45:00,-0.0
2023-03-04 19:00:00,-0.0
2023-03-04 19:15:00,-0.0
2023-03-04 19:30:00,-0.0
2023-03-04 19:45:00,-0.0
2023-03-04 20:00:00,-0.0
2023-03-04 20:15:00,-0.0
2023-03-04 20:30:00,-0.0
2023-03-04 20:45:00,-0.0
2023-03-04 21:00:00,-0.0
2023-03-04 21:15:00,-0.0
2023-03-04 21:30:00,-0.0
2023-03-04 21:45:00,-0.0
2023-03-04 22:00:00,-0.0
2023-03-04 22:15:00,-0.0
2023-03-04 22:30:00,-0.0
2023-03-04 22:45:00,-0.0
2023-03-04 23:00:00,-0.0
2023-03-04 23:15:00,-0.0
2023-03-04 23:30:00,-0.0
2023-03-04 23:45:00,-0.0
2023-03-05 00:00:00,-0.0
2023-03-05 00:15:00,-0.0
2023-03-05 00:30:00,-0.0
2023-03-05 00:45:00,-0.0
2023-03-05 01:00:00,-0.0
2023-03-05 01:15:00,-0.0
2023-03-05 01:30:00,-0.0
2023-03-05 01:45:00,-0.0
2023-03-05 02:00:00,-0.0
2023-03-05 02:15:00,-0.0
2023-03-05 02:30:00,-0.0
2023-03-05 02:45:00,-0.0
2023-03-05 03:00:00,-0.0
2023-03-05 03:15:00,-0.0
2023-03-05 03:30:00,-0.0
2023-03-05 03:45:00,-0.0
2023-03-05 04:00:00,-0.0
2023-03-05 04:15:00,-0.0
2023-03-05 04:30:00,-0.0
2023-03-05 04:45:00,-0.0
2023-03-05 05:00:00,-0.0
2023-03-05 05:15:00,-0.0
2023-03-05 05:30:00,-0.0
2023-03-05 05:45:00,-0.0
2023-03-05 06:00:00,-0.0
2023-03-05 06:15:00,1.58
2023-03-05 06:30:00,5.66
2023-03-05 06:45:00,23.04
2023-03-05 07:00:00,92.82
2023-03-05 07:15:00,142.47
2023-03-05 07:30:00,119.26
2023-03-05 07:45:00,90.27
2023-03-05 08:00:00,174.87
2023-03-05 08:15:00,121.97
2023-03-05 08:30:00,49.98
2023-03-05 08:45:00,112.77
2023-03-05 09:00:00,261.05
2023-03-05 09:15:00,346.83
2023-03-05 09:30:00,315.97
2023-03-05 09:45:00,312.03
2023-03-05 10:00:00,301.82
2023-03-05 10:15:00,312.69
2023-03-05 10:30:00,338.98
2023-03-05 10:45:00,453.13
2023-03-05 11:00:00,478.28
2023-03-05 11:15:00,475.13
2023-03-05 11:30:00,461.99
2023-03-05 11:45:00,334.19
2023-03-05 12:00:00,427.27
2023-03-05 12:15:00,470.27
2023-03-05 12:30:00,472.99
2023-03-05 12:45:00,475.01
2023-03-05 13:00:00,478.73
2023-03-05 13:15:00,481.75
2023-03-05 13:30:00,477.72
2023-03-05 13:45:00,368.36
2023-03-05 14:00:00,456.49
2023-03-05 14:15:00,489.88
2023-03-05 14:30:00,483.5
2023-03-05 14:45:00,352.25
2023-03-05 15:00:00,442.36
2023-03-05 15:15:00,454.03
2023-03-05 15:30:00,276.22
2023-03-05 15:45:00,372.01
2023-03-05 16:00:00,392.74
2023-03-05 16:15:00,353.5
2023-03-05 16:30:00,268.03
2023-03-05 16:45:00,179.28
2023-03-05 17:00:00,99.35
2023-03-05 17:15:00,35.68
2023-03-05 17:30:00,2.45
2023-03-05 17:45:00,-0.0
2023-03-05 18:00:00,-0.0
2023-03-05 18:15:00,-0.0
2023-03-05 18:30:00,-0.0
2023-03-05 18:45:00,-0.0
2023-03-05 19:00:00,-0.0
2023-03-05 19:15:00,-0.0
2023-03-05 19:30:00,-0.0
2023-03-05 19:45:00,-0.0
2023-03-05 20:00:00,-0.0
2023-03-05 20:15:00,-0.0
2023-03-05 20:30:00,-0.0
2023-03-05 20:45:00,-0.0
2023-03-05 21:00:00,-0.0
2023-03-05 21:15:00,-0.0
2023-03-05 21:30:00,-0.0
2023-03-05 21:45:00,-0.0
2023-03-05 22:00:00,-0.0
2023-03-05 22:15:00,-0.0
2023-03-05 22:30:00,-0.0
2023-03-05 22:45:00,-0.0
2023-03-05 23:00:00,-0.0
2023-03-05 23:15:00,-0.0
2023-03-05 23:30:00,-0.0
2023-03-05 23:45:00,-0.0
2023-03-06 00:00:00,-0.0
2023-03-06 00:15:00,-0.0
2023-03-06 00:30:00,-0.0
2023-03-06 00:45:00,-0.0
2023-03-06 01:00:00,-0.0
2023-03-06 01:15:00,-0.0
2023-03-06 01:30:00,-0.0
2023-03-06 01:45:00,-0.0
2023-03-06 02:00:00,-0.0
2023-03-06 02:15:00,-0.0
2023-03-06 02:30:00,-0.0
2023-03-06 02:45:00,-0.0
2023-03-06 03:00:00,-0.0
2023-03-06 03:15:00,-0.0
2023-03-06 03:30:00,-0.0
2023-03-06 03:45:00,-0.0
2023-03-06 04:00:00,-0.0
2023-03-06 04:15:00,-0.0
2023-03-06 04:30:00,-0.0
2023-03-06 04:45:00,-0.0
2023-03-06 05:00:00,-0.0
2023-03-06 05:15:00,-0.0
2023-03-06 05:30:00,-0.0
2023-03-06 05:45:00,-0.0
2023-03-06 06:00:00,-0.0
2023-03-06 06:15:00,6.16
2023-03-06 06:30:00,25.04
2023-03-06 06:45:00,52.39
2023-03-06 07:00:00,87.97
2023-03-06 07:15:00,190.36
2023-03-06 07:30:00,285.4
2023-03-06 07:45:00,338.3
2023-03-06 08:00:00,371.39
2023-03-06 08:15:00,388.3
2023-03-06 08:30:00,268.53
2023-03-06 08:45:00,287.92
2023-03-06 09:00:00,290.05
2023-03-06 09:15:00,288.57
2023-03-06 09:30:00,280.17
2023-03-06 09:45:00,266.32
2023-03-06 10:00:00,299.72
2023-03-06 10:15:00,299.71
2023-03-06 10:30:00,282.16
2023-03-06 10:45:00,243.25
2023-03-06 11:00:00,207.15
2023-03-06 11:15:00,233.07
2023-03-06 11:30:00,288.32
2023-03-06 11:45:00,271.13
2023-03-06 12:00:00,268.9
2023-03-06 12:15:00,285.7
2023-03-06 12:30:00,297.89
2023-03-06 12:45:00,297.39
2023-03-06 13:00:00,219.12
2023-03-06 13:15:00,232.04
2023-03-06 13:30:00,220.21
2023-03-06 13:45:00,221.82
2023-03-06 14:00:00,176.59
2023-03-06 14:15:00,176.34
2023-03-06 14:30:00,272.02
2023-03-06 14:45:00,206.69
2023-03-06 15:00:00,203.16
2023-03-06 15:15:00,218.21
2023-03-06 15:30:00,194.09
2023-03-06 15:45:00,294.5
2023-03-06 16:00:00,175.97
2023-03-06 16:15:00,139.79
2023-03-06 16:30:00,101.26
2023-03-06 16:45:00,58.21
2023-03-06 17:00:00,57.07
2023-03-06 17:15:00,23.27
2023-03-06 17:30:00,2.47
2023-03-06 17:45:00,-0.0
2023-03-06 18:00:00,-0.0
2023-03-06 18:15:00,-0.0
2023-03-06 18:30:00,-0.0
2023-03-06 18:45:00,-0.0
2023-03-06 19:00:00,-0.0
2023-03-06 19:15:00,-0.0
2023-03-06 19:30:00,-0.0
2023-03-06 19:45:00,-0.0
2023-03-06 20:00:00,-0.0
2023-03-06 20:15:00,-0.0
2023-03-06 20:30:00,-0.0
2023-03-06 20:45:00,-0.0
2023-03-06 21:00:00,-0.0
2023-03-06 21:15:00,-0.0
2023-03-06 21:30:00,-0.0
2023-03-06 21:45:00,-0.0
2023-03-06 22:00:00,-0.0
2023-03-06 22:15:00,-0.0
2023-03-06 22:30:00,-0.0
2023-03-06 22:45:00,-0.0
2023-03-06 23:00:00,-0.0
2023-03-06 23:15:00,-0.0
2023-03-06 23:30:00,-0.0
2023-03-06 23:45:00,-0.0
2023-03-07 00:00:00,-0.0
2023-03-07 00:15:00,-0.0
2023-03-07 00:30:00,-0.0
2023-03-07 00:45:00,-0.0
2023-03-07 01:00:00,-0.0
2023-03-07 01:15:00,-0.0
2023-03-07 01:30:00,-0.0
2023-03-07 01:45:00,-0.0
2023-03-07 02:00:00,-0.0
2023-03-07 02:15:00,-0.0
2023-03-07 02:30:00,-0.0
2023-03-07 02:45:00,-0.0
2023-03-07 03:00:00,-0.0
2023-03-07 03:15:00,-0.0
2023-03-07 03:30:00,-0.0
2023-03-07 03:45:00,-0.0
2023-03-07 04:00:00,-0.0
2023-03-07 04:15:00,-0.0
2023-03-07 04:30:00,-0.0
2023-03-07 04:45:00,-0.0
2023-03-07 05:00:00,-0.0
2023-03-07 05:15:00,-0.0
2023-03-07 05:30:00,-0.0
2023-03-07 05:45:00,-0.0
2023-03-07 06:00:00,-0.0
2023-03-07 06:15:00,7.3
2023-03-07 06:30:00,35.21
2023-03-07 06:45:00,97.15
2023-03-07 07:00:00,167.91
2023-03-07 07:15:00,173.74
2023-03-07 07:30:00,308.0
2023-03-07 07:45:00,391.65
2023-03-07 08:00:00,423.74
2023-03-07 08:15:00,448.68
2023-03-07 08:30:00,468.34
2023-03-07 08:45:00,483.01
2023-03-07 09:00:00,492.35
2023-03-07 09:15:00,497.1
2023-03-07 09:30:00,494.93
2023-03-07 09:45:00,493.79
2023-03-07 10:00:00,491.07
2023-03-07 10:15:00,488.07
2023-03-07 10:30:00,485.54
2023-03-07 10:45:00,482.26
2023-03-07 11:00:00,478.29
2023-03-07 11:15:00,475.21
2023-03-07 11:30:00,472.63
2023-03-07 11:45:00,469.89
2023-03-07 12:00:00,468.74
2023-03-07 12:15:00,470.25
2023-03-07 12:30:00,472.61
2023-03-07 12:45:00,474.14
2023-03-07 13:00:00,477.49
2023-03-07 13:15:00,479.89
2023-03-07 13:30:00,482.42
2023-03-07 13:45:00,483.58
2023-03-07 14:00:00,485.15
2023-03-07 14:15:00,485.25
2023-03-07 14:30:00,484.54
2023-03-07 14:45:00,482.43
2023-03-07 15:00:00,472.85
2023-03-07 15:15:00,458.2
2023-03-07 15:30:00,438.3
2023-03-07 15:45:00,412.61
2023-03-07 16:00:00,380.49
2023-03-07 16:15:00,340.07
2023-03-07 16:30:00,257.8
2023-03-07 16:45:00,173.26
2023-03-07 17:00:00,96.86
2023-03-07 17:15:00,33.96
2023-03-07 17:30:00,3.14
2023-03-07 17:45:00,-0.0
2023-03-07 18:00:00,-0.0
2023-03-07 18:15:00,-0.0
2023-03-07 18:30:00,-0.0
2023-03-07 18:45:00,-0.0
2023-03-07 19:00:00,-0.0
2023-03-07 19:15:00,-0.0
2023-03-07 19:30:00,-0.0
2023-03-07 19:45:00,-0.0
2023-03-07 20:00:00,-0.0
2023-03-07 20:15:00,-0.0
2023-03-07 20:30:00,-0.0
2023-03-07 20:45:00,-0.0
2023-03-07 21:00:00,-0.0
2023-03-07 21:15:00,-0.0
2023-03-07 21:30:00,-0.0
2023-03-07 21:45:00,-0.0
2023-03-07 22:00:00,-0.0
2023-03-07 22:15:00,-0.0
2023-03-07 22:30:00,-0.0
2023-03-07 22:45:00,-0.0
2023-03-07 23:00:00,-0.0
2023-03-07 23:15:00,-0.0
2023-03-07 23:30:00,-0.0
2023-03-07 23:45:00,-0.0
2023-03-08 00:00:00,-0.0
2023-03-08 00:15:00,-0.0
2023-03-08 00:30:00,-0.0
2023-03-08 00:45:00,-0.0
2023-03-08 01:00:00,-0.0
2023-03-08 01:15:00,-0.0
2023-03-08 01:30:00,-0.0
2023-03-08 01:45:00,-0.0
2023-03-08 02:00:00,-0.0
2023-03-08 02:15:00,-0.0
2023-03-08 02:30:00,-0.0
2023-03-08 02:45:00,-0.0
2023-03-08 03:00:00,-0.0
2023-03-08 03:15:00,-0.0
2023-03-08 03:30:00,-0.0
2023-03-08 03:45:00,-0.0
2023-03-08 04:00:00,-0.0
2023-03-08 04:15:00,-0.0
2023-03-08 04:30:00,-0.0
2023-03-08 04:45:00,-0.0
2023-03-08 05:00:00,-0.0
2023-03-08 05:15:00,-0.0
2023-03-08 05:30:00,-0.0
2023-03-08 05:45:00,-0.0
2023-03-08 06:00:00,-0.0
2023-03-08 06:15:00,5.03
2023-03-08 06:30:00,19.03
2023-03-08 06:45:00,84.53
2023-03-08 07:00:00,167.43
2023-03-08 07:15:00,245.0
2023-03-08 07:30:00,327.85
2023-03-08 07:45:00,374.15
2023-03-08 08:00:00,407.28
2023-03-08 08:15:00,432.88
2023-03-08 08:30:00,453.49
2023-03-08 08:45:00,468.99
2023-03-08 09:00:00,480.19
2023-03-08 09:15:00,486.67
2023-03-08 09:30:00,488.72
2023-03-08 09:45:00,488.76
2023-03-08 10:00:00,487.32
2023-03-08 10:15:00,484.97
2023-03-08 10:30:00,483.07
2023-03-08 10:45:00,478.59
2023-03-08 11:00:00,475.29
2023-03-08 11:15:00,472.78
2023-03-08 11:30:00,470.56
2023-03-08 11:45:00,468.01
2023-03-08 12:00:00,467.05
2023-03-08 12:15:00,469.19
2023-03-08 12:30:00,471.96
2023-03-08 12:45:00,474.0
2023-03-08 13:00:00,477.59
2023-03-08 13:15:00,480.54
2023-03-08 13:30:00,483.76
2023-03-08 13:45:00,485.74
2023-03-08 14:00:00,487.7
2023-03-08 14:15:00,489.2
2023-03-08 14:30:00,490.33
2023-03-08 14:45:00,487.52
2023-03-08 15:00:00,480.1
2023-03-08 15:15:00,470.98
2023-03-08 15:30:00,454.74
2023-03-08 15:45:00,433.41
2023-03-08 16:00:00,406.61
2023-03-08 16:15:00,371.33
2023-03-08 16:30:00,293.5
2023-03-08 16:45:00,204.33
2023-03-08 17:00:00,120.02
2023-03-08 17:15:00,47.33
2023-03-08 17:30:00,4.41
2023-03-08 17:45:00,-0.0
2023-03-08 18:00:00,-0.0
2023-03-08 18:15:00,-0.0
2023-03-08 18:30:00,-0.0
2023-03-08 18:45:00,-0.0
2023-03-08 19:00:00,-0.0
2023-03-08 19:15:00,-0.0
2023-03-08 19:30:00,-0.0
2023-03-08 19:45:00,-0.0
2023-03-08 20:00:00,-0.0
2023-03-08 20:15:00,-0.0
2023-03-08 20:30:00,-0.0
2023-03-08 20:45:00,-0.0
2023-03-08 21:00:00,-0.0
2023-03-08 21:15:00,-0.0
2023-03-08 21:30:00,-0.0
2023-03-08 21:45:00,-0.0
2023-03-08 22:00:00,-0.0
2023-03-08 22:15:00,-0.0
2023-03-08 22:30:00,-0.0
2023-03-08 22:45:00,-0.0
2023-03-08 23:00:00,-0.0
2023-03-08 23:15:00,-0.0
2023-03-08 23:30:00,-0.0
2023-03-08 23:45:00,-0.0
2023-03-09 00:00:00,-0.0
2023-03-09 00:15:00,-0.0
2023-03-09 00:30:00,-0.0
2023-03-09 00:45:00,-0.0
2023-03-09 01:00:00,-0.0
2023-03-09 01:15:00,-0.0
2023-03-09 01:30:00,-0.0
2023-03-09 01:45:00,-0.0
2023-03-09 02:00:00,-0.0
2023-03-09 02:15:00,-0.0
2023-03-09 02:30:00,-0.0
2023-03-09 02:45:00,-0.0
2023-03-09 03:00:00,-0.0
2023-03-09 03:15:00,-0.0
2023-03-09 03:30:00,-0.0
2023-03-09 03:45:00,-0.0
2023-03-09 04:00:00,-0.0
2023-03-09 04:15:00,-0.0
2023-03-09 04:30:00,-0.0
2023-03-09 04:45:00,-0.0
2023-03-09 05:00:00,-0.0
2023-03-09 05:15:00,-0.0
2023-03-09 05:30:00,-0.0
2023-03-09 05:45:00,-0.0
2023-03-09 06:00:00,-0.0
2023-03-09 06:15:00,10.64
2023-03-09 06:30:00,55.04
2023-03-09 06:45:00,131.86
2023-03-09 07:00:00,218.81
2023-03-09 07:15:00,307.13
2023-03-09 07:30:00,398.45
2023-03-09 07:45:00,436.82
2023-03-09 08:00:00,462.09
2023-03-09 08:15:00,481.09
2023-03-09 08:30:00,492.89
2023-03-09 08:45:00,503.71
2023-03-09 09:00:00,510.65
2023-03-09 09:15:00,513.55
2023-03-09 09:30:00,512.5
2023-03-09 09:45:00,510.08
2023-03-09 10:00:00,506.44
2023-03-09 10:15:00,502.64
2023-03-09 10:30:00,499.48
2023-03-09 10:45:00,495.92
2023-03-09 11:00:00,491.47
2023-03-09 11:15:00,487.03
2023-03-09 11:30:00,484.14
2023-03-09 11:45:00,482.76
2023-03-09 12:00:00,481.5
2023-03-09 12:15:00,482.64
2023-03-09 12:30:00,484.64
2023-03-09 12:45:00,485.76
2023-03-09 13:00:00,488.58
2023-03-09 13:15:00,490.46
2023-03-09 13:30:00,492.28
2023-03-09 13:45:00,492.59
2023-03-09 14:00:00,492.91
2023-03-09 14:15:00,494.46
2023-03-09 14:30:00,492.71
2023-03-09 14:45:00,485.69
2023-03-09 15:00:00,474.42
2023-03-09 15:15:00,458.76
2023-03-09 15:30:00,437.73
2023-03-09 15:45:00,410.87
2023-03-09 16:00:00,377.56
2023-03-09 16:15:00,333.93
2023-03-09 16:30:00,247.74
2023-03-09 16:45:00,55.86
2023-03-09 17:00:00,8.35
2023-03-09 17:15:00,3.22
2023-03-09 17:30:00,0.55
2023-03-09 17:45:00,-0.0
2023-03-09 18:00:00,-0.0
2023-03-09 18:15:00,-0.0
2023-03-09 18:30:00,-0.0
2023-03-09 18:45:00,-0.0
2023-03-09 19:00:00,-0.0
2023-03-09 19:15:00,-0.0
2023-03-09 19:30:00,-0.0
2023-03-09 19:45:00,-0.0
2023-03-09 20:00:00,-0.0
2023-03-09 20:15:00,-0.0
2023-03-09 20:30:00,-0.0
2023-03-09 20:45:00,-0.0
2023-03-09 21:00:00,-0.0
2023-03-09 21:15:00,-0.0
2023-03-09 21:30:00,-0.0
2023-03-09 21:45:00,-0.0
2023-03-09 22:00:00,-0.0
2023-03-09 22:15:00,-0.0
2023-03-09 22:30:00,-0.0
2023-03-09 22:45:00,-0.0
2023-03-09 23:00:00,-0.0
2023-03-09 23:15:00,-0.0
2023-03-09 23:30:00,-0.0
2023-03-09 23:45:00,-0.0
2023-03-10 00:00:00,-0.0
2023-03-10 00:15:00,-0.0
2023-03-10 00:30:00,-0.0
2023-03-10 00:45:00,-0.0
2023-03-10 01:00:00,-0.0
2023-03-10 01:15:00,-0.0
2023-03-10 01:30:00,-0.0
2023-03-10 01:45:00,-0.0
2023-03-10 02:00:00,-0.0
2023-03-10 02:15:00,-0.0
2023-03-10 02:30:00,-0.0
2023-03-10 02:45:00,-0.0
2023-03-10 03:00:00,-0.0
2023-03-10 03:15:00,-0.0
2023-03-10 03:30:00,-0.0
2023-03-10 03:45:00,-0.0
2023-03-10 04:00:00,-0.0
2023-03-10 04:15:00,-0.0
2023-03-10 04:30:00,-0.0
2023-03-10 04:45:00,-0.0
2023-03-10 05:00:00,-0.0
2023-03-10 05:15:00,-0.0
2023-03-10 05:30:00,-0.0
2023-03-10 05:45:00,-0.0
2023-03-10 06:00:00,-0.0
2023-03-10 06:15:00,11.57
2023-03-10 06:30:00,56.25
2023-03-10 06:45:00,125.86
2023-03-10 07:00:00,207.27
2023-03-10 07:15:00,291.75
2023-03-10 07:30:00,383.05
2023-03-10 07:45:00,421.43
2023-03-10 08:00:00,450.66
2023-03-10 08:15:00,473.86
2023-03-10 08:30:00,491.96
2023-03-10 08:45:00,505.27
2023-03-10 09:00:00,512.44
2023-03-10 09:15:00,515.31
2023-03-10 09:30:00,505.19
2023-03-10 09:45:00,378.67
2023-03-10 10:00:00,322.24
2023-03-10 10:15:00,358.92
2023-03-10 10:30:00,463.08
2023-03-10 10:45:00,371.27
2023-03-10 11:00:00,329.88
2023-03-10 11:15:00,330.7
2023-03-10 11:30:00,332.34
2023-03-10 11:45:00,444.72
2023-03-10 12:00:00,476.98
2023-03-10 12:15:00,476.93
2023-03-10 12:30:00,477.32
2023-03-10 12:45:00,476.48
2023-03-10 13:00:00,476.77
2023-03-10 13:15:00,475.25
2023-03-10 13:30:00,472.99
2023-03-10 13:45:00,468.19
2023-03-10 14:00:00,460.99
2023-03-10 14:15:00,453.05
2023-03-10 14:30:00,443.12
2023-03-10 14:45:00,427.83
2023-03-10 15:00:00,408.59
2023-03-10 15:15:00,385.22
2023-03-10 15:30:00,356.65
2023-03-10 15:45:00,314.37
2023-03-10 16:00:00,275.54
2023-03-10 16:15:00,231.01
2023-03-10 16:30:00,162.0
2023-03-10 16:45:00,101.99
2023-03-10 17:00:00,50.66
2023-03-10 17:15:00,19.82
2023-03-10 17:30:00,3.56
2023-03-10 17:45:00,-0.0
2023-03-10 18:00:00,-0.0
2023-03-10 18:15:00,-0.0
2023-03-10 18:30:00,-0.0
2023-03-10 18:45:00,-0.0
2023-03-10 19:00:00,-0.0
2023-03-10 19:15:00,-0.0
2023-03-10 19:30:00,-0.0
2023-03-10 19:45:00,-0.0
2023-03-10 20:00:00,-0.0
2023-03-10 20:15:00,-0.0
2023-03-10 20:30:00,-0.0
2023-03-10 20:45:00,-0.0
2023-03-10 21:00:00,-0.0
2023-03-10 21:15:00,-0.0
2023-03-10 21:30:00,-0.0
2023-03-10 21:45:00,-0.0
2023-03-10 22:00:00,-0.0
2023-03-10 22:15:00,-0.0
2023-03-10 22:30:00,-0.0
2023-03-10 22:45:00,-0.0
2023-03-10 23:00:00,-0.0
2023-03-10 23:15:00,-0.0
2023-03-10 23:30:00,-0.0
2023-03-10 23:45:00,-0.0
2023-03-11 00:00:00,-0.0
2023-03-11 00:15:00,-0.0
2023-03-11 00:30:00,-0.0
2023-03-11 00:45:00,-0.0
2023-03-11 01:00:00,-0.0
2023-03-11 01:15:00,-0.0
2023-03-11 01:30:00,-0.0
2023-03-11 01:45:00,-0.0
2023-03-11 02:00:00,-0.0
2023-03-11 02:15:00,-0.0
2023-03-11 02:30:00,-0.0
2023-03-11 02:45:00,-0.0
2023-03-11 03:00:00,-0.0
2023-03-11 03:15:00,-0.0
2023-03-11 03:30:00,-0.0
2023-03-11 03:45:00,-0.0
2023-03-11 04:00:00,-0.0
2023-03-11 04:15:00,-0.0
2023-03-11 04:30:00,-0.0
2023-03-11 04:45:00,-0.0
2023-03-11 05:00:00,-0.0
2023-03-11 05:15:00,-0.0
2023-03-11 05:30:00,-0.0
2023-03-11 05:45:00,-0.0
2023-03-11 06:00:00,-0.0
2023-03-11 06:15:00,13.72
2023-03-11 06:30:00,66.23
2023-03-11 06:45:00,140.07
2023-03-11 07:00:00,226.96
2023-03-11 07:15:00,316.6
2023-03-11 07:30:00,407.14
2023-03-11 07:45:00,439.89
2023-03-11 08:00:00,465.51
2023-03-11 08:15:00,485.54
2023-03-11 08:30:00,497.43
2023-03-11 08:45:00,508.58
2023-03-11 09:00:00,513.99
2023-03-11 09:15:00,516.9
2023-03-11 09:30:00,515.83
2023-03-11 09:45:00,513.98
2023-03-11 10:00:00,509.96
2023-03-11 10:15:00,506.39
2023-03-11 10:30:00,500.73
2023-03-11 10:45:00,497.9
2023-03-11 11:00:00,494.53
2023-03-11 11:15:00,492.03
2023-03-11 11:30:00,489.27
2023-03-11 11:45:00,488.0
2023-03-11 12:00:00,487.03
2023-03-11 12:15:00,488.23
2023-03-11 12:30:00,489.93
2023-03-11 12:45:00,490.84
2023-03-11 13:00:00,493.5
2023-03-11 13:15:00,498.21
2023-03-11 13:30:00,501.01
2023-03-11 13:45:00,502.4
2023-03-11 14:00:00,504.37
2023-03-11 14:15:00,505.04
2023-03-11 14:30:00,505.39
2023-03-11 14:45:00,501.08
2023-03-11 15:00:00,493.06
2023-03-11 15:15:00,483.88
2023-03-11 15:30:00,467.3
2023-03-11 15:45:00,445.57
2023-03-11 16:00:00,418.16
2023-03-11 16:15:00,382.74
2023-03-11 16:30:00,310.4
2023-03-11 16:45:00,218.79
2023-03-11 17:00:00,132.33
2023-03-11 17:15:00,56.29
2023-03-11 17:30:00,6.8
2023-03-11 17:45:00,-0.0
2023-03-11 18:00:00,-0.0
2023-03-11 18:15:00,-0.0
2023-03-11 18:30:00,-0.0
2023-03-11 18:45:00,-0.0
2023-03-11 19:00:00,-0.0
2023-03-11 19:15:00,-0.0
2023-03-11 19:30:00,-0.0
2023-03-11 19:45:00,-0.0
2023-03-11 20:00:00,-0.0
2023-03-11 20:15:00,-0.0
2023-03-11 20:30:00,-0.0
2023-03-11 20:45:00,-0.0
2023-03-11 21:00:00,-0.0
2023-03-11 21:15:00,-0.0
2023-03-11 21:30:00,-0.0
2023-03-11 21:45:00,-0.0
2023-03-11 22:00:00,-0.0
2023-03-11 22:15:00,-0.0
2023-03-11 22:30:00,-0.0
2023-03-11 22:45:00,-0.0
2023-03-11 23:00:00,-0.0
2023-03-11 23:15:00,-0.0
2023-03-11 23:30:00,-0.0
2023-03-11 23:45:00,-0.0
2023-03-12 00:00:00,-0.0
2023-03-12 00:15:00,-0.0
2023-03-12 00:30:00,-0.0
2023-03-12 00:45:00,-0.0
2023-03-12 01:00:00,-0.0
2023-03-12 01:15:00,-0.0
2023-03-12 01:30:00,-0.0
2023-03-12 01:45:00,-0.0
2023-03-12 02:00:00,-0.0
2023-03-12 02:15:00,-0.0
2023-03-12 02:30:00,-0.0
2023-03-12 02:45:00,-0.0
2023-03-12 03:00:00,-0.0
2023-03-12 03:15:00,-0.0
2023-03-12 03:30:00,-0.0
2023-03-12 03:45:00,-0.0
2023-03-12 04:00:00,-0.0
2023-03-12 04:15:00,-0.0
2023-03-12 04:30:00,-0.0
2023-03-12 04:45:00,-0.0
2023-03-12 05:00:00,-0.0
2023-03-12 05:15:00,-0.0
2023-03-12 05:30:00,-0.0
2023-03-12 05:45:00,-0.0
2023-03-12 06:00:00,1.76
2023-03-12 06:15:00,11.29
2023-03-12 06:30:00,42.08
2023-03-12 06:45:00,134.06
2023-03-12 07:00:00,235.16
2023-03-12 07:15:00,325.55
2023-03-12 07:30:00,412.49
2023-03-12 07:45:00,445.72
2023-03-12 08:00:00,472.13
2023-03-12 08:15:00,492.88
2023-03-12 08:30:00,508.66
2023-03-12 08:45:00,520.05
2023-03-12 09:00:00,523.27
2023-03-12 09:15:00,526.06
2023-03-12 09:30:00,524.45
2023-03-12 09:45:00,522.22
2023-03-12 10:00:00,517.94
2023-03-12 10:15:00,514.01
2023-03-12 10:30:00,511.21
2023-03-12 10:45:00,507.01
2023-03-12 11:00:00,502.08
2023-03-12 11:15:00,498.4
2023-03-12 11:30:00,494.46
2023-03-12 11:45:00,492.02
2023-03-12 12:00:00,490.26
2023-03-12 12:15:00,491.39
2023-03-12 12:30:00,493.15
2023-03-12 12:45:00,493.95
2023-03-12 13:00:00,496.14
2023-03-12 13:15:00,497.77
2023-03-12 13:30:00,499.38
2023-03-12 13:45:00,499.47
2023-03-12 14:00:00,499.45
2023-03-12 14:15:00,498.28
2023-03-12 14:30:00,499.91
2023-03-12 14:45:00,493.99
2023-03-12 15:00:00,484.0
2023-03-12 15:15:00,467.86
2023-03-12 15:30:00,446.44
2023-03-12 15:45:00,419.08
2023-03-12 16:00:00,385.32
2023-03-12 16:15:00,340.47
2023-03-12 16:30:00,269.36
2023-03-12 16:45:00,182.91
2023-03-12 17:00:00,105.59
2023-03-12 17:15:00,41.02
2023-03-12 17:30:00,5.65
2023-03-12 17:45:00,-0.0
2023-03-12 18:00:00,-0.0
2023-03-12 18:15:00,-0.0
2023-03-12 18:30:00,-0.0
2023-03-12 18:45:00,-0.0
2023-03-12 19:00:00,-0.0
2023-03-12 19:15:00,-0.0
2023-03-12 19:30:00,-0.0
2023-03-12 19:45:00,-0.0
2023-03-12 20:00:00,-0.0
2023-03-12 20:15:00,-0.0
2023-03-12 20:30:00,-0.0
2023-03-12 20:45:00,-0.0
2023-03-12 21:00:00,-0.0
2023-03-12 21:15:00,-0.0
2023-03-12 21:30:00,-0.0
2023-03-12 21:45:00,-0.0
2023-03-12 22:00:00,-0.0
2023-03-12 22:15:00,-0.0
2023-03-12 22:30:00,-0.0
2023-03-12 22:45:00,-0.0
2023-03-12 23:00:00,-0.0
2023-03-12 23:15:00,-0.0
2023-03-12 23:30:00,-0.0
2023-03-12 23:45:00,-0.0
2023-03-13 00:00:00,-0.0
2023-03-13 00:15:00,-0.0
2023-03-13 00:30:00,-0.0
2023-03-13 00:45:00,-0.0
2023-03-13 01:00:00,-0.0
2023-03-13 01:15:00,-0.0
2023-03-13 01:30:00,-0.0
2023-03-13 01:45:00,-0.0
2023-03-13 02:00:00,-0.0
2023-03-13 02:15:00,-0.0
2023-03-13 02:30:00,-0.0
2023-03-13 02:45:00,-0.0
2023-03-13 03:00:00,-0.0
2023-03-13 03:15:00,-0.0
2023-03-13 03:30:00,-0.0
2023-03-13 03:45:00,-0.0
2023-03-13 04:00:00,-0.0
2023-03-13 04:15:00,-0.0
2023-03-13 04:30:00,-0.0
2023-03-13 04:45:00,-0.0
2023-03-13 05:00:00,-0.0
2023-03-13 05:15:00,-0.0
2023-03-13 05:30:00,-0.0
2023-03-13 05:45:00,-0.0
2023-03-13 06:00:00,2.65
2023-03-13 06:15:00,15.14
2023-03-13 06:30:00,58.04
2023-03-13 06:45:00,115.7
2023-03-13 07:00:00,187.67
2023-03-13 07:15:00,264.87
2023-03-13 07:30:00,338.35
2023-03-13 07:45:00,374.74
2023-03-13 08:00:00,404.66
2023-03-13 08:15:00,429.53
2023-03-13 08:30:00,449.48
2023-03-13 08:45:00,467.83
2023-03-13 09:00:00,479.84
2023-03-13 09:15:00,487.79
2023-03-13 09:30:00,491.17
2023-03-13 09:45:00,492.94
2023-03-13 10:00:00,492.97
2023-03-13 10:15:00,492.69
2023-03-13 10:30:00,491.27
2023-03-13 10:45:00,489.04
2023-03-13 11:00:00,486.1
2023-03-13 11:15:00,483.72
2023-03-13 11:30:00,480.8
2023-03-13 11:45:00,479.17
2023-03-13 12:00:00,478.46
2023-03-13 12:15:00,480.37
2023-03-13 12:30:00,482.35
2023-03-13 12:45:00,484.26
2023-03-13 13:00:00,487.27
2023-03-13 13:15:00,489.14
2023-03-13 13:30:00,490.76
2023-03-13 13:45:00,490.81
2023-03-13 14:00:00,491.09
2023-03-13 14:15:00,489.55
2023-03-13 14:30:00,487.35
2023-03-13 14:45:00,480.51
2023-03-13 15:00:00,469.26
2023-03-13 15:15:00,453.09
2023-03-13 15:30:00,432.03
2023-03-13 15:45:00,402.19
2023-03-13 16:00:00,370.37
2023-03-13 16:15:00,331.24
2023-03-13 16:30:00,265.35
2023-03-13 16:45:00,182.55
2023-03-13 17:00:00,107.98
2023-03-13 17:15:00,44.12
2023-03-13 17:30:00,6.7
2023-03-13 17:45:00,-0.0
2023-03-13 18:00:00,-0.0
2023-03-13 18:15:00,-0.0
2023-03-13 18:30:00,-0.0
2023-03-13 18:45:00,-0.0
2023-03-13 19:00:00,-0.0
2023-03-13 19:15:00,-0.0
2023-03-13 19:30:00,-0.0
2023-03-13 19:45:00,-0.0
2023-03-13 20:00:00,-0.0
2023-03-13 20:15:00,-0.0
2023-03-13 20:30:00,-0.0
2023-03-13 20:45:00,-0.0
2023-03-13 21:00:00,-0.0
2023-03-13 21:15:00,-0.0
2023-03-13 21:30:00,-0.0
2023-03-13 21:45:00,-0.0
2023-03-13 22:00:00,-0.0
2023-03-13 22:15:00,-0.0
2023-03-13 22:30:00,-0.0
2023-03-13 22:45:00,-0.0
2023-03-13 23:00:00,-0.0
2023-03-13 23:15:00,-0.0
2023-03-13 23:30:00,-0.0
2023-03-13 23:45:00,-0.0
2023-03-14 00:00:00,-0.0
2023-03-14 00:15:00,-0.0
2023-03-14 00:30:00,-0.0
2023-03-14 00:45:00,-0.0
2023-03-14 01:00:00,-0.0
2023-03-14 01:15:00,-0.0
2023-03-14 01:30:00,-0.0
2023-03-14 01:45:00,-0.0
2023-03-14 02:00:00,-0.0
2023-03-14 02:15:00,-0.0
2023-03-14 02:30:00,-0.0
2023-03-14 02:45:00,-0.0
2023-03-14 03:00:00,-0.0
2023-03-14 03:15:00,-0.0
2023-03-14 03:30:00,-0.0
2023-03-14 03:45:00,-0.0
2023-03-14 04:00:00,-0.0
2023-03-14 04:15:00,-0.0
2023-03-14 04:30:00,-0.0
2023-03-14 04:45:00,-0.0
2023-03-14 05:00:00,-0.0
2023-03-14 05:15:00,-0.0
2023-03-14 05:30:00,-0.0
2023-03-14 05:45:00,-0.0
2023-03-14 06:00:00,3.4
2023-03-14 06:15:00,18.74
2023-03-14 06:30:00,69.31
2023-03-14 06:45:00,136.93
2023-03-14 07:00:00,213.93
2023-03-14 07:15:00,296.17
2023-03-14 07:30:00,368.85
2023-03-14 07:45:00,403.23
2023-03-14 08:00:00,433.42
2023-03-14 08:15:00,457.31
2023-03-14 08:30:00,476.14
2023-03-14 08:45:00,490.26
2023-03-14 09:00:00,498.36
2023-03-14 09:15:00,503.74
2023-03-14 09:30:00,504.82
2023-03-14 09:45:00,504.99
2023-03-14 10:00:00,503.33
2023-03-14 10:15:00,502.17
2023-03-14 10:30:00,500.01
2023-03-14 10:45:00,497.29
2023-03-14 11:00:00,494.61
2023-03-14 11:15:00,491.78
2023-03-14 11:30:00,488.45
2023-03-14 11:45:00,486.41
2023-03-14 12:00:00,486.02
2023-03-14 12:15:00,488.64
2023-03-14 12:30:00,491.33
2023-03-14 12:45:00,494.11
2023-03-14 13:00:00,498.02
2023-03-14 13:15:00,500.9
2023-03-14 13:30:00,503.77
2023-03-14 13:45:00,505.3
2023-03-14 14:00:00,507.11
2023-03-14 14:15:00,507.65
2023-03-14 14:30:00,507.99
2023-03-14 14:45:00,504.1
2023-03-14 15:00:00,494.72
2023-03-14 15:15:00,478.81
2023-03-14 15:30:00,457.55
2023-03-14 15:45:00,430.33
2023-03-14 16:00:00,396.56
2023-03-14 16:15:00,352.65
2023-03-14 16:30:00,284.54
2023-03-14 16:45:00,195.73
2023-03-14 17:00:00,115.67
2023-03-14 17:15:00,47.39
2023-03-14 17:30:00,7.44
2023-03-14 17:45:00,-0.0
2023-03-14 18:00:00,-0.0
2023-03-14 18:15:00,-0.0
2023-03-14 18:30:00,-0.0
2023-03-14 18:45:00,-0.0
2023-03-14 19:00:00,-0.0
2023-03-14 19:15:00,-0.0
2023-03-14 19:30:00,-0.0
2023-03-14 19:45:00,-0.0
2023-03-14 20:00:00,-0.0
2023-03-14 20:15:00,-0.0
2023-03-14 20:30:00,-0.0
2023-03-14 20:45:00,-0.0
2023-03-14 21:00:00,-0.0
2023-03-14 21:15:00,-0.0
2023-03-14 21:30:00,-0.0
2023-03-14 21:45:00,-0.0
2023-03-14 22:00:00,-0.0
2023-03-14 22:15:00,-0.0
2023-03-14 22:30:00,-0.0
2023-03-14 22:45:00,-0.0
2023-03-14 23:00:00,-0.0
2023-03-14 23:15:00,-0.0
2023-03-14 23:30:00,-0.0
2023-03-14 23:45:00,-0.0
2023-03-15 00:00:00,-0.0
2023-03-15 00:15:00,-0.0
2023-03-15 00:30:00,-0.0
2023-03-15 00:45:00,-0.0
2023-03-15 01:00:00,-0.0
2023-03-15 01:15:00,-0.0
2023-03-15 01:30:00,-0.0
2023-03-15 01:45:00,-0.0
2023-03-15 02:00:00,-0.0
2023-03-15 02:15:00,-0.0
2023-03-15 02:30:00,-0.0
2023-03-15 02:45:00,-0.0
2023-03-15 03:00:00,-0.0
2023-03-15 03:15:00,-0.0
2023-03-15 03:30:00,-0.0
2023-03-15 03:45:00,-0.0
2023-03-15 04:00:00,-0.0
2023-03-15 04:15:00,-0.0
2023-03-15 04:30:00,-0.0
2023-03-15 04:45:00,-0.0
2023-03-15 05:00:00,-0.0
2023-03-15 05:15:00,-0.0
2023-03-15 05:30:00,-0.0
2023-03-15 05:45:00,-0.0
2023-03-15 06:00:00,4.26
2023-03-15 06:15:00,24.69
2023-03-15 06:30:00,90.51
2023-03-15 06:45:00,169.26
2023-03-15 07:00:00,258.45
2023-03-15 07:15:00,351.54
2023-03-15 07:30:00,426.43
2023-03-15 07:45:00,459.24
2023-03-15 08:00:00,484.59
2023-03-15 08:15:00,504.85
2023-03-15 08:30:00,520.19
2023-03-15 08:45:00,527.93
2023-03-15 09:00:00,528.9
2023-03-15 09:15:00,528.9
2023-03-15 09:30:00,528.9
2023-03-15 09:45:00,528.9
2023-03-15 10:00:00,528.9
2023-03-15 10:15:00,526.34
2023-03-15 10:30:00,522.73
2023-03-15 10:45:00,518.88
2023-03-15 11:00:00,514.31
2023-03-15 11:15:00,511.0
2023-03-15 11:30:00,507.3
2023-03-15 11:45:00,505.15
2023-03-15 12:00:00,503.9
2023-03-15 12:15:00,505.12
2023-03-15 12:30:00,506.46
2023-03-15 12:45:00,507.95
2023-03-15 13:00:00,510.51
2023-03-15 13:15:00,512.17
2023-03-15 13:30:00,513.78
2023-03-15 13:45:00,513.71
2023-03-15 14:00:00,513.9
2023-03-15 14:15:00,515.76
2023-03-15 14:30:00,514.26
2023-03-15 14:45:00,508.06
2023-03-15 15:00:00,498.05
2023-03-15 15:15:00,484.04
2023-03-15 15:30:00,465.24
2023-03-15 15:45:00,441.09
2023-03-15 16:00:00,411.35
2023-03-15 16:15:00,373.8
2023-03-15 16:30:00,307.49
2023-03-15 16:45:00,218.27
2023-03-15 17:00:00,135.34
2023-03-15 17:15:00,62.61
2023-03-15 17:30:00,10.71
2023-03-15 17:45:00,-0.0
2023-03-15 18:00:00,-0.0
2023-03-15 18:15:00,-0.0
2023-03-15 18:30:00,-0.0
2023-03-15 18:45:00,-0.0
2023-03-15 19:00:00,-0.0
2023-03-15 19:15:00,-0.0
2023-03-15 19:30:00,-0.0
2023-03-15 19:45:00,-0.0
2023-03-15 20:00:00,-0.0
2023-03-15 20:15:00,-0.0
2023-03-15 20:30:00,-0.0
2023-03-15 20:45:00,-0.0
2023-03-15 21:00:00,-0.0
2023-03-15 21:15:00,-0.0
2023-03-15 21:30:00,-0.0
2023-03-15 21:45:00,-0.0
2023-03-15 22:00:00,-0.0
2023-03-15 22:15:00,-0.0
2023-03-15 22:30:00,-0.0
2023-03-15 22:45:00,-0.0
2023-03-15 23:00:00,-0.0
2023-03-15 23:15:00,-0.0
2023-03-15 23:30:00,-0.0
2023-03-15 23:45:00,-0.0
2023-03-16 00:00:00,-0.0
2023-03-16 00:15:00,-0.0
2023-03-16 00:30:00,-0.0
2023-03-16 00:45:00,-0.0
2023-03-16 01:00:00,-0.0
2023-03-16 01:15:00,-0.0
2023-03-16 01:30:00,-0.0
2023-03-16 01:45:00,-0.0
2023-03-16 02:00:00,-0.0
2023-03-16 02:15:00,-0.0
2023-03-16 02:30:00,-0.0
2023-03-16 02:45:00,-0.0
2023-03-16 03:00:00,-0.0
2023-03-16 03:15:00,-0.0
2023-03-16 03:30:00,-0.0
2023-03-16 03:45:00,-0.0
2023-03-16 04:00:00,-0.0
2023-03-16 04:15:00,-0.0
2023-03-16 04:30:00,-0.0
2023-03-16 04:45:00,-0.0
2023-03-16 05:00:00,-0.0
2023-03-16 05:15:00,-0.0
2023-03-16 05:30:00,-0.0
2023-03-16 05:45:00,-0.0
2023-03-16 06:00:00,5.04
2023-03-16 06:15:00,24.98
2023-03-16 06:30:00,86.71
2023-03-16 06:45:00,161.77
2023-03-16 07:00:00,244.21
2023-03-16 07:15:00,331.35
2023-03-16 07:30:00,399.41
2023-03-16 07:45:00,433.87
2023-03-16 08:00:00,461.26
2023-03-16 08:15:00,483.31
2023-03-16 08:30:00,500.36
2023-03-16 08:45:00,512.84
2023-03-16 09:00:00,521.27
2023-03-16 09:15:00,526.02
2023-03-16 09:30:00,525.89
2023-03-16 09:45:00,522.57
2023-03-16 10:00:00,521.03
2023-03-16 10:15:00,519.47
2023-03-16 10:30:00,517.22
2023-03-16 10:45:00,514.57
2023-03-16 11:00:00,510.94
2023-03-16 11:15:00,508.57
2023-03-16 11:30:00,505.71
2023-03-16 11:45:00,504.33
2023-03-16 12:00:00,503.85
2023-03-16 12:15:00,505.65
2023-03-16 12:30:00,507.67
2023-03-16 12:45:00,509.81
2023-03-16 13:00:00,513.22
2023-03-16 13:15:00,515.78
2023-03-16 13:30:00,518.5
2023-03-16 13:45:00,519.86
2023-03-16 14:00:00,521.82
2023-03-16 14:15:00,522.43
2023-03-16 14:30:00,522.79
2023-03-16 14:45:00,519.32
2023-03-16 15:00:00,511.24
2023-03-16 15:15:00,501.99
2023-03-16 15:30:00,484.96
2023-03-16 15:45:00,462.74
2023-03-16 16:00:00,434.88
2023-03-16 16:15:00,399.32
2023-03-16 16:30:00,337.01
2023-03-16 16:45:00,242.63
2023-03-16 17:00:00,154.0
2023-03-16 17:15:00,73.22
2023-03-16 17:30:00,15.28
2023-03-16 17:45:00,-0.0
2023-03-16 18:00:00,-0.0
2023-03-16 18:15:00,-0.0
2023-03-16 18:30:00,-0.0
2023-03-16 18:45:00,-0.0
2023-03-16 19:00:00,-0.0
2023-03-16 19:15:00,-0.0
2023-03-16 19:30:00,-0.0
2023-03-16 19:45:00,-0.0
2023-03-16 20:00:00,-0.0
2023-03-16 20:15:00,-0.0
2023-03-16 20:30:00,-0.0
2023-03-16 20:45:00,-0.0
2023-03-16 21:00:00,-0.0
2023-03-16 21:15:00,-0.0
2023-03-16 21:30:00,-0.0
2023-03-16 21:45:00,-0.0
2023-03-16 22:00:00,-0.0
2023-03-16 22:15:00,-0.0
2023-03-16 22:30:00,-0.0
2023-03-16 22:45:00,-0.0
2023-03-16 23:00:00,-0.0
2023-03-16 23:15:00,-0.0
2023-03-16 23:30:00,-0.0
2023-03-16 23:45:00,-0.0
2023-03-17 00:00:00,-0.0
2023-03-17 00:15:00,-0.0
2023-03-17 00:30:00,-0.0
2023-03-17 00:45:00,-0.0
2023-03-17 01:00:00,-0.0
2023-03-17 01:15:00,-0.0
2023-03-17 01:30:00,-0.0
2023-03-17 01:45:00,-0.0
2023-03-17 02:00:00,-0.0
2023-03-17 02:15:00,-0.0
2023-03-17 02:30:00,-0.0
2023-03-17 02:45:00,-0.0
2023-03-17 03:00:00,-0.0
2023-03-17 03:15:00,-0.0
2023-03-17 03:30:00,-0.0
2023-03-17 03:45:00,-0.0
2023-03-17 04:00:00,-0.0
2023-03-17 04:15:00,-0.0
2023-03-17 04:30:00,-0.0
2023-03-17 04:45:00,-0.0
2023-03-17 05:00:00,-0.0
2023-03-17 05:15:00,-0.0
2023-03-17 05:30:00,-0.0
2023-03-17 05:45:00,-0.0
2023-03-17 06:00:00,5.87
2023-03-17 06:15:00,25.98
2023-03-17 06:30:00,83.64
2023-03-17 06:45:00,154.49
2023-03-17 07:00:00,232.43
2023-03-17 07:15:00,316.01
2023-03-17 07:30:00,377.51
2023-03-17 07:45:00,411.17
2023-03-17 08:00:00,440.16
2023-03-17 08:15:00,463.63
2023-03-17 08:30:00,482.08
2023-03-17 08:45:00,495.96
2023-03-17 09:00:00,505.84
2023-03-17 09:15:00,511.76
2023-03-17 09:30:00,512.9
2023-03-17 09:45:00,513.44
2023-03-17 10:00:00,512.62
2023-03-17 10:15:00,511.38
2023-03-17 10:30:00,509.52
2023-03-17 10:45:00,506.79
2023-03-17 11:00:00,503.5
2023-03-17 11:15:00,500.77
2023-03-17 11:30:00,497.51
2023-03-17 11:45:00,495.63
2023-03-17 12:00:00,495.17
2023-03-17 12:15:00,497.05
2023-03-17 12:30:00,499.02
2023-03-17 12:45:00,500.97
2023-03-17 13:00:00,504.04
2023-03-17 13:15:00,505.94
2023-03-17 13:30:00,507.67
2023-03-17 13:45:00,507.94
2023-03-17 14:00:00,508.34
2023-03-17 14:15:00,507.01
2023-03-17 14:30:00,505.05
2023-03-17 14:45:00,499.06
2023-03-17 15:00:00,488.5
2023-03-17 15:15:00,473.34
2023-03-17 15:30:00,453.41
2023-03-17 15:45:00,428.17
2023-03-17 16:00:00,397.21
2023-03-17 16:15:00,356.54
2023-03-17 16:30:00,297.8
2023-03-17 16:45:00,211.16
2023-03-17 17:00:00,131.42
2023-03-17 17:15:00,59.08
2023-03-17 17:30:00,13.41
2023-03-17 17:45:00,-0.0
2023-03-17 18:00:00,-0.0
2023-03-17 18:15:00,-0.0
2023-03-17 18:30:00,-0.0
2023-03-17 18:45:00,-0.0
2023-03-17 19:00:00,-0.0
2023-03-17 19:15:00,-0.0
2023-03-17 19:30:00,-0.0
2023-03-17 19:45:00,-0.0
2023-03-17 20:00:00,-0.0
2023-03-17 20:15:00,-0.0
2023-03-17 20:30:00,-0.0
2023-03-17 20:45:00,-0.0
2023-03-17 21:00:00,-0.0
2023-03-17 21:15:00,-0.0
2023-03-17 21:30:00,-0.0
2023-03-17 21:45:00,-0.0
2023-03-17 22:00:00,-0.0
2023-03-17 22:15:00,-0.0
2023-03-17 22:30:00,-0.0
2023-03-17 22:45:00,-0.0
2023-03-17 23:00:00,-0.0
2023-03-17 23:15:00,-0.0
2023-03-17 23:30:00,-0.0
2023-03-17 23:45:00,-0.0
2023-03-18 00:00:00,-0.0
2023-03-18 00:15:00,-0.0
2023-03-18 00:30:00,-0.0
2023-03-18 00:45:00,-0.0
2023-03-18 01:00:00,-0.0
2023-03-18 01:15:00,-0.0
2023-03-18 01:30:00,-0.0
2023-03-18 01:45:00,-0.0
2023-03-18 02:00:00,-0.0
2023-03-18 02:15:00,-0.0
2023-03-18 02:30:00,-0.0
2023-03-18 02:45:00,-0.0
2023-03-18 03:00:00,-0.0
2023-03-18 03:15:00,-0.0
2023-03-18 03:30:00,-0.0
2023-03-18 03:45:00,-0.0
2023-03-18 04:00:00,-0.0
2023-03-18 04:15:00,-0.0
2023-03-18 04:30:00,-0.0
2023-03-18 04:45:00,-0.0
2023-03-18 05:00:00,-0.0
2023-03-18 05:15:00,-0.0
2023-03-18 05:30:00,-0.0
2023-03-18 05:45:00,-0.0
2023-03-18 06:00:00,5.01
2023-03-18 06:15:00,17.28
2023-03-18 06:30:00,27.61
2023-03-18 06:45:00,98.32
2023-03-18 07:00:00,232.22
2023-03-18 07:15:00,325.22
2023-03-18 07:30:00,212.68
2023-03-18 07:45:00,183.93
2023-03-18 08:00:00,398.18
2023-03-18 08:15:00,476.81
2023-03-18 08:30:00,493.85
2023-03-18 08:45:00,506.34
2023-03-18 09:00:00,514.82
2023-03-18 09:15:00,519.17
2023-03-18 09:30:00,519.16
2023-03-18 09:45:00,518.88
2023-03-18 10:00:00,514.25
2023-03-18 10:15:00,513.34
2023-03-18 10:30:00,510.88
2023-03-18 10:45:00,508.31
2023-03-18 11:00:00,505.02
2023-03-18 11:15:00,502.48
2023-03-18 11:30:00,499.62
2023-03-18 11:45:00,497.99
2023-03-18 12:00:00,497.42
2023-03-18 12:15:00,498.41
2023-03-18 12:30:00,499.39
2023-03-18 12:45:00,500.33
2023-03-18 13:00:00,502.35
2023-03-18 13:15:00,505.22
2023-03-18 13:30:00,506.04
2023-03-18 13:45:00,496.96
2023-03-18 14:00:00,387.15
2023-03-18 14:15:00,464.3
2023-03-18 14:30:00,497.32
2023-03-18 14:45:00,478.21
2023-03-18 15:00:00,315.26
2023-03-18 15:15:00,274.37
2023-03-18 15:30:00,186.12
2023-03-18 15:45:00,204.37
2023-03-18 16:00:00,189.1
2023-03-18 16:15:00,139.69
2023-03-18 16:30:00,111.56
2023-03-18 16:45:00,81.79
2023-03-18 17:00:00,37.66
2023-03-18 17:15:00,16.85
2023-03-18 17:30:00,5.36
2023-03-18 17:45:00,-0.0
2023-03-18 18:00:00,-0.0
2023-03-18 18:15:00,-0.0
2023-03-18 18:30:00,-0.0
2023-03-18 18:45:00,-0.0
2023-03-18 19:00:00,-0.0
2023-03-18 19:15:00,-0.0
2023-03-18 19:30:00,-0.0
2023-03-18 19:45:00,-0.0
2023-03-18 20:00:00,-0.0
2023-03-18 20:15:00,-0.0
2023-03-18 20:30:00,-0.0
2023-03-18 20:45:00,-0.0
2023-03-18 21:00:00,-0.0
2023-03-18 21:15:00,-0.0
2023-03-18 21:30:00,-0.0
2023-03-18 21:45:00,-0.0
2023-03-18 22:00:00,-0.0
2023-03-18 22:15:00,-0.0
2023-03-18 22:30:00,-0.0
2023-03-18 22:45:00,-0.0
2023-03-18 23:00:00,-0.0
2023-03-18 23:15:00,-0.0
2023-03-18 23:30:00,-0.0
2023-03-18 23:45:00,-0.0
2023-03-19 00:00:00,-0.0
2023-03-19 00:15:00,-0.0
2023-03-19 00:30:00,-0.0
2023-03-19 00:45:00,-0.0
2023-03-19 01:00:00,-0.0
2023-03-19 01:15:00,-0.0
2023-03-19 01:30:00,-0.0
2023-03-19 01:45:00,-0.0
2023-03-19 02:00:00,-0.0
2023-03-19 02:15:00,-0.0
2023-03-19 02:30:00,-0.0
2023-03-19 02:45:00,-0.0
2023-03-19 03:00:00,-0.0
2023-03-19 03:15:00,-0.0
2023-03-19 03:30:00,-0.0
2023-03-19 03:45:00,-0.0
2023-03-19 04:00:00,-0.0
2023-03-19 04:15:00,-0.0
2023-03-19 04:30:00,-0.0
2023-03-19 04:45:00,-0.0
2023-03-19 05:00:00,-0.0
2023-03-19 05:15:00,-0.0
2023-03-19 05:30:00,-0.0
2023-03-19 05:45:00,-0.0
2023-03-19 06:00:00,7.48
2023-03-19 06:15:00,32.65
2023-03-19 06:30:00,65.86
2023-03-19 06:45:00,85.21
2023-03-19 07:00:00,113.81
2023-03-19 07:15:00,145.09
2023-03-19 07:30:00,169.45
2023-03-19 07:45:00,196.77
2023-03-19 08:00:00,202.45
2023-03-19 08:15:00,145.44
2023-03-19 08:30:00,149.05
2023-03-19 08:45:00,148.93
2023-03-19 09:00:00,166.63
2023-03-19 09:15:00,175.07
2023-03-19 09:30:00,195.05
2023-03-19 09:45:00,160.79
2023-03-19 10:00:00,113.21
2023-03-19 10:15:00,152.78
2023-03-19 10:30:00,181.77
2023-03-19 10:45:00,235.99
2023-03-19 11:00:00,211.22
2023-03-19 11:15:00,180.65
2023-03-19 11:30:00,205.84
2023-03-19 11:45:00,207.14
2023-03-19 12:00:00,188.02
2023-03-19 12:15:00,168.09
2023-03-19 12:30:00,171.46
2023-03-19 12:45:00,178.51
2023-03-19 13:00:00,160.62
2023-03-19 13:15:00,155.3
2023-03-19 13:30:00,149.89
2023-03-19 13:45:00,151.15
2023-03-19 14:00:00,137.14
2023-03-19 14:15:00,121.79
2023-03-19 14:30:00,121.63
2023-03-19 14:45:00,153.35
2023-03-19 15:00:00,182.73
2023-03-19 15:15:00,173.12
2023-03-19 15:30:00,283.74
2023-03-19 15:45:00,281.36
2023-03-19 16:00:00,156.89
2023-03-19 16:15:00,108.1
2023-03-19 16:30:00,139.19
2023-03-19 16:45:00,69.99
2023-03-19 17:00:00,25.81
2023-03-19 17:15:00,23.48
2023-03-19 17:30:00,8.6
2023-03-19 17:45:00,0.51
2023-03-19 18:00:00,-0.0
2023-03-19 18:15:00,-0.0
2023-03-19 18:30:00,-0.0
2023-03-19 18:45:00,-0.0
2023-03-19 19:00:00,-0.0
2023-03-19 19:15:00,-0.0
2023-03-19 19:30:00,-0.0
2023-03-19 19:45:00,-0.0
2023-03-19 20:00:00,-0.0
2023-03-19 20:15:00,-0.0
2023-03-19 20:30:00,-0.0
2023-03-19 20:45:00,-0.0
2023-03-19 21:00:00,-0.0
2023-03-19 21:15:00,-0.0
2023-03-19 21:30:00,-0.0
2023-03-19 21:45:00,-0.0
2023-03-19 22:00:00,-0.0
2023-03-19 22:15:00,-0.0
2023-03-19 22:30:00,-0.0
2023-03-19 22:45:00,-0.0
2023-03-19 23:00:00,-0.0
2023-03-19 23:15:00,-0.0
2023-03-19 23:30:00,-0.0
2023-03-19 23:45:00,-0.0
2023-03-20 00:00:00,-0.0
2023-03-20 00:15:00,-0.0
2023-03-20 00:30:00,-0.0
2023-03-20 00:45:00,-0.0
2023-03-20 01:00:00,-0.0
2023-03-20 01:15:00,-0.0
2023-03-20 01:30:00,-0.0
2023-03-20 01:45:00,-0.0
2023-03-20 02:00:00,-0.0
2023-03-20 02:15:00,-0.0
2023-03-20 02:30:00,-0.0
2023-03-20 02:45:00,-0.0
2023-03-20 03:00:00,-0.0
2023-03-20 03:15:00,-0.0
2023-03-20 03:30:00,-0.0
2023-03-20 03:45:00,-0.0
2023-03-20 04:00:00,-0.0
2023-03-20 04:15:00,-0.0
2023-03-20 04:30:00,-0.0
2023-03-20 04:45:00,-0.0
2023-03-20 05:00:00,-0.0
2023-03-20 05:15:00,-0.0
2023-03-20 05:30:00,-0.0
2023-03-20 05:45:00,-0.0
2023-03-20 06:00:00,1.05
2023-03-20 06:15:00,3.06
2023-03-20 06:30:00,6.29
2023-03-20 06:45:00,26.98
2023-03-20 07:00:00,15.8
2023-03-20 07:15:00,10.17
2023-03-20 07:30:00,12.86
2023-03-20 07:45:00,28.17
2023-03-20 08:00:00,38.43
2023-03-20 08:15:00,61.07
2023-03-20 08:30:00,69.29
2023-03-20 08:45:00,74.44
2023-03-20 09:00:00,102.05
2023-03-20 09:15:00,121.06
2023-03-20 09:30:00,119.23
2023-03-20 09:45:00,125.9
2023-03-20 10:00:00,115.69
2023-03-20 10:15:00,114.35
2023-03-20 10:30:00,134.1
2023-03-20 10:45:00,165.16
2023-03-20 11:00:00,164.92
2023-03-20 11:15:00,139.6
2023-03-20 11:30:00,125.59
2023-03-20 11:45:00,124.33
2023-03-20 12:00:00,139.09
2023-03-20 12:15:00,165.64
2023-03-20 12:30:00,189.19
2023-03-20 12:45:00,206.44
2023-03-20 13:00:00,170.96
2023-03-20 13:15:00,144.66
2023-03-20 13:30:00,128.44
2023-03-20 13:45:00,127.99
2023-03-20 14:00:00,140.87
2023-03-20 14:15:00,133.64
2023-03-20 14:30:00,125.32
2023-03-20 14:45:00,117.96
2023-03-20 15:00:00,110.17
2023-03-20 15:15:00,119.38
2023-03-20 15:30:00,108.41
2023-03-20 15:45:00,88.53
2023-03-20 16:00:00,69.36
2023-03-20 16:15:00,55.88
2023-03-20 16:30:00,28.81
2023-03-20 16:45:00,34.58
2023-03-20 17:00:00,26.95
2023-03-20 17:15:00,18.79
2023-03-20 17:30:00,7.33
2023-03-20 17:45:00,0.52
2023-03-20 18:00:00,-0.0
2023-03-20 18:15:00,-0.0
2023-03-20 18:30:00,-0.0
2023-03-20 18:45:00,-0.0
2023-03-20 19:00:00,-0.0
2023-03-20 19:15:00,-0.0
2023-03-20 19:30:00,-0.0
2023-03-20 19:45:00,-0.0
2023-03-20 20:00:00,-0.0
2023-03-20 20:15:00,-0.0
2023-03-20 20:30:00,-0.0
2023-03-20 20:45:00,-0.0
2023-03-20 21:00:00,-0.0
2023-03-20 21:15:00,-0.0
2023-03-20 21:30:00,-0.0
2023-03-20 21:45:00,-0.0
2023-03-20 22:00:00,-0.0
2023-03-20 22:15:00,-0.0
2023-03-20 22:30:00,-0.0
2023-03-20 22:45:00,-0.0
2023-03-20 23:00:00,-0.0
2023-03-20 23:15:00,-0.0
2023-03-20 23:30:00,-0.0
2023-03-20 23:45:00,-0.0
2023-03-21 00:00:00,-0.0
2023-03-21 00:15:00,-0.0
2023-03-21 00:30:00,-0.0
2023-03-21 00:45:00,-0.0
2023-03-21 01:00:00,-0.0
2023-03-21 01:15:00,-0.0
2023-03-21 01:30:00,-0.0
2023-03-21 01:45:00,-0.0
2023-03-21 02:00:00,-0.0
2023-03-21 02:15:00,-0.0
2023-03-21 02:30:00,-0.0
2023-03-21 02:45:00,-0.0
2023-03-21 03:00:00,-0.0
2023-03-21 03:15:00,-0.0
2023-03-21 03:30:00,-0.0
2023-03-21 03:45:00,-0.0
2023-03-21 04:00:00,-0.0
2023-03-21 04:15:00,-0.0
2023-03-21 04:30:00,-0.0
2023-03-21 04:45:00,-0.0
2023-03-21 05:00:00,-0.0
2023-03-21 05:15:00,-0.0
2023-03-21 05:30:00,-0.0
2023-03-21 05:45:00,-0.0
2023-03-21 06:00:00,6.85
2023-03-21 06:15:00,22.42
2023-03-21 06:30:00,48.12
2023-03-21 06:45:00,79.66
2023-03-21 07:00:00,119.17
2023-03-21 07:15:00,173.35
2023-03-21 07:30:00,212.13
2023-03-21 07:45:00,247.08
2023-03-21 08:00:00,279.34
2023-03-21 08:15:00,308.7
2023-03-21 08:30:00,344.12
2023-03-21 08:45:00,366.76
2023-03-21 09:00:00,386.8
2023-03-21 09:15:00,403.62
2023-03-21 09:30:00,417.22
2023-03-21 09:45:00,429.15
2023-03-21 10:00:00,442.74
2023-03-21 10:15:00,450.46
2023-03-21 10:30:00,455.75
2023-03-21 10:45:00,459.91
2023-03-21 11:00:00,462.19
2023-03-21 11:15:00,464.36
2023-03-21 11:30:00,465.16
2023-03-21 11:45:00,466.39
2023-03-21 12:00:00,468.24
2023-03-21 12:15:00,472.49
2023-03-21 12:30:00,476.8
2023-03-21 12:45:00,480.31
2023-03-21 13:00:00,484.76
2023-03-21 13:15:00,488.26
2023-03-21 13:30:00,491.65
2023-03-21 13:45:00,493.8
2023-03-21 14:00:00,496.91
2023-03-21 14:15:00,498.81
2023-03-21 14:30:00,500.83
2023-03-21 14:45:00,500.52
2023-03-21 15:00:00,493.78
2023-03-21 15:15:00,479.45
2023-03-21 15:30:00,460.43
2023-03-21 15:45:00,436.37
2023-03-21 16:00:00,406.93
2023-03-21 16:15:00,368.32
2023-03-21 16:30:00,318.74
2023-03-21 16:45:00,231.13
2023-03-21 17:00:00,149.3
2023-03-21 17:15:00,76.69
2023-03-21 17:30:00,21.28
2023-03-21 17:45:00,1.06
2023-03-21 18:00:00,-0.0
2023-03-21 18:15:00,-0.0
2023-03-21 18:30:00,-0.0
2023-03-21 18:45:00,-0.0
2023-03-21 19:00:00,-0.0
2023-03-21 19:15:00,-0.0
2023-03-21 19:30:00,-0.0
2023-03-21 19:45:00,-0.0
2023-03-21 20:00:00,-0.0
2023-03-21 20:15:00,-0.0
2023-03-21 20:30:00,-0.0
2023-03-21 20:45:00,-0.0
2023-03-21 21:00:00,-0.0
2023-03-21 21:15:00,-0.0
2023-03-21 21:30:00,-0.0
2023-03-21 21:45:00,-0.0
2023-03-21 22:00:00,-0.0
2023-03-21 22:15:00,-0.0
2023-03-21 22:30:00,-0.0
2023-03-21 22:45:00,-0.0
2023-03-21 23:00:00,-0.0
2023-03-21 23:15:00,-0.0
2023-03-21 23:30:00,-0.0
2023-03-21 23:45:00,-0.0
2023-03-22 00:00:00,-0.0
2023-03-22 00:15:00,-0.0
2023-03-22 00:30:00,-0.0
2023-03-22 00:45:00,-0.0
2023-03-22 01:00:00,-0.0
2023-03-22 01:15:00,-0.0
2023-03-22 01:30:00,-0.0
2023-03-22 01:45:00,-0.0
2023-03-22 02:00:00,-0.0
2023-03-22 02:15:00,-0.0
2023-03-22 02:30:00,-0.0
2023-03-22 02:45:00,-0.0
2023-03-22 03:00:00,-0.0
2023-03-22 03:15:00,-0.0
2023-03-22 03:30:00,-0.0
2023-03-22 03:45:00,-0.0
2023-03-22 04:00:00,-0.0
2023-03-22 04:15:00,-0.0
2023-03-22 04:30:00,-0.0
2023-03-22 04:45:00,-0.0
2023-03-22 05:00:00,-0.0
2023-03-22 05:15:00,-0.0
2023-03-22 05:30:00,-0.0
2023-03-22 05:45:00,-0.0
2023-03-22 06:00:00,8.74
2023-03-22 06:15:00,31.9
2023-03-22 06:30:00,52.43
2023-03-22 06:45:00,137.65
2023-03-22 07:00:00,215.71
2023-03-22 07:15:00,161.11
2023-03-22 07:30:00,174.43
2023-03-22 07:45:00,340.62
2023-03-22 08:00:00,415.6
2023-03-22 08:15:00,441.31
2023-03-22 08:30:00,462.17
2023-03-22 08:45:00,478.49
2023-03-22 09:00:00,490.53
2023-03-22 09:15:00,498.06
2023-03-22 09:30:00,504.12
2023-03-22 09:45:00,506.62
2023-03-22 10:00:00,507.8
2023-03-22 10:15:00,508.76
2023-03-22 10:30:00,507.94
2023-03-22 10:45:00,506.53
2023-03-22 11:00:00,504.05
2023-03-22 11:15:00,493.53
2023-03-22 11:30:00,393.5
2023-03-22 11:45:00,465.4
2023-03-22 12:00:00,496.73
2023-03-22 12:15:00,488.14
2023-03-22 12:30:00,377.52
2023-03-22 12:45:00,346.86
2023-03-22 13:00:00,463.36
2023-03-22 13:15:00,489.44
2023-03-22 13:30:00,379.92
2023-03-22 13:45:00,337.5
2023-03-22 14:00:00,337.32
2023-03-22 14:15:00,448.06
2023-03-22 14:30:00,472.44
2023-03-22 14:45:00,460.58
2023-03-22 15:00:00,444.78
2023-03-22 15:15:00,425.24
2023-03-22 15:30:00,393.23
2023-03-22 15:45:00,245.31
2023-03-22 16:00:00,78.85
2023-03-22 16:15:00,74.94
2023-03-22 16:30:00,140.64
2023-03-22 16:45:00,146.17
2023-03-22 17:00:00,37.18
2023-03-22 17:15:00,35.8
2023-03-22 17:30:00,13.42
2023-03-22 17:45:00,1.16
2023-03-22 18:00:00,-0.0
2023-03-22 18:15:00,-0.0
2023-03-22 18:30:00,-0.0
2023-03-22 18:45:00,-0.0
2023-03-22 19:00:00,-0.0
2023-03-22 19:15:00,-0.0
2023-03-22 19:30:00,-0.0
2023-03-22 19:45:00,-0.0
2023-03-22 20:00:00,-0.0
2023-03-22 20:15:00,-0.0
2023-03-22 20:30:00,-0.0
2023-03-22 20:45:00,-0.0
2023-03-22 21:00:00,-0.0
2023-03-22 21:15:00,-0.0
2023-03-22 21:30:00,-0.0
2023-03-22 21:45:00,-0.0
2023-03-22 22:00:00,-0.0
2023-03-22 22:15:00,-0.0
2023-03-22 22:30:00,-0.0
2023-03-22 22:45:00,-0.0
2023-03-22 23:00:00,-0.0
2023-03-22 23:15:00,-0.0
2023-03-22 23:30:00,-0.0
2023-03-22 23:45:00,-0.0
2023-03-23 00:00:00,-0.0
2023-03-23 00:15:00,-0.0
2023-03-23 00:30:00,-0.0
2023-03-23 00:45:00,-0.0
2023-03-23 01:00:00,-0.0
2023-03-23 01:15:00,-0.0
2023-03-23 01:30:00,-0.0
2023-03-23 01:45:00,-0.0
2023-03-23 02:00:00,-0.0
2023-03-23 02:15:00,-0.0
2023-03-23 02:30:00,-0.0
2023-03-23 02:45:00,-0.0
2023-03-23 03:00:00,-0.0
2023-03-23 03:15:00,-0.0
2023-03-23 03:30:00,-0.0
2023-03-23 03:45:00,-0.0
2023-03-23 04:00:00,-0.0
2023-03-23 04:15:00,-0.0
2023-03-23 04:30:00,-0.0
2023-03-23 04:45:00,-0.0
2023-03-23 05:00:00,-0.0
2023-03-23 05:15:00,-0.0
2023-03-23 05:30:00,-0.0
2023-03-23 05:45:00,-0.0
2023-03-23 06:00:00,13.29
2023-03-23 06:15:00,55.97
2023-03-23 06:30:00,119.79
2023-03-23 06:45:00,196.73
2023-03-23 07:00:00,280.51
2023-03-23 07:15:00,368.01
2023-03-23 07:30:00,407.32
2023-03-23 07:45:00,441.14
2023-03-23 08:00:00,468.92
2023-03-23 08:15:00,491.12
2023-03-23 08:30:00,508.38
2023-03-23 08:45:00,521.13
2023-03-23 09:00:00,528.9
2023-03-23 09:15:00,528.9
2023-03-23 09:30:00,528.9
2023-03-23 09:45:00,528.9
2023-03-23 10:00:00,528.9
2023-03-23 10:15:00,528.47
2023-03-23 10:30:00,526.39
2023-03-23 10:45:00,524.23
2023-03-23 11:00:00,521.04
2023-03-23 11:15:00,519.54
2023-03-23 11:30:00,516.97
2023-03-23 11:45:00,514.94
2023-03-23 12:00:00,515.02
2023-03-23 12:15:00,516.1
2023-03-23 12:30:00,518.42
2023-03-23 12:45:00,520.28
2023-03-23 13:00:00,523.26
2023-03-23 13:15:00,525.17
2023-03-23 13:30:00,527.08
2023-03-23 13:45:00,527.56
2023-03-23 14:00:00,528.63
2023-03-23 14:15:00,528.8
2023-03-23 14:30:00,526.83
2023-03-23 14:45:00,526.24
2023-03-23 15:00:00,517.73
2023-03-23 15:15:00,505.16
2023-03-23 15:30:00,488.17
2023-03-23 15:45:00,466.17
2023-03-23 16:00:00,439.05
2023-03-23 16:15:00,404.88
2023-03-23 16:30:00,359.91
2023-03-23 16:45:00,266.17
2023-03-23 17:00:00,176.19
2023-03-23 17:15:00,95.32
2023-03-23 17:30:00,31.79
2023-03-23 17:45:00,1.63
2023-03-23 18:00:00,-0.0
2023-03-23 18:15:00,-0.0
2023-03-23 18:30:00,-0.0
2023-03-23 18:45:00,-0.0
2023-03-23 19:00:00,-0.0
2023-03-23 19:15:00,-0.0
2023-03-23 19:30:00,-0.0
2023-03-23 19:45:00,-0.0
2023-03-23 20:00:00,-0.0
2023-03-23 20:15:00,-0.0
2023-03-23 20:30:00,-0.0
2023-03-23 20:45:00,-0.0
2023-03-23 21:00:00,-0.0
2023-03-23 21:15:00,-0.0
2023-03-23 21:30:00,-0.0
2023-03-23 21:45:00,-0.0
2023-03-23 22:00:00,-0.0
2023-03-23 22:15:00,-0.0
2023-03-23 22:30:00,-0.0
2023-03-23 22:45:00,-0.0
2023-03-23 23:00:00,-0.0
2023-03-23 23:15:00,-0.0
2023-03-23 23:30:00,-0.0
2023-03-23 23:45:00,-0.0
2023-03-24 00:00:00,-0.0
2023-03-24 00:15:00,-0.0
2023-03-24 00:30:00,-0.0
2023-03-24 00:45:00,-0.0
2023-03-24 01:00:00,-0.0
2023-03-24 01:15:00,-0.0
2023-03-24 01:30:00,-0.0
2023-03-24 01:45:00,-0.0
2023-03-24 02:00:00,-0.0
2023-03-24 02:15:00,-0.0
2023-03-24 02:30:00,-0.0
2023-03-24 02:45:00,-0.0
2023-03-24 03:00:00,-0.0
2023-03-24 03:15:00,-0.0
2023-03-24 03:30:00,-0.0
2023-03-24 03:45:00,-0.0
2023-03-24 04:00:00,-0.0
2023-03-24 04:15:00,-0.0
2023-03-24 04:30:00,-0.0
2023-03-24 04:45:00,-0.0
2023-03-24 05:00:00,-0.0
2023-03-24 05:15:00,-0.0
2023-03-24 05:30:00,-0.0
2023-03-24 05:45:00,1.7
2023-03-24 06:00:00,10.07
2023-03-24 06:15:00,36.51
2023-03-24 06:30:00,126.53
2023-03-24 06:45:00,225.51
2023-03-24 07:00:00,312.94
2023-03-24 07:15:00,401.06
2023-03-24 07:30:00,437.86
2023-03-24 07:45:00,467.33
2023-03-24 08:00:00,491.62
2023-03-24 08:15:00,510.56
2023-03-24 08:30:00,525.0
2023-03-24 08:45:00,528.9
2023-03-24 09:00:00,528.9
2023-03-24 09:15:00,528.9
2023-03-24 09:30:00,528.9
2023-03-24 09:45:00,528.9
2023-03-24 10:00:00,528.9
2023-03-24 10:15:00,528.9
2023-03-24 10:30:00,528.9
2023-03-24 10:45:00,528.9
2023-03-24 11:00:00,527.5
2023-03-24 11:15:00,525.79
2023-03-24 11:30:00,523.13
2023-03-24 11:45:00,521.15
2023-03-24 12:00:00,521.25
2023-03-24 12:15:00,522.18
2023-03-24 12:30:00,524.57
2023-03-24 12:45:00,526.46
2023-03-24 13:00:00,528.9
2023-03-24 13:15:00,528.9
2023-03-24 13:30:00,528.9
2023-03-24 13:45:00,528.9
2023-03-24 14:00:00,528.9
2023-03-24 14:15:00,528.9
2023-03-24 14:30:00,528.9
2023-03-24 14:45:00,528.9
2023-03-24 15:00:00,523.06
2023-03-24 15:15:00,514.43
2023-03-24 15:30:00,498.13
2023-03-24 15:45:00,476.93
2023-03-24 16:00:00,450.24
2023-03-24 16:15:00,417.48
2023-03-24 16:30:00,375.69
2023-03-24 16:45:00,280.18
2023-03-24 17:00:00,189.14
2023-03-24 17:15:00,103.65
2023-03-24 17:30:00,35.94
2023-03-24 17:45:00,2.01
2023-03-24 18:00:00,-0.0
2023-03-24 18:15:00,-0.0
2023-03-24 18:30:00,-0.0
2023-03-24 18:45:00,-0.0
2023-03-24 19:00:00,-0.0
2023-03-24 19:15:00,-0.0
2023-03-24 19:30:00,-0.0
2023-03-24 19:45:00,-0.0
2023-03-24 20:00:00,-0.0
2023-03-24 20:15:00,-0.0
2023-03-24 20:30:00,-0.0
2023-03-24 20:45:00,-0.0
2023-03-24 21:00:00,-0.0
2023-03-24 21:15:00,-0.0
2023-03-24 21:30:00,-0.0
2023-03-24 21:45:00,-0.0
2023-03-24 22:00:00,-0.0
2023-03-24 22:15:00,-0.0
2023-03-24 22:30:00,-0.0
2023-03-24 22:45:00,-0.0
2023-03-24 23:00:00,-0.0
2023-03-24 23:15:00,-0.0
2023-03-24 23:30:00,-0.0
2023-03-24 23:45:00,-0.0
2023-03-25 00:00:00,-0.0
2023-03-25 00:15:00,-0.0
2023-03-25 00:30:00,-0.0
2023-03-25 00:45:00,-0.0
2023-03-25 01:00:00,-0.0
2023-03-25 01:15:00,-0.0
2023-03-25 01:30:00,-0.0
2023-03-25 01:45:00,-0.0
2023-03-25 02:00:00,-0.0
2023-03-25 02:15:00,-0.0
2023-03-25 02:30:00,-0.0
2023-03-25 02:45:00,-0.0
2023-03-25 03:00:00,-0.0
2023-03-25 03:15:00,-0.0
2023-03-25 03:30:00,-0.0
2023-03-25 03:45:00,-0.0
2023-03-25 04:00:00,-0.0
2023-03-25 04:15:00,-0.0
2023-03-25 04:30:00,-0.0
2023-03-25 04:45:00,-0.0
2023-03-25 05:00:00,-0.0
2023-03-25 05:15:00,-0.0
2023-03-25 05:30:00,-0.0
2023-03-25 05:45:00,2.03
2023-03-25 06:00:00,10.29
2023-03-25 06:15:00,35.64
2023-03-25 06:30:00,126.49
2023-03-25 06:45:00,223.68
2023-03-25 07:00:00,310.02
2023-03-25 07:15:00,391.74
2023-03-25 07:30:00,429.36
2023-03-25 07:45:00,459.74
2023-03-25 08:00:00,484.96
2023-03-25 08:15:00,504.79
2023-03-25 08:30:00,519.95
2023-03-25 08:45:00,528.9
2023-03-25 09:00:00,528.9
2023-03-25 09:15:00,528.9
2023-03-25 09:30:00,528.9
2023-03-25 09:45:00,528.9
2023-03-25 10:00:00,528.9
2023-03-25 10:15:00,528.9
2023-03-25 10:30:00,528.9
2023-03-25 10:45:00,528.46
2023-03-25 11:00:00,525.64
2023-03-25 11:15:00,523.45
2023-03-25 11:30:00,520.81
2023-03-25 11:45:00,518.73
2023-03-25 12:00:00,518.83
2023-03-25 12:15:00,520.0
2023-03-25 12:30:00,522.59
2023-03-25 12:45:00,524.72
2023-03-25 13:00:00,527.75
2023-03-25 13:15:00,528.9
2023-03-25 13:30:00,528.9
2023-03-25 13:45:00,528.9
2023-03-25 14:00:00,528.9
2023-03-25 14:15:00,528.9
2023-03-25 14:30:00,528.9
2023-03-25 14:45:00,528.9
2023-03-25 15:00:00,524.62
2023-03-25 15:15:00,516.44
2023-03-25 15:30:00,501.1
2023-03-25 15:45:00,481.15
2023-03-25 16:00:00,455.97
2023-03-25 16:15:00,424.84
2023-03-25 16:30:00,385.35
2023-03-25 16:45:00,291.7
2023-03-25 17:00:00,199.97
2023-03-25 17:15:00,113.61
2023-03-25 17:30:00,40.9
2023-03-25 17:45:00,2.59
2023-03-25 18:00:00,-0.0
2023-03-25 18:15:00,-0.0
2023-03-25 18:30:00,-0.0
2023-03-25 18:45:00,-0.0
2023-03-25 19:00:00,-0.0
2023-03-25 19:15:00,-0.0
2023-03-25 19:30:00,-0.0
2023-03-25 19:45:00,-0.0
2023-03-25 20:00:00,-0.0
2023-03-25 20:15:00,-0.0
2023-03-25 20:30:00,-0.0
2023-03-25 20:45:00,-0.0
2023-03-25 21:00:00,-0.0
2023-03-25 21:15:00,-0.0
2023-03-25 21:30:00,-0.0
2023-03-25 21:45:00,-0.0
2023-03-25 22:00:00,-0.0
2023-03-25 22:15:00,-0.0
2023-03-25 22:30:00,-0.0
2023-03-25 22:45:00,-0.0
2023-03-25 23:00:00,-0.0
2023-03-25 23:15:00,-0.0
2023-03-25 23:30:00,-0.0
2023-03-25 23:45:00,-0.0
2023-03-26 00:00:00,-0.0
2023-03-26 00:15:00,-0.0
2023-03-26 00:30:00,-0.0
2023-03-26 00:45:00,-0.0
2023-03-26 01:00:00,-0.0
2023-03-26 01:15:00,-0.0
2023-03-26 01:30:00,-0.0
2023-03-26 01:45:00,-0.0
2023-03-26 02:00:00,-0.0
2023-03-26 02:15:00,-0.0
2023-03-26 02:30:00,-0.0
2023-03-26 02:45:00,-0.0
2023-03-26 03:00:00,-0.0
2023-03-26 03:15:00,-0.0
2023-03-26 03:30:00,-0.0
2023-03-26 03:45:00,-0.0
2023-03-26 04:00:00,-0.0
2023-03-26 04:15:00,-0.0
2023-03-26 04:30:00,-0.0
2023-03-26 04:45:00,-0.0
2023-03-26 05:00:00,-0.0
2023-03-26 05:15:00,-0.0
2023-03-26 05:30:00,-0.0
2023-03-26 05:45:00,3.79
2023-03-26 06:00:00,24.34
2023-03-26 06:15:00,90.26
2023-03-26 06:30:00,174.35
2023-03-26 06:45:00,264.24
2023-03-26 07:00:00,357.3
2023-03-26 07:15:00,437.01
2023-03-26 07:30:00,468.83
2023-03-26 07:45:00,494.01
2023-03-26 08:00:00,514.67
2023-03-26 08:15:00,527.06
2023-03-26 08:30:00,528.9
2023-03-26 08:45:00,528.9
2023-03-26 09:00:00,528.9
2023-03-26 09:15:00,528.9
2023-03-26 09:30:00,528.9
2023-03-26 09:45:00,528.9
2023-03-26 10:00:00,528.9
2023-03-26 10:15:00,528.9
2023-03-26 10:30:00,528.9
2023-03-26 10:45:00,528.9
2023-03-26 11:00:00,528.9
2023-03-26 11:15:00,528.01
2023-03-26 11:30:00,525.52
2023-03-26 11:45:00,523.48
2023-03-26 12:00:00,523.15
2023-03-26 12:15:00,523.59
2023-03-26 12:30:00,525.39
2023-03-26 12:45:00,526.61
2023-03-26 13:00:00,528.75
2023-03-26 13:15:00,528.9
2023-03-26 13:30:00,528.9
2023-03-26 13:45:00,528.9
2023-03-26 14:00:00,528.9
2023-03-26 14:15:00,528.77
2023-03-26 14:30:00,528.84
2023-03-26 14:45:00,523.0
2023-03-26 15:00:00,512.94
2023-03-26 15:15:00,499.07
2023-03-26 15:30:00,480.61
2023-03-26 15:45:00,457.16
2023-03-26 16:00:00,428.09
2023-03-26 16:15:00,392.74
2023-03-26 16:30:00,349.19
2023-03-26 16:45:00,258.57
2023-03-26 17:00:00,172.79
2023-03-26 17:15:00,95.23
2023-03-26 17:30:00,32.03
2023-03-26 17:45:00,2.49
2023-03-26 18:00:00,-0.0
2023-03-26 18:15:00,-0.0
2023-03-26 18:30:00,-0.0
2023-03-26 18:45:00,-0.0
2023-03-26 19:00:00,-0.0
2023-03-26 19:15:00,-0.0
2023-03-26 19:30:00,-0.0
2023-03-26 19:45:00,-0.0
2023-03-26 20:00:00,-0.0
2023-03-26 20:15:00,-0.0
2023-03-26 20:30:00,-0.0
2023-03-26 20:45:00,-0.0
2023-03-26 21:00:00,-0.0
2023-03-26 21:15:00,-0.0
2023-03-26 21:30:00,-0.0
2023-03-26 21:45:00,-0.0
2023-03-26 22:00:00,-0.0
2023-03-26 22:15:00,-0.0
2023-03-26 22:30:00,-0.0
2023-03-26 22:45:00,-0.0
2023-03-26 23:00:00,-0.0
2023-03-26 23:15:00,-0.0
2023-03-26 23:30:00,-0.0
2023-03-26 23:45:00,-0.0
2023-03-27 00:00:00,-0.0
2023-03-27 00:15:00,-0.0
2023-03-27 00:30:00,-0.0
2023-03-27 00:45:00,-0.0
2023-03-27 01:00:00,-0.0
2023-03-27 01:15:00,-0.0
2023-03-27 01:30:00,-0.0
2023-03-27 01:45:00,-0.0
2023-03-27 02:00:00,-0.0
2023-03-27 02:15:00,-0.0
2023-03-27 02:30:00,-0.0
2023-03-27 02:45:00,-0.0
2023-03-27 03:00:00,-0.0
2023-03-27 03:15:00,-0.0
2023-03-27 03:30:00,-0.0
2023-03-27 03:45:00,-0.0
2023-03-27 04:00:00,-0.0
2023-03-27 04:15:00,-0.0
2023-03-27 04:30:00,-0.0
2023-03-27 04:45:00,-0.0
2023-03-27 05:00:00,-0.0
2023-03-27 05:15:00,-0.0
2023-03-27 05:30:00,-0.0
2023-03-27 05:45:00,4.51
2023-03-27 06:00:00,23.13
2023-03-27 06:15:00,82.17
2023-03-27 06:30:00,155.47
2023-03-27 06:45:00,237.19
2023-03-27 07:00:00,324.57
2023-03-27 07:15:00,398.44
2023-03-27 07:30:00,435.63
2023-03-27 07:45:00,465.61
2023-03-27 08:00:00,490.23
2023-03-27 08:15:00,509.79
2023-03-27 08:30:00,524.85
2023-03-27 08:45:00,528.9
2023-03-27 09:00:00,528.9
2023-03-27 09:15:00,528.9
2023-03-27 09:30:00,528.9
2023-03-27 09:45:00,528.9
2023-03-27 10:00:00,528.9
2023-03-27 10:15:00,528.9
2023-03-27 10:30:00,528.9
2023-03-27 10:45:00,528.9
2023-03-27 11:00:00,527.24
2023-03-27 11:15:00,525.02
2023-03-27 11:30:00,522.35
2023-03-27 11:45:00,520.01
2023-03-27 12:00:00,519.71
2023-03-27 12:15:00,520.36
2023-03-27 12:30:00,522.07
2023-03-27 12:45:00,523.18
2023-03-27 13:00:00,525.17
2023-03-27 13:15:00,525.99
2023-03-27 13:30:00,528.9
2023-03-27 13:45:00,528.9
2023-03-27 14:00:00,528.85
2023-03-27 14:15:00,527.28
2023-03-27 14:30:00,523.42
2023-03-27 14:45:00,516.8
2023-03-27 15:00:00,505.45
2023-03-27 15:15:00,488.88
2023-03-27 15:30:00,467.24
2023-03-27 15:45:00,440.22
2023-03-27 16:00:00,405.05
2023-03-27 16:15:00,366.87
2023-03-27 16:30:00,320.75
2023-03-27 16:45:00,235.96
2023-03-27 17:00:00,153.93
2023-03-27 17:15:00,78.73
2023-03-27 17:30:00,26.13
2023-03-27 17:45:00,2.59
2023-03-27 18:00:00,-0.0
2023-03-27 18:15:00,-0.0
2023-03-27 18:30:00,-0.0
2023-03-27 18:45:00,-0.0
2023-03-27 19:00:00,-0.0
2023-03-27 19:15:00,-0.0
2023-03-27 19:30:00,-0.0
2023-03-27 19:45:00,-0.0
2023-03-27 20:00:00,-0.0
2023-03-27 20:15:00,-0.0
2023-03-27 20:30:00,-0.0
2023-03-27 20:45:00,-0.0
2023-03-27 21:00:00,-0.0
2023-03-27 21:15:00,-0.0
2023-03-27 21:30:00,-0.0
2023-03-27 21:45:00,-0.0
2023-03-27 22:00:00,-0.0
2023-03-27 22:15:00,-0.0
2023-03-27 22:30:00,-0.0
2023-03-27 22:45:00,-0.0
2023-03-27 23:00:00,-0.0
2023-03-27 23:15:00,-0.0
2023-03-27 23:30:00,-0.0
2023-03-27 23:45:00,-0.0
2023-03-28 00:00:00,-0.0
2023-03-28 00:15:00,-0.0
2023-03-28 00:30:00,-0.0
2023-03-28 00:45:00,-0.0
2023-03-28 01:00:00,-0.0
2023-03-28 01:15:00,-0.0
2023-03-28 01:30:00,-0.0
2023-03-28 01:45:00,-0.0
2023-03-28 02:00:00,-0.0
2023-03-28 02:15:00,-0.0
2023-03-28 02:30:00,-0.0
2023-03-28 02:45:00,-0.0
2023-03-28 03:00:00,-0.0
2023-03-28 03:15:00,-0.0
2023-03-28 03:30:00,-0.0
2023-03-28 03:45:00,-0.0
2023-03-28 04:00:00,-0.0
2023-03-28 04:15:00,-0.0
2023-03-28 04:30:00,-0.0
2023-03-28 04:45:00,-0.0
2023-03-28 05:00:00,-0.0
2023-03-28 05:15:00,-0.0
2023-03-28 05:30:00,-0.0
2023-03-28 05:45:00,4.75
2023-03-28 06:00:00,19.52
2023-03-28 06:15:00,60.91
2023-03-28 06:30:00,114.47
2023-03-28 06:45:00,176.48
2023-03-28 07:00:00,246.28
2023-03-28 07:15:00,306.69
2023-03-28 07:30:00,344.94
2023-03-28 07:45:00,386.05
2023-03-28 08:00:00,415.53
2023-03-28 08:15:00,440.13
2023-03-28 08:30:00,460.34
2023-03-28 08:45:00,476.23
2023-03-28 09:00:00,488.09
2023-03-28 09:15:00,495.28
2023-03-28 09:30:00,500.8
2023-03-28 09:45:00,504.97
2023-03-28 10:00:00,507.06
2023-03-28 10:15:00,508.77
2023-03-28 10:30:00,508.44
2023-03-28 10:45:00,498.77
2023-03-28 11:00:00,379.11
2023-03-28 11:15:00,342.77
2023-03-28 11:30:00,339.28
2023-03-28 11:45:00,377.93
2023-03-28 12:00:00,388.95
2023-03-28 12:15:00,382.98
2023-03-28 12:30:00,347.49
2023-03-28 12:45:00,334.12
2023-03-28 13:00:00,337.52
2023-03-28 13:15:00,304.43
2023-03-28 13:30:00,286.34
2023-03-28 13:45:00,311.19
2023-03-28 14:00:00,317.18
2023-03-28 14:15:00,307.17
2023-03-28 14:30:00,301.84
2023-03-28 14:45:00,261.3
2023-03-28 15:00:00,234.92
2023-03-28 15:15:00,397.32
2023-03-28 15:30:00,420.3
2023-03-28 15:45:00,375.19
2023-03-28 16:00:00,150.22
2023-03-28 16:15:00,80.97
2023-03-28 16:30:00,207.77
2023-03-28 16:45:00,114.15
2023-03-28 17:00:00,96.85
2023-03-28 17:15:00,56.4
2023-03-28 17:30:00,19.13
2023-03-28 17:45:00,2.72
2023-03-28 18:00:00,-0.0
2023-03-28 18:15:00,-0.0
2023-03-28 18:30:00,-0.0
2023-03-28 18:45:00,-0.0
2023-03-28 19:00:00,-0.0
2023-03-28 19:15:00,-0.0
2023-03-28 19:30:00,-0.0
2023-03-28 19:45:00,-0.0
2023-03-28 20:00:00,-0.0
2023-03-28 20:15:00,-0.0
2023-03-28 20:30:00,-0.0
2023-03-28 20:45:00,-0.0
2023-03-28 21:00:00,-0.0
2023-03-28 21:15:00,-0.0
2023-03-28 21:30:00,-0.0
2023-03-28 21:45:00,-0.0
2023-03-28 22:00:00,-0.0
2023-03-28 22:15:00,-0.0
2023-03-28 22:30:00,-0.0
2023-03-28 22:45:00,-0.0
2023-03-28 23:00:00,-0.0
2023-03-28 23:15:00,-0.0
2023-03-28 23:30:00,-0.0
2023-03-28 23:45:00,-0.0
2023-03-29 00:00:00,-0.0
2023-03-29 00:15:00,-0.0
2023-03-29 00:30:00,-0.0
2023-03-29 00:45:00,-0.0
2023-03-29 01:00:00,-0.0
2023-03-29 01:15:00,-0.0
2023-03-29 01:30:00,-0.0
2023-03-29 01:45:00,-0.0
2023-03-29 02:00:00,-0.0
2023-03-29 02:15:00,-0.0
2023-03-29 02:30:00,-0.0
2023-03-29 02:45:00,-0.0
2023-03-29 03:00:00,-0.0
2023-03-29 03:15:00,-0.0
2023-03-29 03:30:00,-0.0
2023-03-29 03:45:00,-0.0
2023-03-29 04:00:00,-0.0
2023-03-29 04:15:00,-0.0
2023-03-29 04:30:00,-0.0
2023-03-29 04:45:00,-0.0
2023-03-29 05:00:00,-0.0
2023-03-29 05:15:00,-0.0
2023-03-29 05:30:00,-0.0
2023-03-29 05:45:00,6.28
2023-03-29 06:00:00,28.64
2023-03-29 06:15:00,90.38
2023-03-29 06:30:00,164.74
2023-03-29 06:45:00,246.55
2023-03-29 07:00:00,334.51
2023-03-29 07:15:00,399.72
2023-03-29 07:30:00,437.26
2023-03-29 07:45:00,467.61
2023-03-29 08:00:00,492.53
2023-03-29 08:15:00,512.43
2023-03-29 08:30:00,527.67
2023-03-29 08:45:00,528.9
2023-03-29 09:00:00,528.9
2023-03-29 09:15:00,528.9
2023-03-29 09:30:00,528.9
2023-03-29 09:45:00,528.9
2023-03-29 10:00:00,528.9
2023-03-29 10:15:00,528.9
2023-03-29 10:30:00,528.9
2023-03-29 10:45:00,528.9
2023-03-29 11:00:00,528.9
2023-03-29 11:15:00,528.9
2023-03-29 11:30:00,528.43
2023-03-29 11:45:00,526.26
2023-03-29 12:00:00,526.38
2023-03-29 12:15:00,526.88
2023-03-29 12:30:00,528.5
2023-03-29 12:45:00,528.9
2023-03-29 13:00:00,528.9
2023-03-29 13:15:00,528.9
2023-03-29 13:30:00,528.9
2023-03-29 13:45:00,528.9
2023-03-29 14:00:00,528.9
2023-03-29 14:15:00,528.9
2023-03-29 14:30:00,528.37
2023-03-29 14:45:00,521.79
2023-03-29 15:00:00,510.38
2023-03-29 15:15:00,494.82
2023-03-29 15:30:00,474.49
2023-03-29 15:45:00,448.97
2023-03-29 16:00:00,414.96
2023-03-29 16:15:00,378.51
2023-03-29 16:30:00,334.25
2023-03-29 16:45:00,252.37
2023-03-29 17:00:00,168.08
2023-03-29 17:15:00,89.21
2023-03-29 17:30:00,33.66
2023-03-29 17:45:00,3.52
2023-03-29 18:00:00,-0.0
2023-03-29 18:15:00,-0.0
2023-03-29 18:30:00,-0.0
2023-03-29 18:45:00,-0.0
2023-03-29 19:00:00,-0.0
2023-03-29 19:15:00,-0.0
2023-03-29 19:30:00,-0.0
2023-03-29 19:45:00,-0.0
2023-03-29 20:00:00,-0.0
2023-03-29 20:15:00,-0.0
2023-03-29 20:30:00,-0.0
2023-03-29 20:45:00,-0.0
2023-03-29 21:00:00,-0.0
2023-03-29 21:15:00,-0.0
2023-03-29 21:30:00,-0.0
2023-03-29 21:45:00,-0.0
2023-03-29 22:00:00,-0.0
2023-03-29 22:15:00,-0.0
2023-03-29 22:30:00,-0.0
2023-03-29 22:45:00,-0.0
2023-03-29 23:00:00,-0.0
2023-03-29 23:15:00,-0.0
2023-03-29 23:30:00,-0.0
2023-03-29 23:45:00,-0.0
2023-03-30 00:00:00,-0.0
2023-03-30 00:15:00,-0.0
2023-03-30 00:30:00,-0.0
2023-03-30 00:45:00,-0.0
2023-03-30 01:00:00,-0.0
2023-03-30 01:15:00,-0.0
2023-03-30 01:30:00,-0.0
2023-03-30 01:45:00,-0.0
2023-03-30 02:00:00,-0.0
2023-03-30 02:15:00,-0.0
2023-03-30 02:30:00,-0.0
2023-03-30 02:45:00,-0.0
2023-03-30 03:00:00,-0.0
2023-03-30 03:15:00,-0.0
2023-03-30 03:30:00,-0.0
2023-03-30 03:45:00,-0.0
2023-03-30 04:00:00,-0.0
2023-03-30 04:15:00,-0.0
2023-03-30 04:30:00,-0.0
2023-03-30 04:45:00,-0.0
2023-03-30 05:00:00,-0.0
2023-03-30 05:15:00,-0.0
2023-03-30 05:30:00,-0.0
2023-03-30 05:45:00,7.01
2023-03-30 06:00:00,29.71
2023-03-30 06:15:00,82.48
2023-03-30 06:30:00,146.86
2023-03-30 06:45:00,223.17
2023-03-30 07:00:00,305.18
2023-03-30 07:15:00,364.92
2023-03-30 07:30:00,389.94
2023-03-30 07:45:00,259.22
2023-03-30 08:00:00,409.64
2023-03-30 08:15:00,479.94
2023-03-30 08:30:00,499.44
2023-03-30 08:45:00,512.65
2023-03-30 09:00:00,522.1
2023-03-30 09:15:00,527.27
2023-03-30 09:30:00,528.9
2023-03-30 09:45:00,528.9
2023-03-30 10:00:00,528.9
2023-03-30 10:15:00,528.9
2023-03-30 10:30:00,528.9
2023-03-30 10:45:00,528.9
2023-03-30 11:00:00,528.14
2023-03-30 11:15:00,526.33
2023-03-30 11:30:00,524.01
2023-03-30 11:45:00,522.29
2023-03-30 12:00:00,522.93
2023-03-30 12:15:00,523.91
2023-03-30 12:30:00,525.92
2023-03-30 12:45:00,527.44
2023-03-30 13:00:00,528.9
2023-03-30 13:15:00,528.9
2023-03-30 13:30:00,528.9
2023-03-30 13:45:00,528.9
2023-03-30 14:00:00,528.9
2023-03-30 14:15:00,528.9
2023-03-30 14:30:00,528.9
2023-03-30 14:45:00,528.35
2023-03-30 15:00:00,518.9
2023-03-30 15:15:00,504.85
2023-03-30 15:30:00,486.29
2023-03-30 15:45:00,462.84
2023-03-30 16:00:00,433.79
2023-03-30 16:15:00,398.76
2023-03-30 16:30:00,353.29
2023-03-30 16:45:00,272.58
2023-03-30 17:00:00,185.86
2023-03-30 17:15:00,107.24
2023-03-30 17:30:00,40.56
2023-03-30 17:45:00,4.59
2023-03-30 18:00:00,-0.0
2023-03-30 18:15:00,-0.0
2023-03-30 18:30:00,-0.0
2023-03-30 18:45:00,-0.0
2023-03-30 19:00:00,-0.0
2023-03-30 19:15:00,-0.0
2023-03-30 19:30:00,-0.0
2023-03-30 19:45:00,-0.0
2023-03-30 20:00:00,-0.0
2023-03-30 20:15:00,-0.0
2023-03-30 20:30:00,-0.0
2023-03-30 20:45:00,-0.0
2023-03-30 21:00:00,-0.0
2023-03-30 21:15:00,-0.0
2023-03-30 21:30:00,-0.0
2023-03-30 21:45:00,-0.0
2023-03-30 22:00:00,-0.0
2023-03-30 22:15:00,-0.0
2023-03-30 22:30:00,-0.0
2023-03-30 22:45:00,-0.0
2023-03-30 23:00:00,-0.0
2023-03-30 23:15:00,-0.0
2023-03-30 23:30:00,-0.0
2023-03-30 23:45:00,-0.0
2023-03-31 00:00:00,-0.0
2023-03-31 00:15:00,-0.0
2023-03-31 00:30:00,-0.0
2023-03-31 00:45:00,-0.0
2023-03-31 01:00:00,-0.0
2023-03-31 01:15:00,-0.0
2023-03-31 01:30:00,-0.0
2023-03-31 01:45:00,-0.0
2023-03-31 02:00:00,-0.0
2023-03-31 02:15:00,-0.0
2023-03-31 02:30:00,-0.0
2023-03-31 02:45:00,-0.0
2023-03-31 03:00:00,-0.0
2023-03-31 03:15:00,-0.0
2023-03-31 03:30:00,-0.0
2023-03-31 03:45:00,-0.0
2023-03-31 04:00:00,-0.0
2023-03-31 04:15:00,-0.0
2023-03-31 04:30:00,-0.0
2023-03-31 04:45:00,-0.0
2023-03-31 05:00:00,-0.0
2023-03-31 05:15:00,-0.0
2023-03-31 05:30:00,-0.0
2023-03-31 05:45:00,7.45
2023-03-31 06:00:00,31.64
2023-03-31 06:15:00,85.96
2023-03-31 06:30:00,152.99
2023-03-31 06:45:00,230.33
2023-03-31 07:00:00,312.94
2023-03-31 07:15:00,369.31
2023-03-31 07:30:00,406.29
2023-03-31 07:45:00,437.15
2023-03-31 08:00:00,463.44
2023-03-31 08:15:00,484.71
2023-03-31 08:30:00,504.38
2023-03-31 08:45:00,517.71
2023-03-31 09:00:00,526.95
2023-03-31 09:15:00,528.9
2023-03-31 09:30:00,528.9
2023-03-31 09:45:00,528.9
2023-03-31 10:00:00,528.9
2023-03-31 10:15:00,528.9
2023-03-31 10:30:00,528.9
2023-03-31 10:45:00,528.9
2023-03-31 11:00:00,528.9
2023-03-31 11:15:00,526.78
2023-03-31 11:30:00,524.02
2023-03-31 11:45:00,521.78
2023-03-31 12:00:00,522.41
2023-03-31 12:15:00,523.89
2023-03-31 12:30:00,526.61
2023-03-31 12:45:00,528.59
2023-03-31 13:00:00,528.9
2023-03-31 13:15:00,528.9
2023-03-31 13:30:00,528.9
2023-03-31 13:45:00,528.9
2023-03-31 14:00:00,528.9
2023-03-31 14:15:00,525.12
2023-03-31 14:30:00,371.33
2023-03-31 14:45:00,277.87
2023-03-31 15:00:00,442.24
2023-03-31 15:15:00,255.9
2023-03-31 15:30:00,188.13
2023-03-31 15:45:00,401.2
2023-03-31 16:00:00,438.48
2023-03-31 16:15:00,404.79
2023-03-31 16:30:00,363.47
2023-03-31 16:45:00,281.74
2023-03-31 17:00:00,194.72
2023-03-31 17:15:00,114.77
2023-03-31 17:30:00,48.21
2023-03-31 17:45:00,5.82
2023-03-31 18:00:00,-0.0
2023-03-31 18:15:00,-0.0
2023-03-31 18:30:00,-0.0
2023-03-31 18:45:00,-0.0
2023-03-31 19:00:00,-0.0
2023-03-31 19:15:00,-0.0
2023-03-31 19:30:00,-0.0
2023-03-31 19:45:00,-0.0
2023-03-31 20:00:00,-0.0
2023-03-31 20:15:00,-0.0
2023-03-31 20:30:00,-0.0
2023-03-31 20:45:00,-0.0
2023-03-31 21:00:00,-0.0
2023-03-31 21:15:00,-0.0
2023-03-31 21:30:00,-0.0
2023-03-31 21:45:00,-0.0
2023-03-31 22:00:00,-0.0
2023-03-31 22:15:00,-0.0
2023-03-31 22:30:00,-0.0
2023-03-31 22:45:00,-0.0
2023-03-31 23:00:00,-0.0
2023-03-31 23:15:00,-0.0
2023-03-31 23:30:00,-0.0
2023-03-31 23:45:00,-0.0
2023-04-01 00:00:00,-0.0
2023-04-01 00:15:00,-0.0
2023-04-01 00:30:00,-0.0
2023-04-01 00:45:00,-0.0
2023-04-01 01:00:00,-0.0
2023-04-01 01:15:00,-0.0
2023-04-01 01:30:00,-0.0
2023-04-01 01:45:00,-0.0
2023-04-01 02:00:00,-0.0
2023-04-01 02:15:00,-0.0
2023-04-01 02:30:00,-0.0
2023-04-01 02:45:00,-0.0
2023-04-01 03:00:00,-0.0
2023-04-01 03:15:00,-0.0
2023-04-01 03:30:00,-0.0
2023-04-01 03:45:00,-0.0
2023-04-01 04:00:00,-0.0
2023-04-01 04:15:00,-0.0
2023-04-01 04:30:00,-0.0
2023-04-01 04:45:00,-0.0
2023-04-01 05:00:00,-0.0
2023-04-01 05:15:00,-0.0
2023-04-01 05:30:00,-0.0
2023-04-01 05:45:00,9.76
2023-04-01 06:00:00,50.46
2023-04-01 06:15:00,120.45
2023-04-01 06:30:00,201.07
2023-04-01 06:45:00,289.14
2023-04-01 07:00:00,382.27
2023-04-01 07:15:00,434.47
2023-04-01 07:30:00,466.99
2023-04-01 07:45:00,493.09
2023-04-01 08:00:00,499.55
2023-04-01 08:15:00,324.69
2023-04-01 08:30:00,485.2
2023-04-01 08:45:00,528.9
2023-04-01 09:00:00,528.9
2023-04-01 09:15:00,528.9
2023-04-01 09:30:00,528.9
2023-04-01 09:45:00,528.9
2023-04-01 10:00:00,528.9
2023-04-01 10:15:00,398.62
2023-04-01 10:30:00,382.4
2023-04-01 10:45:00,499.57
2023-04-01 11:00:00,421.4
2023-04-01 11:15:00,502.71
2023-04-01 11:30:00,528.9
2023-04-01 11:45:00,528.9
2023-04-01 12:00:00,528.9
2023-04-01 12:15:00,528.9
2023-04-01 12:30:00,528.9
2023-04-01 12:45:00,528.66
2023-04-01 13:00:00,528.9
2023-04-01 13:15:00,528.9
2023-04-01 13:30:00,527.41
2023-04-01 13:45:00,523.32
2023-04-01 14:00:00,518.84
2023-04-01 14:15:00,512.41
2023-04-01 14:30:00,502.83
2023-04-01 14:45:00,490.02
2023-04-01 15:00:00,469.39
2023-04-01 15:15:00,445.65
2023-04-01 15:30:00,416.55
2023-04-01 15:45:00,382.03
2023-04-01 16:00:00,332.4
2023-04-01 16:15:00,287.74
2023-04-01 16:30:00,237.73
2023-04-01 16:45:00,163.09
2023-04-01 17:00:00,99.37
2023-04-01 17:15:00,36.38
2023-04-01 17:30:00,18.12
2023-04-01 17:45:00,3.8
2023-04-01 18:00:00,-0.0
2023-04-01 18:15:00,-0.0
2023-04-01 18:30:00,-0.0
2023-04-01 18:45:00,-0.0
2023-04-01 19:00:00,-0.0
2023-04-01 19:15:00,-0.0
2023-04-01 19:30:00,-0.0
2023-04-01 19:45:00,-0.0
2023-04-01 20:00:00,-0.0
2023-04-01 20:15:00,-0.0
2023-04-01 20:30:00,-0.0
2023-04-01 20:45:00,-0.0
2023-04-01 21:00:00,-0.0
2023-04-01 21:15:00,-0.0
2023-04-01 21:30:00,-0.0
2023-04-01 21:45:00,-0.0
2023-04-01 22:00:00,-0.0
2023-04-01 22:15:00,-0.0
2023-04-01 22:30:00,-0.0
2023-04-01 22:45:00,-0.0
2023-04-01 23:00:00,-0.0
2023-04-01 23:15:00,-0.0
2023-04-01 23:30:00,-0.0
2023-04-01 23:45:00,-0.0
2023-04-02 00:00:00,-0.0
2023-04-02 00:15:00,-0.0
2023-04-02 00:30:00,-0.0
2023-04-02 00:45:00,-0.0
2023-04-02 01:00:00,-0.0
2023-04-02 01:15:00,-0.0
2023-04-02 01:30:00,-0.0
2023-04-02 01:45:00,-0.0
2023-04-02 02:00:00,-0.0
2023-04-02 02:15:00,-0.0
2023-04-02 02:30:00,-0.0
2023-04-02 02:45:00,-0.0
2023-04-02 03:00:00,-0.0
2023-04-02 03:15:00,-0.0
2023-04-02 03:30:00,-0.0
2023-04-02 03:45:00,-0.0
2023-04-02 04:00:00,-0.0
2023-04-02 04:15:00,-0.0
2023-04-02 04:30:00,-0.0
2023-04-02 04:45:00,-0.0
2023-04-02 05:00:00,-0.0
2023-04-02 05:15:00,-0.0
2023-04-02 05:30:00,-0.0
2023-04-02 05:45:00,11.26
2023-04-02 06:00:00,56.01
2023-04-02 06:15:00,124.91
2023-04-02 06:30:00,203.79
2023-04-02 06:45:00,286.02
2023-04-02 07:00:00,372.77
2023-04-02 07:15:00,416.83
2023-04-02 07:30:00,446.91
2023-04-02 07:45:00,471.26
2023-04-02 08:00:00,491.76
2023-04-02 08:15:00,507.88
2023-04-02 08:30:00,520.11
2023-04-02 08:45:00,528.87
2023-04-02 09:00:00,528.9
2023-04-02 09:15:00,528.9
2023-04-02 09:30:00,528.9
2023-04-02 09:45:00,526.11
2023-04-02 10:00:00,522.67
2023-04-02 10:15:00,520.1
2023-04-02 10:30:00,505.2
2023-04-02 10:45:00,352.67
2023-04-02 11:00:00,292.82
2023-04-02 11:15:00,279.92
2023-04-02 11:30:00,331.64
2023-04-02 11:45:00,458.93
2023-04-02 12:00:00,492.19
2023-04-02 12:15:00,491.87
2023-04-02 12:30:00,492.16
2023-04-02 12:45:00,491.14
2023-04-02 13:00:00,489.71
2023-04-02 13:15:00,486.81
2023-04-02 13:30:00,482.81
2023-04-02 13:45:00,476.4
2023-04-02 14:00:00,469.52
2023-04-02 14:15:00,460.3
2023-04-02 14:30:00,448.03
2023-04-02 14:45:00,433.11
2023-04-02 15:00:00,405.27
2023-04-02 15:15:00,380.18
2023-04-02 15:30:00,350.9
2023-04-02 15:45:00,317.14
2023-04-02 16:00:00,279.38
2023-04-02 16:15:00,228.59
2023-04-02 16:30:00,184.8
2023-04-02 16:45:00,132.39
2023-04-02 17:00:00,78.2
2023-04-02 17:15:00,42.56
2023-04-02 17:30:00,17.66
2023-04-02 17:45:00,3.85
2023-04-02 18:00:00,-0.0
2023-04-02 18:15:00,-0.0
2023-04-02 18:30:00,-0.0
2023-04-02 18:45:00,-0.0
2023-04-02 19:00:00,-0.0
2023-04-02 19:15:00,-0.0
2023-04-02 19:30:00,-0.0
2023-04-02 19:45:00,-0.0
2023-04-02 20:00:00,-0.0
2023-04-02 20:15:00,-0.0
2023-04-02 20:30:00,-0.0
2023-04-02 20:45:00,-0.0
2023-04-02 21:00:00,-0.0
2023-04-02 21:15:00,-0.0
2023-04-02 21:30:00,-0.0
2023-04-02 21:45:00,-0.0
2023-04-02 22:00:00,-0.0
2023-04-02 22:15:00,-0.0
2023-04-02 22:30:00,-0.0
2023-04-02 22:45:00,-0.0
2023-04-02 23:00:00,-0.0
2023-04-02 23:15:00,-0.0
2023-04-02 23:30:00,-0.0
2023-04-02 23:45:00,-0.0
2023-04-03 00:00:00,-0.0
2023-04-03 00:15:00,-0.0
2023-04-03 00:30:00,-0.0
2023-04-03 00:45:00,-0.0
2023-04-03 01:00:00,-0.0
2023-04-03 01:15:00,-0.0
2023-04-03 01:30:00,-0.0
2023-04-03 01:45:00,-0.0
2023-04-03 02:00:00,-0.0
2023-04-03 02:15:00,-0.0
2023-04-03 02:30:00,-0.0
2023-04-03 02:45:00,-0.0
2023-04-03 03:00:00,-0.0
2023-04-03 03:15:00,-0.0
2023-04-03 03:30:00,-0.0
2023-04-03 03:45:00,-0.0
2023-04-03 04:00:00,-0.0
2023-04-03 04:15:00,-0.0
2023-04-03 04:30:00,-0.0
2023-04-03 04:45:00,-0.0
2023-04-03 05:00:00,-0.0
2023-04-03 05:15:00,-0.0
2023-04-03 05:30:00,-0.0
2023-04-03 05:45:00,14.96
2023-04-03 06:00:00,73.93
2023-04-03 06:15:00,159.45
2023-04-03 06:30:00,252.4
2023-04-03 06:45:00,346.3
2023-04-03 07:00:00,443.13
2023-04-03 07:15:00,480.63
2023-04-03 07:30:00,503.64
2023-04-03 07:45:00,525.08
2023-04-03 08:00:00,528.9
2023-04-03 08:15:00,528.9
2023-04-03 08:30:00,528.9
2023-04-03 08:45:00,528.9
2023-04-03 09:00:00,528.9
2023-04-03 09:15:00,528.9
2023-04-03 09:30:00,528.9
2023-04-03 09:45:00,528.9
2023-04-03 10:00:00,528.9
2023-04-03 10:15:00,528.9
2023-04-03 10:30:00,528.9
2023-04-03 10:45:00,528.9
2023-04-03 11:00:00,528.9
2023-04-03 11:15:00,528.9
2023-04-03 11:30:00,528.9
2023-04-03 11:45:00,528.9
2023-04-03 12:00:00,528.9
2023-04-03 12:15:00,528.9
2023-04-03 12:30:00,528.9
2023-04-03 12:45:00,528.9
2023-04-03 13:00:00,528.9
2023-04-03 13:15:00,528.9
2023-04-03 13:30:00,528.9
2023-04-03 13:45:00,528.9
2023-04-03 14:00:00,528.9
2023-04-03 14:15:00,528.9
2023-04-03 14:30:00,528.9
2023-04-03 14:45:00,528.9
2023-04-03 15:00:00,528.9
2023-04-03 15:15:00,528.9
2023-04-03 15:30:00,524.56
2023-04-03 15:45:00,503.63
2023-04-03 16:00:00,477.59
2023-04-03 16:15:00,445.87
2023-04-03 16:30:00,406.48
2023-04-03 16:45:00,329.31
2023-04-03 17:00:00,234.05
2023-04-03 17:15:00,145.12
2023-04-03 17:30:00,65.62
2023-04-03 17:45:00,10.58
2023-04-03 18:00:00,-0.0
2023-04-03 18:15:00,-0.0
2023-04-03 18:30:00,-0.0
2023-04-03 18:45:00,-0.0
2023-04-03 19:00:00,-0.0
2023-04-03 19:15:00,-0.0
2023-04-03 19:30:00,-0.0
2023-04-03 19:45:00,-0.0
2023-04-03 20:00:00,-0.0
2023-04-03 20:15:00,-0.0
2023-04-03 20:30:00,-0.0
2023-04-03 20:45:00,-0.0
2023-04-03 21:00:00,-0.0
2023-04-03 21:15:00,-0.0
2023-04-03 21:30:00,-0.0
2023-04-03 21:45:00,-0.0
2023-04-03 22:00:00,-0.0
2023-04-03 22:15:00,-0.0
2023-04-03 22:30:00,-0.0
2023-04-03 22:45:00,-0.0
2023-04-03 23:00:00,-0.0
2023-04-03 23:15:00,-0.0
2023-04-03 23:30:00,-0.0
2023-04-03 23:45:00,-0.0
2023-04-04 00:00:00,-0.0
2023-04-04 00:15:00,-0.0
2023-04-04 00:30:00,-0.0
2023-04-04 00:45:00,-0.0
2023-04-04 01:00:00,-0.0
2023-04-04 01:15:00,-0.0
2023-04-04 01:30:00,-0.0
2023-04-04 01:45:00,-0.0
2023-04-04 02:00:00,-0.0
2023-04-04 02:15:00,-0.0
2023-04-04 02:30:00,-0.0
2023-04-04 02:45:00,-0.0
2023-04-04 03:00:00,-0.0
2023-04-04 03:15:00,-0.0
2023-04-04 03:30:00,-0.0
2023-04-04 03:45:00,-0.0
2023-04-04 04:00:00,-0.0
2023-04-04 04:15:00,-0.0
2023-04-04 04:30:00,-0.0
2023-04-04 04:45:00,-0.0
2023-04-04 05:00:00,-0.0
2023-04-04 05:15:00,-0.0
2023-04-04 05:30:00,1.25
2023-04-04 05:45:00,8.16
2023-04-04 06:00:00,29.43
2023-04-04 06:15:00,120.49
2023-04-04 06:30:00,218.17
2023-04-04 06:45:00,303.31
2023-04-04 07:00:00,393.2
2023-04-04 07:15:00,431.14
2023-04-04 07:30:00,461.69
2023-04-04 07:45:00,487.14
2023-04-04 08:00:00,509.05
2023-04-04 08:15:00,525.56
2023-04-04 08:30:00,528.9
2023-04-04 08:45:00,528.9
2023-04-04 09:00:00,528.9
2023-04-04 09:15:00,528.9
2023-04-04 09:30:00,528.9
2023-04-04 09:45:00,528.9
2023-04-04 10:00:00,528.9
2023-04-04 10:15:00,528.9
2023-04-04 10:30:00,528.9
2023-04-04 10:45:00,528.9
2023-04-04 11:00:00,528.9
2023-04-04 11:15:00,528.9
2023-04-04 11:30:00,528.9
2023-04-04 11:45:00,528.9
2023-04-04 12:00:00,528.9
2023-04-04 12:15:00,528.9
2023-04-04 12:30:00,528.9
2023-04-04 12:45:00,528.9
2023-04-04 13:00:00,528.9
2023-04-04 13:15:00,528.9
2023-04-04 13:30:00,528.9
2023-04-04 13:45:00,528.9
2023-04-04 14:00:00,522.13
2023-04-04 14:15:00,394.24
2023-04-04 14:30:00,327.27
2023-04-04 14:45:00,447.27
2023-04-04 15:00:00,258.46
2023-04-04 15:15:00,253.78
2023-04-04 15:30:00,265.05
2023-04-04 15:45:00,356.27
2023-04-04 16:00:00,186.93
2023-04-04 16:15:00,148.03
2023-04-04 16:30:00,100.32
2023-04-04 16:45:00,181.94
2023-04-04 17:00:00,108.95
2023-04-04 17:15:00,71.52
2023-04-04 17:30:00,32.14
2023-04-04 17:45:00,5.77
2023-04-04 18:00:00,-0.0
2023-04-04 18:15:00,-0.0
2023-04-04 18:30:00,-0.0
2023-04-04 18:45:00,-0.0
2023-04-04 19:00:00,-0.0
2023-04-04 19:15:00,-0.0
2023-04-04 19:30:00,-0.0
2023-04-04 19:45:00,-0.0
2023-04-04 20:00:00,-0.0
2023-04-04 20:15:00,-0.0
2023-04-04 20:30:00,-0.0
2023-04-04 20:45:00,-0.0
2023-04-04 21:00:00,-0.0
2023-04-04 21:15:00,-0.0
2023-04-04 21:30:00,-0.0
2023-04-04 21:45:00,-0.0
2023-04-04 22:00:00,-0.0
2023-04-04 22:15:00,-0.0
2023-04-04 22:30:00,-0.0
2023-04-04 22:45:00,-0.0
2023-04-04 23:00:00,-0.0
2023-04-04 23:15:00,-0.0
2023-04-04 23:30:00,-0.0
2023-04-04 23:45:00,-0.0
2023-04-05 00:00:00,-0.0
2023-04-05 00:15:00,-0.0
2023-04-05 00:30:00,-0.0
2023-04-05 00:45:00,-0.0
2023-04-05 01:00:00,-0.0
2023-04-05 01:15:00,-0.0
2023-04-05 01:30:00,-0.0
2023-04-05 01:45:00,-0.0
2023-04-05 02:00:00,-0.0
2023-04-05 02:15:00,-0.0
2023-04-05 02:30:00,-0.0
2023-04-05 02:45:00,-0.0
2023-04-05 03:00:00,-0.0
2023-04-05 03:15:00,-0.0
2023-04-05 03:30:00,-0.0
2023-04-05 03:45:00,-0.0
2023-04-05 04:00:00,-0.0
2023-04-05 04:15:00,-0.0
2023-04-05 04:30:00,-0.0
2023-04-05 04:45:00,-0.0
2023-04-05 05:00:00,-0.0
2023-04-05 05:15:00,-0.0
2023-04-05 05:30:00,2.0
2023-04-05 05:45:00,10.44
2023-04-05 06:00:00,32.49
2023-04-05 06:15:00,49.82
2023-04-05 06:30:00,93.6
2023-04-05 06:45:00,129.71
2023-04-05 07:00:00,163.47
2023-04-05 07:15:00,186.49
2023-04-05 07:30:00,197.37
2023-04-05 07:45:00,353.66
2023-04-05 08:00:00,284.49
2023-04-05 08:15:00,395.12
2023-04-05 08:30:00,263.33
2023-04-05 08:45:00,249.25
2023-04-05 09:00:00,284.68
2023-04-05 09:15:00,326.86
2023-04-05 09:30:00,354.76
2023-04-05 09:45:00,357.2
2023-04-05 10:00:00,344.91
2023-04-05 10:15:00,341.68
2023-04-05 10:30:00,345.64
2023-04-05 10:45:00,463.34
2023-04-05 11:00:00,368.36
2023-04-05 11:15:00,356.54
2023-04-05 11:30:00,464.02
2023-04-05 11:45:00,403.24
2023-04-05 12:00:00,379.89
2023-04-05 12:15:00,350.25
2023-04-05 12:30:00,343.01
2023-04-05 12:45:00,334.65
2023-04-05 13:00:00,326.07
2023-04-05 13:15:00,458.97
2023-04-05 13:30:00,497.27
2023-04-05 13:45:00,492.19
2023-04-05 14:00:00,478.87
2023-04-05 14:15:00,373.16
2023-04-05 14:30:00,422.64
2023-04-05 14:45:00,334.18
2023-04-05 15:00:00,400.53
2023-04-05 15:15:00,421.15
2023-04-05 15:30:00,388.23
2023-04-05 15:45:00,360.18
2023-04-05 16:00:00,327.51
2023-04-05 16:15:00,290.5
2023-04-05 16:30:00,248.43
2023-04-05 16:45:00,190.68
2023-04-05 17:00:00,121.06
2023-04-05 17:15:00,69.17
2023-04-05 17:30:00,28.07
2023-04-05 17:45:00,6.2
2023-04-05 18:00:00,-0.0
2023-04-05 18:15:00,-0.0
2023-04-05 18:30:00,-0.0
2023-04-05 18:45:00,-0.0
2023-04-05 19:00:00,-0.0
2023-04-05 19:15:00,-0.0
2023-04-05 19:30:00,-0.0
2023-04-05 19:45:00,-0.0
2023-04-05 20:00:00,-0.0
2023-04-05 20:15:00,-0.0
2023-04-05 20:30:00,-0.0
2023-04-05 20:45:00,-0.0
2023-04-05 21:00:00,-0.0
2023-04-05 21:15:00,-0.0
2023-04-05 21:30:00,-0.0
2023-04-05 21:45:00,-0.0
2023-04-05 22:00:00,-0.0
2023-04-05 22:15:00,-0.0
2023-04-05 22:30:00,-0.0
2023-04-05 22:45:00,-0.0
2023-04-05 23:00:00,-0.0
2023-04-05 23:15:00,-0.0
2023-04-05 23:30:00,-0.0
2023-04-05 23:45:00,-0.0
2023-04-06 00:00:00,-0.0
2023-04-06 00:15:00,-0.0
2023-04-06 00:30:00,-0.0
2023-04-06 00:45:00,-0.0
2023-04-06 01:00:00,-0.0
2023-04-06 01:15:00,-0.0
2023-04-06 01:30:00,-0.0
2023-04-06 01:45:00,-0.0
2023-04-06 02:00:00,-0.0
2023-04-06 02:15:00,-0.0
2023-04-06 02:30:00,-0.0
2023-04-06 02:45:00,-0.0
2023-04-06 03:00:00,-0.0
2023-04-06 03:15:00,-0.0
2023-04-06 03:30:00,-0.0
2023-04-06 03:45:00,-0.0
2023-04-06 04:00:00,-0.0
2023-04-06 04:15:00,-0.0
2023-04-06 04:30:00,-0.0
2023-04-06 04:45:00,-0.0
2023-04-06 05:00:00,-0.0
2023-04-06 05:15:00,-0.0
2023-04-06 05:30:00,-0.0
2023-04-06 05:45:00,1.7
2023-04-06 06:00:00,6.68
2023-04-06 06:15:00,67.01
2023-04-06 06:30:00,131.41
2023-04-06 06:45:00,187.37
2023-04-06 07:00:00,245.33
2023-04-06 07:15:00,284.15
2023-04-06 07:30:00,194.04
2023-04-06 07:45:00,214.81
2023-04-06 08:00:00,209.08
2023-04-06 08:15:00,218.25
2023-04-06 08:30:00,261.26
2023-04-06 08:45:00,300.25
2023-04-06 09:00:00,423.22
2023-04-06 09:15:00,469.53
2023-04-06 09:30:00,476.65
2023-04-06 09:45:00,481.53
2023-04-06 10:00:00,485.81
2023-04-06 10:15:00,488.21
2023-04-06 10:30:00,489.28
2023-04-06 10:45:00,488.61
2023-04-06 11:00:00,488.14
2023-04-06 11:15:00,486.78
2023-04-06 11:30:00,484.27
2023-04-06 11:45:00,476.07
2023-04-06 12:00:00,406.63
2023-04-06 12:15:00,353.18
2023-04-06 12:30:00,340.85
2023-04-06 12:45:00,335.06
2023-04-06 13:00:00,317.16
2023-04-06 13:15:00,309.0
2023-04-06 13:30:00,306.86
2023-04-06 13:45:00,306.37
2023-04-06 14:00:00,279.15
2023-04-06 14:15:00,248.31
2023-04-06 14:30:00,228.3
2023-04-06 14:45:00,179.52
2023-04-06 15:00:00,159.08
2023-04-06 15:15:00,98.99
2023-04-06 15:30:00,119.17
2023-04-06 15:45:00,116.3
2023-04-06 16:00:00,127.24
2023-04-06 16:15:00,93.27
2023-04-06 16:30:00,49.89
2023-04-06 16:45:00,115.35
2023-04-06 17:00:00,91.06
2023-04-06 17:15:00,19.21
2023-04-06 17:30:00,18.94
2023-04-06 17:45:00,6.28
2023-04-06 18:00:00,-0.0
2023-04-06 18:15:00,-0.0
2023-04-06 18:30:00,-0.0
2023-04-06 18:45:00,-0.0
2023-04-06 19:00:00,-0.0
2023-04-06 19:15:00,-0.0
2023-04-06 19:30:00,-0.0
2023-04-06 19:45:00,-0.0
2023-04-06 20:00:00,-0.0
2023-04-06 20:15:00,-0.0
2023-04-06 20:30:00,-0.0
2023-04-06 20:45:00,-0.0
2023-04-06 21:00:00,-0.0
2023-04-06 21:15:00,-0.0
2023-04-06 21:30:00,-0.0
2023-04-06 21:45:00,-0.0
2023-04-06 22:00:00,-0.0
2023-04-06 22:15:00,-0.0
2023-04-06 22:30:00,-0.0
2023-04-06 22:45:00,-0.0
2023-04-06 23:00:00,-0.0
2023-04-06 23:15:00,-0.0
2023-04-06 23:30:00,-0.0
2023-04-06 23:45:00,-0.0
2023-04-07 00:00:00,-0.0
2023-04-07 00:15:00,-0.0
2023-04-07 00:30:00,-0.0
2023-04-07 00:45:00,-0.0
2023-04-07 01:00:00,-0.0
2023-04-07 01:15:00,-0.0
2023-04-07 01:30:00,-0.0
2023-04-07 01:45:00,-0.0
2023-04-07 02:00:00,-0.0
2023-04-07 02:15:00,-0.0
2023-04-07 02:30:00,-0.0
2023-04-07 02:45:00,-0.0
2023-04-07 03:00:00,-0.0
2023-04-07 03:15:00,-0.0
2023-04-07 03:30:00,-0.0
2023-04-07 03:45:00,-0.0
2023-04-07 04:00:00,-0.0
2023-04-07 04:15:00,-0.0
2023-04-07 04:30:00,-0.0
2023-04-07 04:45:00,-0.0
2023-04-07 05:00:00,-0.0
2023-04-07 05:15:00,-0.0
2023-04-07 05:30:00,-0.0
2023-04-07 05:45:00,1.52
2023-04-07 06:00:00,3.79
2023-04-07 06:15:00,5.47
2023-04-07 06:30:00,7.03
2023-04-07 06:45:00,8.59
2023-04-07 07:00:00,10.0
2023-04-07 07:15:00,11.71
2023-04-07 07:30:00,13.44
2023-04-07 07:45:00,15.85
2023-04-07 08:00:00,26.52
2023-04-07 08:15:00,23.37
2023-04-07 08:30:00,50.32
2023-04-07 08:45:00,120.01
2023-04-07 09:00:00,122.74
2023-04-07 09:15:00,79.58
2023-04-07 09:30:00,64.55
2023-04-07 09:45:00,70.68
2023-04-07 10:00:00,117.19
2023-04-07 10:15:00,154.39
2023-04-07 10:30:00,157.72
2023-04-07 10:45:00,168.82
2023-04-07 11:00:00,178.83
2023-04-07 11:15:00,197.15
2023-04-07 11:30:00,193.96
2023-04-07 11:45:00,185.96
2023-04-07 12:00:00,219.04
2023-04-07 12:15:00,280.39
2023-04-07 12:30:00,314.09
2023-04-07 12:45:00,318.97
2023-04-07 13:00:00,310.42
2023-04-07 13:15:00,308.48
2023-04-07 13:30:00,307.2
2023-04-07 13:45:00,328.94
2023-04-07 14:00:00,321.13
2023-04-07 14:15:00,312.34
2023-04-07 14:30:00,297.72
2023-04-07 14:45:00,280.94
2023-04-07 15:00:00,369.85
2023-04-07 15:15:00,372.61
2023-04-07 15:30:00,236.97
2023-04-07 15:45:00,170.45
2023-04-07 16:00:00,260.8
2023-04-07 16:15:00,269.29
2023-04-07 16:30:00,230.77
2023-04-07 16:45:00,173.83
2023-04-07 17:00:00,119.89
2023-04-07 17:15:00,72.5
2023-04-07 17:30:00,34.38
2023-04-07 17:45:00,8.14
2023-04-07 18:00:00,-0.0
2023-04-07 18:15:00,-0.0
2023-04-07 18:30:00,-0.0
2023-04-07 18:45:00,-0.0
2023-04-07 19:00:00,-0.0
2023-04-07 19:15:00,-0.0
2023-04-07 19:30:00,-0.0
2023-04-07 19:45:00,-0.0
2023-04-07 20:00:00,-0.0
2023-04-07 20:15:00,-0.0
2023-04-07 20:30:00,-0.0
2023-04-07 20:45:00,-0.0
2023-04-07 21:00:00,-0.0
2023-04-07 21:15:00,-0.0
2023-04-07 21:30:00,-0.0
2023-04-07 21:45:00,-0.0
2023-04-07 22:00:00,-0.0
2023-04-07 22:15:00,-0.0
2023-04-07 22:30:00,-0.0
2023-04-07 22:45:00,-0.0
2023-04-07 23:00:00,-0.0
2023-04-07 23:15:00,-0.0
2023-04-07 23:30:00,-0.0
2023-04-07 23:45:00,-0.0
2023-04-08 00:00:00,-0.0
2023-04-08 00:15:00,-0.0
2023-04-08 00:30:00,-0.0
2023-04-08 00:45:00,-0.0
2023-04-08 01:00:00,-0.0
2023-04-08 01:15:00,-0.0
2023-04-08 01:30:00,-0.0
2023-04-08 01:45:00,-0.0
2023-04-08 02:00:00,-0.0
2023-04-08 02:15:00,-0.0
2023-04-08 02:30:00,-0.0
2023-04-08 02:45:00,-0.0
2023-04-08 03:00:00,-0.0
2023-04-08 03:15:00,-0.0
2023-04-08 03:30:00,-0.0
2023-04-08 03:45:00,-0.0
2023-04-08 04:00:00,-0.0
2023-04-08 04:15:00,-0.0
2023-04-08 04:30:00,-0.0
2023-04-08 04:45:00,-0.0
2023-04-08 05:00:00,-0.0
2023-04-08 05:15:00,-0.0
2023-04-08 05:30:00,2.7
2023-04-08 05:45:00,9.99
2023-04-08 06:00:00,30.21
2023-04-08 06:15:00,115.72
2023-04-08 06:30:00,205.69
2023-04-08 06:45:00,287.77
2023-04-08 07:00:00,361.77
2023-04-08 07:15:00,402.64
2023-04-08 07:30:00,436.97
2023-04-08 07:45:00,466.27
2023-04-08 08:00:00,493.19
2023-04-08 08:15:00,513.92
2023-04-08 08:30:00,528.9
2023-04-08 08:45:00,528.9
2023-04-08 09:00:00,528.9
2023-04-08 09:15:00,528.9
2023-04-08 09:30:00,528.9
2023-04-08 09:45:00,528.9
2023-04-08 10:00:00,528.9
2023-04-08 10:15:00,528.9
2023-04-08 10:30:00,528.9
2023-04-08 10:45:00,528.9
2023-04-08 11:00:00,528.9
2023-04-08 11:15:00,528.9
2023-04-08 11:30:00,528.9
2023-04-08 11:45:00,528.9
2023-04-08 12:00:00,528.9
2023-04-08 12:15:00,528.9
2023-04-08 12:30:00,528.9
2023-04-08 12:45:00,528.9
2023-04-08 13:00:00,528.9
2023-04-08 13:15:00,528.9
2023-04-08 13:30:00,528.9
2023-04-08 13:45:00,528.9
2023-04-08 14:00:00,528.9
2023-04-08 14:15:00,528.9
2023-04-08 14:30:00,528.9
2023-04-08 14:45:00,528.9
2023-04-08 15:00:00,528.9
2023-04-08 15:15:00,523.64
2023-04-08 15:30:00,505.84
2023-04-08 15:45:00,483.26
2023-04-08 16:00:00,455.51
2023-04-08 16:15:00,422.14
2023-04-08 16:30:00,381.48
2023-04-08 16:45:00,313.95
2023-04-08 17:00:00,223.78
2023-04-08 17:15:00,140.68
2023-04-08 17:30:00,68.06
2023-04-08 17:45:00,15.04
2023-04-08 18:00:00,-0.0
2023-04-08 18:15:00,-0.0
2023-04-08 18:30:00,-0.0
2023-04-08 18:45:00,-0.0
2023-04-08 19:00:00,-0.0
2023-04-08 19:15:00,-0.0
2023-04-08 19:30:00,-0.0
2023-04-08 19:45:00,-0.0
2023-04-08 20:00:00,-0.0
2023-04-08 20:15:00,-0.0
2023-04-08 20:30:00,-0.0
2023-04-08 20:45:00,-0.0
2023-04-08 21:00:00,-0.0
2023-04-08 21:15:00,-0.0
2023-04-08 21:30:00,-0.0
2023-04-08 21:45:00,-0.0
2023-04-08 22:00:00,-0.0
2023-04-08 22:15:00,-0.0
2023-04-08 22:30:00,-0.0
2023-04-08 22:45:00,-0.0
2023-04-08 23:00:00,-0.0
2023-04-08 23:15:00,-0.0
2023-04-08 23:30:00,-0.0
2023-04-08 23:45:00,-0.0
2023-04-09 00:00:00,-0.0
2023-04-09 00:15:00,-0.0
2023-04-09 00:30:00,-0.0
2023-04-09 00:45:00,-0.0
2023-04-09 01:00:00,-0.0
2023-04-09 01:15:00,-0.0
2023-04-09 01:30:00,-0.0
2023-04-09 01:45:00,-0.0
2023-04-09 02:00:00,-0.0
2023-04-09 02:15:00,-0.0
2023-04-09 02:30:00,-0.0
2023-04-09 02:45:00,-0.0
2023-04-09 03:00:00,-0.0
2023-04-09 03:15:00,-0.0
2023-04-09 03:30:00,-0.0
2023-04-09 03:45:00,-0.0
2023-04-09 04:00:00,-0.0
2023-04-09 04:15:00,-0.0
2023-04-09 04:30:00,-0.0
2023-04-09 04:45:00,-0.0
2023-04-09 05:00:00,-0.0
2023-04-09 05:15:00,-0.0
2023-04-09 05:30:00,5.52
2023-04-09 05:45:00,26.15
2023-04-09 06:00:00,87.96
2023-04-09 06:15:00,162.36
2023-04-09 06:30:00,244.52
2023-04-09 06:45:00,332.58
2023-04-09 07:00:00,404.91
2023-04-09 07:15:00,443.28
2023-04-09 07:30:00,474.72
2023-04-09 07:45:00,501.05
2023-04-09 08:00:00,522.45
2023-04-09 08:15:00,528.9
2023-04-09 08:30:00,528.9
2023-04-09 08:45:00,528.9
2023-04-09 09:00:00,528.9
2023-04-09 09:15:00,528.9
2023-04-09 09:30:00,528.9
2023-04-09 09:45:00,528.9
2023-04-09 10:00:00,528.9
2023-04-09 10:15:00,528.9
2023-04-09 10:30:00,528.9
2023-04-09 10:45:00,528.9
2023-04-09 11:00:00,528.9
2023-04-09 11:15:00,528.9
2023-04-09 11:30:00,528.9
2023-04-09 11:45:00,528.9
2023-04-09 12:00:00,528.9
2023-04-09 12:15:00,528.9
2023-04-09 12:30:00,528.9
2023-04-09 12:45:00,528.9
2023-04-09 13:00:00,528.9
2023-04-09 13:15:00,528.9
2023-04-09 13:30:00,528.9
2023-04-09 13:45:00,528.9
2023-04-09 14:00:00,528.9
2023-04-09 14:15:00,528.9
2023-04-09 14:30:00,528.9
2023-04-09 14:45:00,528.9
2023-04-09 15:00:00,528.9
2023-04-09 15:15:00,528.9
2023-04-09 15:30:00,524.08
2023-04-09 15:45:00,502.43
2023-04-09 16:00:00,475.62
2023-04-09 16:15:00,443.31
2023-04-09 16:30:00,403.68
2023-04-09 16:45:00,339.5
2023-04-09 17:00:00,244.69
2023-04-09 17:15:00,155.67
2023-04-09 17:30:00,77.81
2023-04-09 17:45:00,20.53
2023-04-09 18:00:00,0.57
2023-04-09 18:15:00,-0.0
2023-04-09 18:30:00,-0.0
2023-04-09 18:45:00,-0.0
2023-04-09 19:00:00,-0.0
2023-04-09 19:15:00,-0.0
2023-04-09 19:30:00,-0.0
2023-04-09 19:45:00,-0.0
2023-04-09 20:00:00,-0.0
2023-04-09 20:15:00,-0.0
2023-04-09 20:30:00,-0.0
2023-04-09 20:45:00,-0.0
2023-04-09 21:00:00,-0.0
2023-04-09 21:15:00,-0.0
2023-04-09 21:30:00,-0.0
2023-04-09 21:45:00,-0.0
2023-04-09 22:00:00,-0.0
2023-04-09 22:15:00,-0.0
2023-04-09 22:30:00,-0.0
2023-04-09 22:45:00,-0.0
2023-04-09 23:00:00,-0.0
2023-04-09 23:15:00,-0.0
2023-04-09 23:30:00,-0.0
2023-04-09 23:45:00,-0.0
2023-04-10 00:00:00,-0.0
2023-04-10 00:15:00,-0.0
2023-04-10 00:30:00,-0.0
2023-04-10 00:45:00,-0.0
2023-04-10 01:00:00,-0.0
2023-04-10 01:15:00,-0.0
2023-04-10 01:30:00,-0.0
2023-04-10 01:45:00,-0.0
2023-04-10 02:00:00,-0.0
2023-04-10 02:15:00,-0.0
2023-04-10 02:30:00,-0.0
2023-04-10 02:45:00,-0.0
2023-04-10 03:00:00,-0.0
2023-04-10 03:15:00,-0.0
2023-04-10 03:30:00,-0.0
2023-04-10 03:45:00,-0.0
2023-04-10 04:00:00,-0.0
2023-04-10 04:15:00,-0.0
2023-04-10 04:30:00,-0.0
2023-04-10 04:45:00,-0.0
2023-04-10 05:00:00,-0.0
2023-04-10 05:15:00,-0.0
2023-04-10 05:30:00,6.31
2023-04-10 05:45:00,28.78
2023-04-10 06:00:00,89.46
2023-04-10 06:15:00,162.45
2023-04-10 06:30:00,242.88
2023-04-10 06:45:00,329.64
2023-04-10 07:00:00,396.52
2023-04-10 07:15:00,435.06
2023-04-10 07:30:00,466.77
2023-04-10 07:45:00,493.27
2023-04-10 08:00:00,515.06
2023-04-10 08:15:00,528.9
2023-04-10 08:30:00,528.9
2023-04-10 08:45:00,528.9
2023-04-10 09:00:00,528.9
2023-04-10 09:15:00,528.9
2023-04-10 09:30:00,528.9
2023-04-10 09:45:00,528.9
2023-04-10 10:00:00,528.9
2023-04-10 10:15:00,528.9
2023-04-10 10:30:00,528.9
2023-04-10 10:45:00,528.9
2023-04-10 11:00:00,528.9
2023-04-10 11:15:00,528.9
2023-04-10 11:30:00,528.9
2023-04-10 11:45:00,528.9
2023-04-10 12:00:00,528.9
2023-04-10 12:15:00,528.9
2023-04-10 12:30:00,528.9
2023-04-10 12:45:00,528.9
2023-04-10 13:00:00,528.9
2023-04-10 13:15:00,528.9
2023-04-10 13:30:00,528.9
2023-04-10 13:45:00,528.9
2023-04-10 14:00:00,528.9
2023-04-10 14:15:00,528.9
2023-04-10 14:30:00,528.9
2023-04-10 14:45:00,528.9
2023-04-10 15:00:00,528.9
2023-04-10 15:15:00,520.65
2023-04-10 15:30:00,500.7
2023-04-10 15:45:00,475.68
2023-04-10 16:00:00,444.87
2023-04-10 16:15:00,407.94
2023-04-10 16:30:00,360.98
2023-04-10 16:45:00,297.73
2023-04-10 17:00:00,208.48
2023-04-10 17:15:00,128.85
2023-04-10 17:30:00,58.75
2023-04-10 17:45:00,14.52
2023-04-10 18:00:00,0.68
2023-04-10 18:15:00,-0.0
2023-04-10 18:30:00,-0.0
2023-04-10 18:45:00,-0.0
2023-04-10 19:00:00,-0.0
2023-04-10 19:15:00,-0.0
2023-04-10 19:30:00,-0.0
2023-04-10 19:45:00,-0.0
2023-04-10 20:00:00,-0.0
2023-04-10 20:15:00,-0.0
2023-04-10 20:30:00,-0.0
2023-04-10 20:45:00,-0.0
2023-04-10 21:00:00,-0.0
2023-04-10 21:15:00,-0.0
2023-04-10 21:30:00,-0.0
2023-04-10 21:45:00,-0.0
2023-04-10 22:00:00,-0.0
2023-04-10 22:15:00,-0.0
2023-04-10 22:30:00,-0.0
2023-04-10 22:45:00,-0.0
2023-04-10 23:00:00,-0.0
2023-04-10 23:15:00,-0.0
2023-04-10 23:30:00,-0.0
2023-04-10 23:45:00,-0.0
2023-04-11 00:00:00,-0.0
2023-04-11 00:15:00,-0.0
2023-04-11 00:30:00,-0.0
2023-04-11 00:45:00,-0.0
2023-04-11 01:00:00,-0.0
2023-04-11 01:15:00,-0.0
2023-04-11 01:30:00,-0.0
2023-04-11 01:45:00,-0.0
2023-04-11 02:00:00,-0.0
2023-04-11 02:15:00,-0.0
2023-04-11 02:30:00,-0.0
2023-04-11 02:45:00,-0.0
2023-04-11 03:00:00,-0.0
2023-04-11 03:15:00,-0.0
2023-04-11 03:30:00,-0.0
2023-04-11 03:45:00,-0.0
2023-04-11 04:00:00,-0.0
2023-04-11 04:15:00,-0.0
2023-04-11 04:30:00,-0.0
2023-04-11 04:45:00,-0.0
2023-04-11 05:00:00,-0.0
2023-04-11 05:15:00,-0.0
2023-04-11 05:30:00,6.78
2023-04-11 05:45:00,28.74
2023-04-11 06:00:00,79.86
2023-04-11 06:15:00,142.21
2023-04-11 06:30:00,217.34
2023-04-11 06:45:00,298.15
2023-04-11 07:00:00,360.18
2023-04-11 07:15:00,399.02
2023-04-11 07:30:00,431.8
2023-04-11 07:45:00,459.88
2023-04-11 08:00:00,485.95
2023-04-11 08:15:00,505.9
2023-04-11 08:30:00,521.32
2023-04-11 08:45:00,528.9
2023-04-11 09:00:00,528.9
2023-04-11 09:15:00,528.9
2023-04-11 09:30:00,528.9
2023-04-11 09:45:00,528.9
2023-04-11 10:00:00,528.9
2023-04-11 10:15:00,528.9
2023-04-11 10:30:00,528.9
2023-04-11 10:45:00,528.9
2023-04-11 11:00:00,528.9
2023-04-11 11:15:00,528.9
2023-04-11 11:30:00,528.9
2023-04-11 11:45:00,528.9
2023-04-11 12:00:00,528.9
2023-04-11 12:15:00,528.9
2023-04-11 12:30:00,528.9
2023-04-11 12:45:00,528.9
2023-04-11 13:00:00,528.9
2023-04-11 13:15:00,528.9
2023-04-11 13:30:00,528.9
2023-04-11 13:45:00,528.9
2023-04-11 14:00:00,528.9
2023-04-11 14:15:00,528.9
2023-04-11 14:30:00,528.9
2023-04-11 14:45:00,528.9
2023-04-11 15:00:00,523.27
2023-04-11 15:15:00,507.93
2023-04-11 15:30:00,487.94
2023-04-11 15:45:00,463.26
2023-04-11 16:00:00,433.37
2023-04-11 16:15:00,395.32
2023-04-11 16:30:00,353.98
2023-04-11 16:45:00,295.4
2023-04-11 17:00:00,209.25
2023-04-11 17:15:00,131.27
2023-04-11 17:30:00,61.51
2023-04-11 17:45:00,17.75
2023-04-11 18:00:00,0.85
2023-04-11 18:15:00,-0.0
2023-04-11 18:30:00,-0.0
2023-04-11 18:45:00,-0.0
2023-04-11 19:00:00,-0.0
2023-04-11 19:15:00,-0.0
2023-04-11 19:30:00,-0.0
2023-04-11 19:45:00,-0.0
2023-04-11 20:00:00,-0.0
2023-04-11 20:15:00,-0.0
2023-04-11 20:30:00,-0.0
2023-04-11 20:45:00,-0.0
2023-04-11 21:00:00,-0.0
2023-04-11 21:15:00,-0.0
2023-04-11 21:30:00,-0.0
2023-04-11 21:45:00,-0.0
2023-04-11 22:00:00,-0.0
2023-04-11 22:15:00,-0.0
2023-04-11 22:30:00,-0.0
2023-04-11 22:45:00,-0.0
2023-04-11 23:00:00,-0.0
2023-04-11 23:15:00,-0.0
2023-04-11 23:30:00,-0.0
2023-04-11 23:45:00,-0.0
2023-04-12 00:00:00,-0.0
2023-04-12 00:15:00,-0.0
2023-04-12 00:30:00,-0.0
2023-04-12 00:45:00,-0.0
2023-04-12 01:00:00,-0.0
2023-04-12 01:15:00,-0.0
2023-04-12 01:30:00,-0.0
2023-04-12 01:45:00,-0.0
2023-04-12 02:00:00,-0.0
2023-04-12 02:15:00,-0.0
2023-04-12 02:30:00,-0.0
2023-04-12 02:45:00,-0.0
2023-04-12 03:00:00,-0.0
2023-04-12 03:15:00,-0.0
2023-04-12 03:30:00,-0.0
2023-04-12 03:45:00,-0.0
2023-04-12 04:00:00,-0.0
2023-04-12 04:15:00,-0.0
2023-04-12 04:30:00,-0.0
2023-04-12 04:45:00,-0.0
2023-04-12 05:00:00,-0.0
2023-04-12 05:15:00,-0.0
2023-04-12 05:30:00,7.85
2023-04-12 05:45:00,35.22
2023-04-12 06:00:00,88.39
2023-04-12 06:15:00,153.98
2023-04-12 06:30:00,231.88
2023-04-12 06:45:00,314.07
2023-04-12 07:00:00,372.3
2023-04-12 07:15:00,409.38
2023-04-12 07:30:00,440.62
2023-04-12 07:45:00,467.35
2023-04-12 08:00:00,492.56
2023-04-12 08:15:00,511.19
2023-04-12 08:30:00,525.68
2023-04-12 08:45:00,528.9
2023-04-12 09:00:00,528.9
2023-04-12 09:15:00,528.9
2023-04-12 09:30:00,528.9
2023-04-12 09:45:00,528.9
2023-04-12 10:00:00,528.9
2023-04-12 10:15:00,528.9
2023-04-12 10:30:00,528.9
2023-04-12 10:45:00,528.9
2023-04-12 11:00:00,528.9
2023-04-12 11:15:00,528.9
2023-04-12 11:30:00,528.9
2023-04-12 11:45:00,528.9
2023-04-12 12:00:00,528.9
2023-04-12 12:15:00,528.9
2023-04-12 12:30:00,528.9
2023-04-12 12:45:00,528.9
2023-04-12 13:00:00,528.9
2023-04-12 13:15:00,528.9
2023-04-12 13:30:00,528.9
2023-04-12 13:45:00,528.9
2023-04-12 14:00:00,528.9
2023-04-12 14:15:00,528.9
2023-04-12 14:30:00,528.9
2023-04-12 14:45:00,528.82
2023-04-12 15:00:00,517.54
2023-04-12 15:15:00,501.74
2023-04-12 15:30:00,481.54
2023-04-12 15:45:00,456.72
2023-04-12 16:00:00,423.71
2023-04-12 16:15:00,389.26
2023-04-12 16:30:00,348.1
2023-04-12 16:45:00,291.85
2023-04-12 17:00:00,207.14
2023-04-12 17:15:00,130.49
2023-04-12 17:30:00,62.02
2023-04-12 17:45:00,17.23
2023-04-12 18:00:00,1.06
2023-04-12 18:15:00,-0.0
2023-04-12 18:30:00,-0.0
2023-04-12 18:45:00,-0.0
2023-04-12 19:00:00,-0.0
2023-04-12 19:15:00,-0.0
2023-04-12 19:30:00,-0.0
2023-04-12 19:45:00,-0.0
2023-04-12 20:00:00,-0.0
2023-04-12 20:15:00,-0.0
2023-04-12 20:30:00,-0.0
2023-04-12 20:45:00,-0.0
2023-04-12 21:00:00,-0.0
2023-04-12 21:15:00,-0.0
2023-04-12 21:30:00,-0.0
2023-04-12 21:45:00,-0.0
2023-04-12 22:00:00,-0.0
2023-04-12 22:15:00,-0.0
2023-04-12 22:30:00,-0.0
2023-04-12 22:45:00,-0.0
2023-04-12 23:00:00,-0.0
2023-04-12 23:15:00,-0.0
2023-04-12 23:30:00,-0.0
2023-04-12 23:45:00,-0.0
2023-04-13 00:00:00,-0.0
2023-04-13 00:15:00,-0.0
2023-04-13 00:30:00,-0.0
2023-04-13 00:45:00,-0.0
2023-04-13 01:00:00,-0.0
2023-04-13 01:15:00,-0.0
2023-04-13 01:30:00,-0.0
2023-04-13 01:45:00,-0.0
2023-04-13 02:00:00,-0.0
2023-04-13 02:15:00,-0.0
2023-04-13 02:30:00,-0.0
2023-04-13 02:45:00,-0.0
2023-04-13 03:00:00,-0.0
2023-04-13 03:15:00,-0.0
2023-04-13 03:30:00,-0.0
2023-04-13 03:45:00,-0.0
2023-04-13 04:00:00,-0.0
2023-04-13 04:15:00,-0.0
2023-04-13 04:30:00,-0.0
2023-04-13 04:45:00,-0.0
2023-04-13 05:00:00,-0.0
2023-04-13 05:15:00,-0.0
2023-04-13 05:30:00,8.43
2023-04-13 05:45:00,35.15
2023-04-13 06:00:00,83.41
2023-04-13 06:15:00,143.49
2023-04-13 06:30:00,212.78
2023-04-13 06:45:00,289.38
2023-04-13 07:00:00,351.52
2023-04-13 07:15:00,391.28
2023-04-13 07:30:00,425.37
2023-04-13 07:45:00,455.01
2023-04-13 08:00:00,480.05
2023-04-13 08:15:00,500.38
2023-04-13 08:30:00,519.14
2023-04-13 08:45:00,528.9
2023-04-13 09:00:00,528.9
2023-04-13 09:15:00,528.9
2023-04-13 09:30:00,528.9
2023-04-13 09:45:00,528.9
2023-04-13 10:00:00,528.9
2023-04-13 10:15:00,528.9
2023-04-13 10:30:00,528.9
2023-04-13 10:45:00,528.9
2023-04-13 11:00:00,528.9
2023-04-13 11:15:00,528.9
2023-04-13 11:30:00,527.88
2023-04-13 11:45:00,524.67
2023-04-13 12:00:00,511.96
2023-04-13 12:15:00,358.71
2023-04-13 12:30:00,349.9
2023-04-13 12:45:00,486.91
2023-04-13 13:00:00,511.58
2023-04-13 13:15:00,340.17
2023-04-13 13:30:00,467.83
2023-04-13 13:45:00,516.28
2023-04-13 14:00:00,510.97
2023-04-13 14:15:00,503.87
2023-04-13 14:30:00,494.05
2023-04-13 14:45:00,482.24
2023-04-13 15:00:00,464.51
2023-04-13 15:15:00,441.02
2023-04-13 15:30:00,412.82
2023-04-13 15:45:00,370.97
2023-04-13 16:00:00,333.59
2023-04-13 16:15:00,291.71
2023-04-13 16:30:00,244.97
2023-04-13 16:45:00,182.76
2023-04-13 17:00:00,120.61
2023-04-13 17:15:00,64.55
2023-04-13 17:30:00,21.36
2023-04-13 17:45:00,7.27
2023-04-13 18:00:00,0.75
2023-04-13 18:15:00,-0.0
2023-04-13 18:30:00,-0.0
2023-04-13 18:45:00,-0.0
2023-04-13 19:00:00,-0.0
2023-04-13 19:15:00,-0.0
2023-04-13 19:30:00,-0.0
2023-04-13 19:45:00,-0.0
2023-04-13 20:00:00,-0.0
2023-04-13 20:15:00,-0.0
2023-04-13 20:30:00,-0.0
2023-04-13 20:45:00,-0.0
2023-04-13 21:00:00,-0.0
2023-04-13 21:15:00,-0.0
2023-04-13 21:30:00,-0.0
2023-04-13 21:45:00,-0.0
2023-04-13 22:00:00,-0.0
2023-04-13 22:15:00,-0.0
2023-04-13 22:30:00,-0.0
2023-04-13 22:45:00,-0.0
2023-04-13 23:00:00,-0.0
2023-04-13 23:15:00,-0.0
2023-04-13 23:30:00,-0.0
2023-04-13 23:45:00,-0.0
2023-04-14 00:00:00,-0.0
2023-04-14 00:15:00,-0.0
2023-04-14 00:30:00,-0.0
2023-04-14 00:45:00,-0.0
2023-04-14 01:00:00,-0.0
2023-04-14 01:15:00,-0.0
2023-04-14 01:30:00,-0.0
2023-04-14 01:45:00,-0.0
2023-04-14 02:00:00,-0.0
2023-04-14 02:15:00,-0.0
2023-04-14 02:30:00,-0.0
2023-04-14 02:45:00,-0.0
2023-04-14 03:00:00,-0.0
2023-04-14 03:15:00,-0.0
2023-04-14 03:30:00,-0.0
2023-04-14 03:45:00,-0.0
2023-04-14 04:00:00,-0.0
2023-04-14 04:15:00,-0.0
2023-04-14 04:30:00,-0.0
2023-04-14 04:45:00,-0.0
2023-04-14 05:00:00,-0.0
2023-04-14 05:15:00,-0.0
2023-04-14 05:30:00,6.08
2023-04-14 05:45:00,21.01
2023-04-14 06:00:00,48.9
2023-04-14 06:15:00,171.79
2023-04-14 06:30:00,281.93
2023-04-14 06:45:00,374.1
2023-04-14 07:00:00,427.6
2023-04-14 07:15:00,463.22
2023-04-14 07:30:00,492.29
2023-04-14 07:45:00,516.52
2023-04-14 08:00:00,528.9
2023-04-14 08:15:00,528.9
2023-04-14 08:30:00,528.9
2023-04-14 08:45:00,528.9
2023-04-14 09:00:00,528.9
2023-04-14 09:15:00,528.9
2023-04-14 09:30:00,528.9
2023-04-14 09:45:00,528.9
2023-04-14 10:00:00,528.9
2023-04-14 10:15:00,528.9
2023-04-14 10:30:00,528.9
2023-04-14 10:45:00,528.9
2023-04-14 11:00:00,528.9
2023-04-14 11:15:00,528.9
2023-04-14 11:30:00,528.9
2023-04-14 11:45:00,528.9
2023-04-14 12:00:00,528.9
2023-04-14 12:15:00,528.9
2023-04-14 12:30:00,528.9
2023-04-14 12:45:00,528.9
2023-04-14 13:00:00,528.9
2023-04-14 13:15:00,412.24
2023-04-14 13:30:00,356.23
2023-04-14 13:45:00,517.58
2023-04-14 14:00:00,528.9
2023-04-14 14:15:00,335.82
2023-04-14 14:30:00,493.32
2023-04-14 14:45:00,528.9
2023-04-14 15:00:00,528.9
2023-04-14 15:15:00,528.9
2023-04-14 15:30:00,514.07
2023-04-14 15:45:00,479.52
2023-04-14 16:00:00,281.59
2023-04-14 16:15:00,272.42
2023-04-14 16:30:00,235.64
2023-04-14 16:45:00,212.23
2023-04-14 17:00:00,132.68
2023-04-14 17:15:00,85.86
2023-04-14 17:30:00,79.65
2023-04-14 17:45:00,29.89
2023-04-14 18:00:00,1.58
2023-04-14 18:15:00,-0.0
2023-04-14 18:30:00,-0.0
2023-04-14 18:45:00,-0.0
2023-04-14 19:00:00,-0.0
2023-04-14 19:15:00,-0.0
2023-04-14 19:30:00,-0.0
2023-04-14 19:45:00,-0.0
2023-04-14 20:00:00,-0.0
2023-04-14 20:15:00,-0.0
2023-04-14 20:30:00,-0.0
2023-04-14 20:45:00,-0.0
2023-04-14 21:00:00,-0.0
2023-04-14 21:15:00,-0.0
2023-04-14 21:30:00,-0.0
2023-04-14 21:45:00,-0.0
2023-04-14 22:00:00,-0.0
2023-04-14 22:15:00,-0.0
2023-04-14 22:30:00,-0.0
2023-04-14 22:45:00,-0.0
2023-04-14 23:00:00,-0.0
2023-04-14 23:15:00,-0.0
2023-04-14 23:30:00,-0.0
2023-04-14 23:45:00,-0.0
2023-04-15 00:00:00,-0.0
2023-04-15 00:15:00,-0.0
2023-04-15 00:30:00,-0.0
2023-04-15 00:45:00,-0.0
2023-04-15 01:00:00,-0.0
2023-04-15 01:15:00,-0.0
2023-04-15 01:30:00,-0.0
2023-04-15 01:45:00,-0.0
2023-04-15 02:00:00,-0.0
2023-04-15 02:15:00,-0.0
2023-04-15 02:30:00,-0.0
2023-04-15 02:45:00,-0.0
2023-04-15 03:00:00,-0.0
2023-04-15 03:15:00,-0.0
2023-04-15 03:30:00,-0.0
2023-04-15 03:45:00,-0.0
2023-04-15 04:00:00,-0.0
2023-04-15 04:15:00,-0.0
2023-04-15 04:30:00,-0.0
2023-04-15 04:45:00,-0.0
2023-04-15 05:00:00,-0.0
2023-04-15 05:15:00,-0.0
2023-04-15 05:30:00,9.83
2023-04-15 05:45:00,41.77
2023-04-15 06:00:00,116.66
2023-04-15 06:15:00,205.63
2023-04-15 06:30:00,292.26
2023-04-15 06:45:00,385.82
2023-04-15 07:00:00,434.06
2023-04-15 07:15:00,468.12
2023-04-15 07:30:00,495.89
2023-04-15 07:45:00,518.88
2023-04-15 08:00:00,528.9
2023-04-15 08:15:00,528.9
2023-04-15 08:30:00,528.9
2023-04-15 08:45:00,528.9
2023-04-15 09:00:00,528.9
2023-04-15 09:15:00,528.9
2023-04-15 09:30:00,528.9
2023-04-15 09:45:00,528.9
2023-04-15 10:00:00,528.9
2023-04-15 10:15:00,528.9
2023-04-15 10:30:00,528.9
2023-04-15 10:45:00,528.9
2023-04-15 11:00:00,528.9
2023-04-15 11:15:00,528.9
2023-04-15 11:30:00,528.9
2023-04-15 11:45:00,528.9
2023-04-15 12:00:00,528.9
2023-04-15 12:15:00,528.9
2023-04-15 12:30:00,528.9
2023-04-15 12:45:00,528.9
2023-04-15 13:00:00,528.9
2023-04-15 13:15:00,528.9
2023-04-15 13:30:00,528.9
2023-04-15 13:45:00,528.9
2023-04-15 14:00:00,528.9
2023-04-15 14:15:00,528.9
2023-04-15 14:30:00,528.9
2023-04-15 14:45:00,528.9
2023-04-15 15:00:00,528.9
2023-04-15 15:15:00,527.21
2023-04-15 15:30:00,510.51
2023-04-15 15:45:00,489.44
2023-04-15 16:00:00,463.39
2023-04-15 16:15:00,432.59
2023-04-15 16:30:00,395.0
2023-04-15 16:45:00,346.17
2023-04-15 17:00:00,254.47
2023-04-15 17:15:00,167.48
2023-04-15 17:30:00,91.1
2023-04-15 17:45:00,31.91
2023-04-15 18:00:00,1.85
2023-04-15 18:15:00,-0.0
2023-04-15 18:30:00,-0.0
2023-04-15 18:45:00,-0.0
2023-04-15 19:00:00,-0.0
2023-04-15 19:15:00,-0.0
2023-04-15 19:30:00,-0.0
2023-04-15 19:45:00,-0.0
2023-04-15 20:00:00,-0.0
2023-04-15 20:15:00,-0.0
2023-04-15 20:30:00,-0.0
2023-04-15 20:45:00,-0.0
2023-04-15 21:00:00,-0.0
2023-04-15 21:15:00,-0.0
2023-04-15 21:30:00,-0.0
2023-04-15 21:45:00,-0.0
2023-04-15 22:00:00,-0.0
2023-04-15 22:15:00,-0.0
2023-04-15 22:30:00,-0.0
2023-04-15 22:45:00,-0.0
2023-04-15 23:00:00,-0.0
2023-04-15 23:15:00,-0.0
2023-04-15 23:30:00,-0.0
2023-04-15 23:45:00,-0.0
2023-04-16 00:00:00,-0.0
2023-04-16 00:15:00,-0.0
2023-04-16 00:30:00,-0.0
2023-04-16 00:45:00,-0.0
2023-04-16 01:00:00,-0.0
2023-04-16 01:15:00,-0.0
2023-04-16 01:30:00,-0.0
2023-04-16 01:45:00,-0.0
2023-04-16 02:00:00,-0.0
2023-04-16 02:15:00,-0.0
2023-04-16 02:30:00,-0.0
2023-04-16 02:45:00,-0.0
2023-04-16 03:00:00,-0.0
2023-04-16 03:15:00,-0.0
2023-04-16 03:30:00,-0.0
2023-04-16 03:45:00,-0.0
2023-04-16 04:00:00,-0.0
2023-04-16 04:15:00,-0.0
2023-04-16 04:30:00,-0.0
2023-04-16 04:45:00,-0.0
2023-04-16 05:00:00,-0.0
2023-04-16 05:15:00,1.77
2023-04-16 05:30:00,13.52
2023-04-16 05:45:00,60.57
2023-04-16 06:00:00,129.69
2023-04-16 06:15:00,208.11
2023-04-16 06:30:00,290.95
2023-04-16 06:45:00,379.83
2023-04-16 07:00:00,421.23
2023-04-16 07:15:00,453.24
2023-04-16 07:30:00,479.6
2023-04-16 07:45:00,501.76
2023-04-16 08:00:00,519.63
2023-04-16 08:15:00,528.9
2023-04-16 08:30:00,528.9
2023-04-16 08:45:00,528.9
2023-04-16 09:00:00,528.9
2023-04-16 09:15:00,528.9
2023-04-16 09:30:00,528.9
2023-04-16 09:45:00,528.9
2023-04-16 10:00:00,528.9
2023-04-16 10:15:00,528.9
2023-04-16 10:30:00,528.9
2023-04-16 10:45:00,528.9
2023-04-16 11:00:00,528.9
2023-04-16 11:15:00,528.9
2023-04-16 11:30:00,528.9
2023-04-16 11:45:00,528.9
2023-04-16 12:00:00,528.9
2023-04-16 12:15:00,528.9
2023-04-16 12:30:00,528.9
2023-04-16 12:45:00,528.9
2023-04-16 13:00:00,528.9
2023-04-16 13:15:00,528.9
2023-04-16 13:30:00,528.9
2023-04-16 13:45:00,528.9
2023-04-16 14:00:00,528.9
2023-04-16 14:15:00,528.9
2023-04-16 14:30:00,528.9
2023-04-16 14:45:00,523.0
2023-04-16 15:00:00,509.63
2023-04-16 15:15:00,490.48
2023-04-16 15:30:00,463.13
2023-04-16 15:45:00,434.57
2023-04-16 16:00:00,400.49
2023-04-16 16:15:00,360.8
2023-04-16 16:30:00,314.26
2023-04-16 16:45:00,251.54
2023-04-16 17:00:00,174.04
2023-04-16 17:15:00,106.81
2023-04-16 17:30:00,50.31
2023-04-16 17:45:00,15.57
2023-04-16 18:00:00,1.76
2023-04-16 18:15:00,-0.0
2023-04-16 18:30:00,-0.0
2023-04-16 18:45:00,-0.0
2023-04-16 19:00:00,-0.0
2023-04-16 19:15:00,-0.0
2023-04-16 19:30:00,-0.0
2023-04-16 19:45:00,-0.0
2023-04-16 20:00:00,-0.0
2023-04-16 20:15:00,-0.0
2023-04-16 20:30:00,-0.0
2023-04-16 20:45:00,-0.0
2023-04-16 21:00:00,-0.0
2023-04-16 21:15:00,-0.0
2023-04-16 21:30:00,-0.0
2023-04-16 21:45:00,-0.0
2023-04-16 22:00:00,-0.0
2023-04-16 22:15:00,-0.0
2023-04-16 22:30:00,-0.0
2023-04-16 22:45:00,-0.0
2023-04-16 23:00:00,-0.0
2023-04-16 23:15:00,-0.0
2023-04-16 23:30:00,-0.0
2023-04-16 23:45:00,-0.0
2023-04-17 00:00:00,-0.0
2023-04-17 00:15:00,-0.0
2023-04-17 00:30:00,-0.0
2023-04-17 00:45:00,-0.0
2023-04-17 01:00:00,-0.0
2023-04-17 01:15:00,-0.0
2023-04-17 01:30:00,-0.0
2023-04-17 01:45:00,-0.0
2023-04-17 02:00:00,-0.0
2023-04-17 02:15:00,-0.0
2023-04-17 02:30:00,-0.0
2023-04-17 02:45:00,-0.0
2023-04-17 03:00:00,-0.0
2023-04-17 03:15:00,-0.0
2023-04-17 03:30:00,-0.0
2023-04-17 03:45:00,-0.0
2023-04-17 04:00:00,-0.0
2023-04-17 04:15:00,-0.0
2023-04-17 04:30:00,-0.0
2023-04-17 04:45:00,-0.0
2023-04-17 05:00:00,-0.0
2023-04-17 05:15:00,1.93
2023-04-17 05:30:00,11.37
2023-04-17 05:45:00,43.02
2023-04-17 06:00:00,102.74
2023-04-17 06:15:00,173.79
2023-04-17 06:30:00,253.4
2023-04-17 06:45:00,336.22
2023-04-17 07:00:00,379.1
2023-04-17 07:15:00,415.95
2023-04-17 07:30:00,446.94
2023-04-17 07:45:00,473.5
2023-04-17 08:00:00,497.66
2023-04-17 08:15:00,516.27
2023-04-17 08:30:00,528.9
2023-04-17 08:45:00,528.9
2023-04-17 09:00:00,528.9
2023-04-17 09:15:00,528.9
2023-04-17 09:30:00,528.9
2023-04-17 09:45:00,528.9
2023-04-17 10:00:00,528.9
2023-04-17 10:15:00,528.9
2023-04-17 10:30:00,528.9
2023-04-17 10:45:00,528.9
2023-04-17 11:00:00,528.9
2023-04-17 11:15:00,528.9
2023-04-17 11:30:00,528.9
2023-04-17 11:45:00,528.9
2023-04-17 12:00:00,528.9
2023-04-17 12:15:00,528.9
2023-04-17 12:30:00,528.9
2023-04-17 12:45:00,528.9
2023-04-17 13:00:00,528.9
2023-04-17 13:15:00,528.9
2023-04-17 13:30:00,528.9
2023-04-17 13:45:00,528.9
2023-04-17 14:00:00,528.9
2023-04-17 14:15:00,528.9
2023-04-17 14:30:00,528.9
2023-04-17 14:45:00,523.46
2023-04-17 15:00:00,510.5
2023-04-17 15:15:00,491.82
2023-04-17 15:30:00,465.85
2023-04-17 15:45:00,438.26
2023-04-17 16:00:00,405.45
2023-04-17 16:15:00,367.2
2023-04-17 16:30:00,322.39
2023-04-17 16:45:00,261.65
2023-04-17 17:00:00,182.89
2023-04-17 17:15:00,113.76
2023-04-17 17:30:00,54.59
2023-04-17 17:45:00,17.29
2023-04-17 18:00:00,2.09
2023-04-17 18:15:00,-0.0
2023-04-17 18:30:00,-0.0
2023-04-17 18:45:00,-0.0
2023-04-17 19:00:00,-0.0
2023-04-17 19:15:00,-0.0
2023-04-17 19:30:00,-0.0
2023-04-17 19:45:00,-0.0
2023-04-17 20:00:00,-0.0
2023-04-17 20:15:00,-0.0
2023-04-17 20:30:00,-0.0
2023-04-17 20:45:00,-0.0
2023-04-17 21:00:00,-0.0
2023-04-17 21:15:00,-0.0
2023-04-17 21:30:00,-0.0
2023-04-17 21:45:00,-0.0
2023-04-17 22:00:00,-0.0
2023-04-17 22:15:00,-0.0
2023-04-17 22:30:00,-0.0
2023-04-17 22:45:00,-0.0
2023-04-17 23:00:00,-0.0
2023-04-17 23:15:00,-0.0
2023-04-17 23:30:00,-0.0
2023-04-17 23:45:00,-0.0
2023-04-18 00:00:00,-0.0
2023-04-18 00:15:00,-0.0
2023-04-18 00:30:00,-0.0
2023-04-18 00:45:00,-0.0
2023-04-18 01:00:00,-0.0
2023-04-18 01:15:00,-0.0
2023-04-18 01:30:00,-0.0
2023-04-18 01:45:00,-0.0
2023-04-18 02:00:00,-0.0
2023-04-18 02:15:00,-0.0
2023-04-18 02:30:00,-0.0
2023-04-18 02:45:00,-0.0
2023-04-18 03:00:00,-0.0
2023-04-18 03:15:00,-0.0
2023-04-18 03:30:00,-0.0
2023-04-18 03:45:00,-0.0
2023-04-18 04:00:00,-0.0
2023-04-18 04:15:00,-0.0
2023-04-18 04:30:00,-0.0
2023-04-18 04:45:00,-0.0
2023-04-18 05:00:00,-0.0
2023-04-18 05:15:00,1.97
2023-04-18 05:30:00,9.66
2023-04-18 05:45:00,28.95
2023-04-18 06:00:00,36.84
2023-04-18 06:15:00,59.5
2023-04-18 06:30:00,202.59
2023-04-18 06:45:00,304.06
2023-04-18 07:00:00,353.62
2023-04-18 07:15:00,390.73
2023-04-18 07:30:00,423.16
2023-04-18 07:45:00,450.89
2023-04-18 08:00:00,474.16
2023-04-18 08:15:00,493.33
2023-04-18 08:30:00,508.41
2023-04-18 08:45:00,522.28
2023-04-18 09:00:00,528.77
2023-04-18 09:15:00,528.9
2023-04-18 09:30:00,528.9
2023-04-18 09:45:00,528.9
2023-04-18 10:00:00,528.9
2023-04-18 10:15:00,528.9
2023-04-18 10:30:00,528.9
2023-04-18 10:45:00,528.9
2023-04-18 11:00:00,528.9
2023-04-18 11:15:00,528.9
2023-04-18 11:30:00,528.9
2023-04-18 11:45:00,515.92
2023-04-18 12:00:00,369.38
2023-04-18 12:15:00,319.64
2023-04-18 12:30:00,320.83
2023-04-18 12:45:00,481.16
2023-04-18 13:00:00,528.9
2023-04-18 13:15:00,528.24
2023-04-18 13:30:00,526.17
2023-04-18 13:45:00,522.27
2023-04-18 14:00:00,517.6
2023-04-18 14:15:00,511.71
2023-04-18 14:30:00,501.46
2023-04-18 14:45:00,491.3
2023-04-18 15:00:00,476.69
2023-04-18 15:15:00,458.05
2023-04-18 15:30:00,435.29
2023-04-18 15:45:00,408.01
2023-04-18 16:00:00,376.05
2023-04-18 16:15:00,339.6
2023-04-18 16:30:00,287.98
2023-04-18 16:45:00,241.48
2023-04-18 17:00:00,170.5
2023-04-18 17:15:00,101.93
2023-04-18 17:30:00,52.39
2023-04-18 17:45:00,17.3
2023-04-18 18:00:00,2.3
2023-04-18 18:15:00,-0.0
2023-04-18 18:30:00,-0.0
2023-04-18 18:45:00,-0.0
2023-04-18 19:00:00,-0.0
2023-04-18 19:15:00,-0.0
2023-04-18 19:30:00,-0.0
2023-04-18 19:45:00,-0.0
2023-04-18 20:00:00,-0.0
2023-04-18 20:15:00,-0.0
2023-04-18 20:30:00,-0.0
2023-04-18 20:45:00,-0.0
2023-04-18 21:00:00,-0.0
2023-04-18 21:15:00,-0.0
2023-04-18 21:30:00,-0.0
2023-04-18 21:45:00,-0.0
2023-04-18 22:00:00,-0.0
2023-04-18 22:15:00,-0.0
2023-04-18 22:30:00,-0.0
2023-04-18 22:45:00,-0.0
2023-04-18 23:00:00,-0.0
2023-04-18 23:15:00,-0.0
2023-04-18 23:30:00,-0.0
2023-04-18 23:45:00,-0.0
2023-04-19 00:00:00,-0.0
2023-04-19 00:15:00,-0.0
2023-04-19 00:30:00,-0.0
2023-04-19 00:45:00,-0.0
2023-04-19 01:00:00,-0.0
2023-04-19 01:15:00,-0.0
2023-04-19 01:30:00,-0.0
2023-04-19 01:45:00,-0.0
2023-04-19 02:00:00,-0.0
2023-04-19 02:15:00,-0.0
2023-04-19 02:30:00,-0.0
2023-04-19 02:45:00,-0.0
2023-04-19 03:00:00,-0.0
2023-04-19 03:15:00,-0.0
2023-04-19 03:30:00,-0.0
2023-04-19 03:45:00,-0.0
2023-04-19 04:00:00,-0.0
2023-04-19 04:15:00,-0.0
2023-04-19 04:30:00,-0.0
2023-04-19 04:45:00,-0.0
2023-04-19 05:00:00,-0.0
2023-04-19 05:15:00,3.02
2023-04-19 05:30:00,13.52
2023-04-19 05:45:00,43.07
2023-04-19 06:00:00,83.68
2023-04-19 06:15:00,133.59
2023-04-19 06:30:00,192.16
2023-04-19 06:45:00,261.56
2023-04-19 07:00:00,303.07
2023-04-19 07:15:00,340.32
2023-04-19 07:30:00,373.83
2023-04-19 07:45:00,403.17
2023-04-19 08:00:00,428.59
2023-04-19 08:15:00,458.48
2023-04-19 08:30:00,476.63
2023-04-19 08:45:00,490.97
2023-04-19 09:00:00,501.92
2023-04-19 09:15:00,512.21
2023-04-19 09:30:00,519.53
2023-04-19 09:45:00,525.3
2023-04-19 10:00:00,519.8
2023-04-19 10:15:00,400.32
2023-04-19 10:30:00,495.77
2023-04-19 10:45:00,523.45
2023-04-19 11:00:00,380.51
2023-04-19 11:15:00,316.49
2023-04-19 11:30:00,481.05
2023-04-19 11:45:00,528.9
2023-04-19 12:00:00,522.6
2023-04-19 12:15:00,401.52
2023-04-19 12:30:00,490.97
2023-04-19 12:45:00,516.65
2023-04-19 13:00:00,383.89
2023-04-19 13:15:00,465.8
2023-04-19 13:30:00,328.78
2023-04-19 13:45:00,252.86
2023-04-19 14:00:00,110.93
2023-04-19 14:15:00,108.27
2023-04-19 14:30:00,364.4
2023-04-19 14:45:00,184.37
2023-04-19 15:00:00,86.74
2023-04-19 15:15:00,100.74
2023-04-19 15:30:00,127.2
2023-04-19 15:45:00,57.43
2023-04-19 16:00:00,57.36
2023-04-19 16:15:00,181.57
2023-04-19 16:30:00,56.71
2023-04-19 16:45:00,56.27
2023-04-19 17:00:00,82.77
2023-04-19 17:15:00,55.46
2023-04-19 17:30:00,26.35
2023-04-19 17:45:00,11.33
2023-04-19 18:00:00,1.9
2023-04-19 18:15:00,-0.0
2023-04-19 18:30:00,-0.0
2023-04-19 18:45:00,-0.0
2023-04-19 19:00:00,-0.0
2023-04-19 19:15:00,-0.0
2023-04-19 19:30:00,-0.0
2023-04-19 19:45:00,-0.0
2023-04-19 20:00:00,-0.0
2023-04-19 20:15:00,-0.0
2023-04-19 20:30:00,-0.0
2023-04-19 20:45:00,-0.0
2023-04-19 21:00:00,-0.0
2023-04-19 21:15:00,-0.0
2023-04-19 21:30:00,-0.0
2023-04-19 21:45:00,-0.0
2023-04-19 22:00:00,-0.0
2023-04-19 22:15:00,-0.0
2023-04-19 22:30:00,-0.0
2023-04-19 22:45:00,-0.0
2023-04-19 23:00:00,-0.0
2023-04-19 23:15:00,-0.0
2023-04-19 23:30:00,-0.0
2023-04-19 23:45:00,-0.0
2023-04-20 00:00:00,-0.0
2023-04-20 00:15:00,-0.0
2023-04-20 00:30:00,-0.0
2023-04-20 00:45:00,-0.0
2023-04-20 01:00:00,-0.0
2023-04-20 01:15:00,-0.0
2023-04-20 01:30:00,-0.0
2023-04-20 01:45:00,-0.0
2023-04-20 02:00:00,-0.0
2023-04-20 02:15:00,-0.0
2023-04-20 02:30:00,-0.0
2023-04-20 02:45:00,-0.0
2023-04-20 03:00:00,-0.0
2023-04-20 03:15:00,-0.0
2023-04-20 03:30:00,-0.0
2023-04-20 03:45:00,-0.0
2023-04-20 04:00:00,-0.0
2023-04-20 04:15:00,-0.0
2023-04-20 04:30:00,-0.0
2023-04-20 04:45:00,-0.0
2023-04-20 05:00:00,-0.0
2023-04-20 05:15:00,0.62
2023-04-20 05:30:00,2.58
2023-04-20 05:45:00,6.82
2023-04-20 06:00:00,9.76
2023-04-20 06:15:00,17.17
2023-04-20 06:30:00,28.11
2023-04-20 06:45:00,24.49
2023-04-20 07:00:00,127.79
2023-04-20 07:15:00,392.15
2023-04-20 07:30:00,479.17
2023-04-20 07:45:00,501.79
2023-04-20 08:00:00,520.3
2023-04-20 08:15:00,521.88
2023-04-20 08:30:00,350.82
2023-04-20 08:45:00,318.39
2023-04-20 09:00:00,344.47
2023-04-20 09:15:00,364.51
2023-04-20 09:30:00,388.94
2023-04-20 09:45:00,368.24
2023-04-20 10:00:00,375.17
2023-04-20 10:15:00,515.22
2023-04-20 10:30:00,528.9
2023-04-20 10:45:00,528.9
2023-04-20 11:00:00,528.9
2023-04-20 11:15:00,528.9
2023-04-20 11:30:00,528.9
2023-04-20 11:45:00,528.9
2023-04-20 12:00:00,528.9
2023-04-20 12:15:00,528.9
2023-04-20 12:30:00,528.9
2023-04-20 12:45:00,528.9
2023-04-20 13:00:00,528.9
2023-04-20 13:15:00,528.9
2023-04-20 13:30:00,528.9
2023-04-20 13:45:00,526.95
2023-04-20 14:00:00,520.9
2023-04-20 14:15:00,513.21
2023-04-20 14:30:00,501.26
2023-04-20 14:45:00,488.93
2023-04-20 15:00:00,472.06
2023-04-20 15:15:00,451.33
2023-04-20 15:30:00,426.15
2023-04-20 15:45:00,396.5
2023-04-20 16:00:00,352.49
2023-04-20 16:15:00,314.0
2023-04-20 16:30:00,271.15
2023-04-20 16:45:00,223.88
2023-04-20 17:00:00,150.51
2023-04-20 17:15:00,93.64
2023-04-20 17:30:00,49.15
2023-04-20 17:45:00,17.44
2023-04-20 18:00:00,2.77
2023-04-20 18:15:00,-0.0
2023-04-20 18:30:00,-0.0
2023-04-20 18:45:00,-0.0
2023-04-20 19:00:00,-0.0
2023-04-20 19:15:00,-0.0
2023-04-20 19:30:00,-0.0
2023-04-20 19:45:00,-0.0
2023-04-20 20:00:00,-0.0
2023-04-20 20:15:00,-0.0
2023-04-20 20:30:00,-0.0
2023-04-20 20:45:00,-0.0
2023-04-20 21:00:00,-0.0
2023-04-20 21:15:00,-0.0
2023-04-20 21:30:00,-0.0
2023-04-20 21:45:00,-0.0
2023-04-20 22:00:00,-0.0
2023-04-20 22:15:00,-0.0
2023-04-20 22:30:00,-0.0
2023-04-20 22:45:00,-0.0
2023-04-20 23:00:00,-0.0
2023-04-20 23:15:00,-0.0
2023-04-20 23:30:00,-0.0
2023-04-20 23:45:00,-0.0
2023-04-21 00:00:00,-0.0
2023-04-21 00:15:00,-0.0
2023-04-21 00:30:00,-0.0
2023-04-21 00:45:00,-0.0
2023-04-21 01:00:00,-0.0
2023-04-21 01:15:00,-0.0
2023-04-21 01:30:00,-0.0
2023-04-21 01:45:00,-0.0
2023-04-21 02:00:00,-0.0
2023-04-21 02:15:00,-0.0
2023-04-21 02:30:00,-0.0
2023-04-21 02:45:00,-0.0
2023-04-21 03:00:00,-0.0
2023-04-21 03:15:00,-0.0
2023-04-21 03:30:00,-0.0
2023-04-21 03:45:00,-0.0
2023-04-21 04:00:00,-0.0
2023-04-21 04:15:00,-0.0
2023-04-21 04:30:00,-0.0
2023-04-21 04:45:00,-0.0
2023-04-21 05:00:00,-0.0
2023-04-21 05:15:00,3.78
2023-04-21 05:30:00,14.17
2023-04-21 05:45:00,41.89
2023-04-21 06:00:00,75.96
2023-04-21 06:15:00,123.6
2023-04-21 06:30:00,175.92
2023-04-21 06:45:00,228.14
2023-04-21 07:00:00,265.57
2023-04-21 07:15:00,309.56
2023-04-21 07:30:00,341.49
2023-04-21 07:45:00,369.86
2023-04-21 08:00:00,394.79
2023-04-21 08:15:00,416.18
2023-04-21 08:30:00,434.11
2023-04-21 08:45:00,448.58
2023-04-21 09:00:00,466.88
2023-04-21 09:15:00,476.44
2023-04-21 09:30:00,483.48
2023-04-21 09:45:00,488.95
2023-04-21 10:00:00,493.83
2023-04-21 10:15:00,496.26
2023-04-21 10:30:00,498.04
2023-04-21 10:45:00,497.89
2023-04-21 11:00:00,497.8
2023-04-21 11:15:00,496.23
2023-04-21 11:30:00,495.04
2023-04-21 11:45:00,492.83
2023-04-21 12:00:00,493.47
2023-04-21 12:15:00,493.78
2023-04-21 12:30:00,492.93
2023-04-21 12:45:00,491.25
2023-04-21 13:00:00,489.39
2023-04-21 13:15:00,485.73
2023-04-21 13:30:00,480.76
2023-04-21 13:45:00,473.75
2023-04-21 14:00:00,465.55
2023-04-21 14:15:00,455.85
2023-04-21 14:30:00,435.84
2023-04-21 14:45:00,421.09
2023-04-21 15:00:00,402.46
2023-04-21 15:15:00,379.96
2023-04-21 15:30:00,353.9
2023-04-21 15:45:00,324.2
2023-04-21 16:00:00,291.05
2023-04-21 16:15:00,244.43
2023-04-21 16:30:00,205.87
2023-04-21 16:45:00,165.27
2023-04-21 17:00:00,115.87
2023-04-21 17:15:00,67.6
2023-04-21 17:30:00,36.29
2023-04-21 17:45:00,14.41
2023-04-21 18:00:00,2.72
2023-04-21 18:15:00,-0.0
2023-04-21 18:30:00,-0.0
2023-04-21 18:45:00,-0.0
2023-04-21 19:00:00,-0.0
2023-04-21 19:15:00,-0.0
2023-04-21 19:30:00,-0.0
2023-04-21 19:45:00,-0.0
2023-04-21 20:00:00,-0.0
2023-04-21 20:15:00,-0.0
2023-04-21 20:30:00,-0.0
2023-04-21 20:45:00,-0.0
2023-04-21 21:00:00,-0.0
2023-04-21 21:15:00,-0.0
2023-04-21 21:30:00,-0.0
2023-04-21 21:45:00,-0.0
2023-04-21 22:00:00,-0.0
2023-04-21 22:15:00,-0.0
2023-04-21 22:30:00,-0.0
2023-04-21 22:45:00,-0.0
2023-04-21 23:00:00,-0.0
2023-04-21 23:15:00,-0.0
2023-04-21 23:30:00,-0.0
2023-04-21 23:45:00,-0.0
2023-04-22 00:00:00,-0.0
2023-04-22 00:15:00,-0.0
2023-04-22 00:30:00,-0.0
2023-04-22 00:45:00,-0.0
2023-04-22 01:00:00,-0.0
2023-04-22 01:15:00,-0.0
2023-04-22 01:30:00,-0.0
2023-04-22 01:45:00,-0.0
2023-04-22 02:00:00,-0.0
2023-04-22 02:15:00,-0.0
2023-04-22 02:30:00,-0.0
2023-04-22 02:45:00,-0.0
2023-04-22 03:00:00,-0.0
2023-04-22 03:15:00,-0.0
2023-04-22 03:30:00,-0.0
2023-04-22 03:45:00,-0.0
2023-04-22 04:00:00,-0.0
2023-04-22 04:15:00,-0.0
2023-04-22 04:30:00,-0.0
2023-04-22 04:45:00,-0.0
2023-04-22 05:00:00,-0.0
2023-04-22 05:15:00,2.96
2023-04-22 05:30:00,9.35
2023-04-22 05:45:00,24.78
2023-04-22 06:00:00,52.89
2023-04-22 06:15:00,121.29
2023-04-22 06:30:00,185.47
2023-04-22 06:45:00,238.8
2023-04-22 07:00:00,287.05
2023-04-22 07:15:00,323.24
2023-04-22 07:30:00,356.08
2023-04-22 07:45:00,385.25
2023-04-22 08:00:00,410.79
2023-04-22 08:15:00,432.62
2023-04-22 08:30:00,459.27
2023-04-22 08:45:00,473.8
2023-04-22 09:00:00,484.96
2023-04-22 09:15:00,494.41
2023-04-22 09:30:00,501.4
2023-04-22 09:45:00,506.64
2023-04-22 10:00:00,511.58
2023-04-22 10:15:00,513.97
2023-04-22 10:30:00,515.61
2023-04-22 10:45:00,515.35
2023-04-22 11:00:00,515.5
2023-04-22 11:15:00,514.2
2023-04-22 11:30:00,513.23
2023-04-22 11:45:00,512.01
2023-04-22 12:00:00,513.36
2023-04-22 12:15:00,514.83
2023-04-22 12:30:00,515.37
2023-04-22 12:45:00,515.48
2023-04-22 13:00:00,515.91
2023-04-22 13:15:00,514.84
2023-04-22 13:30:00,512.93
2023-04-22 13:45:00,508.75
2023-04-22 14:00:00,504.25
2023-04-22 14:15:00,498.6
2023-04-22 14:30:00,490.59
2023-04-22 14:45:00,481.39
2023-04-22 15:00:00,467.39
2023-04-22 15:15:00,449.1
2023-04-22 15:30:00,426.83
2023-04-22 15:45:00,389.92
2023-04-22 16:00:00,223.41
2023-04-22 16:15:00,282.15
2023-04-22 16:30:00,195.9
2023-04-22 16:45:00,132.3
2023-04-22 17:00:00,105.39
2023-04-22 17:15:00,66.22
2023-04-22 17:30:00,38.85
2023-04-22 17:45:00,19.84
2023-04-22 18:00:00,3.74
2023-04-22 18:15:00,-0.0
2023-04-22 18:30:00,-0.0
2023-04-22 18:45:00,-0.0
2023-04-22 19:00:00,-0.0
2023-04-22 19:15:00,-0.0
2023-04-22 19:30:00,-0.0
2023-04-22 19:45:00,-0.0
2023-04-22 20:00:00,-0.0
2023-04-22 20:15:00,-0.0
2023-04-22 20:30:00,-0.0
2023-04-22 20:45:00,-0.0
2023-04-22 21:00:00,-0.0
2023-04-22 21:15:00,-0.0
2023-04-22 21:30:00,-0.0
2023-04-22 21:45:00,-0.0
2023-04-22 22:00:00,-0.0
2023-04-22 22:15:00,-0.0
2023-04-22 22:30:00,-0.0
2023-04-22 22:45:00,-0.0
2023-04-22 23:00:00,-0.0
2023-04-22 23:15:00,-0.0
2023-04-22 23:30:00,-0.0
2023-04-22 23:45:00,-0.0
2023-04-23 00:00:00,-0.0
2023-04-23 00:15:00,-0.0
2023-04-23 00:30:00,-0.0
2023-04-23 00:45:00,-0.0
2023-04-23 01:00:00,-0.0
2023-04-23 01:15:00,-0.0
2023-04-23 01:30:00,-0.0
2023-04-23 01:45:00,-0.0
2023-04-23 02:00:00,-0.0
2023-04-23 02:15:00,-0.0
2023-04-23 02:30:00,-0.0
2023-04-23 02:45:00,-0.0
2023-04-23 03:00:00,-0.0
2023-04-23 03:15:00,-0.0
2023-04-23 03:30:00,-0.0
2023-04-23 03:45:00,-0.0
2023-04-23 04:00:00,-0.0
2023-04-23 04:15:00,-0.0
2023-04-23 04:30:00,-0.0
2023-04-23 04:45:00,-0.0
2023-04-23 05:00:00,-0.0
2023-04-23 05:15:00,0.75
2023-04-23 05:30:00,2.38
2023-04-23 05:45:00,8.83
2023-04-23 06:00:00,93.09
2023-04-23 06:15:00,174.04
2023-04-23 06:30:00,242.09
2023-04-23 06:45:00,301.49
2023-04-23 07:00:00,340.62
2023-04-23 07:15:00,383.97
2023-04-23 07:30:00,414.98
2023-04-23 07:45:00,441.66
2023-04-23 08:00:00,464.29
2023-04-23 08:15:00,483.02
2023-04-23 08:30:00,497.96
2023-04-23 08:45:00,509.08
2023-04-23 09:00:00,516.63
2023-04-23 09:15:00,524.65
2023-04-23 09:30:00,528.9
2023-04-23 09:45:00,528.9
2023-04-23 10:00:00,528.9
2023-04-23 10:15:00,528.9
2023-04-23 10:30:00,528.9
2023-04-23 10:45:00,528.9
2023-04-23 11:00:00,528.9
2023-04-23 11:15:00,528.9
2023-04-23 11:30:00,528.9
2023-04-23 11:45:00,528.9
2023-04-23 12:00:00,528.9
2023-04-23 12:15:00,528.9
2023-04-23 12:30:00,528.9
2023-04-23 12:45:00,528.9
2023-04-23 13:00:00,528.9
2023-04-23 13:15:00,528.9
2023-04-23 13:30:00,528.9
2023-04-23 13:45:00,528.9
2023-04-23 14:00:00,527.63
2023-04-23 14:15:00,523.77
2023-04-23 14:30:00,517.55
2023-04-23 14:45:00,510.46
2023-04-23 15:00:00,497.08
2023-04-23 15:15:00,475.04
2023-04-23 15:30:00,452.01
2023-04-23 15:45:00,424.67
2023-04-23 16:00:00,392.56
2023-04-23 16:15:00,355.47
2023-04-23 16:30:00,313.55
2023-04-23 16:45:00,256.4
2023-04-23 17:00:00,188.22
2023-04-23 17:15:00,121.57
2023-04-23 17:30:00,62.93
2023-04-23 17:45:00,25.39
2023-04-23 18:00:00,4.15
2023-04-23 18:15:00,-0.0
2023-04-23 18:30:00,-0.0
2023-04-23 18:45:00,-0.0
2023-04-23 19:00:00,-0.0
2023-04-23 19:15:00,-0.0
2023-04-23 19:30:00,-0.0
2023-04-23 19:45:00,-0.0
2023-04-23 20:00:00,-0.0
2023-04-23 20:15:00,-0.0
2023-04-23 20:30:00,-0.0
2023-04-23 20:45:00,-0.0
2023-04-23 21:00:00,-0.0
2023-04-23 21:15:00,-0.0
2023-04-23 21:30:00,-0.0
2023-04-23 21:45:00,-0.0
2023-04-23 22:00:00,-0.0
2023-04-23 22:15:00,-0.0
2023-04-23 22:30:00,-0.0
2023-04-23 22:45:00,-0.0
2023-04-23 23:00:00,-0.0
2023-04-23 23:15:00,-0.0
2023-04-23 23:30:00,-0.0
2023-04-23 23:45:00,-0.0
2023-04-24 00:00:00,-0.0
2023-04-24 00:15:00,-0.0
2023-04-24 00:30:00,-0.0
2023-04-24 00:45:00,-0.0
2023-04-24 01:00:00,-0.0
2023-04-24 01:15:00,-0.0
2023-04-24 01:30:00,-0.0
2023-04-24 01:45:00,-0.0
2023-04-24 02:00:00,-0.0
2023-04-24 02:15:00,-0.0
2023-04-24 02:30:00,-0.0
2023-04-24 02:45:00,-0.0
2023-04-24 03:00:00,-0.0
2023-04-24 03:15:00,-0.0
2023-04-24 03:30:00,-0.0
2023-04-24 03:45:00,-0.0
2023-04-24 04:00:00,-0.0
2023-04-24 04:15:00,-0.0
2023-04-24 04:30:00,-0.0
2023-04-24 04:45:00,-0.0
2023-04-24 05:00:00,-0.0
2023-04-24 05:15:00,5.98
2023-04-24 05:30:00,22.25
2023-04-24 05:45:00,61.2
2023-04-24 06:00:00,108.66
2023-04-24 06:15:00,163.77
2023-04-24 06:30:00,108.42
2023-04-24 06:45:00,253.19
2023-04-24 07:00:00,332.97
2023-04-24 07:15:00,376.35
2023-04-24 07:30:00,407.92
2023-04-24 07:45:00,435.16
2023-04-24 08:00:00,458.42
2023-04-24 08:15:00,477.66
2023-04-24 08:30:00,493.03
2023-04-24 08:45:00,496.79
2023-04-24 09:00:00,399.65
2023-04-24 09:15:00,367.72
2023-04-24 09:30:00,380.61
2023-04-24 09:45:00,486.89
2023-04-24 10:00:00,399.63
2023-04-24 10:15:00,374.99
2023-04-24 10:30:00,375.37
2023-04-24 10:45:00,342.82
2023-04-24 11:00:00,333.06
2023-04-24 11:15:00,330.18
2023-04-24 11:30:00,333.17
2023-04-24 11:45:00,346.41
2023-04-24 12:00:00,347.85
2023-04-24 12:15:00,343.09
2023-04-24 12:30:00,327.46
2023-04-24 12:45:00,353.94
2023-04-24 13:00:00,336.39
2023-04-24 13:15:00,339.97
2023-04-24 13:30:00,294.67
2023-04-24 13:45:00,209.25
2023-04-24 14:00:00,209.6
2023-04-24 14:15:00,202.34
2023-04-24 14:30:00,193.94
2023-04-24 14:45:00,207.84
2023-04-24 15:00:00,173.95
2023-04-24 15:15:00,267.21
2023-04-24 15:30:00,205.77
2023-04-24 15:45:00,93.13
2023-04-24 16:00:00,65.31
2023-04-24 16:15:00,46.47
2023-04-24 16:30:00,111.66
2023-04-24 16:45:00,78.25
2023-04-24 17:00:00,79.27
2023-04-24 17:15:00,83.46
2023-04-24 17:30:00,58.12
2023-04-24 17:45:00,25.55
2023-04-24 18:00:00,4.37
2023-04-24 18:15:00,-0.0
2023-04-24 18:30:00,-0.0
2023-04-24 18:45:00,-0.0
2023-04-24 19:00:00,-0.0
2023-04-24 19:15:00,-0.0
2023-04-24 19:30:00,-0.0
2023-04-24 19:45:00,-0.0
2023-04-24 20:00:00,-0.0
2023-04-24 20:15:00,-0.0
2023-04-24 20:30:00,-0.0
2023-04-24 20:45:00,-0.0
2023-04-24 21:00:00,-0.0
2023-04-24 21:15:00,-0.0
2023-04-24 21:30:00,-0.0
2023-04-24 21:45:00,-0.0
2023-04-24 22:00:00,-0.0
2023-04-24 22:15:00,-0.0
2023-04-24 22:30:00,-0.0
2023-04-24 22:45:00,-0.0
2023-04-24 23:00:00,-0.0
2023-04-24 23:15:00,-0.0
2023-04-24 23:30:00,-0.0
2023-04-24 23:45:00,-0.0
2023-04-25 00:00:00,-0.0
2023-04-25 00:15:00,-0.0
2023-04-25 00:30:00,-0.0
2023-04-25 00:45:00,-0.0
2023-04-25 01:00:00,-0.0
2023-04-25 01:15:00,-0.0
2023-04-25 01:30:00,-0.0
2023-04-25 01:45:00,-0.0
2023-04-25 02:00:00,-0.0
2023-04-25 02:15:00,-0.0
2023-04-25 02:30:00,-0.0
2023-04-25 02:45:00,-0.0
2023-04-25 03:00:00,-0.0
2023-04-25 03:15:00,-0.0
2023-04-25 03:30:00,-0.0
2023-04-25 03:45:00,-0.0
2023-04-25 04:00:00,-0.0
2023-04-25 04:15:00,-0.0
2023-04-25 04:30:00,-0.0
2023-04-25 04:45:00,-0.0
2023-04-25 05:00:00,-0.0
2023-04-25 05:15:00,7.31
2023-04-25 05:30:00,32.66
2023-04-25 05:45:00,84.85
2023-04-25 06:00:00,152.75
2023-04-25 06:15:00,227.0
2023-04-25 06:30:00,307.91
2023-04-25 06:45:00,367.9
2023-04-25 07:00:00,405.01
2023-04-25 07:15:00,436.41
2023-04-25 07:30:00,467.11
2023-04-25 07:45:00,490.66
2023-04-25 08:00:00,509.71
2023-04-25 08:15:00,524.98
2023-04-25 08:30:00,528.9
2023-04-25 08:45:00,528.9
2023-04-25 09:00:00,528.9
2023-04-25 09:15:00,528.9
2023-04-25 09:30:00,528.9
2023-04-25 09:45:00,528.9
2023-04-25 10:00:00,528.9
2023-04-25 10:15:00,528.9
2023-04-25 10:30:00,528.9
2023-04-25 10:45:00,528.9
2023-04-25 11:00:00,528.9
2023-04-25 11:15:00,528.9
2023-04-25 11:30:00,528.9
2023-04-25 11:45:00,528.9
2023-04-25 12:00:00,528.9
2023-04-25 12:15:00,528.9
2023-04-25 12:30:00,528.9
2023-04-25 12:45:00,528.9
2023-04-25 13:00:00,528.9
2023-04-25 13:15:00,528.9
2023-04-25 13:30:00,528.9
2023-04-25 13:45:00,528.9
2023-04-25 14:00:00,528.9
2023-04-25 14:15:00,528.9
2023-04-25 14:30:00,528.9
2023-04-25 14:45:00,528.9
2023-04-25 15:00:00,528.9
2023-04-25 15:15:00,516.2
2023-04-25 15:30:00,498.71
2023-04-25 15:45:00,476.94
2023-04-25 16:00:00,450.56
2023-04-25 16:15:00,408.04
2023-04-25 16:30:00,240.07
2023-04-25 16:45:00,290.96
2023-04-25 17:00:00,155.98
2023-04-25 17:15:00,96.47
2023-04-25 17:30:00,91.08
2023-04-25 17:45:00,43.23
2023-04-25 18:00:00,6.44
2023-04-25 18:15:00,-0.0
2023-04-25 18:30:00,-0.0
2023-04-25 18:45:00,-0.0
2023-04-25 19:00:00,-0.0
2023-04-25 19:15:00,-0.0
2023-04-25 19:30:00,-0.0
2023-04-25 19:45:00,-0.0
2023-04-25 20:00:00,-0.0
2023-04-25 20:15:00,-0.0
2023-04-25 20:30:00,-0.0
2023-04-25 20:45:00,-0.0
2023-04-25 21:00:00,-0.0
2023-04-25 21:15:00,-0.0
2023-04-25 21:30:00,-0.0
2023-04-25 21:45:00,-0.0
2023-04-25 22:00:00,-0.0
2023-04-25 22:15:00,-0.0
2023-04-25 22:30:00,-0.0
2023-04-25 22:45:00,-0.0
2023-04-25 23:00:00,-0.0
2023-04-25 23:15:00,-0.0
2023-04-25 23:30:00,-0.0
2023-04-25 23:45:00,-0.0
2023-04-26 00:00:00,-0.0
2023-04-26 00:15:00,-0.0
2023-04-26 00:30:00,-0.0
2023-04-26 00:45:00,-0.0
2023-04-26 01:00:00,-0.0
2023-04-26 01:15:00,-0.0
2023-04-26 01:30:00,-0.0
2023-04-26 01:45:00,-0.0
2023-04-26 02:00:00,-0.0
2023-04-26 02:15:00,-0.0
2023-04-26 02:30:00,-0.0
2023-04-26 02:45:00,-0.0
2023-04-26 03:00:00,-0.0
2023-04-26 03:15:00,-0.0
2023-04-26 03:30:00,-0.0
2023-04-26 03:45:00,-0.0
2023-04-26 04:00:00,-0.0
2023-04-26 04:15:00,-0.0
2023-04-26 04:30:00,-0.0
2023-04-26 04:45:00,-0.0
2023-04-26 05:00:00,-0.0
2023-04-26 05:15:00,8.83
2023-04-26 05:30:00,43.8
2023-04-26 05:45:00,107.96
2023-04-26 06:00:00,183.85
2023-04-26 06:15:00,264.6
2023-04-26 06:30:00,351.59
2023-04-26 06:45:00,409.86
2023-04-26 07:00:00,445.07
2023-04-26 07:15:00,474.21
2023-04-26 07:30:00,499.13
2023-04-26 07:45:00,519.79
2023-04-26 08:00:00,528.9
2023-04-26 08:15:00,528.9
2023-04-26 08:30:00,528.9
2023-04-26 08:45:00,528.9
2023-04-26 09:00:00,528.9
2023-04-26 09:15:00,528.9
2023-04-26 09:30:00,528.9
2023-04-26 09:45:00,528.9
2023-04-26 10:00:00,528.9
2023-04-26 10:15:00,528.9
2023-04-26 10:30:00,528.9
2023-04-26 10:45:00,528.9
2023-04-26 11:00:00,528.9
2023-04-26 11:15:00,528.9
2023-04-26 11:30:00,528.9
2023-04-26 11:45:00,528.9
2023-04-26 12:00:00,528.9
2023-04-26 12:15:00,528.9
2023-04-26 12:30:00,528.9
2023-04-26 12:45:00,528.9
2023-04-26 13:00:00,528.9
2023-04-26 13:15:00,528.9
2023-04-26 13:30:00,528.9
2023-04-26 13:45:00,528.9
2023-04-26 14:00:00,528.9
2023-04-26 14:15:00,528.9
2023-04-26 14:30:00,528.9
2023-04-26 14:45:00,528.9
2023-04-26 15:00:00,528.9
2023-04-26 15:15:00,526.08
2023-04-26 15:30:00,509.75
2023-04-26 15:45:00,489.24
2023-04-26 16:00:00,464.45
2023-04-26 16:15:00,434.35
2023-04-26 16:30:00,398.97
2023-04-26 16:45:00,356.7
2023-04-26 17:00:00,280.86
2023-04-26 17:15:00,196.14
2023-04-26 17:30:00,119.09
2023-04-26 17:45:00,54.03
2023-04-26 18:00:00,8.57
2023-04-26 18:15:00,-0.0
2023-04-26 18:30:00,-0.0
2023-04-26 18:45:00,-0.0
2023-04-26 19:00:00,-0.0
2023-04-26 19:15:00,-0.0
2023-04-26 19:30:00,-0.0
2023-04-26 19:45:00,-0.0
2023-04-26 20:00:00,-0.0
2023-04-26 20:15:00,-0.0
2023-04-26 20:30:00,-0.0
2023-04-26 20:45:00,-0.0
2023-04-26 21:00:00,-0.0
2023-04-26 21:15:00,-0.0
2023-04-26 21:30:00,-0.0
2023-04-26 21:45:00,-0.0
2023-04-26 22:00:00,-0.0
2023-04-26 22:15:00,-0.0
2023-04-26 22:30:00,-0.0
2023-04-26 22:45:00,-0.0
2023-04-26 23:00:00,-0.0
2023-04-26 23:15:00,-0.0
2023-04-26 23:30:00,-0.0
2023-04-26 23:45:00,-0.0
2023-04-27 00:00:00,-0.0
2023-04-27 00:15:00,-0.0
2023-04-27 00:30:00,-0.0
2023-04-27 00:45:00,-0.0
2023-04-27 01:00:00,-0.0
2023-04-27 01:15:00,-0.0
2023-04-27 01:30:00,-0.0
2023-04-27 01:45:00,-0.0
2023-04-27 02:00:00,-0.0
2023-04-27 02:15:00,-0.0
2023-04-27 02:30:00,-0.0
2023-04-27 02:45:00,-0.0
2023-04-27 03:00:00,-0.0
2023-04-27 03:15:00,-0.0
2023-04-27 03:30:00,-0.0
2023-04-27 03:45:00,-0.0
2023-04-27 04:00:00,-0.0
2023-04-27 04:15:00,-0.0
2023-04-27 04:30:00,-0.0
2023-04-27 04:45:00,-0.0
2023-04-27 05:00:00,-0.0
2023-04-27 05:15:00,10.09
2023-04-27 05:30:00,49.7
2023-04-27 05:45:00,116.63
2023-04-27 06:00:00,195.93
2023-04-27 06:15:00,279.93
2023-04-27 06:30:00,370.89
2023-04-27 06:45:00,427.02
2023-04-27 07:00:00,461.91
2023-04-27 07:15:00,490.65
2023-04-27 07:30:00,514.95
2023-04-27 07:45:00,528.9
2023-04-27 08:00:00,528.9
2023-04-27 08:15:00,528.9
2023-04-27 08:30:00,528.9
2023-04-27 08:45:00,528.9
2023-04-27 09:00:00,528.9
2023-04-27 09:15:00,528.9
2023-04-27 09:30:00,528.9
2023-04-27 09:45:00,528.9
2023-04-27 10:00:00,528.9
2023-04-27 10:15:00,528.9
2023-04-27 10:30:00,528.9
2023-04-27 10:45:00,528.9
2023-04-27 11:00:00,528.9
2023-04-27 11:15:00,528.9
2023-04-27 11:30:00,528.9
2023-04-27 11:45:00,528.9
2023-04-27 12:00:00,528.9
2023-04-27 12:15:00,528.9
2023-04-27 12:30:00,528.9
2023-04-27 12:45:00,528.9
2023-04-27 13:00:00,528.9
2023-04-27 13:15:00,528.9
2023-04-27 13:30:00,528.9
2023-04-27 13:45:00,528.9
2023-04-27 14:00:00,528.9
2023-04-27 14:15:00,528.9
2023-04-27 14:30:00,528.9
2023-04-27 14:45:00,528.9
2023-04-27 15:00:00,528.9
2023-04-27 15:15:00,528.9
2023-04-27 15:30:00,523.98
2023-04-27 15:45:00,504.1
2023-04-27 16:00:00,479.66
2023-04-27 16:15:00,450.47
2023-04-27 16:30:00,416.03
2023-04-27 16:45:00,374.7
2023-04-27 17:00:00,301.82
2023-04-27 17:15:00,211.27
2023-04-27 17:30:00,131.14
2023-04-27 17:45:00,61.4
2023-04-27 18:00:00,10.99
2023-04-27 18:15:00,-0.0
2023-04-27 18:30:00,-0.0
2023-04-27 18:45:00,-0.0
2023-04-27 19:00:00,-0.0
2023-04-27 19:15:00,-0.0
2023-04-27 19:30:00,-0.0
2023-04-27 19:45:00,-0.0
2023-04-27 20:00:00,-0.0
2023-04-27 20:15:00,-0.0
2023-04-27 20:30:00,-0.0
2023-04-27 20:45:00,-0.0
2023-04-27 21:00:00,-0.0
2023-04-27 21:15:00,-0.0
2023-04-27 21:30:00,-0.0
2023-04-27 21:45:00,-0.0
2023-04-27 22:00:00,-0.0
2023-04-27 22:15:00,-0.0
2023-04-27 22:30:00,-0.0
2023-04-27 22:45:00,-0.0
2023-04-27 23:00:00,-0.0
2023-04-27 23:15:00,-0.0
2023-04-27 23:30:00,-0.0
2023-04-27 23:45:00,-0.0
2023-04-28 00:00:00,-0.0
2023-04-28 00:15:00,-0.0
2023-04-28 00:30:00,-0.0
2023-04-28 00:45:00,-0.0
2023-04-28 01:00:00,-0.0
2023-04-28 01:15:00,-0.0
2023-04-28 01:30:00,-0.0
2023-04-28 01:45:00,-0.0
2023-04-28 02:00:00,-0.0
2023-04-28 02:15:00,-0.0
2023-04-28 02:30:00,-0.0
2023-04-28 02:45:00,-0.0
2023-04-28 03:00:00,-0.0
2023-04-28 03:15:00,-0.0
2023-04-28 03:30:00,-0.0
2023-04-28 03:45:00,-0.0
2023-04-28 04:00:00,-0.0
2023-04-28 04:15:00,-0.0
2023-04-28 04:30:00,-0.0
2023-04-28 04:45:00,-0.0
2023-04-28 05:00:00,-0.0
2023-04-28 05:15:00,10.95
2023-04-28 05:30:00,52.39
2023-04-28 05:45:00,117.64
2023-04-28 06:00:00,195.14
2023-04-28 06:15:00,277.61
2023-04-28 06:30:00,366.51
2023-04-28 06:45:00,418.77
2023-04-28 07:00:00,453.61
2023-04-28 07:15:00,482.51
2023-04-28 07:30:00,507.03
2023-04-28 07:45:00,527.25
2023-04-28 08:00:00,528.9
2023-04-28 08:15:00,528.9
2023-04-28 08:30:00,528.9
2023-04-28 08:45:00,528.9
2023-04-28 09:00:00,528.9
2023-04-28 09:15:00,528.9
2023-04-28 09:30:00,528.9
2023-04-28 09:45:00,528.9
2023-04-28 10:00:00,528.9
2023-04-28 10:15:00,528.9
2023-04-28 10:30:00,528.9
2023-04-28 10:45:00,528.9
2023-04-28 11:00:00,528.9
2023-04-28 11:15:00,528.9
2023-04-28 11:30:00,528.9
2023-04-28 11:45:00,528.9
2023-04-28 12:00:00,528.9
2023-04-28 12:15:00,528.9
2023-04-28 12:30:00,528.9
2023-04-28 12:45:00,528.9
2023-04-28 13:00:00,528.9
2023-04-28 13:15:00,528.9
2023-04-28 13:30:00,528.9
2023-04-28 13:45:00,528.9
2023-04-28 14:00:00,528.9
2023-04-28 14:15:00,528.9
2023-04-28 14:30:00,528.9
2023-04-28 14:45:00,528.9
2023-04-28 15:00:00,528.9
2023-04-28 15:15:00,528.9
2023-04-28 15:30:00,524.53
2023-04-28 15:45:00,509.27
2023-04-28 16:00:00,486.66
2023-04-28 16:15:00,459.4
2023-04-28 16:30:00,427.14
2023-04-28 16:45:00,388.14
2023-04-28 17:00:00,318.06
2023-04-28 17:15:00,228.2
2023-04-28 17:30:00,144.82
2023-04-28 17:45:00,68.87
2023-04-28 18:00:00,14.66
2023-04-28 18:15:00,-0.0
2023-04-28 18:30:00,-0.0
2023-04-28 18:45:00,-0.0
2023-04-28 19:00:00,-0.0
2023-04-28 19:15:00,-0.0
2023-04-28 19:30:00,-0.0
2023-04-28 19:45:00,-0.0
2023-04-28 20:00:00,-0.0
2023-04-28 20:15:00,-0.0
2023-04-28 20:30:00,-0.0
2023-04-28 20:45:00,-0.0
2023-04-28 21:00:00,-0.0
2023-04-28 21:15:00,-0.0
2023-04-28 21:30:00,-0.0
2023-04-28 21:45:00,-0.0
2023-04-28 22:00:00,-0.0
2023-04-28 22:15:00,-0.0
2023-04-28 22:30:00,-0.0
2023-04-28 22:45:00,-0.0
2023-04-28 23:00:00,-0.0
2023-04-28 23:15:00,-0.0
2023-04-28 23:30:00,-0.0
2023-04-28 23:45:00,-0.0
2023-04-29 00:00:00,-0.0
2023-04-29 00:15:00,-0.0
2023-04-29 00:30:00,-0.0
2023-04-29 00:45:00,-0.0
2023-04-29 01:00:00,-0.0
2023-04-29 01:15:00,-0.0
2023-04-29 01:30:00,-0.0
2023-04-29 01:45:00,-0.0
2023-04-29 02:00:00,-0.0
2023-04-29 02:15:00,-0.0
2023-04-29 02:30:00,-0.0
2023-04-29 02:45:00,-0.0
2023-04-29 03:00:00,-0.0
2023-04-29 03:15:00,-0.0
2023-04-29 03:30:00,-0.0
2023-04-29 03:45:00,-0.0
2023-04-29 04:00:00,-0.0
2023-04-29 04:15:00,-0.0
2023-04-29 04:30:00,-0.0
2023-04-29 04:45:00,-0.0
2023-04-29 05:00:00,-0.0
2023-04-29 05:15:00,11.68
2023-04-29 05:30:00,53.5
2023-04-29 05:45:00,115.74
2023-04-29 06:00:00,189.87
2023-04-29 06:15:00,269.72
2023-04-29 06:30:00,354.59
2023-04-29 06:45:00,403.63
2023-04-29 07:00:00,438.28
2023-04-29 07:15:00,467.33
2023-04-29 07:30:00,492.17
2023-04-29 07:45:00,512.65
2023-04-29 08:00:00,528.9
2023-04-29 08:15:00,528.9
2023-04-29 08:30:00,528.9
2023-04-29 08:45:00,528.9
2023-04-29 09:00:00,528.9
2023-04-29 09:15:00,528.9
2023-04-29 09:30:00,528.9
2023-04-29 09:45:00,528.9
2023-04-29 10:00:00,528.9
2023-04-29 10:15:00,528.9
2023-04-29 10:30:00,528.9
2023-04-29 10:45:00,528.9
2023-04-29 11:00:00,528.9
2023-04-29 11:15:00,528.9
2023-04-29 11:30:00,528.9
2023-04-29 11:45:00,528.9
2023-04-29 12:00:00,528.9
2023-04-29 12:15:00,528.9
2023-04-29 12:30:00,528.9
2023-04-29 12:45:00,528.9
2023-04-29 13:00:00,528.9
2023-04-29 13:15:00,528.9
2023-04-29 13:30:00,528.9
2023-04-29 13:45:00,528.9
2023-04-29 14:00:00,528.9
2023-04-29 14:15:00,527.13
2023-04-29 14:30:00,518.19
2023-04-29 14:45:00,507.81
2023-04-29 15:00:00,491.45
2023-04-29 15:15:00,473.85
2023-04-29 15:30:00,452.25
2023-04-29 15:45:00,426.34
2023-04-29 16:00:00,385.1
2023-04-29 16:15:00,198.41
2023-04-29 16:30:00,128.3
2023-04-29 16:45:00,232.77
2023-04-29 17:00:00,207.38
2023-04-29 17:15:00,139.5
2023-04-29 17:30:00,77.61
2023-04-29 17:45:00,35.05
2023-04-29 18:00:00,7.9
2023-04-29 18:15:00,-0.0
2023-04-29 18:30:00,-0.0
2023-04-29 18:45:00,-0.0
2023-04-29 19:00:00,-0.0
2023-04-29 19:15:00,-0.0
2023-04-29 19:30:00,-0.0
2023-04-29 19:45:00,-0.0
2023-04-29 20:00:00,-0.0
2023-04-29 20:15:00,-0.0
2023-04-29 20:30:00,-0.0
2023-04-29 20:45:00,-0.0
2023-04-29 21:00:00,-0.0
2023-04-29 21:15:00,-0.0
2023-04-29 21:30:00,-0.0
2023-04-29 21:45:00,-0.0
2023-04-29 22:00:00,-0.0
2023-04-29 22:15:00,-0.0
2023-04-29 22:30:00,-0.0
2023-04-29 22:45:00,-0.0
2023-04-29 23:00:00,-0.0
2023-04-29 23:15:00,-0.0
2023-04-29 23:30:00,-0.0
2023-04-29 23:45:00,-0.0
2023-04-30 00:00:00,-0.0
2023-04-30 00:15:00,-0.0
2023-04-30 00:30:00,-0.0
2023-04-30 00:45:00,-0.0
2023-04-30 01:00:00,-0.0
2023-04-30 01:15:00,-0.0
2023-04-30 01:30:00,-0.0
2023-04-30 01:45:00,-0.0
2023-04-30 02:00:00,-0.0
2023-04-30 02:15:00,-0.0
2023-04-30 02:30:00,-0.0
2023-04-30 02:45:00,-0.0
2023-04-30 03:00:00,-0.0
2023-04-30 03:15:00,-0.0
2023-04-30 03:30:00,-0.0
2023-04-30 03:45:00,-0.0
2023-04-30 04:00:00,-0.0
2023-04-30 04:15:00,-0.0
2023-04-30 04:30:00,-0.0
2023-04-30 04:45:00,-0.0
2023-04-30 05:00:00,0.91
2023-04-30 05:15:00,5.38
2023-04-30 05:30:00,15.62
2023-04-30 05:45:00,29.3
2023-04-30 06:00:00,46.54
2023-04-30 06:15:00,33.07
2023-04-30 06:30:00,59.25
2023-04-30 06:45:00,93.38
2023-04-30 07:00:00,98.19
2023-04-30 07:15:00,146.49
2023-04-30 07:30:00,359.55
2023-04-30 07:45:00,448.17
2023-04-30 08:00:00,471.77
2023-04-30 08:15:00,491.28
2023-04-30 08:30:00,506.91
2023-04-30 08:45:00,520.34
2023-04-30 09:00:00,528.9
2023-04-30 09:15:00,528.9
2023-04-30 09:30:00,528.9
2023-04-30 09:45:00,528.9
2023-04-30 10:00:00,528.9
2023-04-30 10:15:00,528.9
2023-04-30 10:30:00,528.9
2023-04-30 10:45:00,528.9
2023-04-30 11:00:00,528.9
2023-04-30 11:15:00,528.9
2023-04-30 11:30:00,528.9
2023-04-30 11:45:00,528.9
2023-04-30 12:00:00,528.9
2023-04-30 12:15:00,528.9
2023-04-30 12:30:00,411.21
2023-04-30 12:45:00,492.96
2023-04-30 13:00:00,399.14
2023-04-30 13:15:00,500.58
2023-04-30 13:30:00,528.9
2023-04-30 13:45:00,528.9
2023-04-30 14:00:00,528.9
2023-04-30 14:15:00,528.9
2023-04-30 14:30:00,528.9
2023-04-30 14:45:00,524.99
2023-04-30 15:00:00,514.48
2023-04-30 15:15:00,497.48
2023-04-30 15:30:00,475.94
2023-04-30 15:45:00,438.19
2023-04-30 16:00:00,282.12
2023-04-30 16:15:00,199.03
2023-04-30 16:30:00,158.74
2023-04-30 16:45:00,136.03
2023-04-30 17:00:00,97.63
2023-04-30 17:15:00,62.12
2023-04-30 17:30:00,48.76
2023-04-30 17:45:00,29.27
2023-04-30 18:00:00,8.03
2023-04-30 18:15:00,-0.0
2023-04-30 18:30:00,-0.0
2023-04-30 18:45:00,-0.0
2023-04-30 19:00:00,-0.0
2023-04-30 19:15:00,-0.0
2023-04-30 19:30:00,-0.0
2023-04-30 19:45:00,-0.0
2023-04-30 20:00:00,-0.0
2023-04-30 20:15:00,-0.0
2023-04-30 20:30:00,-0.0
2023-04-30 20:45:00,-0.0
2023-04-30 21:00:00,-0.0
2023-04-30 21:15:00,-0.0
2023-04-30 21:30:00,-0.0
2023-04-30 21:45:00,-0.0
2023-04-30 22:00:00,-0.0
2023-04-30 22:15:00,-0.0
2023-04-30 22:30:00,-0.0
2023-04-30 22:45:00,-0.0
2023-04-30 23:00:00,-0.0
2023-04-30 23:15:00,-0.0
2023-04-30 23:30:00,-0.0
2023-04-30 23:45:00,-0.0
2023-05-01 00:00:00,-0.0
2023-05-01 00:15:00,-0.0
2023-05-01 00:30:00,-0.0
2023-05-01 00:45:00,-0.0
2023-05-01 01:00:00,-0.0
2023-05-01 01:15:00,-0.0
2023-05-01 01:30:00,-0.0
2023-05-01 01:45:00,-0.0
2023-05-01 02:00:00,-0.0
2023-05-01 02:15:00,-0.0
2023-05-01 02:30:00,-0.0
2023-05-01 02:45:00,-0.0
2023-05-01 03:00:00,-0.0
2023-05-01 03:15:00,-0.0
2023-05-01 03:30:00,-0.0
2023-05-01 03:45:00,-0.0
2023-05-01 04:00:00,-0.0
2023-05-01 04:15:00,-0.0
2023-05-01 04:30:00,-0.0
2023-05-01 04:45:00,-0.0
2023-05-01 05:00:00,-0.0
2023-05-01 05:15:00,1.3
2023-05-01 05:30:00,3.68
2023-05-01 05:45:00,10.7
2023-05-01 06:00:00,104.83
2023-05-01 06:15:00,145.05
2023-05-01 06:30:00,49.99
2023-05-01 06:45:00,30.34
2023-05-01 07:00:00,261.1
2023-05-01 07:15:00,118.05
2023-05-01 07:30:00,215.95
2023-05-01 07:45:00,86.87
2023-05-01 08:00:00,143.76
2023-05-01 08:15:00,221.21
2023-05-01 08:30:00,439.0
2023-05-01 08:45:00,374.31
2023-05-01 09:00:00,156.1
2023-05-01 09:15:00,82.75
2023-05-01 09:30:00,107.59
2023-05-01 09:45:00,94.34
2023-05-01 10:00:00,106.32
2023-05-01 10:15:00,418.89
2023-05-01 10:30:00,229.42
2023-05-01 10:45:00,171.07
2023-05-01 11:00:00,137.25
2023-05-01 11:15:00,192.41
2023-05-01 11:30:00,243.19
2023-05-01 11:45:00,187.17
2023-05-01 12:00:00,245.05
2023-05-01 12:15:00,149.98
2023-05-01 12:30:00,121.39
2023-05-01 12:45:00,157.3
2023-05-01 13:00:00,87.12
2023-05-01 13:15:00,72.88
2023-05-01 13:30:00,70.49
2023-05-01 13:45:00,147.15
2023-05-01 14:00:00,162.65
2023-05-01 14:15:00,159.38
2023-05-01 14:30:00,453.06
2023-05-01 14:45:00,528.9
2023-05-01 15:00:00,524.77
2023-05-01 15:15:00,510.21
2023-05-01 15:30:00,491.44
2023-05-01 15:45:00,468.44
2023-05-01 16:00:00,440.55
2023-05-01 16:15:00,390.2
2023-05-01 16:30:00,163.99
2023-05-01 16:45:00,61.91
2023-05-01 17:00:00,212.95
2023-05-01 17:15:00,180.57
2023-05-01 17:30:00,104.73
2023-05-01 17:45:00,49.22
2023-05-01 18:00:00,11.87
2023-05-01 18:15:00,0.59
2023-05-01 18:30:00,-0.0
2023-05-01 18:45:00,-0.0
2023-05-01 19:00:00,-0.0
2023-05-01 19:15:00,-0.0
2023-05-01 19:30:00,-0.0
2023-05-01 19:45:00,-0.0
2023-05-01 20:00:00,-0.0
2023-05-01 20:15:00,-0.0
2023-05-01 20:30:00,-0.0
2023-05-01 20:45:00,-0.0
2023-05-01 21:00:00,-0.0
2023-05-01 21:15:00,-0.0
2023-05-01 21:30:00,-0.0
2023-05-01 21:45:00,-0.0
2023-05-01 22:00:00,-0.0
2023-05-01 22:15:00,-0.0
2023-05-01 22:30:00,-0.0
2023-05-01 22:45:00,-0.0
2023-05-01 23:00:00,-0.0
2023-05-01 23:15:00,-0.0
2023-05-01 23:30:00,-0.0
2023-05-01 23:45:00,-0.0
2023-05-02 00:00:00,-0.0
2023-05-02 00:15:00,-0.0
2023-05-02 00:30:00,-0.0
2023-05-02 00:45:00,-0.0
2023-05-02 01:00:00,-0.0
2023-05-02 01:15:00,-0.0
2023-05-02 01:30:00,-0.0
2023-05-02 01:45:00,-0.0
2023-05-02 02:00:00,-0.0
2023-05-02 02:15:00,-0.0
2023-05-02 02:30:00,-0.0
2023-05-02 02:45:00,-0.0
2023-05-02 03:00:00,-0.0
2023-05-02 03:15:00,-0.0
2023-05-02 03:30:00,-0.0
2023-05-02 03:45:00,-0.0
2023-05-02 04:00:00,-0.0
2023-05-02 04:15:00,-0.0
2023-05-02 04:30:00,-0.0
2023-05-02 04:45:00,-0.0
2023-05-02 05:00:00,2.73
2023-05-02 05:15:00,17.51
2023-05-02 05:30:00,72.4
2023-05-02 05:45:00,149.02
2023-05-02 06:00:00,239.14
2023-05-02 06:15:00,330.01
2023-05-02 06:30:00,423.64
2023-05-02 06:45:00,461.61
2023-05-02 07:00:00,493.18
2023-05-02 07:15:00,515.4
2023-05-02 07:30:00,528.9
2023-05-02 07:45:00,528.9
2023-05-02 08:00:00,528.9
2023-05-02 08:15:00,528.9
2023-05-02 08:30:00,528.9
2023-05-02 08:45:00,528.9
2023-05-02 09:00:00,528.9
2023-05-02 09:15:00,528.9
2023-05-02 09:30:00,528.9
2023-05-02 09:45:00,528.9
2023-05-02 10:00:00,528.9
2023-05-02 10:15:00,528.9
2023-05-02 10:30:00,528.9
2023-05-02 10:45:00,528.9
2023-05-02 11:00:00,528.9
2023-05-02 11:15:00,528.9
2023-05-02 11:30:00,528.9
2023-05-02 11:45:00,457.67
2023-05-02 12:00:00,420.16
2023-05-02 12:15:00,528.9
2023-05-02 12:30:00,528.9
2023-05-02 12:45:00,528.9
2023-05-02 13:00:00,528.9
2023-05-02 13:15:00,528.9
2023-05-02 13:30:00,528.9
2023-05-02 13:45:00,528.9
2023-05-02 14:00:00,528.9
2023-05-02 14:15:00,528.9
2023-05-02 14:30:00,528.9
2023-05-02 14:45:00,528.9
2023-05-02 15:00:00,528.9
2023-05-02 15:15:00,528.9
2023-05-02 15:30:00,528.9
2023-05-02 15:45:00,526.08
2023-05-02 16:00:00,504.44
2023-05-02 16:15:00,478.47
2023-05-02 16:30:00,447.88
2023-05-02 16:45:00,410.95
2023-05-02 17:00:00,350.12
2023-05-02 17:15:00,257.91
2023-05-02 17:30:00,170.8
2023-05-02 17:45:00,89.98
2023-05-02 18:00:00,25.52
2023-05-02 18:15:00,0.91
2023-05-02 18:30:00,-0.0
2023-05-02 18:45:00,-0.0
2023-05-02 19:00:00,-0.0
2023-05-02 19:15:00,-0.0
2023-05-02 19:30:00,-0.0
2023-05-02 19:45:00,-0.0
2023-05-02 20:00:00,-0.0
2023-05-02 20:15:00,-0.0
2023-05-02 20:30:00,-0.0
2023-05-02 20:45:00,-0.0
2023-05-02 21:00:00,-0.0
2023-05-02 21:15:00,-0.0
2023-05-02 21:30:00,-0.0
2023-05-02 21:45:00,-0.0
2023-05-02 22:00:00,-0.0
2023-05-02 22:15:00,-0.0
2023-05-02 22:30:00,-0.0
2023-05-02 22:45:00,-0.0
2023-05-02 23:00:00,-0.0
2023-05-02 23:15:00,-0.0
2023-05-02 23:30:00,-0.0
2023-05-02 23:45:00,-0.0
2023-05-03 00:00:00,-0.0
2023-05-03 00:15:00,-0.0
2023-05-03 00:30:00,-0.0
2023-05-03 00:45:00,-0.0
2023-05-03 01:00:00,-0.0
2023-05-03 01:15:00,-0.0
2023-05-03 01:30:00,-0.0
2023-05-03 01:45:00,-0.0
2023-05-03 02:00:00,-0.0
2023-05-03 02:15:00,-0.0
2023-05-03 02:30:00,-0.0
2023-05-03 02:45:00,-0.0
2023-05-03 03:00:00,-0.0
2023-05-03 03:15:00,-0.0
2023-05-03 03:30:00,-0.0
2023-05-03 03:45:00,-0.0
2023-05-03 04:00:00,-0.0
2023-05-03 04:15:00,-0.0
2023-05-03 04:30:00,-0.0
2023-05-03 04:45:00,-0.0
2023-05-03 05:00:00,2.87
2023-05-03 05:15:00,15.03
2023-05-03 05:30:00,54.83
2023-05-03 05:45:00,107.15
2023-05-03 06:00:00,170.64
2023-05-03 06:15:00,247.58
2023-05-03 06:30:00,324.83
2023-05-03 06:45:00,366.49
2023-05-03 07:00:00,403.04
2023-05-03 07:15:00,434.32
2023-05-03 07:30:00,461.56
2023-05-03 07:45:00,484.7
2023-05-03 08:00:00,506.71
2023-05-03 08:15:00,522.68
2023-05-03 08:30:00,528.9
2023-05-03 08:45:00,528.9
2023-05-03 09:00:00,528.9
2023-05-03 09:15:00,528.9
2023-05-03 09:30:00,528.9
2023-05-03 09:45:00,528.9
2023-05-03 10:00:00,528.9
2023-05-03 10:15:00,528.9
2023-05-03 10:30:00,528.9
2023-05-03 10:45:00,528.9
2023-05-03 11:00:00,528.9
2023-05-03 11:15:00,528.9
2023-05-03 11:30:00,528.9
2023-05-03 11:45:00,528.9
2023-05-03 12:00:00,528.9
2023-05-03 12:15:00,528.9
2023-05-03 12:30:00,528.9
2023-05-03 12:45:00,528.9
2023-05-03 13:00:00,528.9
2023-05-03 13:15:00,528.9
2023-05-03 13:30:00,528.9
2023-05-03 13:45:00,528.9
2023-05-03 14:00:00,528.9
2023-05-03 14:15:00,528.9
2023-05-03 14:30:00,528.9
2023-05-03 14:45:00,528.9
2023-05-03 15:00:00,350.31
2023-05-03 15:15:00,272.74
2023-05-03 15:30:00,249.27
2023-05-03 15:45:00,240.4
2023-05-03 16:00:00,193.67
2023-05-03 16:15:00,172.63
2023-05-03 16:30:00,182.54
2023-05-03 16:45:00,154.06
2023-05-03 17:00:00,115.34
2023-05-03 17:15:00,99.59
2023-05-03 17:30:00,80.16
2023-05-03 17:45:00,54.15
2023-05-03 18:00:00,15.09
2023-05-03 18:15:00,0.92
2023-05-03 18:30:00,-0.0
2023-05-03 18:45:00,-0.0
2023-05-03 19:00:00,-0.0
2023-05-03 19:15:00,-0.0
2023-05-03 19:30:00,-0.0
2023-05-03 19:45:00,-0.0
2023-05-03 20:00:00,-0.0
2023-05-03 20:15:00,-0.0
2023-05-03 20:30:00,-0.0
2023-05-03 20:45:00,-0.0
2023-05-03 21:00:00,-0.0
2023-05-03 21:15:00,-0.0
2023-05-03 21:30:00,-0.0
2023-05-03 21:45:00,-0.0
2023-05-03 22:00:00,-0.0
2023-05-03 22:15:00,-0.0
2023-05-03 22:30:00,-0.0
2023-05-03 22:45:00,-0.0
2023-05-03 23:00:00,-0.0
2023-05-03 23:15:00,-0.0
2023-05-03 23:30:00,-0.0
2023-05-03 23:45:00,-0.0
2023-05-04 00:00:00,-0.0
2023-05-04 00:15:00,-0.0
2023-05-04 00:30:00,-0.0
2023-05-04 00:45:00,-0.0
2023-05-04 01:00:00,-0.0
2023-05-04 01:15:00,-0.0
2023-05-04 01:30:00,-0.0
2023-05-04 01:45:00,-0.0
2023-05-04 02:00:00,-0.0
2023-05-04 02:15:00,-0.0
2023-05-04 02:30:00,-0.0
2023-05-04 02:45:00,-0.0
2023-05-04 03:00:00,-0.0
2023-05-04 03:15:00,-0.0
2023-05-04 03:30:00,-0.0
2023-05-04 03:45:00,-0.0
2023-05-04 04:00:00,-0.0
2023-05-04 04:15:00,-0.0
2023-05-04 04:30:00,-0.0
2023-05-04 04:45:00,-0.0
2023-05-04 05:00:00,2.75
2023-05-04 05:15:00,11.62
2023-05-04 05:30:00,33.54
2023-05-04 05:45:00,46.43
2023-05-04 06:00:00,147.39
2023-05-04 06:15:00,227.99
2023-05-04 06:30:00,130.92
2023-05-04 06:45:00,86.8
2023-05-04 07:00:00,172.52
2023-05-04 07:15:00,379.13
2023-05-04 07:30:00,449.97
2023-05-04 07:45:00,472.99
2023-05-04 08:00:00,492.38
2023-05-04 08:15:00,510.75
2023-05-04 08:30:00,523.31
2023-05-04 08:45:00,528.9
2023-05-04 09:00:00,528.9
2023-05-04 09:15:00,528.9
2023-05-04 09:30:00,528.9
2023-05-04 09:45:00,528.9
2023-05-04 10:00:00,528.9
2023-05-04 10:15:00,528.9
2023-05-04 10:30:00,528.9
2023-05-04 10:45:00,528.9
2023-05-04 11:00:00,528.9
2023-05-04 11:15:00,528.9
2023-05-04 11:30:00,528.9
2023-05-04 11:45:00,528.9
2023-05-04 12:00:00,528.9
2023-05-04 12:15:00,528.04
2023-05-04 12:30:00,406.68
2023-05-04 12:45:00,483.2
2023-05-04 13:00:00,355.24
2023-05-04 13:15:00,360.58
2023-05-04 13:30:00,482.25
2023-05-04 13:45:00,394.26
2023-05-04 14:00:00,347.5
2023-05-04 14:15:00,356.26
2023-05-04 14:30:00,337.72
2023-05-04 14:45:00,274.65
2023-05-04 15:00:00,212.75
2023-05-04 15:15:00,114.61
2023-05-04 15:30:00,94.31
2023-05-04 15:45:00,159.48
2023-05-04 16:00:00,44.31
2023-05-04 16:15:00,18.5
2023-05-04 16:30:00,80.51
2023-05-04 16:45:00,82.82
2023-05-04 17:00:00,63.49
2023-05-04 17:15:00,49.79
2023-05-04 17:30:00,35.06
2023-05-04 17:45:00,25.62
2023-05-04 18:00:00,9.96
2023-05-04 18:15:00,0.97
2023-05-04 18:30:00,-0.0
2023-05-04 18:45:00,-0.0
2023-05-04 19:00:00,-0.0
2023-05-04 19:15:00,-0.0
2023-05-04 19:30:00,-0.0
2023-05-04 19:45:00,-0.0
2023-05-04 20:00:00,-0.0
2023-05-04 20:15:00,-0.0
2023-05-04 20:30:00,-0.0
2023-05-04 20:45:00,-0.0
2023-05-04 21:00:00,-0.0
2023-05-04 21:15:00,-0.0
2023-05-04 21:30:00,-0.0
2023-05-04 21:45:00,-0.0
2023-05-04 22:00:00,-0.0
2023-05-04 22:15:00,-0.0
2023-05-04 22:30:00,-0.0
2023-05-04 22:45:00,-0.0
2023-05-04 23:00:00,-0.0
2023-05-04 23:15:00,-0.0
2023-05-04 23:30:00,-0.0
2023-05-04 23:45:00,-0.0
2023-05-05 00:00:00,-0.0
2023-05-05 00:15:00,-0.0
2023-05-05 00:30:00,-0.0
2023-05-05 00:45:00,-0.0
2023-05-05 01:00:00,-0.0
2023-05-05 01:15:00,-0.0
2023-05-05 01:30:00,-0.0
2023-05-05 01:45:00,-0.0
2023-05-05 02:00:00,-0.0
2023-05-05 02:15:00,-0.0
2023-05-05 02:30:00,-0.0
2023-05-05 02:45:00,-0.0
2023-05-05 03:00:00,-0.0
2023-05-05 03:15:00,-0.0
2023-05-05 03:30:00,-0.0
2023-05-05 03:45:00,-0.0
2023-05-05 04:00:00,-0.0
2023-05-05 04:15:00,-0.0
2023-05-05 04:30:00,-0.0
2023-05-05 04:45:00,-0.0
2023-05-05 05:00:00,3.53
2023-05-05 05:15:00,14.04
2023-05-05 05:30:00,45.33
2023-05-05 05:45:00,84.61
2023-05-05 06:00:00,133.78
2023-05-05 06:15:00,196.99
2023-05-05 06:30:00,245.73
2023-05-05 06:45:00,124.62
2023-05-05 07:00:00,280.0
2023-05-05 07:15:00,365.5
2023-05-05 07:30:00,394.32
2023-05-05 07:45:00,428.67
2023-05-05 08:00:00,450.76
2023-05-05 08:15:00,469.32
2023-05-05 08:30:00,484.33
2023-05-05 08:45:00,495.24
2023-05-05 09:00:00,504.46
2023-05-05 09:15:00,511.01
2023-05-05 09:30:00,507.1
2023-05-05 09:45:00,403.01
2023-05-05 10:00:00,489.22
2023-05-05 10:15:00,525.0
2023-05-05 10:30:00,524.88
2023-05-05 10:45:00,524.82
2023-05-05 11:00:00,524.0
2023-05-05 11:15:00,521.41
2023-05-05 11:30:00,519.91
2023-05-05 11:45:00,518.01
2023-05-05 12:00:00,518.75
2023-05-05 12:15:00,519.83
2023-05-05 12:30:00,519.89
2023-05-05 12:45:00,509.33
2023-05-05 13:00:00,376.41
2023-05-05 13:15:00,338.57
2023-05-05 13:30:00,335.78
2023-05-05 13:45:00,467.71
2023-05-05 14:00:00,495.15
2023-05-05 14:15:00,398.01
2023-05-05 14:30:00,457.87
2023-05-05 14:45:00,474.69
2023-05-05 15:00:00,459.47
2023-05-05 15:15:00,439.12
2023-05-05 15:30:00,395.41
2023-05-05 15:45:00,243.01
2023-05-05 16:00:00,204.18
2023-05-05 16:15:00,156.02
2023-05-05 16:30:00,125.16
2023-05-05 16:45:00,90.57
2023-05-05 17:00:00,141.37
2023-05-05 17:15:00,67.43
2023-05-05 17:30:00,56.47
2023-05-05 17:45:00,32.02
2023-05-05 18:00:00,11.03
2023-05-05 18:15:00,1.16
2023-05-05 18:30:00,-0.0
2023-05-05 18:45:00,-0.0
2023-05-05 19:00:00,-0.0
2023-05-05 19:15:00,-0.0
2023-05-05 19:30:00,-0.0
2023-05-05 19:45:00,-0.0
2023-05-05 20:00:00,-0.0
2023-05-05 20:15:00,-0.0
2023-05-05 20:30:00,-0.0
2023-05-05 20:45:00,-0.0
2023-05-05 21:00:00,-0.0
2023-05-05 21:15:00,-0.0
2023-05-05 21:30:00,-0.0
2023-05-05 21:45:00,-0.0
2023-05-05 22:00:00,-0.0
2023-05-05 22:15:00,-0.0
2023-05-05 22:30:00,-0.0
2023-05-05 22:45:00,-0.0
2023-05-05 23:00:00,-0.0
2023-05-05 23:15:00,-0.0
2023-05-05 23:30:00,-0.0
2023-05-05 23:45:00,-0.0
2023-05-06 00:00:00,-0.0
2023-05-06 00:15:00,-0.0
2023-05-06 00:30:00,-0.0
2023-05-06 00:45:00,-0.0
2023-05-06 01:00:00,-0.0
2023-05-06 01:15:00,-0.0
2023-05-06 01:30:00,-0.0
2023-05-06 01:45:00,-0.0
2023-05-06 02:00:00,-0.0
2023-05-06 02:15:00,-0.0
2023-05-06 02:30:00,-0.0
2023-05-06 02:45:00,-0.0
2023-05-06 03:00:00,-0.0
2023-05-06 03:15:00,-0.0
2023-05-06 03:30:00,-0.0
2023-05-06 03:45:00,-0.0
2023-05-06 04:00:00,-0.0
2023-05-06 04:15:00,-0.0
2023-05-06 04:30:00,-0.0
2023-05-06 04:45:00,-0.0
2023-05-06 05:00:00,0.61
2023-05-06 05:15:00,2.08
2023-05-06 05:30:00,5.32
2023-05-06 05:45:00,9.35
2023-05-06 06:00:00,42.58
2023-05-06 06:15:00,22.03
2023-05-06 06:30:00,13.76
2023-05-06 06:45:00,23.44
2023-05-06 07:00:00,28.0
2023-05-06 07:15:00,44.73
2023-05-06 07:30:00,106.85
2023-05-06 07:45:00,230.82
2023-05-06 08:00:00,233.72
2023-05-06 08:15:00,232.44
2023-05-06 08:30:00,274.19
2023-05-06 08:45:00,332.8
2023-05-06 09:00:00,353.34
2023-05-06 09:15:00,347.9
2023-05-06 09:30:00,329.31
2023-05-06 09:45:00,327.96
2023-05-06 10:00:00,311.78
2023-05-06 10:15:00,292.27
2023-05-06 10:30:00,328.7
2023-05-06 10:45:00,327.71
2023-05-06 11:00:00,325.54
2023-05-06 11:15:00,343.87
2023-05-06 11:30:00,341.15
2023-05-06 11:45:00,348.16
2023-05-06 12:00:00,348.13
2023-05-06 12:15:00,342.14
2023-05-06 12:30:00,340.71
2023-05-06 12:45:00,333.5
2023-05-06 13:00:00,322.88
2023-05-06 13:15:00,307.5
2023-05-06 13:30:00,322.71
2023-05-06 13:45:00,446.35
2023-05-06 14:00:00,367.07
2023-05-06 14:15:00,437.1
2023-05-06 14:30:00,454.3
2023-05-06 14:45:00,328.39
2023-05-06 15:00:00,251.13
2023-05-06 15:15:00,227.01
2023-05-06 15:30:00,177.41
2023-05-06 15:45:00,148.68
2023-05-06 16:00:00,96.35
2023-05-06 16:15:00,63.02
2023-05-06 16:30:00,52.22
2023-05-06 16:45:00,73.84
2023-05-06 17:00:00,70.47
2023-05-06 17:15:00,50.11
2023-05-06 17:30:00,36.73
2023-05-06 17:45:00,27.74
2023-05-06 18:00:00,10.77
2023-05-06 18:15:00,1.29
2023-05-06 18:30:00,-0.0
2023-05-06 18:45:00,-0.0
2023-05-06 19:00:00,-0.0
2023-05-06 19:15:00,-0.0
2023-05-06 19:30:00,-0.0
2023-05-06 19:45:00,-0.0
2023-05-06 20:00:00,-0.0
2023-05-06 20:15:00,-0.0
2023-05-06 20:30:00,-0.0
2023-05-06 20:45:00,-0.0
2023-05-06 21:00:00,-0.0
2023-05-06 21:15:00,-0.0
2023-05-06 21:30:00,-0.0
2023-05-06 21:45:00,-0.0
2023-05-06 22:00:00,-0.0
2023-05-06 22:15:00,-0.0
2023-05-06 22:30:00,-0.0
2023-05-06 22:45:00,-0.0
2023-05-06 23:00:00,-0.0
2023-05-06 23:15:00,-0.0
2023-05-06 23:30:00,-0.0
2023-05-06 23:45:00,-0.0
2023-05-07 00:00:00,-0.0
2023-05-07 00:15:00,-0.0
2023-05-07 00:30:00,-0.0
2023-05-07 00:45:00,-0.0
2023-05-07 01:00:00,-0.0
2023-05-07 01:15:00,-0.0
2023-05-07 01:30:00,-0.0
2023-05-07 01:45:00,-0.0
2023-05-07 02:00:00,-0.0
2023-05-07 02:15:00,-0.0
2023-05-07 02:30:00,-0.0
2023-05-07 02:45:00,-0.0
2023-05-07 03:00:00,-0.0
2023-05-07 03:15:00,-0.0
2023-05-07 03:30:00,-0.0
2023-05-07 03:45:00,-0.0
2023-05-07 04:00:00,-0.0
2023-05-07 04:15:00,-0.0
2023-05-07 04:30:00,-0.0
2023-05-07 04:45:00,-0.0
2023-05-07 05:00:00,0.57
2023-05-07 05:15:00,1.88
2023-05-07 05:30:00,5.47
2023-05-07 05:45:00,22.26
2023-05-07 06:00:00,36.53
2023-05-07 06:15:00,56.42
2023-05-07 06:30:00,186.48
2023-05-07 06:45:00,103.06
2023-05-07 07:00:00,138.32
2023-05-07 07:15:00,160.2
2023-05-07 07:30:00,206.78
2023-05-07 07:45:00,360.27
2023-05-07 08:00:00,278.06
2023-05-07 08:15:00,278.56
2023-05-07 08:30:00,306.0
2023-05-07 08:45:00,302.3
2023-05-07 09:00:00,295.78
2023-05-07 09:15:00,354.88
2023-05-07 09:30:00,350.36
2023-05-07 09:45:00,307.03
2023-05-07 10:00:00,317.43
2023-05-07 10:15:00,320.62
2023-05-07 10:30:00,288.47
2023-05-07 10:45:00,225.16
2023-05-07 11:00:00,208.42
2023-05-07 11:15:00,284.23
2023-05-07 11:30:00,316.5
2023-05-07 11:45:00,327.23
2023-05-07 12:00:00,333.22
2023-05-07 12:15:00,356.0
2023-05-07 12:30:00,348.93
2023-05-07 12:45:00,247.78
2023-05-07 13:00:00,190.5
2023-05-07 13:15:00,134.33
2023-05-07 13:30:00,160.72
2023-05-07 13:45:00,256.12
2023-05-07 14:00:00,204.71
2023-05-07 14:15:00,164.73
2023-05-07 14:30:00,182.88
2023-05-07 14:45:00,164.36
2023-05-07 15:00:00,194.92
2023-05-07 15:15:00,60.84
2023-05-07 15:30:00,70.64
2023-05-07 15:45:00,53.38
2023-05-07 16:00:00,73.41
2023-05-07 16:15:00,65.08
2023-05-07 16:30:00,23.69
2023-05-07 16:45:00,14.95
2023-05-07 17:00:00,62.84
2023-05-07 17:15:00,45.54
2023-05-07 17:30:00,40.14
2023-05-07 17:45:00,23.83
2023-05-07 18:00:00,3.91
2023-05-07 18:15:00,-0.0
2023-05-07 18:30:00,-0.0
2023-05-07 18:45:00,-0.0
2023-05-07 19:00:00,-0.0
2023-05-07 19:15:00,-0.0
2023-05-07 19:30:00,-0.0
2023-05-07 19:45:00,-0.0
2023-05-07 20:00:00,-0.0
2023-05-07 20:15:00,-0.0
2023-05-07 20:30:00,-0.0
2023-05-07 20:45:00,-0.0
2023-05-07 21:00:00,-0.0
2023-05-07 21:15:00,-0.0
2023-05-07 21:30:00,-0.0
2023-05-07 21:45:00,-0.0
2023-05-07 22:00:00,-0.0
2023-05-07 22:15:00,-0.0
2023-05-07 22:30:00,-0.0
2023-05-07 22:45:00,-0.0
2023-05-07 23:00:00,-0.0
2023-05-07 23:15:00,-0.0
2023-05-07 23:30:00,-0.0
2023-05-07 23:45:00,-0.0
2023-05-08 00:00:00,-0.0
2023-05-08 00:15:00,-0.0
2023-05-08 00:30:00,-0.0
2023-05-08 00:45:00,-0.0
2023-05-08 01:00:00,-0.0
2023-05-08 01:15:00,-0.0
2023-05-08 01:30:00,-0.0
2023-05-08 01:45:00,-0.0
2023-05-08 02:00:00,-0.0
2023-05-08 02:15:00,-0.0
2023-05-08 02:30:00,-0.0
2023-05-08 02:45:00,-0.0
2023-05-08 03:00:00,-0.0
2023-05-08 03:15:00,-0.0
2023-05-08 03:30:00,-0.0
2023-05-08 03:45:00,-0.0
2023-05-08 04:00:00,-0.0
2023-05-08 04:15:00,-0.0
2023-05-08 04:30:00,-0.0
2023-05-08 04:45:00,-0.0
2023-05-08 05:00:00,5.44
2023-05-08 05:15:00,23.03
2023-05-08 05:30:00,73.63
2023-05-08 05:45:00,138.06
2023-05-08 06:00:00,209.37
2023-05-08 06:15:00,284.73
2023-05-08 06:30:00,349.52
2023-05-08 06:45:00,384.99
2023-05-08 07:00:00,415.86
2023-05-08 07:15:00,442.78
2023-05-08 07:30:00,465.84
2023-05-08 07:45:00,485.53
2023-05-08 08:00:00,501.48
2023-05-08 08:15:00,516.8
2023-05-08 08:30:00,527.2
2023-05-08 08:45:00,528.9
2023-05-08 09:00:00,528.9
2023-05-08 09:15:00,528.9
2023-05-08 09:30:00,528.9
2023-05-08 09:45:00,528.9
2023-05-08 10:00:00,528.9
2023-05-08 10:15:00,528.9
2023-05-08 10:30:00,528.9
2023-05-08 10:45:00,528.9
2023-05-08 11:00:00,528.9
2023-05-08 11:15:00,528.85
2023-05-08 11:30:00,525.64
2023-05-08 11:45:00,521.96
2023-05-08 12:00:00,518.92
2023-05-08 12:15:00,514.47
2023-05-08 12:30:00,508.48
2023-05-08 12:45:00,501.41
2023-05-08 13:00:00,493.42
2023-05-08 13:15:00,483.14
2023-05-08 13:30:00,467.85
2023-05-08 13:45:00,452.61
2023-05-08 14:00:00,435.86
2023-05-08 14:15:00,416.27
2023-05-08 14:30:00,393.95
2023-05-08 14:45:00,360.69
2023-05-08 15:00:00,336.99
2023-05-08 15:15:00,312.98
2023-05-08 15:30:00,286.44
2023-05-08 15:45:00,257.5
2023-05-08 16:00:00,216.45
2023-05-08 16:15:00,184.5
2023-05-08 16:30:00,152.19
2023-05-08 16:45:00,120.36
2023-05-08 17:00:00,90.05
2023-05-08 17:15:00,56.28
2023-05-08 17:30:00,35.66
2023-05-08 17:45:00,20.0
2023-05-08 18:00:00,8.71
2023-05-08 18:15:00,1.28
2023-05-08 18:30:00,-0.0
2023-05-08 18:45:00,-0.0
2023-05-08 19:00:00,-0.0
2023-05-08 19:15:00,-0.0
2023-05-08 19:30:00,-0.0
2023-05-08 19:45:00,-0.0
2023-05-08 20:00:00,-0.0
2023-05-08 20:15:00,-0.0
2023-05-08 20:30:00,-0.0
2023-05-08 20:45:00,-0.0
2023-05-08 21:00:00,-0.0
2023-05-08 21:15:00,-0.0
2023-05-08 21:30:00,-0.0
2023-05-08 21:45:00,-0.0
2023-05-08 22:00:00,-0.0
2023-05-08 22:15:00,-0.0
2023-05-08 22:30:00,-0.0
2023-05-08 22:45:00,-0.0
2023-05-08 23:00:00,-0.0
2023-05-08 23:15:00,-0.0
2023-05-08 23:30:00,-0.0
2023-05-08 23:45:00,-0.0
2023-05-09 00:00:00,-0.0
2023-05-09 00:15:00,-0.0
2023-05-09 00:30:00,-0.0
2023-05-09 00:45:00,-0.0
2023-05-09 01:00:00,-0.0
2023-05-09 01:15:00,-0.0
2023-05-09 01:30:00,-0.0
2023-05-09 01:45:00,-0.0
2023-05-09 02:00:00,-0.0
2023-05-09 02:15:00,-0.0
2023-05-09 02:30:00,-0.0
2023-05-09 02:45:00,-0.0
2023-05-09 03:00:00,-0.0
2023-05-09 03:15:00,-0.0
2023-05-09 03:30:00,-0.0
2023-05-09 03:45:00,-0.0
2023-05-09 04:00:00,-0.0
2023-05-09 04:15:00,-0.0
2023-05-09 04:30:00,-0.0
2023-05-09 04:45:00,-0.0
2023-05-09 05:00:00,5.8
2023-05-09 05:15:00,24.1
2023-05-09 05:30:00,74.91
2023-05-09 05:45:00,140.67
2023-05-09 06:00:00,215.65
2023-05-09 06:15:00,297.99
2023-05-09 06:30:00,368.69
2023-05-09 06:45:00,409.69
2023-05-09 07:00:00,448.02
2023-05-09 07:15:00,479.34
2023-05-09 07:30:00,505.57
2023-05-09 07:45:00,527.28
2023-05-09 08:00:00,528.9
2023-05-09 08:15:00,528.9
2023-05-09 08:30:00,528.9
2023-05-09 08:45:00,528.9
2023-05-09 09:00:00,528.9
2023-05-09 09:15:00,528.9
2023-05-09 09:30:00,528.9
2023-05-09 09:45:00,528.9
2023-05-09 10:00:00,528.9
2023-05-09 10:15:00,528.9
2023-05-09 10:30:00,528.9
2023-05-09 10:45:00,528.9
2023-05-09 11:00:00,528.9
2023-05-09 11:15:00,528.9
2023-05-09 11:30:00,528.9
2023-05-09 11:45:00,528.9
2023-05-09 12:00:00,528.9
2023-05-09 12:15:00,397.69
2023-05-09 12:30:00,322.67
2023-05-09 12:45:00,325.84
2023-05-09 13:00:00,510.92
2023-05-09 13:15:00,528.9
2023-05-09 13:30:00,528.9
2023-05-09 13:45:00,528.9
2023-05-09 14:00:00,528.9
2023-05-09 14:15:00,528.9
2023-05-09 14:30:00,528.9
2023-05-09 14:45:00,528.9
2023-05-09 15:00:00,528.9
2023-05-09 15:15:00,511.66
2023-05-09 15:30:00,489.3
2023-05-09 15:45:00,461.97
2023-05-09 16:00:00,426.78
2023-05-09 16:15:00,377.21
2023-05-09 16:30:00,167.78
2023-05-09 16:45:00,107.89
2023-05-09 17:00:00,197.64
2023-05-09 17:15:00,87.39
2023-05-09 17:30:00,81.63
2023-05-09 17:45:00,46.6
2023-05-09 18:00:00,14.89
2023-05-09 18:15:00,2.09
2023-05-09 18:30:00,-0.0
2023-05-09 18:45:00,-0.0
2023-05-09 19:00:00,-0.0
2023-05-09 19:15:00,-0.0
2023-05-09 19:30:00,-0.0
2023-05-09 19:45:00,-0.0
2023-05-09 20:00:00,-0.0
2023-05-09 20:15:00,-0.0
2023-05-09 20:30:00,-0.0
2023-05-09 20:45:00,-0.0
2023-05-09 21:00:00,-0.0
2023-05-09 21:15:00,-0.0
2023-05-09 21:30:00,-0.0
2023-05-09 21:45:00,-0.0
2023-05-09 22:00:00,-0.0
2023-05-09 22:15:00,-0.0
2023-05-09 22:30:00,-0.0
2023-05-09 22:45:00,-0.0
2023-05-09 23:00:00,-0.0
2023-05-09 23:15:00,-0.0
2023-05-09 23:30:00,-0.0
2023-05-09 23:45:00,-0.0
2023-05-10 00:00:00,-0.0
2023-05-10 00:15:00,-0.0
2023-05-10 00:30:00,-0.0
2023-05-10 00:45:00,-0.0
2023-05-10 01:00:00,-0.0
2023-05-10 01:15:00,-0.0
2023-05-10 01:30:00,-0.0
2023-05-10 01:45:00,-0.0
2023-05-10 02:00:00,-0.0
2023-05-10 02:15:00,-0.0
2023-05-10 02:30:00,-0.0
2023-05-10 02:45:00,-0.0
2023-05-10 03:00:00,-0.0
2023-05-10 03:15:00,-0.0
2023-05-10 03:30:00,-0.0
2023-05-10 03:45:00,-0.0
2023-05-10 04:00:00,-0.0
2023-05-10 04:15:00,-0.0
2023-05-10 04:30:00,-0.0
2023-05-10 04:45:00,-0.0
2023-05-10 05:00:00,6.02
2023-05-10 05:15:00,23.07
2023-05-10 05:30:00,64.18
2023-05-10 05:45:00,118.67
2023-05-10 06:00:00,180.67
2023-05-10 06:15:00,250.46
2023-05-10 06:30:00,318.63
2023-05-10 06:45:00,359.32
2023-05-10 07:00:00,395.04
2023-05-10 07:15:00,426.6
2023-05-10 07:30:00,453.92
2023-05-10 07:45:00,477.37
2023-05-10 08:00:00,496.89
2023-05-10 08:15:00,515.67
2023-05-10 08:30:00,528.51
2023-05-10 08:45:00,528.9
2023-05-10 09:00:00,528.9
2023-05-10 09:15:00,528.9
2023-05-10 09:30:00,528.9
2023-05-10 09:45:00,528.9
2023-05-10 10:00:00,528.9
2023-05-10 10:15:00,528.9
2023-05-10 10:30:00,528.9
2023-05-10 10:45:00,528.9
2023-05-10 11:00:00,528.9
2023-05-10 11:15:00,528.9
2023-05-10 11:30:00,528.9
2023-05-10 11:45:00,528.9
2023-05-10 12:00:00,528.9
2023-05-10 12:15:00,528.9
2023-05-10 12:30:00,528.9
2023-05-10 12:45:00,528.9
2023-05-10 13:00:00,528.9
2023-05-10 13:15:00,528.9
2023-05-10 13:30:00,528.9
2023-05-10 13:45:00,528.9
2023-05-10 14:00:00,528.9
2023-05-10 14:15:00,528.9
2023-05-10 14:30:00,528.9
2023-05-10 14:45:00,528.9
2023-05-10 15:00:00,521.76
2023-05-10 15:15:00,508.4
2023-05-10 15:30:00,491.39
2023-05-10 15:45:00,470.5
2023-05-10 16:00:00,444.64
2023-05-10 16:15:00,411.25
2023-05-10 16:30:00,377.86
2023-05-10 16:45:00,338.78
2023-05-10 17:00:00,293.34
2023-05-10 17:15:00,213.16
2023-05-10 17:30:00,139.56
2023-05-10 17:45:00,71.83
2023-05-10 18:00:00,26.54
2023-05-10 18:15:00,2.76
2023-05-10 18:30:00,-0.0
2023-05-10 18:45:00,-0.0
2023-05-10 19:00:00,-0.0
2023-05-10 19:15:00,-0.0
2023-05-10 19:30:00,-0.0
2023-05-10 19:45:00,-0.0
2023-05-10 20:00:00,-0.0
2023-05-10 20:15:00,-0.0
2023-05-10 20:30:00,-0.0
2023-05-10 20:45:00,-0.0
2023-05-10 21:00:00,-0.0
2023-05-10 21:15:00,-0.0
2023-05-10 21:30:00,-0.0
2023-05-10 21:45:00,-0.0
2023-05-10 22:00:00,-0.0
2023-05-10 22:15:00,-0.0
2023-05-10 22:30:00,-0.0
2023-05-10 22:45:00,-0.0
2023-05-10 23:00:00,-0.0
2023-05-10 23:15:00,-0.0
2023-05-10 23:30:00,-0.0
2023-05-10 23:45:00,-0.0
2023-05-11 00:00:00,-0.0
2023-05-11 00:15:00,-0.0
2023-05-11 00:30:00,-0.0
2023-05-11 00:45:00,-0.0
2023-05-11 01:00:00,-0.0
2023-05-11 01:15:00,-0.0
2023-05-11 01:30:00,-0.0
2023-05-11 01:45:00,-0.0
2023-05-11 02:00:00,-0.0
2023-05-11 02:15:00,-0.0
2023-05-11 02:30:00,-0.0
2023-05-11 02:45:00,-0.0
2023-05-11 03:00:00,-0.0
2023-05-11 03:15:00,-0.0
2023-05-11 03:30:00,-0.0
2023-05-11 03:45:00,-0.0
2023-05-11 04:00:00,-0.0
2023-05-11 04:15:00,-0.0
2023-05-11 04:30:00,-0.0
2023-05-11 04:45:00,-0.0
2023-05-11 05:00:00,0.85
2023-05-11 05:15:00,2.58
2023-05-11 05:30:00,6.71
2023-05-11 05:45:00,31.93
2023-05-11 06:00:00,151.88
2023-05-11 06:15:00,241.66
2023-05-11 06:30:00,297.8
2023-05-11 06:45:00,325.13
2023-05-11 07:00:00,213.81
2023-05-11 07:15:00,353.79
2023-05-11 07:30:00,426.26
2023-05-11 07:45:00,287.08
2023-05-11 08:00:00,250.25
2023-05-11 08:15:00,288.77
2023-05-11 08:30:00,287.76
2023-05-11 08:45:00,328.67
2023-05-11 09:00:00,370.2
2023-05-11 09:15:00,362.25
2023-05-11 09:30:00,384.37
2023-05-11 09:45:00,507.28
2023-05-11 10:00:00,528.9
2023-05-11 10:15:00,528.9
2023-05-11 10:30:00,528.9
2023-05-11 10:45:00,528.9
2023-05-11 11:00:00,528.9
2023-05-11 11:15:00,528.9
2023-05-11 11:30:00,528.9
2023-05-11 11:45:00,528.9
2023-05-11 12:00:00,528.9
2023-05-11 12:15:00,528.9
2023-05-11 12:30:00,528.9
2023-05-11 12:45:00,528.9
2023-05-11 13:00:00,528.9
2023-05-11 13:15:00,528.9
2023-05-11 13:30:00,528.9
2023-05-11 13:45:00,526.86
2023-05-11 14:00:00,520.63
2023-05-11 14:15:00,514.88
2023-05-11 14:30:00,507.86
2023-05-11 14:45:00,498.13
2023-05-11 15:00:00,482.97
2023-05-11 15:15:00,467.74
2023-05-11 15:30:00,448.97
2023-05-11 15:45:00,426.52
2023-05-11 16:00:00,392.44
2023-05-11 16:15:00,250.25
2023-05-11 16:30:00,198.74
2023-05-11 16:45:00,259.49
2023-05-11 17:00:00,229.52
2023-05-11 17:15:00,117.66
2023-05-11 17:30:00,71.77
2023-05-11 17:45:00,37.82
2023-05-11 18:00:00,19.58
2023-05-11 18:15:00,2.81
2023-05-11 18:30:00,-0.0
2023-05-11 18:45:00,-0.0
2023-05-11 19:00:00,-0.0
2023-05-11 19:15:00,-0.0
2023-05-11 19:30:00,-0.0
2023-05-11 19:45:00,-0.0
2023-05-11 20:00:00,-0.0
2023-05-11 20:15:00,-0.0
2023-05-11 20:30:00,-0.0
2023-05-11 20:45:00,-0.0
2023-05-11 21:00:00,-0.0
2023-05-11 21:15:00,-0.0
2023-05-11 21:30:00,-0.0
2023-05-11 21:45:00,-0.0
2023-05-11 22:00:00,-0.0
2023-05-11 22:15:00,-0.0
2023-05-11 22:30:00,-0.0
2023-05-11 22:45:00,-0.0
2023-05-11 23:00:00,-0.0
2023-05-11 23:15:00,-0.0
2023-05-11 23:30:00,-0.0
2023-05-11 23:45:00,-0.0
2023-05-12 00:00:00,-0.0
2023-05-12 00:15:00,-0.0
2023-05-12 00:30:00,-0.0
2023-05-12 00:45:00,-0.0
2023-05-12 01:00:00,-0.0
2023-05-12 01:15:00,-0.0
2023-05-12 01:30:00,-0.0
2023-05-12 01:45:00,-0.0
2023-05-12 02:00:00,-0.0
2023-05-12 02:15:00,-0.0
2023-05-12 02:30:00,-0.0
2023-05-12 02:45:00,-0.0
2023-05-12 03:00:00,-0.0
2023-05-12 03:15:00,-0.0
2023-05-12 03:30:00,-0.0
2023-05-12 03:45:00,-0.0
2023-05-12 04:00:00,-0.0
2023-05-12 04:15:00,-0.0
2023-05-12 04:30:00,-0.0
2023-05-12 04:45:00,-0.0
2023-05-12 05:00:00,6.47
2023-05-12 05:15:00,23.13
2023-05-12 05:30:00,57.62
2023-05-12 05:45:00,98.97
2023-05-12 06:00:00,149.64
2023-05-12 06:15:00,216.98
2023-05-12 06:30:00,271.4
2023-05-12 06:45:00,312.26
2023-05-12 07:00:00,349.19
2023-05-12 07:15:00,382.57
2023-05-12 07:30:00,421.67
2023-05-12 07:45:00,448.19
2023-05-12 08:00:00,470.79
2023-05-12 08:15:00,489.75
2023-05-12 08:30:00,504.93
2023-05-12 08:45:00,515.89
2023-05-12 09:00:00,524.86
2023-05-12 09:15:00,528.9
2023-05-12 09:30:00,528.9
2023-05-12 09:45:00,528.9
2023-05-12 10:00:00,528.9
2023-05-12 10:15:00,528.9
2023-05-12 10:30:00,528.9
2023-05-12 10:45:00,528.9
2023-05-12 11:00:00,528.9
2023-05-12 11:15:00,528.9
2023-05-12 11:30:00,528.9
2023-05-12 11:45:00,528.9
2023-05-12 12:00:00,528.9
2023-05-12 12:15:00,528.9
2023-05-12 12:30:00,528.9
2023-05-12 12:45:00,391.5
2023-05-12 13:00:00,342.93
2023-05-12 13:15:00,336.76
2023-05-12 13:30:00,355.92
2023-05-12 13:45:00,334.35
2023-05-12 14:00:00,292.95
2023-05-12 14:15:00,261.08
2023-05-12 14:30:00,208.44
2023-05-12 14:45:00,223.19
2023-05-12 15:00:00,148.43
2023-05-12 15:15:00,97.14
2023-05-12 15:30:00,113.13
2023-05-12 15:45:00,88.98
2023-05-12 16:00:00,71.38
2023-05-12 16:15:00,27.52
2023-05-12 16:30:00,30.02
2023-05-12 16:45:00,79.32
2023-05-12 17:00:00,108.1
2023-05-12 17:15:00,95.59
2023-05-12 17:30:00,46.84
2023-05-12 17:45:00,45.44
2023-05-12 18:00:00,18.7
2023-05-12 18:15:00,3.07
2023-05-12 18:30:00,-0.0
2023-05-12 18:45:00,-0.0
2023-05-12 19:00:00,-0.0
2023-05-12 19:15:00,-0.0
2023-05-12 19:30:00,-0.0
2023-05-12 19:45:00,-0.0
2023-05-12 20:00:00,-0.0
2023-05-12 20:15:00,-0.0
2023-05-12 20:30:00,-0.0
2023-05-12 20:45:00,-0.0
2023-05-12 21:00:00,-0.0
2023-05-12 21:15:00,-0.0
2023-05-12 21:30:00,-0.0
2023-05-12 21:45:00,-0.0
2023-05-12 22:00:00,-0.0
2023-05-12 22:15:00,-0.0
2023-05-12 22:30:00,-0.0
2023-05-12 22:45:00,-0.0
2023-05-12 23:00:00,-0.0
2023-05-12 23:15:00,-0.0
2023-05-12 23:30:00,-0.0
2023-05-12 23:45:00,-0.0
2023-05-13 00:00:00,-0.0
2023-05-13 00:15:00,-0.0
2023-05-13 00:30:00,-0.0
2023-05-13 00:45:00,-0.0
2023-05-13 01:00:00,-0.0
2023-05-13 01:15:00,-0.0
2023-05-13 01:30:00,-0.0
2023-05-13 01:45:00,-0.0
2023-05-13 02:00:00,-0.0
2023-05-13 02:15:00,-0.0
2023-05-13 02:30:00,-0.0
2023-05-13 02:45:00,-0.0
2023-05-13 03:00:00,-0.0
2023-05-13 03:15:00,-0.0
2023-05-13 03:30:00,-0.0
2023-05-13 03:45:00,-0.0
2023-05-13 04:00:00,-0.0
2023-05-13 04:15:00,-0.0
2023-05-13 04:30:00,-0.0
2023-05-13 04:45:00,-0.0
2023-05-13 05:00:00,7.29
2023-05-13 05:15:00,27.71
2023-05-13 05:30:00,65.42
2023-05-13 05:45:00,116.94
2023-05-13 06:00:00,169.03
2023-05-13 06:15:00,121.58
2023-05-13 06:30:00,138.48
2023-05-13 06:45:00,186.78
2023-05-13 07:00:00,148.4
2023-05-13 07:15:00,325.94
2023-05-13 07:30:00,234.7
2023-05-13 07:45:00,206.02
2023-05-13 08:00:00,235.43
2023-05-13 08:15:00,437.41
2023-05-13 08:30:00,499.26
2023-05-13 08:45:00,508.39
2023-05-13 09:00:00,516.72
2023-05-13 09:15:00,522.23
2023-05-13 09:30:00,517.56
2023-05-13 09:45:00,390.52
2023-05-13 10:00:00,320.49
2023-05-13 10:15:00,354.44
2023-05-13 10:30:00,495.56
2023-05-13 10:45:00,528.9
2023-05-13 11:00:00,528.9
2023-05-13 11:15:00,528.9
2023-05-13 11:30:00,527.54
2023-05-13 11:45:00,525.58
2023-05-13 12:00:00,525.58
2023-05-13 12:15:00,525.68
2023-05-13 12:30:00,524.52
2023-05-13 12:45:00,523.54
2023-05-13 13:00:00,521.77
2023-05-13 13:15:00,508.27
2023-05-13 13:30:00,365.48
2023-05-13 13:45:00,320.12
2023-05-13 14:00:00,300.11
2023-05-13 14:15:00,292.39
2023-05-13 14:30:00,423.21
2023-05-13 14:45:00,345.97
2023-05-13 15:00:00,399.09
2023-05-13 15:15:00,260.83
2023-05-13 15:30:00,198.86
2023-05-13 15:45:00,186.17
2023-05-13 16:00:00,174.59
2023-05-13 16:15:00,150.05
2023-05-13 16:30:00,170.58
2023-05-13 16:45:00,120.48
2023-05-13 17:00:00,102.78
2023-05-13 17:15:00,74.33
2023-05-13 17:30:00,60.02
2023-05-13 17:45:00,24.31
2023-05-13 18:00:00,13.11
2023-05-13 18:15:00,2.94
2023-05-13 18:30:00,-0.0
2023-05-13 18:45:00,-0.0
2023-05-13 19:00:00,-0.0
2023-05-13 19:15:00,-0.0
2023-05-13 19:30:00,-0.0
2023-05-13 19:45:00,-0.0
2023-05-13 20:00:00,-0.0
2023-05-13 20:15:00,-0.0
2023-05-13 20:30:00,-0.0
2023-05-13 20:45:00,-0.0
2023-05-13 21:00:00,-0.0
2023-05-13 21:15:00,-0.0
2023-05-13 21:30:00,-0.0
2023-05-13 21:45:00,-0.0
2023-05-13 22:00:00,-0.0
2023-05-13 22:15:00,-0.0
2023-05-13 22:30:00,-0.0
2023-05-13 22:45:00,-0.0
2023-05-13 23:00:00,-0.0
2023-05-13 23:15:00,-0.0
2023-05-13 23:30:00,-0.0
2023-05-13 23:45:00,-0.0
2023-05-14 00:00:00,-0.0
2023-05-14 00:15:00,-0.0
2023-05-14 00:30:00,-0.0
2023-05-14 00:45:00,-0.0
2023-05-14 01:00:00,-0.0
2023-05-14 01:15:00,-0.0
2023-05-14 01:30:00,-0.0
2023-05-14 01:45:00,-0.0
2023-05-14 02:00:00,-0.0
2023-05-14 02:15:00,-0.0
2023-05-14 02:30:00,-0.0
2023-05-14 02:45:00,-0.0
2023-05-14 03:00:00,-0.0
2023-05-14 03:15:00,-0.0
2023-05-14 03:30:00,-0.0
2023-05-14 03:45:00,-0.0
2023-05-14 04:00:00,-0.0
2023-05-14 04:15:00,-0.0
2023-05-14 04:30:00,-0.0
2023-05-14 04:45:00,-0.0
2023-05-14 05:00:00,0.93
2023-05-14 05:15:00,2.68
2023-05-14 05:30:00,7.92
2023-05-14 05:45:00,71.53
2023-05-14 06:00:00,61.03
2023-05-14 06:15:00,166.38
2023-05-14 06:30:00,243.24
2023-05-14 06:45:00,289.69
2023-05-14 07:00:00,324.34
2023-05-14 07:15:00,355.94
2023-05-14 07:30:00,384.24
2023-05-14 07:45:00,409.24
2023-05-14 08:00:00,431.17
2023-05-14 08:15:00,457.84
2023-05-14 08:30:00,473.02
2023-05-14 08:45:00,484.76
2023-05-14 09:00:00,494.79
2023-05-14 09:15:00,501.41
2023-05-14 09:30:00,506.93
2023-05-14 09:45:00,511.53
2023-05-14 10:00:00,514.29
2023-05-14 10:15:00,515.89
2023-05-14 10:30:00,515.67
2023-05-14 10:45:00,515.43
2023-05-14 11:00:00,514.42
2023-05-14 11:15:00,511.99
2023-05-14 11:30:00,509.24
2023-05-14 11:45:00,506.55
2023-05-14 12:00:00,505.37
2023-05-14 12:15:00,503.42
2023-05-14 12:30:00,499.88
2023-05-14 12:45:00,495.39
2023-05-14 13:00:00,490.51
2023-05-14 13:15:00,483.43
2023-05-14 13:30:00,471.25
2023-05-14 13:45:00,460.45
2023-05-14 14:00:00,446.91
2023-05-14 14:15:00,424.45
2023-05-14 14:30:00,295.23
2023-05-14 14:45:00,165.57
2023-05-14 15:00:00,106.29
2023-05-14 15:15:00,78.16
2023-05-14 15:30:00,75.78
2023-05-14 15:45:00,39.15
2023-05-14 16:00:00,24.11
2023-05-14 16:15:00,33.09
2023-05-14 16:30:00,34.9
2023-05-14 16:45:00,23.91
2023-05-14 17:00:00,129.97
2023-05-14 17:15:00,119.82
2023-05-14 17:30:00,40.95
2023-05-14 17:45:00,12.48
2023-05-14 18:00:00,8.72
2023-05-14 18:15:00,2.22
2023-05-14 18:30:00,-0.0
2023-05-14 18:45:00,-0.0
2023-05-14 19:00:00,-0.0
2023-05-14 19:15:00,-0.0
2023-05-14 19:30:00,-0.0
2023-05-14 19:45:00,-0.0
2023-05-14 20:00:00,-0.0
2023-05-14 20:15:00,-0.0
2023-05-14 20:30:00,-0.0
2023-05-14 20:45:00,-0.0
2023-05-14 21:00:00,-0.0
2023-05-14 21:15:00,-0.0
2023-05-14 21:30:00,-0.0
2023-05-14 21:45:00,-0.0
2023-05-14 22:00:00,-0.0
2023-05-14 22:15:00,-0.0
2023-05-14 22:30:00,-0.0
2023-05-14 22:45:00,-0.0
2023-05-14 23:00:00,-0.0
2023-05-14 23:15:00,-0.0
2023-05-14 23:30:00,-0.0
2023-05-14 23:45:00,-0.0
2023-05-15 00:00:00,-0.0
2023-05-15 00:15:00,-0.0
2023-05-15 00:30:00,-0.0
2023-05-15 00:45:00,-0.0
2023-05-15 01:00:00,-0.0
2023-05-15 01:15:00,-0.0
2023-05-15 01:30:00,-0.0
2023-05-15 01:45:00,-0.0
2023-05-15 02:00:00,-0.0
2023-05-15 02:15:00,-0.0
2023-05-15 02:30:00,-0.0
2023-05-15 02:45:00,-0.0
2023-05-15 03:00:00,-0.0
2023-05-15 03:15:00,-0.0
2023-05-15 03:30:00,-0.0
2023-05-15 03:45:00,-0.0
2023-05-15 04:00:00,-0.0
2023-05-15 04:15:00,-0.0
2023-05-15 04:30:00,-0.0
2023-05-15 04:45:00,-0.0
2023-05-15 05:00:00,10.23
2023-05-15 05:15:00,49.99
2023-05-15 05:30:00,115.89
2023-05-15 05:45:00,196.86
2023-05-15 06:00:00,280.91
2023-05-15 06:15:00,368.0
2023-05-15 06:30:00,421.91
2023-05-15 06:45:00,454.54
2023-05-15 07:00:00,481.6
2023-05-15 07:15:00,505.13
2023-05-15 07:30:00,524.98
2023-05-15 07:45:00,528.9
2023-05-15 08:00:00,528.9
2023-05-15 08:15:00,528.9
2023-05-15 08:30:00,528.9
2023-05-15 08:45:00,528.9
2023-05-15 09:00:00,528.9
2023-05-15 09:15:00,528.9
2023-05-15 09:30:00,528.9
2023-05-15 09:45:00,528.9
2023-05-15 10:00:00,528.9
2023-05-15 10:15:00,528.9
2023-05-15 10:30:00,528.9
2023-05-15 10:45:00,528.9
2023-05-15 11:00:00,528.9
2023-05-15 11:15:00,528.9
2023-05-15 11:30:00,528.9
2023-05-15 11:45:00,528.9
2023-05-15 12:00:00,528.9
2023-05-15 12:15:00,528.9
2023-05-15 12:30:00,528.9
2023-05-15 12:45:00,528.9
2023-05-15 13:00:00,528.9
2023-05-15 13:15:00,528.9
2023-05-15 13:30:00,528.9
2023-05-15 13:45:00,528.9
2023-05-15 14:00:00,528.9
2023-05-15 14:15:00,528.9
2023-05-15 14:30:00,528.9
2023-05-15 14:45:00,524.01
2023-05-15 15:00:00,509.31
2023-05-15 15:15:00,486.8
2023-05-15 15:30:00,462.62
2023-05-15 15:45:00,434.14
2023-05-15 16:00:00,401.0
2023-05-15 16:15:00,363.27
2023-05-15 16:30:00,311.53
2023-05-15 16:45:00,258.16
2023-05-15 17:00:00,111.96
2023-05-15 17:15:00,121.74
2023-05-15 17:30:00,50.49
2023-05-15 17:45:00,28.53
2023-05-15 18:00:00,17.54
2023-05-15 18:15:00,3.9
2023-05-15 18:30:00,-0.0
2023-05-15 18:45:00,-0.0
2023-05-15 19:00:00,-0.0
2023-05-15 19:15:00,-0.0
2023-05-15 19:30:00,-0.0
2023-05-15 19:45:00,-0.0
2023-05-15 20:00:00,-0.0
2023-05-15 20:15:00,-0.0
2023-05-15 20:30:00,-0.0
2023-05-15 20:45:00,-0.0
2023-05-15 21:00:00,-0.0
2023-05-15 21:15:00,-0.0
2023-05-15 21:30:00,-0.0
2023-05-15 21:45:00,-0.0
2023-05-15 22:00:00,-0.0
2023-05-15 22:15:00,-0.0
2023-05-15 22:30:00,-0.0
2023-05-15 22:45:00,-0.0
2023-05-15 23:00:00,-0.0
2023-05-15 23:15:00,-0.0
2023-05-15 23:30:00,-0.0
2023-05-15 23:45:00,-0.0
2023-05-16 00:00:00,-0.0
2023-05-16 00:15:00,-0.0
2023-05-16 00:30:00,-0.0
2023-05-16 00:45:00,-0.0
2023-05-16 01:00:00,-0.0
2023-05-16 01:15:00,-0.0
2023-05-16 01:30:00,-0.0
2023-05-16 01:45:00,-0.0
2023-05-16 02:00:00,-0.0
2023-05-16 02:15:00,-0.0
2023-05-16 02:30:00,-0.0
2023-05-16 02:45:00,-0.0
2023-05-16 03:00:00,-0.0
2023-05-16 03:15:00,-0.0
2023-05-16 03:30:00,-0.0
2023-05-16 03:45:00,-0.0
2023-05-16 04:00:00,-0.0
2023-05-16 04:15:00,-0.0
2023-05-16 04:30:00,-0.0
2023-05-16 04:45:00,-0.0
2023-05-16 05:00:00,10.3
2023-05-16 05:15:00,48.87
2023-05-16 05:30:00,113.03
2023-05-16 05:45:00,191.4
2023-05-16 06:00:00,276.49
2023-05-16 06:15:00,364.4
2023-05-16 06:30:00,418.19
2023-05-16 06:45:00,452.81
2023-05-16 07:00:00,481.8
2023-05-16 07:15:00,506.85
2023-05-16 07:30:00,527.93
2023-05-16 07:45:00,528.9
2023-05-16 08:00:00,528.9
2023-05-16 08:15:00,528.9
2023-05-16 08:30:00,528.9
2023-05-16 08:45:00,528.9
2023-05-16 09:00:00,528.9
2023-05-16 09:15:00,528.9
2023-05-16 09:30:00,528.9
2023-05-16 09:45:00,528.9
2023-05-16 10:00:00,528.9
2023-05-16 10:15:00,528.9
2023-05-16 10:30:00,528.9
2023-05-16 10:45:00,528.9
2023-05-16 11:00:00,528.9
2023-05-16 11:15:00,528.9
2023-05-16 11:30:00,528.9
2023-05-16 11:45:00,528.9
2023-05-16 12:00:00,528.9
2023-05-16 12:15:00,528.9
2023-05-16 12:30:00,528.9
2023-05-16 12:45:00,528.9
2023-05-16 13:00:00,528.9
2023-05-16 13:15:00,528.9
2023-05-16 13:30:00,528.9
2023-05-16 13:45:00,528.9
2023-05-16 14:00:00,528.9
2023-05-16 14:15:00,528.9
2023-05-16 14:30:00,528.9
2023-05-16 14:45:00,528.9
2023-05-16 15:00:00,528.9
2023-05-16 15:15:00,528.9
2023-05-16 15:30:00,523.28
2023-05-16 15:45:00,510.04
2023-05-16 16:00:00,492.2
2023-05-16 16:15:00,467.56
2023-05-16 16:30:00,438.28
2023-05-16 16:45:00,404.15
2023-05-16 17:00:00,364.05
2023-05-16 17:15:00,286.39
2023-05-16 17:30:00,201.24
2023-05-16 17:45:00,121.22
2023-05-16 18:00:00,54.77
2023-05-16 18:15:00,8.8
2023-05-16 18:30:00,-0.0
2023-05-16 18:45:00,-0.0
2023-05-16 19:00:00,-0.0
2023-05-16 19:15:00,-0.0
2023-05-16 19:30:00,-0.0
2023-05-16 19:45:00,-0.0
2023-05-16 20:00:00,-0.0
2023-05-16 20:15:00,-0.0
2023-05-16 20:30:00,-0.0
2023-05-16 20:45:00,-0.0
2023-05-16 21:00:00,-0.0
2023-05-16 21:15:00,-0.0
2023-05-16 21:30:00,-0.0
2023-05-16 21:45:00,-0.0
2023-05-16 22:00:00,-0.0
2023-05-16 22:15:00,-0.0
2023-05-16 22:30:00,-0.0
2023-05-16 22:45:00,-0.0
2023-05-16 23:00:00,-0.0
2023-05-16 23:15:00,-0.0
2023-05-16 23:30:00,-0.0
2023-05-16 23:45:00,-0.0
2023-05-17 00:00:00,-0.0
2023-05-17 00:15:00,-0.0
2023-05-17 00:30:00,-0.0
2023-05-17 00:45:00,-0.0
2023-05-17 01:00:00,-0.0
2023-05-17 01:15:00,-0.0
2023-05-17 01:30:00,-0.0
2023-05-17 01:45:00,-0.0
2023-05-17 02:00:00,-0.0
2023-05-17 02:15:00,-0.0
2023-05-17 02:30:00,-0.0
2023-05-17 02:45:00,-0.0
2023-05-17 03:00:00,-0.0
2023-05-17 03:15:00,-0.0
2023-05-17 03:30:00,-0.0
2023-05-17 03:45:00,-0.0
2023-05-17 04:00:00,-0.0
2023-05-17 04:15:00,-0.0
2023-05-17 04:30:00,-0.0
2023-05-17 04:45:00,-0.0
2023-05-17 05:00:00,1.12
2023-05-17 05:15:00,3.16
2023-05-17 05:30:00,6.97
2023-05-17 05:45:00,26.51
2023-05-17 06:00:00,19.21
2023-05-17 06:15:00,56.41
2023-05-17 06:30:00,27.24
2023-05-17 06:45:00,15.82
2023-05-17 07:00:00,17.82
2023-05-17 07:15:00,25.31
2023-05-17 07:30:00,46.55
2023-05-17 07:45:00,111.18
2023-05-17 08:00:00,126.1
2023-05-17 08:15:00,100.54
2023-05-17 08:30:00,65.86
2023-05-17 08:45:00,55.68
2023-05-17 09:00:00,117.03
2023-05-17 09:15:00,250.69
2023-05-17 09:30:00,316.87
2023-05-17 09:45:00,469.58
2023-05-17 10:00:00,228.92
2023-05-17 10:15:00,202.81
2023-05-17 10:30:00,218.74
2023-05-17 10:45:00,163.69
2023-05-17 11:00:00,81.82
2023-05-17 11:15:00,58.29
2023-05-17 11:30:00,118.02
2023-05-17 11:45:00,255.81
2023-05-17 12:00:00,448.76
2023-05-17 12:15:00,233.62
2023-05-17 12:30:00,70.91
2023-05-17 12:45:00,54.67
2023-05-17 13:00:00,39.28
2023-05-17 13:15:00,43.8
2023-05-17 13:30:00,129.74
2023-05-17 13:45:00,401.8
2023-05-17 14:00:00,252.53
2023-05-17 14:15:00,248.92
2023-05-17 14:30:00,303.95
2023-05-17 14:45:00,397.56
2023-05-17 15:00:00,300.19
2023-05-17 15:15:00,266.25
2023-05-17 15:30:00,205.98
2023-05-17 15:45:00,83.03
2023-05-17 16:00:00,39.27
2023-05-17 16:15:00,102.99
2023-05-17 16:30:00,104.01
2023-05-17 16:45:00,63.06
2023-05-17 17:00:00,73.37
2023-05-17 17:15:00,62.52
2023-05-17 17:30:00,42.99
2023-05-17 17:45:00,23.65
2023-05-17 18:00:00,13.53
2023-05-17 18:15:00,3.56
2023-05-17 18:30:00,-0.0
2023-05-17 18:45:00,-0.0
2023-05-17 19:00:00,-0.0
2023-05-17 19:15:00,-0.0
2023-05-17 19:30:00,-0.0
2023-05-17 19:45:00,-0.0
2023-05-17 20:00:00,-0.0
2023-05-17 20:15:00,-0.0
2023-05-17 20:30:00,-0.0
2023-05-17 20:45:00,-0.0
2023-05-17 21:00:00,-0.0
2023-05-17 21:15:00,-0.0
2023-05-17 21:30:00,-0.0
2023-05-17 21:45:00,-0.0
2023-05-17 22:00:00,-0.0
2023-05-17 22:15:00,-0.0
2023-05-17 22:30:00,-0.0
2023-05-17 22:45:00,-0.0
2023-05-17 23:00:00,-0.0
2023-05-17 23:15:00,-0.0
2023-05-17 23:30:00,-0.0
2023-05-17 23:45:00,-0.0
2023-05-18 00:00:00,-0.0
2023-05-18 00:15:00,-0.0
2023-05-18 00:30:00,-0.0
2023-05-18 00:45:00,-0.0
2023-05-18 01:00:00,-0.0
2023-05-18 01:15:00,-0.0
2023-05-18 01:30:00,-0.0
2023-05-18 01:45:00,-0.0
2023-05-18 02:00:00,-0.0
2023-05-18 02:15:00,-0.0
2023-05-18 02:30:00,-0.0
2023-05-18 02:45:00,-0.0
2023-05-18 03:00:00,-0.0
2023-05-18 03:15:00,-0.0
2023-05-18 03:30:00,-0.0
2023-05-18 03:45:00,-0.0
2023-05-18 04:00:00,-0.0
2023-05-18 04:15:00,-0.0
2023-05-18 04:30:00,-0.0
2023-05-18 04:45:00,0.6
2023-05-18 05:00:00,4.0
2023-05-18 05:15:00,11.6
2023-05-18 05:30:00,27.45
2023-05-18 05:45:00,133.14
2023-05-18 06:00:00,230.86
2023-05-18 06:15:00,306.28
2023-05-18 06:30:00,353.06
2023-05-18 06:45:00,387.79
2023-05-18 07:00:00,417.83
2023-05-18 07:15:00,444.35
2023-05-18 07:30:00,467.24
2023-05-18 07:45:00,486.59
2023-05-18 08:00:00,505.83
2023-05-18 08:15:00,518.95
2023-05-18 08:30:00,528.68
2023-05-18 08:45:00,528.9
2023-05-18 09:00:00,528.9
2023-05-18 09:15:00,528.9
2023-05-18 09:30:00,528.9
2023-05-18 09:45:00,528.9
2023-05-18 10:00:00,528.9
2023-05-18 10:15:00,528.9
2023-05-18 10:30:00,528.9
2023-05-18 10:45:00,528.9
2023-05-18 11:00:00,528.9
2023-05-18 11:15:00,528.9
2023-05-18 11:30:00,528.9
2023-05-18 11:45:00,528.9
2023-05-18 12:00:00,528.9
2023-05-18 12:15:00,528.9
2023-05-18 12:30:00,528.9
2023-05-18 12:45:00,528.9
2023-05-18 13:00:00,528.9
2023-05-18 13:15:00,528.9
2023-05-18 13:30:00,527.38
2023-05-18 13:45:00,521.74
2023-05-18 14:00:00,513.66
2023-05-18 14:15:00,505.15
2023-05-18 14:30:00,494.67
2023-05-18 14:45:00,481.45
2023-05-18 15:00:00,465.92
2023-05-18 15:15:00,445.39
2023-05-18 15:30:00,421.04
2023-05-18 15:45:00,383.42
2023-05-18 16:00:00,352.63
2023-05-18 16:15:00,318.34
2023-05-18 16:30:00,280.76
2023-05-18 16:45:00,240.46
2023-05-18 17:00:00,188.34
2023-05-18 17:15:00,137.1
2023-05-18 17:30:00,88.7
2023-05-18 17:45:00,50.46
2023-05-18 18:00:00,20.91
2023-05-18 18:15:00,4.72
2023-05-18 18:30:00,-0.0
2023-05-18 18:45:00,-0.0
2023-05-18 19:00:00,-0.0
2023-05-18 19:15:00,-0.0
2023-05-18 19:30:00,-0.0
2023-05-18 19:45:00,-0.0
2023-05-18 20:00:00,-0.0
2023-05-18 20:15:00,-0.0
2023-05-18 20:30:00,-0.0
2023-05-18 20:45:00,-0.0
2023-05-18 21:00:00,-0.0
2023-05-18 21:15:00,-0.0
2023-05-18 21:30:00,-0.0
2023-05-18 21:45:00,-0.0
2023-05-18 22:00:00,-0.0
2023-05-18 22:15:00,-0.0
2023-05-18 22:30:00,-0.0
2023-05-18 22:45:00,-0.0
2023-05-18 23:00:00,-0.0
2023-05-18 23:15:00,-0.0
2023-05-18 23:30:00,-0.0
2023-05-18 23:45:00,-0.0
2023-05-19 00:00:00,-0.0
2023-05-19 00:15:00,-0.0
2023-05-19 00:30:00,-0.0
2023-05-19 00:45:00,-0.0
2023-05-19 01:00:00,-0.0
2023-05-19 01:15:00,-0.0
2023-05-19 01:30:00,-0.0
2023-05-19 01:45:00,-0.0
2023-05-19 02:00:00,-0.0
2023-05-19 02:15:00,-0.0
2023-05-19 02:30:00,-0.0
2023-05-19 02:45:00,-0.0
2023-05-19 03:00:00,-0.0
2023-05-19 03:15:00,-0.0
2023-05-19 03:30:00,-0.0
2023-05-19 03:45:00,-0.0
2023-05-19 04:00:00,-0.0
2023-05-19 04:15:00,-0.0
2023-05-19 04:30:00,-0.0
2023-05-19 04:45:00,0.76
2023-05-19 05:00:00,4.38
2023-05-19 05:15:00,11.79
2023-05-19 05:30:00,20.85
2023-05-19 05:45:00,19.63
2023-05-19 06:00:00,70.68
2023-05-19 06:15:00,105.61
2023-05-19 06:30:00,120.92
2023-05-19 06:45:00,140.57
2023-05-19 07:00:00,186.9
2023-05-19 07:15:00,195.39
2023-05-19 07:30:00,106.74
2023-05-19 07:45:00,232.76
2023-05-19 08:00:00,264.86
2023-05-19 08:15:00,297.58
2023-05-19 08:30:00,251.91
2023-05-19 08:45:00,260.08
2023-05-19 09:00:00,429.03
2023-05-19 09:15:00,364.46
2023-05-19 09:30:00,334.29
2023-05-19 09:45:00,310.67
2023-05-19 10:00:00,157.9
2023-05-19 10:15:00,136.71
2023-05-19 10:30:00,152.16
2023-05-19 10:45:00,264.95
2023-05-19 11:00:00,218.38
2023-05-19 11:15:00,180.95
2023-05-19 11:30:00,214.48
2023-05-19 11:45:00,246.89
2023-05-19 12:00:00,145.51
2023-05-19 12:15:00,207.65
2023-05-19 12:30:00,232.68
2023-05-19 12:45:00,179.49
2023-05-19 13:00:00,99.05
2023-05-19 13:15:00,155.37
2023-05-19 13:30:00,142.19
2023-05-19 13:45:00,197.05
2023-05-19 14:00:00,261.65
2023-05-19 14:15:00,185.88
2023-05-19 14:30:00,76.3
2023-05-19 14:45:00,240.23
2023-05-19 15:00:00,313.82
2023-05-19 15:15:00,294.69
2023-05-19 15:30:00,388.48
2023-05-19 15:45:00,281.19
2023-05-19 16:00:00,198.9
2023-05-19 16:15:00,169.06
2023-05-19 16:30:00,282.65
2023-05-19 16:45:00,273.75
2023-05-19 17:00:00,139.88
2023-05-19 17:15:00,159.75
2023-05-19 17:30:00,120.57
2023-05-19 17:45:00,64.24
2023-05-19 18:00:00,20.49
2023-05-19 18:15:00,4.47
2023-05-19 18:30:00,-0.0
2023-05-19 18:45:00,-0.0
2023-05-19 19:00:00,-0.0
2023-05-19 19:15:00,-0.0
2023-05-19 19:30:00,-0.0
2023-05-19 19:45:00,-0.0
2023-05-19 20:00:00,-0.0
2023-05-19 20:15:00,-0.0
2023-05-19 20:30:00,-0.0
2023-05-19 20:45:00,-0.0
2023-05-19 21:00:00,-0.0
2023-05-19 21:15:00,-0.0
2023-05-19 21:30:00,-0.0
2023-05-19 21:45:00,-0.0
2023-05-19 22:00:00,-0.0
2023-05-19 22:15:00,-0.0
2023-05-19 22:30:00,-0.0
2023-05-19 22:45:00,-0.0
2023-05-19 23:00:00,-0.0
2023-05-19 23:15:00,-0.0
2023-05-19 23:30:00,-0.0
2023-05-19 23:45:00,-0.0
2023-05-20 00:00:00,-0.0
2023-05-20 00:15:00,-0.0
2023-05-20 00:30:00,-0.0
2023-05-20 00:45:00,-0.0
2023-05-20 01:00:00,-0.0
2023-05-20 01:15:00,-0.0
2023-05-20 01:30:00,-0.0
2023-05-20 01:45:00,-0.0
2023-05-20 02:00:00,-0.0
2023-05-20 02:15:00,-0.0
2023-05-20 02:30:00,-0.0
2023-05-20 02:45:00,-0.0
2023-05-20 03:00:00,-0.0
2023-05-20 03:15:00,-0.0
2023-05-20 03:30:00,-0.0
2023-05-20 03:45:00,-0.0
2023-05-20 04:00:00,-0.0
2023-05-20 04:15:00,-0.0
2023-05-20 04:30:00,-0.0
2023-05-20 04:45:00,1.19
2023-05-20 05:00:00,7.2
2023-05-20 05:15:00,22.37
2023-05-20 05:30:00,48.44
2023-05-20 05:45:00,163.89
2023-05-20 06:00:00,265.29
2023-05-20 06:15:00,347.99
2023-05-20 06:30:00,395.36
2023-05-20 06:45:00,430.83
2023-05-20 07:00:00,460.91
2023-05-20 07:15:00,487.05
2023-05-20 07:30:00,509.27
2023-05-20 07:45:00,527.69
2023-05-20 08:00:00,528.9
2023-05-20 08:15:00,528.9
2023-05-20 08:30:00,528.9
2023-05-20 08:45:00,528.9
2023-05-20 09:00:00,528.9
2023-05-20 09:15:00,528.9
2023-05-20 09:30:00,528.9
2023-05-20 09:45:00,528.9
2023-05-20 10:00:00,528.9
2023-05-20 10:15:00,528.9
2023-05-20 10:30:00,528.9
2023-05-20 10:45:00,528.9
2023-05-20 11:00:00,528.9
2023-05-20 11:15:00,528.9
2023-05-20 11:30:00,528.9
2023-05-20 11:45:00,528.9
2023-05-20 12:00:00,528.9
2023-05-20 12:15:00,528.9
2023-05-20 12:30:00,528.9
2023-05-20 12:45:00,528.9
2023-05-20 13:00:00,398.51
2023-05-20 13:15:00,504.2
2023-05-20 13:30:00,528.9
2023-05-20 13:45:00,528.9
2023-05-20 14:00:00,528.9
2023-05-20 14:15:00,524.72
2023-05-20 14:30:00,513.89
2023-05-20 14:45:00,498.53
2023-05-20 15:00:00,483.59
2023-05-20 15:15:00,464.79
2023-05-20 15:30:00,442.28
2023-05-20 15:45:00,415.74
2023-05-20 16:00:00,385.25
2023-05-20 16:15:00,340.57
2023-05-20 16:30:00,302.72
2023-05-20 16:45:00,261.57
2023-05-20 17:00:00,217.01
2023-05-20 17:15:00,153.09
2023-05-20 17:30:00,99.2
2023-05-20 17:45:00,56.45
2023-05-20 18:00:00,23.91
2023-05-20 18:15:00,6.13
2023-05-20 18:30:00,-0.0
2023-05-20 18:45:00,-0.0
2023-05-20 19:00:00,-0.0
2023-05-20 19:15:00,-0.0
2023-05-20 19:30:00,-0.0
2023-05-20 19:45:00,-0.0
2023-05-20 20:00:00,-0.0
2023-05-20 20:15:00,-0.0
2023-05-20 20:30:00,-0.0
2023-05-20 20:45:00,-0.0
2023-05-20 21:00:00,-0.0
2023-05-20 21:15:00,-0.0
2023-05-20 21:30:00,-0.0
2023-05-20 21:45:00,-0.0
2023-05-20 22:00:00,-0.0
2023-05-20 22:15:00,-0.0
2023-05-20 22:30:00,-0.0
2023-05-20 22:45:00,-0.0
2023-05-20 23:00:00,-0.0
2023-05-20 23:15:00,-0.0
2023-05-20 23:30:00,-0.0
2023-05-20 23:45:00,-0.0
2023-05-21 00:00:00,-0.0
2023-05-21 00:15:00,-0.0
2023-05-21 00:30:00,-0.0
2023-05-21 00:45:00,-0.0
2023-05-21 01:00:00,-0.0
2023-05-21 01:15:00,-0.0
2023-05-21 01:30:00,-0.0
2023-05-21 01:45:00,-0.0
2023-05-21 02:00:00,-0.0
2023-05-21 02:15:00,-0.0
2023-05-21 02:30:00,-0.0
2023-05-21 02:45:00,-0.0
2023-05-21 03:00:00,-0.0
2023-05-21 03:15:00,-0.0
2023-05-21 03:30:00,-0.0
2023-05-21 03:45:00,-0.0
2023-05-21 04:00:00,-0.0
2023-05-21 04:15:00,-0.0
2023-05-21 04:30:00,-0.0
2023-05-21 04:45:00,0.83
2023-05-21 05:00:00,4.27
2023-05-21 05:15:00,11.61
2023-05-21 05:30:00,21.51
2023-05-21 05:45:00,42.85
2023-05-21 06:00:00,71.22
2023-05-21 06:15:00,218.53
2023-05-21 06:30:00,290.8
2023-05-21 06:45:00,328.93
2023-05-21 07:00:00,372.45
2023-05-21 07:15:00,404.09
2023-05-21 07:30:00,432.05
2023-05-21 07:45:00,456.44
2023-05-21 08:00:00,477.07
2023-05-21 08:15:00,494.32
2023-05-21 08:30:00,507.63
2023-05-21 08:45:00,517.69
2023-05-21 09:00:00,528.45
2023-05-21 09:15:00,528.9
2023-05-21 09:30:00,528.9
2023-05-21 09:45:00,528.9
2023-05-21 10:00:00,528.9
2023-05-21 10:15:00,528.9
2023-05-21 10:30:00,528.9
2023-05-21 10:45:00,528.9
2023-05-21 11:00:00,528.9
2023-05-21 11:15:00,528.9
2023-05-21 11:30:00,528.9
2023-05-21 11:45:00,528.9
2023-05-21 12:00:00,528.9
2023-05-21 12:15:00,528.9
2023-05-21 12:30:00,528.9
2023-05-21 12:45:00,528.9
2023-05-21 13:00:00,528.9
2023-05-21 13:15:00,528.9
2023-05-21 13:30:00,528.9
2023-05-21 13:45:00,528.9
2023-05-21 14:00:00,528.9
2023-05-21 14:15:00,528.9
2023-05-21 14:30:00,525.39
2023-05-21 14:45:00,515.66
2023-05-21 15:00:00,502.74
2023-05-21 15:15:00,480.15
2023-05-21 15:30:00,457.08
2023-05-21 15:45:00,429.7
2023-05-21 16:00:00,398.18
2023-05-21 16:15:00,362.38
2023-05-21 16:30:00,312.05
2023-05-21 16:45:00,269.09
2023-05-21 17:00:00,222.83
2023-05-21 17:15:00,165.62
2023-05-21 17:30:00,102.09
2023-05-21 17:45:00,59.07
2023-05-21 18:00:00,27.82
2023-05-21 18:15:00,6.92
2023-05-21 18:30:00,-0.0
2023-05-21 18:45:00,-0.0
2023-05-21 19:00:00,-0.0
2023-05-21 19:15:00,-0.0
2023-05-21 19:30:00,-0.0
2023-05-21 19:45:00,-0.0
2023-05-21 20:00:00,-0.0
2023-05-21 20:15:00,-0.0
2023-05-21 20:30:00,-0.0
2023-05-21 20:45:00,-0.0
2023-05-21 21:00:00,-0.0
2023-05-21 21:15:00,-0.0
2023-05-21 21:30:00,-0.0
2023-05-21 21:45:00,-0.0
2023-05-21 22:00:00,-0.0
2023-05-21 22:15:00,-0.0
2023-05-21 22:30:00,-0.0
2023-05-21 22:45:00,-0.0
2023-05-21 23:00:00,-0.0
2023-05-21 23:15:00,-0.0
2023-05-21 23:30:00,-0.0
2023-05-21 23:45:00,-0.0
2023-05-22 00:00:00,-0.0
2023-05-22 00:15:00,-0.0
2023-05-22 00:30:00,-0.0
2023-05-22 00:45:00,-0.0
2023-05-22 01:00:00,-0.0
2023-05-22 01:15:00,-0.0
2023-05-22 01:30:00,-0.0
2023-05-22 01:45:00,-0.0
2023-05-22 02:00:00,-0.0
2023-05-22 02:15:00,-0.0
2023-05-22 02:30:00,-0.0
2023-05-22 02:45:00,-0.0
2023-05-22 03:00:00,-0.0
2023-05-22 03:15:00,-0.0
2023-05-22 03:30:00,-0.0
2023-05-22 03:45:00,-0.0
2023-05-22 04:00:00,-0.0
2023-05-22 04:15:00,-0.0
2023-05-22 04:30:00,-0.0
2023-05-22 04:45:00,2.15
2023-05-22 05:00:00,10.96
2023-05-22 05:15:00,38.68
2023-05-22 05:30:00,77.95
2023-05-22 05:45:00,134.41
2023-05-22 06:00:00,197.18
2023-05-22 06:15:00,265.72
2023-05-22 06:30:00,309.3
2023-05-22 06:45:00,355.79
2023-05-22 07:00:00,390.47
2023-05-22 07:15:00,421.53
2023-05-22 07:30:00,448.74
2023-05-22 07:45:00,472.26
2023-05-22 08:00:00,491.65
2023-05-22 08:15:00,508.04
2023-05-22 08:30:00,520.5
2023-05-22 08:45:00,528.9
2023-05-22 09:00:00,528.9
2023-05-22 09:15:00,528.9
2023-05-22 09:30:00,528.9
2023-05-22 09:45:00,528.9
2023-05-22 10:00:00,528.9
2023-05-22 10:15:00,528.9
2023-05-22 10:30:00,528.9
2023-05-22 10:45:00,528.9
2023-05-22 11:00:00,528.9
2023-05-22 11:15:00,528.9
2023-05-22 11:30:00,528.9
2023-05-22 11:45:00,528.9
2023-05-22 12:00:00,528.9
2023-05-22 12:15:00,528.9
2023-05-22 12:30:00,528.9
2023-05-22 12:45:00,528.9
2023-05-22 13:00:00,527.83
2023-05-22 13:15:00,522.85
2023-05-22 13:30:00,516.87
2023-05-22 13:45:00,508.85
2023-05-22 14:00:00,498.55
2023-05-22 14:15:00,487.58
2023-05-22 14:30:00,474.57
2023-05-22 14:45:00,458.8
2023-05-22 15:00:00,434.0
2023-05-22 15:15:00,415.72
2023-05-22 15:30:00,394.29
2023-05-22 15:45:00,369.63
2023-05-22 16:00:00,341.58
2023-05-22 16:15:00,310.68
2023-05-22 16:30:00,276.79
2023-05-22 16:45:00,240.27
2023-05-22 17:00:00,191.55
2023-05-22 17:15:00,145.11
2023-05-22 17:30:00,96.99
2023-05-22 17:45:00,57.59
2023-05-22 18:00:00,25.53
2023-05-22 18:15:00,7.27
2023-05-22 18:30:00,0.47
2023-05-22 18:45:00,-0.0
2023-05-22 19:00:00,-0.0
2023-05-22 19:15:00,-0.0
2023-05-22 19:30:00,-0.0
2023-05-22 19:45:00,-0.0
2023-05-22 20:00:00,-0.0
2023-05-22 20:15:00,-0.0
2023-05-22 20:30:00,-0.0
2023-05-22 20:45:00,-0.0
2023-05-22 21:00:00,-0.0
2023-05-22 21:15:00,-0.0
2023-05-22 21:30:00,-0.0
2023-05-22 21:45:00,-0.0
2023-05-22 22:00:00,-0.0
2023-05-22 22:15:00,-0.0
2023-05-22 22:30:00,-0.0
2023-05-22 22:45:00,-0.0
2023-05-22 23:00:00,-0.0
2023-05-22 23:15:00,-0.0
2023-05-22 23:30:00,-0.0
2023-05-22 23:45:00,-0.0
2023-05-23 00:00:00,-0.0
2023-05-23 00:15:00,-0.0
2023-05-23 00:30:00,-0.0
2023-05-23 00:45:00,-0.0
2023-05-23 01:00:00,-0.0
2023-05-23 01:15:00,-0.0
2023-05-23 01:30:00,-0.0
2023-05-23 01:45:00,-0.0
2023-05-23 02:00:00,-0.0
2023-05-23 02:15:00,-0.0
2023-05-23 02:30:00,-0.0
2023-05-23 02:45:00,-0.0
2023-05-23 03:00:00,-0.0
2023-05-23 03:15:00,-0.0
2023-05-23 03:30:00,-0.0
2023-05-23 03:45:00,-0.0
2023-05-23 04:00:00,-0.0
2023-05-23 04:15:00,-0.0
2023-05-23 04:30:00,-0.0
2023-05-23 04:45:00,-0.0
2023-05-23 05:00:00,1.23
2023-05-23 05:15:00,3.43
2023-05-23 05:30:00,7.85
2023-05-23 05:45:00,43.18
2023-05-23 06:00:00,35.34
2023-05-23 06:15:00,57.98
2023-05-23 06:30:00,245.32
2023-05-23 06:45:00,324.6
2023-05-23 07:00:00,358.61
2023-05-23 07:15:00,389.5
2023-05-23 07:30:00,426.01
2023-05-23 07:45:00,450.49
2023-05-23 08:00:00,471.39
2023-05-23 08:15:00,488.97
2023-05-23 08:30:00,502.71
2023-05-23 08:45:00,513.33
2023-05-23 09:00:00,522.3
2023-05-23 09:15:00,528.67
2023-05-23 09:30:00,528.9
2023-05-23 09:45:00,528.9
2023-05-23 10:00:00,528.9
2023-05-23 10:15:00,528.9
2023-05-23 10:30:00,528.9
2023-05-23 10:45:00,528.9
2023-05-23 11:00:00,528.9
2023-05-23 11:15:00,528.9
2023-05-23 11:30:00,528.9
2023-05-23 11:45:00,528.9
2023-05-23 12:00:00,528.9
2023-05-23 12:15:00,528.9
2023-05-23 12:30:00,528.9
2023-05-23 12:45:00,528.9
2023-05-23 13:00:00,528.9
2023-05-23 13:15:00,525.27
2023-05-23 13:30:00,520.24
2023-05-23 13:45:00,513.33
2023-05-23 14:00:00,504.48
2023-05-23 14:15:00,494.78
2023-05-23 14:30:00,483.32
2023-05-23 14:45:00,469.11
2023-05-23 15:00:00,453.81
2023-05-23 15:15:00,435.94
2023-05-23 15:30:00,405.28
2023-05-23 15:45:00,380.67
2023-05-23 16:00:00,352.45
2023-05-23 16:15:00,320.76
2023-05-23 16:30:00,285.68
2023-05-23 16:45:00,247.42
2023-05-23 17:00:00,196.67
2023-05-23 17:15:00,148.55
2023-05-23 17:30:00,98.59
2023-05-23 17:45:00,53.93
2023-05-23 18:00:00,25.4
2023-05-23 18:15:00,7.54
2023-05-23 18:30:00,0.58
2023-05-23 18:45:00,-0.0
2023-05-23 19:00:00,-0.0
2023-05-23 19:15:00,-0.0
2023-05-23 19:30:00,-0.0
2023-05-23 19:45:00,-0.0
2023-05-23 20:00:00,-0.0
2023-05-23 20:15:00,-0.0
2023-05-23 20:30:00,-0.0
2023-05-23 20:45:00,-0.0
2023-05-23 21:00:00,-0.0
2023-05-23 21:15:00,-0.0
2023-05-23 21:30:00,-0.0
2023-05-23 21:45:00,-0.0
2023-05-23 22:00:00,-0.0
2023-05-23 22:15:00,-0.0
2023-05-23 22:30:00,-0.0
2023-05-23 22:45:00,-0.0
2023-05-23 23:00:00,-0.0
2023-05-23 23:15:00,-0.0
2023-05-23 23:30:00,-0.0
2023-05-23 23:45:00,-0.0
2023-05-24 00:00:00,-0.0
2023-05-24 00:15:00,-0.0
2023-05-24 00:30:00,-0.0
2023-05-24 00:45:00,-0.0
2023-05-24 01:00:00,-0.0
2023-05-24 01:15:00,-0.0
2023-05-24 01:30:00,-0.0
2023-05-24 01:45:00,-0.0
2023-05-24 02:00:00,-0.0
2023-05-24 02:15:00,-0.0
2023-05-24 02:30:00,-0.0
2023-05-24 02:45:00,-0.0
2023-05-24 03:00:00,-0.0
2023-05-24 03:15:00,-0.0
2023-05-24 03:30:00,-0.0
2023-05-24 03:45:00,-0.0
2023-05-24 04:00:00,-0.0
2023-05-24 04:15:00,-0.0
2023-05-24 04:30:00,-0.0
2023-05-24 04:45:00,2.33
2023-05-24 05:00:00,10.69
2023-05-24 05:15:00,33.53
2023-05-24 05:30:00,64.18
2023-05-24 05:45:00,108.54
2023-05-24 06:00:00,158.77
2023-05-24 06:15:00,216.15
2023-05-24 06:30:00,265.3
2023-05-24 06:45:00,303.46
2023-05-24 07:00:00,338.33
2023-05-24 07:15:00,370.27
2023-05-24 07:30:00,399.02
2023-05-24 07:45:00,433.25
2023-05-24 08:00:00,455.68
2023-05-24 08:15:00,474.5
2023-05-24 08:30:00,489.37
2023-05-24 08:45:00,501.12
2023-05-24 09:00:00,511.23
2023-05-24 09:15:00,518.67
2023-05-24 09:30:00,524.93
2023-05-24 09:45:00,528.9
2023-05-24 10:00:00,528.9
2023-05-24 10:15:00,528.9
2023-05-24 10:30:00,528.9
2023-05-24 10:45:00,528.9
2023-05-24 11:00:00,528.9
2023-05-24 11:15:00,528.9
2023-05-24 11:30:00,528.9
2023-05-24 11:45:00,528.9
2023-05-24 12:00:00,528.9
2023-05-24 12:15:00,528.9
2023-05-24 12:30:00,528.9
2023-05-24 12:45:00,528.9
2023-05-24 13:00:00,528.9
2023-05-24 13:15:00,528.9
2023-05-24 13:30:00,528.9
2023-05-24 13:45:00,528.9
2023-05-24 14:00:00,528.9
2023-05-24 14:15:00,528.9
2023-05-24 14:30:00,524.52
2023-05-24 14:45:00,517.97
2023-05-24 15:00:00,508.66
2023-05-24 15:15:00,478.6
2023-05-24 15:30:00,329.26
2023-05-24 15:45:00,395.92
2023-05-24 16:00:00,243.8
2023-05-24 16:15:00,200.89
2023-05-24 16:30:00,86.59
2023-05-24 16:45:00,21.95
2023-05-24 17:00:00,22.48
2023-05-24 17:15:00,23.5
2023-05-24 17:30:00,107.08
2023-05-24 17:45:00,81.21
2023-05-24 18:00:00,35.95
2023-05-24 18:15:00,9.37
2023-05-24 18:30:00,0.72
2023-05-24 18:45:00,-0.0
2023-05-24 19:00:00,-0.0
2023-05-24 19:15:00,-0.0
2023-05-24 19:30:00,-0.0
2023-05-24 19:45:00,-0.0
2023-05-24 20:00:00,-0.0
2023-05-24 20:15:00,-0.0
2023-05-24 20:30:00,-0.0
2023-05-24 20:45:00,-0.0
2023-05-24 21:00:00,-0.0
2023-05-24 21:15:00,-0.0
2023-05-24 21:30:00,-0.0
2023-05-24 21:45:00,-0.0
2023-05-24 22:00:00,-0.0
2023-05-24 22:15:00,-0.0
2023-05-24 22:30:00,-0.0
2023-05-24 22:45:00,-0.0
2023-05-24 23:00:00,-0.0
2023-05-24 23:15:00,-0.0
2023-05-24 23:30:00,-0.0
2023-05-24 23:45:00,-0.0
2023-05-25 00:00:00,-0.0
2023-05-25 00:15:00,-0.0
2023-05-25 00:30:00,-0.0
2023-05-25 00:45:00,-0.0
2023-05-25 01:00:00,-0.0
2023-05-25 01:15:00,-0.0
2023-05-25 01:30:00,-0.0
2023-05-25 01:45:00,-0.0
2023-05-25 02:00:00,-0.0
2023-05-25 02:15:00,-0.0
2023-05-25 02:30:00,-0.0
2023-05-25 02:45:00,-0.0
2023-05-25 03:00:00,-0.0
2023-05-25 03:15:00,-0.0
2023-05-25 03:30:00,-0.0
2023-05-25 03:45:00,-0.0
2023-05-25 04:00:00,-0.0
2023-05-25 04:15:00,-0.0
2023-05-25 04:30:00,-0.0
2023-05-25 04:45:00,2.24
2023-05-25 05:00:00,10.49
2023-05-25 05:15:00,35.05
2023-05-25 05:30:00,95.13
2023-05-25 05:45:00,158.8
2023-05-25 06:00:00,128.01
2023-05-25 06:15:00,269.88
2023-05-25 06:30:00,349.36
2023-05-25 06:45:00,215.38
2023-05-25 07:00:00,378.44
2023-05-25 07:15:00,448.52
2023-05-25 07:30:00,336.4
2023-05-25 07:45:00,461.97
2023-05-25 08:00:00,526.01
2023-05-25 08:15:00,528.9
2023-05-25 08:30:00,528.9
2023-05-25 08:45:00,528.9
2023-05-25 09:00:00,528.9
2023-05-25 09:15:00,528.9
2023-05-25 09:30:00,528.9
2023-05-25 09:45:00,528.9
2023-05-25 10:00:00,528.9
2023-05-25 10:15:00,528.9
2023-05-25 10:30:00,528.9
2023-05-25 10:45:00,528.9
2023-05-25 11:00:00,528.9
2023-05-25 11:15:00,528.9
2023-05-25 11:30:00,528.9
2023-05-25 11:45:00,528.9
2023-05-25 12:00:00,528.9
2023-05-25 12:15:00,528.9
2023-05-25 12:30:00,528.9
2023-05-25 12:45:00,528.9
2023-05-25 13:00:00,528.9
2023-05-25 13:15:00,528.9
2023-05-25 13:30:00,528.9
2023-05-25 13:45:00,528.9
2023-05-25 14:00:00,528.9
2023-05-25 14:15:00,528.9
2023-05-25 14:30:00,528.9
2023-05-25 14:45:00,528.9
2023-05-25 15:00:00,528.9
2023-05-25 15:15:00,528.9
2023-05-25 15:30:00,514.73
2023-05-25 15:45:00,492.05
2023-05-25 16:00:00,464.53
2023-05-25 16:15:00,432.32
2023-05-25 16:30:00,392.01
2023-05-25 16:45:00,350.82
2023-05-25 17:00:00,303.59
2023-05-25 17:15:00,240.49
2023-05-25 17:30:00,156.22
2023-05-25 17:45:00,92.34
2023-05-25 18:00:00,40.62
2023-05-25 18:15:00,10.88
2023-05-25 18:30:00,0.91
2023-05-25 18:45:00,-0.0
2023-05-25 19:00:00,-0.0
2023-05-25 19:15:00,-0.0
2023-05-25 19:30:00,-0.0
2023-05-25 19:45:00,-0.0
2023-05-25 20:00:00,-0.0
2023-05-25 20:15:00,-0.0
2023-05-25 20:30:00,-0.0
2023-05-25 20:45:00,-0.0
2023-05-25 21:00:00,-0.0
2023-05-25 21:15:00,-0.0
2023-05-25 21:30:00,-0.0
2023-05-25 21:45:00,-0.0
2023-05-25 22:00:00,-0.0
2023-05-25 22:15:00,-0.0
2023-05-25 22:30:00,-0.0
2023-05-25 22:45:00,-0.0
2023-05-25 23:00:00,-0.0
2023-05-25 23:15:00,-0.0
2023-05-25 23:30:00,-0.0
2023-05-25 23:45:00,-0.0
2023-05-26 00:00:00,-0.0
2023-05-26 00:15:00,-0.0
2023-05-26 00:30:00,-0.0
2023-05-26 00:45:00,-0.0
2023-05-26 01:00:00,-0.0
2023-05-26 01:15:00,-0.0
2023-05-26 01:30:00,-0.0
2023-05-26 01:45:00,-0.0
2023-05-26 02:00:00,-0.0
2023-05-26 02:15:00,-0.0
2023-05-26 02:30:00,-0.0
2023-05-26 02:45:00,-0.0
2023-05-26 03:00:00,-0.0
2023-05-26 03:15:00,-0.0
2023-05-26 03:30:00,-0.0
2023-05-26 03:45:00,-0.0
2023-05-26 04:00:00,-0.0
2023-05-26 04:15:00,-0.0
2023-05-26 04:30:00,-0.0
2023-05-26 04:45:00,3.15
2023-05-26 05:00:00,14.61
2023-05-26 05:15:00,51.93
2023-05-26 05:30:00,101.61
2023-05-26 05:45:00,162.64
2023-05-26 06:00:00,236.74
2023-05-26 06:15:00,310.87
2023-05-26 06:30:00,336.08
2023-05-26 06:45:00,144.7
2023-05-26 07:00:00,140.2
2023-05-26 07:15:00,388.7
2023-05-26 07:30:00,469.84
2023-05-26 07:45:00,493.81
2023-05-26 08:00:00,496.04
2023-05-26 08:15:00,296.0
2023-05-26 08:30:00,244.1
2023-05-26 08:45:00,280.77
2023-05-26 09:00:00,288.56
2023-05-26 09:15:00,309.2
2023-05-26 09:30:00,320.03
2023-05-26 09:45:00,323.89
2023-05-26 10:00:00,370.76
2023-05-26 10:15:00,369.51
2023-05-26 10:30:00,511.19
2023-05-26 10:45:00,528.9
2023-05-26 11:00:00,528.9
2023-05-26 11:15:00,528.9
2023-05-26 11:30:00,528.9
2023-05-26 11:45:00,528.9
2023-05-26 12:00:00,528.9
2023-05-26 12:15:00,528.9
2023-05-26 12:30:00,528.9
2023-05-26 12:45:00,528.9
2023-05-26 13:00:00,528.9
2023-05-26 13:15:00,528.9
2023-05-26 13:30:00,528.9
2023-05-26 13:45:00,528.9
2023-05-26 14:00:00,528.9
2023-05-26 14:15:00,528.9
2023-05-26 14:30:00,526.37
2023-05-26 14:45:00,517.8
2023-05-26 15:00:00,507.36
2023-05-26 15:15:00,492.05
2023-05-26 15:30:00,469.64
2023-05-26 15:45:00,447.37
2023-05-26 16:00:00,421.11
2023-05-26 16:15:00,390.85
2023-05-26 16:30:00,356.42
2023-05-26 16:45:00,317.93
2023-05-26 17:00:00,264.35
2023-05-26 17:15:00,210.1
2023-05-26 17:30:00,143.58
2023-05-26 17:45:00,86.62
2023-05-26 18:00:00,39.26
2023-05-26 18:15:00,11.25
2023-05-26 18:30:00,1.07
2023-05-26 18:45:00,-0.0
2023-05-26 19:00:00,-0.0
2023-05-26 19:15:00,-0.0
2023-05-26 19:30:00,-0.0
2023-05-26 19:45:00,-0.0
2023-05-26 20:00:00,-0.0
2023-05-26 20:15:00,-0.0
2023-05-26 20:30:00,-0.0
2023-05-26 20:45:00,-0.0
2023-05-26 21:00:00,-0.0
2023-05-26 21:15:00,-0.0
2023-05-26 21:30:00,-0.0
2023-05-26 21:45:00,-0.0
2023-05-26 22:00:00,-0.0
2023-05-26 22:15:00,-0.0
2023-05-26 22:30:00,-0.0
2023-05-26 22:45:00,-0.0
2023-05-26 23:00:00,-0.0
2023-05-26 23:15:00,-0.0
2023-05-26 23:30:00,-0.0
2023-05-26 23:45:00,-0.0
2023-05-27 00:00:00,-0.0
2023-05-27 00:15:00,-0.0
2023-05-27 00:30:00,-0.0
2023-05-27 00:45:00,-0.0
2023-05-27 01:00:00,-0.0
2023-05-27 01:15:00,-0.0
2023-05-27 01:30:00,-0.0
2023-05-27 01:45:00,-0.0
2023-05-27 02:00:00,-0.0
2023-05-27 02:15:00,-0.0
2023-05-27 02:30:00,-0.0
2023-05-27 02:45:00,-0.0
2023-05-27 03:00:00,-0.0
2023-05-27 03:15:00,-0.0
2023-05-27 03:30:00,-0.0
2023-05-27 03:45:00,-0.0
2023-05-27 04:00:00,-0.0
2023-05-27 04:15:00,-0.0
2023-05-27 04:30:00,-0.0
2023-05-27 04:45:00,3.16
2023-05-27 05:00:00,13.15
2023-05-27 05:15:00,43.61
2023-05-27 05:30:00,82.87
2023-05-27 05:45:00,136.55
2023-05-27 06:00:00,195.34
2023-05-27 06:15:00,258.75
2023-05-27 06:30:00,298.47
2023-05-27 06:45:00,334.77
2023-05-27 07:00:00,376.59
2023-05-27 07:15:00,406.6
2023-05-27 07:30:00,432.95
2023-05-27 07:45:00,455.92
2023-05-27 08:00:00,475.46
2023-05-27 08:15:00,491.68
2023-05-27 08:30:00,496.09
2023-05-27 08:45:00,394.69
2023-05-27 09:00:00,358.91
2023-05-27 09:15:00,340.08
2023-05-27 09:30:00,331.72
2023-05-27 09:45:00,319.86
2023-05-27 10:00:00,302.14
2023-05-27 10:15:00,301.84
2023-05-27 10:30:00,303.48
2023-05-27 10:45:00,310.21
2023-05-27 11:00:00,316.18
2023-05-27 11:15:00,332.96
2023-05-27 11:30:00,476.92
2023-05-27 11:45:00,375.49
2023-05-27 12:00:00,313.46
2023-05-27 12:15:00,339.03
2023-05-27 12:30:00,298.68
2023-05-27 12:45:00,316.23
2023-05-27 13:00:00,301.49
2023-05-27 13:15:00,304.62
2023-05-27 13:30:00,279.6
2023-05-27 13:45:00,296.99
2023-05-27 14:00:00,360.49
2023-05-27 14:15:00,373.6
2023-05-27 14:30:00,474.66
2023-05-27 14:45:00,492.96
2023-05-27 15:00:00,481.1
2023-05-27 15:15:00,452.21
2023-05-27 15:30:00,262.51
2023-05-27 15:45:00,364.63
2023-05-27 16:00:00,396.9
2023-05-27 16:15:00,366.75
2023-05-27 16:30:00,322.52
2023-05-27 16:45:00,285.4
2023-05-27 17:00:00,244.31
2023-05-27 17:15:00,188.06
2023-05-27 17:30:00,60.78
2023-05-27 17:45:00,27.72
2023-05-27 18:00:00,29.42
2023-05-27 18:15:00,11.22
2023-05-27 18:30:00,1.18
2023-05-27 18:45:00,-0.0
2023-05-27 19:00:00,-0.0
2023-05-27 19:15:00,-0.0
2023-05-27 19:30:00,-0.0
2023-05-27 19:45:00,-0.0
2023-05-27 20:00:00,-0.0
2023-05-27 20:15:00,-0.0
2023-05-27 20:30:00,-0.0
2023-05-27 20:45:00,-0.0
2023-05-27 21:00:00,-0.0
2023-05-27 21:15:00,-0.0
2023-05-27 21:30:00,-0.0
2023-05-27 21:45:00,-0.0
2023-05-27 22:00:00,-0.0
2023-05-27 22:15:00,-0.0
2023-05-27 22:30:00,-0.0
2023-05-27 22:45:00,-0.0
2023-05-27 23:00:00,-0.0
2023-05-27 23:15:00,-0.0
2023-05-27 23:30:00,-0.0
2023-05-27 23:45:00,-0.0
2023-05-28 00:00:00,-0.0
2023-05-28 00:15:00,-0.0
2023-05-28 00:30:00,-0.0
2023-05-28 00:45:00,-0.0
2023-05-28 01:00:00,-0.0
2023-05-28 01:15:00,-0.0
2023-05-28 01:30:00,-0.0
2023-05-28 01:45:00,-0.0
2023-05-28 02:00:00,-0.0
2023-05-28 02:15:00,-0.0
2023-05-28 02:30:00,-0.0
2023-05-28 02:45:00,-0.0
2023-05-28 03:00:00,-0.0
2023-05-28 03:15:00,-0.0
2023-05-28 03:30:00,-0.0
2023-05-28 03:45:00,-0.0
2023-05-28 04:00:00,-0.0
2023-05-28 04:15:00,-0.0
2023-05-28 04:30:00,-0.0
2023-05-28 04:45:00,1.43
2023-05-28 05:00:00,5.52
2023-05-28 05:15:00,13.66
2023-05-28 05:30:00,11.2
2023-05-28 05:45:00,18.73
2023-05-28 06:00:00,27.19
2023-05-28 06:15:00,256.19
2023-05-28 06:30:00,354.56
2023-05-28 06:45:00,389.67
2023-05-28 07:00:00,418.31
2023-05-28 07:15:00,444.5
2023-05-28 07:30:00,457.68
2023-05-28 07:45:00,343.22
2023-05-28 08:00:00,297.18
2023-05-28 08:15:00,321.33
2023-05-28 08:30:00,489.01
2023-05-28 08:45:00,528.9
2023-05-28 09:00:00,528.9
2023-05-28 09:15:00,528.9
2023-05-28 09:30:00,528.9
2023-05-28 09:45:00,528.9
2023-05-28 10:00:00,528.9
2023-05-28 10:15:00,528.9
2023-05-28 10:30:00,528.9
2023-05-28 10:45:00,528.9
2023-05-28 11:00:00,528.9
2023-05-28 11:15:00,528.9
2023-05-28 11:30:00,528.9
2023-05-28 11:45:00,528.9
2023-05-28 12:00:00,528.9
2023-05-28 12:15:00,528.9
2023-05-28 12:30:00,528.9
2023-05-28 12:45:00,528.9
2023-05-28 13:00:00,528.9
2023-05-28 13:15:00,528.9
2023-05-28 13:30:00,527.4
2023-05-28 13:45:00,521.45
2023-05-28 14:00:00,512.66
2023-05-28 14:15:00,503.54
2023-05-28 14:30:00,492.43
2023-05-28 14:45:00,478.44
2023-05-28 15:00:00,464.12
2023-05-28 15:15:00,447.66
2023-05-28 15:30:00,427.82
2023-05-28 15:45:00,384.78
2023-05-28 16:00:00,237.64
2023-05-28 16:15:00,303.81
2023-05-28 16:30:00,305.08
2023-05-28 16:45:00,268.71
2023-05-28 17:00:00,228.85
2023-05-28 17:15:00,182.05
2023-05-28 17:30:00,118.43
2023-05-28 17:45:00,72.04
2023-05-28 18:00:00,33.18
2023-05-28 18:15:00,11.05
2023-05-28 18:30:00,1.3
2023-05-28 18:45:00,-0.0
2023-05-28 19:00:00,-0.0
2023-05-28 19:15:00,-0.0
2023-05-28 19:30:00,-0.0
2023-05-28 19:45:00,-0.0
2023-05-28 20:00:00,-0.0
2023-05-28 20:15:00,-0.0
2023-05-28 20:30:00,-0.0
2023-05-28 20:45:00,-0.0
2023-05-28 21:00:00,-0.0
2023-05-28 21:15:00,-0.0
2023-05-28 21:30:00,-0.0
2023-05-28 21:45:00,-0.0
2023-05-28 22:00:00,-0.0
2023-05-28 22:15:00,-0.0
2023-05-28 22:30:00,-0.0
2023-05-28 22:45:00,-0.0
2023-05-28 23:00:00,-0.0
2023-05-28 23:15:00,-0.0
2023-05-28 23:30:00,-0.0
2023-05-28 23:45:00,-0.0
2023-05-29 00:00:00,-0.0
2023-05-29 00:15:00,-0.0
2023-05-29 00:30:00,-0.0
2023-05-29 00:45:00,-0.0
2023-05-29 01:00:00,-0.0
2023-05-29 01:15:00,-0.0
2023-05-29 01:30:00,-0.0
2023-05-29 01:45:00,-0.0
2023-05-29 02:00:00,-0.0
2023-05-29 02:15:00,-0.0
2023-05-29 02:30:00,-0.0
2023-05-29 02:45:00,-0.0
2023-05-29 03:00:00,-0.0
2023-05-29 03:15:00,-0.0
2023-05-29 03:30:00,-0.0
2023-05-29 03:45:00,-0.0
2023-05-29 04:00:00,-0.0
2023-05-29 04:15:00,-0.0
2023-05-29 04:30:00,-0.0
2023-05-29 04:45:00,3.21
2023-05-29 05:00:00,12.66
2023-05-29 05:15:00,38.79
2023-05-29 05:30:00,76.13
2023-05-29 05:45:00,122.22
2023-05-29 06:00:00,177.04
2023-05-29 06:15:00,244.58
2023-05-29 06:30:00,286.03
2023-05-29 06:45:00,324.51
2023-05-29 07:00:00,359.13
2023-05-29 07:15:00,399.7
2023-05-29 07:30:00,428.29
2023-05-29 07:45:00,453.19
2023-05-29 08:00:00,474.44
2023-05-29 08:15:00,492.17
2023-05-29 08:30:00,506.11
2023-05-29 08:45:00,516.66
2023-05-29 09:00:00,526.28
2023-05-29 09:15:00,528.9
2023-05-29 09:30:00,528.9
2023-05-29 09:45:00,528.9
2023-05-29 10:00:00,528.9
2023-05-29 10:15:00,528.9
2023-05-29 10:30:00,528.9
2023-05-29 10:45:00,528.9
2023-05-29 11:00:00,408.41
2023-05-29 11:15:00,499.61
2023-05-29 11:30:00,527.21
2023-05-29 11:45:00,410.57
2023-05-29 12:00:00,498.2
2023-05-29 12:15:00,524.75
2023-05-29 12:30:00,381.79
2023-05-29 12:45:00,336.89
2023-05-29 13:00:00,283.59
2023-05-29 13:15:00,311.6
2023-05-29 13:30:00,291.94
2023-05-29 13:45:00,210.91
2023-05-29 14:00:00,215.64
2023-05-29 14:15:00,178.38
2023-05-29 14:30:00,340.54
2023-05-29 14:45:00,225.61
2023-05-29 15:00:00,214.81
2023-05-29 15:15:00,180.68
2023-05-29 15:30:00,129.16
2023-05-29 15:45:00,126.31
2023-05-29 16:00:00,96.06
2023-05-29 16:15:00,133.85
2023-05-29 16:30:00,159.41
2023-05-29 16:45:00,132.71
2023-05-29 17:00:00,128.47
2023-05-29 17:15:00,87.82
2023-05-29 17:30:00,68.6
2023-05-29 17:45:00,47.91
2023-05-29 18:00:00,26.98
2023-05-29 18:15:00,11.3
2023-05-29 18:30:00,1.47
2023-05-29 18:45:00,-0.0
2023-05-29 19:00:00,-0.0
2023-05-29 19:15:00,-0.0
2023-05-29 19:30:00,-0.0
2023-05-29 19:45:00,-0.0
2023-05-29 20:00:00,-0.0
2023-05-29 20:15:00,-0.0
2023-05-29 20:30:00,-0.0
2023-05-29 20:45:00,-0.0
2023-05-29 21:00:00,-0.0
2023-05-29 21:15:00,-0.0
2023-05-29 21:30:00,-0.0
2023-05-29 21:45:00,-0.0
2023-05-29 22:00:00,-0.0
2023-05-29 22:15:00,-0.0
2023-05-29 22:30:00,-0.0
2023-05-29 22:45:00,-0.0
2023-05-29 23:00:00,-0.0
2023-05-29 23:15:00,-0.0
2023-05-29 23:30:00,-0.0
2023-05-29 23:45:00,-0.0
2023-05-30 00:00:00,-0.0
2023-05-30 00:15:00,-0.0
2023-05-30 00:30:00,-0.0
2023-05-30 00:45:00,-0.0
2023-05-30 01:00:00,-0.0
2023-05-30 01:15:00,-0.0
2023-05-30 01:30:00,-0.0
2023-05-30 01:45:00,-0.0
2023-05-30 02:00:00,-0.0
2023-05-30 02:15:00,-0.0
2023-05-30 02:30:00,-0.0
2023-05-30 02:45:00,-0.0
2023-05-30 03:00:00,-0.0
2023-05-30 03:15:00,-0.0
2023-05-30 03:30:00,-0.0
2023-05-30 03:45:00,-0.0
2023-05-30 04:00:00,-0.0
2023-05-30 04:15:00,-0.0
2023-05-30 04:30:00,-0.0
2023-05-30 04:45:00,3.28
2023-05-30 05:00:00,12.52
2023-05-30 05:15:00,37.52
2023-05-30 05:30:00,72.59
2023-05-30 05:45:00,115.43
2023-05-30 06:00:00,166.02
2023-05-30 06:15:00,214.28
2023-05-30 06:30:00,163.76
2023-05-30 06:45:00,173.94
2023-05-30 07:00:00,308.9
2023-05-30 07:15:00,365.99
2023-05-30 07:30:00,392.71
2023-05-30 07:45:00,425.42
2023-05-30 08:00:00,446.33
2023-05-30 08:15:00,463.74
2023-05-30 08:30:00,477.75
2023-05-30 08:45:00,488.6
2023-05-30 09:00:00,498.41
2023-05-30 09:15:00,505.67
2023-05-30 09:30:00,511.42
2023-05-30 09:45:00,504.42
2023-05-30 10:00:00,343.1
2023-05-30 10:15:00,282.11
2023-05-30 10:30:00,245.3
2023-05-30 10:45:00,302.36
2023-05-30 11:00:00,476.4
2023-05-30 11:15:00,521.18
2023-05-30 11:30:00,519.34
2023-05-30 11:45:00,517.37
2023-05-30 12:00:00,518.41
2023-05-30 12:15:00,518.77
2023-05-30 12:30:00,519.59
2023-05-30 12:45:00,519.52
2023-05-30 13:00:00,505.99
2023-05-30 13:15:00,342.24
2023-05-30 13:30:00,279.44
2023-05-30 13:45:00,247.12
2023-05-30 14:00:00,138.7
2023-05-30 14:15:00,92.68
2023-05-30 14:30:00,99.64
2023-05-30 14:45:00,42.85
2023-05-30 15:00:00,29.97
2023-05-30 15:15:00,65.7
2023-05-30 15:30:00,80.35
2023-05-30 15:45:00,78.02
2023-05-30 16:00:00,70.55
2023-05-30 16:15:00,27.6
2023-05-30 16:30:00,28.38
2023-05-30 16:45:00,37.74
2023-05-30 17:00:00,63.51
2023-05-30 17:15:00,166.63
2023-05-30 17:30:00,136.17
2023-05-30 17:45:00,80.33
2023-05-30 18:00:00,41.09
2023-05-30 18:15:00,13.31
2023-05-30 18:30:00,1.68
2023-05-30 18:45:00,-0.0
2023-05-30 19:00:00,-0.0
2023-05-30 19:15:00,-0.0
2023-05-30 19:30:00,-0.0
2023-05-30 19:45:00,-0.0
2023-05-30 20:00:00,-0.0
2023-05-30 20:15:00,-0.0
2023-05-30 20:30:00,-0.0
2023-05-30 20:45:00,-0.0
2023-05-30 21:00:00,-0.0
2023-05-30 21:15:00,-0.0
2023-05-30 21:30:00,-0.0
2023-05-30 21:45:00,-0.0
2023-05-30 22:00:00,-0.0
2023-05-30 22:15:00,-0.0
2023-05-30 22:30:00,-0.0
2023-05-30 22:45:00,-0.0
2023-05-30 23:00:00,-0.0
2023-05-30 23:15:00,-0.0
2023-05-30 23:30:00,-0.0
2023-05-30 23:45:00,-0.0
2023-05-31 00:00:00,-0.0
2023-05-31 00:15:00,-0.0
2023-05-31 00:30:00,-0.0
2023-05-31 00:45:00,-0.0
2023-05-31 01:00:00,-0.0
2023-05-31 01:15:00,-0.0
2023-05-31 01:30:00,-0.0
2023-05-31 01:45:00,-0.0
2023-05-31 02:00:00,-0.0
2023-05-31 02:15:00,-0.0
2023-05-31 02:30:00,-0.0
2023-05-31 02:45:00,-0.0
2023-05-31 03:00:00,-0.0
2023-05-31 03:15:00,-0.0
2023-05-31 03:30:00,-0.0
2023-05-31 03:45:00,-0.0
2023-05-31 04:00:00,-0.0
2023-05-31 04:15:00,-0.0
2023-05-31 04:30:00,-0.0
2023-05-31 04:45:00,3.81
2023-05-31 05:00:00,16.13
2023-05-31 05:15:00,53.41
2023-05-31 05:30:00,59.88
2023-05-31 05:45:00,83.26
2023-05-31 06:00:00,118.38
2023-05-31 06:15:00,260.05
2023-05-31 06:30:00,213.2
2023-05-31 06:45:00,347.08
2023-05-31 07:00:00,418.27
2023-05-31 07:15:00,446.81
2023-05-31 07:30:00,475.26
2023-05-31 07:45:00,497.04
2023-05-31 08:00:00,515.16
2023-05-31 08:15:00,528.9
2023-05-31 08:30:00,528.9
2023-05-31 08:45:00,528.9
2023-05-31 09:00:00,528.9
2023-05-31 09:15:00,528.9
2023-05-31 09:30:00,528.9
2023-05-31 09:45:00,528.9
2023-05-31 10:00:00,528.9
2023-05-31 10:15:00,528.9
2023-05-31 10:30:00,528.9
2023-05-31 10:45:00,528.9
2023-05-31 11:00:00,528.9
2023-05-31 11:15:00,528.9
2023-05-31 11:30:00,528.9
2023-05-31 11:45:00,528.9
2023-05-31 12:00:00,528.9
2023-05-31 12:15:00,528.9
2023-05-31 12:30:00,528.9
2023-05-31 12:45:00,528.9
2023-05-31 13:00:00,528.9
2023-05-31 13:15:00,528.9
2023-05-31 13:30:00,528.9
2023-05-31 13:45:00,528.9
2023-05-31 14:00:00,528.9
2023-05-31 14:15:00,528.9
2023-05-31 14:30:00,528.9
2023-05-31 14:45:00,528.9
2023-05-31 15:00:00,528.9
2023-05-31 15:15:00,525.0
2023-05-31 15:30:00,508.3
2023-05-31 15:45:00,487.78
2023-05-31 16:00:00,463.11
2023-05-31 16:15:00,434.2
2023-05-31 16:30:00,396.37
2023-05-31 16:45:00,359.07
2023-05-31 17:00:00,316.33
2023-05-31 17:15:00,264.46
2023-05-31 17:30:00,187.09
2023-05-31 17:45:00,113.02
2023-05-31 18:00:00,58.32
2023-05-31 18:15:00,18.97
2023-05-31 18:30:00,2.12
2023-05-31 18:45:00,-0.0
2023-05-31 19:00:00,-0.0
2023-05-31 19:15:00,-0.0
2023-05-31 19:30:00,-0.0
2023-05-31 19:45:00,-0.0
2023-05-31 20:00:00,-0.0
2023-05-31 20:15:00,-0.0
2023-05-31 20:30:00,-0.0
2023-05-31 20:45:00,-0.0
2023-05-31 21:00:00,-0.0
2023-05-31 21:15:00,-0.0
2023-05-31 21:30:00,-0.0
2023-05-31 21:45:00,-0.0
2023-05-31 22:00:00,-0.0
2023-05-31 22:15:00,-0.0
2023-05-31 22:30:00,-0.0
2023-05-31 22:45:00,-0.0
2023-05-31 23:00:00,-0.0
2023-05-31 23:15:00,-0.0
2023-05-31 23:30:00,-0.0
2023-05-31 23:45:00,-0.0
2023-06-01 00:00:00,-0.0
2023-06-01 00:15:00,-0.0
2023-06-01 00:30:00,-0.0
2023-06-01 00:45:00,-0.0
2023-06-01 01:00:00,-0.0
2023-06-01 01:15:00,-0.0
2023-06-01 01:30:00,-0.0
2023-06-01 01:45:00,-0.0
2023-06-01 02:00:00,-0.0
2023-06-01 02:15:00,-0.0
2023-06-01 02:30:00,-0.0
2023-06-01 02:45:00,-0.0
2023-06-01 03:00:00,-0.0
2023-06-01 03:15:00,-0.0
2023-06-01 03:30:00,-0.0
2023-06-01 03:45:00,-0.0
2023-06-01 04:00:00,-0.0
2023-06-01 04:15:00,-0.0
2023-06-01 04:30:00,-0.0
2023-06-01 04:45:00,4.08
2023-06-01 05:00:00,18.37
2023-06-01 05:15:00,62.11
2023-06-01 05:30:00,121.54
2023-06-01 05:45:00,191.12
2023-06-01 06:00:00,267.15
2023-06-01 06:15:00,340.83
2023-06-01 06:30:00,380.05
2023-06-01 06:45:00,417.51
2023-06-01 07:00:00,448.47
2023-06-01 07:15:00,475.21
2023-06-01 07:30:00,497.92
2023-06-01 07:45:00,516.91
2023-06-01 08:00:00,528.9
2023-06-01 08:15:00,528.9
2023-06-01 08:30:00,528.9
2023-06-01 08:45:00,528.9
2023-06-01 09:00:00,528.9
2023-06-01 09:15:00,528.9
2023-06-01 09:30:00,528.9
2023-06-01 09:45:00,528.9
2023-06-01 10:00:00,528.9
2023-06-01 10:15:00,528.9
2023-06-01 10:30:00,528.9
2023-06-01 10:45:00,528.9
2023-06-01 11:00:00,528.9
2023-06-01 11:15:00,528.9
2023-06-01 11:30:00,528.9
2023-06-01 11:45:00,528.9
2023-06-01 12:00:00,528.9
2023-06-01 12:15:00,528.9
2023-06-01 12:30:00,528.9
2023-06-01 12:45:00,528.9
2023-06-01 13:00:00,528.9
2023-06-01 13:15:00,528.9
2023-06-01 13:30:00,528.9
2023-06-01 13:45:00,528.9
2023-06-01 14:00:00,528.9
2023-06-01 14:15:00,528.9
2023-06-01 14:30:00,528.9
2023-06-01 14:45:00,528.9
2023-06-01 15:00:00,348.53
2023-06-01 15:15:00,473.25
2023-06-01 15:30:00,500.26
2023-06-01 15:45:00,326.0
2023-06-01 16:00:00,241.95
2023-06-01 16:15:00,246.23
2023-06-01 16:30:00,171.68
2023-06-01 16:45:00,82.47
2023-06-01 17:00:00,130.47
2023-06-01 17:15:00,256.17
2023-06-01 17:30:00,209.65
2023-06-01 17:45:00,137.07
2023-06-01 18:00:00,73.8
2023-06-01 18:15:00,24.73
2023-06-01 18:30:00,2.41
2023-06-01 18:45:00,-0.0
2023-06-01 19:00:00,-0.0
2023-06-01 19:15:00,-0.0
2023-06-01 19:30:00,-0.0
2023-06-01 19:45:00,-0.0
2023-06-01 20:00:00,-0.0
2023-06-01 20:15:00,-0.0
2023-06-01 20:30:00,-0.0
2023-06-01 20:45:00,-0.0
2023-06-01 21:00:00,-0.0
2023-06-01 21:15:00,-0.0
2023-06-01 21:30:00,-0.0
2023-06-01 21:45:00,-0.0
2023-06-01 22:00:00,-0.0
2023-06-01 22:15:00,-0.0
2023-06-01 22:30:00,-0.0
2023-06-01 22:45:00,-0.0
2023-06-01 23:00:00,-0.0
2023-06-01 23:15:00,-0.0
2023-06-01 23:30:00,-0.0
2023-06-01 23:45:00,-0.0
2023-06-02 00:00:00,-0.0
2023-06-02 00:15:00,-0.0
2023-06-02 00:30:00,-0.0
2023-06-02 00:45:00,-0.0
2023-06-02 01:00:00,-0.0
2023-06-02 01:15:00,-0.0
2023-06-02 01:30:00,-0.0
2023-06-02 01:45:00,-0.0
2023-06-02 02:00:00,-0.0
2023-06-02 02:15:00,-0.0
2023-06-02 02:30:00,-0.0
2023-06-02 02:45:00,-0.0
2023-06-02 03:00:00,-0.0
2023-06-02 03:15:00,-0.0
2023-06-02 03:30:00,-0.0
2023-06-02 03:45:00,-0.0
2023-06-02 04:00:00,-0.0
2023-06-02 04:15:00,-0.0
2023-06-02 04:30:00,-0.0
2023-06-02 04:45:00,4.14
2023-06-02 05:00:00,18.37
2023-06-02 05:15:00,60.13
2023-06-02 05:30:00,79.65
2023-06-02 05:45:00,120.54
2023-06-02 06:00:00,242.63
2023-06-02 06:15:00,330.83
2023-06-02 06:30:00,368.92
2023-06-02 06:45:00,402.09
2023-06-02 07:00:00,434.98
2023-06-02 07:15:00,461.31
2023-06-02 07:30:00,475.31
2023-06-02 07:45:00,386.11
2023-06-02 08:00:00,473.27
2023-06-02 08:15:00,398.87
2023-06-02 08:30:00,499.92
2023-06-02 08:45:00,528.9
2023-06-02 09:00:00,528.9
2023-06-02 09:15:00,528.9
2023-06-02 09:30:00,528.9
2023-06-02 09:45:00,528.9
2023-06-02 10:00:00,389.88
2023-06-02 10:15:00,338.8
2023-06-02 10:30:00,332.6
2023-06-02 10:45:00,355.41
2023-06-02 11:00:00,496.71
2023-06-02 11:15:00,395.5
2023-06-02 11:30:00,353.19
2023-06-02 11:45:00,360.25
2023-06-02 12:00:00,369.37
2023-06-02 12:15:00,346.58
2023-06-02 12:30:00,346.87
2023-06-02 12:45:00,338.88
2023-06-02 13:00:00,318.81
2023-06-02 13:15:00,279.33
2023-06-02 13:30:00,165.43
2023-06-02 13:45:00,290.95
2023-06-02 14:00:00,307.75
2023-06-02 14:15:00,273.17
2023-06-02 14:30:00,334.49
2023-06-02 14:45:00,302.08
2023-06-02 15:00:00,314.86
2023-06-02 15:15:00,405.31
2023-06-02 15:30:00,296.92
2023-06-02 15:45:00,197.54
2023-06-02 16:00:00,123.82
2023-06-02 16:15:00,173.53
2023-06-02 16:30:00,183.56
2023-06-02 16:45:00,139.93
2023-06-02 17:00:00,115.4
2023-06-02 17:15:00,86.57
2023-06-02 17:30:00,95.38
2023-06-02 17:45:00,60.32
2023-06-02 18:00:00,31.3
2023-06-02 18:15:00,12.18
2023-06-02 18:30:00,1.98
2023-06-02 18:45:00,-0.0
2023-06-02 19:00:00,-0.0
2023-06-02 19:15:00,-0.0
2023-06-02 19:30:00,-0.0
2023-06-02 19:45:00,-0.0
2023-06-02 20:00:00,-0.0
2023-06-02 20:15:00,-0.0
2023-06-02 20:30:00,-0.0
2023-06-02 20:45:00,-0.0
2023-06-02 21:00:00,-0.0
2023-06-02 21:15:00,-0.0
2023-06-02 21:30:00,-0.0
2023-06-02 21:45:00,-0.0
2023-06-02 22:00:00,-0.0
2023-06-02 22:15:00,-0.0
2023-06-02 22:30:00,-0.0
2023-06-02 22:45:00,-0.0
2023-06-02 23:00:00,-0.0
2023-06-02 23:15:00,-0.0
2023-06-02 23:30:00,-0.0
2023-06-02 23:45:00,-0.0
2023-06-03 00:00:00,-0.0
2023-06-03 00:15:00,-0.0
2023-06-03 00:30:00,-0.0
2023-06-03 00:45:00,-0.0
2023-06-03 01:00:00,-0.0
2023-06-03 01:15:00,-0.0
2023-06-03 01:30:00,-0.0
2023-06-03 01:45:00,-0.0
2023-06-03 02:00:00,-0.0
2023-06-03 02:15:00,-0.0
2023-06-03 02:30:00,-0.0
2023-06-03 02:45:00,-0.0
2023-06-03 03:00:00,-0.0
2023-06-03 03:15:00,-0.0
2023-06-03 03:30:00,-0.0
2023-06-03 03:45:00,-0.0
2023-06-03 04:00:00,-0.0
2023-06-03 04:15:00,-0.0
2023-06-03 04:30:00,-0.0
2023-06-03 04:45:00,2.27
2023-06-03 05:00:00,7.3
2023-06-03 05:15:00,19.09
2023-06-03 05:30:00,39.37
2023-06-03 05:45:00,68.62
2023-06-03 06:00:00,70.14
2023-06-03 06:15:00,113.4
2023-06-03 06:30:00,136.49
2023-06-03 06:45:00,151.21
2023-06-03 07:00:00,103.6
2023-06-03 07:15:00,119.59
2023-06-03 07:30:00,177.02
2023-06-03 07:45:00,195.29
2023-06-03 08:00:00,170.04
2023-06-03 08:15:00,183.5
2023-06-03 08:30:00,273.88
2023-06-03 08:45:00,296.2
2023-06-03 09:00:00,288.3
2023-06-03 09:15:00,319.53
2023-06-03 09:30:00,319.79
2023-06-03 09:45:00,472.73
2023-06-03 10:00:00,517.52
2023-06-03 10:15:00,520.14
2023-06-03 10:30:00,520.72
2023-06-03 10:45:00,521.32
2023-06-03 11:00:00,520.88
2023-06-03 11:15:00,518.7
2023-06-03 11:30:00,517.56
2023-06-03 11:45:00,515.69
2023-06-03 12:00:00,515.77
2023-06-03 12:15:00,515.23
2023-06-03 12:30:00,515.18
2023-06-03 12:45:00,513.95
2023-06-03 13:00:00,511.17
2023-06-03 13:15:00,508.51
2023-06-03 13:30:00,503.86
2023-06-03 13:45:00,497.83
2023-06-03 14:00:00,489.7
2023-06-03 14:15:00,480.5
2023-06-03 14:30:00,469.9
2023-06-03 14:45:00,456.63
2023-06-03 15:00:00,441.47
2023-06-03 15:15:00,413.72
2023-06-03 15:30:00,391.69
2023-06-03 15:45:00,366.38
2023-06-03 16:00:00,337.93
2023-06-03 16:15:00,306.39
2023-06-03 16:30:00,271.84
2023-06-03 16:45:00,215.66
2023-06-03 17:00:00,69.95
2023-06-03 17:15:00,38.14
2023-06-03 17:30:00,45.53
2023-06-03 17:45:00,26.99
2023-06-03 18:00:00,25.46
2023-06-03 18:15:00,11.56
2023-06-03 18:30:00,2.13
2023-06-03 18:45:00,-0.0
2023-06-03 19:00:00,-0.0
2023-06-03 19:15:00,-0.0
2023-06-03 19:30:00,-0.0
2023-06-03 19:45:00,-0.0
2023-06-03 20:00:00,-0.0
2023-06-03 20:15:00,-0.0
2023-06-03 20:30:00,-0.0
2023-06-03 20:45:00,-0.0
2023-06-03 21:00:00,-0.0
2023-06-03 21:15:00,-0.0
2023-06-03 21:30:00,-0.0
2023-06-03 21:45:00,-0.0
2023-06-03 22:00:00,-0.0
2023-06-03 22:15:00,-0.0
2023-06-03 22:30:00,-0.0
2023-06-03 22:45:00,-0.0
2023-06-03 23:00:00,-0.0
2023-06-03 23:15:00,-0.0
2023-06-03 23:30:00,-0.0
2023-06-03 23:45:00,-0.0
2023-06-04 00:00:00,-0.0
2023-06-04 00:15:00,-0.0
2023-06-04 00:30:00,-0.0
2023-06-04 00:45:00,-0.0
2023-06-04 01:00:00,-0.0
2023-06-04 01:15:00,-0.0
2023-06-04 01:30:00,-0.0
2023-06-04 01:45:00,-0.0
2023-06-04 02:00:00,-0.0
2023-06-04 02:15:00,-0.0
2023-06-04 02:30:00,-0.0
2023-06-04 02:45:00,-0.0
2023-06-04 03:00:00,-0.0
2023-06-04 03:15:00,-0.0
2023-06-04 03:30:00,-0.0
2023-06-04 03:45:00,-0.0
2023-06-04 04:00:00,-0.0
2023-06-04 04:15:00,-0.0
2023-06-04 04:30:00,-0.0
2023-06-04 04:45:00,3.64
2023-06-04 05:00:00,12.34
2023-06-04 05:15:00,36.7
2023-06-04 05:30:00,66.76
2023-06-04 05:45:00,110.73
2023-06-04 06:00:00,150.75
2023-06-04 06:15:00,69.94
2023-06-04 06:30:00,52.44
2023-06-04 06:45:00,92.32
2023-06-04 07:00:00,120.79
2023-06-04 07:15:00,171.61
2023-06-04 07:30:00,198.23
2023-06-04 07:45:00,233.05
2023-06-04 08:00:00,220.42
2023-06-04 08:15:00,241.91
2023-06-04 08:30:00,242.27
2023-06-04 08:45:00,295.61
2023-06-04 09:00:00,437.03
2023-06-04 09:15:00,482.83
2023-06-04 09:30:00,480.39
2023-06-04 09:45:00,367.31
2023-06-04 10:00:00,448.48
2023-06-04 10:15:00,333.73
2023-06-04 10:30:00,295.09
2023-06-04 10:45:00,330.46
2023-06-04 11:00:00,339.22
2023-06-04 11:15:00,338.32
2023-06-04 11:30:00,462.96
2023-06-04 11:45:00,499.35
2023-06-04 12:00:00,499.13
2023-06-04 12:15:00,498.12
2023-06-04 12:30:00,497.44
2023-06-04 12:45:00,495.45
2023-06-04 13:00:00,491.96
2023-06-04 13:15:00,488.18
2023-06-04 13:30:00,482.44
2023-06-04 13:45:00,475.11
2023-06-04 14:00:00,451.64
2023-06-04 14:15:00,328.41
2023-06-04 14:30:00,326.18
2023-06-04 14:45:00,400.25
2023-06-04 15:00:00,404.23
2023-06-04 15:15:00,385.7
2023-06-04 15:30:00,363.97
2023-06-04 15:45:00,339.54
2023-06-04 16:00:00,311.66
2023-06-04 16:15:00,271.41
2023-06-04 16:30:00,233.39
2023-06-04 16:45:00,126.04
2023-06-04 17:00:00,151.7
2023-06-04 17:15:00,135.06
2023-06-04 17:30:00,86.69
2023-06-04 17:45:00,52.43
2023-06-04 18:00:00,16.84
2023-06-04 18:15:00,8.26
2023-06-04 18:30:00,1.76
2023-06-04 18:45:00,-0.0
2023-06-04 19:00:00,-0.0
2023-06-04 19:15:00,-0.0
2023-06-04 19:30:00,-0.0
2023-06-04 19:45:00,-0.0
2023-06-04 20:00:00,-0.0
2023-06-04 20:15:00,-0.0
2023-06-04 20:30:00,-0.0
2023-06-04 20:45:00,-0.0
2023-06-04 21:00:00,-0.0
2023-06-04 21:15:00,-0.0
2023-06-04 21:30:00,-0.0
2023-06-04 21:45:00,-0.0
2023-06-04 22:00:00,-0.0
2023-06-04 22:15:00,-0.0
2023-06-04 22:30:00,-0.0
2023-06-04 22:45:00,-0.0
2023-06-04 23:00:00,-0.0
2023-06-04 23:15:00,-0.0
2023-06-04 23:30:00,-0.0
2023-06-04 23:45:00,-0.0
2023-06-05 00:00:00,-0.0
2023-06-05 00:15:00,-0.0
2023-06-05 00:30:00,-0.0
2023-06-05 00:45:00,-0.0
2023-06-05 01:00:00,-0.0
2023-06-05 01:15:00,-0.0
2023-06-05 01:30:00,-0.0
2023-06-05 01:45:00,-0.0
2023-06-05 02:00:00,-0.0
2023-06-05 02:15:00,-0.0
2023-06-05 02:30:00,-0.0
2023-06-05 02:45:00,-0.0
2023-06-05 03:00:00,-0.0
2023-06-05 03:15:00,-0.0
2023-06-05 03:30:00,-0.0
2023-06-05 03:45:00,-0.0
2023-06-05 04:00:00,-0.0
2023-06-05 04:15:00,-0.0
2023-06-05 04:30:00,-0.0
2023-06-05 04:45:00,3.67
2023-06-05 05:00:00,12.61
2023-06-05 05:15:00,35.98
2023-06-05 05:30:00,64.97
2023-06-05 05:45:00,107.4
2023-06-05 06:00:00,154.6
2023-06-05 06:15:00,204.22
2023-06-05 06:30:00,241.77
2023-06-05 06:45:00,286.72
2023-06-05 07:00:00,320.32
2023-06-05 07:15:00,351.18
2023-06-05 07:30:00,379.0
2023-06-05 07:45:00,403.77
2023-06-05 08:00:00,425.5
2023-06-05 08:15:00,453.23
2023-06-05 08:30:00,468.41
2023-06-05 08:45:00,480.81
2023-06-05 09:00:00,491.15
2023-06-05 09:15:00,499.32
2023-06-05 09:30:00,505.84
2023-06-05 09:45:00,500.37
2023-06-05 10:00:00,362.19
2023-06-05 10:15:00,463.37
2023-06-05 10:30:00,372.74
2023-06-05 10:45:00,466.64
2023-06-05 11:00:00,371.42
2023-06-05 11:15:00,320.17
2023-06-05 11:30:00,282.93
2023-06-05 11:45:00,231.46
2023-06-05 12:00:00,237.37
2023-06-05 12:15:00,132.44
2023-06-05 12:30:00,170.62
2023-06-05 12:45:00,243.8
2023-06-05 13:00:00,227.41
2023-06-05 13:15:00,234.61
2023-06-05 13:30:00,277.18
2023-06-05 13:45:00,313.15
2023-06-05 14:00:00,332.46
2023-06-05 14:15:00,273.77
2023-06-05 14:30:00,319.81
2023-06-05 14:45:00,340.05
2023-06-05 15:00:00,292.85
2023-06-05 15:15:00,261.78
2023-06-05 15:30:00,404.58
2023-06-05 15:45:00,424.0
2023-06-05 16:00:00,400.45
2023-06-05 16:15:00,373.22
2023-06-05 16:30:00,342.46
2023-06-05 16:45:00,297.51
2023-06-05 17:00:00,256.2
2023-06-05 17:15:00,176.27
2023-06-05 17:30:00,102.28
2023-06-05 17:45:00,69.26
2023-06-05 18:00:00,46.75
2023-06-05 18:15:00,17.59
2023-06-05 18:30:00,2.98
2023-06-05 18:45:00,-0.0
2023-06-05 19:00:00,-0.0
2023-06-05 19:15:00,-0.0
2023-06-05 19:30:00,-0.0
2023-06-05 19:45:00,-0.0
2023-06-05 20:00:00,-0.0
2023-06-05 20:15:00,-0.0
2023-06-05 20:30:00,-0.0
2023-06-05 20:45:00,-0.0
2023-06-05 21:00:00,-0.0
2023-06-05 21:15:00,-0.0
2023-06-05 21:30:00,-0.0
2023-06-05 21:45:00,-0.0
2023-06-05 22:00:00,-0.0
2023-06-05 22:15:00,-0.0
2023-06-05 22:30:00,-0.0
2023-06-05 22:45:00,-0.0
2023-06-05 23:00:00,-0.0
2023-06-05 23:15:00,-0.0
2023-06-05 23:30:00,-0.0
2023-06-05 23:45:00,-0.0
2023-06-06 00:00:00,-0.0
2023-06-06 00:15:00,-0.0
2023-06-06 00:30:00,-0.0
2023-06-06 00:45:00,-0.0
2023-06-06 01:00:00,-0.0
2023-06-06 01:15:00,-0.0
2023-06-06 01:30:00,-0.0
2023-06-06 01:45:00,-0.0
2023-06-06 02:00:00,-0.0
2023-06-06 02:15:00,-0.0
2023-06-06 02:30:00,-0.0
2023-06-06 02:45:00,-0.0
2023-06-06 03:00:00,-0.0
2023-06-06 03:15:00,-0.0
2023-06-06 03:30:00,-0.0
2023-06-06 03:45:00,-0.0
2023-06-06 04:00:00,-0.0
2023-06-06 04:15:00,-0.0
2023-06-06 04:30:00,-0.0
2023-06-06 04:45:00,4.52
2023-06-06 05:00:00,17.63
2023-06-06 05:15:00,57.75
2023-06-06 05:30:00,107.65
2023-06-06 05:45:00,162.23
2023-06-06 06:00:00,129.74
2023-06-06 06:15:00,262.93
2023-06-06 06:30:00,349.61
2023-06-06 06:45:00,384.88
2023-06-06 07:00:00,416.28
2023-06-06 07:15:00,434.95
2023-06-06 07:30:00,325.32
2023-06-06 07:45:00,336.99
2023-06-06 08:00:00,475.51
2023-06-06 08:15:00,523.4
2023-06-06 08:30:00,528.9
2023-06-06 08:45:00,528.9
2023-06-06 09:00:00,418.41
2023-06-06 09:15:00,362.93
2023-06-06 09:30:00,262.49
2023-06-06 09:45:00,310.84
2023-06-06 10:00:00,310.13
2023-06-06 10:15:00,216.64
2023-06-06 10:30:00,295.65
2023-06-06 10:45:00,364.13
2023-06-06 11:00:00,371.74
2023-06-06 11:15:00,312.48
2023-06-06 11:30:00,281.47
2023-06-06 11:45:00,312.13
2023-06-06 12:00:00,333.41
2023-06-06 12:15:00,311.07
2023-06-06 12:30:00,289.85
2023-06-06 12:45:00,257.72
2023-06-06 13:00:00,308.87
2023-06-06 13:15:00,503.84
2023-06-06 13:30:00,528.9
2023-06-06 13:45:00,528.9
2023-06-06 14:00:00,528.9
2023-06-06 14:15:00,528.9
2023-06-06 14:30:00,528.9
2023-06-06 14:45:00,525.85
2023-06-06 15:00:00,392.91
2023-06-06 15:15:00,229.48
2023-06-06 15:30:00,235.99
2023-06-06 15:45:00,214.0
2023-06-06 16:00:00,261.16
2023-06-06 16:15:00,281.95
2023-06-06 16:30:00,367.44
2023-06-06 16:45:00,362.9
2023-06-06 17:00:00,323.72
2023-06-06 17:15:00,279.23
2023-06-06 17:30:00,204.63
2023-06-06 17:45:00,134.73
2023-06-06 18:00:00,70.58
2023-06-06 18:15:00,27.89
2023-06-06 18:30:00,3.7
2023-06-06 18:45:00,-0.0
2023-06-06 19:00:00,-0.0
2023-06-06 19:15:00,-0.0
2023-06-06 19:30:00,-0.0
2023-06-06 19:45:00,-0.0
2023-06-06 20:00:00,-0.0
2023-06-06 20:15:00,-0.0
2023-06-06 20:30:00,-0.0
2023-06-06 20:45:00,-0.0
2023-06-06 21:00:00,-0.0
2023-06-06 21:15:00,-0.0
2023-06-06 21:30:00,-0.0
2023-06-06 21:45:00,-0.0
2023-06-06 22:00:00,-0.0
2023-06-06 22:15:00,-0.0
2023-06-06 22:30:00,-0.0
2023-06-06 22:45:00,-0.0
2023-06-06 23:00:00,-0.0
2023-06-06 23:15:00,-0.0
2023-06-06 23:30:00,-0.0
2023-06-06 23:45:00,-0.0
2023-06-07 00:00:00,-0.0
2023-06-07 00:15:00,-0.0
2023-06-07 00:30:00,-0.0
2023-06-07 00:45:00,-0.0
2023-06-07 01:00:00,-0.0
2023-06-07 01:15:00,-0.0
2023-06-07 01:30:00,-0.0
2023-06-07 01:45:00,-0.0
2023-06-07 02:00:00,-0.0
2023-06-07 02:15:00,-0.0
2023-06-07 02:30:00,-0.0
2023-06-07 02:45:00,-0.0
2023-06-07 03:00:00,-0.0
2023-06-07 03:15:00,-0.0
2023-06-07 03:30:00,-0.0
2023-06-07 03:45:00,-0.0
2023-06-07 04:00:00,-0.0
2023-06-07 04:15:00,-0.0
2023-06-07 04:30:00,-0.0
2023-06-07 04:45:00,4.49
2023-06-07 05:00:00,17.5
2023-06-07 05:15:00,57.05
2023-06-07 05:30:00,105.75
2023-06-07 05:45:00,163.98
2023-06-07 06:00:00,235.29
2023-06-07 06:15:00,299.22
2023-06-07 06:30:00,337.02
2023-06-07 06:45:00,370.37
2023-06-07 07:00:00,399.34
2023-06-07 07:15:00,425.33
2023-06-07 07:30:00,447.86
2023-06-07 07:45:00,467.21
2023-06-07 08:00:00,487.43
2023-06-07 08:15:00,488.99
2023-06-07 08:30:00,389.82
2023-06-07 08:45:00,482.54
2023-06-07 09:00:00,516.3
2023-06-07 09:15:00,400.25
2023-06-07 09:30:00,371.48
2023-06-07 09:45:00,374.77
2023-06-07 10:00:00,377.95
2023-06-07 10:15:00,346.15
2023-06-07 10:30:00,359.17
2023-06-07 10:45:00,494.36
2023-06-07 11:00:00,528.9
2023-06-07 11:15:00,527.82
2023-06-07 11:30:00,516.67
2023-06-07 11:45:00,395.24
2023-06-07 12:00:00,346.13
2023-06-07 12:15:00,335.45
2023-06-07 12:30:00,324.51
2023-06-07 12:45:00,311.69
2023-06-07 13:00:00,222.86
2023-06-07 13:15:00,194.19
2023-06-07 13:30:00,198.38
2023-06-07 13:45:00,276.97
2023-06-07 14:00:00,268.17
2023-06-07 14:15:00,296.19
2023-06-07 14:30:00,299.3
2023-06-07 14:45:00,305.04
2023-06-07 15:00:00,399.07
2023-06-07 15:15:00,310.58
2023-06-07 15:30:00,258.11
2023-06-07 15:45:00,226.73
2023-06-07 16:00:00,318.26
2023-06-07 16:15:00,318.17
2023-06-07 16:30:00,285.43
2023-06-07 16:45:00,249.84
2023-06-07 17:00:00,201.81
2023-06-07 17:15:00,162.01
2023-06-07 17:30:00,113.06
2023-06-07 17:45:00,70.88
2023-06-07 18:00:00,35.35
2023-06-07 18:15:00,14.81
2023-06-07 18:30:00,3.01
2023-06-07 18:45:00,-0.0
2023-06-07 19:00:00,-0.0
2023-06-07 19:15:00,-0.0
2023-06-07 19:30:00,-0.0
2023-06-07 19:45:00,-0.0
2023-06-07 20:00:00,-0.0
2023-06-07 20:15:00,-0.0
2023-06-07 20:30:00,-0.0
2023-06-07 20:45:00,-0.0
2023-06-07 21:00:00,-0.0
2023-06-07 21:15:00,-0.0
2023-06-07 21:30:00,-0.0
2023-06-07 21:45:00,-0.0
2023-06-07 22:00:00,-0.0
2023-06-07 22:15:00,-0.0
2023-06-07 22:30:00,-0.0
2023-06-07 22:45:00,-0.0
2023-06-07 23:00:00,-0.0
2023-06-07 23:15:00,-0.0
2023-06-07 23:30:00,-0.0
2023-06-07 23:45:00,-0.0
2023-06-08 00:00:00,-0.0
2023-06-08 00:15:00,-0.0
2023-06-08 00:30:00,-0.0
2023-06-08 00:45:00,-0.0
2023-06-08 01:00:00,-0.0
2023-06-08 01:15:00,-0.0
2023-06-08 01:30:00,-0.0
2023-06-08 01:45:00,-0.0
2023-06-08 02:00:00,-0.0
2023-06-08 02:15:00,-0.0
2023-06-08 02:30:00,-0.0
2023-06-08 02:45:00,-0.0
2023-06-08 03:00:00,-0.0
2023-06-08 03:15:00,-0.0
2023-06-08 03:30:00,-0.0
2023-06-08 03:45:00,-0.0
2023-06-08 04:00:00,-0.0
2023-06-08 04:15:00,-0.0
2023-06-08 04:30:00,-0.0
2023-06-08 04:45:00,4.25
2023-06-08 05:00:00,14.65
2023-06-08 05:15:00,45.27
2023-06-08 05:30:00,82.83
2023-06-08 05:45:00,130.15
2023-06-08 06:00:00,191.98
2023-06-08 06:15:00,249.76
2023-06-08 06:30:00,289.37
2023-06-08 06:45:00,325.38
2023-06-08 07:00:00,358.22
2023-06-08 07:15:00,397.68
2023-06-08 07:30:00,424.31
2023-06-08 07:45:00,447.64
2023-06-08 08:00:00,467.68
2023-06-08 08:15:00,484.27
2023-06-08 08:30:00,497.19
2023-06-08 08:45:00,507.25
2023-06-08 09:00:00,516.93
2023-06-08 09:15:00,522.41
2023-06-08 09:30:00,526.47
2023-06-08 09:45:00,528.9
2023-06-08 10:00:00,528.9
2023-06-08 10:15:00,528.9
2023-06-08 10:30:00,528.9
2023-06-08 10:45:00,528.9
2023-06-08 11:00:00,528.9
2023-06-08 11:15:00,528.9
2023-06-08 11:30:00,527.62
2023-06-08 11:45:00,525.47
2023-06-08 12:00:00,524.98
2023-06-08 12:15:00,523.99
2023-06-08 12:30:00,524.06
2023-06-08 12:45:00,522.09
2023-06-08 13:00:00,519.57
2023-06-08 13:15:00,516.69
2023-06-08 13:30:00,512.05
2023-06-08 13:45:00,506.11
2023-06-08 14:00:00,497.71
2023-06-08 14:15:00,488.55
2023-06-08 14:30:00,478.13
2023-06-08 14:45:00,464.87
2023-06-08 15:00:00,450.29
2023-06-08 15:15:00,432.99
2023-06-08 15:30:00,402.27
2023-06-08 15:45:00,378.04
2023-06-08 16:00:00,350.54
2023-06-08 16:15:00,319.85
2023-06-08 16:30:00,286.05
2023-06-08 16:45:00,249.62
2023-06-08 17:00:00,200.8
2023-06-08 17:15:00,160.6
2023-06-08 17:30:00,112.15
2023-06-08 17:45:00,65.56
2023-06-08 18:00:00,35.42
2023-06-08 18:15:00,15.14
2023-06-08 18:30:00,3.2
2023-06-08 18:45:00,-0.0
2023-06-08 19:00:00,-0.0
2023-06-08 19:15:00,-0.0
2023-06-08 19:30:00,-0.0
2023-06-08 19:45:00,-0.0
2023-06-08 20:00:00,-0.0
2023-06-08 20:15:00,-0.0
2023-06-08 20:30:00,-0.0
2023-06-08 20:45:00,-0.0
2023-06-08 21:00:00,-0.0
2023-06-08 21:15:00,-0.0
2023-06-08 21:30:00,-0.0
2023-06-08 21:45:00,-0.0
2023-06-08 22:00:00,-0.0
2023-06-08 22:15:00,-0.0
2023-06-08 22:30:00,-0.0
2023-06-08 22:45:00,-0.0
2023-06-08 23:00:00,-0.0
2023-06-08 23:15:00,-0.0
2023-06-08 23:30:00,-0.0
2023-06-08 23:45:00,-0.0
2023-06-09 00:00:00,-0.0
2023-06-09 00:15:00,-0.0
2023-06-09 00:30:00,-0.0
2023-06-09 00:45:00,-0.0
2023-06-09 01:00:00,-0.0
2023-06-09 01:15:00,-0.0
2023-06-09 01:30:00,-0.0
2023-06-09 01:45:00,-0.0
2023-06-09 02:00:00,-0.0
2023-06-09 02:15:00,-0.0
2023-06-09 02:30:00,-0.0
2023-06-09 02:45:00,-0.0
2023-06-09 03:00:00,-0.0
2023-06-09 03:15:00,-0.0
2023-06-09 03:30:00,-0.0
2023-06-09 03:45:00,-0.0
2023-06-09 04:00:00,-0.0
2023-06-09 04:15:00,-0.0
2023-06-09 04:30:00,-0.0
2023-06-09 04:45:00,2.39
2023-06-09 05:00:00,7.4
2023-06-09 05:15:00,20.71
2023-06-09 05:30:00,77.01
2023-06-09 05:45:00,140.81
2023-06-09 06:00:00,199.41
2023-06-09 06:15:00,257.87
2023-06-09 06:30:00,297.04
2023-06-09 06:45:00,332.64
2023-06-09 07:00:00,374.34
2023-06-09 07:15:00,404.1
2023-06-09 07:30:00,430.26
2023-06-09 07:45:00,453.14
2023-06-09 08:00:00,472.4
2023-06-09 08:15:00,488.59
2023-06-09 08:30:00,501.13
2023-06-09 08:45:00,498.38
2023-06-09 09:00:00,332.05
2023-06-09 09:15:00,308.86
2023-06-09 09:30:00,472.45
2023-06-09 09:45:00,374.36
2023-06-09 10:00:00,488.72
2023-06-09 10:15:00,522.51
2023-06-09 10:30:00,381.54
2023-06-09 10:45:00,328.35
2023-06-09 11:00:00,294.76
2023-06-09 11:15:00,274.2
2023-06-09 11:30:00,328.85
2023-06-09 11:45:00,342.89
2023-06-09 12:00:00,359.22
2023-06-09 12:15:00,374.53
2023-06-09 12:30:00,315.71
2023-06-09 12:45:00,316.12
2023-06-09 13:00:00,315.08
2023-06-09 13:15:00,299.28
2023-06-09 13:30:00,460.91
2023-06-09 13:45:00,503.17
2023-06-09 14:00:00,487.17
2023-06-09 14:15:00,372.53
2023-06-09 14:30:00,326.21
2023-06-09 14:45:00,345.73
2023-06-09 15:00:00,269.44
2023-06-09 15:15:00,260.75
2023-06-09 15:30:00,195.35
2023-06-09 15:45:00,140.49
2023-06-09 16:00:00,179.3
2023-06-09 16:15:00,99.33
2023-06-09 16:30:00,134.03
2023-06-09 16:45:00,142.27
2023-06-09 17:00:00,97.18
2023-06-09 17:15:00,89.94
2023-06-09 17:30:00,76.66
2023-06-09 17:45:00,72.31
2023-06-09 18:00:00,37.22
2023-06-09 18:15:00,16.65
2023-06-09 18:30:00,3.61
2023-06-09 18:45:00,-0.0
2023-06-09 19:00:00,-0.0
2023-06-09 19:15:00,-0.0
2023-06-09 19:30:00,-0.0
2023-06-09 19:45:00,-0.0
2023-06-09 20:00:00,-0.0
2023-06-09 20:15:00,-0.0
2023-06-09 20:30:00,-0.0
2023-06-09 20:45:00,-0.0
2023-06-09 21:00:00,-0.0
2023-06-09 21:15:00,-0.0
2023-06-09 21:30:00,-0.0
2023-06-09 21:45:00,-0.0
2023-06-09 22:00:00,-0.0
2023-06-09 22:15:00,-0.0
2023-06-09 22:30:00,-0.0
2023-06-09 22:45:00,-0.0
2023-06-09 23:00:00,-0.0
2023-06-09 23:15:00,-0.0
2023-06-09 23:30:00,-0.0
2023-06-09 23:45:00,-0.0
2023-06-10 00:00:00,-0.0
2023-06-10 00:15:00,-0.0
2023-06-10 00:30:00,-0.0
2023-06-10 00:45:00,-0.0
2023-06-10 01:00:00,-0.0
2023-06-10 01:15:00,-0.0
2023-06-10 01:30:00,-0.0
2023-06-10 01:45:00,-0.0
2023-06-10 02:00:00,-0.0
2023-06-10 02:15:00,-0.0
2023-06-10 02:30:00,-0.0
2023-06-10 02:45:00,-0.0
2023-06-10 03:00:00,-0.0
2023-06-10 03:15:00,-0.0
2023-06-10 03:30:00,-0.0
2023-06-10 03:45:00,-0.0
2023-06-10 04:00:00,-0.0
2023-06-10 04:15:00,-0.0
2023-06-10 04:30:00,-0.0
2023-06-10 04:45:00,4.4
2023-06-10 05:00:00,15.63
2023-06-10 05:15:00,48.98
2023-06-10 05:30:00,90.21
2023-06-10 05:45:00,146.16
2023-06-10 06:00:00,206.4
2023-06-10 06:15:00,264.7
2023-06-10 06:30:00,302.65
2023-06-10 06:45:00,336.82
2023-06-10 07:00:00,376.95
2023-06-10 07:15:00,405.21
2023-06-10 07:30:00,430.09
2023-06-10 07:45:00,451.75
2023-06-10 08:00:00,469.47
2023-06-10 08:15:00,484.72
2023-06-10 08:30:00,496.53
2023-06-10 08:45:00,505.75
2023-06-10 09:00:00,512.65
2023-06-10 09:15:00,518.97
2023-06-10 09:30:00,524.27
2023-06-10 09:45:00,528.64
2023-06-10 10:00:00,528.72
2023-06-10 10:15:00,528.9
2023-06-10 10:30:00,528.9
2023-06-10 10:45:00,528.9
2023-06-10 11:00:00,528.9
2023-06-10 11:15:00,527.05
2023-06-10 11:30:00,526.13
2023-06-10 11:45:00,524.21
2023-06-10 12:00:00,524.08
2023-06-10 12:15:00,522.95
2023-06-10 12:30:00,523.02
2023-06-10 12:45:00,521.16
2023-06-10 13:00:00,518.55
2023-06-10 13:15:00,516.35
2023-06-10 13:30:00,511.79
2023-06-10 13:45:00,506.14
2023-06-10 14:00:00,498.41
2023-06-10 14:15:00,489.47
2023-06-10 14:30:00,479.06
2023-06-10 14:45:00,466.12
2023-06-10 15:00:00,452.32
2023-06-10 15:15:00,435.42
2023-06-10 15:30:00,415.03
2023-06-10 15:45:00,381.7
2023-06-10 16:00:00,354.72
2023-06-10 16:15:00,324.45
2023-06-10 16:30:00,290.87
2023-06-10 16:45:00,254.23
2023-06-10 17:00:00,205.54
2023-06-10 17:15:00,164.98
2023-06-10 17:30:00,116.04
2023-06-10 17:45:00,67.97
2023-06-10 18:00:00,36.69
2023-06-10 18:15:00,14.97
2023-06-10 18:30:00,3.48
2023-06-10 18:45:00,-0.0
2023-06-10 19:00:00,-0.0
2023-06-10 19:15:00,-0.0
2023-06-10 19:30:00,-0.0
2023-06-10 19:45:00,-0.0
2023-06-10 20:00:00,-0.0
2023-06-10 20:15:00,-0.0
2023-06-10 20:30:00,-0.0
2023-06-10 20:45:00,-0.0
2023-06-10 21:00:00,-0.0
2023-06-10 21:15:00,-0.0
2023-06-10 21:30:00,-0.0
2023-06-10 21:45:00,-0.0
2023-06-10 22:00:00,-0.0
2023-06-10 22:15:00,-0.0
2023-06-10 22:30:00,-0.0
2023-06-10 22:45:00,-0.0
2023-06-10 23:00:00,-0.0
2023-06-10 23:15:00,-0.0
2023-06-10 23:30:00,-0.0
2023-06-10 23:45:00,-0.0
2023-06-11 00:00:00,-0.0
2023-06-11 00:15:00,-0.0
2023-06-11 00:30:00,-0.0
2023-06-11 00:45:00,-0.0
2023-06-11 01:00:00,-0.0
2023-06-11 01:15:00,-0.0
2023-06-11 01:30:00,-0.0
2023-06-11 01:45:00,-0.0
2023-06-11 02:00:00,-0.0
2023-06-11 02:15:00,-0.0
2023-06-11 02:30:00,-0.0
2023-06-11 02:45:00,-0.0
2023-06-11 03:00:00,-0.0
2023-06-11 03:15:00,-0.0
2023-06-11 03:30:00,-0.0
2023-06-11 03:45:00,-0.0
2023-06-11 04:00:00,-0.0
2023-06-11 04:15:00,-0.0
2023-06-11 04:30:00,-0.0
2023-06-11 04:45:00,4.29
2023-06-11 05:00:00,14.98
2023-06-11 05:15:00,46.26
2023-06-11 05:30:00,84.71
2023-06-11 05:45:00,133.36
2023-06-11 06:00:00,196.3
2023-06-11 06:15:00,254.41
2023-06-11 06:30:00,293.7
2023-06-11 06:45:00,329.51
2023-06-11 07:00:00,361.86
2023-06-11 07:15:00,400.8
2023-06-11 07:30:00,427.14
2023-06-11 07:45:00,450.11
2023-06-11 08:00:00,469.36
2023-06-11 08:15:00,485.61
2023-06-11 08:30:00,498.27
2023-06-11 08:45:00,508.08
2023-06-11 09:00:00,516.4
2023-06-11 09:15:00,523.63
2023-06-11 09:30:00,528.31
2023-06-11 09:45:00,528.9
2023-06-11 10:00:00,528.9
2023-06-11 10:15:00,528.9
2023-06-11 10:30:00,528.9
2023-06-11 10:45:00,528.9
2023-06-11 11:00:00,528.9
2023-06-11 11:15:00,528.9
2023-06-11 11:30:00,528.9
2023-06-11 11:45:00,528.9
2023-06-11 12:00:00,528.9
2023-06-11 12:15:00,527.8
2023-06-11 12:30:00,527.56
2023-06-11 12:45:00,525.56
2023-06-11 13:00:00,521.92
2023-06-11 13:15:00,519.15
2023-06-11 13:30:00,514.55
2023-06-11 13:45:00,508.6
2023-06-11 14:00:00,499.79
2023-06-11 14:15:00,490.67
2023-06-11 14:30:00,480.06
2023-06-11 14:45:00,466.85
2023-06-11 15:00:00,452.16
2023-06-11 15:15:00,435.05
2023-06-11 15:30:00,414.33
2023-06-11 15:45:00,380.72
2023-06-11 16:00:00,353.74
2023-06-11 16:15:00,323.3
2023-06-11 16:30:00,289.67
2023-06-11 16:45:00,253.06
2023-06-11 17:00:00,204.41
2023-06-11 17:15:00,163.95
2023-06-11 17:30:00,115.61
2023-06-11 17:45:00,67.8
2023-06-11 18:00:00,36.75
2023-06-11 18:15:00,15.14
2023-06-11 18:30:00,3.64
2023-06-11 18:45:00,-0.0
2023-06-11 19:00:00,-0.0
2023-06-11 19:15:00,-0.0
2023-06-11 19:30:00,-0.0
2023-06-11 19:45:00,-0.0
2023-06-11 20:00:00,-0.0
2023-06-11 20:15:00,-0.0
2023-06-11 20:30:00,-0.0
2023-06-11 20:45:00,-0.0
2023-06-11 21:00:00,-0.0
2023-06-11 21:15:00,-0.0
2023-06-11 21:30:00,-0.0
2023-06-11 21:45:00,-0.0
2023-06-11 22:00:00,-0.0
2023-06-11 22:15:00,-0.0
2023-06-11 22:30:00,-0.0
2023-06-11 22:45:00,-0.0
2023-06-11 23:00:00,-0.0
2023-06-11 23:15:00,-0.0
2023-06-11 23:30:00,-0.0
2023-06-11 23:45:00,-0.0
2023-06-12 00:00:00,-0.0
2023-06-12 00:15:00,-0.0
2023-06-12 00:30:00,-0.0
2023-06-12 00:45:00,-0.0
2023-06-12 01:00:00,-0.0
2023-06-12 01:15:00,-0.0
2023-06-12 01:30:00,-0.0
2023-06-12 01:45:00,-0.0
2023-06-12 02:00:00,-0.0
2023-06-12 02:15:00,-0.0
2023-06-12 02:30:00,-0.0
2023-06-12 02:45:00,-0.0
2023-06-12 03:00:00,-0.0
2023-06-12 03:15:00,-0.0
2023-06-12 03:30:00,-0.0
2023-06-12 03:45:00,-0.0
2023-06-12 04:00:00,-0.0
2023-06-12 04:15:00,-0.0
2023-06-12 04:30:00,-0.0
2023-06-12 04:45:00,4.11
2023-06-12 05:00:00,13.93
2023-06-12 05:15:00,40.07
2023-06-12 05:30:00,75.62
2023-06-12 05:45:00,118.79
2023-06-12 06:00:00,169.28
2023-06-12 06:15:00,220.53
2023-06-12 06:30:00,266.76
2023-06-12 06:45:00,301.76
2023-06-12 07:00:00,333.99
2023-06-12 07:15:00,363.25
2023-06-12 07:30:00,389.46
2023-06-12 07:45:00,412.55
2023-06-12 08:00:00,441.89
2023-06-12 08:15:00,459.19
2023-06-12 08:30:00,472.95
2023-06-12 08:45:00,484.0
2023-06-12 09:00:00,493.61
2023-06-12 09:15:00,501.16
2023-06-12 09:30:00,507.27
2023-06-12 09:45:00,512.78
2023-06-12 10:00:00,516.05
2023-06-12 10:15:00,518.56
2023-06-12 10:30:00,519.23
2023-06-12 10:45:00,520.04
2023-06-12 11:00:00,519.53
2023-06-12 11:15:00,517.46
2023-06-12 11:30:00,516.41
2023-06-12 11:45:00,514.22
2023-06-12 12:00:00,514.37
2023-06-12 12:15:00,513.89
2023-06-12 12:30:00,514.31
2023-06-12 12:45:00,512.71
2023-06-12 13:00:00,509.82
2023-06-12 13:15:00,507.22
2023-06-12 13:30:00,502.47
2023-06-12 13:45:00,496.74
2023-06-12 14:00:00,488.43
2023-06-12 14:15:00,479.64
2023-06-12 14:30:00,469.0
2023-06-12 14:45:00,455.85
2023-06-12 15:00:00,442.08
2023-06-12 15:15:00,416.8
2023-06-12 15:30:00,397.4
2023-06-12 15:45:00,374.92
2023-06-12 16:00:00,349.29
2023-06-12 16:15:00,320.54
2023-06-12 16:30:00,288.68
2023-06-12 16:45:00,253.84
2023-06-12 17:00:00,206.79
2023-06-12 17:15:00,167.61
2023-06-12 17:30:00,119.91
2023-06-12 17:45:00,71.51
2023-06-12 18:00:00,39.28
2023-06-12 18:15:00,17.23
2023-06-12 18:30:00,4.01
2023-06-12 18:45:00,-0.0
2023-06-12 19:00:00,-0.0
2023-06-12 19:15:00,-0.0
2023-06-12 19:30:00,-0.0
2023-06-12 19:45:00,-0.0
2023-06-12 20:00:00,-0.0
2023-06-12 20:15:00,-0.0
2023-06-12 20:30:00,-0.0
2023-06-12 20:45:00,-0.0
2023-06-12 21:00:00,-0.0
2023-06-12 21:15:00,-0.0
2023-06-12 21:30:00,-0.0
2023-06-12 21:45:00,-0.0
2023-06-12 22:00:00,-0.0
2023-06-12 22:15:00,-0.0
2023-06-12 22:30:00,-0.0
2023-06-12 22:45:00,-0.0
2023-06-12 23:00:00,-0.0
2023-06-12 23:15:00,-0.0
2023-06-12 23:30:00,-0.0
2023-06-12 23:45:00,-0.0
2023-06-13 00:00:00,-0.0
2023-06-13 00:15:00,-0.0
2023-06-13 00:30:00,-0.0
2023-06-13 00:45:00,-0.0
2023-06-13 01:00:00,-0.0
2023-06-13 01:15:00,-0.0
2023-06-13 01:30:00,-0.0
2023-06-13 01:45:00,-0.0
2023-06-13 02:00:00,-0.0
2023-06-13 02:15:00,-0.0
2023-06-13 02:30:00,-0.0
2023-06-13 02:45:00,-0.0
2023-06-13 03:00:00,-0.0
2023-06-13 03:15:00,-0.0
2023-06-13 03:30:00,-0.0
2023-06-13 03:45:00,-0.0
2023-06-13 04:00:00,-0.0
2023-06-13 04:15:00,-0.0
2023-06-13 04:30:00,-0.0
2023-06-13 04:45:00,4.56
2023-06-13 05:00:00,16.4
2023-06-13 05:15:00,51.92
2023-06-13 05:30:00,99.22
2023-06-13 05:45:00,155.52
2023-06-13 06:00:00,220.27
2023-06-13 06:15:00,283.95
2023-06-13 06:30:00,333.85
2023-06-13 06:45:00,371.5
2023-06-13 07:00:00,405.25
2023-06-13 07:15:00,435.04
2023-06-13 07:30:00,460.93
2023-06-13 07:45:00,483.24
2023-06-13 08:00:00,505.39
2023-06-13 08:15:00,521.1
2023-06-13 08:30:00,528.9
2023-06-13 08:45:00,528.9
2023-06-13 09:00:00,528.9
2023-06-13 09:15:00,528.9
2023-06-13 09:30:00,528.9
2023-06-13 09:45:00,528.9
2023-06-13 10:00:00,528.9
2023-06-13 10:15:00,528.9
2023-06-13 10:30:00,528.9
2023-06-13 10:45:00,528.9
2023-06-13 11:00:00,528.9
2023-06-13 11:15:00,528.9
2023-06-13 11:30:00,528.9
2023-06-13 11:45:00,528.9
2023-06-13 12:00:00,528.9
2023-06-13 12:15:00,528.9
2023-06-13 12:30:00,528.9
2023-06-13 12:45:00,528.9
2023-06-13 13:00:00,528.9
2023-06-13 13:15:00,528.9
2023-06-13 13:30:00,528.9
2023-06-13 13:45:00,528.9
2023-06-13 14:00:00,523.81
2023-06-13 14:15:00,513.74
2023-06-13 14:30:00,502.75
2023-06-13 14:45:00,489.18
2023-06-13 15:00:00,474.85
2023-06-13 15:15:00,458.44
2023-06-13 15:30:00,438.18
2023-06-13 15:45:00,414.43
2023-06-13 16:00:00,376.94
2023-06-13 16:15:00,346.34
2023-06-13 16:30:00,312.3
2023-06-13 16:45:00,274.87
2023-06-13 17:00:00,234.63
2023-06-13 17:15:00,182.6
2023-06-13 17:30:00,130.62
2023-06-13 17:45:00,83.01
2023-06-13 18:00:00,42.9
2023-06-13 18:15:00,18.91
2023-06-13 18:30:00,4.39
2023-06-13 18:45:00,-0.0
2023-06-13 19:00:00,-0.0
2023-06-13 19:15:00,-0.0
2023-06-13 19:30:00,-0.0
2023-06-13 19:45:00,-0.0
2023-06-13 20:00:00,-0.0
2023-06-13 20:15:00,-0.0
2023-06-13 20:30:00,-0.0
2023-06-13 20:45:00,-0.0
2023-06-13 21:00:00,-0.0
2023-06-13 21:15:00,-0.0
2023-06-13 21:30:00,-0.0
2023-06-13 21:45:00,-0.0
2023-06-13 22:00:00,-0.0
2023-06-13 22:15:00,-0.0
2023-06-13 22:30:00,-0.0
2023-06-13 22:45:00,-0.0
2023-06-13 23:00:00,-0.0
2023-06-13 23:15:00,-0.0
2023-06-13 23:30:00,-0.0
2023-06-13 23:45:00,-0.0
2023-06-14 00:00:00,-0.0
2023-06-14 00:15:00,-0.0
2023-06-14 00:30:00,-0.0
2023-06-14 00:45:00,-0.0
2023-06-14 01:00:00,-0.0
2023-06-14 01:15:00,-0.0
2023-06-14 01:30:00,-0.0
2023-06-14 01:45:00,-0.0
2023-06-14 02:00:00,-0.0
2023-06-14 02:15:00,-0.0
2023-06-14 02:30:00,-0.0
2023-06-14 02:45:00,-0.0
2023-06-14 03:00:00,-0.0
2023-06-14 03:15:00,-0.0
2023-06-14 03:30:00,-0.0
2023-06-14 03:45:00,-0.0
2023-06-14 04:00:00,-0.0
2023-06-14 04:15:00,-0.0
2023-06-14 04:30:00,-0.0
2023-06-14 04:45:00,4.14
2023-06-14 05:00:00,13.89
2023-06-14 05:15:00,39.68
2023-06-14 05:30:00,74.51
2023-06-14 05:45:00,116.31
2023-06-14 06:00:00,166.03
2023-06-14 06:15:00,217.68
2023-06-14 06:30:00,264.97
2023-06-14 06:45:00,300.98
2023-06-14 07:00:00,334.41
2023-06-14 07:15:00,364.63
2023-06-14 07:30:00,391.69
2023-06-14 07:45:00,425.02
2023-06-14 08:00:00,446.17
2023-06-14 08:15:00,464.03
2023-06-14 08:30:00,478.36
2023-06-14 08:45:00,489.65
2023-06-14 09:00:00,499.82
2023-06-14 09:15:00,507.96
2023-06-14 09:30:00,514.46
2023-06-14 09:45:00,520.34
2023-06-14 10:00:00,523.96
2023-06-14 10:15:00,526.43
2023-06-14 10:30:00,527.38
2023-06-14 10:45:00,528.48
2023-06-14 11:00:00,528.5
2023-06-14 11:15:00,526.93
2023-06-14 11:30:00,526.55
2023-06-14 11:45:00,525.18
2023-06-14 12:00:00,526.06
2023-06-14 12:15:00,526.69
2023-06-14 12:30:00,528.77
2023-06-14 12:45:00,528.86
2023-06-14 13:00:00,528.03
2023-06-14 13:15:00,527.95
2023-06-14 13:30:00,526.1
2023-06-14 13:45:00,523.48
2023-06-14 14:00:00,518.53
2023-06-14 14:15:00,513.77
2023-06-14 14:30:00,507.51
2023-06-14 14:45:00,497.07
2023-06-14 15:00:00,486.94
2023-06-14 15:15:00,474.05
2023-06-14 15:30:00,457.47
2023-06-14 15:45:00,437.57
2023-06-14 16:00:00,414.17
2023-06-14 16:15:00,387.19
2023-06-14 16:30:00,356.52
2023-06-14 16:45:00,321.95
2023-06-14 17:00:00,273.54
2023-06-14 17:15:00,231.48
2023-06-14 17:30:00,172.41
2023-06-14 17:45:00,113.35
2023-06-14 18:00:00,59.73
2023-06-14 18:15:00,23.1
2023-06-14 18:30:00,4.93
2023-06-14 18:45:00,-0.0
2023-06-14 19:00:00,-0.0
2023-06-14 19:15:00,-0.0
2023-06-14 19:30:00,-0.0
2023-06-14 19:45:00,-0.0
2023-06-14 20:00:00,-0.0
2023-06-14 20:15:00,-0.0
2023-06-14 20:30:00,-0.0
2023-06-14 20:45:00,-0.0
2023-06-14 21:00:00,-0.0
2023-06-14 21:15:00,-0.0
2023-06-14 21:30:00,-0.0
2023-06-14 21:45:00,-0.0
2023-06-14 22:00:00,-0.0
2023-06-14 22:15:00,-0.0
2023-06-14 22:30:00,-0.0
2023-06-14 22:45:00,-0.0
2023-06-14 23:00:00,-0.0
2023-06-14 23:15:00,-0.0
2023-06-14 23:30:00,-0.0
2023-06-14 23:45:00,-0.0
2023-06-15 00:00:00,-0.0
2023-06-15 00:15:00,-0.0
2023-06-15 00:30:00,-0.0
2023-06-15 00:45:00,-0.0
2023-06-15 01:00:00,-0.0
2023-06-15 01:15:00,-0.0
2023-06-15 01:30:00,-0.0
2023-06-15 01:45:00,-0.0
2023-06-15 02:00:00,-0.0
2023-06-15 02:15:00,-0.0
2023-06-15 02:30:00,-0.0
2023-06-15 02:45:00,-0.0
2023-06-15 03:00:00,-0.0
2023-06-15 03:15:00,-0.0
2023-06-15 03:30:00,-0.0
2023-06-15 03:45:00,-0.0
2023-06-15 04:00:00,-0.0
2023-06-15 04:15:00,-0.0
2023-06-15 04:30:00,-0.0
2023-06-15 04:45:00,4.39
2023-06-15 05:00:00,16.49
2023-06-15 05:15:00,51.64
2023-06-15 05:30:00,100.4
2023-06-15 05:45:00,160.33
2023-06-15 06:00:00,229.62
2023-06-15 06:15:00,306.05
2023-06-15 06:30:00,350.32
2023-06-15 06:45:00,389.45
2023-06-15 07:00:00,424.22
2023-06-15 07:15:00,458.16
2023-06-15 07:30:00,485.38
2023-06-15 07:45:00,508.47
2023-06-15 08:00:00,527.3
2023-06-15 08:15:00,528.9
2023-06-15 08:30:00,528.9
2023-06-15 08:45:00,528.9
2023-06-15 09:00:00,528.9
2023-06-15 09:15:00,528.9
2023-06-15 09:30:00,528.9
2023-06-15 09:45:00,528.9
2023-06-15 10:00:00,528.9
2023-06-15 10:15:00,528.9
2023-06-15 10:30:00,528.9
2023-06-15 10:45:00,528.9
2023-06-15 11:00:00,528.9
2023-06-15 11:15:00,528.9
2023-06-15 11:30:00,528.9
2023-06-15 11:45:00,528.9
2023-06-15 12:00:00,528.9
2023-06-15 12:15:00,528.9
2023-06-15 12:30:00,528.9
2023-06-15 12:45:00,528.9
2023-06-15 13:00:00,528.9
2023-06-15 13:15:00,528.9
2023-06-15 13:30:00,528.9
2023-06-15 13:45:00,528.9
2023-06-15 14:00:00,528.9
2023-06-15 14:15:00,528.9
2023-06-15 14:30:00,528.9
2023-06-15 14:45:00,528.9
2023-06-15 15:00:00,528.9
2023-06-15 15:15:00,528.9
2023-06-15 15:30:00,527.84
2023-06-15 15:45:00,515.36
2023-06-15 16:00:00,496.32
2023-06-15 16:15:00,473.46
2023-06-15 16:30:00,446.59
2023-06-15 16:45:00,415.18
2023-06-15 17:00:00,379.15
2023-06-15 17:15:00,336.79
2023-06-15 17:30:00,263.82
2023-06-15 17:45:00,181.19
2023-06-15 18:00:00,108.82
2023-06-15 18:15:00,48.89
2023-06-15 18:30:00,7.87
2023-06-15 18:45:00,-0.0
2023-06-15 19:00:00,-0.0
2023-06-15 19:15:00,-0.0
2023-06-15 19:30:00,-0.0
2023-06-15 19:45:00,-0.0
2023-06-15 20:00:00,-0.0
2023-06-15 20:15:00,-0.0
2023-06-15 20:30:00,-0.0
2023-06-15 20:45:00,-0.0
2023-06-15 21:00:00,-0.0
2023-06-15 21:15:00,-0.0
2023-06-15 21:30:00,-0.0
2023-06-15 21:45:00,-0.0
2023-06-15 22:00:00,-0.0
2023-06-15 22:15:00,-0.0
2023-06-15 22:30:00,-0.0
2023-06-15 22:45:00,-0.0
2023-06-15 23:00:00,-0.0
2023-06-15 23:15:00,-0.0
2023-06-15 23:30:00,-0.0
2023-06-15 23:45:00,-0.0
2023-06-16 00:00:00,-0.0
2023-06-16 00:15:00,-0.0
2023-06-16 00:30:00,-0.0
2023-06-16 00:45:00,-0.0
2023-06-16 01:00:00,-0.0
2023-06-16 01:15:00,-0.0
2023-06-16 01:30:00,-0.0
2023-06-16 01:45:00,-0.0
2023-06-16 02:00:00,-0.0
2023-06-16 02:15:00,-0.0
2023-06-16 02:30:00,-0.0
2023-06-16 02:45:00,-0.0
2023-06-16 03:00:00,-0.0
2023-06-16 03:15:00,-0.0
2023-06-16 03:30:00,-0.0
2023-06-16 03:45:00,-0.0
2023-06-16 04:00:00,-0.0
2023-06-16 04:15:00,-0.0
2023-06-16 04:30:00,-0.0
2023-06-16 04:45:00,4.6
2023-06-16 05:00:00,19.26
2023-06-16 05:15:00,62.41
2023-06-16 05:30:00,116.5
2023-06-16 05:45:00,185.26
2023-06-16 06:00:00,257.88
2023-06-16 06:15:00,326.51
2023-06-16 06:30:00,365.2
2023-06-16 06:45:00,398.89
2023-06-16 07:00:00,428.51
2023-06-16 07:15:00,458.65
2023-06-16 07:30:00,481.65
2023-06-16 07:45:00,501.16
2023-06-16 08:00:00,516.89
2023-06-16 08:15:00,528.9
2023-06-16 08:30:00,528.9
2023-06-16 08:45:00,528.9
2023-06-16 09:00:00,528.9
2023-06-16 09:15:00,528.9
2023-06-16 09:30:00,528.9
2023-06-16 09:45:00,528.9
2023-06-16 10:00:00,528.9
2023-06-16 10:15:00,528.9
2023-06-16 10:30:00,528.9
2023-06-16 10:45:00,528.9
2023-06-16 11:00:00,528.9
2023-06-16 11:15:00,528.9
2023-06-16 11:30:00,528.9
2023-06-16 11:45:00,528.9
2023-06-16 12:00:00,528.9
2023-06-16 12:15:00,528.9
2023-06-16 12:30:00,528.9
2023-06-16 12:45:00,528.9
2023-06-16 13:00:00,528.9
2023-06-16 13:15:00,528.9
2023-06-16 13:30:00,528.9
2023-06-16 13:45:00,528.9
2023-06-16 14:00:00,528.9
2023-06-16 14:15:00,528.9
2023-06-16 14:30:00,528.9
2023-06-16 14:45:00,528.9
2023-06-16 15:00:00,522.84
2023-06-16 15:15:00,511.41
2023-06-16 15:30:00,495.82
2023-06-16 15:45:00,476.67
2023-06-16 16:00:00,452.86
2023-06-16 16:15:00,421.89
2023-06-16 16:30:00,391.56
2023-06-16 16:45:00,356.83
2023-06-16 17:00:00,317.95
2023-06-16 17:15:00,273.62
2023-06-16 17:30:00,207.8
2023-06-16 17:45:00,132.38
2023-06-16 18:00:00,75.52
2023-06-16 18:15:00,30.41
2023-06-16 18:30:00,6.13
2023-06-16 18:45:00,-0.0
2023-06-16 19:00:00,-0.0
2023-06-16 19:15:00,-0.0
2023-06-16 19:30:00,-0.0
2023-06-16 19:45:00,-0.0
2023-06-16 20:00:00,-0.0
2023-06-16 20:15:00,-0.0
2023-06-16 20:30:00,-0.0
2023-06-16 20:45:00,-0.0
2023-06-16 21:00:00,-0.0
2023-06-16 21:15:00,-0.0
2023-06-16 21:30:00,-0.0
2023-06-16 21:45:00,-0.0
2023-06-16 22:00:00,-0.0
2023-06-16 22:15:00,-0.0
2023-06-16 22:30:00,-0.0
2023-06-16 22:45:00,-0.0
2023-06-16 23:00:00,-0.0
2023-06-16 23:15:00,-0.0
2023-06-16 23:30:00,-0.0
2023-06-16 23:45:00,-0.0
2023-06-17 00:00:00,-0.0
2023-06-17 00:15:00,-0.0
2023-06-17 00:30:00,-0.0
2023-06-17 00:45:00,-0.0
2023-06-17 01:00:00,-0.0
2023-06-17 01:15:00,-0.0
2023-06-17 01:30:00,-0.0
2023-06-17 01:45:00,-0.0
2023-06-17 02:00:00,-0.0
2023-06-17 02:15:00,-0.0
2023-06-17 02:30:00,-0.0
2023-06-17 02:45:00,-0.0
2023-06-17 03:00:00,-0.0
2023-06-17 03:15:00,-0.0
2023-06-17 03:30:00,-0.0
2023-06-17 03:45:00,-0.0
2023-06-17 04:00:00,-0.0
2023-06-17 04:15:00,-0.0
2023-06-17 04:30:00,-0.0
2023-06-17 04:45:00,4.42
2023-06-17 05:00:00,17.41
2023-06-17 05:15:00,57.31
2023-06-17 05:30:00,107.2
2023-06-17 05:45:00,167.69
2023-06-17 06:00:00,241.78
2023-06-17 06:15:00,309.24
2023-06-17 06:30:00,349.02
2023-06-17 06:45:00,384.01
2023-06-17 07:00:00,411.64
2023-06-17 07:15:00,437.99
2023-06-17 07:30:00,464.21
2023-06-17 07:45:00,483.96
2023-06-17 08:00:00,504.5
2023-06-17 08:15:00,518.06
2023-06-17 08:30:00,528.01
2023-06-17 08:45:00,528.9
2023-06-17 09:00:00,528.9
2023-06-17 09:15:00,528.9
2023-06-17 09:30:00,528.9
2023-06-17 09:45:00,528.9
2023-06-17 10:00:00,528.9
2023-06-17 10:15:00,528.9
2023-06-17 10:30:00,528.9
2023-06-17 10:45:00,528.9
2023-06-17 11:00:00,528.9
2023-06-17 11:15:00,528.9
2023-06-17 11:30:00,528.9
2023-06-17 11:45:00,528.9
2023-06-17 12:00:00,528.9
2023-06-17 12:15:00,528.9
2023-06-17 12:30:00,528.9
2023-06-17 12:45:00,528.9
2023-06-17 13:00:00,528.9
2023-06-17 13:15:00,528.9
2023-06-17 13:30:00,528.9
2023-06-17 13:45:00,528.9
2023-06-17 14:00:00,528.9
2023-06-17 14:15:00,528.9
2023-06-17 14:30:00,528.9
2023-06-17 14:45:00,528.9
2023-06-17 15:00:00,521.55
2023-06-17 15:15:00,510.15
2023-06-17 15:30:00,494.64
2023-06-17 15:45:00,475.7
2023-06-17 16:00:00,452.95
2023-06-17 16:15:00,422.09
2023-06-17 16:30:00,391.71
2023-06-17 16:45:00,357.01
2023-06-17 17:00:00,317.82
2023-06-17 17:15:00,273.55
2023-06-17 17:30:00,208.2
2023-06-17 17:45:00,132.8
2023-06-17 18:00:00,75.76
2023-06-17 18:15:00,30.53
2023-06-17 18:30:00,5.8
2023-06-17 18:45:00,-0.0
2023-06-17 19:00:00,-0.0
2023-06-17 19:15:00,-0.0
2023-06-17 19:30:00,-0.0
2023-06-17 19:45:00,-0.0
2023-06-17 20:00:00,-0.0
2023-06-17 20:15:00,-0.0
2023-06-17 20:30:00,-0.0
2023-06-17 20:45:00,-0.0
2023-06-17 21:00:00,-0.0
2023-06-17 21:15:00,-0.0
2023-06-17 21:30:00,-0.0
2023-06-17 21:45:00,-0.0
2023-06-17 22:00:00,-0.0
2023-06-17 22:15:00,-0.0
2023-06-17 22:30:00,-0.0
2023-06-17 22:45:00,-0.0
2023-06-17 23:00:00,-0.0
2023-06-17 23:15:00,-0.0
2023-06-17 23:30:00,-0.0
2023-06-17 23:45:00,-0.0
2023-06-18 00:00:00,-0.0
2023-06-18 00:15:00,-0.0
2023-06-18 00:30:00,-0.0
2023-06-18 00:45:00,-0.0
2023-06-18 01:00:00,-0.0
2023-06-18 01:15:00,-0.0
2023-06-18 01:30:00,-0.0
2023-06-18 01:45:00,-0.0
2023-06-18 02:00:00,-0.0
2023-06-18 02:15:00,-0.0
2023-06-18 02:30:00,-0.0
2023-06-18 02:45:00,-0.0
2023-06-18 03:00:00,-0.0
2023-06-18 03:15:00,-0.0
2023-06-18 03:30:00,-0.0
2023-06-18 03:45:00,-0.0
2023-06-18 04:00:00,-0.0
2023-06-18 04:15:00,-0.0
2023-06-18 04:30:00,-0.0
2023-06-18 04:45:00,4.43
2023-06-18 05:00:00,17.34
2023-06-18 05:15:00,56.96
2023-06-18 05:30:00,106.4
2023-06-18 05:45:00,166.22
2023-06-18 06:00:00,239.29
2023-06-18 06:15:00,306.41
2023-06-18 06:30:00,345.86
2023-06-18 06:45:00,380.76
2023-06-18 07:00:00,411.48
2023-06-18 07:15:00,438.71
2023-06-18 07:30:00,462.35
2023-06-18 07:45:00,486.47
2023-06-18 08:00:00,502.75
2023-06-18 08:15:00,516.72
2023-06-18 08:30:00,527.04
2023-06-18 08:45:00,528.9
2023-06-18 09:00:00,528.9
2023-06-18 09:15:00,528.9
2023-06-18 09:30:00,528.9
2023-06-18 09:45:00,528.9
2023-06-18 10:00:00,528.9
2023-06-18 10:15:00,528.9
2023-06-18 10:30:00,528.9
2023-06-18 10:45:00,528.9
2023-06-18 11:00:00,521.39
2023-06-18 11:15:00,519.73
2023-06-18 11:30:00,518.86
2023-06-18 11:45:00,517.02
2023-06-18 12:00:00,517.93
2023-06-18 12:15:00,520.63
2023-06-18 12:30:00,522.44
2023-06-18 12:45:00,522.42
2023-06-18 13:00:00,522.02
2023-06-18 13:15:00,524.36
2023-06-18 13:30:00,522.88
2023-06-18 13:45:00,520.88
2023-06-18 14:00:00,517.3
2023-06-18 14:15:00,516.45
2023-06-18 14:30:00,511.9
2023-06-18 14:45:00,505.45
2023-06-18 15:00:00,500.5
2023-06-18 15:15:00,489.41
2023-06-18 15:30:00,474.45
2023-06-18 15:45:00,452.57
2023-06-18 16:00:00,432.75
2023-06-18 16:15:00,406.89
2023-06-18 16:30:00,377.11
2023-06-18 16:45:00,342.91
2023-06-18 17:00:00,306.08
2023-06-18 17:15:00,262.24
2023-06-18 17:30:00,190.99
2023-06-18 17:45:00,126.69
2023-06-18 18:00:00,72.72
2023-06-18 18:15:00,29.81
2023-06-18 18:30:00,5.92
2023-06-18 18:45:00,-0.0
2023-06-18 19:00:00,-0.0
2023-06-18 19:15:00,-0.0
2023-06-18 19:30:00,-0.0
2023-06-18 19:45:00,-0.0
2023-06-18 20:00:00,-0.0
2023-06-18 20:15:00,-0.0
2023-06-18 20:30:00,-0.0
2023-06-18 20:45:00,-0.0
2023-06-18 21:00:00,-0.0
2023-06-18 21:15:00,-0.0
2023-06-18 21:30:00,-0.0
2023-06-18 21:45:00,-0.0
2023-06-18 22:00:00,-0.0
2023-06-18 22:15:00,-0.0
2023-06-18 22:30:00,-0.0
2023-06-18 22:45:00,-0.0
2023-06-18 23:00:00,-0.0
2023-06-18 23:15:00,-0.0
2023-06-18 23:30:00,-0.0
2023-06-18 23:45:00,-0.0
2023-06-19 00:00:00,-0.0
2023-06-19 00:15:00,-0.0
2023-06-19 00:30:00,-0.0
2023-06-19 00:45:00,-0.0
2023-06-19 01:00:00,-0.0
2023-06-19 01:15:00,-0.0
2023-06-19 01:30:00,-0.0
2023-06-19 01:45:00,-0.0
2023-06-19 02:00:00,-0.0
2023-06-19 02:15:00,-0.0
2023-06-19 02:30:00,-0.0
2023-06-19 02:45:00,-0.0
2023-06-19 03:00:00,-0.0
2023-06-19 03:15:00,-0.0
2023-06-19 03:30:00,-0.0
2023-06-19 03:45:00,-0.0
2023-06-19 04:00:00,-0.0
2023-06-19 04:15:00,-0.0
2023-06-19 04:30:00,-0.0
2023-06-19 04:45:00,0.62
2023-06-19 05:00:00,2.03
2023-06-19 05:15:00,8.38
2023-06-19 05:30:00,93.19
2023-06-19 05:45:00,174.27
2023-06-19 06:00:00,120.01
2023-06-19 06:15:00,274.57
2023-06-19 06:30:00,355.98
2023-06-19 06:45:00,379.38
2023-06-19 07:00:00,267.84
2023-06-19 07:15:00,264.17
2023-06-19 07:30:00,427.43
2023-06-19 07:45:00,487.95
2023-06-19 08:00:00,503.82
2023-06-19 08:15:00,516.89
2023-06-19 08:30:00,526.58
2023-06-19 08:45:00,528.9
2023-06-19 09:00:00,528.9
2023-06-19 09:15:00,528.9
2023-06-19 09:30:00,528.9
2023-06-19 09:45:00,528.9
2023-06-19 10:00:00,528.9
2023-06-19 10:15:00,528.9
2023-06-19 10:30:00,528.9
2023-06-19 10:45:00,528.9
2023-06-19 11:00:00,528.9
2023-06-19 11:15:00,528.9
2023-06-19 11:30:00,528.9
2023-06-19 11:45:00,528.9
2023-06-19 12:00:00,528.9
2023-06-19 12:15:00,528.9
2023-06-19 12:30:00,528.9
2023-06-19 12:45:00,528.9
2023-06-19 13:00:00,528.9
2023-06-19 13:15:00,528.9
2023-06-19 13:30:00,527.19
2023-06-19 13:45:00,523.85
2023-06-19 14:00:00,516.35
2023-06-19 14:15:00,510.8
2023-06-19 14:30:00,503.79
2023-06-19 14:45:00,493.76
2023-06-19 15:00:00,481.83
2023-06-19 15:15:00,469.29
2023-06-19 15:30:00,452.91
2023-06-19 15:45:00,433.44
2023-06-19 16:00:00,410.66
2023-06-19 16:15:00,383.97
2023-06-19 16:30:00,345.22
2023-06-19 16:45:00,186.55
2023-06-19 17:00:00,55.95
2023-06-19 17:15:00,25.03
2023-06-19 17:30:00,54.01
2023-06-19 17:45:00,55.93
2023-06-19 18:00:00,38.8
2023-06-19 18:15:00,23.11
2023-06-19 18:30:00,5.97
2023-06-19 18:45:00,-0.0
2023-06-19 19:00:00,-0.0
2023-06-19 19:15:00,-0.0
2023-06-19 19:30:00,-0.0
2023-06-19 19:45:00,-0.0
2023-06-19 20:00:00,-0.0
2023-06-19 20:15:00,-0.0
2023-06-19 20:30:00,-0.0
2023-06-19 20:45:00,-0.0
2023-06-19 21:00:00,-0.0
2023-06-19 21:15:00,-0.0
2023-06-19 21:30:00,-0.0
2023-06-19 21:45:00,-0.0
2023-06-19 22:00:00,-0.0
2023-06-19 22:15:00,-0.0
2023-06-19 22:30:00,-0.0
2023-06-19 22:45:00,-0.0
2023-06-19 23:00:00,-0.0
2023-06-19 23:15:00,-0.0
2023-06-19 23:30:00,-0.0
2023-06-19 23:45:00,-0.0
2023-06-20 00:00:00,-0.0
2023-06-20 00:15:00,-0.0
2023-06-20 00:30:00,-0.0
2023-06-20 00:45:00,-0.0
2023-06-20 01:00:00,-0.0
2023-06-20 01:15:00,-0.0
2023-06-20 01:30:00,-0.0
2023-06-20 01:45:00,-0.0
2023-06-20 02:00:00,-0.0
2023-06-20 02:15:00,-0.0
2023-06-20 02:30:00,-0.0
2023-06-20 02:45:00,-0.0
2023-06-20 03:00:00,-0.0
2023-06-20 03:15:00,-0.0
2023-06-20 03:30:00,-0.0
2023-06-20 03:45:00,-0.0
2023-06-20 04:00:00,-0.0
2023-06-20 04:15:00,-0.0
2023-06-20 04:30:00,-0.0
2023-06-20 04:45:00,3.03
2023-06-20 05:00:00,10.3
2023-06-20 05:15:00,28.47
2023-06-20 05:30:00,48.47
2023-06-20 05:45:00,51.92
2023-06-20 06:00:00,61.27
2023-06-20 06:15:00,69.14
2023-06-20 06:30:00,96.38
2023-06-20 06:45:00,309.31
2023-06-20 07:00:00,405.16
2023-06-20 07:15:00,433.49
2023-06-20 07:30:00,458.28
2023-06-20 07:45:00,479.5
2023-06-20 08:00:00,497.5
2023-06-20 08:15:00,515.28
2023-06-20 08:30:00,526.76
2023-06-20 08:45:00,528.9
2023-06-20 09:00:00,528.9
2023-06-20 09:15:00,528.9
2023-06-20 09:30:00,528.9
2023-06-20 09:45:00,528.9
2023-06-20 10:00:00,528.9
2023-06-20 10:15:00,528.9
2023-06-20 10:30:00,528.9
2023-06-20 10:45:00,528.9
2023-06-20 11:00:00,528.9
2023-06-20 11:15:00,528.9
2023-06-20 11:30:00,528.9
2023-06-20 11:45:00,528.9
2023-06-20 12:00:00,528.9
2023-06-20 12:15:00,528.9
2023-06-20 12:30:00,528.9
2023-06-20 12:45:00,528.9
2023-06-20 13:00:00,528.9
2023-06-20 13:15:00,528.9
2023-06-20 13:30:00,528.9
2023-06-20 13:45:00,527.98
2023-06-20 14:00:00,520.54
2023-06-20 14:15:00,512.51
2023-06-20 14:30:00,503.28
2023-06-20 14:45:00,492.45
2023-06-20 15:00:00,477.82
2023-06-20 15:15:00,461.11
2023-06-20 15:30:00,440.15
2023-06-20 15:45:00,415.67
2023-06-20 16:00:00,377.53
2023-06-20 16:15:00,346.07
2023-06-20 16:30:00,310.92
2023-06-20 16:45:00,272.38
2023-06-20 17:00:00,221.44
2023-06-20 17:15:00,178.35
2023-06-20 17:30:00,129.15
2023-06-20 17:45:00,77.44
2023-06-20 18:00:00,43.43
2023-06-20 18:15:00,18.98
2023-06-20 18:30:00,5.43
2023-06-20 18:45:00,-0.0
2023-06-20 19:00:00,-0.0
2023-06-20 19:15:00,-0.0
2023-06-20 19:30:00,-0.0
2023-06-20 19:45:00,-0.0
2023-06-20 20:00:00,-0.0
2023-06-20 20:15:00,-0.0
2023-06-20 20:30:00,-0.0
2023-06-20 20:45:00,-0.0
2023-06-20 21:00:00,-0.0
2023-06-20 21:15:00,-0.0
2023-06-20 21:30:00,-0.0
2023-06-20 21:45:00,-0.0
2023-06-20 22:00:00,-0.0
2023-06-20 22:15:00,-0.0
2023-06-20 22:30:00,-0.0
2023-06-20 22:45:00,-0.0
2023-06-20 23:00:00,-0.0
2023-06-20 23:15:00,-0.0
2023-06-20 23:30:00,-0.0
2023-06-20 23:45:00,-0.0
2023-06-21 00:00:00,-0.0
2023-06-21 00:15:00,-0.0
2023-06-21 00:30:00,-0.0
2023-06-21 00:45:00,-0.0
2023-06-21 01:00:00,-0.0
2023-06-21 01:15:00,-0.0
2023-06-21 01:30:00,-0.0
2023-06-21 01:45:00,-0.0
2023-06-21 02:00:00,-0.0
2023-06-21 02:15:00,-0.0
2023-06-21 02:30:00,-0.0
2023-06-21 02:45:00,-0.0
2023-06-21 03:00:00,-0.0
2023-06-21 03:15:00,-0.0
2023-06-21 03:30:00,-0.0
2023-06-21 03:45:00,-0.0
2023-06-21 04:00:00,-0.0
2023-06-21 04:15:00,-0.0
2023-06-21 04:30:00,-0.0
2023-06-21 04:45:00,4.12
2023-06-21 05:00:00,15.37
2023-06-21 05:15:00,49.38
2023-06-21 05:30:00,92.36
2023-06-21 05:45:00,150.58
2023-06-21 06:00:00,214.26
2023-06-21 06:15:00,279.16
2023-06-21 06:30:00,320.32
2023-06-21 06:45:00,366.21
2023-06-21 07:00:00,399.82
2023-06-21 07:15:00,429.86
2023-06-21 07:30:00,456.13
2023-06-21 07:45:00,478.68
2023-06-21 08:00:00,498.38
2023-06-21 08:15:00,516.62
2023-06-21 08:30:00,528.9
2023-06-21 08:45:00,528.9
2023-06-21 09:00:00,528.9
2023-06-21 09:15:00,528.9
2023-06-21 09:30:00,528.9
2023-06-21 09:45:00,528.9
2023-06-21 10:00:00,528.9
2023-06-21 10:15:00,528.9
2023-06-21 10:30:00,528.9
2023-06-21 10:45:00,528.9
2023-06-21 11:00:00,528.9
2023-06-21 11:15:00,528.9
2023-06-21 11:30:00,528.9
2023-06-21 11:45:00,528.9
2023-06-21 12:00:00,528.9
2023-06-21 12:15:00,528.9
2023-06-21 12:30:00,528.9
2023-06-21 12:45:00,528.9
2023-06-21 13:00:00,528.9
2023-06-21 13:15:00,528.9
2023-06-21 13:30:00,528.9
2023-06-21 13:45:00,526.26
2023-06-21 14:00:00,517.41
2023-06-21 14:15:00,509.72
2023-06-21 14:30:00,500.45
2023-06-21 14:45:00,489.44
2023-06-21 15:00:00,476.54
2023-06-21 15:15:00,464.32
2023-06-21 15:30:00,448.61
2023-06-21 15:45:00,429.84
2023-06-21 16:00:00,407.99
2023-06-21 16:15:00,382.77
2023-06-21 16:30:00,354.06
2023-06-21 16:45:00,311.97
2023-06-21 17:00:00,276.56
2023-06-21 17:15:00,236.79
2023-06-21 17:30:00,182.02
2023-06-21 17:45:00,122.6
2023-06-21 18:00:00,67.55
2023-06-21 18:15:00,30.04
2023-06-21 18:30:00,6.73
2023-06-21 18:45:00,-0.0
2023-06-21 19:00:00,-0.0
2023-06-21 19:15:00,-0.0
2023-06-21 19:30:00,-0.0
2023-06-21 19:45:00,-0.0
2023-06-21 20:00:00,-0.0
2023-06-21 20:15:00,-0.0
2023-06-21 20:30:00,-0.0
2023-06-21 20:45:00,-0.0
2023-06-21 21:00:00,-0.0
2023-06-21 21:15:00,-0.0
2023-06-21 21:30:00,-0.0
2023-06-21 21:45:00,-0.0
2023-06-21 22:00:00,-0.0
2023-06-21 22:15:00,-0.0
2023-06-21 22:30:00,-0.0
2023-06-21 22:45:00,-0.0
2023-06-21 23:00:00,-0.0
2023-06-21 23:15:00,-0.0
2023-06-21 23:30:00,-0.0
2023-06-21 23:45:00,-0.0
2023-06-22 00:00:00,-0.0
2023-06-22 00:15:00,-0.0
2023-06-22 00:30:00,-0.0
2023-06-22 00:45:00,-0.0
2023-06-22 01:00:00,-0.0
2023-06-22 01:15:00,-0.0
2023-06-22 01:30:00,-0.0
2023-06-22 01:45:00,-0.0
2023-06-22 02:00:00,-0.0
2023-06-22 02:15:00,-0.0
2023-06-22 02:30:00,-0.0
2023-06-22 02:45:00,-0.0
2023-06-22 03:00:00,-0.0
2023-06-22 03:15:00,-0.0
2023-06-22 03:30:00,-0.0
2023-06-22 03:45:00,-0.0
2023-06-22 04:00:00,-0.0
2023-06-22 04:15:00,-0.0
2023-06-22 04:30:00,-0.0
2023-06-22 04:45:00,4.1
2023-06-22 05:00:00,16.98
2023-06-22 05:15:00,56.93
2023-06-22 05:30:00,107.4
2023-06-22 05:45:00,168.31
2023-06-22 06:00:00,242.01
2023-06-22 06:15:00,311.48
2023-06-22 06:30:00,351.36
2023-06-22 06:45:00,386.75
2023-06-22 07:00:00,417.03
2023-06-22 07:15:00,444.24
2023-06-22 07:30:00,467.85
2023-06-22 07:45:00,491.36
2023-06-22 08:00:00,507.5
2023-06-22 08:15:00,521.37
2023-06-22 08:30:00,528.9
2023-06-22 08:45:00,528.9
2023-06-22 09:00:00,528.9
2023-06-22 09:15:00,528.9
2023-06-22 09:30:00,528.9
2023-06-22 09:45:00,528.9
2023-06-22 10:00:00,528.9
2023-06-22 10:15:00,528.9
2023-06-22 10:30:00,528.9
2023-06-22 10:45:00,528.9
2023-06-22 11:00:00,528.9
2023-06-22 11:15:00,528.9
2023-06-22 11:30:00,528.9
2023-06-22 11:45:00,528.9
2023-06-22 12:00:00,528.9
2023-06-22 12:15:00,528.9
2023-06-22 12:30:00,528.9
2023-06-22 12:45:00,528.9
2023-06-22 13:00:00,528.9
2023-06-22 13:15:00,528.9
2023-06-22 13:30:00,528.9
2023-06-22 13:45:00,528.9
2023-06-22 14:00:00,528.9
2023-06-22 14:15:00,525.14
2023-06-22 14:30:00,517.97
2023-06-22 14:45:00,509.29
2023-06-22 15:00:00,496.81
2023-06-22 15:15:00,483.31
2023-06-22 15:30:00,465.74
2023-06-22 15:45:00,444.68
2023-06-22 16:00:00,420.76
2023-06-22 16:15:00,392.31
2023-06-22 16:30:00,359.9
2023-06-22 16:45:00,313.49
2023-06-22 17:00:00,274.24
2023-06-22 17:15:00,230.73
2023-06-22 17:30:00,173.9
2023-06-22 17:45:00,108.84
2023-06-22 18:00:00,62.29
2023-06-22 18:15:00,25.78
2023-06-22 18:30:00,6.54
2023-06-22 18:45:00,-0.0
2023-06-22 19:00:00,-0.0
2023-06-22 19:15:00,-0.0
2023-06-22 19:30:00,-0.0
2023-06-22 19:45:00,-0.0
2023-06-22 20:00:00,-0.0
2023-06-22 20:15:00,-0.0
2023-06-22 20:30:00,-0.0
2023-06-22 20:45:00,-0.0
2023-06-22 21:00:00,-0.0
2023-06-22 21:15:00,-0.0
2023-06-22 21:30:00,-0.0
2023-06-22 21:45:00,-0.0
2023-06-22 22:00:00,-0.0
2023-06-22 22:15:00,-0.0
2023-06-22 22:30:00,-0.0
2023-06-22 22:45:00,-0.0
2023-06-22 23:00:00,-0.0
2023-06-22 23:15:00,-0.0
2023-06-22 23:30:00,-0.0
2023-06-22 23:45:00,-0.0
2023-06-23 00:00:00,-0.0
2023-06-23 00:15:00,-0.0
2023-06-23 00:30:00,-0.0
2023-06-23 00:45:00,-0.0
2023-06-23 01:00:00,-0.0
2023-06-23 01:15:00,-0.0
2023-06-23 01:30:00,-0.0
2023-06-23 01:45:00,-0.0
2023-06-23 02:00:00,-0.0
2023-06-23 02:15:00,-0.0
2023-06-23 02:30:00,-0.0
2023-06-23 02:45:00,-0.0
2023-06-23 03:00:00,-0.0
2023-06-23 03:15:00,-0.0
2023-06-23 03:30:00,-0.0
2023-06-23 03:45:00,-0.0
2023-06-23 04:00:00,-0.0
2023-06-23 04:15:00,-0.0
2023-06-23 04:30:00,-0.0
2023-06-23 04:45:00,4.25
2023-06-23 05:00:00,21.76
2023-06-23 05:15:00,76.26
2023-06-23 05:30:00,143.16
2023-06-23 05:45:00,220.83
2023-06-23 06:00:00,301.9
2023-06-23 06:15:00,378.52
2023-06-23 06:30:00,414.15
2023-06-23 06:45:00,445.02
2023-06-23 07:00:00,471.2
2023-06-23 07:15:00,494.18
2023-06-23 07:30:00,513.86
2023-06-23 07:45:00,528.9
2023-06-23 08:00:00,528.9
2023-06-23 08:15:00,528.9
2023-06-23 08:30:00,528.9
2023-06-23 08:45:00,528.9
2023-06-23 09:00:00,528.9
2023-06-23 09:15:00,528.9
2023-06-23 09:30:00,528.9
2023-06-23 09:45:00,528.9
2023-06-23 10:00:00,528.9
2023-06-23 10:15:00,528.9
2023-06-23 10:30:00,528.9
2023-06-23 10:45:00,528.9
2023-06-23 11:00:00,528.9
2023-06-23 11:15:00,528.9
2023-06-23 11:30:00,528.9
2023-06-23 11:45:00,528.9
2023-06-23 12:00:00,528.9
2023-06-23 12:15:00,528.9
2023-06-23 12:30:00,528.9
2023-06-23 12:45:00,528.9
2023-06-23 13:00:00,528.9
2023-06-23 13:15:00,528.9
2023-06-23 13:30:00,528.9
2023-06-23 13:45:00,528.9
2023-06-23 14:00:00,528.9
2023-06-23 14:15:00,528.9
2023-06-23 14:30:00,528.9
2023-06-23 14:45:00,528.9
2023-06-23 15:00:00,528.9
2023-06-23 15:15:00,526.97
2023-06-23 15:30:00,512.58
2023-06-23 15:45:00,494.52
2023-06-23 16:00:00,472.74
2023-06-23 16:15:00,447.07
2023-06-23 16:30:00,413.08
2023-06-23 16:45:00,379.42
2023-06-23 17:00:00,341.23
2023-06-23 17:15:00,297.43
2023-06-23 17:30:00,232.58
2023-06-23 17:45:00,158.7
2023-06-23 18:00:00,89.99
2023-06-23 18:15:00,41.08
2023-06-23 18:30:00,8.67
2023-06-23 18:45:00,0.45
2023-06-23 19:00:00,-0.0
2023-06-23 19:15:00,-0.0
2023-06-23 19:30:00,-0.0
2023-06-23 19:45:00,-0.0
2023-06-23 20:00:00,-0.0
2023-06-23 20:15:00,-0.0
2023-06-23 20:30:00,-0.0
2023-06-23 20:45:00,-0.0
2023-06-23 21:00:00,-0.0
2023-06-23 21:15:00,-0.0
2023-06-23 21:30:00,-0.0
2023-06-23 21:45:00,-0.0
2023-06-23 22:00:00,-0.0
2023-06-23 22:15:00,-0.0
2023-06-23 22:30:00,-0.0
2023-06-23 22:45:00,-0.0
2023-06-23 23:00:00,-0.0
2023-06-23 23:15:00,-0.0
2023-06-23 23:30:00,-0.0
2023-06-23 23:45:00,-0.0
2023-06-24 00:00:00,-0.0
2023-06-24 00:15:00,-0.0
2023-06-24 00:30:00,-0.0
2023-06-24 00:45:00,-0.0
2023-06-24 01:00:00,-0.0
2023-06-24 01:15:00,-0.0
2023-06-24 01:30:00,-0.0
2023-06-24 01:45:00,-0.0
2023-06-24 02:00:00,-0.0
2023-06-24 02:15:00,-0.0
2023-06-24 02:30:00,-0.0
2023-06-24 02:45:00,-0.0
2023-06-24 03:00:00,-0.0
2023-06-24 03:15:00,-0.0
2023-06-24 03:30:00,-0.0
2023-06-24 03:45:00,-0.0
2023-06-24 04:00:00,-0.0
2023-06-24 04:15:00,-0.0
2023-06-24 04:30:00,-0.0
2023-06-24 04:45:00,4.02
2023-06-24 05:00:00,18.45
2023-06-24 05:15:00,64.26
2023-06-24 05:30:00,122.47
2023-06-24 05:45:00,190.83
2023-06-24 06:00:00,264.83
2023-06-24 06:15:00,338.09
2023-06-24 06:30:00,375.97
2023-06-24 06:45:00,412.33
2023-06-24 07:00:00,441.71
2023-06-24 07:15:00,467.56
2023-06-24 07:30:00,489.83
2023-06-24 07:45:00,508.48
2023-06-24 08:00:00,523.67
2023-06-24 08:15:00,528.9
2023-06-24 08:30:00,528.9
2023-06-24 08:45:00,528.9
2023-06-24 09:00:00,528.9
2023-06-24 09:15:00,528.9
2023-06-24 09:30:00,528.9
2023-06-24 09:45:00,528.9
2023-06-24 10:00:00,528.9
2023-06-24 10:15:00,528.9
2023-06-24 10:30:00,528.9
2023-06-24 10:45:00,528.9
2023-06-24 11:00:00,528.9
2023-06-24 11:15:00,528.9
2023-06-24 11:30:00,528.9
2023-06-24 11:45:00,528.9
2023-06-24 12:00:00,528.9
2023-06-24 12:15:00,528.9
2023-06-24 12:30:00,528.9
2023-06-24 12:45:00,528.9
2023-06-24 13:00:00,528.9
2023-06-24 13:15:00,528.9
2023-06-24 13:30:00,528.9
2023-06-24 13:45:00,528.9
2023-06-24 14:00:00,528.9
2023-06-24 14:15:00,528.9
2023-06-24 14:30:00,528.9
2023-06-24 14:45:00,528.9
2023-06-24 15:00:00,528.9
2023-06-24 15:15:00,522.91
2023-06-24 15:30:00,509.54
2023-06-24 15:45:00,492.74
2023-06-24 16:00:00,472.51
2023-06-24 16:15:00,448.39
2023-06-24 16:30:00,420.25
2023-06-24 16:45:00,383.8
2023-06-24 17:00:00,347.71
2023-06-24 17:15:00,305.87
2023-06-24 17:30:00,242.24
2023-06-24 17:45:00,167.63
2023-06-24 18:00:00,96.34
2023-06-24 18:15:00,44.11
2023-06-24 18:30:00,9.26
2023-06-24 18:45:00,0.49
2023-06-24 19:00:00,-0.0
2023-06-24 19:15:00,-0.0
2023-06-24 19:30:00,-0.0
2023-06-24 19:45:00,-0.0
2023-06-24 20:00:00,-0.0
2023-06-24 20:15:00,-0.0
2023-06-24 20:30:00,-0.0
2023-06-24 20:45:00,-0.0
2023-06-24 21:00:00,-0.0
2023-06-24 21:15:00,-0.0
2023-06-24 21:30:00,-0.0
2023-06-24 21:45:00,-0.0
2023-06-24 22:00:00,-0.0
2023-06-24 22:15:00,-0.0
2023-06-24 22:30:00,-0.0
2023-06-24 22:45:00,-0.0
2023-06-24 23:00:00,-0.0
2023-06-24 23:15:00,-0.0
2023-06-24 23:30:00,-0.0
2023-06-24 23:45:00,-0.0
2023-06-25 00:00:00,-0.0
2023-06-25 00:15:00,-0.0
2023-06-25 00:30:00,-0.0
2023-06-25 00:45:00,-0.0
2023-06-25 01:00:00,-0.0
2023-06-25 01:15:00,-0.0
2023-06-25 01:30:00,-0.0
2023-06-25 01:45:00,-0.0
2023-06-25 02:00:00,-0.0
2023-06-25 02:15:00,-0.0
2023-06-25 02:30:00,-0.0
2023-06-25 02:45:00,-0.0
2023-06-25 03:00:00,-0.0
2023-06-25 03:15:00,-0.0
2023-06-25 03:30:00,-0.0
2023-06-25 03:45:00,-0.0
2023-06-25 04:00:00,-0.0
2023-06-25 04:15:00,-0.0
2023-06-25 04:30:00,-0.0
2023-06-25 04:45:00,3.65
2023-06-25 05:00:00,15.53
2023-06-25 05:15:00,53.39
2023-06-25 05:30:00,102.48
2023-06-25 05:45:00,162.91
2023-06-25 06:00:00,235.93
2023-06-25 06:15:00,306.64
2023-06-25 06:30:00,346.4
2023-06-25 06:45:00,381.41
2023-06-25 07:00:00,411.65
2023-06-25 07:15:00,438.22
2023-06-25 07:30:00,464.14
2023-06-25 07:45:00,484.01
2023-06-25 08:00:00,507.06
2023-06-25 08:15:00,520.99
2023-06-25 08:30:00,528.9
2023-06-25 08:45:00,528.9
2023-06-25 09:00:00,528.9
2023-06-25 09:15:00,528.9
2023-06-25 09:30:00,528.9
2023-06-25 09:45:00,528.9
2023-06-25 10:00:00,528.9
2023-06-25 10:15:00,528.9
2023-06-25 10:30:00,528.9
2023-06-25 10:45:00,528.9
2023-06-25 11:00:00,528.9
2023-06-25 11:15:00,528.9
2023-06-25 11:30:00,528.9
2023-06-25 11:45:00,528.9
2023-06-25 12:00:00,528.9
2023-06-25 12:15:00,528.9
2023-06-25 12:30:00,528.9
2023-06-25 12:45:00,528.9
2023-06-25 13:00:00,528.9
2023-06-25 13:15:00,528.9
2023-06-25 13:30:00,528.9
2023-06-25 13:45:00,528.9
2023-06-25 14:00:00,528.9
2023-06-25 14:15:00,528.9
2023-06-25 14:30:00,528.9
2023-06-25 14:45:00,528.9
2023-06-25 15:00:00,528.9
2023-06-25 15:15:00,528.9
2023-06-25 15:30:00,517.9
2023-06-25 15:45:00,502.42
2023-06-25 16:00:00,483.28
2023-06-25 16:15:00,460.8
2023-06-25 16:30:00,434.25
2023-06-25 16:45:00,403.3
2023-06-25 17:00:00,368.08
2023-06-25 17:15:00,323.01
2023-06-25 17:30:00,259.13
2023-06-25 17:45:00,181.89
2023-06-25 18:00:00,112.2
2023-06-25 18:15:00,53.52
2023-06-25 18:30:00,11.41
2023-06-25 18:45:00,0.52
2023-06-25 19:00:00,-0.0
2023-06-25 19:15:00,-0.0
2023-06-25 19:30:00,-0.0
2023-06-25 19:45:00,-0.0
2023-06-25 20:00:00,-0.0
2023-06-25 20:15:00,-0.0
2023-06-25 20:30:00,-0.0
2023-06-25 20:45:00,-0.0
2023-06-25 21:00:00,-0.0
2023-06-25 21:15:00,-0.0
2023-06-25 21:30:00,-0.0
2023-06-25 21:45:00,-0.0
2023-06-25 22:00:00,-0.0
2023-06-25 22:15:00,-0.0
2023-06-25 22:30:00,-0.0
2023-06-25 22:45:00,-0.0
2023-06-25 23:00:00,-0.0
2023-06-25 23:15:00,-0.0
2023-06-25 23:30:00,-0.0
2023-06-25 23:45:00,-0.0
2023-06-26 00:00:00,-0.0
2023-06-26 00:15:00,-0.0
2023-06-26 00:30:00,-0.0
2023-06-26 00:45:00,-0.0
2023-06-26 01:00:00,-0.0
2023-06-26 01:15:00,-0.0
2023-06-26 01:30:00,-0.0
2023-06-26 01:45:00,-0.0
2023-06-26 02:00:00,-0.0
2023-06-26 02:15:00,-0.0
2023-06-26 02:30:00,-0.0
2023-06-26 02:45:00,-0.0
2023-06-26 03:00:00,-0.0
2023-06-26 03:15:00,-0.0
2023-06-26 03:30:00,-0.0
2023-06-26 03:45:00,-0.0
2023-06-26 04:00:00,-0.0
2023-06-26 04:15:00,-0.0
2023-06-26 04:30:00,-0.0
2023-06-26 04:45:00,3.6
2023-06-26 05:00:00,15.96
2023-06-26 05:15:00,55.47
2023-06-26 05:30:00,106.33
2023-06-26 05:45:00,171.52
2023-06-26 06:00:00,240.7
2023-06-26 06:15:00,311.25
2023-06-26 06:30:00,349.61
2023-06-26 06:45:00,383.48
2023-06-26 07:00:00,412.36
2023-06-26 07:15:00,438.42
2023-06-26 07:30:00,461.15
2023-06-26 07:45:00,483.99
2023-06-26 08:00:00,500.0
2023-06-26 08:15:00,513.53
2023-06-26 08:30:00,523.53
2023-06-26 08:45:00,528.9
2023-06-26 09:00:00,528.9
2023-06-26 09:15:00,528.9
2023-06-26 09:30:00,528.9
2023-06-26 09:45:00,528.9
2023-06-26 10:00:00,528.9
2023-06-26 10:15:00,528.9
2023-06-26 10:30:00,528.9
2023-06-26 10:45:00,528.9
2023-06-26 11:00:00,528.9
2023-06-26 11:15:00,528.9
2023-06-26 11:30:00,528.9
2023-06-26 11:45:00,528.9
2023-06-26 12:00:00,528.9
2023-06-26 12:15:00,528.9
2023-06-26 12:30:00,528.9
2023-06-26 12:45:00,528.9
2023-06-26 13:00:00,528.9
2023-06-26 13:15:00,528.9
2023-06-26 13:30:00,528.9
2023-06-26 13:45:00,525.34
2023-06-26 14:00:00,518.56
2023-06-26 14:15:00,512.13
2023-06-26 14:30:00,503.82
2023-06-26 14:45:00,492.32
2023-06-26 15:00:00,479.77
2023-06-26 15:15:00,466.65
2023-06-26 15:30:00,449.73
2023-06-26 15:45:00,429.38
2023-06-26 16:00:00,405.89
2023-06-26 16:15:00,378.59
2023-06-26 16:30:00,347.54
2023-06-26 16:45:00,302.68
2023-06-26 17:00:00,265.12
2023-06-26 17:15:00,223.6
2023-06-26 17:30:00,170.02
2023-06-26 17:45:00,107.06
2023-06-26 18:00:00,61.99
2023-06-26 18:15:00,26.03
2023-06-26 18:30:00,6.92
2023-06-26 18:45:00,0.45
2023-06-26 19:00:00,-0.0
2023-06-26 19:15:00,-0.0
2023-06-26 19:30:00,-0.0
2023-06-26 19:45:00,-0.0
2023-06-26 20:00:00,-0.0
2023-06-26 20:15:00,-0.0
2023-06-26 20:30:00,-0.0
2023-06-26 20:45:00,-0.0
2023-06-26 21:00:00,-0.0
2023-06-26 21:15:00,-0.0
2023-06-26 21:30:00,-0.0
2023-06-26 21:45:00,-0.0
2023-06-26 22:00:00,-0.0
2023-06-26 22:15:00,-0.0
2023-06-26 22:30:00,-0.0
2023-06-26 22:45:00,-0.0
2023-06-26 23:00:00,-0.0
2023-06-26 23:15:00,-0.0
2023-06-26 23:30:00,-0.0
2023-06-26 23:45:00,-0.0
2023-06-27 00:00:00,-0.0
2023-06-27 00:15:00,-0.0
2023-06-27 00:30:00,-0.0
2023-06-27 00:45:00,-0.0
2023-06-27 01:00:00,-0.0
2023-06-27 01:15:00,-0.0
2023-06-27 01:30:00,-0.0
2023-06-27 01:45:00,-0.0
2023-06-27 02:00:00,-0.0
2023-06-27 02:15:00,-0.0
2023-06-27 02:30:00,-0.0
2023-06-27 02:45:00,-0.0
2023-06-27 03:00:00,-0.0
2023-06-27 03:15:00,-0.0
2023-06-27 03:30:00,-0.0
2023-06-27 03:45:00,-0.0
2023-06-27 04:00:00,-0.0
2023-06-27 04:15:00,-0.0
2023-06-27 04:30:00,-0.0
2023-06-27 04:45:00,3.28
2023-06-27 05:00:00,13.76
2023-06-27 05:15:00,46.45
2023-06-27 05:30:00,92.13
2023-06-27 05:45:00,147.67
2023-06-27 06:00:00,211.11
2023-06-27 06:15:00,278.11
2023-06-27 06:30:00,327.0
2023-06-27 06:45:00,364.47
2023-06-27 07:00:00,396.59
2023-06-27 07:15:00,425.83
2023-06-27 07:30:00,451.23
2023-06-27 07:45:00,473.05
2023-06-27 08:00:00,490.69
2023-06-27 08:15:00,508.84
2023-06-27 08:30:00,520.67
2023-06-27 08:45:00,528.9
2023-06-27 09:00:00,528.9
2023-06-27 09:15:00,528.9
2023-06-27 09:30:00,528.9
2023-06-27 09:45:00,528.9
2023-06-27 10:00:00,528.9
2023-06-27 10:15:00,528.9
2023-06-27 10:30:00,528.9
2023-06-27 10:45:00,528.9
2023-06-27 11:00:00,528.9
2023-06-27 11:15:00,528.9
2023-06-27 11:30:00,528.9
2023-06-27 11:45:00,528.9
2023-06-27 12:00:00,528.9
2023-06-27 12:15:00,528.9
2023-06-27 12:30:00,528.9
2023-06-27 12:45:00,528.9
2023-06-27 13:00:00,528.9
2023-06-27 13:15:00,528.9
2023-06-27 13:30:00,528.9
2023-06-27 13:45:00,528.9
2023-06-27 14:00:00,528.9
2023-06-27 14:15:00,528.9
2023-06-27 14:30:00,528.9
2023-06-27 14:45:00,528.9
2023-06-27 15:00:00,525.34
2023-06-27 15:15:00,514.93
2023-06-27 15:30:00,500.18
2023-06-27 15:45:00,481.99
2023-06-27 16:00:00,460.26
2023-06-27 16:15:00,434.26
2023-06-27 16:30:00,400.1
2023-06-27 16:45:00,366.09
2023-06-27 17:00:00,327.89
2023-06-27 17:15:00,284.0
2023-06-27 17:30:00,221.31
2023-06-27 17:45:00,143.01
2023-06-27 18:00:00,83.72
2023-06-27 18:15:00,35.1
2023-06-27 18:30:00,7.69
2023-06-27 18:45:00,0.48
2023-06-27 19:00:00,-0.0
2023-06-27 19:15:00,-0.0
2023-06-27 19:30:00,-0.0
2023-06-27 19:45:00,-0.0
2023-06-27 20:00:00,-0.0
2023-06-27 20:15:00,-0.0
2023-06-27 20:30:00,-0.0
2023-06-27 20:45:00,-0.0
2023-06-27 21:00:00,-0.0
2023-06-27 21:15:00,-0.0
2023-06-27 21:30:00,-0.0
2023-06-27 21:45:00,-0.0
2023-06-27 22:00:00,-0.0
2023-06-27 22:15:00,-0.0
2023-06-27 22:30:00,-0.0
2023-06-27 22:45:00,-0.0
2023-06-27 23:00:00,-0.0
2023-06-27 23:15:00,-0.0
2023-06-27 23:30:00,-0.0
2023-06-27 23:45:00,-0.0
2023-06-28 00:00:00,-0.0
2023-06-28 00:15:00,-0.0
2023-06-28 00:30:00,-0.0
2023-06-28 00:45:00,-0.0
2023-06-28 01:00:00,-0.0
2023-06-28 01:15:00,-0.0
2023-06-28 01:30:00,-0.0
2023-06-28 01:45:00,-0.0
2023-06-28 02:00:00,-0.0
2023-06-28 02:15:00,-0.0
2023-06-28 02:30:00,-0.0
2023-06-28 02:45:00,-0.0
2023-06-28 03:00:00,-0.0
2023-06-28 03:15:00,-0.0
2023-06-28 03:30:00,-0.0
2023-06-28 03:45:00,-0.0
2023-06-28 04:00:00,-0.0
2023-06-28 04:15:00,-0.0
2023-06-28 04:30:00,-0.0
2023-06-28 04:45:00,3.17
2023-06-28 05:00:00,14.26
2023-06-28 05:15:00,50.43
2023-06-28 05:30:00,98.68
2023-06-28 05:45:00,158.53
2023-06-28 06:00:00,231.47
2023-06-28 06:15:00,304.33
2023-06-28 06:30:00,344.65
2023-06-28 06:45:00,380.28
2023-06-28 07:00:00,408.35
2023-06-28 07:15:00,435.18
2023-06-28 07:30:00,461.86
2023-06-28 07:45:00,482.11
2023-06-28 08:00:00,500.79
2023-06-28 08:15:00,514.69
2023-06-28 08:30:00,524.96
2023-06-28 08:45:00,528.9
2023-06-28 09:00:00,528.9
2023-06-28 09:15:00,528.9
2023-06-28 09:30:00,528.9
2023-06-28 09:45:00,528.9
2023-06-28 10:00:00,528.9
2023-06-28 10:15:00,528.9
2023-06-28 10:30:00,528.9
2023-06-28 10:45:00,528.9
2023-06-28 11:00:00,528.9
2023-06-28 11:15:00,528.9
2023-06-28 11:30:00,528.9
2023-06-28 11:45:00,528.9
2023-06-28 12:00:00,528.9
2023-06-28 12:15:00,528.9
2023-06-28 12:30:00,528.9
2023-06-28 12:45:00,528.9
2023-06-28 13:00:00,528.9
2023-06-28 13:15:00,528.9
2023-06-28 13:30:00,528.9
2023-06-28 13:45:00,528.9
2023-06-28 14:00:00,528.9
2023-06-28 14:15:00,528.9
2023-06-28 14:30:00,527.03
2023-06-28 14:45:00,520.44
2023-06-28 15:00:00,510.26
2023-06-28 15:15:00,499.11
2023-06-28 15:30:00,483.68
2023-06-28 15:45:00,464.63
2023-06-28 16:00:00,437.81
2023-06-28 16:15:00,411.63
2023-06-28 16:30:00,381.33
2023-06-28 16:45:00,346.69
2023-06-28 17:00:00,307.89
2023-06-28 17:15:00,263.96
2023-06-28 17:30:00,195.04
2023-06-28 17:45:00,130.07
2023-06-28 18:00:00,75.66
2023-06-28 18:15:00,31.6
2023-06-28 18:30:00,7.41
2023-06-28 18:45:00,0.48
2023-06-28 19:00:00,-0.0
2023-06-28 19:15:00,-0.0
2023-06-28 19:30:00,-0.0
2023-06-28 19:45:00,-0.0
2023-06-28 20:00:00,-0.0
2023-06-28 20:15:00,-0.0
2023-06-28 20:30:00,-0.0
2023-06-28 20:45:00,-0.0
2023-06-28 21:00:00,-0.0
2023-06-28 21:15:00,-0.0
2023-06-28 21:30:00,-0.0
2023-06-28 21:45:00,-0.0
2023-06-28 22:00:00,-0.0
2023-06-28 22:15:00,-0.0
2023-06-28 22:30:00,-0.0
2023-06-28 22:45:00,-0.0
2023-06-28 23:00:00,-0.0
2023-06-28 23:15:00,-0.0
2023-06-28 23:30:00,-0.0
2023-06-28 23:45:00,-0.0
2023-06-29 00:00:00,-0.0
2023-06-29 00:15:00,-0.0
2023-06-29 00:30:00,-0.0
2023-06-29 00:45:00,-0.0
2023-06-29 01:00:00,-0.0
2023-06-29 01:15:00,-0.0
2023-06-29 01:30:00,-0.0
2023-06-29 01:45:00,-0.0
2023-06-29 02:00:00,-0.0
2023-06-29 02:15:00,-0.0
2023-06-29 02:30:00,-0.0
2023-06-29 02:45:00,-0.0
2023-06-29 03:00:00,-0.0
2023-06-29 03:15:00,-0.0
2023-06-29 03:30:00,-0.0
2023-06-29 03:45:00,-0.0
2023-06-29 04:00:00,-0.0
2023-06-29 04:15:00,-0.0
2023-06-29 04:30:00,-0.0
2023-06-29 04:45:00,2.94
2023-06-29 05:00:00,14.16
2023-06-29 05:15:00,51.0
2023-06-29 05:30:00,100.33
2023-06-29 05:45:00,165.29
2023-06-29 06:00:00,235.01
2023-06-29 06:15:00,309.4
2023-06-29 06:30:00,349.73
2023-06-29 06:45:00,385.49
2023-06-29 07:00:00,416.56
2023-06-29 07:15:00,447.84
2023-06-29 07:30:00,472.42
2023-06-29 07:45:00,493.48
2023-06-29 08:00:00,510.47
2023-06-29 08:15:00,524.5
2023-06-29 08:30:00,528.9
2023-06-29 08:45:00,528.9
2023-06-29 09:00:00,528.9
2023-06-29 09:15:00,528.9
2023-06-29 09:30:00,528.9
2023-06-29 09:45:00,528.9
2023-06-29 10:00:00,528.9
2023-06-29 10:15:00,528.9
2023-06-29 10:30:00,528.9
2023-06-29 10:45:00,528.9
2023-06-29 11:00:00,528.9
2023-06-29 11:15:00,528.9
2023-06-29 11:30:00,528.9
2023-06-29 11:45:00,528.9
2023-06-29 12:00:00,528.9
2023-06-29 12:15:00,528.9
2023-06-29 12:30:00,528.9
2023-06-29 12:45:00,528.9
2023-06-29 13:00:00,528.9
2023-06-29 13:15:00,528.9
2023-06-29 13:30:00,528.9
2023-06-29 13:45:00,528.9
2023-06-29 14:00:00,528.9
2023-06-29 14:15:00,528.9
2023-06-29 14:30:00,524.18
2023-06-29 14:45:00,516.66
2023-06-29 15:00:00,506.23
2023-06-29 15:15:00,494.68
2023-06-29 15:30:00,478.88
2023-06-29 15:45:00,445.24
2023-06-29 16:00:00,276.32
2023-06-29 16:15:00,356.02
2023-06-29 16:30:00,204.64
2023-06-29 16:45:00,111.26
2023-06-29 17:00:00,248.99
2023-06-29 17:15:00,251.61
2023-06-29 17:30:00,194.17
2023-06-29 17:45:00,130.2
2023-06-29 18:00:00,76.21
2023-06-29 18:15:00,32.13
2023-06-29 18:30:00,7.54
2023-06-29 18:45:00,0.51
2023-06-29 19:00:00,-0.0
2023-06-29 19:15:00,-0.0
2023-06-29 19:30:00,-0.0
2023-06-29 19:45:00,-0.0
2023-06-29 20:00:00,-0.0
2023-06-29 20:15:00,-0.0
2023-06-29 20:30:00,-0.0
2023-06-29 20:45:00,-0.0
2023-06-29 21:00:00,-0.0
2023-06-29 21:15:00,-0.0
2023-06-29 21:30:00,-0.0
2023-06-29 21:45:00,-0.0
2023-06-29 22:00:00,-0.0
2023-06-29 22:15:00,-0.0
2023-06-29 22:30:00,-0.0
2023-06-29 22:45:00,-0.0
2023-06-29 23:00:00,-0.0
2023-06-29 23:15:00,-0.0
2023-06-29 23:30:00,-0.0
2023-06-29 23:45:00,-0.0
2023-06-30 00:00:00,-0.0
2023-06-30 00:15:00,-0.0
2023-06-30 00:30:00,-0.0
2023-06-30 00:45:00,-0.0
2023-06-30 01:00:00,-0.0
2023-06-30 01:15:00,-0.0
2023-06-30 01:30:00,-0.0
2023-06-30 01:45:00,-0.0
2023-06-30 02:00:00,-0.0
2023-06-30 02:15:00,-0.0
2023-06-30 02:30:00,-0.0
2023-06-30 02:45:00,-0.0
2023-06-30 03:00:00,-0.0
2023-06-30 03:15:00,-0.0
2023-06-30 03:30:00,-0.0
2023-06-30 03:45:00,-0.0
2023-06-30 04:00:00,-0.0
2023-06-30 04:15:00,-0.0
2023-06-30 04:30:00,-0.0
2023-06-30 04:45:00,2.73
2023-06-30 05:00:00,12.9
2023-06-30 05:15:00,44.13
2023-06-30 05:30:00,89.31
2023-06-30 05:45:00,143.87
2023-06-30 06:00:00,204.66
2023-06-30 06:15:00,269.4
2023-06-30 06:30:00,315.8
2023-06-30 06:45:00,350.55
2023-06-30 07:00:00,381.22
2023-06-30 07:15:00,408.74
2023-06-30 07:30:00,420.62
2023-06-30 07:45:00,275.85
2023-06-30 08:00:00,412.61
2023-06-30 08:15:00,333.25
2023-06-30 08:30:00,323.76
2023-06-30 08:45:00,470.89
2023-06-30 09:00:00,514.72
2023-06-30 09:15:00,522.09
2023-06-30 09:30:00,527.06
2023-06-30 09:45:00,528.9
2023-06-30 10:00:00,528.9
2023-06-30 10:15:00,528.9
2023-06-30 10:30:00,528.9
2023-06-30 10:45:00,528.9
2023-06-30 11:00:00,528.9
2023-06-30 11:15:00,519.36
2023-06-30 11:30:00,343.35
2023-06-30 11:45:00,324.63
2023-06-30 12:00:00,362.68
2023-06-30 12:15:00,493.51
2023-06-30 12:30:00,528.9
2023-06-30 12:45:00,521.3
2023-06-30 13:00:00,389.79
2023-06-30 13:15:00,331.42
2023-06-30 13:30:00,248.76
2023-06-30 13:45:00,159.05
2023-06-30 14:00:00,246.84
2023-06-30 14:15:00,453.5
2023-06-30 14:30:00,402.38
2023-06-30 14:45:00,314.96
2023-06-30 15:00:00,267.51
2023-06-30 15:15:00,287.54
2023-06-30 15:30:00,416.58
2023-06-30 15:45:00,425.12
2023-06-30 16:00:00,298.93
2023-06-30 16:15:00,93.63
2023-06-30 16:30:00,105.86
2023-06-30 16:45:00,145.11
2023-06-30 17:00:00,235.34
2023-06-30 17:15:00,220.74
2023-06-30 17:30:00,161.42
2023-06-30 17:45:00,43.38
2023-06-30 18:00:00,11.83
2023-06-30 18:15:00,8.39
2023-06-30 18:30:00,3.07
2023-06-30 18:45:00,-0.0
2023-06-30 19:00:00,-0.0
2023-06-30 19:15:00,-0.0
2023-06-30 19:30:00,-0.0
2023-06-30 19:45:00,-0.0
2023-06-30 20:00:00,-0.0
2023-06-30 20:15:00,-0.0
2023-06-30 20:30:00,-0.0
2023-06-30 20:45:00,-0.0
2023-06-30 21:00:00,-0.0
2023-06-30 21:15:00,-0.0
2023-06-30 21:30:00,-0.0
2023-06-30 21:45:00,-0.0
2023-06-30 22:00:00,-0.0
2023-06-30 22:15:00,-0.0
2023-06-30 22:30:00,-0.0
2023-06-30 22:45:00,-0.0
2023-06-30 23:00:00,-0.0
2023-06-30 23:15:00,-0.0
2023-06-30 23:30:00,-0.0
2023-06-30 23:45:00,-0.0
2023-07-01 00:00:00,-0.0
2023-07-01 00:15:00,-0.0
2023-07-01 00:30:00,-0.0
2023-07-01 00:45:00,-0.0
2023-07-01 01:00:00,-0.0
2023-07-01 01:15:00,-0.0
2023-07-01 01:30:00,-0.0
2023-07-01 01:45:00,-0.0
2023-07-01 02:00:00,-0.0
2023-07-01 02:15:00,-0.0
2023-07-01 02:30:00,-0.0
2023-07-01 02:45:00,-0.0
2023-07-01 03:00:00,-0.0
2023-07-01 03:15:00,-0.0
2023-07-01 03:30:00,-0.0
2023-07-01 03:45:00,-0.0
2023-07-01 04:00:00,-0.0
2023-07-01 04:15:00,-0.0
2023-07-01 04:30:00,-0.0
2023-07-01 04:45:00,2.29
2023-07-01 05:00:00,10.07
2023-07-01 05:15:00,31.11
2023-07-01 05:30:00,57.17
2023-07-01 05:45:00,60.79
2023-07-01 06:00:00,52.63
2023-07-01 06:15:00,48.33
2023-07-01 06:30:00,195.53
2023-07-01 06:45:00,279.28
2023-07-01 07:00:00,312.73
2023-07-01 07:15:00,343.69
2023-07-01 07:30:00,371.72
2023-07-01 07:45:00,396.69
2023-07-01 08:00:00,418.41
2023-07-01 08:15:00,446.27
2023-07-01 08:30:00,462.21
2023-07-01 08:45:00,474.91
2023-07-01 09:00:00,486.22
2023-07-01 09:15:00,495.74
2023-07-01 09:30:00,503.47
2023-07-01 09:45:00,510.98
2023-07-01 10:00:00,515.22
2023-07-01 10:15:00,519.02
2023-07-01 10:30:00,521.9
2023-07-01 10:45:00,522.95
2023-07-01 11:00:00,522.31
2023-07-01 11:15:00,521.87
2023-07-01 11:30:00,521.78
2023-07-01 11:45:00,520.58
2023-07-01 12:00:00,519.7
2023-07-01 12:15:00,519.71
2023-07-01 12:30:00,519.43
2023-07-01 12:45:00,517.75
2023-07-01 13:00:00,504.11
2023-07-01 13:15:00,366.1
2023-07-01 13:30:00,346.53
2023-07-01 13:45:00,467.86
2023-07-01 14:00:00,493.25
2023-07-01 14:15:00,485.18
2023-07-01 14:30:00,475.13
2023-07-01 14:45:00,463.41
2023-07-01 15:00:00,447.96
2023-07-01 15:15:00,422.39
2023-07-01 15:30:00,284.41
2023-07-01 15:45:00,240.0
2023-07-01 16:00:00,107.66
2023-07-01 16:15:00,32.57
2023-07-01 16:30:00,53.91
2023-07-01 16:45:00,21.02
2023-07-01 17:00:00,9.3
2023-07-01 17:15:00,10.84
2023-07-01 17:30:00,44.93
2023-07-01 17:45:00,28.49
2023-07-01 18:00:00,25.6
2023-07-01 18:15:00,18.6
2023-07-01 18:30:00,5.89
2023-07-01 18:45:00,0.44
2023-07-01 19:00:00,-0.0
2023-07-01 19:15:00,-0.0
2023-07-01 19:30:00,-0.0
2023-07-01 19:45:00,-0.0
2023-07-01 20:00:00,-0.0
2023-07-01 20:15:00,-0.0
2023-07-01 20:30:00,-0.0
2023-07-01 20:45:00,-0.0
2023-07-01 21:00:00,-0.0
2023-07-01 21:15:00,-0.0
2023-07-01 21:30:00,-0.0
2023-07-01 21:45:00,-0.0
2023-07-01 22:00:00,-0.0
2023-07-01 22:15:00,-0.0
2023-07-01 22:30:00,-0.0
2023-07-01 22:45:00,-0.0
2023-07-01 23:00:00,-0.0
2023-07-01 23:15:00,-0.0
2023-07-01 23:30:00,-0.0
2023-07-01 23:45:00,-0.0
2023-07-02 00:00:00,-0.0
2023-07-02 00:15:00,-0.0
2023-07-02 00:30:00,-0.0
2023-07-02 00:45:00,-0.0
2023-07-02 01:00:00,-0.0
2023-07-02 01:15:00,-0.0
2023-07-02 01:30:00,-0.0
2023-07-02 01:45:00,-0.0
2023-07-02 02:00:00,-0.0
2023-07-02 02:15:00,-0.0
2023-07-02 02:30:00,-0.0
2023-07-02 02:45:00,-0.0
2023-07-02 03:00:00,-0.0
2023-07-02 03:15:00,-0.0
2023-07-02 03:30:00,-0.0
2023-07-02 03:45:00,-0.0
2023-07-02 04:00:00,-0.0
2023-07-02 04:15:00,-0.0
2023-07-02 04:30:00,-0.0
2023-07-02 04:45:00,1.57
2023-07-02 05:00:00,6.77
2023-07-02 05:15:00,19.87
2023-07-02 05:30:00,53.98
2023-07-02 05:45:00,104.05
2023-07-02 06:00:00,40.8
2023-07-02 06:15:00,10.69
2023-07-02 06:30:00,15.09
2023-07-02 06:45:00,59.28
2023-07-02 07:00:00,158.1
2023-07-02 07:15:00,151.69
2023-07-02 07:30:00,212.64
2023-07-02 07:45:00,189.15
2023-07-02 08:00:00,205.52
2023-07-02 08:15:00,147.81
2023-07-02 08:30:00,254.42
2023-07-02 08:45:00,304.37
2023-07-02 09:00:00,329.05
2023-07-02 09:15:00,462.13
2023-07-02 09:30:00,502.64
2023-07-02 09:45:00,508.76
2023-07-02 10:00:00,511.1
2023-07-02 10:15:00,513.83
2023-07-02 10:30:00,515.69
2023-07-02 10:45:00,504.98
2023-07-02 11:00:00,364.98
2023-07-02 11:15:00,344.61
2023-07-02 11:30:00,473.41
2023-07-02 11:45:00,497.49
2023-07-02 12:00:00,356.34
2023-07-02 12:15:00,315.83
2023-07-02 12:30:00,313.96
2023-07-02 12:45:00,314.28
2023-07-02 13:00:00,295.79
2023-07-02 13:15:00,296.92
2023-07-02 13:30:00,186.68
2023-07-02 13:45:00,139.34
2023-07-02 14:00:00,257.9
2023-07-02 14:15:00,317.63
2023-07-02 14:30:00,294.51
2023-07-02 14:45:00,274.9
2023-07-02 15:00:00,305.86
2023-07-02 15:15:00,256.32
2023-07-02 15:30:00,222.11
2023-07-02 15:45:00,220.5
2023-07-02 16:00:00,126.7
2023-07-02 16:15:00,87.96
2023-07-02 16:30:00,104.4
2023-07-02 16:45:00,44.81
2023-07-02 17:00:00,17.03
2023-07-02 17:15:00,51.78
2023-07-02 17:30:00,18.06
2023-07-02 17:45:00,22.94
2023-07-02 18:00:00,20.76
2023-07-02 18:15:00,4.96
2023-07-02 18:30:00,0.84
2023-07-02 18:45:00,-0.0
2023-07-02 19:00:00,-0.0
2023-07-02 19:15:00,-0.0
2023-07-02 19:30:00,-0.0
2023-07-02 19:45:00,-0.0
2023-07-02 20:00:00,-0.0
2023-07-02 20:15:00,-0.0
2023-07-02 20:30:00,-0.0
2023-07-02 20:45:00,-0.0
2023-07-02 21:00:00,-0.0
2023-07-02 21:15:00,-0.0
2023-07-02 21:30:00,-0.0
2023-07-02 21:45:00,-0.0
2023-07-02 22:00:00,-0.0
2023-07-02 22:15:00,-0.0
2023-07-02 22:30:00,-0.0
2023-07-02 22:45:00,-0.0
2023-07-02 23:00:00,-0.0
2023-07-02 23:15:00,-0.0
2023-07-02 23:30:00,-0.0
2023-07-02 23:45:00,-0.0
2023-07-03 00:00:00,-0.0
2023-07-03 00:15:00,-0.0
2023-07-03 00:30:00,-0.0
2023-07-03 00:45:00,-0.0
2023-07-03 01:00:00,-0.0
2023-07-03 01:15:00,-0.0
2023-07-03 01:30:00,-0.0
2023-07-03 01:45:00,-0.0
2023-07-03 02:00:00,-0.0
2023-07-03 02:15:00,-0.0
2023-07-03 02:30:00,-0.0
2023-07-03 02:45:00,-0.0
2023-07-03 03:00:00,-0.0
2023-07-03 03:15:00,-0.0
2023-07-03 03:30:00,-0.0
2023-07-03 03:45:00,-0.0
2023-07-03 04:00:00,-0.0
2023-07-03 04:15:00,-0.0
2023-07-03 04:30:00,-0.0
2023-07-03 04:45:00,-0.0
2023-07-03 05:00:00,1.26
2023-07-03 05:15:00,4.22
2023-07-03 05:30:00,22.35
2023-07-03 05:45:00,13.45
2023-07-03 06:00:00,12.42
2023-07-03 06:15:00,77.53
2023-07-03 06:30:00,110.8
2023-07-03 06:45:00,231.0
2023-07-03 07:00:00,156.19
2023-07-03 07:15:00,300.68
2023-07-03 07:30:00,361.09
2023-07-03 07:45:00,228.89
2023-07-03 08:00:00,259.34
2023-07-03 08:15:00,404.03
2023-07-03 08:30:00,435.54
2023-07-03 08:45:00,288.1
2023-07-03 09:00:00,193.0
2023-07-03 09:15:00,167.89
2023-07-03 09:30:00,201.35
2023-07-03 09:45:00,265.58
2023-07-03 10:00:00,303.97
2023-07-03 10:15:00,311.76
2023-07-03 10:30:00,311.91
2023-07-03 10:45:00,180.59
2023-07-03 11:00:00,214.05
2023-07-03 11:15:00,172.44
2023-07-03 11:30:00,256.81
2023-07-03 11:45:00,223.59
2023-07-03 12:00:00,277.04
2023-07-03 12:15:00,295.93
2023-07-03 12:30:00,213.29
2023-07-03 12:45:00,261.23
2023-07-03 13:00:00,303.48
2023-07-03 13:15:00,302.4
2023-07-03 13:30:00,230.92
2023-07-03 13:45:00,297.62
2023-07-03 14:00:00,316.13
2023-07-03 14:15:00,299.54
2023-07-03 14:30:00,410.02
2023-07-03 14:45:00,347.71
2023-07-03 15:00:00,296.24
2023-07-03 15:15:00,376.95
2023-07-03 15:30:00,372.89
2023-07-03 15:45:00,205.93
2023-07-03 16:00:00,293.51
2023-07-03 16:15:00,306.52
2023-07-03 16:30:00,258.47
2023-07-03 16:45:00,142.67
2023-07-03 17:00:00,46.89
2023-07-03 17:15:00,18.76
2023-07-03 17:30:00,88.6
2023-07-03 17:45:00,69.68
2023-07-03 18:00:00,27.54
2023-07-03 18:15:00,5.07
2023-07-03 18:30:00,0.78
2023-07-03 18:45:00,-0.0
2023-07-03 19:00:00,-0.0
2023-07-03 19:15:00,-0.0
2023-07-03 19:30:00,-0.0
2023-07-03 19:45:00,-0.0
2023-07-03 20:00:00,-0.0
2023-07-03 20:15:00,-0.0
2023-07-03 20:30:00,-0.0
2023-07-03 20:45:00,-0.0
2023-07-03 21:00:00,-0.0
2023-07-03 21:15:00,-0.0
2023-07-03 21:30:00,-0.0
2023-07-03 21:45:00,-0.0
2023-07-03 22:00:00,-0.0
2023-07-03 22:15:00,-0.0
2023-07-03 22:30:00,-0.0
2023-07-03 22:45:00,-0.0
2023-07-03 23:00:00,-0.0
2023-07-03 23:15:00,-0.0
2023-07-03 23:30:00,-0.0
2023-07-03 23:45:00,-0.0
2023-07-04 00:00:00,-0.0
2023-07-04 00:15:00,-0.0
2023-07-04 00:30:00,-0.0
2023-07-04 00:45:00,-0.0
2023-07-04 01:00:00,-0.0
2023-07-04 01:15:00,-0.0
2023-07-04 01:30:00,-0.0
2023-07-04 01:45:00,-0.0
2023-07-04 02:00:00,-0.0
2023-07-04 02:15:00,-0.0
2023-07-04 02:30:00,-0.0
2023-07-04 02:45:00,-0.0
2023-07-04 03:00:00,-0.0
2023-07-04 03:15:00,-0.0
2023-07-04 03:30:00,-0.0
2023-07-04 03:45:00,-0.0
2023-07-04 04:00:00,-0.0
2023-07-04 04:15:00,-0.0
2023-07-04 04:30:00,-0.0
2023-07-04 04:45:00,1.83
2023-07-04 05:00:00,8.78
2023-07-04 05:15:00,27.88
2023-07-04 05:30:00,53.44
2023-07-04 05:45:00,87.2
2023-07-04 06:00:00,134.75
2023-07-04 06:15:00,185.8
2023-07-04 06:30:00,225.68
2023-07-04 06:45:00,262.56
2023-07-04 07:00:00,306.77
2023-07-04 07:15:00,339.32
2023-07-04 07:30:00,369.02
2023-07-04 07:45:00,395.67
2023-07-04 08:00:00,419.06
2023-07-04 08:15:00,448.47
2023-07-04 08:30:00,465.86
2023-07-04 08:45:00,479.66
2023-07-04 09:00:00,491.68
2023-07-04 09:15:00,501.41
2023-07-04 09:30:00,509.53
2023-07-04 09:45:00,517.08
2023-07-04 10:00:00,521.71
2023-07-04 10:15:00,525.62
2023-07-04 10:30:00,528.08
2023-07-04 10:45:00,528.55
2023-07-04 11:00:00,528.84
2023-07-04 11:15:00,528.9
2023-07-04 11:30:00,528.9
2023-07-04 11:45:00,528.26
2023-07-04 12:00:00,527.79
2023-07-04 12:15:00,528.2
2023-07-04 12:30:00,528.57
2023-07-04 12:45:00,527.68
2023-07-04 13:00:00,525.51
2023-07-04 13:15:00,524.38
2023-07-04 13:30:00,521.3
2023-07-04 13:45:00,517.63
2023-07-04 14:00:00,510.99
2023-07-04 14:15:00,503.96
2023-07-04 14:30:00,496.02
2023-07-04 14:45:00,486.17
2023-07-04 15:00:00,473.83
2023-07-04 15:15:00,459.8
2023-07-04 15:30:00,441.85
2023-07-04 15:45:00,420.42
2023-07-04 16:00:00,395.5
2023-07-04 16:15:00,356.69
2023-07-04 16:30:00,325.07
2023-07-04 16:45:00,289.88
2023-07-04 17:00:00,251.34
2023-07-04 17:15:00,209.85
2023-07-04 17:30:00,150.03
2023-07-04 17:45:00,98.23
2023-07-04 18:00:00,56.23
2023-07-04 18:15:00,23.31
2023-07-04 18:30:00,6.47
2023-07-04 18:45:00,0.44
2023-07-04 19:00:00,-0.0
2023-07-04 19:15:00,-0.0
2023-07-04 19:30:00,-0.0
2023-07-04 19:45:00,-0.0
2023-07-04 20:00:00,-0.0
2023-07-04 20:15:00,-0.0
2023-07-04 20:30:00,-0.0
2023-07-04 20:45:00,-0.0
2023-07-04 21:00:00,-0.0
2023-07-04 21:15:00,-0.0
2023-07-04 21:30:00,-0.0
2023-07-04 21:45:00,-0.0
2023-07-04 22:00:00,-0.0
2023-07-04 22:15:00,-0.0
2023-07-04 22:30:00,-0.0
2023-07-04 22:45:00,-0.0
2023-07-04 23:00:00,-0.0
2023-07-04 23:15:00,-0.0
2023-07-04 23:30:00,-0.0
2023-07-04 23:45:00,-0.0
2023-07-05 00:00:00,-0.0
2023-07-05 00:15:00,-0.0
2023-07-05 00:30:00,-0.0
2023-07-05 00:45:00,-0.0
2023-07-05 01:00:00,-0.0
2023-07-05 01:15:00,-0.0
2023-07-05 01:30:00,-0.0
2023-07-05 01:45:00,-0.0
2023-07-05 02:00:00,-0.0
2023-07-05 02:15:00,-0.0
2023-07-05 02:30:00,-0.0
2023-07-05 02:45:00,-0.0
2023-07-05 03:00:00,-0.0
2023-07-05 03:15:00,-0.0
2023-07-05 03:30:00,-0.0
2023-07-05 03:45:00,-0.0
2023-07-05 04:00:00,-0.0
2023-07-05 04:15:00,-0.0
2023-07-05 04:30:00,-0.0
2023-07-05 04:45:00,1.79
2023-07-05 05:00:00,9.5
2023-07-05 05:15:00,31.51
2023-07-05 05:30:00,65.71
2023-07-05 05:45:00,108.51
2023-07-05 06:00:00,159.45
2023-07-05 06:15:00,225.02
2023-07-05 06:30:00,260.16
2023-07-05 06:45:00,168.51
2023-07-05 07:00:00,77.14
2023-07-05 07:15:00,167.13
2023-07-05 07:30:00,162.07
2023-07-05 07:45:00,205.18
2023-07-05 08:00:00,245.1
2023-07-05 08:15:00,425.86
2023-07-05 08:30:00,471.73
2023-07-05 08:45:00,352.04
2023-07-05 09:00:00,453.26
2023-07-05 09:15:00,346.97
2023-07-05 09:30:00,343.24
2023-07-05 09:45:00,380.53
2023-07-05 10:00:00,497.37
2023-07-05 10:15:00,528.9
2023-07-05 10:30:00,528.9
2023-07-05 10:45:00,528.9
2023-07-05 11:00:00,528.9
2023-07-05 11:15:00,528.9
2023-07-05 11:30:00,528.9
2023-07-05 11:45:00,528.9
2023-07-05 12:00:00,528.9
2023-07-05 12:15:00,528.9
2023-07-05 12:30:00,528.9
2023-07-05 12:45:00,528.9
2023-07-05 13:00:00,527.85
2023-07-05 13:15:00,526.68
2023-07-05 13:30:00,523.56
2023-07-05 13:45:00,519.82
2023-07-05 14:00:00,513.02
2023-07-05 14:15:00,506.67
2023-07-05 14:30:00,497.4
2023-07-05 14:45:00,487.3
2023-07-05 15:00:00,474.79
2023-07-05 15:15:00,461.06
2023-07-05 15:30:00,443.37
2023-07-05 15:45:00,422.23
2023-07-05 16:00:00,397.28
2023-07-05 16:15:00,369.14
2023-07-05 16:30:00,327.35
2023-07-05 16:45:00,292.26
2023-07-05 17:00:00,253.92
2023-07-05 17:15:00,212.29
2023-07-05 17:30:00,151.86
2023-07-05 17:45:00,99.36
2023-07-05 18:00:00,56.76
2023-07-05 18:15:00,23.45
2023-07-05 18:30:00,6.42
2023-07-05 18:45:00,-0.0
2023-07-05 19:00:00,-0.0
2023-07-05 19:15:00,-0.0
2023-07-05 19:30:00,-0.0
2023-07-05 19:45:00,-0.0
2023-07-05 20:00:00,-0.0
2023-07-05 20:15:00,-0.0
2023-07-05 20:30:00,-0.0
2023-07-05 20:45:00,-0.0
2023-07-05 21:00:00,-0.0
2023-07-05 21:15:00,-0.0
2023-07-05 21:30:00,-0.0
2023-07-05 21:45:00,-0.0
2023-07-05 22:00:00,-0.0
2023-07-05 22:15:00,-0.0
2023-07-05 22:30:00,-0.0
2023-07-05 22:45:00,-0.0
2023-07-05 23:00:00,-0.0
2023-07-05 23:15:00,-0.0
2023-07-05 23:30:00,-0.0
2023-07-05 23:45:00,-0.0
2023-07-06 00:00:00,-0.0
2023-07-06 00:15:00,-0.0
2023-07-06 00:30:00,-0.0
2023-07-06 00:45:00,-0.0
2023-07-06 01:00:00,-0.0
2023-07-06 01:15:00,-0.0
2023-07-06 01:30:00,-0.0
2023-07-06 01:45:00,-0.0
2023-07-06 02:00:00,-0.0
2023-07-06 02:15:00,-0.0
2023-07-06 02:30:00,-0.0
2023-07-06 02:45:00,-0.0
2023-07-06 03:00:00,-0.0
2023-07-06 03:15:00,-0.0
2023-07-06 03:30:00,-0.0
2023-07-06 03:45:00,-0.0
2023-07-06 04:00:00,-0.0
2023-07-06 04:15:00,-0.0
2023-07-06 04:30:00,-0.0
2023-07-06 04:45:00,1.73
2023-07-06 05:00:00,9.74
2023-07-06 05:15:00,35.41
2023-07-06 05:30:00,72.64
2023-07-06 05:45:00,125.18
2023-07-06 06:00:00,183.39
2023-07-06 06:15:00,247.83
2023-07-06 06:30:00,291.77
2023-07-06 06:45:00,328.09
2023-07-06 07:00:00,369.7
2023-07-06 07:15:00,399.53
2023-07-06 07:30:00,425.72
2023-07-06 07:45:00,448.51
2023-07-06 08:00:00,467.43
2023-07-06 08:15:00,483.6
2023-07-06 08:30:00,496.7
2023-07-06 08:45:00,506.17
2023-07-06 09:00:00,515.01
2023-07-06 09:15:00,520.54
2023-07-06 09:30:00,524.79
2023-07-06 09:45:00,528.9
2023-07-06 10:00:00,528.9
2023-07-06 10:15:00,528.9
2023-07-06 10:30:00,528.9
2023-07-06 10:45:00,528.9
2023-07-06 11:00:00,528.9
2023-07-06 11:15:00,528.18
2023-07-06 11:30:00,526.07
2023-07-06 11:45:00,523.81
2023-07-06 12:00:00,522.27
2023-07-06 12:15:00,521.99
2023-07-06 12:30:00,521.57
2023-07-06 12:45:00,519.71
2023-07-06 13:00:00,516.36
2023-07-06 13:15:00,514.55
2023-07-06 13:30:00,510.1
2023-07-06 13:45:00,504.89
2023-07-06 14:00:00,496.07
2023-07-06 14:15:00,487.86
2023-07-06 14:30:00,477.88
2023-07-06 14:45:00,466.0
2023-07-06 15:00:00,451.06
2023-07-06 15:15:00,435.61
2023-07-06 15:30:00,416.31
2023-07-06 15:45:00,384.25
2023-07-06 16:00:00,358.18
2023-07-06 16:15:00,329.12
2023-07-06 16:30:00,296.78
2023-07-06 16:45:00,261.21
2023-07-06 17:00:00,213.46
2023-07-06 17:15:00,173.49
2023-07-06 17:30:00,127.1
2023-07-06 17:45:00,76.43
2023-07-06 18:00:00,42.54
2023-07-06 18:15:00,18.58
2023-07-06 18:30:00,5.69
2023-07-06 18:45:00,-0.0
2023-07-06 19:00:00,-0.0
2023-07-06 19:15:00,-0.0
2023-07-06 19:30:00,-0.0
2023-07-06 19:45:00,-0.0
2023-07-06 20:00:00,-0.0
2023-07-06 20:15:00,-0.0
2023-07-06 20:30:00,-0.0
2023-07-06 20:45:00,-0.0
2023-07-06 21:00:00,-0.0
2023-07-06 21:15:00,-0.0
2023-07-06 21:30:00,-0.0
2023-07-06 21:45:00,-0.0
2023-07-06 22:00:00,-0.0
2023-07-06 22:15:00,-0.0
2023-07-06 22:30:00,-0.0
2023-07-06 22:45:00,-0.0
2023-07-06 23:00:00,-0.0
2023-07-06 23:15:00,-0.0
2023-07-06 23:30:00,-0.0
2023-07-06 23:45:00,-0.0
2023-07-07 00:00:00,-0.0
2023-07-07 00:15:00,-0.0
2023-07-07 00:30:00,-0.0
2023-07-07 00:45:00,-0.0
2023-07-07 01:00:00,-0.0
2023-07-07 01:15:00,-0.0
2023-07-07 01:30:00,-0.0
2023-07-07 01:45:00,-0.0
2023-07-07 02:00:00,-0.0
2023-07-07 02:15:00,-0.0
2023-07-07 02:30:00,-0.0
2023-07-07 02:45:00,-0.0
2023-07-07 03:00:00,-0.0
2023-07-07 03:15:00,-0.0
2023-07-07 03:30:00,-0.0
2023-07-07 03:45:00,-0.0
2023-07-07 04:00:00,-0.0
2023-07-07 04:15:00,-0.0
2023-07-07 04:30:00,-0.0
2023-07-07 04:45:00,1.52
2023-07-07 05:00:00,8.62
2023-07-07 05:15:00,29.89
2023-07-07 05:30:00,63.46
2023-07-07 05:45:00,106.1
2023-07-07 06:00:00,157.32
2023-07-07 06:15:00,223.49
2023-07-07 06:30:00,268.58
2023-07-07 06:45:00,306.63
2023-07-07 07:00:00,332.82
2023-07-07 07:15:00,242.77
2023-07-07 07:30:00,225.26
2023-07-07 07:45:00,253.7
2023-07-07 08:00:00,258.13
2023-07-07 08:15:00,264.93
2023-07-07 08:30:00,446.67
2023-07-07 08:45:00,501.88
2023-07-07 09:00:00,511.72
2023-07-07 09:15:00,519.71
2023-07-07 09:30:00,526.96
2023-07-07 09:45:00,528.9
2023-07-07 10:00:00,528.9
2023-07-07 10:15:00,528.9
2023-07-07 10:30:00,528.9
2023-07-07 10:45:00,528.9
2023-07-07 11:00:00,528.9
2023-07-07 11:15:00,528.9
2023-07-07 11:30:00,528.9
2023-07-07 11:45:00,528.9
2023-07-07 12:00:00,528.9
2023-07-07 12:15:00,528.9
2023-07-07 12:30:00,528.9
2023-07-07 12:45:00,528.9
2023-07-07 13:00:00,528.9
2023-07-07 13:15:00,528.9
2023-07-07 13:30:00,528.9
2023-07-07 13:45:00,528.9
2023-07-07 14:00:00,522.75
2023-07-07 14:15:00,517.71
2023-07-07 14:30:00,511.16
2023-07-07 14:45:00,502.77
2023-07-07 15:00:00,488.69
2023-07-07 15:15:00,476.64
2023-07-07 15:30:00,460.69
2023-07-07 15:45:00,441.35
2023-07-07 16:00:00,418.31
2023-07-07 16:15:00,391.96
2023-07-07 16:30:00,361.67
2023-07-07 16:45:00,327.3
2023-07-07 17:00:00,279.05
2023-07-07 17:15:00,236.92
2023-07-07 17:30:00,180.55
2023-07-07 17:45:00,119.68
2023-07-07 18:00:00,64.83
2023-07-07 18:15:00,26.23
2023-07-07 18:30:00,6.68
2023-07-07 18:45:00,-0.0
2023-07-07 19:00:00,-0.0
2023-07-07 19:15:00,-0.0
2023-07-07 19:30:00,-0.0
2023-07-07 19:45:00,-0.0
2023-07-07 20:00:00,-0.0
2023-07-07 20:15:00,-0.0
2023-07-07 20:30:00,-0.0
2023-07-07 20:45:00,-0.0
2023-07-07 21:00:00,-0.0
2023-07-07 21:15:00,-0.0
2023-07-07 21:30:00,-0.0
2023-07-07 21:45:00,-0.0
2023-07-07 22:00:00,-0.0
2023-07-07 22:15:00,-0.0
2023-07-07 22:30:00,-0.0
2023-07-07 22:45:00,-0.0
2023-07-07 23:00:00,-0.0
2023-07-07 23:15:00,-0.0
2023-07-07 23:30:00,-0.0
2023-07-07 23:45:00,-0.0
2023-07-08 00:00:00,-0.0
2023-07-08 00:15:00,-0.0
2023-07-08 00:30:00,-0.0
2023-07-08 00:45:00,-0.0
2023-07-08 01:00:00,-0.0
2023-07-08 01:15:00,-0.0
2023-07-08 01:30:00,-0.0
2023-07-08 01:45:00,-0.0
2023-07-08 02:00:00,-0.0
2023-07-08 02:15:00,-0.0
2023-07-08 02:30:00,-0.0
2023-07-08 02:45:00,-0.0
2023-07-08 03:00:00,-0.0
2023-07-08 03:15:00,-0.0
2023-07-08 03:30:00,-0.0
2023-07-08 03:45:00,-0.0
2023-07-08 04:00:00,-0.0
2023-07-08 04:15:00,-0.0
2023-07-08 04:30:00,-0.0
2023-07-08 04:45:00,1.64
2023-07-08 05:00:00,10.81
2023-07-08 05:15:00,48.04
2023-07-08 05:30:00,103.05
2023-07-08 05:45:00,169.11
2023-07-08 06:00:00,238.96
2023-07-08 06:15:00,312.34
2023-07-08 06:30:00,356.11
2023-07-08 06:45:00,387.52
2023-07-08 07:00:00,414.72
2023-07-08 07:15:00,439.38
2023-07-08 07:30:00,464.68
2023-07-08 07:45:00,483.39
2023-07-08 08:00:00,498.71
2023-07-08 08:15:00,511.44
2023-07-08 08:30:00,521.27
2023-07-08 08:45:00,527.35
2023-07-08 09:00:00,528.9
2023-07-08 09:15:00,528.9
2023-07-08 09:30:00,528.9
2023-07-08 09:45:00,528.9
2023-07-08 10:00:00,528.9
2023-07-08 10:15:00,528.9
2023-07-08 10:30:00,528.9
2023-07-08 10:45:00,528.9
2023-07-08 11:00:00,528.9
2023-07-08 11:15:00,528.9
2023-07-08 11:30:00,528.9
2023-07-08 11:45:00,528.9
2023-07-08 12:00:00,528.9
2023-07-08 12:15:00,528.9
2023-07-08 12:30:00,528.9
2023-07-08 12:45:00,528.9
2023-07-08 13:00:00,528.9
2023-07-08 13:15:00,528.9
2023-07-08 13:30:00,528.9
2023-07-08 13:45:00,528.74
2023-07-08 14:00:00,521.72
2023-07-08 14:15:00,515.04
2023-07-08 14:30:00,506.49
2023-07-08 14:45:00,494.03
2023-07-08 15:00:00,481.16
2023-07-08 15:15:00,467.62
2023-07-08 15:30:00,450.06
2023-07-08 15:45:00,428.91
2023-07-08 16:00:00,404.24
2023-07-08 16:15:00,375.96
2023-07-08 16:30:00,333.51
2023-07-08 16:45:00,298.06
2023-07-08 17:00:00,259.3
2023-07-08 17:15:00,216.79
2023-07-08 17:30:00,162.49
2023-07-08 17:45:00,100.65
2023-07-08 18:00:00,57.17
2023-07-08 18:15:00,23.43
2023-07-08 18:30:00,6.18
2023-07-08 18:45:00,-0.0
2023-07-08 19:00:00,-0.0
2023-07-08 19:15:00,-0.0
2023-07-08 19:30:00,-0.0
2023-07-08 19:45:00,-0.0
2023-07-08 20:00:00,-0.0
2023-07-08 20:15:00,-0.0
2023-07-08 20:30:00,-0.0
2023-07-08 20:45:00,-0.0
2023-07-08 21:00:00,-0.0
2023-07-08 21:15:00,-0.0
2023-07-08 21:30:00,-0.0
2023-07-08 21:45:00,-0.0
2023-07-08 22:00:00,-0.0
2023-07-08 22:15:00,-0.0
2023-07-08 22:30:00,-0.0
2023-07-08 22:45:00,-0.0
2023-07-08 23:00:00,-0.0
2023-07-08 23:15:00,-0.0
2023-07-08 23:30:00,-0.0
2023-07-08 23:45:00,-0.0
2023-07-09 00:00:00,-0.0
2023-07-09 00:15:00,-0.0
2023-07-09 00:30:00,-0.0
2023-07-09 00:45:00,-0.0
2023-07-09 01:00:00,-0.0
2023-07-09 01:15:00,-0.0
2023-07-09 01:30:00,-0.0
2023-07-09 01:45:00,-0.0
2023-07-09 02:00:00,-0.0
2023-07-09 02:15:00,-0.0
2023-07-09 02:30:00,-0.0
2023-07-09 02:45:00,-0.0
2023-07-09 03:00:00,-0.0
2023-07-09 03:15:00,-0.0
2023-07-09 03:30:00,-0.0
2023-07-09 03:45:00,-0.0
2023-07-09 04:00:00,-0.0
2023-07-09 04:15:00,-0.0
2023-07-09 04:30:00,-0.0
2023-07-09 04:45:00,1.35
2023-07-09 05:00:00,9.01
2023-07-09 05:15:00,34.78
2023-07-09 05:30:00,74.19
2023-07-09 05:45:00,129.05
2023-07-09 06:00:00,189.56
2023-07-09 06:15:00,256.98
2023-07-09 06:30:00,313.39
2023-07-09 06:45:00,351.39
2023-07-09 07:00:00,384.7
2023-07-09 07:15:00,414.54
2023-07-09 07:30:00,440.56
2023-07-09 07:45:00,463.17
2023-07-09 08:00:00,481.92
2023-07-09 08:15:00,500.66
2023-07-09 08:30:00,513.61
2023-07-09 08:45:00,522.34
2023-07-09 09:00:00,528.9
2023-07-09 09:15:00,528.9
2023-07-09 09:30:00,528.9
2023-07-09 09:45:00,528.9
2023-07-09 10:00:00,528.9
2023-07-09 10:15:00,528.9
2023-07-09 10:30:00,528.9
2023-07-09 10:45:00,528.9
2023-07-09 11:00:00,528.9
2023-07-09 11:15:00,528.9
2023-07-09 11:30:00,528.9
2023-07-09 11:45:00,528.9
2023-07-09 12:00:00,528.9
2023-07-09 12:15:00,528.9
2023-07-09 12:30:00,528.9
2023-07-09 12:45:00,528.9
2023-07-09 13:00:00,528.9
2023-07-09 13:15:00,528.9
2023-07-09 13:30:00,528.9
2023-07-09 13:45:00,528.9
2023-07-09 14:00:00,528.9
2023-07-09 14:15:00,528.9
2023-07-09 14:30:00,528.9
2023-07-09 14:45:00,525.65
2023-07-09 15:00:00,516.49
2023-07-09 15:15:00,505.88
2023-07-09 15:30:00,491.03
2023-07-09 15:45:00,472.57
2023-07-09 16:00:00,446.61
2023-07-09 16:15:00,421.03
2023-07-09 16:30:00,391.44
2023-07-09 16:45:00,357.51
2023-07-09 17:00:00,319.37
2023-07-09 17:15:00,275.8
2023-07-09 17:30:00,204.33
2023-07-09 17:45:00,136.98
2023-07-09 18:00:00,79.44
2023-07-09 18:15:00,32.66
2023-07-09 18:30:00,6.81
2023-07-09 18:45:00,-0.0
2023-07-09 19:00:00,-0.0
2023-07-09 19:15:00,-0.0
2023-07-09 19:30:00,-0.0
2023-07-09 19:45:00,-0.0
2023-07-09 20:00:00,-0.0
2023-07-09 20:15:00,-0.0
2023-07-09 20:30:00,-0.0
2023-07-09 20:45:00,-0.0
2023-07-09 21:00:00,-0.0
2023-07-09 21:15:00,-0.0
2023-07-09 21:30:00,-0.0
2023-07-09 21:45:00,-0.0
2023-07-09 22:00:00,-0.0
2023-07-09 22:15:00,-0.0
2023-07-09 22:30:00,-0.0
2023-07-09 22:45:00,-0.0
2023-07-09 23:00:00,-0.0
2023-07-09 23:15:00,-0.0
2023-07-09 23:30:00,-0.0
2023-07-09 23:45:00,-0.0
2023-07-10 00:00:00,-0.0
2023-07-10 00:15:00,-0.0
2023-07-10 00:30:00,-0.0
2023-07-10 00:45:00,-0.0
2023-07-10 01:00:00,-0.0
2023-07-10 01:15:00,-0.0
2023-07-10 01:30:00,-0.0
2023-07-10 01:45:00,-0.0
2023-07-10 02:00:00,-0.0
2023-07-10 02:15:00,-0.0
2023-07-10 02:30:00,-0.0
2023-07-10 02:45:00,-0.0
2023-07-10 03:00:00,-0.0
2023-07-10 03:15:00,-0.0
2023-07-10 03:30:00,-0.0
2023-07-10 03:45:00,-0.0
2023-07-10 04:00:00,-0.0
2023-07-10 04:15:00,-0.0
2023-07-10 04:30:00,-0.0
2023-07-10 04:45:00,-0.0
2023-07-10 05:00:00,8.56
2023-07-10 05:15:00,32.9
2023-07-10 05:30:00,71.79
2023-07-10 05:45:00,126.63
2023-07-10 06:00:00,187.39
2023-07-10 06:15:00,254.37
2023-07-10 06:30:00,311.66
2023-07-10 06:45:00,349.47
2023-07-10 07:00:00,382.05
2023-07-10 07:15:00,411.64
2023-07-10 07:30:00,437.39
2023-07-10 07:45:00,459.71
2023-07-10 08:00:00,478.26
2023-07-10 08:15:00,493.93
2023-07-10 08:30:00,509.58
2023-07-10 08:45:00,518.29
2023-07-10 09:00:00,526.07
2023-07-10 09:15:00,528.9
2023-07-10 09:30:00,528.9
2023-07-10 09:45:00,528.9
2023-07-10 10:00:00,528.9
2023-07-10 10:15:00,528.9
2023-07-10 10:30:00,528.9
2023-07-10 10:45:00,528.9
2023-07-10 11:00:00,528.9
2023-07-10 11:15:00,528.9
2023-07-10 11:30:00,528.9
2023-07-10 11:45:00,528.9
2023-07-10 12:00:00,528.9
2023-07-10 12:15:00,528.9
2023-07-10 12:30:00,528.9
2023-07-10 12:45:00,528.9
2023-07-10 13:00:00,528.9
2023-07-10 13:15:00,528.9
2023-07-10 13:30:00,528.9
2023-07-10 13:45:00,528.9
2023-07-10 14:00:00,528.9
2023-07-10 14:15:00,516.06
2023-07-10 14:30:00,374.67
2023-07-10 14:45:00,287.65
2023-07-10 15:00:00,227.47
2023-07-10 15:15:00,210.7
2023-07-10 15:30:00,337.03
2023-07-10 15:45:00,331.7
2023-07-10 16:00:00,343.29
2023-07-10 16:15:00,335.6
2023-07-10 16:30:00,368.28
2023-07-10 16:45:00,349.87
2023-07-10 17:00:00,312.75
2023-07-10 17:15:00,270.42
2023-07-10 17:30:00,200.31
2023-07-10 17:45:00,134.48
2023-07-10 18:00:00,77.99
2023-07-10 18:15:00,31.76
2023-07-10 18:30:00,6.51
2023-07-10 18:45:00,-0.0
2023-07-10 19:00:00,-0.0
2023-07-10 19:15:00,-0.0
2023-07-10 19:30:00,-0.0
2023-07-10 19:45:00,-0.0
2023-07-10 20:00:00,-0.0
2023-07-10 20:15:00,-0.0
2023-07-10 20:30:00,-0.0
2023-07-10 20:45:00,-0.0
2023-07-10 21:00:00,-0.0
2023-07-10 21:15:00,-0.0
2023-07-10 21:30:00,-0.0
2023-07-10 21:45:00,-0.0
2023-07-10 22:00:00,-0.0
2023-07-10 22:15:00,-0.0
2023-07-10 22:30:00,-0.0
2023-07-10 22:45:00,-0.0
2023-07-10 23:00:00,-0.0
2023-07-10 23:15:00,-0.0
2023-07-10 23:30:00,-0.0
2023-07-10 23:45:00,-0.0
2023-07-11 00:00:00,-0.0
2023-07-11 00:15:00,-0.0
2023-07-11 00:30:00,-0.0
2023-07-11 00:45:00,-0.0
2023-07-11 01:00:00,-0.0
2023-07-11 01:15:00,-0.0
2023-07-11 01:30:00,-0.0
2023-07-11 01:45:00,-0.0
2023-07-11 02:00:00,-0.0
2023-07-11 02:15:00,-0.0
2023-07-11 02:30:00,-0.0
2023-07-11 02:45:00,-0.0
2023-07-11 03:00:00,-0.0
2023-07-11 03:15:00,-0.0
2023-07-11 03:30:00,-0.0
2023-07-11 03:45:00,-0.0
2023-07-11 04:00:00,-0.0
2023-07-11 04:15:00,-0.0
2023-07-11 04:30:00,-0.0
2023-07-11 04:45:00,-0.0
2023-07-11 05:00:00,7.93
2023-07-11 05:15:00,29.31
2023-07-11 05:30:00,37.69
2023-07-11 05:45:00,54.49
2023-07-11 06:00:00,23.15
2023-07-11 06:15:00,22.28
2023-07-11 06:30:00,17.99
2023-07-11 06:45:00,35.28
2023-07-11 07:00:00,71.07
2023-07-11 07:15:00,114.76
2023-07-11 07:30:00,199.53
2023-07-11 07:45:00,253.89
2023-07-11 08:00:00,433.03
2023-07-11 08:15:00,489.16
2023-07-11 08:30:00,505.41
2023-07-11 08:45:00,515.13
2023-07-11 09:00:00,522.72
2023-07-11 09:15:00,528.6
2023-07-11 09:30:00,528.9
2023-07-11 09:45:00,528.9
2023-07-11 10:00:00,528.9
2023-07-11 10:15:00,528.9
2023-07-11 10:30:00,528.9
2023-07-11 10:45:00,528.9
2023-07-11 11:00:00,528.9
2023-07-11 11:15:00,528.9
2023-07-11 11:30:00,528.9
2023-07-11 11:45:00,528.9
2023-07-11 12:00:00,528.9
2023-07-11 12:15:00,528.9
2023-07-11 12:30:00,528.9
2023-07-11 12:45:00,528.9
2023-07-11 13:00:00,528.9
2023-07-11 13:15:00,528.9
2023-07-11 13:30:00,528.9
2023-07-11 13:45:00,527.55
2023-07-11 14:00:00,520.54
2023-07-11 14:15:00,515.94
2023-07-11 14:30:00,509.63
2023-07-11 14:45:00,502.07
2023-07-11 15:00:00,489.9
2023-07-11 15:15:00,465.27
2023-07-11 15:30:00,300.84
2023-07-11 15:45:00,232.46
2023-07-11 16:00:00,376.76
2023-07-11 16:15:00,381.25
2023-07-11 16:30:00,209.11
2023-07-11 16:45:00,186.92
2023-07-11 17:00:00,255.73
2023-07-11 17:15:00,237.17
2023-07-11 17:30:00,179.49
2023-07-11 17:45:00,114.23
2023-07-11 18:00:00,26.62
2023-07-11 18:15:00,19.85
2023-07-11 18:30:00,5.87
2023-07-11 18:45:00,-0.0
2023-07-11 19:00:00,-0.0
2023-07-11 19:15:00,-0.0
2023-07-11 19:30:00,-0.0
2023-07-11 19:45:00,-0.0
2023-07-11 20:00:00,-0.0
2023-07-11 20:15:00,-0.0
2023-07-11 20:30:00,-0.0
2023-07-11 20:45:00,-0.0
2023-07-11 21:00:00,-0.0
2023-07-11 21:15:00,-0.0
2023-07-11 21:30:00,-0.0
2023-07-11 21:45:00,-0.0
2023-07-11 22:00:00,-0.0
2023-07-11 22:15:00,-0.0
2023-07-11 22:30:00,-0.0
2023-07-11 22:45:00,-0.0
2023-07-11 23:00:00,-0.0
2023-07-11 23:15:00,-0.0
2023-07-11 23:30:00,-0.0
2023-07-11 23:45:00,-0.0
2023-07-12 00:00:00,-0.0
2023-07-12 00:15:00,-0.0
2023-07-12 00:30:00,-0.0
2023-07-12 00:45:00,-0.0
2023-07-12 01:00:00,-0.0
2023-07-12 01:15:00,-0.0
2023-07-12 01:30:00,-0.0
2023-07-12 01:45:00,-0.0
2023-07-12 02:00:00,-0.0
2023-07-12 02:15:00,-0.0
2023-07-12 02:30:00,-0.0
2023-07-12 02:45:00,-0.0
2023-07-12 03:00:00,-0.0
2023-07-12 03:15:00,-0.0
2023-07-12 03:30:00,-0.0
2023-07-12 03:45:00,-0.0
2023-07-12 04:00:00,-0.0
2023-07-12 04:15:00,-0.0
2023-07-12 04:30:00,-0.0
2023-07-12 04:45:00,-0.0
2023-07-12 05:00:00,7.64
2023-07-12 05:15:00,29.45
2023-07-12 05:30:00,64.72
2023-07-12 05:45:00,65.14
2023-07-12 06:00:00,48.02
2023-07-12 06:15:00,88.7
2023-07-12 06:30:00,243.69
2023-07-12 06:45:00,106.31
2023-07-12 07:00:00,131.74
2023-07-12 07:15:00,192.98
2023-07-12 07:30:00,362.45
2023-07-12 07:45:00,290.19
2023-07-12 08:00:00,425.98
2023-07-12 08:15:00,485.63
2023-07-12 08:30:00,498.72
2023-07-12 08:45:00,510.49
2023-07-12 09:00:00,517.97
2023-07-12 09:15:00,524.73
2023-07-12 09:30:00,528.9
2023-07-12 09:45:00,528.9
2023-07-12 10:00:00,528.9
2023-07-12 10:15:00,528.9
2023-07-12 10:30:00,528.9
2023-07-12 10:45:00,528.9
2023-07-12 11:00:00,406.33
2023-07-12 11:15:00,364.49
2023-07-12 11:30:00,495.18
2023-07-12 11:45:00,528.9
2023-07-12 12:00:00,528.9
2023-07-12 12:15:00,523.75
2023-07-12 12:30:00,395.57
2023-07-12 12:45:00,359.02
2023-07-12 13:00:00,480.88
2023-07-12 13:15:00,362.2
2023-07-12 13:30:00,291.89
2023-07-12 13:45:00,340.73
2023-07-12 14:00:00,483.86
2023-07-12 14:15:00,518.21
2023-07-12 14:30:00,512.02
2023-07-12 14:45:00,504.5
2023-07-12 15:00:00,480.81
2023-07-12 15:15:00,308.6
2023-07-12 15:30:00,191.25
2023-07-12 15:45:00,113.34
2023-07-12 16:00:00,129.01
2023-07-12 16:15:00,134.04
2023-07-12 16:30:00,164.59
2023-07-12 16:45:00,282.24
2023-07-12 17:00:00,278.1
2023-07-12 17:15:00,235.33
2023-07-12 17:30:00,176.99
2023-07-12 17:45:00,116.39
2023-07-12 18:00:00,62.11
2023-07-12 18:15:00,26.6
2023-07-12 18:30:00,5.57
2023-07-12 18:45:00,-0.0
2023-07-12 19:00:00,-0.0
2023-07-12 19:15:00,-0.0
2023-07-12 19:30:00,-0.0
2023-07-12 19:45:00,-0.0
2023-07-12 20:00:00,-0.0
2023-07-12 20:15:00,-0.0
2023-07-12 20:30:00,-0.0
2023-07-12 20:45:00,-0.0
2023-07-12 21:00:00,-0.0
2023-07-12 21:15:00,-0.0
2023-07-12 21:30:00,-0.0
2023-07-12 21:45:00,-0.0
2023-07-12 22:00:00,-0.0
2023-07-12 22:15:00,-0.0
2023-07-12 22:30:00,-0.0
2023-07-12 22:45:00,-0.0
2023-07-12 23:00:00,-0.0
2023-07-12 23:15:00,-0.0
2023-07-12 23:30:00,-0.0
2023-07-12 23:45:00,-0.0
2023-07-13 00:00:00,-0.0
2023-07-13 00:15:00,-0.0
2023-07-13 00:30:00,-0.0
2023-07-13 00:45:00,-0.0
2023-07-13 01:00:00,-0.0
2023-07-13 01:15:00,-0.0
2023-07-13 01:30:00,-0.0
2023-07-13 01:45:00,-0.0
2023-07-13 02:00:00,-0.0
2023-07-13 02:15:00,-0.0
2023-07-13 02:30:00,-0.0
2023-07-13 02:45:00,-0.0
2023-07-13 03:00:00,-0.0
2023-07-13 03:15:00,-0.0
2023-07-13 03:30:00,-0.0
2023-07-13 03:45:00,-0.0
2023-07-13 04:00:00,-0.0
2023-07-13 04:15:00,-0.0
2023-07-13 04:30:00,-0.0
2023-07-13 04:45:00,-0.0
2023-07-13 05:00:00,6.93
2023-07-13 05:15:00,24.8
2023-07-13 05:30:00,59.11
2023-07-13 05:45:00,101.83
2023-07-13 06:00:00,158.72
2023-07-13 06:15:00,219.93
2023-07-13 06:30:00,270.48
2023-07-13 06:45:00,308.92
2023-07-13 07:00:00,343.25
2023-07-13 07:15:00,384.42
2023-07-13 07:30:00,413.03
2023-07-13 07:45:00,438.05
2023-07-13 08:00:00,459.03
2023-07-13 08:15:00,477.09
2023-07-13 08:30:00,491.95
2023-07-13 08:45:00,502.93
2023-07-13 09:00:00,513.68
2023-07-13 09:15:00,521.68
2023-07-13 09:30:00,527.89
2023-07-13 09:45:00,528.9
2023-07-13 10:00:00,528.9
2023-07-13 10:15:00,528.9
2023-07-13 10:30:00,528.9
2023-07-13 10:45:00,528.9
2023-07-13 11:00:00,528.9
2023-07-13 11:15:00,528.9
2023-07-13 11:30:00,528.9
2023-07-13 11:45:00,528.9
2023-07-13 12:00:00,528.9
2023-07-13 12:15:00,528.9
2023-07-13 12:30:00,528.9
2023-07-13 12:45:00,528.9
2023-07-13 13:00:00,528.9
2023-07-13 13:15:00,528.9
2023-07-13 13:30:00,528.9
2023-07-13 13:45:00,528.9
2023-07-13 14:00:00,528.7
2023-07-13 14:15:00,525.23
2023-07-13 14:30:00,520.21
2023-07-13 14:45:00,514.13
2023-07-13 15:00:00,507.34
2023-07-13 15:15:00,497.07
2023-07-13 15:30:00,482.82
2023-07-13 15:45:00,464.98
2023-07-13 16:00:00,441.03
2023-07-13 16:15:00,416.3
2023-07-13 16:30:00,387.47
2023-07-13 16:45:00,354.61
2023-07-13 17:00:00,317.37
2023-07-13 17:15:00,274.92
2023-07-13 17:30:00,202.67
2023-07-13 17:45:00,135.92
2023-07-13 18:00:00,78.39
2023-07-13 18:15:00,31.39
2023-07-13 18:30:00,5.8
2023-07-13 18:45:00,-0.0
2023-07-13 19:00:00,-0.0
2023-07-13 19:15:00,-0.0
2023-07-13 19:30:00,-0.0
2023-07-13 19:45:00,-0.0
2023-07-13 20:00:00,-0.0
2023-07-13 20:15:00,-0.0
2023-07-13 20:30:00,-0.0
2023-07-13 20:45:00,-0.0
2023-07-13 21:00:00,-0.0
2023-07-13 21:15:00,-0.0
2023-07-13 21:30:00,-0.0
2023-07-13 21:45:00,-0.0
2023-07-13 22:00:00,-0.0
2023-07-13 22:15:00,-0.0
2023-07-13 22:30:00,-0.0
2023-07-13 22:45:00,-0.0
2023-07-13 23:00:00,-0.0
2023-07-13 23:15:00,-0.0
2023-07-13 23:30:00,-0.0
2023-07-13 23:45:00,-0.0
2023-07-14 00:00:00,-0.0
2023-07-14 00:15:00,-0.0
2023-07-14 00:30:00,-0.0
2023-07-14 00:45:00,-0.0
2023-07-14 01:00:00,-0.0
2023-07-14 01:15:00,-0.0
2023-07-14 01:30:00,-0.0
2023-07-14 01:45:00,-0.0
2023-07-14 02:00:00,-0.0
2023-07-14 02:15:00,-0.0
2023-07-14 02:30:00,-0.0
2023-07-14 02:45:00,-0.0
2023-07-14 03:00:00,-0.0
2023-07-14 03:15:00,-0.0
2023-07-14 03:30:00,-0.0
2023-07-14 03:45:00,-0.0
2023-07-14 04:00:00,-0.0
2023-07-14 04:15:00,-0.0
2023-07-14 04:30:00,-0.0
2023-07-14 04:45:00,-0.0
2023-07-14 05:00:00,7.16
2023-07-14 05:15:00,27.48
2023-07-14 05:30:00,65.76
2023-07-14 05:45:00,118.66
2023-07-14 06:00:00,178.54
2023-07-14 06:15:00,246.17
2023-07-14 06:30:00,308.98
2023-07-14 06:45:00,348.99
2023-07-14 07:00:00,384.3
2023-07-14 07:15:00,415.78
2023-07-14 07:30:00,443.34
2023-07-14 07:45:00,467.08
2023-07-14 08:00:00,487.2
2023-07-14 08:15:00,507.31
2023-07-14 08:30:00,521.0
2023-07-14 08:45:00,528.9
2023-07-14 09:00:00,528.9
2023-07-14 09:15:00,528.9
2023-07-14 09:30:00,528.9
2023-07-14 09:45:00,528.9
2023-07-14 10:00:00,528.9
2023-07-14 10:15:00,528.9
2023-07-14 10:30:00,528.9
2023-07-14 10:45:00,528.9
2023-07-14 11:00:00,528.9
2023-07-14 11:15:00,528.9
2023-07-14 11:30:00,528.9
2023-07-14 11:45:00,528.9
2023-07-14 12:00:00,528.9
2023-07-14 12:15:00,528.9
2023-07-14 12:30:00,528.9
2023-07-14 12:45:00,528.9
2023-07-14 13:00:00,528.9
2023-07-14 13:15:00,528.9
2023-07-14 13:30:00,528.9
2023-07-14 13:45:00,528.9
2023-07-14 14:00:00,528.9
2023-07-14 14:15:00,528.9
2023-07-14 14:30:00,528.9
2023-07-14 14:45:00,528.9
2023-07-14 15:00:00,528.57
2023-07-14 15:15:00,519.55
2023-07-14 15:30:00,506.29
2023-07-14 15:45:00,489.51
2023-07-14 16:00:00,469.01
2023-07-14 16:15:00,444.95
2023-07-14 16:30:00,416.61
2023-07-14 16:45:00,380.14
2023-07-14 17:00:00,343.66
2023-07-14 17:15:00,301.28
2023-07-14 17:30:00,233.92
2023-07-14 17:45:00,159.78
2023-07-14 18:00:00,89.68
2023-07-14 18:15:00,39.39
2023-07-14 18:30:00,6.75
2023-07-14 18:45:00,-0.0
2023-07-14 19:00:00,-0.0
2023-07-14 19:15:00,-0.0
2023-07-14 19:30:00,-0.0
2023-07-14 19:45:00,-0.0
2023-07-14 20:00:00,-0.0
2023-07-14 20:15:00,-0.0
2023-07-14 20:30:00,-0.0
2023-07-14 20:45:00,-0.0
2023-07-14 21:00:00,-0.0
2023-07-14 21:15:00,-0.0
2023-07-14 21:30:00,-0.0
2023-07-14 21:45:00,-0.0
2023-07-14 22:00:00,-0.0
2023-07-14 22:15:00,-0.0
2023-07-14 22:30:00,-0.0
2023-07-14 22:45:00,-0.0
2023-07-14 23:00:00,-0.0
2023-07-14 23:15:00,-0.0
2023-07-14 23:30:00,-0.0
2023-07-14 23:45:00,-0.0
2023-07-15 00:00:00,-0.0
2023-07-15 00:15:00,-0.0
2023-07-15 00:30:00,-0.0
2023-07-15 00:45:00,-0.0
2023-07-15 01:00:00,-0.0
2023-07-15 01:15:00,-0.0
2023-07-15 01:30:00,-0.0
2023-07-15 01:45:00,-0.0
2023-07-15 02:00:00,-0.0
2023-07-15 02:15:00,-0.0
2023-07-15 02:30:00,-0.0
2023-07-15 02:45:00,-0.0
2023-07-15 03:00:00,-0.0
2023-07-15 03:15:00,-0.0
2023-07-15 03:30:00,-0.0
2023-07-15 03:45:00,-0.0
2023-07-15 04:00:00,-0.0
2023-07-15 04:15:00,-0.0
2023-07-15 04:30:00,-0.0
2023-07-15 04:45:00,-0.0
2023-07-15 05:00:00,7.42
2023-07-15 05:15:00,31.21
2023-07-15 05:30:00,78.67
2023-07-15 05:45:00,137.56
2023-07-15 06:00:00,209.46
2023-07-15 06:15:00,285.73
2023-07-15 06:30:00,345.59
2023-07-15 06:45:00,384.28
2023-07-15 07:00:00,417.87
2023-07-15 07:15:00,450.84
2023-07-15 07:30:00,477.48
2023-07-15 07:45:00,500.12
2023-07-15 08:00:00,518.96
2023-07-15 08:15:00,528.9
2023-07-15 08:30:00,528.9
2023-07-15 08:45:00,528.9
2023-07-15 09:00:00,528.9
2023-07-15 09:15:00,528.9
2023-07-15 09:30:00,528.9
2023-07-15 09:45:00,528.9
2023-07-15 10:00:00,528.9
2023-07-15 10:15:00,528.9
2023-07-15 10:30:00,528.9
2023-07-15 10:45:00,528.9
2023-07-15 11:00:00,528.9
2023-07-15 11:15:00,528.9
2023-07-15 11:30:00,528.9
2023-07-15 11:45:00,528.9
2023-07-15 12:00:00,528.9
2023-07-15 12:15:00,528.9
2023-07-15 12:30:00,528.9
2023-07-15 12:45:00,528.9
2023-07-15 13:00:00,528.9
2023-07-15 13:15:00,528.9
2023-07-15 13:30:00,528.9
2023-07-15 13:45:00,528.9
2023-07-15 14:00:00,528.9
2023-07-15 14:15:00,528.9
2023-07-15 14:30:00,528.9
2023-07-15 14:45:00,528.9
2023-07-15 15:00:00,528.9
2023-07-15 15:15:00,528.9
2023-07-15 15:30:00,528.9
2023-07-15 15:45:00,528.49
2023-07-15 16:00:00,511.27
2023-07-15 16:15:00,494.01
2023-07-15 16:30:00,469.52
2023-07-15 16:45:00,440.63
2023-07-15 17:00:00,407.24
2023-07-15 17:15:00,367.33
2023-07-15 17:30:00,293.42
2023-07-15 17:45:00,208.12
2023-07-15 18:00:00,128.74
2023-07-15 18:15:00,58.75
2023-07-15 18:30:00,9.41
2023-07-15 18:45:00,-0.0
2023-07-15 19:00:00,-0.0
2023-07-15 19:15:00,-0.0
2023-07-15 19:30:00,-0.0
2023-07-15 19:45:00,-0.0
2023-07-15 20:00:00,-0.0
2023-07-15 20:15:00,-0.0
2023-07-15 20:30:00,-0.0
2023-07-15 20:45:00,-0.0
2023-07-15 21:00:00,-0.0
2023-07-15 21:15:00,-0.0
2023-07-15 21:30:00,-0.0
2023-07-15 21:45:00,-0.0
2023-07-15 22:00:00,-0.0
2023-07-15 22:15:00,-0.0
2023-07-15 22:30:00,-0.0
2023-07-15 22:45:00,-0.0
2023-07-15 23:00:00,-0.0
2023-07-15 23:15:00,-0.0
2023-07-15 23:30:00,-0.0
2023-07-15 23:45:00,-0.0
2023-07-16 00:00:00,-0.0
2023-07-16 00:15:00,-0.0
2023-07-16 00:30:00,-0.0
2023-07-16 00:45:00,-0.0
2023-07-16 01:00:00,-0.0
2023-07-16 01:15:00,-0.0
2023-07-16 01:30:00,-0.0
2023-07-16 01:45:00,-0.0
2023-07-16 02:00:00,-0.0
2023-07-16 02:15:00,-0.0
2023-07-16 02:30:00,-0.0
2023-07-16 02:45:00,-0.0
2023-07-16 03:00:00,-0.0
2023-07-16 03:15:00,-0.0
2023-07-16 03:30:00,-0.0
2023-07-16 03:45:00,-0.0
2023-07-16 04:00:00,-0.0
2023-07-16 04:15:00,-0.0
2023-07-16 04:30:00,-0.0
2023-07-16 04:45:00,-0.0
2023-07-16 05:00:00,7.82
2023-07-16 05:15:00,35.81
2023-07-16 05:30:00,95.42
2023-07-16 05:45:00,166.5
2023-07-16 06:00:00,243.33
2023-07-16 06:15:00,327.44
2023-07-16 06:30:00,392.11
2023-07-16 06:45:00,429.32
2023-07-16 07:00:00,460.75
2023-07-16 07:15:00,487.99
2023-07-16 07:30:00,511.1
2023-07-16 07:45:00,528.9
2023-07-16 08:00:00,528.9
2023-07-16 08:15:00,528.9
2023-07-16 08:30:00,528.9
2023-07-16 08:45:00,528.9
2023-07-16 09:00:00,528.9
2023-07-16 09:15:00,528.9
2023-07-16 09:30:00,528.9
2023-07-16 09:45:00,528.9
2023-07-16 10:00:00,528.9
2023-07-16 10:15:00,528.9
2023-07-16 10:30:00,528.9
2023-07-16 10:45:00,528.9
2023-07-16 11:00:00,528.9
2023-07-16 11:15:00,528.9
2023-07-16 11:30:00,528.9
2023-07-16 11:45:00,528.9
2023-07-16 12:00:00,528.9
2023-07-16 12:15:00,528.9
2023-07-16 12:30:00,528.9
2023-07-16 12:45:00,528.9
2023-07-16 13:00:00,528.9
2023-07-16 13:15:00,528.9
2023-07-16 13:30:00,528.9
2023-07-16 13:45:00,528.9
2023-07-16 14:00:00,528.9
2023-07-16 14:15:00,528.9
2023-07-16 14:30:00,528.9
2023-07-16 14:45:00,528.9
2023-07-16 15:00:00,528.9
2023-07-16 15:15:00,528.9
2023-07-16 15:30:00,528.9
2023-07-16 15:45:00,513.84
2023-07-16 16:00:00,491.05
2023-07-16 16:15:00,463.79
2023-07-16 16:30:00,431.42
2023-07-16 16:45:00,390.49
2023-07-16 17:00:00,348.88
2023-07-16 17:15:00,300.85
2023-07-16 17:30:00,227.01
2023-07-16 17:45:00,143.98
2023-07-16 18:00:00,81.51
2023-07-16 18:15:00,32.3
2023-07-16 18:30:00,5.57
2023-07-16 18:45:00,-0.0
2023-07-16 19:00:00,-0.0
2023-07-16 19:15:00,-0.0
2023-07-16 19:30:00,-0.0
2023-07-16 19:45:00,-0.0
2023-07-16 20:00:00,-0.0
2023-07-16 20:15:00,-0.0
2023-07-16 20:30:00,-0.0
2023-07-16 20:45:00,-0.0
2023-07-16 21:00:00,-0.0
2023-07-16 21:15:00,-0.0
2023-07-16 21:30:00,-0.0
2023-07-16 21:45:00,-0.0
2023-07-16 22:00:00,-0.0
2023-07-16 22:15:00,-0.0
2023-07-16 22:30:00,-0.0
2023-07-16 22:45:00,-0.0
2023-07-16 23:00:00,-0.0
2023-07-16 23:15:00,-0.0
2023-07-16 23:30:00,-0.0
2023-07-16 23:45:00,-0.0
2023-07-17 00:00:00,-0.0
2023-07-17 00:15:00,-0.0
2023-07-17 00:30:00,-0.0
2023-07-17 00:45:00,-0.0
2023-07-17 01:00:00,-0.0
2023-07-17 01:15:00,-0.0
2023-07-17 01:30:00,-0.0
2023-07-17 01:45:00,-0.0
2023-07-17 02:00:00,-0.0
2023-07-17 02:15:00,-0.0
2023-07-17 02:30:00,-0.0
2023-07-17 02:45:00,-0.0
2023-07-17 03:00:00,-0.0
2023-07-17 03:15:00,-0.0
2023-07-17 03:30:00,-0.0
2023-07-17 03:45:00,-0.0
2023-07-17 04:00:00,-0.0
2023-07-17 04:15:00,-0.0
2023-07-17 04:30:00,-0.0
2023-07-17 04:45:00,-0.0
2023-07-17 05:00:00,7.16
2023-07-17 05:15:00,31.0
2023-07-17 05:30:00,86.16
2023-07-17 05:45:00,151.29
2023-07-17 06:00:00,222.95
2023-07-17 06:15:00,300.32
2023-07-17 06:30:00,361.78
2023-07-17 06:45:00,397.7
2023-07-17 07:00:00,431.43
2023-07-17 07:15:00,459.67
2023-07-17 07:30:00,483.87
2023-07-17 07:45:00,504.48
2023-07-17 08:00:00,521.61
2023-07-17 08:15:00,528.9
2023-07-17 08:30:00,528.9
2023-07-17 08:45:00,528.9
2023-07-17 09:00:00,528.9
2023-07-17 09:15:00,528.9
2023-07-17 09:30:00,528.9
2023-07-17 09:45:00,528.9
2023-07-17 10:00:00,528.9
2023-07-17 10:15:00,528.9
2023-07-17 10:30:00,528.9
2023-07-17 10:45:00,528.9
2023-07-17 11:00:00,528.9
2023-07-17 11:15:00,528.9
2023-07-17 11:30:00,528.9
2023-07-17 11:45:00,528.9
2023-07-17 12:00:00,528.9
2023-07-17 12:15:00,528.9
2023-07-17 12:30:00,528.9
2023-07-17 12:45:00,528.9
2023-07-17 13:00:00,528.9
2023-07-17 13:15:00,528.9
2023-07-17 13:30:00,528.9
2023-07-17 13:45:00,528.9
2023-07-17 14:00:00,528.9
2023-07-17 14:15:00,528.9
2023-07-17 14:30:00,528.9
2023-07-17 14:45:00,526.43
2023-07-17 15:00:00,516.11
2023-07-17 15:15:00,504.78
2023-07-17 15:30:00,486.44
2023-07-17 15:45:00,467.95
2023-07-17 16:00:00,445.79
2023-07-17 16:15:00,419.89
2023-07-17 16:30:00,389.97
2023-07-17 16:45:00,355.86
2023-07-17 17:00:00,317.49
2023-07-17 17:15:00,273.82
2023-07-17 17:30:00,199.1
2023-07-17 17:45:00,132.51
2023-07-17 18:00:00,75.5
2023-07-17 18:15:00,29.97
2023-07-17 18:30:00,5.24
2023-07-17 18:45:00,-0.0
2023-07-17 19:00:00,-0.0
2023-07-17 19:15:00,-0.0
2023-07-17 19:30:00,-0.0
2023-07-17 19:45:00,-0.0
2023-07-17 20:00:00,-0.0
2023-07-17 20:15:00,-0.0
2023-07-17 20:30:00,-0.0
2023-07-17 20:45:00,-0.0
2023-07-17 21:00:00,-0.0
2023-07-17 21:15:00,-0.0
2023-07-17 21:30:00,-0.0
2023-07-17 21:45:00,-0.0
2023-07-17 22:00:00,-0.0
2023-07-17 22:15:00,-0.0
2023-07-17 22:30:00,-0.0
2023-07-17 22:45:00,-0.0
2023-07-17 23:00:00,-0.0
2023-07-17 23:15:00,-0.0
2023-07-17 23:30:00,-0.0
2023-07-17 23:45:00,-0.0
2023-07-18 00:00:00,-0.0
2023-07-18 00:15:00,-0.0
2023-07-18 00:30:00,-0.0
2023-07-18 00:45:00,-0.0
2023-07-18 01:00:00,-0.0
2023-07-18 01:15:00,-0.0
2023-07-18 01:30:00,-0.0
2023-07-18 01:45:00,-0.0
2023-07-18 02:00:00,-0.0
2023-07-18 02:15:00,-0.0
2023-07-18 02:30:00,-0.0
2023-07-18 02:45:00,-0.0
2023-07-18 03:00:00,-0.0
2023-07-18 03:15:00,-0.0
2023-07-18 03:30:00,-0.0
2023-07-18 03:45:00,-0.0
2023-07-18 04:00:00,-0.0
2023-07-18 04:15:00,-0.0
2023-07-18 04:30:00,-0.0
2023-07-18 04:45:00,-0.0
2023-07-18 05:00:00,6.57
2023-07-18 05:15:00,27.24
2023-07-18 05:30:00,77.77
2023-07-18 05:45:00,141.83
2023-07-18 06:00:00,213.14
2023-07-18 06:15:00,291.36
2023-07-18 06:30:00,356.4
2023-07-18 06:45:00,394.75
2023-07-18 07:00:00,430.92
2023-07-18 07:15:00,460.9
2023-07-18 07:30:00,486.38
2023-07-18 07:45:00,507.88
2023-07-18 08:00:00,525.62
2023-07-18 08:15:00,528.9
2023-07-18 08:30:00,528.9
2023-07-18 08:45:00,528.9
2023-07-18 09:00:00,528.9
2023-07-18 09:15:00,528.9
2023-07-18 09:30:00,528.9
2023-07-18 09:45:00,528.9
2023-07-18 10:00:00,528.9
2023-07-18 10:15:00,528.9
2023-07-18 10:30:00,528.9
2023-07-18 10:45:00,528.9
2023-07-18 11:00:00,528.9
2023-07-18 11:15:00,528.9
2023-07-18 11:30:00,528.9
2023-07-18 11:45:00,528.9
2023-07-18 12:00:00,528.9
2023-07-18 12:15:00,528.9
2023-07-18 12:30:00,528.9
2023-07-18 12:45:00,528.9
2023-07-18 13:00:00,528.9
2023-07-18 13:15:00,528.9
2023-07-18 13:30:00,528.9
2023-07-18 13:45:00,528.9
2023-07-18 14:00:00,528.9
2023-07-18 14:15:00,528.9
2023-07-18 14:30:00,525.03
2023-07-18 14:45:00,517.34
2023-07-18 15:00:00,507.0
2023-07-18 15:15:00,495.91
2023-07-18 15:30:00,477.44
2023-07-18 15:45:00,459.08
2023-07-18 16:00:00,436.98
2023-07-18 16:15:00,411.27
2023-07-18 16:30:00,381.55
2023-07-18 16:45:00,347.61
2023-07-18 17:00:00,309.38
2023-07-18 17:15:00,265.93
2023-07-18 17:30:00,191.42
2023-07-18 17:45:00,126.46
2023-07-18 18:00:00,71.68
2023-07-18 18:15:00,28.24
2023-07-18 18:30:00,4.85
2023-07-18 18:45:00,-0.0
2023-07-18 19:00:00,-0.0
2023-07-18 19:15:00,-0.0
2023-07-18 19:30:00,-0.0
2023-07-18 19:45:00,-0.0
2023-07-18 20:00:00,-0.0
2023-07-18 20:15:00,-0.0
2023-07-18 20:30:00,-0.0
2023-07-18 20:45:00,-0.0
2023-07-18 21:00:00,-0.0
2023-07-18 21:15:00,-0.0
2023-07-18 21:30:00,-0.0
2023-07-18 21:45:00,-0.0
2023-07-18 22:00:00,-0.0
2023-07-18 22:15:00,-0.0
2023-07-18 22:30:00,-0.0
2023-07-18 22:45:00,-0.0
2023-07-18 23:00:00,-0.0
2023-07-18 23:15:00,-0.0
2023-07-18 23:30:00,-0.0
2023-07-18 23:45:00,-0.0
2023-07-19 00:00:00,-0.0
2023-07-19 00:15:00,-0.0
2023-07-19 00:30:00,-0.0
2023-07-19 00:45:00,-0.0
2023-07-19 01:00:00,-0.0
2023-07-19 01:15:00,-0.0
2023-07-19 01:30:00,-0.0
2023-07-19 01:45:00,-0.0
2023-07-19 02:00:00,-0.0
2023-07-19 02:15:00,-0.0
2023-07-19 02:30:00,-0.0
2023-07-19 02:45:00,-0.0
2023-07-19 03:00:00,-0.0
2023-07-19 03:15:00,-0.0
2023-07-19 03:30:00,-0.0
2023-07-19 03:45:00,-0.0
2023-07-19 04:00:00,-0.0
2023-07-19 04:15:00,-0.0
2023-07-19 04:30:00,-0.0
2023-07-19 04:45:00,-0.0
2023-07-19 05:00:00,6.18
2023-07-19 05:15:00,25.86
2023-07-19 05:30:00,79.94
2023-07-19 05:45:00,144.27
2023-07-19 06:00:00,216.53
2023-07-19 06:15:00,294.55
2023-07-19 06:30:00,360.27
2023-07-19 06:45:00,397.29
2023-07-19 07:00:00,432.1
2023-07-19 07:15:00,460.63
2023-07-19 07:30:00,485.0
2023-07-19 07:45:00,505.5
2023-07-19 08:00:00,521.34
2023-07-19 08:15:00,528.9
2023-07-19 08:30:00,528.9
2023-07-19 08:45:00,528.9
2023-07-19 09:00:00,528.9
2023-07-19 09:15:00,528.9
2023-07-19 09:30:00,528.9
2023-07-19 09:45:00,528.9
2023-07-19 10:00:00,528.9
2023-07-19 10:15:00,528.9
2023-07-19 10:30:00,528.9
2023-07-19 10:45:00,528.9
2023-07-19 11:00:00,528.9
2023-07-19 11:15:00,528.9
2023-07-19 11:30:00,528.9
2023-07-19 11:45:00,528.9
2023-07-19 12:00:00,528.9
2023-07-19 12:15:00,528.9
2023-07-19 12:30:00,528.9
2023-07-19 12:45:00,528.9
2023-07-19 13:00:00,528.9
2023-07-19 13:15:00,528.9
2023-07-19 13:30:00,528.9
2023-07-19 13:45:00,528.29
2023-07-19 14:00:00,525.52
2023-07-19 14:15:00,521.28
2023-07-19 14:30:00,515.24
2023-07-19 14:45:00,508.14
2023-07-19 15:00:00,504.05
2023-07-19 15:15:00,492.93
2023-07-19 15:30:00,477.87
2023-07-19 15:45:00,455.79
2023-07-19 16:00:00,436.14
2023-07-19 16:15:00,409.94
2023-07-19 16:30:00,379.64
2023-07-19 16:45:00,345.03
2023-07-19 17:00:00,306.78
2023-07-19 17:15:00,262.51
2023-07-19 17:30:00,186.91
2023-07-19 17:45:00,122.34
2023-07-19 18:00:00,68.44
2023-07-19 18:15:00,26.1
2023-07-19 18:30:00,4.45
2023-07-19 18:45:00,-0.0
2023-07-19 19:00:00,-0.0
2023-07-19 19:15:00,-0.0
2023-07-19 19:30:00,-0.0
2023-07-19 19:45:00,-0.0
2023-07-19 20:00:00,-0.0
2023-07-19 20:15:00,-0.0
2023-07-19 20:30:00,-0.0
2023-07-19 20:45:00,-0.0
2023-07-19 21:00:00,-0.0
2023-07-19 21:15:00,-0.0
2023-07-19 21:30:00,-0.0
2023-07-19 21:45:00,-0.0
2023-07-19 22:00:00,-0.0
2023-07-19 22:15:00,-0.0
2023-07-19 22:30:00,-0.0
2023-07-19 22:45:00,-0.0
2023-07-19 23:00:00,-0.0
2023-07-19 23:15:00,-0.0
2023-07-19 23:30:00,-0.0
2023-07-19 23:45:00,-0.0
2023-07-20 00:00:00,-0.0
2023-07-20 00:15:00,-0.0
2023-07-20 00:30:00,-0.0
2023-07-20 00:45:00,-0.0
2023-07-20 01:00:00,-0.0
2023-07-20 01:15:00,-0.0
2023-07-20 01:30:00,-0.0
2023-07-20 01:45:00,-0.0
2023-07-20 02:00:00,-0.0
2023-07-20 02:15:00,-0.0
2023-07-20 02:30:00,-0.0
2023-07-20 02:45:00,-0.0
2023-07-20 03:00:00,-0.0
2023-07-20 03:15:00,-0.0
2023-07-20 03:30:00,-0.0
2023-07-20 03:45:00,-0.0
2023-07-20 04:00:00,-0.0
2023-07-20 04:15:00,-0.0
2023-07-20 04:30:00,-0.0
2023-07-20 04:45:00,-0.0
2023-07-20 05:00:00,5.49
2023-07-20 05:15:00,20.84
2023-07-20 05:30:00,65.66
2023-07-20 05:45:00,119.16
2023-07-20 06:00:00,181.99
2023-07-20 06:15:00,259.09
2023-07-20 06:30:00,324.4
2023-07-20 06:45:00,363.95
2023-07-20 07:00:00,398.2
2023-07-20 07:15:00,421.11
2023-07-20 07:30:00,337.27
2023-07-20 07:45:00,302.08
2023-07-20 08:00:00,306.74
2023-07-20 08:15:00,471.27
2023-07-20 08:30:00,528.9
2023-07-20 08:45:00,528.9
2023-07-20 09:00:00,528.9
2023-07-20 09:15:00,528.9
2023-07-20 09:30:00,528.9
2023-07-20 09:45:00,528.9
2023-07-20 10:00:00,528.9
2023-07-20 10:15:00,528.9
2023-07-20 10:30:00,528.9
2023-07-20 10:45:00,528.9
2023-07-20 11:00:00,528.9
2023-07-20 11:15:00,528.9
2023-07-20 11:30:00,528.9
2023-07-20 11:45:00,528.9
2023-07-20 12:00:00,528.9
2023-07-20 12:15:00,528.9
2023-07-20 12:30:00,528.9
2023-07-20 12:45:00,528.9
2023-07-20 13:00:00,528.9
2023-07-20 13:15:00,528.9
2023-07-20 13:30:00,528.9
2023-07-20 13:45:00,528.9
2023-07-20 14:00:00,528.9
2023-07-20 14:15:00,528.9
2023-07-20 14:30:00,528.9
2023-07-20 14:45:00,528.9
2023-07-20 15:00:00,527.04
2023-07-20 15:15:00,516.98
2023-07-20 15:30:00,502.87
2023-07-20 15:45:00,485.15
2023-07-20 16:00:00,464.08
2023-07-20 16:15:00,438.39
2023-07-20 16:30:00,404.68
2023-07-20 16:45:00,370.76
2023-07-20 17:00:00,332.55
2023-07-20 17:15:00,288.3
2023-07-20 17:30:00,216.22
2023-07-20 17:45:00,144.43
2023-07-20 18:00:00,78.04
2023-07-20 18:15:00,32.43
2023-07-20 18:30:00,4.82
2023-07-20 18:45:00,-0.0
2023-07-20 19:00:00,-0.0
2023-07-20 19:15:00,-0.0
2023-07-20 19:30:00,-0.0
2023-07-20 19:45:00,-0.0
2023-07-20 20:00:00,-0.0
2023-07-20 20:15:00,-0.0
2023-07-20 20:30:00,-0.0
2023-07-20 20:45:00,-0.0
2023-07-20 21:00:00,-0.0
2023-07-20 21:15:00,-0.0
2023-07-20 21:30:00,-0.0
2023-07-20 21:45:00,-0.0
2023-07-20 22:00:00,-0.0
2023-07-20 22:15:00,-0.0
2023-07-20 22:30:00,-0.0
2023-07-20 22:45:00,-0.0
2023-07-20 23:00:00,-0.0
2023-07-20 23:15:00,-0.0
2023-07-20 23:30:00,-0.0
2023-07-20 23:45:00,-0.0
2023-07-21 00:00:00,-0.0
2023-07-21 00:15:00,-0.0
2023-07-21 00:30:00,-0.0
2023-07-21 00:45:00,-0.0
2023-07-21 01:00:00,-0.0
2023-07-21 01:15:00,-0.0
2023-07-21 01:30:00,-0.0
2023-07-21 01:45:00,-0.0
2023-07-21 02:00:00,-0.0
2023-07-21 02:15:00,-0.0
2023-07-21 02:30:00,-0.0
2023-07-21 02:45:00,-0.0
2023-07-21 03:00:00,-0.0
2023-07-21 03:15:00,-0.0
2023-07-21 03:30:00,-0.0
2023-07-21 03:45:00,-0.0
2023-07-21 04:00:00,-0.0
2023-07-21 04:15:00,-0.0
2023-07-21 04:30:00,-0.0
2023-07-21 04:45:00,-0.0
2023-07-21 05:00:00,5.24
2023-07-21 05:15:00,21.57
2023-07-21 05:30:00,68.57
2023-07-21 05:45:00,128.95
2023-07-21 06:00:00,197.64
2023-07-21 06:15:00,272.97
2023-07-21 06:30:00,340.53
2023-07-21 06:45:00,378.7
2023-07-21 07:00:00,411.04
2023-07-21 07:15:00,443.1
2023-07-21 07:30:00,468.46
2023-07-21 07:45:00,489.85
2023-07-21 08:00:00,508.42
2023-07-21 08:15:00,522.74
2023-07-21 08:30:00,528.9
2023-07-21 08:45:00,528.9
2023-07-21 09:00:00,528.9
2023-07-21 09:15:00,528.9
2023-07-21 09:30:00,528.9
2023-07-21 09:45:00,528.9
2023-07-21 10:00:00,528.9
2023-07-21 10:15:00,528.9
2023-07-21 10:30:00,528.9
2023-07-21 10:45:00,528.9
2023-07-21 11:00:00,528.9
2023-07-21 11:15:00,528.9
2023-07-21 11:30:00,528.9
2023-07-21 11:45:00,528.9
2023-07-21 12:00:00,528.9
2023-07-21 12:15:00,528.9
2023-07-21 12:30:00,528.9
2023-07-21 12:45:00,528.9
2023-07-21 13:00:00,528.9
2023-07-21 13:15:00,528.9
2023-07-21 13:30:00,528.9
2023-07-21 13:45:00,528.9
2023-07-21 14:00:00,528.9
2023-07-21 14:15:00,528.9
2023-07-21 14:30:00,528.9
2023-07-21 14:45:00,528.9
2023-07-21 15:00:00,526.85
2023-07-21 15:15:00,516.96
2023-07-21 15:30:00,503.04
2023-07-21 15:45:00,485.46
2023-07-21 16:00:00,463.95
2023-07-21 16:15:00,438.45
2023-07-21 16:30:00,404.44
2023-07-21 16:45:00,370.42
2023-07-21 17:00:00,331.67
2023-07-21 17:15:00,286.76
2023-07-21 17:30:00,212.92
2023-07-21 17:45:00,134.29
2023-07-21 18:00:00,74.48
2023-07-21 18:15:00,27.7
2023-07-21 18:30:00,4.1
2023-07-21 18:45:00,-0.0
2023-07-21 19:00:00,-0.0
2023-07-21 19:15:00,-0.0
2023-07-21 19:30:00,-0.0
2023-07-21 19:45:00,-0.0
2023-07-21 20:00:00,-0.0
2023-07-21 20:15:00,-0.0
2023-07-21 20:30:00,-0.0
2023-07-21 20:45:00,-0.0
2023-07-21 21:00:00,-0.0
2023-07-21 21:15:00,-0.0
2023-07-21 21:30:00,-0.0
2023-07-21 21:45:00,-0.0
2023-07-21 22:00:00,-0.0
2023-07-21 22:15:00,-0.0
2023-07-21 22:30:00,-0.0
2023-07-21 22:45:00,-0.0
2023-07-21 23:00:00,-0.0
2023-07-21 23:15:00,-0.0
2023-07-21 23:30:00,-0.0
2023-07-21 23:45:00,-0.0
2023-07-22 00:00:00,-0.0
2023-07-22 00:15:00,-0.0
2023-07-22 00:30:00,-0.0
2023-07-22 00:45:00,-0.0
2023-07-22 01:00:00,-0.0
2023-07-22 01:15:00,-0.0
2023-07-22 01:30:00,-0.0
2023-07-22 01:45:00,-0.0
2023-07-22 02:00:00,-0.0
2023-07-22 02:15:00,-0.0
2023-07-22 02:30:00,-0.0
2023-07-22 02:45:00,-0.0
2023-07-22 03:00:00,-0.0
2023-07-22 03:15:00,-0.0
2023-07-22 03:30:00,-0.0
2023-07-22 03:45:00,-0.0
2023-07-22 04:00:00,-0.0
2023-07-22 04:15:00,-0.0
2023-07-22 04:30:00,-0.0
2023-07-22 04:45:00,-0.0
2023-07-22 05:00:00,5.13
2023-07-22 05:15:00,24.64
2023-07-22 05:30:00,82.5
2023-07-22 05:45:00,152.29
2023-07-22 06:00:00,229.41
2023-07-22 06:15:00,313.0
2023-07-22 06:30:00,387.5
2023-07-22 06:45:00,424.39
2023-07-22 07:00:00,454.78
2023-07-22 07:15:00,481.61
2023-07-22 07:30:00,504.21
2023-07-22 07:45:00,523.17
2023-07-22 08:00:00,528.9
2023-07-22 08:15:00,528.9
2023-07-22 08:30:00,528.9
2023-07-22 08:45:00,528.9
2023-07-22 09:00:00,528.9
2023-07-22 09:15:00,528.9
2023-07-22 09:30:00,528.9
2023-07-22 09:45:00,528.9
2023-07-22 10:00:00,528.9
2023-07-22 10:15:00,528.9
2023-07-22 10:30:00,528.9
2023-07-22 10:45:00,528.9
2023-07-22 11:00:00,528.9
2023-07-22 11:15:00,528.9
2023-07-22 11:30:00,528.9
2023-07-22 11:45:00,528.9
2023-07-22 12:00:00,528.9
2023-07-22 12:15:00,528.9
2023-07-22 12:30:00,528.9
2023-07-22 12:45:00,528.9
2023-07-22 13:00:00,528.9
2023-07-22 13:15:00,528.9
2023-07-22 13:30:00,528.9
2023-07-22 13:45:00,528.9
2023-07-22 14:00:00,528.9
2023-07-22 14:15:00,528.9
2023-07-22 14:30:00,528.9
2023-07-22 14:45:00,528.9
2023-07-22 15:00:00,528.9
2023-07-22 15:15:00,518.16
2023-07-22 15:30:00,502.63
2023-07-22 15:45:00,483.12
2023-07-22 16:00:00,459.35
2023-07-22 16:15:00,427.93
2023-07-22 16:30:00,395.86
2023-07-22 16:45:00,358.93
2023-07-22 17:00:00,317.1
2023-07-22 17:15:00,269.28
2023-07-22 17:30:00,187.18
2023-07-22 17:45:00,119.66
2023-07-22 18:00:00,60.74
2023-07-22 18:15:00,23.31
2023-07-22 18:30:00,3.61
2023-07-22 18:45:00,-0.0
2023-07-22 19:00:00,-0.0
2023-07-22 19:15:00,-0.0
2023-07-22 19:30:00,-0.0
2023-07-22 19:45:00,-0.0
2023-07-22 20:00:00,-0.0
2023-07-22 20:15:00,-0.0
2023-07-22 20:30:00,-0.0
2023-07-22 20:45:00,-0.0
2023-07-22 21:00:00,-0.0
2023-07-22 21:15:00,-0.0
2023-07-22 21:30:00,-0.0
2023-07-22 21:45:00,-0.0
2023-07-22 22:00:00,-0.0
2023-07-22 22:15:00,-0.0
2023-07-22 22:30:00,-0.0
2023-07-22 22:45:00,-0.0
2023-07-22 23:00:00,-0.0
2023-07-22 23:15:00,-0.0
2023-07-22 23:30:00,-0.0
2023-07-22 23:45:00,-0.0
2023-07-23 00:00:00,-0.0
2023-07-23 00:15:00,-0.0
2023-07-23 00:30:00,-0.0
2023-07-23 00:45:00,-0.0
2023-07-23 01:00:00,-0.0
2023-07-23 01:15:00,-0.0
2023-07-23 01:30:00,-0.0
2023-07-23 01:45:00,-0.0
2023-07-23 02:00:00,-0.0
2023-07-23 02:15:00,-0.0
2023-07-23 02:30:00,-0.0
2023-07-23 02:45:00,-0.0
2023-07-23 03:00:00,-0.0
2023-07-23 03:15:00,-0.0
2023-07-23 03:30:00,-0.0
2023-07-23 03:45:00,-0.0
2023-07-23 04:00:00,-0.0
2023-07-23 04:15:00,-0.0
2023-07-23 04:30:00,-0.0
2023-07-23 04:45:00,-0.0
2023-07-23 05:00:00,4.9
2023-07-23 05:15:00,23.75
2023-07-23 05:30:00,81.8
2023-07-23 05:45:00,153.27
2023-07-23 06:00:00,232.14
2023-07-23 06:15:00,317.24
2023-07-23 06:30:00,394.75
2023-07-23 06:45:00,431.91
2023-07-23 07:00:00,462.37
2023-07-23 07:15:00,489.09
2023-07-23 07:30:00,511.75
2023-07-23 07:45:00,528.9
2023-07-23 08:00:00,528.9
2023-07-23 08:15:00,528.9
2023-07-23 08:30:00,528.9
2023-07-23 08:45:00,528.9
2023-07-23 09:00:00,528.9
2023-07-23 09:15:00,528.9
2023-07-23 09:30:00,528.9
2023-07-23 09:45:00,528.9
2023-07-23 10:00:00,528.9
2023-07-23 10:15:00,528.9
2023-07-23 10:30:00,528.9
2023-07-23 10:45:00,528.9
2023-07-23 11:00:00,528.9
2023-07-23 11:15:00,528.9
2023-07-23 11:30:00,528.9
2023-07-23 11:45:00,528.9
2023-07-23 12:00:00,528.9
2023-07-23 12:15:00,528.9
2023-07-23 12:30:00,528.9
2023-07-23 12:45:00,528.9
2023-07-23 13:00:00,528.9
2023-07-23 13:15:00,528.9
2023-07-23 13:30:00,528.9
2023-07-23 13:45:00,528.9
2023-07-23 14:00:00,528.9
2023-07-23 14:15:00,528.9
2023-07-23 14:30:00,528.9
2023-07-23 14:45:00,528.9
2023-07-23 15:00:00,528.9
2023-07-23 15:15:00,528.9
2023-07-23 15:30:00,528.9
2023-07-23 15:45:00,514.1
2023-07-23 16:00:00,495.88
2023-07-23 16:15:00,473.14
2023-07-23 16:30:00,445.97
2023-07-23 16:45:00,414.37
2023-07-23 17:00:00,377.11
2023-07-23 17:15:00,332.82
2023-07-23 17:30:00,247.53
2023-07-23 17:45:00,167.3
2023-07-23 18:00:00,95.19
2023-07-23 18:15:00,35.13
2023-07-23 18:30:00,4.0
2023-07-23 18:45:00,-0.0
2023-07-23 19:00:00,-0.0
2023-07-23 19:15:00,-0.0
2023-07-23 19:30:00,-0.0
2023-07-23 19:45:00,-0.0
2023-07-23 20:00:00,-0.0
2023-07-23 20:15:00,-0.0
2023-07-23 20:30:00,-0.0
2023-07-23 20:45:00,-0.0
2023-07-23 21:00:00,-0.0
2023-07-23 21:15:00,-0.0
2023-07-23 21:30:00,-0.0
2023-07-23 21:45:00,-0.0
2023-07-23 22:00:00,-0.0
2023-07-23 22:15:00,-0.0
2023-07-23 22:30:00,-0.0
2023-07-23 22:45:00,-0.0
2023-07-23 23:00:00,-0.0
2023-07-23 23:15:00,-0.0
2023-07-23 23:30:00,-0.0
2023-07-23 23:45:00,-0.0
2023-07-24 00:00:00,-0.0
2023-07-24 00:15:00,-0.0
2023-07-24 00:30:00,-0.0
2023-07-24 00:45:00,-0.0
2023-07-24 01:00:00,-0.0
2023-07-24 01:15:00,-0.0
2023-07-24 01:30:00,-0.0
2023-07-24 01:45:00,-0.0
2023-07-24 02:00:00,-0.0
2023-07-24 02:15:00,-0.0
2023-07-24 02:30:00,-0.0
2023-07-24 02:45:00,-0.0
2023-07-24 03:00:00,-0.0
2023-07-24 03:15:00,-0.0
2023-07-24 03:30:00,-0.0
2023-07-24 03:45:00,-0.0
2023-07-24 04:00:00,-0.0
2023-07-24 04:15:00,-0.0
2023-07-24 04:30:00,-0.0
2023-07-24 04:45:00,-0.0
2023-07-24 05:00:00,4.43
2023-07-24 05:15:00,21.78
2023-07-24 05:30:00,75.18
2023-07-24 05:45:00,140.59
2023-07-24 06:00:00,213.19
2023-07-24 06:15:00,289.18
2023-07-24 06:30:00,360.21
2023-07-24 06:45:00,394.67
2023-07-24 07:00:00,426.58
2023-07-24 07:15:00,453.33
2023-07-24 07:30:00,476.34
2023-07-24 07:45:00,496.1
2023-07-24 08:00:00,511.89
2023-07-24 08:15:00,525.13
2023-07-24 08:30:00,528.9
2023-07-24 08:45:00,528.9
2023-07-24 09:00:00,528.9
2023-07-24 09:15:00,528.9
2023-07-24 09:30:00,528.9
2023-07-24 09:45:00,528.9
2023-07-24 10:00:00,528.9
2023-07-24 10:15:00,528.9
2023-07-24 10:30:00,528.9
2023-07-24 10:45:00,528.9
2023-07-24 11:00:00,528.9
2023-07-24 11:15:00,528.9
2023-07-24 11:30:00,528.9
2023-07-24 11:45:00,528.9
2023-07-24 12:00:00,528.9
2023-07-24 12:15:00,528.9
2023-07-24 12:30:00,528.9
2023-07-24 12:45:00,528.9
2023-07-24 13:00:00,528.9
2023-07-24 13:15:00,528.9
2023-07-24 13:30:00,528.9
2023-07-24 13:45:00,528.9
2023-07-24 14:00:00,528.9
2023-07-24 14:15:00,528.9
2023-07-24 14:30:00,528.9
2023-07-24 14:45:00,528.9
2023-07-24 15:00:00,528.9
2023-07-24 15:15:00,519.95
2023-07-24 15:30:00,506.0
2023-07-24 15:45:00,488.37
2023-07-24 16:00:00,466.64
2023-07-24 16:15:00,441.06
2023-07-24 16:30:00,407.56
2023-07-24 16:45:00,373.77
2023-07-24 17:00:00,334.51
2023-07-24 17:15:00,288.75
2023-07-24 17:30:00,210.4
2023-07-24 17:45:00,131.19
2023-07-24 18:00:00,70.22
2023-07-24 18:15:00,23.86
2023-07-24 18:30:00,3.08
2023-07-24 18:45:00,-0.0
2023-07-24 19:00:00,-0.0
2023-07-24 19:15:00,-0.0
2023-07-24 19:30:00,-0.0
2023-07-24 19:45:00,-0.0
2023-07-24 20:00:00,-0.0
2023-07-24 20:15:00,-0.0
2023-07-24 20:30:00,-0.0
2023-07-24 20:45:00,-0.0
2023-07-24 21:00:00,-0.0
2023-07-24 21:15:00,-0.0
2023-07-24 21:30:00,-0.0
2023-07-24 21:45:00,-0.0
2023-07-24 22:00:00,-0.0
2023-07-24 22:15:00,-0.0
2023-07-24 22:30:00,-0.0
2023-07-24 22:45:00,-0.0
2023-07-24 23:00:00,-0.0
2023-07-24 23:15:00,-0.0
2023-07-24 23:30:00,-0.0
2023-07-24 23:45:00,-0.0
2023-07-25 00:00:00,-0.0
2023-07-25 00:15:00,-0.0
2023-07-25 00:30:00,-0.0
2023-07-25 00:45:00,-0.0
2023-07-25 01:00:00,-0.0
2023-07-25 01:15:00,-0.0
2023-07-25 01:30:00,-0.0
2023-07-25 01:45:00,-0.0
2023-07-25 02:00:00,-0.0
2023-07-25 02:15:00,-0.0
2023-07-25 02:30:00,-0.0
2023-07-25 02:45:00,-0.0
2023-07-25 03:00:00,-0.0
2023-07-25 03:15:00,-0.0
2023-07-25 03:30:00,-0.0
2023-07-25 03:45:00,-0.0
2023-07-25 04:00:00,-0.0
2023-07-25 04:15:00,-0.0
2023-07-25 04:30:00,-0.0
2023-07-25 04:45:00,-0.0
2023-07-25 05:00:00,3.56
2023-07-25 05:15:00,14.17
2023-07-25 05:30:00,46.05
2023-07-25 05:45:00,86.03
2023-07-25 06:00:00,136.59
2023-07-25 06:15:00,201.88
2023-07-25 06:30:00,265.38
2023-07-25 06:45:00,306.29
2023-07-25 07:00:00,343.13
2023-07-25 07:15:00,385.42
2023-07-25 07:30:00,415.8
2023-07-25 07:45:00,442.27
2023-07-25 08:00:00,465.09
2023-07-25 08:15:00,484.21
2023-07-25 08:30:00,499.86
2023-07-25 08:45:00,511.64
2023-07-25 09:00:00,521.03
2023-07-25 09:15:00,528.9
2023-07-25 09:30:00,528.9
2023-07-25 09:45:00,528.9
2023-07-25 10:00:00,528.9
2023-07-25 10:15:00,528.9
2023-07-25 10:30:00,528.9
2023-07-25 10:45:00,528.9
2023-07-25 11:00:00,528.9
2023-07-25 11:15:00,528.9
2023-07-25 11:30:00,528.9
2023-07-25 11:45:00,528.9
2023-07-25 12:00:00,528.9
2023-07-25 12:15:00,528.9
2023-07-25 12:30:00,528.9
2023-07-25 12:45:00,528.9
2023-07-25 13:00:00,528.9
2023-07-25 13:15:00,528.9
2023-07-25 13:30:00,528.9
2023-07-25 13:45:00,527.81
2023-07-25 14:00:00,521.09
2023-07-25 14:15:00,514.69
2023-07-25 14:30:00,505.47
2023-07-25 14:45:00,495.01
2023-07-25 15:00:00,482.6
2023-07-25 15:15:00,466.99
2023-07-25 15:30:00,447.48
2023-07-25 15:45:00,424.05
2023-07-25 16:00:00,396.81
2023-07-25 16:15:00,355.5
2023-07-25 16:30:00,320.71
2023-07-25 16:45:00,282.26
2023-07-25 17:00:00,239.99
2023-07-25 17:15:00,185.05
2023-07-25 17:30:00,126.82
2023-07-25 17:45:00,77.51
2023-07-25 18:00:00,37.03
2023-07-25 18:15:00,13.45
2023-07-25 18:30:00,2.41
2023-07-25 18:45:00,-0.0
2023-07-25 19:00:00,-0.0
2023-07-25 19:15:00,-0.0
2023-07-25 19:30:00,-0.0
2023-07-25 19:45:00,-0.0
2023-07-25 20:00:00,-0.0
2023-07-25 20:15:00,-0.0
2023-07-25 20:30:00,-0.0
2023-07-25 20:45:00,-0.0
2023-07-25 21:00:00,-0.0
2023-07-25 21:15:00,-0.0
2023-07-25 21:30:00,-0.0
2023-07-25 21:45:00,-0.0
2023-07-25 22:00:00,-0.0
2023-07-25 22:15:00,-0.0
2023-07-25 22:30:00,-0.0
2023-07-25 22:45:00,-0.0
2023-07-25 23:00:00,-0.0
2023-07-25 23:15:00,-0.0
2023-07-25 23:30:00,-0.0
2023-07-25 23:45:00,-0.0
2023-07-26 00:00:00,-0.0
2023-07-26 00:15:00,-0.0
2023-07-26 00:30:00,-0.0
2023-07-26 00:45:00,-0.0
2023-07-26 01:00:00,-0.0
2023-07-26 01:15:00,-0.0
2023-07-26 01:30:00,-0.0
2023-07-26 01:45:00,-0.0
2023-07-26 02:00:00,-0.0
2023-07-26 02:15:00,-0.0
2023-07-26 02:30:00,-0.0
2023-07-26 02:45:00,-0.0
2023-07-26 03:00:00,-0.0
2023-07-26 03:15:00,-0.0
2023-07-26 03:30:00,-0.0
2023-07-26 03:45:00,-0.0
2023-07-26 04:00:00,-0.0
2023-07-26 04:15:00,-0.0
2023-07-26 04:30:00,-0.0
2023-07-26 04:45:00,-0.0
2023-07-26 05:00:00,3.4
2023-07-26 05:15:00,14.51
2023-07-26 05:30:00,49.67
2023-07-26 05:45:00,98.82
2023-07-26 06:00:00,158.27
2023-07-26 06:15:00,225.05
2023-07-26 06:30:00,294.01
2023-07-26 06:45:00,343.34
2023-07-26 07:00:00,380.36
2023-07-26 07:15:00,412.55
2023-07-26 07:30:00,440.88
2023-07-26 07:45:00,465.31
2023-07-26 08:00:00,485.76
2023-07-26 08:15:00,505.63
2023-07-26 08:30:00,519.67
2023-07-26 08:45:00,528.9
2023-07-26 09:00:00,528.9
2023-07-26 09:15:00,528.9
2023-07-26 09:30:00,528.9
2023-07-26 09:45:00,528.9
2023-07-26 10:00:00,528.9
2023-07-26 10:15:00,528.9
2023-07-26 10:30:00,528.9
2023-07-26 10:45:00,528.9
2023-07-26 11:00:00,528.9
2023-07-26 11:15:00,528.9
2023-07-26 11:30:00,528.9
2023-07-26 11:45:00,528.9
2023-07-26 12:00:00,528.9
2023-07-26 12:15:00,528.9
2023-07-26 12:30:00,528.9
2023-07-26 12:45:00,528.9
2023-07-26 13:00:00,528.9
2023-07-26 13:15:00,528.9
2023-07-26 13:30:00,528.9
2023-07-26 13:45:00,528.9
2023-07-26 14:00:00,528.9
2023-07-26 14:15:00,527.97
2023-07-26 14:30:00,522.19
2023-07-26 14:45:00,514.24
2023-07-26 15:00:00,505.88
2023-07-26 15:15:00,493.51
2023-07-26 15:30:00,474.23
2023-07-26 15:45:00,454.49
2023-07-26 16:00:00,431.41
2023-07-26 16:15:00,403.76
2023-07-26 16:30:00,371.92
2023-07-26 16:45:00,335.81
2023-07-26 17:00:00,294.64
2023-07-26 17:15:00,238.25
2023-07-26 17:30:00,167.65
2023-07-26 17:45:00,105.38
2023-07-26 18:00:00,51.31
2023-07-26 18:15:00,16.73
2023-07-26 18:30:00,2.45
2023-07-26 18:45:00,-0.0
2023-07-26 19:00:00,-0.0
2023-07-26 19:15:00,-0.0
2023-07-26 19:30:00,-0.0
2023-07-26 19:45:00,-0.0
2023-07-26 20:00:00,-0.0
2023-07-26 20:15:00,-0.0
2023-07-26 20:30:00,-0.0
2023-07-26 20:45:00,-0.0
2023-07-26 21:00:00,-0.0
2023-07-26 21:15:00,-0.0
2023-07-26 21:30:00,-0.0
2023-07-26 21:45:00,-0.0
2023-07-26 22:00:00,-0.0
2023-07-26 22:15:00,-0.0
2023-07-26 22:30:00,-0.0
2023-07-26 22:45:00,-0.0
2023-07-26 23:00:00,-0.0
2023-07-26 23:15:00,-0.0
2023-07-26 23:30:00,-0.0
2023-07-26 23:45:00,-0.0
2023-07-27 00:00:00,-0.0
2023-07-27 00:15:00,-0.0
2023-07-27 00:30:00,-0.0
2023-07-27 00:45:00,-0.0
2023-07-27 01:00:00,-0.0
2023-07-27 01:15:00,-0.0
2023-07-27 01:30:00,-0.0
2023-07-27 01:45:00,-0.0
2023-07-27 02:00:00,-0.0
2023-07-27 02:15:00,-0.0
2023-07-27 02:30:00,-0.0
2023-07-27 02:45:00,-0.0
2023-07-27 03:00:00,-0.0
2023-07-27 03:15:00,-0.0
2023-07-27 03:30:00,-0.0
2023-07-27 03:45:00,-0.0
2023-07-27 04:00:00,-0.0
2023-07-27 04:15:00,-0.0
2023-07-27 04:30:00,-0.0
2023-07-27 04:45:00,-0.0
2023-07-27 05:00:00,3.04
2023-07-27 05:15:00,13.61
2023-07-27 05:30:00,46.55
2023-07-27 05:45:00,89.88
2023-07-27 06:00:00,148.47
2023-07-27 06:15:00,211.81
2023-07-27 06:30:00,278.57
2023-07-27 06:45:00,317.92
2023-07-27 07:00:00,361.97
2023-07-27 07:15:00,393.3
2023-07-27 07:30:00,421.09
2023-07-27 07:45:00,445.11
2023-07-27 08:00:00,464.88
2023-07-27 08:15:00,481.83
2023-07-27 08:30:00,495.5
2023-07-27 08:45:00,505.59
2023-07-27 09:00:00,515.12
2023-07-27 09:15:00,521.85
2023-07-27 09:30:00,526.42
2023-07-27 09:45:00,528.9
2023-07-27 10:00:00,528.9
2023-07-27 10:15:00,528.9
2023-07-27 10:30:00,528.9
2023-07-27 10:45:00,528.9
2023-07-27 11:00:00,528.9
2023-07-27 11:15:00,528.9
2023-07-27 11:30:00,528.9
2023-07-27 11:45:00,527.03
2023-07-27 12:00:00,525.32
2023-07-27 12:15:00,525.64
2023-07-27 12:30:00,526.05
2023-07-27 12:45:00,525.18
2023-07-27 13:00:00,523.18
2023-07-27 13:15:00,521.99
2023-07-27 13:30:00,519.14
2023-07-27 13:45:00,515.43
2023-07-27 14:00:00,509.29
2023-07-27 14:15:00,502.01
2023-07-27 14:30:00,493.7
2023-07-27 14:45:00,483.09
2023-07-27 15:00:00,472.52
2023-07-27 15:15:00,460.22
2023-07-27 15:30:00,444.44
2023-07-27 15:45:00,425.33
2023-07-27 16:00:00,402.83
2023-07-27 16:15:00,376.73
2023-07-27 16:30:00,346.62
2023-07-27 16:45:00,302.55
2023-07-27 17:00:00,264.53
2023-07-27 17:15:00,220.48
2023-07-27 17:30:00,155.38
2023-07-27 17:45:00,92.56
2023-07-27 18:00:00,47.16
2023-07-27 18:15:00,15.23
2023-07-27 18:30:00,2.16
2023-07-27 18:45:00,-0.0
2023-07-27 19:00:00,-0.0
2023-07-27 19:15:00,-0.0
2023-07-27 19:30:00,-0.0
2023-07-27 19:45:00,-0.0
2023-07-27 20:00:00,-0.0
2023-07-27 20:15:00,-0.0
2023-07-27 20:30:00,-0.0
2023-07-27 20:45:00,-0.0
2023-07-27 21:00:00,-0.0
2023-07-27 21:15:00,-0.0
2023-07-27 21:30:00,-0.0
2023-07-27 21:45:00,-0.0
2023-07-27 22:00:00,-0.0
2023-07-27 22:15:00,-0.0
2023-07-27 22:30:00,-0.0
2023-07-27 22:45:00,-0.0
2023-07-27 23:00:00,-0.0
2023-07-27 23:15:00,-0.0
2023-07-27 23:30:00,-0.0
2023-07-27 23:45:00,-0.0
2023-07-28 00:00:00,-0.0
2023-07-28 00:15:00,-0.0
2023-07-28 00:30:00,-0.0
2023-07-28 00:45:00,-0.0
2023-07-28 01:00:00,-0.0
2023-07-28 01:15:00,-0.0
2023-07-28 01:30:00,-0.0
2023-07-28 01:45:00,-0.0
2023-07-28 02:00:00,-0.0
2023-07-28 02:15:00,-0.0
2023-07-28 02:30:00,-0.0
2023-07-28 02:45:00,-0.0
2023-07-28 03:00:00,-0.0
2023-07-28 03:15:00,-0.0
2023-07-28 03:30:00,-0.0
2023-07-28 03:45:00,-0.0
2023-07-28 04:00:00,-0.0
2023-07-28 04:15:00,-0.0
2023-07-28 04:30:00,-0.0
2023-07-28 04:45:00,-0.0
2023-07-28 05:00:00,2.9
2023-07-28 05:15:00,14.51
2023-07-28 05:30:00,53.07
2023-07-28 05:45:00,104.75
2023-07-28 06:00:00,168.64
2023-07-28 06:15:00,246.53
2023-07-28 06:30:00,326.04
2023-07-28 06:45:00,368.6
2023-07-28 07:00:00,405.3
2023-07-28 07:15:00,437.0
2023-07-28 07:30:00,468.07
2023-07-28 07:45:00,492.3
2023-07-28 08:00:00,511.74
2023-07-28 08:15:00,528.06
2023-07-28 08:30:00,528.9
2023-07-28 08:45:00,528.9
2023-07-28 09:00:00,528.9
2023-07-28 09:15:00,528.9
2023-07-28 09:30:00,528.9
2023-07-28 09:45:00,528.9
2023-07-28 10:00:00,528.9
2023-07-28 10:15:00,528.9
2023-07-28 10:30:00,528.9
2023-07-28 10:45:00,528.9
2023-07-28 11:00:00,528.9
2023-07-28 11:15:00,528.9
2023-07-28 11:30:00,528.9
2023-07-28 11:45:00,528.9
2023-07-28 12:00:00,528.9
2023-07-28 12:15:00,528.9
2023-07-28 12:30:00,528.9
2023-07-28 12:45:00,528.9
2023-07-28 13:00:00,528.9
2023-07-28 13:15:00,528.9
2023-07-28 13:30:00,528.9
2023-07-28 13:45:00,528.9
2023-07-28 14:00:00,528.9
2023-07-28 14:15:00,528.9
2023-07-28 14:30:00,528.9
2023-07-28 14:45:00,528.9
2023-07-28 15:00:00,522.43
2023-07-28 15:15:00,509.78
2023-07-28 15:30:00,492.58
2023-07-28 15:45:00,468.09
2023-07-28 16:00:00,443.26
2023-07-28 16:15:00,413.99
2023-07-28 16:30:00,380.08
2023-07-28 16:45:00,341.47
2023-07-28 17:00:00,297.29
2023-07-28 17:15:00,235.86
2023-07-28 17:30:00,162.97
2023-07-28 17:45:00,99.81
2023-07-28 18:00:00,46.82
2023-07-28 18:15:00,14.55
2023-07-28 18:30:00,1.92
2023-07-28 18:45:00,-0.0
2023-07-28 19:00:00,-0.0
2023-07-28 19:15:00,-0.0
2023-07-28 19:30:00,-0.0
2023-07-28 19:45:00,-0.0
2023-07-28 20:00:00,-0.0
2023-07-28 20:15:00,-0.0
2023-07-28 20:30:00,-0.0
2023-07-28 20:45:00,-0.0
2023-07-28 21:00:00,-0.0
2023-07-28 21:15:00,-0.0
2023-07-28 21:30:00,-0.0
2023-07-28 21:45:00,-0.0
2023-07-28 22:00:00,-0.0
2023-07-28 22:15:00,-0.0
2023-07-28 22:30:00,-0.0
2023-07-28 22:45:00,-0.0
2023-07-28 23:00:00,-0.0
2023-07-28 23:15:00,-0.0
2023-07-28 23:30:00,-0.0
2023-07-28 23:45:00,-0.0
2023-07-29 00:00:00,-0.0
2023-07-29 00:15:00,-0.0
2023-07-29 00:30:00,-0.0
2023-07-29 00:45:00,-0.0
2023-07-29 01:00:00,-0.0
2023-07-29 01:15:00,-0.0
2023-07-29 01:30:00,-0.0
2023-07-29 01:45:00,-0.0
2023-07-29 02:00:00,-0.0
2023-07-29 02:15:00,-0.0
2023-07-29 02:30:00,-0.0
2023-07-29 02:45:00,-0.0
2023-07-29 03:00:00,-0.0
2023-07-29 03:15:00,-0.0
2023-07-29 03:30:00,-0.0
2023-07-29 03:45:00,-0.0
2023-07-29 04:00:00,-0.0
2023-07-29 04:15:00,-0.0
2023-07-29 04:30:00,-0.0
2023-07-29 04:45:00,-0.0
2023-07-29 05:00:00,2.31
2023-07-29 05:15:00,10.92
2023-07-29 05:30:00,35.94
2023-07-29 05:45:00,71.77
2023-07-29 06:00:00,116.23
2023-07-29 06:15:00,169.7
2023-07-29 06:30:00,238.23
2023-07-29 06:45:00,279.56
2023-07-29 07:00:00,317.28
2023-07-29 07:15:00,351.21
2023-07-29 07:30:00,381.74
2023-07-29 07:45:00,417.59
2023-07-29 08:00:00,438.23
2023-07-29 08:15:00,458.05
2023-07-29 08:30:00,474.33
2023-07-29 08:45:00,486.85
2023-07-29 09:00:00,493.44
2023-07-29 09:15:00,501.39
2023-07-29 09:30:00,507.16
2023-07-29 09:45:00,511.58
2023-07-29 10:00:00,516.23
2023-07-29 10:15:00,517.94
2023-07-29 10:30:00,519.47
2023-07-29 10:45:00,519.27
2023-07-29 11:00:00,521.04
2023-07-29 11:15:00,520.74
2023-07-29 11:30:00,519.35
2023-07-29 11:45:00,517.62
2023-07-29 12:00:00,518.51
2023-07-29 12:15:00,518.94
2023-07-29 12:30:00,519.33
2023-07-29 12:45:00,518.45
2023-07-29 13:00:00,516.72
2023-07-29 13:15:00,515.52
2023-07-29 13:30:00,512.99
2023-07-29 13:45:00,508.9
2023-07-29 14:00:00,502.0
2023-07-29 14:15:00,495.47
2023-07-29 14:30:00,487.29
2023-07-29 14:45:00,476.66
2023-07-29 15:00:00,464.37
2023-07-29 15:15:00,450.08
2023-07-29 15:30:00,432.04
2023-07-29 15:45:00,410.49
2023-07-29 16:00:00,375.76
2023-07-29 16:15:00,346.83
2023-07-29 16:30:00,314.09
2023-07-29 16:45:00,277.67
2023-07-29 17:00:00,237.55
2023-07-29 17:15:00,190.98
2023-07-29 17:30:00,124.29
2023-07-29 17:45:00,75.27
2023-07-29 18:00:00,34.6
2023-07-29 18:15:00,11.39
2023-07-29 18:30:00,1.55
2023-07-29 18:45:00,-0.0
2023-07-29 19:00:00,-0.0
2023-07-29 19:15:00,-0.0
2023-07-29 19:30:00,-0.0
2023-07-29 19:45:00,-0.0
2023-07-29 20:00:00,-0.0
2023-07-29 20:15:00,-0.0
2023-07-29 20:30:00,-0.0
2023-07-29 20:45:00,-0.0
2023-07-29 21:00:00,-0.0
2023-07-29 21:15:00,-0.0
2023-07-29 21:30:00,-0.0
2023-07-29 21:45:00,-0.0
2023-07-29 22:00:00,-0.0
2023-07-29 22:15:00,-0.0
2023-07-29 22:30:00,-0.0
2023-07-29 22:45:00,-0.0
2023-07-29 23:00:00,-0.0
2023-07-29 23:15:00,-0.0
2023-07-29 23:30:00,-0.0
2023-07-29 23:45:00,-0.0
2023-07-30 00:00:00,-0.0
2023-07-30 00:15:00,-0.0
2023-07-30 00:30:00,-0.0
2023-07-30 00:45:00,-0.0
2023-07-30 01:00:00,-0.0
2023-07-30 01:15:00,-0.0
2023-07-30 01:30:00,-0.0
2023-07-30 01:45:00,-0.0
2023-07-30 02:00:00,-0.0
2023-07-30 02:15:00,-0.0
2023-07-30 02:30:00,-0.0
2023-07-30 02:45:00,-0.0
2023-07-30 03:00:00,-0.0
2023-07-30 03:15:00,-0.0
2023-07-30 03:30:00,-0.0
2023-07-30 03:45:00,-0.0
2023-07-30 04:00:00,-0.0
2023-07-30 04:15:00,-0.0
2023-07-30 04:30:00,-0.0
2023-07-30 04:45:00,-0.0
2023-07-30 05:00:00,2.14
2023-07-30 05:15:00,11.27
2023-07-30 05:30:00,40.24
2023-07-30 05:45:00,80.05
2023-07-30 06:00:00,135.2
2023-07-30 06:15:00,196.01
2023-07-30 06:30:00,263.44
2023-07-30 06:45:00,305.37
2023-07-30 07:00:00,341.59
2023-07-30 07:15:00,383.06
2023-07-30 07:30:00,412.57
2023-07-30 07:45:00,438.18
2023-07-30 08:00:00,459.14
2023-07-30 08:15:00,477.48
2023-07-30 08:30:00,492.33
2023-07-30 08:45:00,503.63
2023-07-30 09:00:00,511.36
2023-07-30 09:15:00,517.87
2023-07-30 09:30:00,523.32
2023-07-30 09:45:00,526.51
2023-07-30 10:00:00,528.9
2023-07-30 10:15:00,528.9
2023-07-30 10:30:00,528.9
2023-07-30 10:45:00,528.9
2023-07-30 11:00:00,527.41
2023-07-30 11:15:00,526.36
2023-07-30 11:30:00,524.17
2023-07-30 11:45:00,521.8
2023-07-30 12:00:00,519.17
2023-07-30 12:15:00,519.52
2023-07-30 12:30:00,519.76
2023-07-30 12:45:00,518.81
2023-07-30 13:00:00,515.13
2023-07-30 13:15:00,514.29
2023-07-30 13:30:00,511.04
2023-07-30 13:45:00,506.72
2023-07-30 14:00:00,499.02
2023-07-30 14:15:00,492.18
2023-07-30 14:30:00,483.49
2023-07-30 14:45:00,472.41
2023-07-30 15:00:00,459.25
2023-07-30 15:15:00,444.29
2023-07-30 15:30:00,425.34
2023-07-30 15:45:00,402.88
2023-07-30 16:00:00,367.34
2023-07-30 16:15:00,337.62
2023-07-30 16:30:00,304.16
2023-07-30 16:45:00,267.15
2023-07-30 17:00:00,226.64
2023-07-30 17:15:00,170.76
2023-07-30 17:30:00,115.4
2023-07-30 17:45:00,69.24
2023-07-30 18:00:00,31.24
2023-07-30 18:15:00,10.69
2023-07-30 18:30:00,1.27
2023-07-30 18:45:00,-0.0
2023-07-30 19:00:00,-0.0
2023-07-30 19:15:00,-0.0
2023-07-30 19:30:00,-0.0
2023-07-30 19:45:00,-0.0
2023-07-30 20:00:00,-0.0
2023-07-30 20:15:00,-0.0
2023-07-30 20:30:00,-0.0
2023-07-30 20:45:00,-0.0
2023-07-30 21:00:00,-0.0
2023-07-30 21:15:00,-0.0
2023-07-30 21:30:00,-0.0
2023-07-30 21:45:00,-0.0
2023-07-30 22:00:00,-0.0
2023-07-30 22:15:00,-0.0
2023-07-30 22:30:00,-0.0
2023-07-30 22:45:00,-0.0
2023-07-30 23:00:00,-0.0
2023-07-30 23:15:00,-0.0
2023-07-30 23:30:00,-0.0
2023-07-30 23:45:00,-0.0
2023-07-31 00:00:00,-0.0
2023-07-31 00:15:00,-0.0
2023-07-31 00:30:00,-0.0
2023-07-31 00:45:00,-0.0
2023-07-31 01:00:00,-0.0
2023-07-31 01:15:00,-0.0
2023-07-31 01:30:00,-0.0
2023-07-31 01:45:00,-0.0
2023-07-31 02:00:00,-0.0
2023-07-31 02:15:00,-0.0
2023-07-31 02:30:00,-0.0
2023-07-31 02:45:00,-0.0
2023-07-31 03:00:00,-0.0
2023-07-31 03:15:00,-0.0
2023-07-31 03:30:00,-0.0
2023-07-31 03:45:00,-0.0
2023-07-31 04:00:00,-0.0
2023-07-31 04:15:00,-0.0
2023-07-31 04:30:00,-0.0
2023-07-31 04:45:00,-0.0
2023-07-31 05:00:00,1.57
2023-07-31 05:15:00,8.26
2023-07-31 05:30:00,25.02
2023-07-31 05:45:00,50.59
2023-07-31 06:00:00,82.52
2023-07-31 06:15:00,128.17
2023-07-31 06:30:00,176.61
2023-07-31 06:45:00,214.57
2023-07-31 07:00:00,239.15
2023-07-31 07:15:00,119.55
2023-07-31 07:30:00,90.89
2023-07-31 07:45:00,86.03
2023-07-31 08:00:00,57.94
2023-07-31 08:15:00,94.04
2023-07-31 08:30:00,152.63
2023-07-31 08:45:00,192.75
2023-07-31 09:00:00,288.49
2023-07-31 09:15:00,324.22
2023-07-31 09:30:00,436.0
2023-07-31 09:45:00,478.39
2023-07-31 10:00:00,483.17
2023-07-31 10:15:00,486.61
2023-07-31 10:30:00,489.29
2023-07-31 10:45:00,490.03
2023-07-31 11:00:00,480.78
2023-07-31 11:15:00,374.96
2023-07-31 11:30:00,444.78
2023-07-31 11:45:00,359.09
2023-07-31 12:00:00,334.2
2023-07-31 12:15:00,440.86
2023-07-31 12:30:00,348.13
2023-07-31 12:45:00,292.03
2023-07-31 13:00:00,303.43
2023-07-31 13:15:00,267.16
2023-07-31 13:30:00,283.83
2023-07-31 13:45:00,301.53
2023-07-31 14:00:00,312.0
2023-07-31 14:15:00,414.6
2023-07-31 14:30:00,442.42
2023-07-31 14:45:00,421.35
2023-07-31 15:00:00,400.53
2023-07-31 15:15:00,303.65
2023-07-31 15:30:00,247.65
2023-07-31 15:45:00,201.21
2023-07-31 16:00:00,215.73
2023-07-31 16:15:00,122.61
2023-07-31 16:30:00,25.84
2023-07-31 16:45:00,9.4
2023-07-31 17:00:00,8.55
2023-07-31 17:15:00,18.52
2023-07-31 17:30:00,53.33
2023-07-31 17:45:00,39.76
2023-07-31 18:00:00,6.85
2023-07-31 18:15:00,1.02
2023-07-31 18:30:00,-0.0
2023-07-31 18:45:00,-0.0
2023-07-31 19:00:00,-0.0
2023-07-31 19:15:00,-0.0
2023-07-31 19:30:00,-0.0
2023-07-31 19:45:00,-0.0
2023-07-31 20:00:00,-0.0
2023-07-31 20:15:00,-0.0
2023-07-31 20:30:00,-0.0
2023-07-31 20:45:00,-0.0
2023-07-31 21:00:00,-0.0
2023-07-31 21:15:00,-0.0
2023-07-31 21:30:00,-0.0
2023-07-31 21:45:00,-0.0
2023-07-31 22:00:00,-0.0
2023-07-31 22:15:00,-0.0
2023-07-31 22:30:00,-0.0
2023-07-31 22:45:00,-0.0
2023-07-31 23:00:00,-0.0
2023-07-31 23:15:00,-0.0
2023-07-31 23:30:00,-0.0
2023-07-31 23:45:00,-0.0
2023-08-01 00:00:00,-0.0
2023-08-01 00:15:00,-0.0
2023-08-01 00:30:00,-0.0
2023-08-01 00:45:00,-0.0
2023-08-01 01:00:00,-0.0
2023-08-01 01:15:00,-0.0
2023-08-01 01:30:00,-0.0
2023-08-01 01:45:00,-0.0
2023-08-01 02:00:00,-0.0
2023-08-01 02:15:00,-0.0
2023-08-01 02:30:00,-0.0
2023-08-01 02:45:00,-0.0
2023-08-01 03:00:00,-0.0
2023-08-01 03:15:00,-0.0
2023-08-01 03:30:00,-0.0
2023-08-01 03:45:00,-0.0
2023-08-01 04:00:00,-0.0
2023-08-01 04:15:00,-0.0
2023-08-01 04:30:00,-0.0
2023-08-01 04:45:00,-0.0
2023-08-01 05:00:00,1.6
2023-08-01 05:15:00,9.62
2023-08-01 05:30:00,33.69
2023-08-01 05:45:00,71.79
2023-08-01 06:00:00,119.8
2023-08-01 06:15:00,182.29
2023-08-01 06:30:00,247.97
2023-08-01 06:45:00,292.7
2023-08-01 07:00:00,330.28
2023-08-01 07:15:00,372.96
2023-08-01 07:30:00,403.44
2023-08-01 07:45:00,430.05
2023-08-01 08:00:00,451.07
2023-08-01 08:15:00,469.92
2023-08-01 08:30:00,485.47
2023-08-01 08:45:00,497.3
2023-08-01 09:00:00,509.32
2023-08-01 09:15:00,518.17
2023-08-01 09:30:00,524.74
2023-08-01 09:45:00,528.9
2023-08-01 10:00:00,528.9
2023-08-01 10:15:00,528.9
2023-08-01 10:30:00,528.9
2023-08-01 10:45:00,528.9
2023-08-01 11:00:00,528.9
2023-08-01 11:15:00,528.9
2023-08-01 11:30:00,528.9
2023-08-01 11:45:00,528.9
2023-08-01 12:00:00,528.9
2023-08-01 12:15:00,528.9
2023-08-01 12:30:00,528.9
2023-08-01 12:45:00,528.9
2023-08-01 13:00:00,528.9
2023-08-01 13:15:00,528.9
2023-08-01 13:30:00,528.9
2023-08-01 13:45:00,528.9
2023-08-01 14:00:00,528.9
2023-08-01 14:15:00,528.9
2023-08-01 14:30:00,528.9
2023-08-01 14:45:00,528.9
2023-08-01 15:00:00,527.27
2023-08-01 15:15:00,519.25
2023-08-01 15:30:00,507.99
2023-08-01 15:45:00,493.48
2023-08-01 16:00:00,475.76
2023-08-01 16:15:00,454.2
2023-08-01 16:30:00,428.74
2023-08-01 16:45:00,399.08
2023-08-01 17:00:00,363.76
2023-08-01 17:15:00,310.42
2023-08-01 17:30:00,225.33
2023-08-01 17:45:00,148.23
2023-08-01 18:00:00,76.94
2023-08-01 18:15:00,20.29
2023-08-01 18:30:00,1.1
2023-08-01 18:45:00,-0.0
2023-08-01 19:00:00,-0.0
2023-08-01 19:15:00,-0.0
2023-08-01 19:30:00,-0.0
2023-08-01 19:45:00,-0.0
2023-08-01 20:00:00,-0.0
2023-08-01 20:15:00,-0.0
2023-08-01 20:30:00,-0.0
2023-08-01 20:45:00,-0.0
2023-08-01 21:00:00,-0.0
2023-08-01 21:15:00,-0.0
2023-08-01 21:30:00,-0.0
2023-08-01 21:45:00,-0.0
2023-08-01 22:00:00,-0.0
2023-08-01 22:15:00,-0.0
2023-08-01 22:30:00,-0.0
2023-08-01 22:45:00,-0.0
2023-08-01 23:00:00,-0.0
2023-08-01 23:15:00,-0.0
2023-08-01 23:30:00,-0.0
2023-08-01 23:45:00,-0.0
2023-08-02 00:00:00,-0.0
2023-08-02 00:15:00,-0.0
2023-08-02 00:30:00,-0.0
2023-08-02 00:45:00,-0.0
2023-08-02 01:00:00,-0.0
2023-08-02 01:15:00,-0.0
2023-08-02 01:30:00,-0.0
2023-08-02 01:45:00,-0.0
2023-08-02 02:00:00,-0.0
2023-08-02 02:15:00,-0.0
2023-08-02 02:30:00,-0.0
2023-08-02 02:45:00,-0.0
2023-08-02 03:00:00,-0.0
2023-08-02 03:15:00,-0.0
2023-08-02 03:30:00,-0.0
2023-08-02 03:45:00,-0.0
2023-08-02 04:00:00,-0.0
2023-08-02 04:15:00,-0.0
2023-08-02 04:30:00,-0.0
2023-08-02 04:45:00,-0.0
2023-08-02 05:00:00,1.68
2023-08-02 05:15:00,12.32
2023-08-02 05:30:00,58.51
2023-08-02 05:45:00,124.86
2023-08-02 06:00:00,204.19
2023-08-02 06:15:00,287.32
2023-08-02 06:30:00,374.66
2023-08-02 06:45:00,420.48
2023-08-02 07:00:00,451.63
2023-08-02 07:15:00,478.09
2023-08-02 07:30:00,500.79
2023-08-02 07:45:00,519.61
2023-08-02 08:00:00,528.9
2023-08-02 08:15:00,528.9
2023-08-02 08:30:00,528.9
2023-08-02 08:45:00,528.9
2023-08-02 09:00:00,528.9
2023-08-02 09:15:00,528.9
2023-08-02 09:30:00,528.9
2023-08-02 09:45:00,528.9
2023-08-02 10:00:00,528.9
2023-08-02 10:15:00,528.9
2023-08-02 10:30:00,528.9
2023-08-02 10:45:00,528.9
2023-08-02 11:00:00,528.9
2023-08-02 11:15:00,528.9
2023-08-02 11:30:00,528.9
2023-08-02 11:45:00,528.9
2023-08-02 12:00:00,528.9
2023-08-02 12:15:00,528.9
2023-08-02 12:30:00,528.9
2023-08-02 12:45:00,528.9
2023-08-02 13:00:00,528.9
2023-08-02 13:15:00,528.9
2023-08-02 13:30:00,528.9
2023-08-02 13:45:00,528.9
2023-08-02 14:00:00,528.9
2023-08-02 14:15:00,528.9
2023-08-02 14:30:00,528.9
2023-08-02 14:45:00,528.9
2023-08-02 15:00:00,528.9
2023-08-02 15:15:00,528.9
2023-08-02 15:30:00,521.36
2023-08-02 15:45:00,506.48
2023-08-02 16:00:00,490.89
2023-08-02 16:15:00,468.75
2023-08-02 16:30:00,442.22
2023-08-02 16:45:00,411.09
2023-08-02 17:00:00,373.29
2023-08-02 17:15:00,314.77
2023-08-02 17:30:00,228.16
2023-08-02 17:45:00,145.55
2023-08-02 18:00:00,73.47
2023-08-02 18:15:00,18.12
2023-08-02 18:30:00,0.87
2023-08-02 18:45:00,-0.0
2023-08-02 19:00:00,-0.0
2023-08-02 19:15:00,-0.0
2023-08-02 19:30:00,-0.0
2023-08-02 19:45:00,-0.0
2023-08-02 20:00:00,-0.0
2023-08-02 20:15:00,-0.0
2023-08-02 20:30:00,-0.0
2023-08-02 20:45:00,-0.0
2023-08-02 21:00:00,-0.0
2023-08-02 21:15:00,-0.0
2023-08-02 21:30:00,-0.0
2023-08-02 21:45:00,-0.0
2023-08-02 22:00:00,-0.0
2023-08-02 22:15:00,-0.0
2023-08-02 22:30:00,-0.0
2023-08-02 22:45:00,-0.0
2023-08-02 23:00:00,-0.0
2023-08-02 23:15:00,-0.0
2023-08-02 23:30:00,-0.0
2023-08-02 23:45:00,-0.0
2023-08-03 00:00:00,-0.0
2023-08-03 00:15:00,-0.0
2023-08-03 00:30:00,-0.0
2023-08-03 00:45:00,-0.0
2023-08-03 01:00:00,-0.0
2023-08-03 01:15:00,-0.0
2023-08-03 01:30:00,-0.0
2023-08-03 01:45:00,-0.0
2023-08-03 02:00:00,-0.0
2023-08-03 02:15:00,-0.0
2023-08-03 02:30:00,-0.0
2023-08-03 02:45:00,-0.0
2023-08-03 03:00:00,-0.0
2023-08-03 03:15:00,-0.0
2023-08-03 03:30:00,-0.0
2023-08-03 03:45:00,-0.0
2023-08-03 04:00:00,-0.0
2023-08-03 04:15:00,-0.0
2023-08-03 04:30:00,-0.0
2023-08-03 04:45:00,-0.0
2023-08-03 05:00:00,-0.0
2023-08-03 05:15:00,10.58
2023-08-03 05:30:00,49.03
2023-08-03 05:45:00,107.73
2023-08-03 06:00:00,178.76
2023-08-03 06:15:00,255.29
2023-08-03 06:30:00,336.83
2023-08-03 06:45:00,387.49
2023-08-03 07:00:00,422.25
2023-08-03 07:15:00,451.58
2023-08-03 07:30:00,476.82
2023-08-03 07:45:00,497.94
2023-08-03 08:00:00,515.15
2023-08-03 08:15:00,528.9
2023-08-03 08:30:00,528.9
2023-08-03 08:45:00,528.9
2023-08-03 09:00:00,528.9
2023-08-03 09:15:00,528.9
2023-08-03 09:30:00,528.9
2023-08-03 09:45:00,528.9
2023-08-03 10:00:00,528.9
2023-08-03 10:15:00,528.9
2023-08-03 10:30:00,528.9
2023-08-03 10:45:00,528.9
2023-08-03 11:00:00,528.9
2023-08-03 11:15:00,528.9
2023-08-03 11:30:00,528.9
2023-08-03 11:45:00,528.9
2023-08-03 12:00:00,528.9
2023-08-03 12:15:00,528.9
2023-08-03 12:30:00,528.9
2023-08-03 12:45:00,528.9
2023-08-03 13:00:00,528.9
2023-08-03 13:15:00,528.9
2023-08-03 13:30:00,528.9
2023-08-03 13:45:00,528.9
2023-08-03 14:00:00,528.9
2023-08-03 14:15:00,528.9
2023-08-03 14:30:00,528.9
2023-08-03 14:45:00,528.9
2023-08-03 15:00:00,526.09
2023-08-03 15:15:00,516.61
2023-08-03 15:30:00,503.62
2023-08-03 15:45:00,486.85
2023-08-03 16:00:00,466.08
2023-08-03 16:15:00,441.35
2023-08-03 16:30:00,411.92
2023-08-03 16:45:00,377.59
2023-08-03 17:00:00,333.18
2023-08-03 17:15:00,272.88
2023-08-03 17:30:00,192.26
2023-08-03 17:45:00,119.27
2023-08-03 18:00:00,54.01
2023-08-03 18:15:00,12.36
2023-08-03 18:30:00,0.65
2023-08-03 18:45:00,-0.0
2023-08-03 19:00:00,-0.0
2023-08-03 19:15:00,-0.0
2023-08-03 19:30:00,-0.0
2023-08-03 19:45:00,-0.0
2023-08-03 20:00:00,-0.0
2023-08-03 20:15:00,-0.0
2023-08-03 20:30:00,-0.0
2023-08-03 20:45:00,-0.0
2023-08-03 21:00:00,-0.0
2023-08-03 21:15:00,-0.0
2023-08-03 21:30:00,-0.0
2023-08-03 21:45:00,-0.0
2023-08-03 22:00:00,-0.0
2023-08-03 22:15:00,-0.0
2023-08-03 22:30:00,-0.0
2023-08-03 22:45:00,-0.0
2023-08-03 23:00:00,-0.0
2023-08-03 23:15:00,-0.0
2023-08-03 23:30:00,-0.0
2023-08-03 23:45:00,-0.0
2023-08-04 00:00:00,-0.0
2023-08-04 00:15:00,-0.0
2023-08-04 00:30:00,-0.0
2023-08-04 00:45:00,-0.0
2023-08-04 01:00:00,-0.0
2023-08-04 01:15:00,-0.0
2023-08-04 01:30:00,-0.0
2023-08-04 01:45:00,-0.0
2023-08-04 02:00:00,-0.0
2023-08-04 02:15:00,-0.0
2023-08-04 02:30:00,-0.0
2023-08-04 02:45:00,-0.0
2023-08-04 03:00:00,-0.0
2023-08-04 03:15:00,-0.0
2023-08-04 03:30:00,-0.0
2023-08-04 03:45:00,-0.0
2023-08-04 04:00:00,-0.0
2023-08-04 04:15:00,-0.0
2023-08-04 04:30:00,-0.0
2023-08-04 04:45:00,-0.0
2023-08-04 05:00:00,-0.0
2023-08-04 05:15:00,9.7
2023-08-04 05:30:00,43.89
2023-08-04 05:45:00,100.18
2023-08-04 06:00:00,168.2
2023-08-04 06:15:00,241.72
2023-08-04 06:30:00,320.06
2023-08-04 06:45:00,368.5
2023-08-04 07:00:00,402.34
2023-08-04 07:15:00,434.01
2023-08-04 07:30:00,459.19
2023-08-04 07:45:00,480.38
2023-08-04 08:00:00,499.81
2023-08-04 08:15:00,514.18
2023-08-04 08:30:00,525.35
2023-08-04 08:45:00,528.9
2023-08-04 09:00:00,528.9
2023-08-04 09:15:00,528.9
2023-08-04 09:30:00,528.9
2023-08-04 09:45:00,528.9
2023-08-04 10:00:00,528.9
2023-08-04 10:15:00,528.9
2023-08-04 10:30:00,528.9
2023-08-04 10:45:00,528.9
2023-08-04 11:00:00,528.9
2023-08-04 11:15:00,528.9
2023-08-04 11:30:00,528.9
2023-08-04 11:45:00,528.9
2023-08-04 12:00:00,528.9
2023-08-04 12:15:00,528.9
2023-08-04 12:30:00,528.9
2023-08-04 12:45:00,528.9
2023-08-04 13:00:00,528.9
2023-08-04 13:15:00,528.9
2023-08-04 13:30:00,528.9
2023-08-04 13:45:00,528.9
2023-08-04 14:00:00,526.6
2023-08-04 14:15:00,522.14
2023-08-04 14:30:00,516.73
2023-08-04 14:45:00,508.7
2023-08-04 15:00:00,499.27
2023-08-04 15:15:00,487.01
2023-08-04 15:30:00,470.96
2023-08-04 15:45:00,447.52
2023-08-04 16:00:00,423.24
2023-08-04 16:15:00,395.61
2023-08-04 16:30:00,363.39
2023-08-04 16:45:00,326.47
2023-08-04 17:00:00,283.53
2023-08-04 17:15:00,214.47
2023-08-04 17:30:00,144.99
2023-08-04 17:45:00,84.9
2023-08-04 18:00:00,35.25
2023-08-04 18:15:00,7.99
2023-08-04 18:30:00,0.47
2023-08-04 18:45:00,-0.0
2023-08-04 19:00:00,-0.0
2023-08-04 19:15:00,-0.0
2023-08-04 19:30:00,-0.0
2023-08-04 19:45:00,-0.0
2023-08-04 20:00:00,-0.0
2023-08-04 20:15:00,-0.0
2023-08-04 20:30:00,-0.0
2023-08-04 20:45:00,-0.0
2023-08-04 21:00:00,-0.0
2023-08-04 21:15:00,-0.0
2023-08-04 21:30:00,-0.0
2023-08-04 21:45:00,-0.0
2023-08-04 22:00:00,-0.0
2023-08-04 22:15:00,-0.0
2023-08-04 22:30:00,-0.0
2023-08-04 22:45:00,-0.0
2023-08-04 23:00:00,-0.0
2023-08-04 23:15:00,-0.0
2023-08-04 23:30:00,-0.0
2023-08-04 23:45:00,-0.0
2023-08-05 00:00:00,-0.0
2023-08-05 00:15:00,-0.0
2023-08-05 00:30:00,-0.0
2023-08-05 00:45:00,-0.0
2023-08-05 01:00:00,-0.0
2023-08-05 01:15:00,-0.0
2023-08-05 01:30:00,-0.0
2023-08-05 01:45:00,-0.0
2023-08-05 02:00:00,-0.0
2023-08-05 02:15:00,-0.0
2023-08-05 02:30:00,-0.0
2023-08-05 02:45:00,-0.0
2023-08-05 03:00:00,-0.0
2023-08-05 03:15:00,-0.0
2023-08-05 03:30:00,-0.0
2023-08-05 03:45:00,-0.0
2023-08-05 04:00:00,-0.0
2023-08-05 04:15:00,-0.0
2023-08-05 04:30:00,-0.0
2023-08-05 04:45:00,-0.0
2023-08-05 05:00:00,-0.0
2023-08-05 05:15:00,8.32
2023-08-05 05:30:00,33.47
2023-08-05 05:45:00,77.67
2023-08-05 06:00:00,134.27
2023-08-05 06:15:00,199.87
2023-08-05 06:30:00,280.13
2023-08-05 06:45:00,334.54
2023-08-05 07:00:00,373.85
2023-08-05 07:15:00,407.93
2023-08-05 07:30:00,437.88
2023-08-05 07:45:00,463.44
2023-08-05 08:00:00,488.66
2023-08-05 08:15:00,506.96
2023-08-05 08:30:00,521.34
2023-08-05 08:45:00,528.9
2023-08-05 09:00:00,528.9
2023-08-05 09:15:00,528.9
2023-08-05 09:30:00,528.9
2023-08-05 09:45:00,528.9
2023-08-05 10:00:00,528.9
2023-08-05 10:15:00,528.9
2023-08-05 10:30:00,528.9
2023-08-05 10:45:00,528.9
2023-08-05 11:00:00,528.9
2023-08-05 11:15:00,528.9
2023-08-05 11:30:00,528.9
2023-08-05 11:45:00,528.9
2023-08-05 12:00:00,528.9
2023-08-05 12:15:00,528.9
2023-08-05 12:30:00,528.9
2023-08-05 12:45:00,528.9
2023-08-05 13:00:00,528.9
2023-08-05 13:15:00,528.9
2023-08-05 13:30:00,528.9
2023-08-05 13:45:00,528.9
2023-08-05 14:00:00,528.9
2023-08-05 14:15:00,528.9
2023-08-05 14:30:00,528.9
2023-08-05 14:45:00,522.51
2023-08-05 15:00:00,515.76
2023-08-05 15:15:00,504.73
2023-08-05 15:30:00,490.04
2023-08-05 15:45:00,471.65
2023-08-05 16:00:00,449.71
2023-08-05 16:15:00,418.72
2023-08-05 16:30:00,387.93
2023-08-05 16:45:00,352.32
2023-08-05 17:00:00,310.83
2023-08-05 17:15:00,246.81
2023-08-05 17:30:00,169.57
2023-08-05 17:45:00,96.2
2023-08-05 18:00:00,42.79
2023-08-05 18:15:00,7.71
2023-08-05 18:30:00,-0.0
2023-08-05 18:45:00,-0.0
2023-08-05 19:00:00,-0.0
2023-08-05 19:15:00,-0.0
2023-08-05 19:30:00,-0.0
2023-08-05 19:45:00,-0.0
2023-08-05 20:00:00,-0.0
2023-08-05 20:15:00,-0.0
2023-08-05 20:30:00,-0.0
2023-08-05 20:45:00,-0.0
2023-08-05 21:00:00,-0.0
2023-08-05 21:15:00,-0.0
2023-08-05 21:30:00,-0.0
2023-08-05 21:45:00,-0.0
2023-08-05 22:00:00,-0.0
2023-08-05 22:15:00,-0.0
2023-08-05 22:30:00,-0.0
2023-08-05 22:45:00,-0.0
2023-08-05 23:00:00,-0.0
2023-08-05 23:15:00,-0.0
2023-08-05 23:30:00,-0.0
2023-08-05 23:45:00,-0.0
2023-08-06 00:00:00,-0.0
2023-08-06 00:15:00,-0.0
2023-08-06 00:30:00,-0.0
2023-08-06 00:45:00,-0.0
2023-08-06 01:00:00,-0.0
2023-08-06 01:15:00,-0.0
2023-08-06 01:30:00,-0.0
2023-08-06 01:45:00,-0.0
2023-08-06 02:00:00,-0.0
2023-08-06 02:15:00,-0.0
2023-08-06 02:30:00,-0.0
2023-08-06 02:45:00,-0.0
2023-08-06 03:00:00,-0.0
2023-08-06 03:15:00,-0.0
2023-08-06 03:30:00,-0.0
2023-08-06 03:45:00,-0.0
2023-08-06 04:00:00,-0.0
2023-08-06 04:15:00,-0.0
2023-08-06 04:30:00,-0.0
2023-08-06 04:45:00,-0.0
2023-08-06 05:00:00,-0.0
2023-08-06 05:15:00,9.23
2023-08-06 05:30:00,45.13
2023-08-06 05:45:00,107.72
2023-08-06 06:00:00,182.81
2023-08-06 06:15:00,262.74
2023-08-06 06:30:00,349.41
2023-08-06 06:45:00,405.67
2023-08-06 07:00:00,440.29
2023-08-06 07:15:00,469.18
2023-08-06 07:30:00,493.9
2023-08-06 07:45:00,514.56
2023-08-06 08:00:00,528.9
2023-08-06 08:15:00,528.9
2023-08-06 08:30:00,528.9
2023-08-06 08:45:00,528.9
2023-08-06 09:00:00,528.9
2023-08-06 09:15:00,528.9
2023-08-06 09:30:00,528.9
2023-08-06 09:45:00,528.9
2023-08-06 10:00:00,528.9
2023-08-06 10:15:00,528.9
2023-08-06 10:30:00,528.9
2023-08-06 10:45:00,528.9
2023-08-06 11:00:00,528.9
2023-08-06 11:15:00,528.9
2023-08-06 11:30:00,528.9
2023-08-06 11:45:00,528.9
2023-08-06 12:00:00,528.9
2023-08-06 12:15:00,528.9
2023-08-06 12:30:00,528.9
2023-08-06 12:45:00,528.9
2023-08-06 13:00:00,528.9
2023-08-06 13:15:00,528.9
2023-08-06 13:30:00,528.9
2023-08-06 13:45:00,528.9
2023-08-06 14:00:00,528.9
2023-08-06 14:15:00,528.9
2023-08-06 14:30:00,528.9
2023-08-06 14:45:00,528.9
2023-08-06 15:00:00,528.9
2023-08-06 15:15:00,528.9
2023-08-06 15:30:00,518.61
2023-08-06 15:45:00,506.41
2023-08-06 16:00:00,486.49
2023-08-06 16:15:00,463.2
2023-08-06 16:30:00,435.23
2023-08-06 16:45:00,402.38
2023-08-06 17:00:00,362.64
2023-08-06 17:15:00,293.29
2023-08-06 17:30:00,205.05
2023-08-06 17:45:00,126.84
2023-08-06 18:00:00,58.32
2023-08-06 18:15:00,9.91
2023-08-06 18:30:00,-0.0
2023-08-06 18:45:00,-0.0
2023-08-06 19:00:00,-0.0
2023-08-06 19:15:00,-0.0
2023-08-06 19:30:00,-0.0
2023-08-06 19:45:00,-0.0
2023-08-06 20:00:00,-0.0
2023-08-06 20:15:00,-0.0
2023-08-06 20:30:00,-0.0
2023-08-06 20:45:00,-0.0
2023-08-06 21:00:00,-0.0
2023-08-06 21:15:00,-0.0
2023-08-06 21:30:00,-0.0
2023-08-06 21:45:00,-0.0
2023-08-06 22:00:00,-0.0
2023-08-06 22:15:00,-0.0
2023-08-06 22:30:00,-0.0
2023-08-06 22:45:00,-0.0
2023-08-06 23:00:00,-0.0
2023-08-06 23:15:00,-0.0
2023-08-06 23:30:00,-0.0
2023-08-06 23:45:00,-0.0
2023-08-07 00:00:00,-0.0
2023-08-07 00:15:00,-0.0
2023-08-07 00:30:00,-0.0
2023-08-07 00:45:00,-0.0
2023-08-07 01:00:00,-0.0
2023-08-07 01:15:00,-0.0
2023-08-07 01:30:00,-0.0
2023-08-07 01:45:00,-0.0
2023-08-07 02:00:00,-0.0
2023-08-07 02:15:00,-0.0
2023-08-07 02:30:00,-0.0
2023-08-07 02:45:00,-0.0
2023-08-07 03:00:00,-0.0
2023-08-07 03:15:00,-0.0
2023-08-07 03:30:00,-0.0
2023-08-07 03:45:00,-0.0
2023-08-07 04:00:00,-0.0
2023-08-07 04:15:00,-0.0
2023-08-07 04:30:00,-0.0
2023-08-07 04:45:00,-0.0
2023-08-07 05:00:00,-0.0
2023-08-07 05:15:00,7.82
2023-08-07 05:30:00,32.51
2023-08-07 05:45:00,80.05
2023-08-07 06:00:00,139.27
2023-08-07 06:15:00,211.94
2023-08-07 06:30:00,289.12
2023-08-07 06:45:00,345.95
2023-08-07 07:00:00,384.05
2023-08-07 07:15:00,416.76
2023-08-07 07:30:00,445.32
2023-08-07 07:45:00,473.2
2023-08-07 08:00:00,494.22
2023-08-07 08:15:00,511.32
2023-08-07 08:30:00,524.7
2023-08-07 08:45:00,528.9
2023-08-07 09:00:00,528.9
2023-08-07 09:15:00,528.9
2023-08-07 09:30:00,528.9
2023-08-07 09:45:00,528.9
2023-08-07 10:00:00,528.9
2023-08-07 10:15:00,528.9
2023-08-07 10:30:00,528.9
2023-08-07 10:45:00,528.9
2023-08-07 11:00:00,528.9
2023-08-07 11:15:00,528.9
2023-08-07 11:30:00,528.9
2023-08-07 11:45:00,528.9
2023-08-07 12:00:00,528.9
2023-08-07 12:15:00,528.9
2023-08-07 12:30:00,528.9
2023-08-07 12:45:00,528.9
2023-08-07 13:00:00,528.9
2023-08-07 13:15:00,528.9
2023-08-07 13:30:00,528.9
2023-08-07 13:45:00,528.9
2023-08-07 14:00:00,528.9
2023-08-07 14:15:00,528.9
2023-08-07 14:30:00,528.9
2023-08-07 14:45:00,528.9
2023-08-07 15:00:00,528.9
2023-08-07 15:15:00,526.72
2023-08-07 15:30:00,517.47
2023-08-07 15:45:00,501.49
2023-08-07 16:00:00,481.05
2023-08-07 16:15:00,457.08
2023-08-07 16:30:00,428.38
2023-08-07 16:45:00,394.64
2023-08-07 17:00:00,354.04
2023-08-07 17:15:00,282.35
2023-08-07 17:30:00,195.62
2023-08-07 17:45:00,119.2
2023-08-07 18:00:00,53.82
2023-08-07 18:15:00,8.26
2023-08-07 18:30:00,-0.0
2023-08-07 18:45:00,-0.0
2023-08-07 19:00:00,-0.0
2023-08-07 19:15:00,-0.0
2023-08-07 19:30:00,-0.0
2023-08-07 19:45:00,-0.0
2023-08-07 20:00:00,-0.0
2023-08-07 20:15:00,-0.0
2023-08-07 20:30:00,-0.0
2023-08-07 20:45:00,-0.0
2023-08-07 21:00:00,-0.0
2023-08-07 21:15:00,-0.0
2023-08-07 21:30:00,-0.0
2023-08-07 21:45:00,-0.0
2023-08-07 22:00:00,-0.0
2023-08-07 22:15:00,-0.0
2023-08-07 22:30:00,-0.0
2023-08-07 22:45:00,-0.0
2023-08-07 23:00:00,-0.0
2023-08-07 23:15:00,-0.0
2023-08-07 23:30:00,-0.0
2023-08-07 23:45:00,-0.0
2023-08-08 00:00:00,-0.0
2023-08-08 00:15:00,-0.0
2023-08-08 00:30:00,-0.0
2023-08-08 00:45:00,-0.0
2023-08-08 01:00:00,-0.0
2023-08-08 01:15:00,-0.0
2023-08-08 01:30:00,-0.0
2023-08-08 01:45:00,-0.0
2023-08-08 02:00:00,-0.0
2023-08-08 02:15:00,-0.0
2023-08-08 02:30:00,-0.0
2023-08-08 02:45:00,-0.0
2023-08-08 03:00:00,-0.0
2023-08-08 03:15:00,-0.0
2023-08-08 03:30:00,-0.0
2023-08-08 03:45:00,-0.0
2023-08-08 04:00:00,-0.0
2023-08-08 04:15:00,-0.0
2023-08-08 04:30:00,-0.0
2023-08-08 04:45:00,-0.0
2023-08-08 05:00:00,-0.0
2023-08-08 05:15:00,7.61
2023-08-08 05:30:00,33.72
2023-08-08 05:45:00,84.79
2023-08-08 06:00:00,152.11
2023-08-08 06:15:00,225.69
2023-08-08 06:30:00,305.81
2023-08-08 06:45:00,364.63
2023-08-08 07:00:00,401.36
2023-08-08 07:15:00,436.13
2023-08-08 07:30:00,464.21
2023-08-08 07:45:00,487.76
2023-08-08 08:00:00,507.09
2023-08-08 08:15:00,522.72
2023-08-08 08:30:00,528.9
2023-08-08 08:45:00,528.9
2023-08-08 09:00:00,528.9
2023-08-08 09:15:00,528.9
2023-08-08 09:30:00,528.9
2023-08-08 09:45:00,528.9
2023-08-08 10:00:00,528.9
2023-08-08 10:15:00,528.9
2023-08-08 10:30:00,528.9
2023-08-08 10:45:00,528.9
2023-08-08 11:00:00,528.9
2023-08-08 11:15:00,528.9
2023-08-08 11:30:00,528.9
2023-08-08 11:45:00,528.9
2023-08-08 12:00:00,528.9
2023-08-08 12:15:00,528.9
2023-08-08 12:30:00,528.9
2023-08-08 12:45:00,528.9
2023-08-08 13:00:00,528.9
2023-08-08 13:15:00,528.9
2023-08-08 13:30:00,528.9
2023-08-08 13:45:00,528.9
2023-08-08 14:00:00,528.9
2023-08-08 14:15:00,528.9
2023-08-08 14:30:00,528.9
2023-08-08 14:45:00,528.9
2023-08-08 15:00:00,528.9
2023-08-08 15:15:00,525.58
2023-08-08 15:30:00,516.06
2023-08-08 15:45:00,499.78
2023-08-08 16:00:00,479.1
2023-08-08 16:15:00,454.62
2023-08-08 16:30:00,425.37
2023-08-08 16:45:00,390.76
2023-08-08 17:00:00,349.52
2023-08-08 17:15:00,274.86
2023-08-08 17:30:00,188.36
2023-08-08 17:45:00,112.48
2023-08-08 18:00:00,49.0
2023-08-08 18:15:00,6.44
2023-08-08 18:30:00,-0.0
2023-08-08 18:45:00,-0.0
2023-08-08 19:00:00,-0.0
2023-08-08 19:15:00,-0.0
2023-08-08 19:30:00,-0.0
2023-08-08 19:45:00,-0.0
2023-08-08 20:00:00,-0.0
2023-08-08 20:15:00,-0.0
2023-08-08 20:30:00,-0.0
2023-08-08 20:45:00,-0.0
2023-08-08 21:00:00,-0.0
2023-08-08 21:15:00,-0.0
2023-08-08 21:30:00,-0.0
2023-08-08 21:45:00,-0.0
2023-08-08 22:00:00,-0.0
2023-08-08 22:15:00,-0.0
2023-08-08 22:30:00,-0.0
2023-08-08 22:45:00,-0.0
2023-08-08 23:00:00,-0.0
2023-08-08 23:15:00,-0.0
2023-08-08 23:30:00,-0.0
2023-08-08 23:45:00,-0.0
2023-08-09 00:00:00,-0.0
2023-08-09 00:15:00,-0.0
2023-08-09 00:30:00,-0.0
2023-08-09 00:45:00,-0.0
2023-08-09 01:00:00,-0.0
2023-08-09 01:15:00,-0.0
2023-08-09 01:30:00,-0.0
2023-08-09 01:45:00,-0.0
2023-08-09 02:00:00,-0.0
2023-08-09 02:15:00,-0.0
2023-08-09 02:30:00,-0.0
2023-08-09 02:45:00,-0.0
2023-08-09 03:00:00,-0.0
2023-08-09 03:15:00,-0.0
2023-08-09 03:30:00,-0.0
2023-08-09 03:45:00,-0.0
2023-08-09 04:00:00,-0.0
2023-08-09 04:15:00,-0.0
2023-08-09 04:30:00,-0.0
2023-08-09 04:45:00,-0.0
2023-08-09 05:00:00,-0.0
2023-08-09 05:15:00,6.79
2023-08-09 05:30:00,27.26
2023-08-09 05:45:00,71.72
2023-08-09 06:00:00,126.83
2023-08-09 06:15:00,190.28
2023-08-09 06:30:00,260.51
2023-08-09 06:45:00,325.19
2023-08-09 07:00:00,363.02
2023-08-09 07:15:00,395.9
2023-08-09 07:30:00,424.7
2023-08-09 07:45:00,449.45
2023-08-09 08:00:00,470.46
2023-08-09 08:15:00,487.78
2023-08-09 08:30:00,504.67
2023-08-09 08:45:00,515.15
2023-08-09 09:00:00,522.15
2023-08-09 09:15:00,528.61
2023-08-09 09:30:00,528.9
2023-08-09 09:45:00,528.9
2023-08-09 10:00:00,528.9
2023-08-09 10:15:00,528.9
2023-08-09 10:30:00,528.9
2023-08-09 10:45:00,528.9
2023-08-09 11:00:00,528.9
2023-08-09 11:15:00,528.9
2023-08-09 11:30:00,528.9
2023-08-09 11:45:00,528.9
2023-08-09 12:00:00,528.9
2023-08-09 12:15:00,528.9
2023-08-09 12:30:00,528.9
2023-08-09 12:45:00,528.9
2023-08-09 13:00:00,528.9
2023-08-09 13:15:00,528.9
2023-08-09 13:30:00,528.9
2023-08-09 13:45:00,527.57
2023-08-09 14:00:00,521.76
2023-08-09 14:15:00,516.65
2023-08-09 14:30:00,509.77
2023-08-09 14:45:00,500.55
2023-08-09 15:00:00,485.89
2023-08-09 15:15:00,470.74
2023-08-09 15:30:00,451.74
2023-08-09 15:45:00,428.72
2023-08-09 16:00:00,401.49
2023-08-09 16:15:00,369.71
2023-08-09 16:30:00,333.41
2023-08-09 16:45:00,282.53
2023-08-09 17:00:00,237.25
2023-08-09 17:15:00,173.51
2023-08-09 17:30:00,105.56
2023-08-09 17:45:00,56.76
2023-08-09 18:00:00,20.8
2023-08-09 18:15:00,4.07
2023-08-09 18:30:00,-0.0
2023-08-09 18:45:00,-0.0
2023-08-09 19:00:00,-0.0
2023-08-09 19:15:00,-0.0
2023-08-09 19:30:00,-0.0
2023-08-09 19:45:00,-0.0
2023-08-09 20:00:00,-0.0
2023-08-09 20:15:00,-0.0
2023-08-09 20:30:00,-0.0
2023-08-09 20:45:00,-0.0
2023-08-09 21:00:00,-0.0
2023-08-09 21:15:00,-0.0
2023-08-09 21:30:00,-0.0
2023-08-09 21:45:00,-0.0
2023-08-09 22:00:00,-0.0
2023-08-09 22:15:00,-0.0
2023-08-09 22:30:00,-0.0
2023-08-09 22:45:00,-0.0
2023-08-09 23:00:00,-0.0
2023-08-09 23:15:00,-0.0
2023-08-09 23:30:00,-0.0
2023-08-09 23:45:00,-0.0
2023-08-10 00:00:00,-0.0
2023-08-10 00:15:00,-0.0
2023-08-10 00:30:00,-0.0
2023-08-10 00:45:00,-0.0
2023-08-10 01:00:00,-0.0
2023-08-10 01:15:00,-0.0
2023-08-10 01:30:00,-0.0
2023-08-10 01:45:00,-0.0
2023-08-10 02:00:00,-0.0
2023-08-10 02:15:00,-0.0
2023-08-10 02:30:00,-0.0
2023-08-10 02:45:00,-0.0
2023-08-10 03:00:00,-0.0
2023-08-10 03:15:00,-0.0
2023-08-10 03:30:00,-0.0
2023-08-10 03:45:00,-0.0
2023-08-10 04:00:00,-0.0
2023-08-10 04:15:00,-0.0
2023-08-10 04:30:00,-0.0
2023-08-10 04:45:00,-0.0
2023-08-10 05:00:00,-0.0
2023-08-10 05:15:00,6.8
2023-08-10 05:30:00,31.0
2023-08-10 05:45:00,87.82
2023-08-10 06:00:00,157.8
2023-08-10 06:15:00,235.76
2023-08-10 06:30:00,320.41
2023-08-10 06:45:00,388.2
2023-08-10 07:00:00,427.34
2023-08-10 07:15:00,460.15
2023-08-10 07:30:00,488.13
2023-08-10 07:45:00,511.41
2023-08-10 08:00:00,528.9
2023-08-10 08:15:00,528.9
2023-08-10 08:30:00,528.9
2023-08-10 08:45:00,528.9
2023-08-10 09:00:00,528.9
2023-08-10 09:15:00,528.9
2023-08-10 09:30:00,528.9
2023-08-10 09:45:00,528.9
2023-08-10 10:00:00,528.9
2023-08-10 10:15:00,528.9
2023-08-10 10:30:00,528.9
2023-08-10 10:45:00,528.9
2023-08-10 11:00:00,528.9
2023-08-10 11:15:00,528.9
2023-08-10 11:30:00,528.9
2023-08-10 11:45:00,528.9
2023-08-10 12:00:00,528.9
2023-08-10 12:15:00,528.9
2023-08-10 12:30:00,528.9
2023-08-10 12:45:00,528.9
2023-08-10 13:00:00,528.9
2023-08-10 13:15:00,528.9
2023-08-10 13:30:00,528.9
2023-08-10 13:45:00,528.9
2023-08-10 14:00:00,528.9
2023-08-10 14:15:00,528.9
2023-08-10 14:30:00,526.09
2023-08-10 14:45:00,517.11
2023-08-10 15:00:00,506.33
2023-08-10 15:15:00,492.83
2023-08-10 15:30:00,475.46
2023-08-10 15:45:00,450.57
2023-08-10 16:00:00,426.13
2023-08-10 16:15:00,396.43
2023-08-10 16:30:00,361.79
2023-08-10 16:45:00,322.23
2023-08-10 17:00:00,276.62
2023-08-10 17:15:00,196.45
2023-08-10 17:30:00,127.39
2023-08-10 17:45:00,65.32
2023-08-10 18:00:00,24.95
2023-08-10 18:15:00,3.77
2023-08-10 18:30:00,-0.0
2023-08-10 18:45:00,-0.0
2023-08-10 19:00:00,-0.0
2023-08-10 19:15:00,-0.0
2023-08-10 19:30:00,-0.0
2023-08-10 19:45:00,-0.0
2023-08-10 20:00:00,-0.0
2023-08-10 20:15:00,-0.0
2023-08-10 20:30:00,-0.0
2023-08-10 20:45:00,-0.0
2023-08-10 21:00:00,-0.0
2023-08-10 21:15:00,-0.0
2023-08-10 21:30:00,-0.0
2023-08-10 21:45:00,-0.0
2023-08-10 22:00:00,-0.0
2023-08-10 22:15:00,-0.0
2023-08-10 22:30:00,-0.0
2023-08-10 22:45:00,-0.0
2023-08-10 23:00:00,-0.0
2023-08-10 23:15:00,-0.0
2023-08-10 23:30:00,-0.0
2023-08-10 23:45:00,-0.0
2023-08-11 00:00:00,-0.0
2023-08-11 00:15:00,-0.0
2023-08-11 00:30:00,-0.0
2023-08-11 00:45:00,-0.0
2023-08-11 01:00:00,-0.0
2023-08-11 01:15:00,-0.0
2023-08-11 01:30:00,-0.0
2023-08-11 01:45:00,-0.0
2023-08-11 02:00:00,-0.0
2023-08-11 02:15:00,-0.0
2023-08-11 02:30:00,-0.0
2023-08-11 02:45:00,-0.0
2023-08-11 03:00:00,-0.0
2023-08-11 03:15:00,-0.0
2023-08-11 03:30:00,-0.0
2023-08-11 03:45:00,-0.0
2023-08-11 04:00:00,-0.0
2023-08-11 04:15:00,-0.0
2023-08-11 04:30:00,-0.0
2023-08-11 04:45:00,-0.0
2023-08-11 05:00:00,-0.0
2023-08-11 05:15:00,5.82
2023-08-11 05:30:00,21.72
2023-08-11 05:45:00,62.36
2023-08-11 06:00:00,115.87
2023-08-11 06:15:00,177.04
2023-08-11 06:30:00,245.56
2023-08-11 06:45:00,304.09
2023-08-11 07:00:00,351.5
2023-08-11 07:15:00,385.88
2023-08-11 07:30:00,416.03
2023-08-11 07:45:00,442.04
2023-08-11 08:00:00,463.75
2023-08-11 08:15:00,481.9
2023-08-11 08:30:00,496.57
2023-08-11 08:45:00,510.36
2023-08-11 09:00:00,517.26
2023-08-11 09:15:00,523.93
2023-08-11 09:30:00,528.13
2023-08-11 09:45:00,528.9
2023-08-11 10:00:00,528.9
2023-08-11 10:15:00,528.9
2023-08-11 10:30:00,528.9
2023-08-11 10:45:00,528.9
2023-08-11 11:00:00,528.9
2023-08-11 11:15:00,528.9
2023-08-11 11:30:00,528.49
2023-08-11 11:45:00,526.86
2023-08-11 12:00:00,527.48
2023-08-11 12:15:00,528.31
2023-08-11 12:30:00,528.9
2023-08-11 12:45:00,528.9
2023-08-11 13:00:00,528.9
2023-08-11 13:15:00,528.9
2023-08-11 13:30:00,528.73
2023-08-11 13:45:00,526.27
2023-08-11 14:00:00,521.68
2023-08-11 14:15:00,517.04
2023-08-11 14:30:00,510.72
2023-08-11 14:45:00,501.91
2023-08-11 15:00:00,491.36
2023-08-11 15:15:00,473.83
2023-08-11 15:30:00,456.01
2023-08-11 15:45:00,434.39
2023-08-11 16:00:00,408.05
2023-08-11 16:15:00,378.18
2023-08-11 16:30:00,343.55
2023-08-11 16:45:00,304.34
2023-08-11 17:00:00,249.72
2023-08-11 17:15:00,181.53
2023-08-11 17:30:00,116.62
2023-08-11 17:45:00,58.81
2023-08-11 18:00:00,20.44
2023-08-11 18:15:00,3.3
2023-08-11 18:30:00,-0.0
2023-08-11 18:45:00,-0.0
2023-08-11 19:00:00,-0.0
2023-08-11 19:15:00,-0.0
2023-08-11 19:30:00,-0.0
2023-08-11 19:45:00,-0.0
2023-08-11 20:00:00,-0.0
2023-08-11 20:15:00,-0.0
2023-08-11 20:30:00,-0.0
2023-08-11 20:45:00,-0.0
2023-08-11 21:00:00,-0.0
2023-08-11 21:15:00,-0.0
2023-08-11 21:30:00,-0.0
2023-08-11 21:45:00,-0.0
2023-08-11 22:00:00,-0.0
2023-08-11 22:15:00,-0.0
2023-08-11 22:30:00,-0.0
2023-08-11 22:45:00,-0.0
2023-08-11 23:00:00,-0.0
2023-08-11 23:15:00,-0.0
2023-08-11 23:30:00,-0.0
2023-08-11 23:45:00,-0.0
2023-08-12 00:00:00,-0.0
2023-08-12 00:15:00,-0.0
2023-08-12 00:30:00,-0.0
2023-08-12 00:45:00,-0.0
2023-08-12 01:00:00,-0.0
2023-08-12 01:15:00,-0.0
2023-08-12 01:30:00,-0.0
2023-08-12 01:45:00,-0.0
2023-08-12 02:00:00,-0.0
2023-08-12 02:15:00,-0.0
2023-08-12 02:30:00,-0.0
2023-08-12 02:45:00,-0.0
2023-08-12 03:00:00,-0.0
2023-08-12 03:15:00,-0.0
2023-08-12 03:30:00,-0.0
2023-08-12 03:45:00,-0.0
2023-08-12 04:00:00,-0.0
2023-08-12 04:15:00,-0.0
2023-08-12 04:30:00,-0.0
2023-08-12 04:45:00,-0.0
2023-08-12 05:00:00,-0.0
2023-08-12 05:15:00,5.54
2023-08-12 05:30:00,21.1
2023-08-12 05:45:00,62.26
2023-08-12 06:00:00,117.12
2023-08-12 06:15:00,179.58
2023-08-12 06:30:00,249.52
2023-08-12 06:45:00,318.59
2023-08-12 07:00:00,358.54
2023-08-12 07:15:00,393.19
2023-08-12 07:30:00,423.54
2023-08-12 07:45:00,449.68
2023-08-12 08:00:00,471.78
2023-08-12 08:15:00,490.03
2023-08-12 08:30:00,507.91
2023-08-12 08:45:00,519.31
2023-08-12 09:00:00,526.96
2023-08-12 09:15:00,528.9
2023-08-12 09:30:00,528.9
2023-08-12 09:45:00,528.9
2023-08-12 10:00:00,528.9
2023-08-12 10:15:00,528.9
2023-08-12 10:30:00,528.9
2023-08-12 10:45:00,528.9
2023-08-12 11:00:00,528.9
2023-08-12 11:15:00,528.9
2023-08-12 11:30:00,528.9
2023-08-12 11:45:00,528.9
2023-08-12 12:00:00,528.9
2023-08-12 12:15:00,528.9
2023-08-12 12:30:00,528.9
2023-08-12 12:45:00,528.9
2023-08-12 13:00:00,528.9
2023-08-12 13:15:00,528.9
2023-08-12 13:30:00,528.9
2023-08-12 13:45:00,528.9
2023-08-12 14:00:00,528.9
2023-08-12 14:15:00,528.9
2023-08-12 14:30:00,528.9
2023-08-12 14:45:00,528.9
2023-08-12 15:00:00,527.79
2023-08-12 15:15:00,516.38
2023-08-12 15:30:00,501.14
2023-08-12 15:45:00,481.95
2023-08-12 16:00:00,458.65
2023-08-12 16:15:00,430.5
2023-08-12 16:30:00,397.18
2023-08-12 16:45:00,354.79
2023-08-12 17:00:00,309.92
2023-08-12 17:15:00,228.79
2023-08-12 17:30:00,150.73
2023-08-12 17:45:00,78.15
2023-08-12 18:00:00,28.79
2023-08-12 18:15:00,3.05
2023-08-12 18:30:00,-0.0
2023-08-12 18:45:00,-0.0
2023-08-12 19:00:00,-0.0
2023-08-12 19:15:00,-0.0
2023-08-12 19:30:00,-0.0
2023-08-12 19:45:00,-0.0
2023-08-12 20:00:00,-0.0
2023-08-12 20:15:00,-0.0
2023-08-12 20:30:00,-0.0
2023-08-12 20:45:00,-0.0
2023-08-12 21:00:00,-0.0
2023-08-12 21:15:00,-0.0
2023-08-12 21:30:00,-0.0
2023-08-12 21:45:00,-0.0
2023-08-12 22:00:00,-0.0
2023-08-12 22:15:00,-0.0
2023-08-12 22:30:00,-0.0
2023-08-12 22:45:00,-0.0
2023-08-12 23:00:00,-0.0
2023-08-12 23:15:00,-0.0
2023-08-12 23:30:00,-0.0
2023-08-12 23:45:00,-0.0
2023-08-13 00:00:00,-0.0
2023-08-13 00:15:00,-0.0
2023-08-13 00:30:00,-0.0
2023-08-13 00:45:00,-0.0
2023-08-13 01:00:00,-0.0
2023-08-13 01:15:00,-0.0
2023-08-13 01:30:00,-0.0
2023-08-13 01:45:00,-0.0
2023-08-13 02:00:00,-0.0
2023-08-13 02:15:00,-0.0
2023-08-13 02:30:00,-0.0
2023-08-13 02:45:00,-0.0
2023-08-13 03:00:00,-0.0
2023-08-13 03:15:00,-0.0
2023-08-13 03:30:00,-0.0
2023-08-13 03:45:00,-0.0
2023-08-13 04:00:00,-0.0
2023-08-13 04:15:00,-0.0
2023-08-13 04:30:00,-0.0
2023-08-13 04:45:00,-0.0
2023-08-13 05:00:00,-0.0
2023-08-13 05:15:00,5.4
2023-08-13 05:30:00,21.44
2023-08-13 05:45:00,69.46
2023-08-13 06:00:00,127.18
2023-08-13 06:15:00,197.82
2023-08-13 06:30:00,272.55
2023-08-13 06:45:00,336.89
2023-08-13 07:00:00,374.01
2023-08-13 07:15:00,405.77
2023-08-13 07:30:00,433.46
2023-08-13 07:45:00,457.02
2023-08-13 08:00:00,480.3
2023-08-13 08:15:00,496.93
2023-08-13 08:30:00,510.09
2023-08-13 08:45:00,519.67
2023-08-13 09:00:00,525.65
2023-08-13 09:15:00,528.9
2023-08-13 09:30:00,528.9
2023-08-13 09:45:00,528.9
2023-08-13 10:00:00,528.9
2023-08-13 10:15:00,528.9
2023-08-13 10:30:00,528.9
2023-08-13 10:45:00,528.9
2023-08-13 11:00:00,528.9
2023-08-13 11:15:00,528.9
2023-08-13 11:30:00,528.9
2023-08-13 11:45:00,528.9
2023-08-13 12:00:00,528.9
2023-08-13 12:15:00,528.9
2023-08-13 12:30:00,528.9
2023-08-13 12:45:00,528.9
2023-08-13 13:00:00,528.9
2023-08-13 13:15:00,528.9
2023-08-13 13:30:00,528.9
2023-08-13 13:45:00,528.9
2023-08-13 14:00:00,525.8
2023-08-13 14:15:00,521.6
2023-08-13 14:30:00,515.95
2023-08-13 14:45:00,507.82
2023-08-13 15:00:00,497.75
2023-08-13 15:15:00,466.35
2023-08-13 15:30:00,263.5
2023-08-13 15:45:00,174.33
2023-08-13 16:00:00,123.4
2023-08-13 16:15:00,112.2
2023-08-13 16:30:00,182.49
2023-08-13 16:45:00,160.19
2023-08-13 17:00:00,213.16
2023-08-13 17:15:00,92.12
2023-08-13 17:30:00,86.96
2023-08-13 17:45:00,30.1
2023-08-13 18:00:00,9.18
2023-08-13 18:15:00,1.49
2023-08-13 18:30:00,-0.0
2023-08-13 18:45:00,-0.0
2023-08-13 19:00:00,-0.0
2023-08-13 19:15:00,-0.0
2023-08-13 19:30:00,-0.0
2023-08-13 19:45:00,-0.0
2023-08-13 20:00:00,-0.0
2023-08-13 20:15:00,-0.0
2023-08-13 20:30:00,-0.0
2023-08-13 20:45:00,-0.0
2023-08-13 21:00:00,-0.0
2023-08-13 21:15:00,-0.0
2023-08-13 21:30:00,-0.0
2023-08-13 21:45:00,-0.0
2023-08-13 22:00:00,-0.0
2023-08-13 22:15:00,-0.0
2023-08-13 22:30:00,-0.0
2023-08-13 22:45:00,-0.0
2023-08-13 23:00:00,-0.0
2023-08-13 23:15:00,-0.0
2023-08-13 23:30:00,-0.0
2023-08-13 23:45:00,-0.0
2023-08-14 00:00:00,-0.0
2023-08-14 00:15:00,-0.0
2023-08-14 00:30:00,-0.0
2023-08-14 00:45:00,-0.0
2023-08-14 01:00:00,-0.0
2023-08-14 01:15:00,-0.0
2023-08-14 01:30:00,-0.0
2023-08-14 01:45:00,-0.0
2023-08-14 02:00:00,-0.0
2023-08-14 02:15:00,-0.0
2023-08-14 02:30:00,-0.0
2023-08-14 02:45:00,-0.0
2023-08-14 03:00:00,-0.0
2023-08-14 03:15:00,-0.0
2023-08-14 03:30:00,-0.0
2023-08-14 03:45:00,-0.0
2023-08-14 04:00:00,-0.0
2023-08-14 04:15:00,-0.0
2023-08-14 04:30:00,-0.0
2023-08-14 04:45:00,-0.0
2023-08-14 05:00:00,-0.0
2023-08-14 05:15:00,4.86
2023-08-14 05:30:00,19.34
2023-08-14 05:45:00,63.29
2023-08-14 06:00:00,117.58
2023-08-14 06:15:00,181.61
2023-08-14 06:30:00,259.55
2023-08-14 06:45:00,326.05
2023-08-14 07:00:00,365.27
2023-08-14 07:15:00,399.06
2023-08-14 07:30:00,428.52
2023-08-14 07:45:00,453.66
2023-08-14 08:00:00,478.21
2023-08-14 08:15:00,496.09
2023-08-14 08:30:00,510.33
2023-08-14 08:45:00,520.79
2023-08-14 09:00:00,526.99
2023-08-14 09:15:00,528.9
2023-08-14 09:30:00,528.9
2023-08-14 09:45:00,528.9
2023-08-14 10:00:00,528.9
2023-08-14 10:15:00,528.9
2023-08-14 10:30:00,528.9
2023-08-14 10:45:00,528.9
2023-08-14 11:00:00,528.9
2023-08-14 11:15:00,528.9
2023-08-14 11:30:00,528.9
2023-08-14 11:45:00,528.9
2023-08-14 12:00:00,528.9
2023-08-14 12:15:00,528.9
2023-08-14 12:30:00,528.9
2023-08-14 12:45:00,528.9
2023-08-14 13:00:00,528.9
2023-08-14 13:15:00,528.9
2023-08-14 13:30:00,528.9
2023-08-14 13:45:00,528.9
2023-08-14 14:00:00,528.9
2023-08-14 14:15:00,528.9
2023-08-14 14:30:00,525.77
2023-08-14 14:45:00,519.45
2023-08-14 15:00:00,511.32
2023-08-14 15:15:00,498.43
2023-08-14 15:30:00,481.91
2023-08-14 15:45:00,461.2
2023-08-14 16:00:00,436.23
2023-08-14 16:15:00,402.49
2023-08-14 16:30:00,368.61
2023-08-14 16:45:00,328.71
2023-08-14 17:00:00,281.34
2023-08-14 17:15:00,200.78
2023-08-14 17:30:00,122.05
2023-08-14 17:45:00,62.72
2023-08-14 18:00:00,19.68
2023-08-14 18:15:00,1.99
2023-08-14 18:30:00,-0.0
2023-08-14 18:45:00,-0.0
2023-08-14 19:00:00,-0.0
2023-08-14 19:15:00,-0.0
2023-08-14 19:30:00,-0.0
2023-08-14 19:45:00,-0.0
2023-08-14 20:00:00,-0.0
2023-08-14 20:15:00,-0.0
2023-08-14 20:30:00,-0.0
2023-08-14 20:45:00,-0.0
2023-08-14 21:00:00,-0.0
2023-08-14 21:15:00,-0.0
2023-08-14 21:30:00,-0.0
2023-08-14 21:45:00,-0.0
2023-08-14 22:00:00,-0.0
2023-08-14 22:15:00,-0.0
2023-08-14 22:30:00,-0.0
2023-08-14 22:45:00,-0.0
2023-08-14 23:00:00,-0.0
2023-08-14 23:15:00,-0.0
2023-08-14 23:30:00,-0.0
2023-08-14 23:45:00,-0.0
2023-08-15 00:00:00,-0.0
2023-08-15 00:15:00,-0.0
2023-08-15 00:30:00,-0.0
2023-08-15 00:45:00,-0.0
2023-08-15 01:00:00,-0.0
2023-08-15 01:15:00,-0.0
2023-08-15 01:30:00,-0.0
2023-08-15 01:45:00,-0.0
2023-08-15 02:00:00,-0.0
2023-08-15 02:15:00,-0.0
2023-08-15 02:30:00,-0.0
2023-08-15 02:45:00,-0.0
2023-08-15 03:00:00,-0.0
2023-08-15 03:15:00,-0.0
2023-08-15 03:30:00,-0.0
2023-08-15 03:45:00,-0.0
2023-08-15 04:00:00,-0.0
2023-08-15 04:15:00,-0.0
2023-08-15 04:30:00,-0.0
2023-08-15 04:45:00,-0.0
2023-08-15 05:00:00,-0.0
2023-08-15 05:15:00,4.56
2023-08-15 05:30:00,18.74
2023-08-15 05:45:00,62.56
2023-08-15 06:00:00,117.53
2023-08-15 06:15:00,182.93
2023-08-15 06:30:00,262.64
2023-08-15 06:45:00,332.01
2023-08-15 07:00:00,371.73
2023-08-15 07:15:00,405.81
2023-08-15 07:30:00,435.45
2023-08-15 07:45:00,464.23
2023-08-15 08:00:00,485.86
2023-08-15 08:15:00,503.52
2023-08-15 08:30:00,517.42
2023-08-15 08:45:00,527.59
2023-08-15 09:00:00,528.9
2023-08-15 09:15:00,528.9
2023-08-15 09:30:00,528.9
2023-08-15 09:45:00,528.9
2023-08-15 10:00:00,528.9
2023-08-15 10:15:00,528.9
2023-08-15 10:30:00,528.9
2023-08-15 10:45:00,528.9
2023-08-15 11:00:00,528.9
2023-08-15 11:15:00,528.9
2023-08-15 11:30:00,528.9
2023-08-15 11:45:00,528.9
2023-08-15 12:00:00,528.9
2023-08-15 12:15:00,528.9
2023-08-15 12:30:00,528.9
2023-08-15 12:45:00,528.9
2023-08-15 13:00:00,528.9
2023-08-15 13:15:00,528.9
2023-08-15 13:30:00,528.9
2023-08-15 13:45:00,528.9
2023-08-15 14:00:00,528.9
2023-08-15 14:15:00,528.9
2023-08-15 14:30:00,528.9
2023-08-15 14:45:00,528.9
2023-08-15 15:00:00,525.21
2023-08-15 15:15:00,518.36
2023-08-15 15:30:00,504.98
2023-08-15 15:45:00,487.9
2023-08-15 16:00:00,466.84
2023-08-15 16:15:00,441.16
2023-08-15 16:30:00,410.81
2023-08-15 16:45:00,374.15
2023-08-15 17:00:00,326.23
2023-08-15 17:15:00,236.08
2023-08-15 17:30:00,155.6
2023-08-15 17:45:00,83.29
2023-08-15 18:00:00,25.7
2023-08-15 18:15:00,1.78
2023-08-15 18:30:00,-0.0
2023-08-15 18:45:00,-0.0
2023-08-15 19:00:00,-0.0
2023-08-15 19:15:00,-0.0
2023-08-15 19:30:00,-0.0
2023-08-15 19:45:00,-0.0
2023-08-15 20:00:00,-0.0
2023-08-15 20:15:00,-0.0
2023-08-15 20:30:00,-0.0
2023-08-15 20:45:00,-0.0
2023-08-15 21:00:00,-0.0
2023-08-15 21:15:00,-0.0
2023-08-15 21:30:00,-0.0
2023-08-15 21:45:00,-0.0
2023-08-15 22:00:00,-0.0
2023-08-15 22:15:00,-0.0
2023-08-15 22:30:00,-0.0
2023-08-15 22:45:00,-0.0
2023-08-15 23:00:00,-0.0
2023-08-15 23:15:00,-0.0
2023-08-15 23:30:00,-0.0
2023-08-15 23:45:00,-0.0
2023-08-16 00:00:00,-0.0
2023-08-16 00:15:00,-0.0
2023-08-16 00:30:00,-0.0
2023-08-16 00:45:00,-0.0
2023-08-16 01:00:00,-0.0
2023-08-16 01:15:00,-0.0
2023-08-16 01:30:00,-0.0
2023-08-16 01:45:00,-0.0
2023-08-16 02:00:00,-0.0
2023-08-16 02:15:00,-0.0
2023-08-16 02:30:00,-0.0
2023-08-16 02:45:00,-0.0
2023-08-16 03:00:00,-0.0
2023-08-16 03:15:00,-0.0
2023-08-16 03:30:00,-0.0
2023-08-16 03:45:00,-0.0
2023-08-16 04:00:00,-0.0
2023-08-16 04:15:00,-0.0
2023-08-16 04:30:00,-0.0
2023-08-16 04:45:00,-0.0
2023-08-16 05:00:00,-0.0
2023-08-16 05:15:00,4.22
2023-08-16 05:30:00,18.72
2023-08-16 05:45:00,65.06
2023-08-16 06:00:00,123.36
2023-08-16 06:15:00,196.25
2023-08-16 06:30:00,273.21
2023-08-16 06:45:00,344.17
2023-08-16 07:00:00,381.21
2023-08-16 07:15:00,412.95
2023-08-16 07:30:00,443.71
2023-08-16 07:45:00,467.54
2023-08-16 08:00:00,487.17
2023-08-16 08:15:00,502.89
2023-08-16 08:30:00,515.0
2023-08-16 08:45:00,523.92
2023-08-16 09:00:00,528.9
2023-08-16 09:15:00,528.9
2023-08-16 09:30:00,528.9
2023-08-16 09:45:00,528.9
2023-08-16 10:00:00,528.9
2023-08-16 10:15:00,528.9
2023-08-16 10:30:00,528.9
2023-08-16 10:45:00,528.9
2023-08-16 11:00:00,528.9
2023-08-16 11:15:00,528.9
2023-08-16 11:30:00,528.9
2023-08-16 11:45:00,528.9
2023-08-16 12:00:00,528.9
2023-08-16 12:15:00,528.9
2023-08-16 12:30:00,528.9
2023-08-16 12:45:00,528.9
2023-08-16 13:00:00,528.9
2023-08-16 13:15:00,528.9
2023-08-16 13:30:00,528.9
2023-08-16 13:45:00,528.9
2023-08-16 14:00:00,528.9
2023-08-16 14:15:00,528.1
2023-08-16 14:30:00,525.4
2023-08-16 14:45:00,520.78
2023-08-16 15:00:00,515.72
2023-08-16 15:15:00,505.9
2023-08-16 15:30:00,492.48
2023-08-16 15:45:00,475.52
2023-08-16 16:00:00,454.35
2023-08-16 16:15:00,428.75
2023-08-16 16:30:00,398.37
2023-08-16 16:45:00,361.5
2023-08-16 17:00:00,307.47
2023-08-16 17:15:00,223.57
2023-08-16 17:30:00,145.13
2023-08-16 17:45:00,75.54
2023-08-16 18:00:00,21.48
2023-08-16 18:15:00,1.35
2023-08-16 18:30:00,-0.0
2023-08-16 18:45:00,-0.0
2023-08-16 19:00:00,-0.0
2023-08-16 19:15:00,-0.0
2023-08-16 19:30:00,-0.0
2023-08-16 19:45:00,-0.0
2023-08-16 20:00:00,-0.0
2023-08-16 20:15:00,-0.0
2023-08-16 20:30:00,-0.0
2023-08-16 20:45:00,-0.0
2023-08-16 21:00:00,-0.0
2023-08-16 21:15:00,-0.0
2023-08-16 21:30:00,-0.0
2023-08-16 21:45:00,-0.0
2023-08-16 22:00:00,-0.0
2023-08-16 22:15:00,-0.0
2023-08-16 22:30:00,-0.0
2023-08-16 22:45:00,-0.0
2023-08-16 23:00:00,-0.0
2023-08-16 23:15:00,-0.0
2023-08-16 23:30:00,-0.0
2023-08-16 23:45:00,-0.0
2023-08-17 00:00:00,-0.0
2023-08-17 00:15:00,-0.0
2023-08-17 00:30:00,-0.0
2023-08-17 00:45:00,-0.0
2023-08-17 01:00:00,-0.0
2023-08-17 01:15:00,-0.0
2023-08-17 01:30:00,-0.0
2023-08-17 01:45:00,-0.0
2023-08-17 02:00:00,-0.0
2023-08-17 02:15:00,-0.0
2023-08-17 02:30:00,-0.0
2023-08-17 02:45:00,-0.0
2023-08-17 03:00:00,-0.0
2023-08-17 03:15:00,-0.0
2023-08-17 03:30:00,-0.0
2023-08-17 03:45:00,-0.0
2023-08-17 04:00:00,-0.0
2023-08-17 04:15:00,-0.0
2023-08-17 04:30:00,-0.0
2023-08-17 04:45:00,-0.0
2023-08-17 05:00:00,-0.0
2023-08-17 05:15:00,3.27
2023-08-17 05:30:00,14.04
2023-08-17 05:45:00,48.12
2023-08-17 06:00:00,109.23
2023-08-17 06:15:00,178.32
2023-08-17 06:30:00,255.99
2023-08-17 06:45:00,326.26
2023-08-17 07:00:00,364.54
2023-08-17 07:15:00,397.41
2023-08-17 07:30:00,426.1
2023-08-17 07:45:00,450.53
2023-08-17 08:00:00,470.62
2023-08-17 08:15:00,479.83
2023-08-17 08:30:00,393.85
2023-08-17 08:45:00,481.78
2023-08-17 09:00:00,519.99
2023-08-17 09:15:00,525.36
2023-08-17 09:30:00,528.4
2023-08-17 09:45:00,528.9
2023-08-17 10:00:00,528.9
2023-08-17 10:15:00,528.9
2023-08-17 10:30:00,528.9
2023-08-17 10:45:00,528.75
2023-08-17 11:00:00,523.65
2023-08-17 11:15:00,522.52
2023-08-17 11:30:00,520.54
2023-08-17 11:45:00,518.79
2023-08-17 12:00:00,510.26
2023-08-17 12:15:00,510.12
2023-08-17 12:30:00,511.55
2023-08-17 12:45:00,501.98
2023-08-17 13:00:00,380.06
2023-08-17 13:15:00,466.56
2023-08-17 13:30:00,500.09
2023-08-17 13:45:00,497.53
2023-08-17 14:00:00,493.42
2023-08-17 14:15:00,502.47
2023-08-17 14:30:00,495.99
2023-08-17 14:45:00,486.84
2023-08-17 15:00:00,478.41
2023-08-17 15:15:00,459.58
2023-08-17 15:30:00,418.33
2023-08-17 15:45:00,110.29
2023-08-17 16:00:00,15.6
2023-08-17 16:15:00,14.03
2023-08-17 16:30:00,12.44
2023-08-17 16:45:00,10.51
2023-08-17 17:00:00,8.48
2023-08-17 17:15:00,6.78
2023-08-17 17:30:00,5.07
2023-08-17 17:45:00,3.29
2023-08-17 18:00:00,1.28
2023-08-17 18:15:00,-0.0
2023-08-17 18:30:00,-0.0
2023-08-17 18:45:00,-0.0
2023-08-17 19:00:00,-0.0
2023-08-17 19:15:00,-0.0
2023-08-17 19:30:00,-0.0
2023-08-17 19:45:00,-0.0
2023-08-17 20:00:00,-0.0
2023-08-17 20:15:00,-0.0
2023-08-17 20:30:00,-0.0
2023-08-17 20:45:00,-0.0
2023-08-17 21:00:00,-0.0
2023-08-17 21:15:00,-0.0
2023-08-17 21:30:00,-0.0
2023-08-17 21:45:00,-0.0
2023-08-17 22:00:00,-0.0
2023-08-17 22:15:00,-0.0
2023-08-17 22:30:00,-0.0
2023-08-17 22:45:00,-0.0
2023-08-17 23:00:00,-0.0
2023-08-17 23:15:00,-0.0
2023-08-17 23:30:00,-0.0
2023-08-17 23:45:00,-0.0
2023-08-18 00:00:00,-0.0
2023-08-18 00:15:00,-0.0
2023-08-18 00:30:00,-0.0
2023-08-18 00:45:00,-0.0
2023-08-18 01:00:00,-0.0
2023-08-18 01:15:00,-0.0
2023-08-18 01:30:00,-0.0
2023-08-18 01:45:00,-0.0
2023-08-18 02:00:00,-0.0
2023-08-18 02:15:00,-0.0
2023-08-18 02:30:00,-0.0
2023-08-18 02:45:00,-0.0
2023-08-18 03:00:00,-0.0
2023-08-18 03:15:00,-0.0
2023-08-18 03:30:00,-0.0
2023-08-18 03:45:00,-0.0
2023-08-18 04:00:00,-0.0
2023-08-18 04:15:00,-0.0
2023-08-18 04:30:00,-0.0
2023-08-18 04:45:00,-0.0
2023-08-18 05:00:00,-0.0
2023-08-18 05:15:00,3.41
2023-08-18 05:30:00,15.98
2023-08-18 05:45:00,56.85
2023-08-18 06:00:00,109.59
2023-08-18 06:15:00,172.42
2023-08-18 06:30:00,248.22
2023-08-18 06:45:00,318.81
2023-08-18 07:00:00,357.0
2023-08-18 07:15:00,389.99
2023-08-18 07:30:00,418.78
2023-08-18 07:45:00,443.39
2023-08-18 08:00:00,463.35
2023-08-18 08:15:00,480.4
2023-08-18 08:30:00,497.3
2023-08-18 08:45:00,498.98
2023-08-18 09:00:00,388.43
2023-08-18 09:15:00,347.8
2023-08-18 09:30:00,362.62
2023-08-18 09:45:00,490.17
2023-08-18 10:00:00,523.19
2023-08-18 10:15:00,523.68
2023-08-18 10:30:00,523.65
2023-08-18 10:45:00,522.18
2023-08-18 11:00:00,513.67
2023-08-18 11:15:00,512.76
2023-08-18 11:30:00,510.93
2023-08-18 11:45:00,509.28
2023-08-18 12:00:00,512.38
2023-08-18 12:15:00,512.83
2023-08-18 12:30:00,514.83
2023-08-18 12:45:00,515.33
2023-08-18 13:00:00,518.54
2023-08-18 13:15:00,519.1
2023-08-18 13:30:00,518.59
2023-08-18 13:45:00,516.79
2023-08-18 14:00:00,514.65
2023-08-18 14:15:00,511.16
2023-08-18 14:30:00,506.59
2023-08-18 14:45:00,499.4
2023-08-18 15:00:00,490.59
2023-08-18 15:15:00,477.27
2023-08-18 15:30:00,460.02
2023-08-18 15:45:00,435.06
2023-08-18 16:00:00,410.14
2023-08-18 16:15:00,380.49
2023-08-18 16:30:00,346.12
2023-08-18 16:45:00,305.84
2023-08-18 17:00:00,249.9
2023-08-18 17:15:00,166.54
2023-08-18 17:30:00,101.03
2023-08-18 17:45:00,47.55
2023-08-18 18:00:00,11.77
2023-08-18 18:15:00,0.69
2023-08-18 18:30:00,-0.0
2023-08-18 18:45:00,-0.0
2023-08-18 19:00:00,-0.0
2023-08-18 19:15:00,-0.0
2023-08-18 19:30:00,-0.0
2023-08-18 19:45:00,-0.0
2023-08-18 20:00:00,-0.0
2023-08-18 20:15:00,-0.0
2023-08-18 20:30:00,-0.0
2023-08-18 20:45:00,-0.0
2023-08-18 21:00:00,-0.0
2023-08-18 21:15:00,-0.0
2023-08-18 21:30:00,-0.0
2023-08-18 21:45:00,-0.0
2023-08-18 22:00:00,-0.0
2023-08-18 22:15:00,-0.0
2023-08-18 22:30:00,-0.0
2023-08-18 22:45:00,-0.0
2023-08-18 23:00:00,-0.0
2023-08-18 23:15:00,-0.0
2023-08-18 23:30:00,-0.0
2023-08-18 23:45:00,-0.0
2023-08-19 00:00:00,-0.0
2023-08-19 00:15:00,-0.0
2023-08-19 00:30:00,-0.0
2023-08-19 00:45:00,-0.0
2023-08-19 01:00:00,-0.0
2023-08-19 01:15:00,-0.0
2023-08-19 01:30:00,-0.0
2023-08-19 01:45:00,-0.0
2023-08-19 02:00:00,-0.0
2023-08-19 02:15:00,-0.0
2023-08-19 02:30:00,-0.0
2023-08-19 02:45:00,-0.0
2023-08-19 03:00:00,-0.0
2023-08-19 03:15:00,-0.0
2023-08-19 03:30:00,-0.0
2023-08-19 03:45:00,-0.0
2023-08-19 04:00:00,-0.0
2023-08-19 04:15:00,-0.0
2023-08-19 04:30:00,-0.0
2023-08-19 04:45:00,-0.0
2023-08-19 05:00:00,-0.0
2023-08-19 05:15:00,3.01
2023-08-19 05:30:00,14.31
2023-08-19 05:45:00,50.79
2023-08-19 06:00:00,102.39
2023-08-19 06:15:00,163.86
2023-08-19 06:30:00,233.17
2023-08-19 06:45:00,311.82
2023-08-19 07:00:00,352.46
2023-08-19 07:15:00,387.7
2023-08-19 07:30:00,418.38
2023-08-19 07:45:00,444.6
2023-08-19 08:00:00,466.51
2023-08-19 08:15:00,488.0
2023-08-19 08:30:00,502.77
2023-08-19 08:45:00,513.85
2023-08-19 09:00:00,520.36
2023-08-19 09:15:00,525.92
2023-08-19 09:30:00,528.9
2023-08-19 09:45:00,528.9
2023-08-19 10:00:00,528.9
2023-08-19 10:15:00,528.9
2023-08-19 10:30:00,528.9
2023-08-19 10:45:00,528.9
2023-08-19 11:00:00,528.9
2023-08-19 11:15:00,528.69
2023-08-19 11:30:00,526.82
2023-08-19 11:45:00,525.07
2023-08-19 12:00:00,524.53
2023-08-19 12:15:00,524.64
2023-08-19 12:30:00,526.36
2023-08-19 12:45:00,526.53
2023-08-19 13:00:00,525.86
2023-08-19 13:15:00,525.0
2023-08-19 13:30:00,523.61
2023-08-19 13:45:00,521.54
2023-08-19 14:00:00,515.95
2023-08-19 14:15:00,502.02
2023-08-19 14:30:00,361.29
2023-08-19 14:45:00,272.02
2023-08-19 15:00:00,276.36
2023-08-19 15:15:00,286.77
2023-08-19 15:30:00,411.04
2023-08-19 15:45:00,422.82
2023-08-19 16:00:00,394.53
2023-08-19 16:15:00,361.59
2023-08-19 16:30:00,313.85
2023-08-19 16:45:00,139.47
2023-08-19 17:00:00,68.06
2023-08-19 17:15:00,69.34
2023-08-19 17:30:00,54.78
2023-08-19 17:45:00,23.99
2023-08-19 18:00:00,6.57
2023-08-19 18:15:00,-0.0
2023-08-19 18:30:00,-0.0
2023-08-19 18:45:00,-0.0
2023-08-19 19:00:00,-0.0
2023-08-19 19:15:00,-0.0
2023-08-19 19:30:00,-0.0
2023-08-19 19:45:00,-0.0
2023-08-19 20:00:00,-0.0
2023-08-19 20:15:00,-0.0
2023-08-19 20:30:00,-0.0
2023-08-19 20:45:00,-0.0
2023-08-19 21:00:00,-0.0
2023-08-19 21:15:00,-0.0
2023-08-19 21:30:00,-0.0
2023-08-19 21:45:00,-0.0
2023-08-19 22:00:00,-0.0
2023-08-19 22:15:00,-0.0
2023-08-19 22:30:00,-0.0
2023-08-19 22:45:00,-0.0
2023-08-19 23:00:00,-0.0
2023-08-19 23:15:00,-0.0
2023-08-19 23:30:00,-0.0
2023-08-19 23:45:00,-0.0
2023-08-20 00:00:00,-0.0
2023-08-20 00:15:00,-0.0
2023-08-20 00:30:00,-0.0
2023-08-20 00:45:00,-0.0
2023-08-20 01:00:00,-0.0
2023-08-20 01:15:00,-0.0
2023-08-20 01:30:00,-0.0
2023-08-20 01:45:00,-0.0
2023-08-20 02:00:00,-0.0
2023-08-20 02:15:00,-0.0
2023-08-20 02:30:00,-0.0
2023-08-20 02:45:00,-0.0
2023-08-20 03:00:00,-0.0
2023-08-20 03:15:00,-0.0
2023-08-20 03:30:00,-0.0
2023-08-20 03:45:00,-0.0
2023-08-20 04:00:00,-0.0
2023-08-20 04:15:00,-0.0
2023-08-20 04:30:00,-0.0
2023-08-20 04:45:00,-0.0
2023-08-20 05:00:00,-0.0
2023-08-20 05:15:00,2.92
2023-08-20 05:30:00,16.3
2023-08-20 05:45:00,61.53
2023-08-20 06:00:00,124.72
2023-08-20 06:15:00,197.14
2023-08-20 06:30:00,275.42
2023-08-20 06:45:00,353.73
2023-08-20 07:00:00,390.63
2023-08-20 07:15:00,424.99
2023-08-20 07:30:00,452.88
2023-08-20 07:45:00,476.22
2023-08-20 08:00:00,494.47
2023-08-20 08:15:00,509.74
2023-08-20 08:30:00,521.42
2023-08-20 08:45:00,528.9
2023-08-20 09:00:00,528.9
2023-08-20 09:15:00,528.9
2023-08-20 09:30:00,528.9
2023-08-20 09:45:00,528.9
2023-08-20 10:00:00,528.9
2023-08-20 10:15:00,528.9
2023-08-20 10:30:00,528.9
2023-08-20 10:45:00,528.9
2023-08-20 11:00:00,528.9
2023-08-20 11:15:00,528.9
2023-08-20 11:30:00,528.9
2023-08-20 11:45:00,528.9
2023-08-20 12:00:00,528.9
2023-08-20 12:15:00,528.48
2023-08-20 12:30:00,528.9
2023-08-20 12:45:00,528.9
2023-08-20 13:00:00,528.9
2023-08-20 13:15:00,528.9
2023-08-20 13:30:00,528.9
2023-08-20 13:45:00,527.9
2023-08-20 14:00:00,523.75
2023-08-20 14:15:00,519.9
2023-08-20 14:30:00,514.12
2023-08-20 14:45:00,507.33
2023-08-20 15:00:00,496.75
2023-08-20 15:15:00,482.82
2023-08-20 15:30:00,465.06
2023-08-20 15:45:00,439.22
2023-08-20 16:00:00,413.34
2023-08-20 16:15:00,382.64
2023-08-20 16:30:00,347.03
2023-08-20 16:45:00,305.12
2023-08-20 17:00:00,242.84
2023-08-20 17:15:00,159.15
2023-08-20 17:30:00,93.75
2023-08-20 17:45:00,38.44
2023-08-20 18:00:00,7.76
2023-08-20 18:15:00,-0.0
2023-08-20 18:30:00,-0.0
2023-08-20 18:45:00,-0.0
2023-08-20 19:00:00,-0.0
2023-08-20 19:15:00,-0.0
2023-08-20 19:30:00,-0.0
2023-08-20 19:45:00,-0.0
2023-08-20 20:00:00,-0.0
2023-08-20 20:15:00,-0.0
2023-08-20 20:30:00,-0.0
2023-08-20 20:45:00,-0.0
2023-08-20 21:00:00,-0.0
2023-08-20 21:15:00,-0.0
2023-08-20 21:30:00,-0.0
2023-08-20 21:45:00,-0.0
2023-08-20 22:00:00,-0.0
2023-08-20 22:15:00,-0.0
2023-08-20 22:30:00,-0.0
2023-08-20 22:45:00,-0.0
2023-08-20 23:00:00,-0.0
2023-08-20 23:15:00,-0.0
2023-08-20 23:30:00,-0.0
2023-08-20 23:45:00,-0.0
2023-08-21 00:00:00,-0.0
2023-08-21 00:15:00,-0.0
2023-08-21 00:30:00,-0.0
2023-08-21 00:45:00,-0.0
2023-08-21 01:00:00,-0.0
2023-08-21 01:15:00,-0.0
2023-08-21 01:30:00,-0.0
2023-08-21 01:45:00,-0.0
2023-08-21 02:00:00,-0.0
2023-08-21 02:15:00,-0.0
2023-08-21 02:30:00,-0.0
2023-08-21 02:45:00,-0.0
2023-08-21 03:00:00,-0.0
2023-08-21 03:15:00,-0.0
2023-08-21 03:30:00,-0.0
2023-08-21 03:45:00,-0.0
2023-08-21 04:00:00,-0.0
2023-08-21 04:15:00,-0.0
2023-08-21 04:30:00,-0.0
2023-08-21 04:45:00,-0.0
2023-08-21 05:00:00,-0.0
2023-08-21 05:15:00,2.37
2023-08-21 05:30:00,12.34
2023-08-21 05:45:00,44.42
2023-08-21 06:00:00,87.86
2023-08-21 06:15:00,147.29
2023-08-21 06:30:00,212.53
2023-08-21 06:45:00,282.15
2023-08-21 07:00:00,322.55
2023-08-21 07:15:00,367.5
2023-08-21 07:30:00,399.58
2023-08-21 07:45:00,427.23
2023-08-21 08:00:00,449.64
2023-08-21 08:15:00,468.92
2023-08-21 08:30:00,484.34
2023-08-21 08:45:00,498.8
2023-08-21 09:00:00,505.52
2023-08-21 09:15:00,511.87
2023-08-21 09:30:00,515.65
2023-08-21 09:45:00,518.57
2023-08-21 10:00:00,518.73
2023-08-21 10:15:00,519.34
2023-08-21 10:30:00,519.37
2023-08-21 10:45:00,517.94
2023-08-21 11:00:00,513.56
2023-08-21 11:15:00,512.5
2023-08-21 11:30:00,510.48
2023-08-21 11:45:00,508.71
2023-08-21 12:00:00,506.27
2023-08-21 12:15:00,506.33
2023-08-21 12:30:00,507.36
2023-08-21 12:45:00,507.95
2023-08-21 13:00:00,507.57
2023-08-21 13:15:00,506.63
2023-08-21 13:30:00,504.73
2023-08-21 13:45:00,502.16
2023-08-21 14:00:00,496.82
2023-08-21 14:15:00,491.78
2023-08-21 14:30:00,484.53
2023-08-21 14:45:00,476.25
2023-08-21 15:00:00,461.13
2023-08-21 15:15:00,447.03
2023-08-21 15:30:00,429.34
2023-08-21 15:45:00,407.85
2023-08-21 16:00:00,382.33
2023-08-21 16:15:00,352.16
2023-08-21 16:30:00,317.35
2023-08-21 16:45:00,276.72
2023-08-21 17:00:00,207.6
2023-08-21 17:15:00,139.85
2023-08-21 17:30:00,80.94
2023-08-21 17:45:00,32.2
2023-08-21 18:00:00,6.17
2023-08-21 18:15:00,-0.0
2023-08-21 18:30:00,-0.0
2023-08-21 18:45:00,-0.0
2023-08-21 19:00:00,-0.0
2023-08-21 19:15:00,-0.0
2023-08-21 19:30:00,-0.0
2023-08-21 19:45:00,-0.0
2023-08-21 20:00:00,-0.0
2023-08-21 20:15:00,-0.0
2023-08-21 20:30:00,-0.0
2023-08-21 20:45:00,-0.0
2023-08-21 21:00:00,-0.0
2023-08-21 21:15:00,-0.0
2023-08-21 21:30:00,-0.0
2023-08-21 21:45:00,-0.0
2023-08-21 22:00:00,-0.0
2023-08-21 22:15:00,-0.0
2023-08-21 22:30:00,-0.0
2023-08-21 22:45:00,-0.0
2023-08-21 23:00:00,-0.0
2023-08-21 23:15:00,-0.0
2023-08-21 23:30:00,-0.0
2023-08-21 23:45:00,-0.0
2023-08-22 00:00:00,-0.0
2023-08-22 00:15:00,-0.0
2023-08-22 00:30:00,-0.0
2023-08-22 00:45:00,-0.0
2023-08-22 01:00:00,-0.0
2023-08-22 01:15:00,-0.0
2023-08-22 01:30:00,-0.0
2023-08-22 01:45:00,-0.0
2023-08-22 02:00:00,-0.0
2023-08-22 02:15:00,-0.0
2023-08-22 02:30:00,-0.0
2023-08-22 02:45:00,-0.0
2023-08-22 03:00:00,-0.0
2023-08-22 03:15:00,-0.0
2023-08-22 03:30:00,-0.0
2023-08-22 03:45:00,-0.0
2023-08-22 04:00:00,-0.0
2023-08-22 04:15:00,-0.0
2023-08-22 04:30:00,-0.0
2023-08-22 04:45:00,-0.0
2023-08-22 05:00:00,-0.0
2023-08-22 05:15:00,2.15
2023-08-22 05:30:00,12.14
2023-08-22 05:45:00,45.03
2023-08-22 06:00:00,92.96
2023-08-22 06:15:00,151.58
2023-08-22 06:30:00,218.08
2023-08-22 06:45:00,289.69
2023-08-22 07:00:00,338.95
2023-08-22 07:15:00,375.14
2023-08-22 07:30:00,406.11
2023-08-22 07:45:00,433.07
2023-08-22 08:00:00,455.8
2023-08-22 08:15:00,474.46
2023-08-22 08:30:00,489.51
2023-08-22 08:45:00,503.89
2023-08-22 09:00:00,511.58
2023-08-22 09:15:00,518.2
2023-08-22 09:30:00,522.57
2023-08-22 09:45:00,525.7
2023-08-22 10:00:00,527.74
2023-08-22 10:15:00,528.41
2023-08-22 10:30:00,528.57
2023-08-22 10:45:00,527.23
2023-08-22 11:00:00,525.89
2023-08-22 11:15:00,525.07
2023-08-22 11:30:00,523.35
2023-08-22 11:45:00,521.88
2023-08-22 12:00:00,522.23
2023-08-22 12:15:00,522.75
2023-08-22 12:30:00,524.25
2023-08-22 12:45:00,525.47
2023-08-22 13:00:00,526.29
2023-08-22 13:15:00,525.62
2023-08-22 13:30:00,525.25
2023-08-22 13:45:00,522.84
2023-08-22 14:00:00,520.34
2023-08-22 14:15:00,516.87
2023-08-22 14:30:00,511.39
2023-08-22 14:45:00,504.84
2023-08-22 15:00:00,494.26
2023-08-22 15:15:00,479.69
2023-08-22 15:30:00,461.14
2023-08-22 15:45:00,434.27
2023-08-22 16:00:00,407.26
2023-08-22 16:15:00,375.52
2023-08-22 16:30:00,338.78
2023-08-22 16:45:00,295.75
2023-08-22 17:00:00,228.8
2023-08-22 17:15:00,147.29
2023-08-22 17:30:00,84.42
2023-08-22 17:45:00,33.25
2023-08-22 18:00:00,5.48
2023-08-22 18:15:00,-0.0
2023-08-22 18:30:00,-0.0
2023-08-22 18:45:00,-0.0
2023-08-22 19:00:00,-0.0
2023-08-22 19:15:00,-0.0
2023-08-22 19:30:00,-0.0
2023-08-22 19:45:00,-0.0
2023-08-22 20:00:00,-0.0
2023-08-22 20:15:00,-0.0
2023-08-22 20:30:00,-0.0
2023-08-22 20:45:00,-0.0
2023-08-22 21:00:00,-0.0
2023-08-22 21:15:00,-0.0
2023-08-22 21:30:00,-0.0
2023-08-22 21:45:00,-0.0
2023-08-22 22:00:00,-0.0
2023-08-22 22:15:00,-0.0
2023-08-22 22:30:00,-0.0
2023-08-22 22:45:00,-0.0
2023-08-22 23:00:00,-0.0
2023-08-22 23:15:00,-0.0
2023-08-22 23:30:00,-0.0
2023-08-22 23:45:00,-0.0
2023-08-23 00:00:00,-0.0
2023-08-23 00:15:00,-0.0
2023-08-23 00:30:00,-0.0
2023-08-23 00:45:00,-0.0
2023-08-23 01:00:00,-0.0
2023-08-23 01:15:00,-0.0
2023-08-23 01:30:00,-0.0
2023-08-23 01:45:00,-0.0
2023-08-23 02:00:00,-0.0
2023-08-23 02:15:00,-0.0
2023-08-23 02:30:00,-0.0
2023-08-23 02:45:00,-0.0
2023-08-23 03:00:00,-0.0
2023-08-23 03:15:00,-0.0
2023-08-23 03:30:00,-0.0
2023-08-23 03:45:00,-0.0
2023-08-23 04:00:00,-0.0
2023-08-23 04:15:00,-0.0
2023-08-23 04:30:00,-0.0
2023-08-23 04:45:00,-0.0
2023-08-23 05:00:00,-0.0
2023-08-23 05:15:00,2.04
2023-08-23 05:30:00,13.83
2023-08-23 05:45:00,54.82
2023-08-23 06:00:00,113.54
2023-08-23 06:15:00,182.18
2023-08-23 06:30:00,257.17
2023-08-23 06:45:00,337.49
2023-08-23 07:00:00,376.36
2023-08-23 07:15:00,399.34
2023-08-23 07:30:00,295.9
2023-08-23 07:45:00,409.8
2023-08-23 08:00:00,328.89
2023-08-23 08:15:00,324.83
2023-08-23 08:30:00,476.85
2023-08-23 08:45:00,524.63
2023-08-23 09:00:00,528.9
2023-08-23 09:15:00,528.9
2023-08-23 09:30:00,528.9
2023-08-23 09:45:00,528.9
2023-08-23 10:00:00,528.9
2023-08-23 10:15:00,528.9
2023-08-23 10:30:00,528.9
2023-08-23 10:45:00,528.9
2023-08-23 11:00:00,528.9
2023-08-23 11:15:00,528.9
2023-08-23 11:30:00,528.9
2023-08-23 11:45:00,528.9
2023-08-23 12:00:00,528.9
2023-08-23 12:15:00,528.9
2023-08-23 12:30:00,528.9
2023-08-23 12:45:00,528.9
2023-08-23 13:00:00,528.9
2023-08-23 13:15:00,528.9
2023-08-23 13:30:00,528.9
2023-08-23 13:45:00,528.9
2023-08-23 14:00:00,528.9
2023-08-23 14:15:00,528.9
2023-08-23 14:30:00,528.9
2023-08-23 14:45:00,515.86
2023-08-23 15:00:00,376.86
2023-08-23 15:15:00,465.66
2023-08-23 15:30:00,488.13
2023-08-23 15:45:00,467.79
2023-08-23 16:00:00,443.03
2023-08-23 16:15:00,413.45
2023-08-23 16:30:00,378.82
2023-08-23 16:45:00,334.27
2023-08-23 17:00:00,262.93
2023-08-23 17:15:00,182.3
2023-08-23 17:30:00,109.41
2023-08-23 17:45:00,48.61
2023-08-23 18:00:00,6.93
2023-08-23 18:15:00,-0.0
2023-08-23 18:30:00,-0.0
2023-08-23 18:45:00,-0.0
2023-08-23 19:00:00,-0.0
2023-08-23 19:15:00,-0.0
2023-08-23 19:30:00,-0.0
2023-08-23 19:45:00,-0.0
2023-08-23 20:00:00,-0.0
2023-08-23 20:15:00,-0.0
2023-08-23 20:30:00,-0.0
2023-08-23 20:45:00,-0.0
2023-08-23 21:00:00,-0.0
2023-08-23 21:15:00,-0.0
2023-08-23 21:30:00,-0.0
2023-08-23 21:45:00,-0.0
2023-08-23 22:00:00,-0.0
2023-08-23 22:15:00,-0.0
2023-08-23 22:30:00,-0.0
2023-08-23 22:45:00,-0.0
2023-08-23 23:00:00,-0.0
2023-08-23 23:15:00,-0.0
2023-08-23 23:30:00,-0.0
2023-08-23 23:45:00,-0.0
2023-08-24 00:00:00,-0.0
2023-08-24 00:15:00,-0.0
2023-08-24 00:30:00,-0.0
2023-08-24 00:45:00,-0.0
2023-08-24 01:00:00,-0.0
2023-08-24 01:15:00,-0.0
2023-08-24 01:30:00,-0.0
2023-08-24 01:45:00,-0.0
2023-08-24 02:00:00,-0.0
2023-08-24 02:15:00,-0.0
2023-08-24 02:30:00,-0.0
2023-08-24 02:45:00,-0.0
2023-08-24 03:00:00,-0.0
2023-08-24 03:15:00,-0.0
2023-08-24 03:30:00,-0.0
2023-08-24 03:45:00,-0.0
2023-08-24 04:00:00,-0.0
2023-08-24 04:15:00,-0.0
2023-08-24 04:30:00,-0.0
2023-08-24 04:45:00,-0.0
2023-08-24 05:00:00,-0.0
2023-08-24 05:15:00,-0.0
2023-08-24 05:30:00,1.71
2023-08-24 05:45:00,8.46
2023-08-24 06:00:00,96.15
2023-08-24 06:15:00,186.6
2023-08-24 06:30:00,263.65
2023-08-24 06:45:00,345.81
2023-08-24 07:00:00,386.36
2023-08-24 07:15:00,419.16
2023-08-24 07:30:00,450.09
2023-08-24 07:45:00,474.5
2023-08-24 08:00:00,494.63
2023-08-24 08:15:00,510.76
2023-08-24 08:30:00,523.17
2023-08-24 08:45:00,528.9
2023-08-24 09:00:00,528.9
2023-08-24 09:15:00,528.9
2023-08-24 09:30:00,528.9
2023-08-24 09:45:00,528.9
2023-08-24 10:00:00,528.9
2023-08-24 10:15:00,528.9
2023-08-24 10:30:00,528.9
2023-08-24 10:45:00,528.9
2023-08-24 11:00:00,528.9
2023-08-24 11:15:00,528.9
2023-08-24 11:30:00,528.9
2023-08-24 11:45:00,528.9
2023-08-24 12:00:00,528.9
2023-08-24 12:15:00,528.9
2023-08-24 12:30:00,528.9
2023-08-24 12:45:00,528.9
2023-08-24 13:00:00,528.9
2023-08-24 13:15:00,528.9
2023-08-24 13:30:00,528.9
2023-08-24 13:45:00,528.9
2023-08-24 14:00:00,528.9
2023-08-24 14:15:00,528.9
2023-08-24 14:30:00,528.9
2023-08-24 14:45:00,528.9
2023-08-24 15:00:00,522.64
2023-08-24 15:15:00,510.42
2023-08-24 15:30:00,494.35
2023-08-24 15:45:00,474.13
2023-08-24 16:00:00,449.36
2023-08-24 16:15:00,419.69
2023-08-24 16:30:00,384.83
2023-08-24 16:45:00,343.03
2023-08-24 17:00:00,263.3
2023-08-24 17:15:00,181.38
2023-08-24 17:30:00,107.14
2023-08-24 17:45:00,45.85
2023-08-24 18:00:00,5.76
2023-08-24 18:15:00,-0.0
2023-08-24 18:30:00,-0.0
2023-08-24 18:45:00,-0.0
2023-08-24 19:00:00,-0.0
2023-08-24 19:15:00,-0.0
2023-08-24 19:30:00,-0.0
2023-08-24 19:45:00,-0.0
2023-08-24 20:00:00,-0.0
2023-08-24 20:15:00,-0.0
2023-08-24 20:30:00,-0.0
2023-08-24 20:45:00,-0.0
2023-08-24 21:00:00,-0.0
2023-08-24 21:15:00,-0.0
2023-08-24 21:30:00,-0.0
2023-08-24 21:45:00,-0.0
2023-08-24 22:00:00,-0.0
2023-08-24 22:15:00,-0.0
2023-08-24 22:30:00,-0.0
2023-08-24 22:45:00,-0.0
2023-08-24 23:00:00,-0.0
2023-08-24 23:15:00,-0.0
2023-08-24 23:30:00,-0.0
2023-08-24 23:45:00,-0.0
2023-08-25 00:00:00,-0.0
2023-08-25 00:15:00,-0.0
2023-08-25 00:30:00,-0.0
2023-08-25 00:45:00,-0.0
2023-08-25 01:00:00,-0.0
2023-08-25 01:15:00,-0.0
2023-08-25 01:30:00,-0.0
2023-08-25 01:45:00,-0.0
2023-08-25 02:00:00,-0.0
2023-08-25 02:15:00,-0.0
2023-08-25 02:30:00,-0.0
2023-08-25 02:45:00,-0.0
2023-08-25 03:00:00,-0.0
2023-08-25 03:15:00,-0.0
2023-08-25 03:30:00,-0.0
2023-08-25 03:45:00,-0.0
2023-08-25 04:00:00,-0.0
2023-08-25 04:15:00,-0.0
2023-08-25 04:30:00,-0.0
2023-08-25 04:45:00,-0.0
2023-08-25 05:00:00,-0.0
2023-08-25 05:15:00,-0.0
2023-08-25 05:30:00,11.22
2023-08-25 05:45:00,48.42
2023-08-25 06:00:00,101.91
2023-08-25 06:15:00,171.34
2023-08-25 06:30:00,246.13
2023-08-25 06:45:00,326.8
2023-08-25 07:00:00,370.66
2023-08-25 07:15:00,405.24
2023-08-25 07:30:00,434.32
2023-08-25 07:45:00,462.8
2023-08-25 08:00:00,474.91
2023-08-25 08:15:00,374.0
2023-08-25 08:30:00,476.25
2023-08-25 08:45:00,524.74
2023-08-25 09:00:00,528.9
2023-08-25 09:15:00,528.9
2023-08-25 09:30:00,528.9
2023-08-25 09:45:00,528.9
2023-08-25 10:00:00,528.9
2023-08-25 10:15:00,528.9
2023-08-25 10:30:00,528.9
2023-08-25 10:45:00,528.9
2023-08-25 11:00:00,528.9
2023-08-25 11:15:00,528.9
2023-08-25 11:30:00,527.35
2023-08-25 11:45:00,525.77
2023-08-25 12:00:00,525.85
2023-08-25 12:15:00,525.92
2023-08-25 12:30:00,527.08
2023-08-25 12:45:00,527.33
2023-08-25 13:00:00,527.95
2023-08-25 13:15:00,528.9
2023-08-25 13:30:00,528.9
2023-08-25 13:45:00,528.66
2023-08-25 14:00:00,526.41
2023-08-25 14:15:00,523.64
2023-08-25 14:30:00,518.88
2023-08-25 14:45:00,513.25
2023-08-25 15:00:00,502.62
2023-08-25 15:15:00,488.57
2023-08-25 15:30:00,470.58
2023-08-25 15:45:00,448.24
2023-08-25 16:00:00,416.98
2023-08-25 16:15:00,385.56
2023-08-25 16:30:00,348.93
2023-08-25 16:45:00,305.7
2023-08-25 17:00:00,229.76
2023-08-25 17:15:00,153.26
2023-08-25 17:30:00,81.66
2023-08-25 17:45:00,32.06
2023-08-25 18:00:00,3.76
2023-08-25 18:15:00,-0.0
2023-08-25 18:30:00,-0.0
2023-08-25 18:45:00,-0.0
2023-08-25 19:00:00,-0.0
2023-08-25 19:15:00,-0.0
2023-08-25 19:30:00,-0.0
2023-08-25 19:45:00,-0.0
2023-08-25 20:00:00,-0.0
2023-08-25 20:15:00,-0.0
2023-08-25 20:30:00,-0.0
2023-08-25 20:45:00,-0.0
2023-08-25 21:00:00,-0.0
2023-08-25 21:15:00,-0.0
2023-08-25 21:30:00,-0.0
2023-08-25 21:45:00,-0.0
2023-08-25 22:00:00,-0.0
2023-08-25 22:15:00,-0.0
2023-08-25 22:30:00,-0.0
2023-08-25 22:45:00,-0.0
2023-08-25 23:00:00,-0.0
2023-08-25 23:15:00,-0.0
2023-08-25 23:30:00,-0.0
2023-08-25 23:45:00,-0.0
2023-08-26 00:00:00,-0.0
2023-08-26 00:15:00,-0.0
2023-08-26 00:30:00,-0.0
2023-08-26 00:45:00,-0.0
2023-08-26 01:00:00,-0.0
2023-08-26 01:15:00,-0.0
2023-08-26 01:30:00,-0.0
2023-08-26 01:45:00,-0.0
2023-08-26 02:00:00,-0.0
2023-08-26 02:15:00,-0.0
2023-08-26 02:30:00,-0.0
2023-08-26 02:45:00,-0.0
2023-08-26 03:00:00,-0.0
2023-08-26 03:15:00,-0.0
2023-08-26 03:30:00,-0.0
2023-08-26 03:45:00,-0.0
2023-08-26 04:00:00,-0.0
2023-08-26 04:15:00,-0.0
2023-08-26 04:30:00,-0.0
2023-08-26 04:45:00,-0.0
2023-08-26 05:00:00,-0.0
2023-08-26 05:15:00,-0.0
2023-08-26 05:30:00,10.93
2023-08-26 05:45:00,48.89
2023-08-26 06:00:00,107.71
2023-08-26 06:15:00,178.62
2023-08-26 06:30:00,256.32
2023-08-26 06:45:00,339.45
2023-08-26 07:00:00,384.69
2023-08-26 07:15:00,418.54
2023-08-26 07:30:00,450.77
2023-08-26 07:45:00,475.65
2023-08-26 08:00:00,496.09
2023-08-26 08:15:00,512.41
2023-08-26 08:30:00,524.84
2023-08-26 08:45:00,528.9
2023-08-26 09:00:00,528.9
2023-08-26 09:15:00,528.9
2023-08-26 09:30:00,528.9
2023-08-26 09:45:00,528.9
2023-08-26 10:00:00,528.9
2023-08-26 10:15:00,528.9
2023-08-26 10:30:00,528.9
2023-08-26 10:45:00,528.9
2023-08-26 11:00:00,528.9
2023-08-26 11:15:00,528.9
2023-08-26 11:30:00,528.9
2023-08-26 11:45:00,528.9
2023-08-26 12:00:00,528.9
2023-08-26 12:15:00,528.9
2023-08-26 12:30:00,528.9
2023-08-26 12:45:00,528.9
2023-08-26 13:00:00,528.9
2023-08-26 13:15:00,528.9
2023-08-26 13:30:00,528.9
2023-08-26 13:45:00,528.9
2023-08-26 14:00:00,528.9
2023-08-26 14:15:00,528.9
2023-08-26 14:30:00,528.9
2023-08-26 14:45:00,525.13
2023-08-26 15:00:00,515.64
2023-08-26 15:15:00,503.5
2023-08-26 15:30:00,487.51
2023-08-26 15:45:00,467.18
2023-08-26 16:00:00,442.08
2023-08-26 16:15:00,412.2
2023-08-26 16:30:00,376.69
2023-08-26 16:45:00,330.38
2023-08-26 17:00:00,248.72
2023-08-26 17:15:00,167.66
2023-08-26 17:30:00,94.72
2023-08-26 17:45:00,34.04
2023-08-26 18:00:00,3.26
2023-08-26 18:15:00,-0.0
2023-08-26 18:30:00,-0.0
2023-08-26 18:45:00,-0.0
2023-08-26 19:00:00,-0.0
2023-08-26 19:15:00,-0.0
2023-08-26 19:30:00,-0.0
2023-08-26 19:45:00,-0.0
2023-08-26 20:00:00,-0.0
2023-08-26 20:15:00,-0.0
2023-08-26 20:30:00,-0.0
2023-08-26 20:45:00,-0.0
2023-08-26 21:00:00,-0.0
2023-08-26 21:15:00,-0.0
2023-08-26 21:30:00,-0.0
2023-08-26 21:45:00,-0.0
2023-08-26 22:00:00,-0.0
2023-08-26 22:15:00,-0.0
2023-08-26 22:30:00,-0.0
2023-08-26 22:45:00,-0.0
2023-08-26 23:00:00,-0.0
2023-08-26 23:15:00,-0.0
2023-08-26 23:30:00,-0.0
2023-08-26 23:45:00,-0.0
2023-08-27 00:00:00,-0.0
2023-08-27 00:15:00,-0.0
2023-08-27 00:30:00,-0.0
2023-08-27 00:45:00,-0.0
2023-08-27 01:00:00,-0.0
2023-08-27 01:15:00,-0.0
2023-08-27 01:30:00,-0.0
2023-08-27 01:45:00,-0.0
2023-08-27 02:00:00,-0.0
2023-08-27 02:15:00,-0.0
2023-08-27 02:30:00,-0.0
2023-08-27 02:45:00,-0.0
2023-08-27 03:00:00,-0.0
2023-08-27 03:15:00,-0.0
2023-08-27 03:30:00,-0.0
2023-08-27 03:45:00,-0.0
2023-08-27 04:00:00,-0.0
2023-08-27 04:15:00,-0.0
2023-08-27 04:30:00,-0.0
2023-08-27 04:45:00,-0.0
2023-08-27 05:00:00,-0.0
2023-08-27 05:15:00,-0.0
2023-08-27 05:30:00,10.26
2023-08-27 05:45:00,46.18
2023-08-27 06:00:00,101.31
2023-08-27 06:15:00,172.94
2023-08-27 06:30:00,249.64
2023-08-27 06:45:00,331.85
2023-08-27 07:00:00,378.59
2023-08-27 07:15:00,412.55
2023-08-27 07:30:00,443.98
2023-08-27 07:45:00,468.92
2023-08-27 08:00:00,489.26
2023-08-27 08:15:00,505.63
2023-08-27 08:30:00,518.02
2023-08-27 08:45:00,527.01
2023-08-27 09:00:00,528.9
2023-08-27 09:15:00,528.9
2023-08-27 09:30:00,528.9
2023-08-27 09:45:00,528.9
2023-08-27 10:00:00,528.9
2023-08-27 10:15:00,528.9
2023-08-27 10:30:00,528.9
2023-08-27 10:45:00,528.9
2023-08-27 11:00:00,528.9
2023-08-27 11:15:00,528.9
2023-08-27 11:30:00,528.86
2023-08-27 11:45:00,527.54
2023-08-27 12:00:00,527.46
2023-08-27 12:15:00,527.21
2023-08-27 12:30:00,528.09
2023-08-27 12:45:00,528.03
2023-08-27 13:00:00,528.28
2023-08-27 13:15:00,527.74
2023-08-27 13:30:00,527.06
2023-08-27 13:45:00,524.5
2023-08-27 14:00:00,524.92
2023-08-27 14:15:00,521.88
2023-08-27 14:30:00,516.49
2023-08-27 14:45:00,509.84
2023-08-27 15:00:00,497.9
2023-08-27 15:15:00,483.25
2023-08-27 15:30:00,464.22
2023-08-27 15:45:00,440.7
2023-08-27 16:00:00,408.28
2023-08-27 16:15:00,375.32
2023-08-27 16:30:00,336.72
2023-08-27 16:45:00,291.02
2023-08-27 17:00:00,209.8
2023-08-27 17:15:00,128.7
2023-08-27 17:30:00,66.91
2023-08-27 17:45:00,21.19
2023-08-27 18:00:00,2.15
2023-08-27 18:15:00,-0.0
2023-08-27 18:30:00,-0.0
2023-08-27 18:45:00,-0.0
2023-08-27 19:00:00,-0.0
2023-08-27 19:15:00,-0.0
2023-08-27 19:30:00,-0.0
2023-08-27 19:45:00,-0.0
2023-08-27 20:00:00,-0.0
2023-08-27 20:15:00,-0.0
2023-08-27 20:30:00,-0.0
2023-08-27 20:45:00,-0.0
2023-08-27 21:00:00,-0.0
2023-08-27 21:15:00,-0.0
2023-08-27 21:30:00,-0.0
2023-08-27 21:45:00,-0.0
2023-08-27 22:00:00,-0.0
2023-08-27 22:15:00,-0.0
2023-08-27 22:30:00,-0.0
2023-08-27 22:45:00,-0.0
2023-08-27 23:00:00,-0.0
2023-08-27 23:15:00,-0.0
2023-08-27 23:30:00,-0.0
2023-08-27 23:45:00,-0.0
2023-08-28 00:00:00,-0.0
2023-08-28 00:15:00,-0.0
2023-08-28 00:30:00,-0.0
2023-08-28 00:45:00,-0.0
2023-08-28 01:00:00,-0.0
2023-08-28 01:15:00,-0.0
2023-08-28 01:30:00,-0.0
2023-08-28 01:45:00,-0.0
2023-08-28 02:00:00,-0.0
2023-08-28 02:15:00,-0.0
2023-08-28 02:30:00,-0.0
2023-08-28 02:45:00,-0.0
2023-08-28 03:00:00,-0.0
2023-08-28 03:15:00,-0.0
2023-08-28 03:30:00,-0.0
2023-08-28 03:45:00,-0.0
2023-08-28 04:00:00,-0.0
2023-08-28 04:15:00,-0.0
2023-08-28 04:30:00,-0.0
2023-08-28 04:45:00,-0.0
2023-08-28 05:00:00,-0.0
2023-08-28 05:15:00,-0.0
2023-08-28 05:30:00,8.66
2023-08-28 05:45:00,35.5
2023-08-28 06:00:00,77.85
2023-08-28 06:15:00,136.62
2023-08-28 06:30:00,202.09
2023-08-28 06:45:00,274.24
2023-08-28 07:00:00,330.83
2023-08-28 07:15:00,368.71
2023-08-28 07:30:00,401.1
2023-08-28 07:45:00,429.06
2023-08-28 08:00:00,452.34
2023-08-28 08:15:00,471.74
2023-08-28 08:30:00,487.07
2023-08-28 08:45:00,501.64
2023-08-28 09:00:00,508.23
2023-08-28 09:15:00,513.12
2023-08-28 09:30:00,515.97
2023-08-28 09:45:00,517.45
2023-08-28 10:00:00,518.57
2023-08-28 10:15:00,518.39
2023-08-28 10:30:00,517.81
2023-08-28 10:45:00,515.73
2023-08-28 11:00:00,513.1
2023-08-28 11:15:00,511.46
2023-08-28 11:30:00,508.98
2023-08-28 11:45:00,506.69
2023-08-28 12:00:00,506.28
2023-08-28 12:15:00,506.46
2023-08-28 12:30:00,507.5
2023-08-28 12:45:00,507.42
2023-08-28 13:00:00,506.88
2023-08-28 13:15:00,505.6
2023-08-28 13:30:00,503.7
2023-08-28 13:45:00,500.0
2023-08-28 14:00:00,494.52
2023-08-28 14:15:00,489.02
2023-08-28 14:30:00,479.02
2023-08-28 14:45:00,460.69
2023-08-28 15:00:00,338.12
2023-08-28 15:15:00,405.46
2023-08-28 15:30:00,416.5
2023-08-28 15:45:00,391.09
2023-08-28 16:00:00,360.91
2023-08-28 16:15:00,326.4
2023-08-28 16:30:00,276.53
2023-08-28 16:45:00,230.56
2023-08-28 17:00:00,161.05
2023-08-28 17:15:00,94.56
2023-08-28 17:30:00,46.95
2023-08-28 17:45:00,14.19
2023-08-28 18:00:00,1.62
2023-08-28 18:15:00,-0.0
2023-08-28 18:30:00,-0.0
2023-08-28 18:45:00,-0.0
2023-08-28 19:00:00,-0.0
2023-08-28 19:15:00,-0.0
2023-08-28 19:30:00,-0.0
2023-08-28 19:45:00,-0.0
2023-08-28 20:00:00,-0.0
2023-08-28 20:15:00,-0.0
2023-08-28 20:30:00,-0.0
2023-08-28 20:45:00,-0.0
2023-08-28 21:00:00,-0.0
2023-08-28 21:15:00,-0.0
2023-08-28 21:30:00,-0.0
2023-08-28 21:45:00,-0.0
2023-08-28 22:00:00,-0.0
2023-08-28 22:15:00,-0.0
2023-08-28 22:30:00,-0.0
2023-08-28 22:45:00,-0.0
2023-08-28 23:00:00,-0.0
2023-08-28 23:15:00,-0.0
2023-08-28 23:30:00,-0.0
2023-08-28 23:45:00,-0.0
2023-08-29 00:00:00,-0.0
2023-08-29 00:15:00,-0.0
2023-08-29 00:30:00,-0.0
2023-08-29 00:45:00,-0.0
2023-08-29 01:00:00,-0.0
2023-08-29 01:15:00,-0.0
2023-08-29 01:30:00,-0.0
2023-08-29 01:45:00,-0.0
2023-08-29 02:00:00,-0.0
2023-08-29 02:15:00,-0.0
2023-08-29 02:30:00,-0.0
2023-08-29 02:45:00,-0.0
2023-08-29 03:00:00,-0.0
2023-08-29 03:15:00,-0.0
2023-08-29 03:30:00,-0.0
2023-08-29 03:45:00,-0.0
2023-08-29 04:00:00,-0.0
2023-08-29 04:15:00,-0.0
2023-08-29 04:30:00,-0.0
2023-08-29 04:45:00,-0.0
2023-08-29 05:00:00,-0.0
2023-08-29 05:15:00,-0.0
2023-08-29 05:30:00,8.99
2023-08-29 05:45:00,40.98
2023-08-29 06:00:00,93.33
2023-08-29 06:15:00,157.66
2023-08-29 06:30:00,233.76
2023-08-29 06:45:00,311.94
2023-08-29 07:00:00,360.9
2023-08-29 07:15:00,394.46
2023-08-29 07:30:00,422.63
2023-08-29 07:45:00,446.71
2023-08-29 08:00:00,466.45
2023-08-29 08:15:00,482.65
2023-08-29 08:30:00,498.59
2023-08-29 08:45:00,508.06
2023-08-29 09:00:00,512.52
2023-08-29 09:15:00,515.65
2023-08-29 09:30:00,516.99
2023-08-29 09:45:00,517.32
2023-08-29 10:00:00,517.56
2023-08-29 10:15:00,516.44
2023-08-29 10:30:00,515.04
2023-08-29 10:45:00,512.21
2023-08-29 11:00:00,509.0
2023-08-29 11:15:00,506.61
2023-08-29 11:30:00,503.38
2023-08-29 11:45:00,500.19
2023-08-29 12:00:00,498.32
2023-08-29 12:15:00,497.7
2023-08-29 12:30:00,497.64
2023-08-29 12:45:00,496.39
2023-08-29 13:00:00,491.93
2023-08-29 13:15:00,489.13
2023-08-29 13:30:00,485.36
2023-08-29 13:45:00,479.59
2023-08-29 14:00:00,469.04
2023-08-29 14:15:00,461.08
2023-08-29 14:30:00,450.29
2023-08-29 14:45:00,437.48
2023-08-29 15:00:00,418.22
2023-08-29 15:15:00,398.1
2023-08-29 15:30:00,364.71
2023-08-29 15:45:00,336.32
2023-08-29 16:00:00,302.91
2023-08-29 16:15:00,266.34
2023-08-29 16:30:00,225.47
2023-08-29 16:45:00,169.9
2023-08-29 17:00:00,113.76
2023-08-29 17:15:00,63.14
2023-08-29 17:30:00,30.35
2023-08-29 17:45:00,10.17
2023-08-29 18:00:00,1.08
2023-08-29 18:15:00,-0.0
2023-08-29 18:30:00,-0.0
2023-08-29 18:45:00,-0.0
2023-08-29 19:00:00,-0.0
2023-08-29 19:15:00,-0.0
2023-08-29 19:30:00,-0.0
2023-08-29 19:45:00,-0.0
2023-08-29 20:00:00,-0.0
2023-08-29 20:15:00,-0.0
2023-08-29 20:30:00,-0.0
2023-08-29 20:45:00,-0.0
2023-08-29 21:00:00,-0.0
2023-08-29 21:15:00,-0.0
2023-08-29 21:30:00,-0.0
2023-08-29 21:45:00,-0.0
2023-08-29 22:00:00,-0.0
2023-08-29 22:15:00,-0.0
2023-08-29 22:30:00,-0.0
2023-08-29 22:45:00,-0.0
2023-08-29 23:00:00,-0.0
2023-08-29 23:15:00,-0.0
2023-08-29 23:30:00,-0.0
2023-08-29 23:45:00,-0.0
2023-08-30 00:00:00,-0.0
2023-08-30 00:15:00,-0.0
2023-08-30 00:30:00,-0.0
2023-08-30 00:45:00,-0.0
2023-08-30 01:00:00,-0.0
2023-08-30 01:15:00,-0.0
2023-08-30 01:30:00,-0.0
2023-08-30 01:45:00,-0.0
2023-08-30 02:00:00,-0.0
2023-08-30 02:15:00,-0.0
2023-08-30 02:30:00,-0.0
2023-08-30 02:45:00,-0.0
2023-08-30 03:00:00,-0.0
2023-08-30 03:15:00,-0.0
2023-08-30 03:30:00,-0.0
2023-08-30 03:45:00,-0.0
2023-08-30 04:00:00,-0.0
2023-08-30 04:15:00,-0.0
2023-08-30 04:30:00,-0.0
2023-08-30 04:45:00,-0.0
2023-08-30 05:00:00,-0.0
2023-08-30 05:15:00,-0.0
2023-08-30 05:30:00,0.84
2023-08-30 05:45:00,2.46
2023-08-30 06:00:00,4.87
2023-08-30 06:15:00,11.4
2023-08-30 06:30:00,103.02
2023-08-30 06:45:00,83.86
2023-08-30 07:00:00,150.42
2023-08-30 07:15:00,263.44
2023-08-30 07:30:00,321.13
2023-08-30 07:45:00,350.11
2023-08-30 08:00:00,375.2
2023-08-30 08:15:00,396.9
2023-08-30 08:30:00,415.12
2023-08-30 08:45:00,430.03
2023-08-30 09:00:00,448.32
2023-08-30 09:15:00,439.45
2023-08-30 09:30:00,215.02
2023-08-30 09:45:00,258.19
2023-08-30 10:00:00,287.88
2023-08-30 10:15:00,313.89
2023-08-30 10:30:00,441.52
2023-08-30 10:45:00,473.8
2023-08-30 11:00:00,472.38
2023-08-30 11:15:00,456.79
2023-08-30 11:30:00,277.14
2023-08-30 11:45:00,294.52
2023-08-30 12:00:00,430.53
2023-08-30 12:15:00,466.54
2023-08-30 12:30:00,467.43
2023-08-30 12:45:00,467.1
2023-08-30 13:00:00,465.75
2023-08-30 13:15:00,463.63
2023-08-30 13:30:00,460.46
2023-08-30 13:45:00,455.4
2023-08-30 14:00:00,448.52
2023-08-30 14:15:00,441.01
2023-08-30 14:30:00,431.07
2023-08-30 14:45:00,419.34
2023-08-30 15:00:00,394.27
2023-08-30 15:15:00,374.38
2023-08-30 15:30:00,350.74
2023-08-30 15:45:00,323.23
2023-08-30 16:00:00,291.7
2023-08-30 16:15:00,256.21
2023-08-30 16:30:00,206.89
2023-08-30 16:45:00,162.34
2023-08-30 17:00:00,109.38
2023-08-30 17:15:00,60.62
2023-08-30 17:30:00,28.77
2023-08-30 17:45:00,9.13
2023-08-30 18:00:00,0.83
2023-08-30 18:15:00,-0.0
2023-08-30 18:30:00,-0.0
2023-08-30 18:45:00,-0.0
2023-08-30 19:00:00,-0.0
2023-08-30 19:15:00,-0.0
2023-08-30 19:30:00,-0.0
2023-08-30 19:45:00,-0.0
2023-08-30 20:00:00,-0.0
2023-08-30 20:15:00,-0.0
2023-08-30 20:30:00,-0.0
2023-08-30 20:45:00,-0.0
2023-08-30 21:00:00,-0.0
2023-08-30 21:15:00,-0.0
2023-08-30 21:30:00,-0.0
2023-08-30 21:45:00,-0.0
2023-08-30 22:00:00,-0.0
2023-08-30 22:15:00,-0.0
2023-08-30 22:30:00,-0.0
2023-08-30 22:45:00,-0.0
2023-08-30 23:00:00,-0.0
2023-08-30 23:15:00,-0.0
2023-08-30 23:30:00,-0.0
2023-08-30 23:45:00,-0.0
2023-08-31 00:00:00,-0.0
2023-08-31 00:15:00,-0.0
2023-08-31 00:30:00,-0.0
2023-08-31 00:45:00,-0.0
2023-08-31 01:00:00,-0.0
2023-08-31 01:15:00,-0.0
2023-08-31 01:30:00,-0.0
2023-08-31 01:45:00,-0.0
2023-08-31 02:00:00,-0.0
2023-08-31 02:15:00,-0.0
2023-08-31 02:30:00,-0.0
2023-08-31 02:45:00,-0.0
2023-08-31 03:00:00,-0.0
2023-08-31 03:15:00,-0.0
2023-08-31 03:30:00,-0.0
2023-08-31 03:45:00,-0.0
2023-08-31 04:00:00,-0.0
2023-08-31 04:15:00,-0.0
2023-08-31 04:30:00,-0.0
2023-08-31 04:45:00,-0.0
2023-08-31 05:00:00,-0.0
2023-08-31 05:15:00,-0.0
2023-08-31 05:30:00,6.73
2023-08-31 05:45:00,25.19
2023-08-31 06:00:00,60.3
2023-08-31 06:15:00,104.93
2023-08-31 06:30:00,159.47
2023-08-31 06:45:00,229.73
2023-08-31 07:00:00,281.02
2023-08-31 07:15:00,320.16
2023-08-31 07:30:00,354.67
2023-08-31 07:45:00,394.24
2023-08-31 08:00:00,420.41
2023-08-31 08:15:00,443.01
2023-08-31 08:30:00,461.5
2023-08-31 08:45:00,476.09
2023-08-31 09:00:00,484.69
2023-08-31 09:15:00,491.7
2023-08-31 09:30:00,496.47
2023-08-31 09:45:00,500.62
2023-08-31 10:00:00,503.45
2023-08-31 10:15:00,504.5
2023-08-31 10:30:00,504.79
2023-08-31 10:45:00,503.51
2023-08-31 11:00:00,502.79
2023-08-31 11:15:00,501.71
2023-08-31 11:30:00,499.67
2023-08-31 11:45:00,497.68
2023-08-31 12:00:00,498.06
2023-08-31 12:15:00,497.44
2023-08-31 12:30:00,497.51
2023-08-31 12:45:00,496.38
2023-08-31 13:00:00,494.84
2023-08-31 13:15:00,492.16
2023-08-31 13:30:00,487.98
2023-08-31 13:45:00,482.26
2023-08-31 14:00:00,475.41
2023-08-31 14:15:00,466.98
2023-08-31 14:30:00,455.69
2023-08-31 14:45:00,442.3
2023-08-31 15:00:00,423.47
2023-08-31 15:15:00,401.91
2023-08-31 15:30:00,366.57
2023-08-31 15:45:00,336.7
2023-08-31 16:00:00,297.59
2023-08-31 16:15:00,260.75
2023-08-31 16:30:00,219.31
2023-08-31 16:45:00,160.9
2023-08-31 17:00:00,106.15
2023-08-31 17:15:00,56.85
2023-08-31 17:30:00,25.9
2023-08-31 17:45:00,7.84
2023-08-31 18:00:00,0.55
2023-08-31 18:15:00,-0.0
2023-08-31 18:30:00,-0.0
2023-08-31 18:45:00,-0.0
2023-08-31 19:00:00,-0.0
2023-08-31 19:15:00,-0.0
2023-08-31 19:30:00,-0.0
2023-08-31 19:45:00,-0.0
2023-08-31 20:00:00,-0.0
2023-08-31 20:15:00,-0.0
2023-08-31 20:30:00,-0.0
2023-08-31 20:45:00,-0.0
2023-08-31 21:00:00,-0.0
2023-08-31 21:15:00,-0.0
2023-08-31 21:30:00,-0.0
2023-08-31 21:45:00,-0.0
2023-08-31 22:00:00,-0.0
2023-08-31 22:15:00,-0.0
2023-08-31 22:30:00,-0.0
2023-08-31 22:45:00,-0.0
2023-08-31 23:00:00,-0.0
2023-08-31 23:15:00,-0.0
2023-08-31 23:30:00,-0.0
2023-08-31 23:45:00,-0.0
2023-09-01 00:00:00,-0.0
2023-09-01 00:15:00,-0.0
2023-09-01 00:30:00,-0.0
2023-09-01 00:45:00,-0.0
2023-09-01 01:00:00,-0.0
2023-09-01 01:15:00,-0.0
2023-09-01 01:30:00,-0.0
2023-09-01 01:45:00,-0.0
2023-09-01 02:00:00,-0.0
2023-09-01 02:15:00,-0.0
2023-09-01 02:30:00,-0.0
2023-09-01 02:45:00,-0.0
2023-09-01 03:00:00,-0.0
2023-09-01 03:15:00,-0.0
2023-09-01 03:30:00,-0.0
2023-09-01 03:45:00,-0.0
2023-09-01 04:00:00,-0.0
2023-09-01 04:15:00,-0.0
2023-09-01 04:30:00,-0.0
2023-09-01 04:45:00,-0.0
2023-09-01 05:00:00,-0.0
2023-09-01 05:15:00,-0.0
2023-09-01 05:30:00,7.03
2023-09-01 05:45:00,27.35
2023-09-01 06:00:00,68.85
2023-09-01 06:15:00,124.51
2023-09-01 06:30:00,187.36
2023-09-01 06:45:00,257.59
2023-09-01 07:00:00,310.47
2023-09-01 07:15:00,356.68
2023-09-01 07:30:00,389.61
2023-09-01 07:45:00,418.12
2023-09-01 08:00:00,442.64
2023-09-01 08:15:00,462.42
2023-09-01 08:30:00,478.36
2023-09-01 08:45:00,490.52
2023-09-01 09:00:00,501.1
2023-09-01 09:15:00,507.52
2023-09-01 09:30:00,511.63
2023-09-01 09:45:00,514.18
2023-09-01 10:00:00,516.62
2023-09-01 10:15:00,517.06
2023-09-01 10:30:00,516.93
2023-09-01 10:45:00,515.27
2023-09-01 11:00:00,514.03
2023-09-01 11:15:00,512.91
2023-09-01 11:30:00,511.01
2023-09-01 11:45:00,509.28
2023-09-01 12:00:00,510.34
2023-09-01 12:15:00,511.45
2023-09-01 12:30:00,511.78
2023-09-01 12:45:00,511.92
2023-09-01 13:00:00,512.43
2023-09-01 13:15:00,511.44
2023-09-01 13:30:00,509.9
2023-09-01 13:45:00,506.05
2023-09-01 14:00:00,502.02
2023-09-01 14:15:00,496.22
2023-09-01 14:30:00,475.26
2023-09-01 14:45:00,319.13
2023-09-01 15:00:00,256.36
2023-09-01 15:15:00,399.94
2023-09-01 15:30:00,418.59
2023-09-01 15:45:00,379.07
2023-09-01 16:00:00,192.76
2023-09-01 16:15:00,270.22
2023-09-01 16:30:00,262.34
2023-09-01 16:45:00,131.89
2023-09-01 17:00:00,66.73
2023-09-01 17:15:00,68.78
2023-09-01 17:30:00,32.04
2023-09-01 17:45:00,8.18
2023-09-01 18:00:00,-0.0
2023-09-01 18:15:00,-0.0
2023-09-01 18:30:00,-0.0
2023-09-01 18:45:00,-0.0
2023-09-01 19:00:00,-0.0
2023-09-01 19:15:00,-0.0
2023-09-01 19:30:00,-0.0
2023-09-01 19:45:00,-0.0
2023-09-01 20:00:00,-0.0
2023-09-01 20:15:00,-0.0
2023-09-01 20:30:00,-0.0
2023-09-01 20:45:00,-0.0
2023-09-01 21:00:00,-0.0
2023-09-01 21:15:00,-0.0
2023-09-01 21:30:00,-0.0
2023-09-01 21:45:00,-0.0
2023-09-01 22:00:00,-0.0
2023-09-01 22:15:00,-0.0
2023-09-01 22:30:00,-0.0
2023-09-01 22:45:00,-0.0
2023-09-01 23:00:00,-0.0
2023-09-01 23:15:00,-0.0
2023-09-01 23:30:00,-0.0
2023-09-01 23:45:00,-0.0
2023-09-02 00:00:00,-0.0
2023-09-02 00:15:00,-0.0
2023-09-02 00:30:00,-0.0
2023-09-02 00:45:00,-0.0
2023-09-02 01:00:00,-0.0
2023-09-02 01:15:00,-0.0
2023-09-02 01:30:00,-0.0
2023-09-02 01:45:00,-0.0
2023-09-02 02:00:00,-0.0
2023-09-02 02:15:00,-0.0
2023-09-02 02:30:00,-0.0
2023-09-02 02:45:00,-0.0
2023-09-02 03:00:00,-0.0
2023-09-02 03:15:00,-0.0
2023-09-02 03:30:00,-0.0
2023-09-02 03:45:00,-0.0
2023-09-02 04:00:00,-0.0
2023-09-02 04:15:00,-0.0
2023-09-02 04:30:00,-0.0
2023-09-02 04:45:00,-0.0
2023-09-02 05:00:00,-0.0
2023-09-02 05:15:00,-0.0
2023-09-02 05:30:00,6.27
2023-09-02 05:45:00,23.12
2023-09-02 06:00:00,58.25
2023-09-02 06:15:00,101.1
2023-09-02 06:30:00,144.38
2023-09-02 06:45:00,68.89
2023-09-02 07:00:00,45.98
2023-09-02 07:15:00,74.71
2023-09-02 07:30:00,149.78
2023-09-02 07:45:00,137.1
2023-09-02 08:00:00,165.83
2023-09-02 08:15:00,348.61
2023-09-02 08:30:00,286.18
2023-09-02 08:45:00,227.8
2023-09-02 09:00:00,267.64
2023-09-02 09:15:00,293.27
2023-09-02 09:30:00,287.14
2023-09-02 09:45:00,268.16
2023-09-02 10:00:00,296.17
2023-09-02 10:15:00,305.95
2023-09-02 10:30:00,314.36
2023-09-02 10:45:00,315.19
2023-09-02 11:00:00,324.79
2023-09-02 11:15:00,289.67
2023-09-02 11:30:00,414.18
2023-09-02 11:45:00,341.87
2023-09-02 12:00:00,303.51
2023-09-02 12:15:00,301.63
2023-09-02 12:30:00,425.9
2023-09-02 12:45:00,462.05
2023-09-02 13:00:00,459.72
2023-09-02 13:15:00,455.67
2023-09-02 13:30:00,441.38
2023-09-02 13:45:00,307.66
2023-09-02 14:00:00,255.98
2023-09-02 14:15:00,379.72
2023-09-02 14:30:00,395.74
2023-09-02 14:45:00,291.97
2023-09-02 15:00:00,335.8
2023-09-02 15:15:00,259.09
2023-09-02 15:30:00,160.06
2023-09-02 15:45:00,85.47
2023-09-02 16:00:00,50.48
2023-09-02 16:15:00,78.49
2023-09-02 16:30:00,64.24
2023-09-02 16:45:00,51.81
2023-09-02 17:00:00,30.67
2023-09-02 17:15:00,33.62
2023-09-02 17:30:00,17.7
2023-09-02 17:45:00,5.1
2023-09-02 18:00:00,-0.0
2023-09-02 18:15:00,-0.0
2023-09-02 18:30:00,-0.0
2023-09-02 18:45:00,-0.0
2023-09-02 19:00:00,-0.0
2023-09-02 19:15:00,-0.0
2023-09-02 19:30:00,-0.0
2023-09-02 19:45:00,-0.0
2023-09-02 20:00:00,-0.0
2023-09-02 20:15:00,-0.0
2023-09-02 20:30:00,-0.0
2023-09-02 20:45:00,-0.0
2023-09-02 21:00:00,-0.0
2023-09-02 21:15:00,-0.0
2023-09-02 21:30:00,-0.0
2023-09-02 21:45:00,-0.0
2023-09-02 22:00:00,-0.0
2023-09-02 22:15:00,-0.0
2023-09-02 22:30:00,-0.0
2023-09-02 22:45:00,-0.0
2023-09-02 23:00:00,-0.0
2023-09-02 23:15:00,-0.0
2023-09-02 23:30:00,-0.0
2023-09-02 23:45:00,-0.0
2023-09-03 00:00:00,-0.0
2023-09-03 00:15:00,-0.0
2023-09-03 00:30:00,-0.0
2023-09-03 00:45:00,-0.0
2023-09-03 01:00:00,-0.0
2023-09-03 01:15:00,-0.0
2023-09-03 01:30:00,-0.0
2023-09-03 01:45:00,-0.0
2023-09-03 02:00:00,-0.0
2023-09-03 02:15:00,-0.0
2023-09-03 02:30:00,-0.0
2023-09-03 02:45:00,-0.0
2023-09-03 03:00:00,-0.0
2023-09-03 03:15:00,-0.0
2023-09-03 03:30:00,-0.0
2023-09-03 03:45:00,-0.0
2023-09-03 04:00:00,-0.0
2023-09-03 04:15:00,-0.0
2023-09-03 04:30:00,-0.0
2023-09-03 04:45:00,-0.0
2023-09-03 05:00:00,-0.0
2023-09-03 05:15:00,-0.0
2023-09-03 05:30:00,5.02
2023-09-03 05:45:00,16.71
2023-09-03 06:00:00,42.25
2023-09-03 06:15:00,68.15
2023-09-03 06:30:00,29.42
2023-09-03 06:45:00,23.21
2023-09-03 07:00:00,53.12
2023-09-03 07:15:00,209.78
2023-09-03 07:30:00,229.9
2023-09-03 07:45:00,300.43
2023-09-03 08:00:00,357.89
2023-09-03 08:15:00,383.39
2023-09-03 08:30:00,405.22
2023-09-03 08:45:00,423.33
2023-09-03 09:00:00,444.66
2023-09-03 09:15:00,455.74
2023-09-03 09:30:00,464.11
2023-09-03 09:45:00,470.55
2023-09-03 10:00:00,476.25
2023-09-03 10:15:00,479.76
2023-09-03 10:30:00,482.29
2023-09-03 10:45:00,482.9
2023-09-03 11:00:00,475.62
2023-09-03 11:15:00,373.76
2023-09-03 11:30:00,318.43
2023-09-03 11:45:00,312.51
2023-09-03 12:00:00,318.13
2023-09-03 12:15:00,319.03
2023-09-03 12:30:00,433.66
2023-09-03 12:45:00,372.15
2023-09-03 13:00:00,336.1
2023-09-03 13:15:00,424.27
2023-09-03 13:30:00,345.83
2023-09-03 13:45:00,313.61
2023-09-03 14:00:00,310.59
2023-09-03 14:15:00,295.96
2023-09-03 14:30:00,292.39
2023-09-03 14:45:00,364.58
2023-09-03 15:00:00,366.77
2023-09-03 15:15:00,335.55
2023-09-03 15:30:00,201.57
2023-09-03 15:45:00,138.48
2023-09-03 16:00:00,116.76
2023-09-03 16:15:00,81.78
2023-09-03 16:30:00,31.36
2023-09-03 16:45:00,41.07
2023-09-03 17:00:00,41.39
2023-09-03 17:15:00,31.1
2023-09-03 17:30:00,17.24
2023-09-03 17:45:00,4.41
2023-09-03 18:00:00,-0.0
2023-09-03 18:15:00,-0.0
2023-09-03 18:30:00,-0.0
2023-09-03 18:45:00,-0.0
2023-09-03 19:00:00,-0.0
2023-09-03 19:15:00,-0.0
2023-09-03 19:30:00,-0.0
2023-09-03 19:45:00,-0.0
2023-09-03 20:00:00,-0.0
2023-09-03 20:15:00,-0.0
2023-09-03 20:30:00,-0.0
2023-09-03 20:45:00,-0.0
2023-09-03 21:00:00,-0.0
2023-09-03 21:15:00,-0.0
2023-09-03 21:30:00,-0.0
2023-09-03 21:45:00,-0.0
2023-09-03 22:00:00,-0.0
2023-09-03 22:15:00,-0.0
2023-09-03 22:30:00,-0.0
2023-09-03 22:45:00,-0.0
2023-09-03 23:00:00,-0.0
2023-09-03 23:15:00,-0.0
2023-09-03 23:30:00,-0.0
2023-09-03 23:45:00,-0.0
2023-09-04 00:00:00,-0.0
2023-09-04 00:15:00,-0.0
2023-09-04 00:30:00,-0.0
2023-09-04 00:45:00,-0.0
2023-09-04 01:00:00,-0.0
2023-09-04 01:15:00,-0.0
2023-09-04 01:30:00,-0.0
2023-09-04 01:45:00,-0.0
2023-09-04 02:00:00,-0.0
2023-09-04 02:15:00,-0.0
2023-09-04 02:30:00,-0.0
2023-09-04 02:45:00,-0.0
2023-09-04 03:00:00,-0.0
2023-09-04 03:15:00,-0.0
2023-09-04 03:30:00,-0.0
2023-09-04 03:45:00,-0.0
2023-09-04 04:00:00,-0.0
2023-09-04 04:15:00,-0.0
2023-09-04 04:30:00,-0.0
2023-09-04 04:45:00,-0.0
2023-09-04 05:00:00,-0.0
2023-09-04 05:15:00,-0.0
2023-09-04 05:30:00,0.56
2023-09-04 05:45:00,1.78
2023-09-04 06:00:00,5.92
2023-09-04 06:15:00,52.28
2023-09-04 06:30:00,101.65
2023-09-04 06:45:00,144.61
2023-09-04 07:00:00,194.85
2023-09-04 07:15:00,230.35
2023-09-04 07:30:00,263.7
2023-09-04 07:45:00,294.69
2023-09-04 08:00:00,332.79
2023-09-04 08:15:00,357.85
2023-09-04 08:30:00,379.39
2023-09-04 08:45:00,397.55
2023-09-04 09:00:00,411.41
2023-09-04 09:15:00,423.28
2023-09-04 09:30:00,432.59
2023-09-04 09:45:00,445.16
2023-09-04 10:00:00,450.41
2023-09-04 10:15:00,454.32
2023-09-04 10:30:00,457.15
2023-09-04 10:45:00,458.11
2023-09-04 11:00:00,458.1
2023-09-04 11:15:00,457.5
2023-09-04 11:30:00,457.1
2023-09-04 11:45:00,455.84
2023-09-04 12:00:00,456.78
2023-09-04 12:15:00,457.54
2023-09-04 12:30:00,457.06
2023-09-04 12:45:00,455.96
2023-09-04 13:00:00,454.9
2023-09-04 13:15:00,451.83
2023-09-04 13:30:00,447.52
2023-09-04 13:45:00,441.15
2023-09-04 14:00:00,433.02
2023-09-04 14:15:00,424.02
2023-09-04 14:30:00,404.42
2023-09-04 14:45:00,390.1
2023-09-04 15:00:00,372.0
2023-09-04 15:15:00,350.33
2023-09-04 15:30:00,324.87
2023-09-04 15:45:00,295.7
2023-09-04 16:00:00,263.07
2023-09-04 16:15:00,216.82
2023-09-04 16:30:00,177.82
2023-09-04 16:45:00,129.79
2023-09-04 17:00:00,77.84
2023-09-04 17:15:00,42.86
2023-09-04 17:30:00,17.72
2023-09-04 17:45:00,3.98
2023-09-04 18:00:00,-0.0
2023-09-04 18:15:00,-0.0
2023-09-04 18:30:00,-0.0
2023-09-04 18:45:00,-0.0
2023-09-04 19:00:00,-0.0
2023-09-04 19:15:00,-0.0
2023-09-04 19:30:00,-0.0
2023-09-04 19:45:00,-0.0
2023-09-04 20:00:00,-0.0
2023-09-04 20:15:00,-0.0
2023-09-04 20:30:00,-0.0
2023-09-04 20:45:00,-0.0
2023-09-04 21:00:00,-0.0
2023-09-04 21:15:00,-0.0
2023-09-04 21:30:00,-0.0
2023-09-04 21:45:00,-0.0
2023-09-04 22:00:00,-0.0
2023-09-04 22:15:00,-0.0
2023-09-04 22:30:00,-0.0
2023-09-04 22:45:00,-0.0
2023-09-04 23:00:00,-0.0
2023-09-04 23:15:00,-0.0
2023-09-04 23:30:00,-0.0
2023-09-04 23:45:00,-0.0
2023-09-05 00:00:00,-0.0
2023-09-05 00:15:00,-0.0
2023-09-05 00:30:00,-0.0
2023-09-05 00:45:00,-0.0
2023-09-05 01:00:00,-0.0
2023-09-05 01:15:00,-0.0
2023-09-05 01:30:00,-0.0
2023-09-05 01:45:00,-0.0
2023-09-05 02:00:00,-0.0
2023-09-05 02:15:00,-0.0
2023-09-05 02:30:00,-0.0
2023-09-05 02:45:00,-0.0
2023-09-05 03:00:00,-0.0
2023-09-05 03:15:00,-0.0
2023-09-05 03:30:00,-0.0
2023-09-05 03:45:00,-0.0
2023-09-05 04:00:00,-0.0
2023-09-05 04:15:00,-0.0
2023-09-05 04:30:00,-0.0
2023-09-05 04:45:00,-0.0
2023-09-05 05:00:00,-0.0
2023-09-05 05:15:00,-0.0
2023-09-05 05:30:00,3.9
2023-09-05 05:45:00,12.75
2023-09-05 06:00:00,32.43
2023-09-05 06:15:00,48.95
2023-09-05 06:30:00,141.17
2023-09-05 06:45:00,230.24
2023-09-05 07:00:00,287.76
2023-09-05 07:15:00,326.97
2023-09-05 07:30:00,370.36
2023-09-05 07:45:00,401.2
2023-09-05 08:00:00,427.41
2023-09-05 08:15:00,449.28
2023-09-05 08:30:00,466.95
2023-09-05 08:45:00,480.48
2023-09-05 09:00:00,491.88
2023-09-05 09:15:00,498.84
2023-09-05 09:30:00,503.32
2023-09-05 09:45:00,506.1
2023-09-05 10:00:00,508.61
2023-09-05 10:15:00,509.19
2023-09-05 10:30:00,509.16
2023-09-05 10:45:00,507.52
2023-09-05 11:00:00,506.36
2023-09-05 11:15:00,504.33
2023-09-05 11:30:00,503.44
2023-09-05 11:45:00,502.18
2023-09-05 12:00:00,503.65
2023-09-05 12:15:00,505.7
2023-09-05 12:30:00,507.04
2023-09-05 12:45:00,508.45
2023-09-05 13:00:00,510.04
2023-09-05 13:15:00,510.88
2023-09-05 13:30:00,511.12
2023-09-05 13:45:00,509.76
2023-09-05 14:00:00,508.21
2023-09-05 14:15:00,505.81
2023-09-05 14:30:00,501.22
2023-09-05 14:45:00,494.31
2023-09-05 15:00:00,482.58
2023-09-05 15:15:00,466.88
2023-09-05 15:30:00,446.87
2023-09-05 15:45:00,422.17
2023-09-05 16:00:00,388.54
2023-09-05 16:15:00,353.99
2023-09-05 16:30:00,312.3
2023-09-05 16:45:00,240.28
2023-09-05 17:00:00,161.52
2023-09-05 17:15:00,87.22
2023-09-05 17:30:00,34.66
2023-09-05 17:45:00,4.25
2023-09-05 18:00:00,-0.0
2023-09-05 18:15:00,-0.0
2023-09-05 18:30:00,-0.0
2023-09-05 18:45:00,-0.0
2023-09-05 19:00:00,-0.0
2023-09-05 19:15:00,-0.0
2023-09-05 19:30:00,-0.0
2023-09-05 19:45:00,-0.0
2023-09-05 20:00:00,-0.0
2023-09-05 20:15:00,-0.0
2023-09-05 20:30:00,-0.0
2023-09-05 20:45:00,-0.0
2023-09-05 21:00:00,-0.0
2023-09-05 21:15:00,-0.0
2023-09-05 21:30:00,-0.0
2023-09-05 21:45:00,-0.0
2023-09-05 22:00:00,-0.0
2023-09-05 22:15:00,-0.0
2023-09-05 22:30:00,-0.0
2023-09-05 22:45:00,-0.0
2023-09-05 23:00:00,-0.0
2023-09-05 23:15:00,-0.0
2023-09-05 23:30:00,-0.0
2023-09-05 23:45:00,-0.0
2023-09-06 00:00:00,-0.0
2023-09-06 00:15:00,-0.0
2023-09-06 00:30:00,-0.0
2023-09-06 00:45:00,-0.0
2023-09-06 01:00:00,-0.0
2023-09-06 01:15:00,-0.0
2023-09-06 01:30:00,-0.0
2023-09-06 01:45:00,-0.0
2023-09-06 02:00:00,-0.0
2023-09-06 02:15:00,-0.0
2023-09-06 02:30:00,-0.0
2023-09-06 02:45:00,-0.0
2023-09-06 03:00:00,-0.0
2023-09-06 03:15:00,-0.0
2023-09-06 03:30:00,-0.0
2023-09-06 03:45:00,-0.0
2023-09-06 04:00:00,-0.0
2023-09-06 04:15:00,-0.0
2023-09-06 04:30:00,-0.0
2023-09-06 04:45:00,-0.0
2023-09-06 05:00:00,-0.0
2023-09-06 05:15:00,-0.0
2023-09-06 05:30:00,4.87
2023-09-06 05:45:00,17.82
2023-09-06 06:00:00,55.75
2023-09-06 06:15:00,101.5
2023-09-06 06:30:00,161.89
2023-09-06 06:45:00,218.27
2023-09-06 07:00:00,134.95
2023-09-06 07:15:00,278.17
2023-09-06 07:30:00,352.95
2023-09-06 07:45:00,390.95
2023-09-06 08:00:00,415.58
2023-09-06 08:15:00,436.14
2023-09-06 08:30:00,452.82
2023-09-06 08:45:00,465.6
2023-09-06 09:00:00,474.0
2023-09-06 09:15:00,480.46
2023-09-06 09:30:00,484.69
2023-09-06 09:45:00,488.55
2023-09-06 10:00:00,490.67
2023-09-06 10:15:00,491.2
2023-09-06 10:30:00,491.1
2023-09-06 10:45:00,489.38
2023-09-06 11:00:00,487.79
2023-09-06 11:15:00,485.5
2023-09-06 11:30:00,483.94
2023-09-06 11:45:00,482.05
2023-09-06 12:00:00,482.26
2023-09-06 12:15:00,482.73
2023-09-06 12:30:00,482.22
2023-09-06 12:45:00,481.38
2023-09-06 13:00:00,480.05
2023-09-06 13:15:00,477.77
2023-09-06 13:30:00,473.44
2023-09-06 13:45:00,467.55
2023-09-06 14:00:00,460.76
2023-09-06 14:15:00,451.86
2023-09-06 14:30:00,441.25
2023-09-06 14:45:00,426.94
2023-09-06 15:00:00,408.26
2023-09-06 15:15:00,385.47
2023-09-06 15:30:00,348.62
2023-09-06 15:45:00,317.35
2023-09-06 16:00:00,281.65
2023-09-06 16:15:00,241.95
2023-09-06 16:30:00,188.53
2023-09-06 16:45:00,132.64
2023-09-06 17:00:00,81.85
2023-09-06 17:15:00,39.34
2023-09-06 17:30:00,14.53
2023-09-06 17:45:00,2.7
2023-09-06 18:00:00,-0.0
2023-09-06 18:15:00,-0.0
2023-09-06 18:30:00,-0.0
2023-09-06 18:45:00,-0.0
2023-09-06 19:00:00,-0.0
2023-09-06 19:15:00,-0.0
2023-09-06 19:30:00,-0.0
2023-09-06 19:45:00,-0.0
2023-09-06 20:00:00,-0.0
2023-09-06 20:15:00,-0.0
2023-09-06 20:30:00,-0.0
2023-09-06 20:45:00,-0.0
2023-09-06 21:00:00,-0.0
2023-09-06 21:15:00,-0.0
2023-09-06 21:30:00,-0.0
2023-09-06 21:45:00,-0.0
2023-09-06 22:00:00,-0.0
2023-09-06 22:15:00,-0.0
2023-09-06 22:30:00,-0.0
2023-09-06 22:45:00,-0.0
2023-09-06 23:00:00,-0.0
2023-09-06 23:15:00,-0.0
2023-09-06 23:30:00,-0.0
2023-09-06 23:45:00,-0.0
2023-09-07 00:00:00,-0.0
2023-09-07 00:15:00,-0.0
2023-09-07 00:30:00,-0.0
2023-09-07 00:45:00,-0.0
2023-09-07 01:00:00,-0.0
2023-09-07 01:15:00,-0.0
2023-09-07 01:30:00,-0.0
2023-09-07 01:45:00,-0.0
2023-09-07 02:00:00,-0.0
2023-09-07 02:15:00,-0.0
2023-09-07 02:30:00,-0.0
2023-09-07 02:45:00,-0.0
2023-09-07 03:00:00,-0.0
2023-09-07 03:15:00,-0.0
2023-09-07 03:30:00,-0.0
2023-09-07 03:45:00,-0.0
2023-09-07 04:00:00,-0.0
2023-09-07 04:15:00,-0.0
2023-09-07 04:30:00,-0.0
2023-09-07 04:45:00,-0.0
2023-09-07 05:00:00,-0.0
2023-09-07 05:15:00,-0.0
2023-09-07 05:30:00,4.32
2023-09-07 05:45:00,16.2
2023-09-07 06:00:00,51.06
2023-09-07 06:15:00,93.75
2023-09-07 06:30:00,146.56
2023-09-07 06:45:00,214.62
2023-09-07 07:00:00,271.93
2023-09-07 07:15:00,310.56
2023-09-07 07:30:00,344.51
2023-09-07 07:45:00,383.67
2023-09-07 08:00:00,409.35
2023-09-07 08:15:00,431.21
2023-09-07 08:30:00,449.16
2023-09-07 08:45:00,463.02
2023-09-07 09:00:00,472.67
2023-09-07 09:15:00,480.89
2023-09-07 09:30:00,488.32
2023-09-07 09:45:00,492.26
2023-09-07 10:00:00,495.49
2023-09-07 10:15:00,496.9
2023-09-07 10:30:00,497.64
2023-09-07 10:45:00,496.68
2023-09-07 11:00:00,496.38
2023-09-07 11:15:00,494.95
2023-09-07 11:30:00,494.52
2023-09-07 11:45:00,493.98
2023-09-07 12:00:00,495.93
2023-09-07 12:15:00,497.76
2023-09-07 12:30:00,498.98
2023-09-07 12:45:00,500.12
2023-09-07 13:00:00,501.67
2023-09-07 13:15:00,502.34
2023-09-07 13:30:00,501.96
2023-09-07 13:45:00,500.6
2023-09-07 14:00:00,498.85
2023-09-07 14:15:00,495.39
2023-09-07 14:30:00,490.95
2023-09-07 14:45:00,482.94
2023-09-07 15:00:00,470.53
2023-09-07 15:15:00,453.53
2023-09-07 15:30:00,432.2
2023-09-07 15:45:00,402.12
2023-09-07 16:00:00,371.44
2023-09-07 16:15:00,335.11
2023-09-07 16:30:00,291.71
2023-09-07 16:45:00,215.01
2023-09-07 17:00:00,133.48
2023-09-07 17:15:00,70.64
2023-09-07 17:30:00,22.98
2023-09-07 17:45:00,2.54
2023-09-07 18:00:00,-0.0
2023-09-07 18:15:00,-0.0
2023-09-07 18:30:00,-0.0
2023-09-07 18:45:00,-0.0
2023-09-07 19:00:00,-0.0
2023-09-07 19:15:00,-0.0
2023-09-07 19:30:00,-0.0
2023-09-07 19:45:00,-0.0
2023-09-07 20:00:00,-0.0
2023-09-07 20:15:00,-0.0
2023-09-07 20:30:00,-0.0
2023-09-07 20:45:00,-0.0
2023-09-07 21:00:00,-0.0
2023-09-07 21:15:00,-0.0
2023-09-07 21:30:00,-0.0
2023-09-07 21:45:00,-0.0
2023-09-07 22:00:00,-0.0
2023-09-07 22:15:00,-0.0
2023-09-07 22:30:00,-0.0
2023-09-07 22:45:00,-0.0
2023-09-07 23:00:00,-0.0
2023-09-07 23:15:00,-0.0
2023-09-07 23:30:00,-0.0
2023-09-07 23:45:00,-0.0
2023-09-08 00:00:00,-0.0
2023-09-08 00:15:00,-0.0
2023-09-08 00:30:00,-0.0
2023-09-08 00:45:00,-0.0
2023-09-08 01:00:00,-0.0
2023-09-08 01:15:00,-0.0
2023-09-08 01:30:00,-0.0
2023-09-08 01:45:00,-0.0
2023-09-08 02:00:00,-0.0
2023-09-08 02:15:00,-0.0
2023-09-08 02:30:00,-0.0
2023-09-08 02:45:00,-0.0
2023-09-08 03:00:00,-0.0
2023-09-08 03:15:00,-0.0
2023-09-08 03:30:00,-0.0
2023-09-08 03:45:00,-0.0
2023-09-08 04:00:00,-0.0
2023-09-08 04:15:00,-0.0
2023-09-08 04:30:00,-0.0
2023-09-08 04:45:00,-0.0
2023-09-08 05:00:00,-0.0
2023-09-08 05:15:00,-0.0
2023-09-08 05:30:00,4.52
2023-09-08 05:45:00,20.97
2023-09-08 06:00:00,71.16
2023-09-08 06:15:00,137.33
2023-09-08 06:30:00,212.06
2023-09-08 06:45:00,293.35
2023-09-08 07:00:00,361.87
2023-09-08 07:15:00,398.12
2023-09-08 07:30:00,432.23
2023-09-08 07:45:00,458.44
2023-09-08 08:00:00,479.3
2023-09-08 08:15:00,495.92
2023-09-08 08:30:00,508.52
2023-09-08 08:45:00,517.31
2023-09-08 09:00:00,521.6
2023-09-08 09:15:00,521.34
2023-09-08 09:30:00,522.46
2023-09-08 09:45:00,522.51
2023-09-08 10:00:00,522.7
2023-09-08 10:15:00,521.55
2023-09-08 10:30:00,520.35
2023-09-08 10:45:00,515.82
2023-09-08 11:00:00,514.87
2023-09-08 11:15:00,513.74
2023-09-08 11:30:00,513.73
2023-09-08 11:45:00,513.48
2023-09-08 12:00:00,513.99
2023-09-08 12:15:00,514.98
2023-09-08 12:30:00,515.49
2023-09-08 12:45:00,516.18
2023-09-08 13:00:00,517.59
2023-09-08 13:15:00,518.52
2023-09-08 13:30:00,518.99
2023-09-08 13:45:00,518.77
2023-09-08 14:00:00,518.36
2023-09-08 14:15:00,521.93
2023-09-08 14:30:00,520.54
2023-09-08 14:45:00,515.72
2023-09-08 15:00:00,506.67
2023-09-08 15:15:00,494.33
2023-09-08 15:30:00,477.98
2023-09-08 15:45:00,460.3
2023-09-08 16:00:00,434.56
2023-09-08 16:15:00,403.53
2023-09-08 16:30:00,364.67
2023-09-08 16:45:00,276.44
2023-09-08 17:00:00,188.53
2023-09-08 17:15:00,106.53
2023-09-08 17:30:00,37.91
2023-09-08 17:45:00,2.49
2023-09-08 18:00:00,-0.0
2023-09-08 18:15:00,-0.0
2023-09-08 18:30:00,-0.0
2023-09-08 18:45:00,-0.0
2023-09-08 19:00:00,-0.0
2023-09-08 19:15:00,-0.0
2023-09-08 19:30:00,-0.0
2023-09-08 19:45:00,-0.0
2023-09-08 20:00:00,-0.0
2023-09-08 20:15:00,-0.0
2023-09-08 20:30:00,-0.0
2023-09-08 20:45:00,-0.0
2023-09-08 21:00:00,-0.0
2023-09-08 21:15:00,-0.0
2023-09-08 21:30:00,-0.0
2023-09-08 21:45:00,-0.0
2023-09-08 22:00:00,-0.0
2023-09-08 22:15:00,-0.0
2023-09-08 22:30:00,-0.0
2023-09-08 22:45:00,-0.0
2023-09-08 23:00:00,-0.0
2023-09-08 23:15:00,-0.0
2023-09-08 23:30:00,-0.0
2023-09-08 23:45:00,-0.0
2023-09-09 00:00:00,-0.0
2023-09-09 00:15:00,-0.0
2023-09-09 00:30:00,-0.0
2023-09-09 00:45:00,-0.0
2023-09-09 01:00:00,-0.0
2023-09-09 01:15:00,-0.0
2023-09-09 01:30:00,-0.0
2023-09-09 01:45:00,-0.0
2023-09-09 02:00:00,-0.0
2023-09-09 02:15:00,-0.0
2023-09-09 02:30:00,-0.0
2023-09-09 02:45:00,-0.0
2023-09-09 03:00:00,-0.0
2023-09-09 03:15:00,-0.0
2023-09-09 03:30:00,-0.0
2023-09-09 03:45:00,-0.0
2023-09-09 04:00:00,-0.0
2023-09-09 04:15:00,-0.0
2023-09-09 04:30:00,-0.0
2023-09-09 04:45:00,-0.0
2023-09-09 05:00:00,-0.0
2023-09-09 05:15:00,-0.0
2023-09-09 05:30:00,4.25
2023-09-09 05:45:00,20.47
2023-09-09 06:00:00,70.5
2023-09-09 06:15:00,136.29
2023-09-09 06:30:00,210.09
2023-09-09 06:45:00,289.93
2023-09-09 07:00:00,358.47
2023-09-09 07:15:00,393.74
2023-09-09 07:30:00,426.42
2023-09-09 07:45:00,451.94
2023-09-09 08:00:00,472.08
2023-09-09 08:15:00,488.43
2023-09-09 08:30:00,500.74
2023-09-09 08:45:00,509.37
2023-09-09 09:00:00,513.06
2023-09-09 09:15:00,515.61
2023-09-09 09:30:00,516.07
2023-09-09 09:45:00,512.71
2023-09-09 10:00:00,512.37
2023-09-09 10:15:00,511.16
2023-09-09 10:30:00,509.73
2023-09-09 10:45:00,507.27
2023-09-09 11:00:00,505.16
2023-09-09 11:15:00,502.79
2023-09-09 11:30:00,501.68
2023-09-09 11:45:00,500.37
2023-09-09 12:00:00,501.3
2023-09-09 12:15:00,502.6
2023-09-09 12:30:00,503.29
2023-09-09 12:45:00,504.1
2023-09-09 13:00:00,505.62
2023-09-09 13:15:00,506.08
2023-09-09 13:30:00,501.07
2023-09-09 13:45:00,408.71
2023-09-09 14:00:00,476.58
2023-09-09 14:15:00,502.92
2023-09-09 14:30:00,499.19
2023-09-09 14:45:00,491.47
2023-09-09 15:00:00,472.83
2023-09-09 15:15:00,351.85
2023-09-09 15:30:00,250.54
2023-09-09 15:45:00,370.68
2023-09-09 16:00:00,386.94
2023-09-09 16:15:00,345.94
2023-09-09 16:30:00,301.65
2023-09-09 16:45:00,217.41
2023-09-09 17:00:00,139.85
2023-09-09 17:15:00,68.32
2023-09-09 17:30:00,19.79
2023-09-09 17:45:00,1.55
2023-09-09 18:00:00,-0.0
2023-09-09 18:15:00,-0.0
2023-09-09 18:30:00,-0.0
2023-09-09 18:45:00,-0.0
2023-09-09 19:00:00,-0.0
2023-09-09 19:15:00,-0.0
2023-09-09 19:30:00,-0.0
2023-09-09 19:45:00,-0.0
2023-09-09 20:00:00,-0.0
2023-09-09 20:15:00,-0.0
2023-09-09 20:30:00,-0.0
2023-09-09 20:45:00,-0.0
2023-09-09 21:00:00,-0.0
2023-09-09 21:15:00,-0.0
2023-09-09 21:30:00,-0.0
2023-09-09 21:45:00,-0.0
2023-09-09 22:00:00,-0.0
2023-09-09 22:15:00,-0.0
2023-09-09 22:30:00,-0.0
2023-09-09 22:45:00,-0.0
2023-09-09 23:00:00,-0.0
2023-09-09 23:15:00,-0.0
2023-09-09 23:30:00,-0.0
2023-09-09 23:45:00,-0.0
2023-09-10 00:00:00,-0.0
2023-09-10 00:15:00,-0.0
2023-09-10 00:30:00,-0.0
2023-09-10 00:45:00,-0.0
2023-09-10 01:00:00,-0.0
2023-09-10 01:15:00,-0.0
2023-09-10 01:30:00,-0.0
2023-09-10 01:45:00,-0.0
2023-09-10 02:00:00,-0.0
2023-09-10 02:15:00,-0.0
2023-09-10 02:30:00,-0.0
2023-09-10 02:45:00,-0.0
2023-09-10 03:00:00,-0.0
2023-09-10 03:15:00,-0.0
2023-09-10 03:30:00,-0.0
2023-09-10 03:45:00,-0.0
2023-09-10 04:00:00,-0.0
2023-09-10 04:15:00,-0.0
2023-09-10 04:30:00,-0.0
2023-09-10 04:45:00,-0.0
2023-09-10 05:00:00,-0.0
2023-09-10 05:15:00,-0.0
2023-09-10 05:30:00,2.76
2023-09-10 05:45:00,11.45
2023-09-10 06:00:00,33.82
2023-09-10 06:15:00,66.91
2023-09-10 06:30:00,106.79
2023-09-10 06:45:00,151.42
2023-09-10 07:00:00,228.7
2023-09-10 07:15:00,265.61
2023-09-10 07:30:00,212.22
2023-09-10 07:45:00,376.74
2023-09-10 08:00:00,433.49
2023-09-10 08:15:00,321.72
2023-09-10 08:30:00,425.11
2023-09-10 08:45:00,355.72
2023-09-10 09:00:00,328.7
2023-09-10 09:15:00,337.26
2023-09-10 09:30:00,320.45
2023-09-10 09:45:00,338.56
2023-09-10 10:00:00,351.39
2023-09-10 10:15:00,338.57
2023-09-10 10:30:00,347.75
2023-09-10 10:45:00,358.04
2023-09-10 11:00:00,466.06
2023-09-10 11:15:00,495.42
2023-09-10 11:30:00,494.32
2023-09-10 11:45:00,487.05
2023-09-10 12:00:00,408.43
2023-09-10 12:15:00,382.23
2023-09-10 12:30:00,345.7
2023-09-10 12:45:00,318.94
2023-09-10 13:00:00,306.12
2023-09-10 13:15:00,318.7
2023-09-10 13:30:00,461.13
2023-09-10 13:45:00,500.15
2023-09-10 14:00:00,498.18
2023-09-10 14:15:00,494.67
2023-09-10 14:30:00,490.32
2023-09-10 14:45:00,481.53
2023-09-10 15:00:00,468.26
2023-09-10 15:15:00,450.91
2023-09-10 15:30:00,429.01
2023-09-10 15:45:00,398.35
2023-09-10 16:00:00,366.96
2023-09-10 16:15:00,329.14
2023-09-10 16:30:00,273.49
2023-09-10 16:45:00,116.39
2023-09-10 17:00:00,59.6
2023-09-10 17:15:00,20.51
2023-09-10 17:30:00,4.45
2023-09-10 17:45:00,-0.0
2023-09-10 18:00:00,-0.0
2023-09-10 18:15:00,-0.0
2023-09-10 18:30:00,-0.0
2023-09-10 18:45:00,-0.0
2023-09-10 19:00:00,-0.0
2023-09-10 19:15:00,-0.0
2023-09-10 19:30:00,-0.0
2023-09-10 19:45:00,-0.0
2023-09-10 20:00:00,-0.0
2023-09-10 20:15:00,-0.0
2023-09-10 20:30:00,-0.0
2023-09-10 20:45:00,-0.0
2023-09-10 21:00:00,-0.0
2023-09-10 21:15:00,-0.0
2023-09-10 21:30:00,-0.0
2023-09-10 21:45:00,-0.0
2023-09-10 22:00:00,-0.0
2023-09-10 22:15:00,-0.0
2023-09-10 22:30:00,-0.0
2023-09-10 22:45:00,-0.0
2023-09-10 23:00:00,-0.0
2023-09-10 23:15:00,-0.0
2023-09-10 23:30:00,-0.0
2023-09-10 23:45:00,-0.0
2023-09-11 00:00:00,-0.0
2023-09-11 00:15:00,-0.0
2023-09-11 00:30:00,-0.0
2023-09-11 00:45:00,-0.0
2023-09-11 01:00:00,-0.0
2023-09-11 01:15:00,-0.0
2023-09-11 01:30:00,-0.0
2023-09-11 01:45:00,-0.0
2023-09-11 02:00:00,-0.0
2023-09-11 02:15:00,-0.0
2023-09-11 02:30:00,-0.0
2023-09-11 02:45:00,-0.0
2023-09-11 03:00:00,-0.0
2023-09-11 03:15:00,-0.0
2023-09-11 03:30:00,-0.0
2023-09-11 03:45:00,-0.0
2023-09-11 04:00:00,-0.0
2023-09-11 04:15:00,-0.0
2023-09-11 04:30:00,-0.0
2023-09-11 04:45:00,-0.0
2023-09-11 05:00:00,-0.0
2023-09-11 05:15:00,-0.0
2023-09-11 05:30:00,0.48
2023-09-11 05:45:00,1.95
2023-09-11 06:00:00,6.2
2023-09-11 06:15:00,28.1
2023-09-11 06:30:00,89.04
2023-09-11 06:45:00,121.14
2023-09-11 07:00:00,41.02
2023-09-11 07:15:00,51.96
2023-09-11 07:30:00,79.5
2023-09-11 07:45:00,95.22
2023-09-11 08:00:00,205.1
2023-09-11 08:15:00,156.32
2023-09-11 08:30:00,132.61
2023-09-11 08:45:00,150.73
2023-09-11 09:00:00,101.65
2023-09-11 09:15:00,42.05
2023-09-11 09:30:00,29.7
2023-09-11 09:45:00,30.14
2023-09-11 10:00:00,33.99
2023-09-11 10:15:00,75.39
2023-09-11 10:30:00,79.03
2023-09-11 10:45:00,46.38
2023-09-11 11:00:00,64.65
2023-09-11 11:15:00,52.68
2023-09-11 11:30:00,38.8
2023-09-11 11:45:00,52.02
2023-09-11 12:00:00,111.28
2023-09-11 12:15:00,242.6
2023-09-11 12:30:00,310.01
2023-09-11 12:45:00,439.55
2023-09-11 13:00:00,373.14
2023-09-11 13:15:00,452.88
2023-09-11 13:30:00,486.55
2023-09-11 13:45:00,484.87
2023-09-11 14:00:00,481.77
2023-09-11 14:15:00,476.73
2023-09-11 14:30:00,470.36
2023-09-11 14:45:00,459.19
2023-09-11 15:00:00,440.82
2023-09-11 15:15:00,421.99
2023-09-11 15:30:00,398.63
2023-09-11 15:45:00,370.51
2023-09-11 16:00:00,337.43
2023-09-11 16:15:00,298.22
2023-09-11 16:30:00,237.12
2023-09-11 16:45:00,160.19
2023-09-11 17:00:00,61.76
2023-09-11 17:15:00,39.02
2023-09-11 17:30:00,11.19
2023-09-11 17:45:00,0.79
2023-09-11 18:00:00,-0.0
2023-09-11 18:15:00,-0.0
2023-09-11 18:30:00,-0.0
2023-09-11 18:45:00,-0.0
2023-09-11 19:00:00,-0.0
2023-09-11 19:15:00,-0.0
2023-09-11 19:30:00,-0.0
2023-09-11 19:45:00,-0.0
2023-09-11 20:00:00,-0.0
2023-09-11 20:15:00,-0.0
2023-09-11 20:30:00,-0.0
2023-09-11 20:45:00,-0.0
2023-09-11 21:00:00,-0.0
2023-09-11 21:15:00,-0.0
2023-09-11 21:30:00,-0.0
2023-09-11 21:45:00,-0.0
2023-09-11 22:00:00,-0.0
2023-09-11 22:15:00,-0.0
2023-09-11 22:30:00,-0.0
2023-09-11 22:45:00,-0.0
2023-09-11 23:00:00,-0.0
2023-09-11 23:15:00,-0.0
2023-09-11 23:30:00,-0.0
2023-09-11 23:45:00,-0.0
2023-09-12 00:00:00,-0.0
2023-09-12 00:15:00,-0.0
2023-09-12 00:30:00,-0.0
2023-09-12 00:45:00,-0.0
2023-09-12 01:00:00,-0.0
2023-09-12 01:15:00,-0.0
2023-09-12 01:30:00,-0.0
2023-09-12 01:45:00,-0.0
2023-09-12 02:00:00,-0.0
2023-09-12 02:15:00,-0.0
2023-09-12 02:30:00,-0.0
2023-09-12 02:45:00,-0.0
2023-09-12 03:00:00,-0.0
2023-09-12 03:15:00,-0.0
2023-09-12 03:30:00,-0.0
2023-09-12 03:45:00,-0.0
2023-09-12 04:00:00,-0.0
2023-09-12 04:15:00,-0.0
2023-09-12 04:30:00,-0.0
2023-09-12 04:45:00,-0.0
2023-09-12 05:00:00,-0.0
2023-09-12 05:15:00,-0.0
2023-09-12 05:30:00,2.83
2023-09-12 05:45:00,13.23
2023-09-12 06:00:00,45.1
2023-09-12 06:15:00,65.48
2023-09-12 06:30:00,99.44
2023-09-12 06:45:00,195.72
2023-09-12 07:00:00,146.74
2023-09-12 07:15:00,51.1
2023-09-12 07:30:00,41.4
2023-09-12 07:45:00,96.67
2023-09-12 08:00:00,76.39
2023-09-12 08:15:00,106.95
2023-09-12 08:30:00,162.48
2023-09-12 08:45:00,159.59
2023-09-12 09:00:00,262.11
2023-09-12 09:15:00,297.6
2023-09-12 09:30:00,427.08
2023-09-12 09:45:00,375.99
2023-09-12 10:00:00,442.67
2023-09-12 10:15:00,356.84
2023-09-12 10:30:00,280.28
2023-09-12 10:45:00,281.6
2023-09-12 11:00:00,325.36
2023-09-12 11:15:00,340.02
2023-09-12 11:30:00,337.64
2023-09-12 11:45:00,369.37
2023-09-12 12:00:00,380.44
2023-09-12 12:15:00,457.19
2023-09-12 12:30:00,481.5
2023-09-12 12:45:00,481.95
2023-09-12 13:00:00,482.21
2023-09-12 13:15:00,481.47
2023-09-12 13:30:00,468.08
2023-09-12 13:45:00,328.81
2023-09-12 14:00:00,417.44
2023-09-12 14:15:00,302.84
2023-09-12 14:30:00,190.51
2023-09-12 14:45:00,373.8
2023-09-12 15:00:00,274.35
2023-09-12 15:15:00,367.2
2023-09-12 15:30:00,382.57
2023-09-12 15:45:00,353.16
2023-09-12 16:00:00,311.84
2023-09-12 16:15:00,173.94
2023-09-12 16:30:00,115.49
2023-09-12 16:45:00,83.97
2023-09-12 17:00:00,49.96
2023-09-12 17:15:00,25.98
2023-09-12 17:30:00,8.45
2023-09-12 17:45:00,0.49
2023-09-12 18:00:00,-0.0
2023-09-12 18:15:00,-0.0
2023-09-12 18:30:00,-0.0
2023-09-12 18:45:00,-0.0
2023-09-12 19:00:00,-0.0
2023-09-12 19:15:00,-0.0
2023-09-12 19:30:00,-0.0
2023-09-12 19:45:00,-0.0
2023-09-12 20:00:00,-0.0
2023-09-12 20:15:00,-0.0
2023-09-12 20:30:00,-0.0
2023-09-12 20:45:00,-0.0
2023-09-12 21:00:00,-0.0
2023-09-12 21:15:00,-0.0
2023-09-12 21:30:00,-0.0
2023-09-12 21:45:00,-0.0
2023-09-12 22:00:00,-0.0
2023-09-12 22:15:00,-0.0
2023-09-12 22:30:00,-0.0
2023-09-12 22:45:00,-0.0
2023-09-12 23:00:00,-0.0
2023-09-12 23:15:00,-0.0
2023-09-12 23:30:00,-0.0
2023-09-12 23:45:00,-0.0
2023-09-13 00:00:00,-0.0
2023-09-13 00:15:00,-0.0
2023-09-13 00:30:00,-0.0
2023-09-13 00:45:00,-0.0
2023-09-13 01:00:00,-0.0
2023-09-13 01:15:00,-0.0
2023-09-13 01:30:00,-0.0
2023-09-13 01:45:00,-0.0
2023-09-13 02:00:00,-0.0
2023-09-13 02:15:00,-0.0
2023-09-13 02:30:00,-0.0
2023-09-13 02:45:00,-0.0
2023-09-13 03:00:00,-0.0
2023-09-13 03:15:00,-0.0
2023-09-13 03:30:00,-0.0
2023-09-13 03:45:00,-0.0
2023-09-13 04:00:00,-0.0
2023-09-13 04:15:00,-0.0
2023-09-13 04:30:00,-0.0
2023-09-13 04:45:00,-0.0
2023-09-13 05:00:00,-0.0
2023-09-13 05:15:00,-0.0
2023-09-13 05:30:00,-0.0
2023-09-13 05:45:00,1.94
2023-09-13 06:00:00,5.42
2023-09-13 06:15:00,13.45
2023-09-13 06:30:00,133.59
2023-09-13 06:45:00,155.88
2023-09-13 07:00:00,73.73
2023-09-13 07:15:00,118.98
2023-09-13 07:30:00,237.01
2023-09-13 07:45:00,218.29
2023-09-13 08:00:00,89.65
2023-09-13 08:15:00,98.86
2023-09-13 08:30:00,69.03
2023-09-13 08:45:00,80.27
2023-09-13 09:00:00,144.17
2023-09-13 09:15:00,190.26
2023-09-13 09:30:00,206.63
2023-09-13 09:45:00,185.06
2023-09-13 10:00:00,231.15
2023-09-13 10:15:00,225.69
2023-09-13 10:30:00,252.06
2023-09-13 10:45:00,147.65
2023-09-13 11:00:00,170.44
2023-09-13 11:15:00,119.43
2023-09-13 11:30:00,126.11
2023-09-13 11:45:00,163.06
2023-09-13 12:00:00,196.23
2023-09-13 12:15:00,201.01
2023-09-13 12:30:00,120.89
2023-09-13 12:45:00,160.02
2023-09-13 13:00:00,232.25
2023-09-13 13:15:00,202.87
2023-09-13 13:30:00,195.09
2023-09-13 13:45:00,216.07
2023-09-13 14:00:00,147.71
2023-09-13 14:15:00,143.22
2023-09-13 14:30:00,119.12
2023-09-13 14:45:00,126.91
2023-09-13 15:00:00,56.94
2023-09-13 15:15:00,57.46
2023-09-13 15:30:00,90.7
2023-09-13 15:45:00,132.59
2023-09-13 16:00:00,166.18
2023-09-13 16:15:00,130.17
2023-09-13 16:30:00,200.52
2023-09-13 16:45:00,77.96
2023-09-13 17:00:00,28.51
2023-09-13 17:15:00,19.53
2023-09-13 17:30:00,7.53
2023-09-13 17:45:00,-0.0
2023-09-13 18:00:00,-0.0
2023-09-13 18:15:00,-0.0
2023-09-13 18:30:00,-0.0
2023-09-13 18:45:00,-0.0
2023-09-13 19:00:00,-0.0
2023-09-13 19:15:00,-0.0
2023-09-13 19:30:00,-0.0
2023-09-13 19:45:00,-0.0
2023-09-13 20:00:00,-0.0
2023-09-13 20:15:00,-0.0
2023-09-13 20:30:00,-0.0
2023-09-13 20:45:00,-0.0
2023-09-13 21:00:00,-0.0
2023-09-13 21:15:00,-0.0
2023-09-13 21:30:00,-0.0
2023-09-13 21:45:00,-0.0
2023-09-13 22:00:00,-0.0
2023-09-13 22:15:00,-0.0
2023-09-13 22:30:00,-0.0
2023-09-13 22:45:00,-0.0
2023-09-13 23:00:00,-0.0
2023-09-13 23:15:00,-0.0
2023-09-13 23:30:00,-0.0
2023-09-13 23:45:00,-0.0
2023-09-14 00:00:00,-0.0
2023-09-14 00:15:00,-0.0
2023-09-14 00:30:00,-0.0
2023-09-14 00:45:00,-0.0
2023-09-14 01:00:00,-0.0
2023-09-14 01:15:00,-0.0
2023-09-14 01:30:00,-0.0
2023-09-14 01:45:00,-0.0
2023-09-14 02:00:00,-0.0
2023-09-14 02:15:00,-0.0
2023-09-14 02:30:00,-0.0
2023-09-14 02:45:00,-0.0
2023-09-14 03:00:00,-0.0
2023-09-14 03:15:00,-0.0
2023-09-14 03:30:00,-0.0
2023-09-14 03:45:00,-0.0
2023-09-14 04:00:00,-0.0
2023-09-14 04:15:00,-0.0
2023-09-14 04:30:00,-0.0
2023-09-14 04:45:00,-0.0
2023-09-14 05:00:00,-0.0
2023-09-14 05:15:00,-0.0
2023-09-14 05:30:00,2.53
2023-09-14 05:45:00,14.15
2023-09-14 06:00:00,52.51
2023-09-14 06:15:00,67.93
2023-09-14 06:30:00,101.44
2023-09-14 06:45:00,108.69
2023-09-14 07:00:00,115.22
2023-09-14 07:15:00,75.85
2023-09-14 07:30:00,61.73
2023-09-14 07:45:00,119.79
2023-09-14 08:00:00,181.3
2023-09-14 08:15:00,163.09
2023-09-14 08:30:00,173.48
2023-09-14 08:45:00,188.52
2023-09-14 09:00:00,253.9
2023-09-14 09:15:00,309.88
2023-09-14 09:30:00,306.75
2023-09-14 09:45:00,264.15
2023-09-14 10:00:00,213.65
2023-09-14 10:15:00,196.69
2023-09-14 10:30:00,190.14
2023-09-14 10:45:00,226.94
2023-09-14 11:00:00,286.66
2023-09-14 11:15:00,320.67
2023-09-14 11:30:00,317.34
2023-09-14 11:45:00,257.17
2023-09-14 12:00:00,268.19
2023-09-14 12:15:00,289.65
2023-09-14 12:30:00,300.08
2023-09-14 12:45:00,282.75
2023-09-14 13:00:00,266.91
2023-09-14 13:15:00,195.35
2023-09-14 13:30:00,227.32
2023-09-14 13:45:00,309.7
2023-09-14 14:00:00,305.36
2023-09-14 14:15:00,240.5
2023-09-14 14:30:00,223.32
2023-09-14 14:45:00,192.86
2023-09-14 15:00:00,175.34
2023-09-14 15:15:00,191.53
2023-09-14 15:30:00,152.07
2023-09-14 15:45:00,136.89
2023-09-14 16:00:00,188.57
2023-09-14 16:15:00,145.36
2023-09-14 16:30:00,130.77
2023-09-14 16:45:00,142.5
2023-09-14 17:00:00,81.67
2023-09-14 17:15:00,36.1
2023-09-14 17:30:00,6.73
2023-09-14 17:45:00,-0.0
2023-09-14 18:00:00,-0.0
2023-09-14 18:15:00,-0.0
2023-09-14 18:30:00,-0.0
2023-09-14 18:45:00,-0.0
2023-09-14 19:00:00,-0.0
2023-09-14 19:15:00,-0.0
2023-09-14 19:30:00,-0.0
2023-09-14 19:45:00,-0.0
2023-09-14 20:00:00,-0.0
2023-09-14 20:15:00,-0.0
2023-09-14 20:30:00,-0.0
2023-09-14 20:45:00,-0.0
2023-09-14 21:00:00,-0.0
2023-09-14 21:15:00,-0.0
2023-09-14 21:30:00,-0.0
2023-09-14 21:45:00,-0.0
2023-09-14 22:00:00,-0.0
2023-09-14 22:15:00,-0.0
2023-09-14 22:30:00,-0.0
2023-09-14 22:45:00,-0.0
2023-09-14 23:00:00,-0.0
2023-09-14 23:15:00,-0.0
2023-09-14 23:30:00,-0.0
2023-09-14 23:45:00,-0.0
2023-09-15 00:00:00,-0.0
2023-09-15 00:15:00,-0.0
2023-09-15 00:30:00,-0.0
2023-09-15 00:45:00,-0.0
2023-09-15 01:00:00,-0.0
2023-09-15 01:15:00,-0.0
2023-09-15 01:30:00,-0.0
2023-09-15 01:45:00,-0.0
2023-09-15 02:00:00,-0.0
2023-09-15 02:15:00,-0.0
2023-09-15 02:30:00,-0.0
2023-09-15 02:45:00,-0.0
2023-09-15 03:00:00,-0.0
2023-09-15 03:15:00,-0.0
2023-09-15 03:30:00,-0.0
2023-09-15 03:45:00,-0.0
2023-09-15 04:00:00,-0.0
2023-09-15 04:15:00,-0.0
2023-09-15 04:30:00,-0.0
2023-09-15 04:45:00,-0.0
2023-09-15 05:00:00,-0.0
2023-09-15 05:15:00,-0.0
2023-09-15 05:30:00,2.35
2023-09-15 05:45:00,14.01
2023-09-15 06:00:00,55.09
2023-09-15 06:15:00,111.84
2023-09-15 06:30:00,184.18
2023-09-15 06:45:00,261.37
2023-09-15 07:00:00,338.8
2023-09-15 07:15:00,376.16
2023-09-15 07:30:00,407.14
2023-09-15 07:45:00,436.34
2023-09-15 08:00:00,445.6
2023-09-15 08:15:00,333.11
2023-09-15 08:30:00,293.88
2023-09-15 08:45:00,323.68
2023-09-15 09:00:00,324.39
2023-09-15 09:15:00,463.57
2023-09-15 09:30:00,504.56
2023-09-15 09:45:00,494.14
2023-09-15 10:00:00,361.07
2023-09-15 10:15:00,337.09
2023-09-15 10:30:00,353.45
2023-09-15 10:45:00,353.27
2023-09-15 11:00:00,353.54
2023-09-15 11:15:00,349.31
2023-09-15 11:30:00,360.77
2023-09-15 11:45:00,456.61
2023-09-15 12:00:00,477.62
2023-09-15 12:15:00,356.69
2023-09-15 12:30:00,209.09
2023-09-15 12:45:00,160.59
2023-09-15 13:00:00,180.84
2023-09-15 13:15:00,155.57
2023-09-15 13:30:00,280.38
2023-09-15 13:45:00,436.68
2023-09-15 14:00:00,319.15
2023-09-15 14:15:00,301.28
2023-09-15 14:30:00,291.49
2023-09-15 14:45:00,408.48
2023-09-15 15:00:00,296.75
2023-09-15 15:15:00,257.7
2023-09-15 15:30:00,172.08
2023-09-15 15:45:00,70.32
2023-09-15 16:00:00,58.77
2023-09-15 16:15:00,105.06
2023-09-15 16:30:00,110.19
2023-09-15 16:45:00,73.86
2023-09-15 17:00:00,80.7
2023-09-15 17:15:00,38.47
2023-09-15 17:30:00,5.36
2023-09-15 17:45:00,-0.0
2023-09-15 18:00:00,-0.0
2023-09-15 18:15:00,-0.0
2023-09-15 18:30:00,-0.0
2023-09-15 18:45:00,-0.0
2023-09-15 19:00:00,-0.0
2023-09-15 19:15:00,-0.0
2023-09-15 19:30:00,-0.0
2023-09-15 19:45:00,-0.0
2023-09-15 20:00:00,-0.0
2023-09-15 20:15:00,-0.0
2023-09-15 20:30:00,-0.0
2023-09-15 20:45:00,-0.0
2023-09-15 21:00:00,-0.0
2023-09-15 21:15:00,-0.0
2023-09-15 21:30:00,-0.0
2023-09-15 21:45:00,-0.0
2023-09-15 22:00:00,-0.0
2023-09-15 22:15:00,-0.0
2023-09-15 22:30:00,-0.0
2023-09-15 22:45:00,-0.0
2023-09-15 23:00:00,-0.0
2023-09-15 23:15:00,-0.0
2023-09-15 23:30:00,-0.0
2023-09-15 23:45:00,-0.0
2023-09-16 00:00:00,-0.0
2023-09-16 00:15:00,-0.0
2023-09-16 00:30:00,-0.0
2023-09-16 00:45:00,-0.0
2023-09-16 01:00:00,-0.0
2023-09-16 01:15:00,-0.0
2023-09-16 01:30:00,-0.0
2023-09-16 01:45:00,-0.0
2023-09-16 02:00:00,-0.0
2023-09-16 02:15:00,-0.0
2023-09-16 02:30:00,-0.0
2023-09-16 02:45:00,-0.0
2023-09-16 03:00:00,-0.0
2023-09-16 03:15:00,-0.0
2023-09-16 03:30:00,-0.0
2023-09-16 03:45:00,-0.0
2023-09-16 04:00:00,-0.0
2023-09-16 04:15:00,-0.0
2023-09-16 04:30:00,-0.0
2023-09-16 04:45:00,-0.0
2023-09-16 05:00:00,-0.0
2023-09-16 05:15:00,-0.0
2023-09-16 05:30:00,2.03
2023-09-16 05:45:00,12.86
2023-09-16 06:00:00,50.99
2023-09-16 06:15:00,104.69
2023-09-16 06:30:00,170.78
2023-09-16 06:45:00,250.04
2023-09-16 07:00:00,328.15
2023-09-16 07:15:00,367.07
2023-09-16 07:30:00,399.51
2023-09-16 07:45:00,426.88
2023-09-16 08:00:00,448.55
2023-09-16 08:15:00,470.34
2023-09-16 08:30:00,484.72
2023-09-16 08:45:00,494.88
2023-09-16 09:00:00,498.27
2023-09-16 09:15:00,501.36
2023-09-16 09:30:00,502.37
2023-09-16 09:45:00,502.26
2023-09-16 10:00:00,493.42
2023-09-16 10:15:00,492.08
2023-09-16 10:30:00,490.49
2023-09-16 10:45:00,487.82
2023-09-16 11:00:00,487.18
2023-09-16 11:15:00,484.27
2023-09-16 11:30:00,483.22
2023-09-16 11:45:00,482.49
2023-09-16 12:00:00,487.62
2023-09-16 12:15:00,489.19
2023-09-16 12:30:00,489.81
2023-09-16 12:45:00,491.25
2023-09-16 13:00:00,492.36
2023-09-16 13:15:00,492.27
2023-09-16 13:30:00,490.25
2023-09-16 13:45:00,487.93
2023-09-16 14:00:00,484.82
2023-09-16 14:15:00,478.66
2023-09-16 14:30:00,470.43
2023-09-16 14:45:00,456.95
2023-09-16 15:00:00,436.62
2023-09-16 15:15:00,415.52
2023-09-16 15:30:00,389.51
2023-09-16 15:45:00,358.16
2023-09-16 16:00:00,321.36
2023-09-16 16:15:00,267.51
2023-09-16 16:30:00,202.26
2023-09-16 16:45:00,131.6
2023-09-16 17:00:00,67.87
2023-09-16 17:15:00,23.97
2023-09-16 17:30:00,4.13
2023-09-16 17:45:00,-0.0
2023-09-16 18:00:00,-0.0
2023-09-16 18:15:00,-0.0
2023-09-16 18:30:00,-0.0
2023-09-16 18:45:00,-0.0
2023-09-16 19:00:00,-0.0
2023-09-16 19:15:00,-0.0
2023-09-16 19:30:00,-0.0
2023-09-16 19:45:00,-0.0
2023-09-16 20:00:00,-0.0
2023-09-16 20:15:00,-0.0
2023-09-16 20:30:00,-0.0
2023-09-16 20:45:00,-0.0
2023-09-16 21:00:00,-0.0
2023-09-16 21:15:00,-0.0
2023-09-16 21:30:00,-0.0
2023-09-16 21:45:00,-0.0
2023-09-16 22:00:00,-0.0
2023-09-16 22:15:00,-0.0
2023-09-16 22:30:00,-0.0
2023-09-16 22:45:00,-0.0
2023-09-16 23:00:00,-0.0
2023-09-16 23:15:00,-0.0
2023-09-16 23:30:00,-0.0
2023-09-16 23:45:00,-0.0
2023-09-17 00:00:00,-0.0
2023-09-17 00:15:00,-0.0
2023-09-17 00:30:00,-0.0
2023-09-17 00:45:00,-0.0
2023-09-17 01:00:00,-0.0
2023-09-17 01:15:00,-0.0
2023-09-17 01:30:00,-0.0
2023-09-17 01:45:00,-0.0
2023-09-17 02:00:00,-0.0
2023-09-17 02:15:00,-0.0
2023-09-17 02:30:00,-0.0
2023-09-17 02:45:00,-0.0
2023-09-17 03:00:00,-0.0
2023-09-17 03:15:00,-0.0
2023-09-17 03:30:00,-0.0
2023-09-17 03:45:00,-0.0
2023-09-17 04:00:00,-0.0
2023-09-17 04:15:00,-0.0
2023-09-17 04:30:00,-0.0
2023-09-17 04:45:00,-0.0
2023-09-17 05:00:00,-0.0
2023-09-17 05:15:00,-0.0
2023-09-17 05:30:00,1.75
2023-09-17 05:45:00,11.17
2023-09-17 06:00:00,42.34
2023-09-17 06:15:00,86.73
2023-09-17 06:30:00,147.48
2023-09-17 06:45:00,214.26
2023-09-17 07:00:00,285.9
2023-09-17 07:15:00,325.53
2023-09-17 07:30:00,368.66
2023-09-17 07:45:00,398.78
2023-09-17 08:00:00,423.74
2023-09-17 08:15:00,444.18
2023-09-17 08:30:00,460.43
2023-09-17 08:45:00,472.53
2023-09-17 09:00:00,482.65
2023-09-17 09:15:00,488.57
2023-09-17 09:30:00,491.9
2023-09-17 09:45:00,493.6
2023-09-17 10:00:00,493.42
2023-09-17 10:15:00,493.1
2023-09-17 10:30:00,492.2
2023-09-17 10:45:00,490.15
2023-09-17 11:00:00,485.72
2023-09-17 11:15:00,483.5
2023-09-17 11:30:00,482.36
2023-09-17 11:45:00,481.82
2023-09-17 12:00:00,478.51
2023-09-17 12:15:00,480.29
2023-09-17 12:30:00,481.31
2023-09-17 12:45:00,483.19
2023-09-17 13:00:00,482.36
2023-09-17 13:15:00,482.92
2023-09-17 13:30:00,481.77
2023-09-17 13:45:00,480.43
2023-09-17 14:00:00,482.82
2023-09-17 14:15:00,478.27
2023-09-17 14:30:00,471.56
2023-09-17 14:45:00,460.43
2023-09-17 15:00:00,447.07
2023-09-17 15:15:00,424.05
2023-09-17 15:30:00,400.05
2023-09-17 15:45:00,370.95
2023-09-17 16:00:00,336.69
2023-09-17 16:15:00,294.71
2023-09-17 16:30:00,223.8
2023-09-17 16:45:00,141.57
2023-09-17 17:00:00,77.57
2023-09-17 17:15:00,27.44
2023-09-17 17:30:00,3.57
2023-09-17 17:45:00,-0.0
2023-09-17 18:00:00,-0.0
2023-09-17 18:15:00,-0.0
2023-09-17 18:30:00,-0.0
2023-09-17 18:45:00,-0.0
2023-09-17 19:00:00,-0.0
2023-09-17 19:15:00,-0.0
2023-09-17 19:30:00,-0.0
2023-09-17 19:45:00,-0.0
2023-09-17 20:00:00,-0.0
2023-09-17 20:15:00,-0.0
2023-09-17 20:30:00,-0.0
2023-09-17 20:45:00,-0.0
2023-09-17 21:00:00,-0.0
2023-09-17 21:15:00,-0.0
2023-09-17 21:30:00,-0.0
2023-09-17 21:45:00,-0.0
2023-09-17 22:00:00,-0.0
2023-09-17 22:15:00,-0.0
2023-09-17 22:30:00,-0.0
2023-09-17 22:45:00,-0.0
2023-09-17 23:00:00,-0.0
2023-09-17 23:15:00,-0.0
2023-09-17 23:30:00,-0.0
2023-09-17 23:45:00,-0.0
2023-09-18 00:00:00,-0.0
2023-09-18 00:15:00,-0.0
2023-09-18 00:30:00,-0.0
2023-09-18 00:45:00,-0.0
2023-09-18 01:00:00,-0.0
2023-09-18 01:15:00,-0.0
2023-09-18 01:30:00,-0.0
2023-09-18 01:45:00,-0.0
2023-09-18 02:00:00,-0.0
2023-09-18 02:15:00,-0.0
2023-09-18 02:30:00,-0.0
2023-09-18 02:45:00,-0.0
2023-09-18 03:00:00,-0.0
2023-09-18 03:15:00,-0.0
2023-09-18 03:30:00,-0.0
2023-09-18 03:45:00,-0.0
2023-09-18 04:00:00,-0.0
2023-09-18 04:15:00,-0.0
2023-09-18 04:30:00,-0.0
2023-09-18 04:45:00,-0.0
2023-09-18 05:00:00,-0.0
2023-09-18 05:15:00,-0.0
2023-09-18 05:30:00,-0.0
2023-09-18 05:45:00,13.23
2023-09-18 06:00:00,64.19
2023-09-18 06:15:00,135.31
2023-09-18 06:30:00,219.14
2023-09-18 06:45:00,306.33
2023-09-18 07:00:00,396.34
2023-09-18 07:15:00,430.46
2023-09-18 07:30:00,457.26
2023-09-18 07:45:00,479.04
2023-09-18 08:00:00,496.16
2023-09-18 08:15:00,506.22
2023-09-18 08:30:00,515.77
2023-09-18 08:45:00,521.65
2023-09-18 09:00:00,522.83
2023-09-18 09:15:00,522.03
2023-09-18 09:30:00,519.74
2023-09-18 09:45:00,516.91
2023-09-18 10:00:00,514.55
2023-09-18 10:15:00,511.39
2023-09-18 10:30:00,508.37
2023-09-18 10:45:00,504.68
2023-09-18 11:00:00,492.0
2023-09-18 11:15:00,387.38
2023-09-18 11:30:00,462.71
2023-09-18 11:45:00,494.55
2023-09-18 12:00:00,495.44
2023-09-18 12:15:00,497.06
2023-09-18 12:30:00,498.22
2023-09-18 12:45:00,499.82
2023-09-18 13:00:00,500.91
2023-09-18 13:15:00,501.98
2023-09-18 13:30:00,501.7
2023-09-18 13:45:00,501.37
2023-09-18 14:00:00,504.44
2023-09-18 14:15:00,501.65
2023-09-18 14:30:00,496.75
2023-09-18 14:45:00,487.25
2023-09-18 15:00:00,474.19
2023-09-18 15:15:00,456.87
2023-09-18 15:30:00,434.87
2023-09-18 15:45:00,402.34
2023-09-18 16:00:00,302.69
2023-09-18 16:15:00,214.82
2023-09-18 16:30:00,198.73
2023-09-18 16:45:00,101.81
2023-09-18 17:00:00,55.32
2023-09-18 17:15:00,11.89
2023-09-18 17:30:00,1.38
2023-09-18 17:45:00,-0.0
2023-09-18 18:00:00,-0.0
2023-09-18 18:15:00,-0.0
2023-09-18 18:30:00,-0.0
2023-09-18 18:45:00,-0.0
2023-09-18 19:00:00,-0.0
2023-09-18 19:15:00,-0.0
2023-09-18 19:30:00,-0.0
2023-09-18 19:45:00,-0.0
2023-09-18 20:00:00,-0.0
2023-09-18 20:15:00,-0.0
2023-09-18 20:30:00,-0.0
2023-09-18 20:45:00,-0.0
2023-09-18 21:00:00,-0.0
2023-09-18 21:15:00,-0.0
2023-09-18 21:30:00,-0.0
2023-09-18 21:45:00,-0.0
2023-09-18 22:00:00,-0.0
2023-09-18 22:15:00,-0.0
2023-09-18 22:30:00,-0.0
2023-09-18 22:45:00,-0.0
2023-09-18 23:00:00,-0.0
2023-09-18 23:15:00,-0.0
2023-09-18 23:30:00,-0.0
2023-09-18 23:45:00,-0.0
2023-09-19 00:00:00,-0.0
2023-09-19 00:15:00,-0.0
2023-09-19 00:30:00,-0.0
2023-09-19 00:45:00,-0.0
2023-09-19 01:00:00,-0.0
2023-09-19 01:15:00,-0.0
2023-09-19 01:30:00,-0.0
2023-09-19 01:45:00,-0.0
2023-09-19 02:00:00,-0.0
2023-09-19 02:15:00,-0.0
2023-09-19 02:30:00,-0.0
2023-09-19 02:45:00,-0.0
2023-09-19 03:00:00,-0.0
2023-09-19 03:15:00,-0.0
2023-09-19 03:30:00,-0.0
2023-09-19 03:45:00,-0.0
2023-09-19 04:00:00,-0.0
2023-09-19 04:15:00,-0.0
2023-09-19 04:30:00,-0.0
2023-09-19 04:45:00,-0.0
2023-09-19 05:00:00,-0.0
2023-09-19 05:15:00,-0.0
2023-09-19 05:30:00,-0.0
2023-09-19 05:45:00,12.3
2023-09-19 06:00:00,59.96
2023-09-19 06:15:00,129.64
2023-09-19 06:30:00,208.96
2023-09-19 06:45:00,293.96
2023-09-19 07:00:00,382.54
2023-09-19 07:15:00,418.7
2023-09-19 07:30:00,429.85
2023-09-19 07:45:00,222.6
2023-09-19 08:00:00,236.89
2023-09-19 08:15:00,295.52
2023-09-19 08:30:00,311.68
2023-09-19 08:45:00,348.19
2023-09-19 09:00:00,484.83
2023-09-19 09:15:00,506.9
2023-09-19 09:30:00,401.88
2023-09-19 09:45:00,475.98
2023-09-19 10:00:00,393.8
2023-09-19 10:15:00,363.59
2023-09-19 10:30:00,346.75
2023-09-19 10:45:00,339.74
2023-09-19 11:00:00,354.79
2023-09-19 11:15:00,350.17
2023-09-19 11:30:00,353.0
2023-09-19 11:45:00,375.31
2023-09-19 12:00:00,385.01
2023-09-19 12:15:00,353.14
2023-09-19 12:30:00,330.83
2023-09-19 12:45:00,281.01
2023-09-19 13:00:00,307.22
2023-09-19 13:15:00,328.49
2023-09-19 13:30:00,256.98
2023-09-19 13:45:00,244.05
2023-09-19 14:00:00,448.74
2023-09-19 14:15:00,501.57
2023-09-19 14:30:00,496.87
2023-09-19 14:45:00,478.27
2023-09-19 15:00:00,341.58
2023-09-19 15:15:00,408.11
2023-09-19 15:30:00,297.37
2023-09-19 15:45:00,184.72
2023-09-19 16:00:00,77.47
2023-09-19 16:15:00,98.83
2023-09-19 16:30:00,214.96
2023-09-19 16:45:00,167.28
2023-09-19 17:00:00,92.73
2023-09-19 17:15:00,31.46
2023-09-19 17:30:00,2.58
2023-09-19 17:45:00,-0.0
2023-09-19 18:00:00,-0.0
2023-09-19 18:15:00,-0.0
2023-09-19 18:30:00,-0.0
2023-09-19 18:45:00,-0.0
2023-09-19 19:00:00,-0.0
2023-09-19 19:15:00,-0.0
2023-09-19 19:30:00,-0.0
2023-09-19 19:45:00,-0.0
2023-09-19 20:00:00,-0.0
2023-09-19 20:15:00,-0.0
2023-09-19 20:30:00,-0.0
2023-09-19 20:45:00,-0.0
2023-09-19 21:00:00,-0.0
2023-09-19 21:15:00,-0.0
2023-09-19 21:30:00,-0.0
2023-09-19 21:45:00,-0.0
2023-09-19 22:00:00,-0.0
2023-09-19 22:15:00,-0.0
2023-09-19 22:30:00,-0.0
2023-09-19 22:45:00,-0.0
2023-09-19 23:00:00,-0.0
2023-09-19 23:15:00,-0.0
2023-09-19 23:30:00,-0.0
2023-09-19 23:45:00,-0.0
2023-09-20 00:00:00,-0.0
2023-09-20 00:15:00,-0.0
2023-09-20 00:30:00,-0.0
2023-09-20 00:45:00,-0.0
2023-09-20 01:00:00,-0.0
2023-09-20 01:15:00,-0.0
2023-09-20 01:30:00,-0.0
2023-09-20 01:45:00,-0.0
2023-09-20 02:00:00,-0.0
2023-09-20 02:15:00,-0.0
2023-09-20 02:30:00,-0.0
2023-09-20 02:45:00,-0.0
2023-09-20 03:00:00,-0.0
2023-09-20 03:15:00,-0.0
2023-09-20 03:30:00,-0.0
2023-09-20 03:45:00,-0.0
2023-09-20 04:00:00,-0.0
2023-09-20 04:15:00,-0.0
2023-09-20 04:30:00,-0.0
2023-09-20 04:45:00,-0.0
2023-09-20 05:00:00,-0.0
2023-09-20 05:15:00,-0.0
2023-09-20 05:30:00,-0.0
2023-09-20 05:45:00,4.43
2023-09-20 06:00:00,13.26
2023-09-20 06:15:00,26.49
2023-09-20 06:30:00,62.97
2023-09-20 06:45:00,93.72
2023-09-20 07:00:00,119.43
2023-09-20 07:15:00,133.92
2023-09-20 07:30:00,154.6
2023-09-20 07:45:00,188.21
2023-09-20 08:00:00,133.93
2023-09-20 08:15:00,142.2
2023-09-20 08:30:00,157.49
2023-09-20 08:45:00,156.01
2023-09-20 09:00:00,176.62
2023-09-20 09:15:00,228.8
2023-09-20 09:30:00,259.46
2023-09-20 09:45:00,216.12
2023-09-20 10:00:00,219.84
2023-09-20 10:15:00,263.85
2023-09-20 10:30:00,299.61
2023-09-20 10:45:00,317.27
2023-09-20 11:00:00,330.26
2023-09-20 11:15:00,319.18
2023-09-20 11:30:00,329.01
2023-09-20 11:45:00,353.17
2023-09-20 12:00:00,301.36
2023-09-20 12:15:00,286.83
2023-09-20 12:30:00,317.45
2023-09-20 12:45:00,320.46
2023-09-20 13:00:00,317.85
2023-09-20 13:15:00,296.79
2023-09-20 13:30:00,178.96
2023-09-20 13:45:00,175.42
2023-09-20 14:00:00,99.53
2023-09-20 14:15:00,65.7
2023-09-20 14:30:00,141.96
2023-09-20 14:45:00,192.32
2023-09-20 15:00:00,217.74
2023-09-20 15:15:00,226.51
2023-09-20 15:30:00,171.91
2023-09-20 15:45:00,166.41
2023-09-20 16:00:00,131.56
2023-09-20 16:15:00,137.03
2023-09-20 16:30:00,171.59
2023-09-20 16:45:00,120.89
2023-09-20 17:00:00,60.65
2023-09-20 17:15:00,13.76
2023-09-20 17:30:00,1.44
2023-09-20 17:45:00,-0.0
2023-09-20 18:00:00,-0.0
2023-09-20 18:15:00,-0.0
2023-09-20 18:30:00,-0.0
2023-09-20 18:45:00,-0.0
2023-09-20 19:00:00,-0.0
2023-09-20 19:15:00,-0.0
2023-09-20 19:30:00,-0.0
2023-09-20 19:45:00,-0.0
2023-09-20 20:00:00,-0.0
2023-09-20 20:15:00,-0.0
2023-09-20 20:30:00,-0.0
2023-09-20 20:45:00,-0.0
2023-09-20 21:00:00,-0.0
2023-09-20 21:15:00,-0.0
2023-09-20 21:30:00,-0.0
2023-09-20 21:45:00,-0.0
2023-09-20 22:00:00,-0.0
2023-09-20 22:15:00,-0.0
2023-09-20 22:30:00,-0.0
2023-09-20 22:45:00,-0.0
2023-09-20 23:00:00,-0.0
2023-09-20 23:15:00,-0.0
2023-09-20 23:30:00,-0.0
2023-09-20 23:45:00,-0.0
2023-09-21 00:00:00,-0.0
2023-09-21 00:15:00,-0.0
2023-09-21 00:30:00,-0.0
2023-09-21 00:45:00,-0.0
2023-09-21 01:00:00,-0.0
2023-09-21 01:15:00,-0.0
2023-09-21 01:30:00,-0.0
2023-09-21 01:45:00,-0.0
2023-09-21 02:00:00,-0.0
2023-09-21 02:15:00,-0.0
2023-09-21 02:30:00,-0.0
2023-09-21 02:45:00,-0.0
2023-09-21 03:00:00,-0.0
2023-09-21 03:15:00,-0.0
2023-09-21 03:30:00,-0.0
2023-09-21 03:45:00,-0.0
2023-09-21 04:00:00,-0.0
2023-09-21 04:15:00,-0.0
2023-09-21 04:30:00,-0.0
2023-09-21 04:45:00,-0.0
2023-09-21 05:00:00,-0.0
2023-09-21 05:15:00,-0.0
2023-09-21 05:30:00,-0.0
2023-09-21 05:45:00,9.74
2023-09-21 06:00:00,43.56
2023-09-21 06:15:00,97.18
2023-09-21 06:30:00,167.52
2023-09-21 06:45:00,244.27
2023-09-21 07:00:00,326.44
2023-09-21 07:15:00,370.32
2023-09-21 07:30:00,402.93
2023-09-21 07:45:00,429.45
2023-09-21 08:00:00,454.97
2023-09-21 08:15:00,473.01
2023-09-21 08:30:00,486.58
2023-09-21 08:45:00,496.1
2023-09-21 09:00:00,500.94
2023-09-21 09:15:00,502.14
2023-09-21 09:30:00,502.83
2023-09-21 09:45:00,501.7
2023-09-21 10:00:00,500.67
2023-09-21 10:15:00,498.57
2023-09-21 10:30:00,496.29
2023-09-21 10:45:00,492.75
2023-09-21 11:00:00,489.9
2023-09-21 11:15:00,486.86
2023-09-21 11:30:00,484.89
2023-09-21 11:45:00,484.21
2023-09-21 12:00:00,484.95
2023-09-21 12:15:00,486.48
2023-09-21 12:30:00,486.81
2023-09-21 12:45:00,488.5
2023-09-21 13:00:00,487.72
2023-09-21 13:15:00,487.67
2023-09-21 13:30:00,485.75
2023-09-21 13:45:00,483.89
2023-09-21 14:00:00,478.95
2023-09-21 14:15:00,473.01
2023-09-21 14:30:00,463.82
2023-09-21 14:45:00,450.03
2023-09-21 15:00:00,429.03
2023-09-21 15:15:00,408.58
2023-09-21 15:30:00,383.23
2023-09-21 15:45:00,352.38
2023-09-21 16:00:00,315.5
2023-09-21 16:15:00,270.38
2023-09-21 16:30:00,184.28
2023-09-21 16:45:00,115.05
2023-09-21 17:00:00,53.87
2023-09-21 17:15:00,15.09
2023-09-21 17:30:00,1.32
2023-09-21 17:45:00,-0.0
2023-09-21 18:00:00,-0.0
2023-09-21 18:15:00,-0.0
2023-09-21 18:30:00,-0.0
2023-09-21 18:45:00,-0.0
2023-09-21 19:00:00,-0.0
2023-09-21 19:15:00,-0.0
2023-09-21 19:30:00,-0.0
2023-09-21 19:45:00,-0.0
2023-09-21 20:00:00,-0.0
2023-09-21 20:15:00,-0.0
2023-09-21 20:30:00,-0.0
2023-09-21 20:45:00,-0.0
2023-09-21 21:00:00,-0.0
2023-09-21 21:15:00,-0.0
2023-09-21 21:30:00,-0.0
2023-09-21 21:45:00,-0.0
2023-09-21 22:00:00,-0.0
2023-09-21 22:15:00,-0.0
2023-09-21 22:30:00,-0.0
2023-09-21 22:45:00,-0.0
2023-09-21 23:00:00,-0.0
2023-09-21 23:15:00,-0.0
2023-09-21 23:30:00,-0.0
2023-09-21 23:45:00,-0.0
2023-09-22 00:00:00,-0.0
2023-09-22 00:15:00,-0.0
2023-09-22 00:30:00,-0.0
2023-09-22 00:45:00,-0.0
2023-09-22 01:00:00,-0.0
2023-09-22 01:15:00,-0.0
2023-09-22 01:30:00,-0.0
2023-09-22 01:45:00,-0.0
2023-09-22 02:00:00,-0.0
2023-09-22 02:15:00,-0.0
2023-09-22 02:30:00,-0.0
2023-09-22 02:45:00,-0.0
2023-09-22 03:00:00,-0.0
2023-09-22 03:15:00,-0.0
2023-09-22 03:30:00,-0.0
2023-09-22 03:45:00,-0.0
2023-09-22 04:00:00,-0.0
2023-09-22 04:15:00,-0.0
2023-09-22 04:30:00,-0.0
2023-09-22 04:45:00,-0.0
2023-09-22 05:00:00,-0.0
2023-09-22 05:15:00,-0.0
2023-09-22 05:30:00,-0.0
2023-09-22 05:45:00,9.79
2023-09-22 06:00:00,46.86
2023-09-22 06:15:00,110.74
2023-09-22 06:30:00,188.25
2023-09-22 06:45:00,271.67
2023-09-22 07:00:00,361.21
2023-09-22 07:15:00,408.53
2023-09-22 07:30:00,440.94
2023-09-22 07:45:00,466.56
2023-09-22 08:00:00,486.32
2023-09-22 08:15:00,502.0
2023-09-22 08:30:00,513.27
2023-09-22 08:45:00,517.89
2023-09-22 09:00:00,521.31
2023-09-22 09:15:00,520.15
2023-09-22 09:30:00,518.98
2023-09-22 09:45:00,516.21
2023-09-22 10:00:00,514.24
2023-09-22 10:15:00,511.1
2023-09-22 10:30:00,508.16
2023-09-22 10:45:00,502.37
2023-09-22 11:00:00,500.06
2023-09-22 11:15:00,497.62
2023-09-22 11:30:00,496.5
2023-09-22 11:45:00,495.87
2023-09-22 12:00:00,495.83
2023-09-22 12:15:00,497.73
2023-09-22 12:30:00,499.18
2023-09-22 12:45:00,501.76
2023-09-22 13:00:00,502.78
2023-09-22 13:15:00,504.47
2023-09-22 13:30:00,504.8
2023-09-22 13:45:00,505.64
2023-09-22 14:00:00,504.91
2023-09-22 14:15:00,502.79
2023-09-22 14:30:00,498.13
2023-09-22 14:45:00,492.47
2023-09-22 15:00:00,480.05
2023-09-22 15:15:00,463.98
2023-09-22 15:30:00,443.11
2023-09-22 15:45:00,417.23
2023-09-22 16:00:00,384.14
2023-09-22 16:15:00,337.65
2023-09-22 16:30:00,247.57
2023-09-22 16:45:00,160.57
2023-09-22 17:00:00,83.18
2023-09-22 17:15:00,22.14
2023-09-22 17:30:00,1.04
2023-09-22 17:45:00,-0.0
2023-09-22 18:00:00,-0.0
2023-09-22 18:15:00,-0.0
2023-09-22 18:30:00,-0.0
2023-09-22 18:45:00,-0.0
2023-09-22 19:00:00,-0.0
2023-09-22 19:15:00,-0.0
2023-09-22 19:30:00,-0.0
2023-09-22 19:45:00,-0.0
2023-09-22 20:00:00,-0.0
2023-09-22 20:15:00,-0.0
2023-09-22 20:30:00,-0.0
2023-09-22 20:45:00,-0.0
2023-09-22 21:00:00,-0.0
2023-09-22 21:15:00,-0.0
2023-09-22 21:30:00,-0.0
2023-09-22 21:45:00,-0.0
2023-09-22 22:00:00,-0.0
2023-09-22 22:15:00,-0.0
2023-09-22 22:30:00,-0.0
2023-09-22 22:45:00,-0.0
2023-09-22 23:00:00,-0.0
2023-09-22 23:15:00,-0.0
2023-09-22 23:30:00,-0.0
2023-09-22 23:45:00,-0.0
2023-09-23 00:00:00,-0.0
2023-09-23 00:15:00,-0.0
2023-09-23 00:30:00,-0.0
2023-09-23 00:45:00,-0.0
2023-09-23 01:00:00,-0.0
2023-09-23 01:15:00,-0.0
2023-09-23 01:30:00,-0.0
2023-09-23 01:45:00,-0.0
2023-09-23 02:00:00,-0.0
2023-09-23 02:15:00,-0.0
2023-09-23 02:30:00,-0.0
2023-09-23 02:45:00,-0.0
2023-09-23 03:00:00,-0.0
2023-09-23 03:15:00,-0.0
2023-09-23 03:30:00,-0.0
2023-09-23 03:45:00,-0.0
2023-09-23 04:00:00,-0.0
2023-09-23 04:15:00,-0.0
2023-09-23 04:30:00,-0.0
2023-09-23 04:45:00,-0.0
2023-09-23 05:00:00,-0.0
2023-09-23 05:15:00,-0.0
2023-09-23 05:30:00,-0.0
2023-09-23 05:45:00,3.63
2023-09-23 06:00:00,11.73
2023-09-23 06:15:00,29.35
2023-09-23 06:30:00,140.12
2023-09-23 06:45:00,244.59
2023-09-23 07:00:00,326.86
2023-09-23 07:15:00,373.46
2023-09-23 07:30:00,405.34
2023-09-23 07:45:00,434.28
2023-09-23 08:00:00,456.46
2023-09-23 08:15:00,473.81
2023-09-23 08:30:00,486.89
2023-09-23 08:45:00,495.89
2023-09-23 09:00:00,500.17
2023-09-23 09:15:00,500.34
2023-09-23 09:30:00,500.22
2023-09-23 09:45:00,498.26
2023-09-23 10:00:00,496.81
2023-09-23 10:15:00,494.06
2023-09-23 10:30:00,491.16
2023-09-23 10:45:00,487.26
2023-09-23 11:00:00,484.1
2023-09-23 11:15:00,480.51
2023-09-23 11:30:00,477.48
2023-09-23 11:45:00,476.52
2023-09-23 12:00:00,477.41
2023-09-23 12:15:00,479.04
2023-09-23 12:30:00,479.9
2023-09-23 12:45:00,481.52
2023-09-23 13:00:00,481.48
2023-09-23 13:15:00,481.22
2023-09-23 13:30:00,479.19
2023-09-23 13:45:00,476.98
2023-09-23 14:00:00,472.06
2023-09-23 14:15:00,466.18
2023-09-23 14:30:00,456.17
2023-09-23 14:45:00,438.35
2023-09-23 15:00:00,419.87
2023-09-23 15:15:00,397.25
2023-09-23 15:30:00,369.57
2023-09-23 15:45:00,336.58
2023-09-23 16:00:00,297.02
2023-09-23 16:15:00,235.07
2023-09-23 16:30:00,161.52
2023-09-23 16:45:00,96.64
2023-09-23 17:00:00,41.97
2023-09-23 17:15:00,10.21
2023-09-23 17:30:00,0.59
2023-09-23 17:45:00,-0.0
2023-09-23 18:00:00,-0.0
2023-09-23 18:15:00,-0.0
2023-09-23 18:30:00,-0.0
2023-09-23 18:45:00,-0.0
2023-09-23 19:00:00,-0.0
2023-09-23 19:15:00,-0.0
2023-09-23 19:30:00,-0.0
2023-09-23 19:45:00,-0.0
2023-09-23 20:00:00,-0.0
2023-09-23 20:15:00,-0.0
2023-09-23 20:30:00,-0.0
2023-09-23 20:45:00,-0.0
2023-09-23 21:00:00,-0.0
2023-09-23 21:15:00,-0.0
2023-09-23 21:30:00,-0.0
2023-09-23 21:45:00,-0.0
2023-09-23 22:00:00,-0.0
2023-09-23 22:15:00,-0.0
2023-09-23 22:30:00,-0.0
2023-09-23 22:45:00,-0.0
2023-09-23 23:00:00,-0.0
2023-09-23 23:15:00,-0.0
2023-09-23 23:30:00,-0.0
2023-09-23 23:45:00,-0.0
2023-09-24 00:00:00,-0.0
2023-09-24 00:15:00,-0.0
2023-09-24 00:30:00,-0.0
2023-09-24 00:45:00,-0.0
2023-09-24 01:00:00,-0.0
2023-09-24 01:15:00,-0.0
2023-09-24 01:30:00,-0.0
2023-09-24 01:45:00,-0.0
2023-09-24 02:00:00,-0.0
2023-09-24 02:15:00,-0.0
2023-09-24 02:30:00,-0.0
2023-09-24 02:45:00,-0.0
2023-09-24 03:00:00,-0.0
2023-09-24 03:15:00,-0.0
2023-09-24 03:30:00,-0.0
2023-09-24 03:45:00,-0.0
2023-09-24 04:00:00,-0.0
2023-09-24 04:15:00,-0.0
2023-09-24 04:30:00,-0.0
2023-09-24 04:45:00,-0.0
2023-09-24 05:00:00,-0.0
2023-09-24 05:15:00,-0.0
2023-09-24 05:30:00,-0.0
2023-09-24 05:45:00,8.48
2023-09-24 06:00:00,39.48
2023-09-24 06:15:00,96.97
2023-09-24 06:30:00,166.6
2023-09-24 06:45:00,242.24
2023-09-24 07:00:00,322.68
2023-09-24 07:15:00,369.26
2023-09-24 07:30:00,399.84
2023-09-24 07:45:00,424.63
2023-09-24 08:00:00,448.41
2023-09-24 08:15:00,465.05
2023-09-24 08:30:00,477.67
2023-09-24 08:45:00,486.38
2023-09-24 09:00:00,491.37
2023-09-24 09:15:00,492.98
2023-09-24 09:30:00,493.73
2023-09-24 09:45:00,492.97
2023-09-24 10:00:00,492.19
2023-09-24 10:15:00,490.1
2023-09-24 10:30:00,487.73
2023-09-24 10:45:00,484.26
2023-09-24 11:00:00,481.61
2023-09-24 11:15:00,478.39
2023-09-24 11:30:00,476.44
2023-09-24 11:45:00,475.94
2023-09-24 12:00:00,476.5
2023-09-24 12:15:00,478.15
2023-09-24 12:30:00,479.11
2023-09-24 12:45:00,480.77
2023-09-24 13:00:00,480.81
2023-09-24 13:15:00,480.83
2023-09-24 13:30:00,478.93
2023-09-24 13:45:00,476.88
2023-09-24 14:00:00,472.44
2023-09-24 14:15:00,467.07
2023-09-24 14:30:00,457.31
2023-09-24 14:45:00,439.4
2023-09-24 15:00:00,420.59
2023-09-24 15:15:00,396.76
2023-09-24 15:30:00,367.46
2023-09-24 15:45:00,332.6
2023-09-24 16:00:00,290.94
2023-09-24 16:15:00,224.85
2023-09-24 16:30:00,151.47
2023-09-24 16:45:00,88.03
2023-09-24 17:00:00,36.43
2023-09-24 17:15:00,8.22
2023-09-24 17:30:00,-0.0
2023-09-24 17:45:00,-0.0
2023-09-24 18:00:00,-0.0
2023-09-24 18:15:00,-0.0
2023-09-24 18:30:00,-0.0
2023-09-24 18:45:00,-0.0
2023-09-24 19:00:00,-0.0
2023-09-24 19:15:00,-0.0
2023-09-24 19:30:00,-0.0
2023-09-24 19:45:00,-0.0
2023-09-24 20:00:00,-0.0
2023-09-24 20:15:00,-0.0
2023-09-24 20:30:00,-0.0
2023-09-24 20:45:00,-0.0
2023-09-24 21:00:00,-0.0
2023-09-24 21:15:00,-0.0
2023-09-24 21:30:00,-0.0
2023-09-24 21:45:00,-0.0
2023-09-24 22:00:00,-0.0
2023-09-24 22:15:00,-0.0
2023-09-24 22:30:00,-0.0
2023-09-24 22:45:00,-0.0
2023-09-24 23:00:00,-0.0
2023-09-24 23:15:00,-0.0
2023-09-24 23:30:00,-0.0
2023-09-24 23:45:00,-0.0
2023-09-25 00:00:00,-0.0
2023-09-25 00:15:00,-0.0
2023-09-25 00:30:00,-0.0
2023-09-25 00:45:00,-0.0
2023-09-25 01:00:00,-0.0
2023-09-25 01:15:00,-0.0
2023-09-25 01:30:00,-0.0
2023-09-25 01:45:00,-0.0
2023-09-25 02:00:00,-0.0
2023-09-25 02:15:00,-0.0
2023-09-25 02:30:00,-0.0
2023-09-25 02:45:00,-0.0
2023-09-25 03:00:00,-0.0
2023-09-25 03:15:00,-0.0
2023-09-25 03:30:00,-0.0
2023-09-25 03:45:00,-0.0
2023-09-25 04:00:00,-0.0
2023-09-25 04:15:00,-0.0
2023-09-25 04:30:00,-0.0
2023-09-25 04:45:00,-0.0
2023-09-25 05:00:00,-0.0
2023-09-25 05:15:00,-0.0
2023-09-25 05:30:00,-0.0
2023-09-25 05:45:00,7.06
2023-09-25 06:00:00,27.06
2023-09-25 06:15:00,67.5
2023-09-25 06:30:00,117.89
2023-09-25 06:45:00,182.51
2023-09-25 07:00:00,250.62
2023-09-25 07:15:00,298.5
2023-09-25 07:30:00,333.42
2023-09-25 07:45:00,371.68
2023-09-25 08:00:00,397.49
2023-09-25 08:15:00,418.64
2023-09-25 08:30:00,435.54
2023-09-25 08:45:00,448.32
2023-09-25 09:00:00,457.16
2023-09-25 09:15:00,462.67
2023-09-25 09:30:00,468.53
2023-09-25 09:45:00,470.82
2023-09-25 10:00:00,472.56
2023-09-25 10:15:00,472.5
2023-09-25 10:30:00,471.93
2023-09-25 10:45:00,469.9
2023-09-25 11:00:00,468.2
2023-09-25 11:15:00,466.47
2023-09-25 11:30:00,464.65
2023-09-25 11:45:00,464.86
2023-09-25 12:00:00,465.6
2023-09-25 12:15:00,467.46
2023-09-25 12:30:00,468.65
2023-09-25 12:45:00,470.31
2023-09-25 13:00:00,469.83
2023-09-25 13:15:00,469.66
2023-09-25 13:30:00,467.66
2023-09-25 13:45:00,465.43
2023-09-25 14:00:00,460.67
2023-09-25 14:15:00,455.12
2023-09-25 14:30:00,442.2
2023-09-25 14:45:00,428.23
2023-09-25 15:00:00,409.73
2023-09-25 15:15:00,386.1
2023-09-25 15:30:00,357.3
2023-09-25 15:45:00,323.04
2023-09-25 16:00:00,282.26
2023-09-25 16:15:00,215.4
2023-09-25 16:30:00,144.43
2023-09-25 16:45:00,78.72
2023-09-25 17:00:00,33.48
2023-09-25 17:15:00,6.67
2023-09-25 17:30:00,-0.0
2023-09-25 17:45:00,-0.0
2023-09-25 18:00:00,-0.0
2023-09-25 18:15:00,-0.0
2023-09-25 18:30:00,-0.0
2023-09-25 18:45:00,-0.0
2023-09-25 19:00:00,-0.0
2023-09-25 19:15:00,-0.0
2023-09-25 19:30:00,-0.0
2023-09-25 19:45:00,-0.0
2023-09-25 20:00:00,-0.0
2023-09-25 20:15:00,-0.0
2023-09-25 20:30:00,-0.0
2023-09-25 20:45:00,-0.0
2023-09-25 21:00:00,-0.0
2023-09-25 21:15:00,-0.0
2023-09-25 21:30:00,-0.0
2023-09-25 21:45:00,-0.0
2023-09-25 22:00:00,-0.0
2023-09-25 22:15:00,-0.0
2023-09-25 22:30:00,-0.0
2023-09-25 22:45:00,-0.0
2023-09-25 23:00:00,-0.0
2023-09-25 23:15:00,-0.0
2023-09-25 23:30:00,-0.0
2023-09-25 23:45:00,-0.0
2023-09-26 00:00:00,-0.0
2023-09-26 00:15:00,-0.0
2023-09-26 00:30:00,-0.0
2023-09-26 00:45:00,-0.0
2023-09-26 01:00:00,-0.0
2023-09-26 01:15:00,-0.0
2023-09-26 01:30:00,-0.0
2023-09-26 01:45:00,-0.0
2023-09-26 02:00:00,-0.0
2023-09-26 02:15:00,-0.0
2023-09-26 02:30:00,-0.0
2023-09-26 02:45:00,-0.0
2023-09-26 03:00:00,-0.0
2023-09-26 03:15:00,-0.0
2023-09-26 03:30:00,-0.0
2023-09-26 03:45:00,-0.0
2023-09-26 04:00:00,-0.0
2023-09-26 04:15:00,-0.0
2023-09-26 04:30:00,-0.0
2023-09-26 04:45:00,-0.0
2023-09-26 05:00:00,-0.0
2023-09-26 05:15:00,-0.0
2023-09-26 05:30:00,-0.0
2023-09-26 05:45:00,6.95
2023-09-26 06:00:00,29.07
2023-09-26 06:15:00,76.88
2023-09-26 06:30:00,136.09
2023-09-26 06:45:00,203.62
2023-09-26 07:00:00,284.49
2023-09-26 07:15:00,336.69
2023-09-26 07:30:00,371.46
2023-09-26 07:45:00,400.11
2023-09-26 08:00:00,423.98
2023-09-26 08:15:00,443.26
2023-09-26 08:30:00,461.15
2023-09-26 08:45:00,472.52
2023-09-26 09:00:00,479.26
2023-09-26 09:15:00,482.2
2023-09-26 09:30:00,484.24
2023-09-26 09:45:00,484.44
2023-09-26 10:00:00,484.32
2023-09-26 10:15:00,482.91
2023-09-26 10:30:00,481.17
2023-09-26 10:45:00,478.21
2023-09-26 11:00:00,475.74
2023-09-26 11:15:00,473.57
2023-09-26 11:30:00,471.43
2023-09-26 11:45:00,471.53
2023-09-26 12:00:00,472.03
2023-09-26 12:15:00,473.59
2023-09-26 12:30:00,474.36
2023-09-26 12:45:00,475.67
2023-09-26 13:00:00,475.5
2023-09-26 13:15:00,474.33
2023-09-26 13:30:00,471.98
2023-09-26 13:45:00,468.63
2023-09-26 14:00:00,462.79
2023-09-26 14:15:00,452.87
2023-09-26 14:30:00,440.8
2023-09-26 14:45:00,424.37
2023-09-26 15:00:00,404.1
2023-09-26 15:15:00,380.18
2023-09-26 15:30:00,351.11
2023-09-26 15:45:00,316.64
2023-09-26 16:00:00,266.24
2023-09-26 16:15:00,207.49
2023-09-26 16:30:00,137.9
2023-09-26 16:45:00,73.91
2023-09-26 17:00:00,30.55
2023-09-26 17:15:00,5.31
2023-09-26 17:30:00,-0.0
2023-09-26 17:45:00,-0.0
2023-09-26 18:00:00,-0.0
2023-09-26 18:15:00,-0.0
2023-09-26 18:30:00,-0.0
2023-09-26 18:45:00,-0.0
2023-09-26 19:00:00,-0.0
2023-09-26 19:15:00,-0.0
2023-09-26 19:30:00,-0.0
2023-09-26 19:45:00,-0.0
2023-09-26 20:00:00,-0.0
2023-09-26 20:15:00,-0.0
2023-09-26 20:30:00,-0.0
2023-09-26 20:45:00,-0.0
2023-09-26 21:00:00,-0.0
2023-09-26 21:15:00,-0.0
2023-09-26 21:30:00,-0.0
2023-09-26 21:45:00,-0.0
2023-09-26 22:00:00,-0.0
2023-09-26 22:15:00,-0.0
2023-09-26 22:30:00,-0.0
2023-09-26 22:45:00,-0.0
2023-09-26 23:00:00,-0.0
2023-09-26 23:15:00,-0.0
2023-09-26 23:30:00,-0.0
2023-09-26 23:45:00,-0.0
2023-09-27 00:00:00,-0.0
2023-09-27 00:15:00,-0.0
2023-09-27 00:30:00,-0.0
2023-09-27 00:45:00,-0.0
2023-09-27 01:00:00,-0.0
2023-09-27 01:15:00,-0.0
2023-09-27 01:30:00,-0.0
2023-09-27 01:45:00,-0.0
2023-09-27 02:00:00,-0.0
2023-09-27 02:15:00,-0.0
2023-09-27 02:30:00,-0.0
2023-09-27 02:45:00,-0.0
2023-09-27 03:00:00,-0.0
2023-09-27 03:15:00,-0.0
2023-09-27 03:30:00,-0.0
2023-09-27 03:45:00,-0.0
2023-09-27 04:00:00,-0.0
2023-09-27 04:15:00,-0.0
2023-09-27 04:30:00,-0.0
2023-09-27 04:45:00,-0.0
2023-09-27 05:00:00,-0.0
2023-09-27 05:15:00,-0.0
2023-09-27 05:30:00,-0.0
2023-09-27 05:45:00,7.2
2023-09-27 06:00:00,35.29
2023-09-27 06:15:00,98.87
2023-09-27 06:30:00,174.34
2023-09-27 06:45:00,254.55
2023-09-27 07:00:00,339.28
2023-09-27 07:15:00,394.48
2023-09-27 07:30:00,425.88
2023-09-27 07:45:00,450.71
2023-09-27 08:00:00,470.42
2023-09-27 08:15:00,485.74
2023-09-27 08:30:00,496.88
2023-09-27 08:45:00,504.1
2023-09-27 09:00:00,507.6
2023-09-27 09:15:00,507.97
2023-09-27 09:30:00,505.34
2023-09-27 09:45:00,504.11
2023-09-27 10:00:00,502.87
2023-09-27 10:15:00,500.52
2023-09-27 10:30:00,498.02
2023-09-27 10:45:00,494.71
2023-09-27 11:00:00,492.37
2023-09-27 11:15:00,489.97
2023-09-27 11:30:00,488.68
2023-09-27 11:45:00,489.06
2023-09-27 12:00:00,489.42
2023-09-27 12:15:00,491.14
2023-09-27 12:30:00,492.42
2023-09-27 12:45:00,495.03
2023-09-27 13:00:00,499.54
2023-09-27 13:15:00,501.51
2023-09-27 13:30:00,502.82
2023-09-27 13:45:00,504.16
2023-09-27 14:00:00,503.95
2023-09-27 14:15:00,503.44
2023-09-27 14:30:00,498.2
2023-09-27 14:45:00,489.13
2023-09-27 15:00:00,479.4
2023-09-27 15:15:00,462.4
2023-09-27 15:30:00,440.27
2023-09-27 15:45:00,412.64
2023-09-27 16:00:00,377.33
2023-09-27 16:15:00,307.74
2023-09-27 16:30:00,217.39
2023-09-27 16:45:00,131.18
2023-09-27 17:00:00,57.15
2023-09-27 17:15:00,7.11
2023-09-27 17:30:00,-0.0
2023-09-27 17:45:00,-0.0
2023-09-27 18:00:00,-0.0
2023-09-27 18:15:00,-0.0
2023-09-27 18:30:00,-0.0
2023-09-27 18:45:00,-0.0
2023-09-27 19:00:00,-0.0
2023-09-27 19:15:00,-0.0
2023-09-27 19:30:00,-0.0
2023-09-27 19:45:00,-0.0
2023-09-27 20:00:00,-0.0
2023-09-27 20:15:00,-0.0
2023-09-27 20:30:00,-0.0
2023-09-27 20:45:00,-0.0
2023-09-27 21:00:00,-0.0
2023-09-27 21:15:00,-0.0
2023-09-27 21:30:00,-0.0
2023-09-27 21:45:00,-0.0
2023-09-27 22:00:00,-0.0
2023-09-27 22:15:00,-0.0
2023-09-27 22:30:00,-0.0
2023-09-27 22:45:00,-0.0
2023-09-27 23:00:00,-0.0
2023-09-27 23:15:00,-0.0
2023-09-27 23:30:00,-0.0
2023-09-27 23:45:00,-0.0
2023-09-28 00:00:00,-0.0
2023-09-28 00:15:00,-0.0
2023-09-28 00:30:00,-0.0
2023-09-28 00:45:00,-0.0
2023-09-28 01:00:00,-0.0
2023-09-28 01:15:00,-0.0
2023-09-28 01:30:00,-0.0
2023-09-28 01:45:00,-0.0
2023-09-28 02:00:00,-0.0
2023-09-28 02:15:00,-0.0
2023-09-28 02:30:00,-0.0
2023-09-28 02:45:00,-0.0
2023-09-28 03:00:00,-0.0
2023-09-28 03:15:00,-0.0
2023-09-28 03:30:00,-0.0
2023-09-28 03:45:00,-0.0
2023-09-28 04:00:00,-0.0
2023-09-28 04:15:00,-0.0
2023-09-28 04:30:00,-0.0
2023-09-28 04:45:00,-0.0
2023-09-28 05:00:00,-0.0
2023-09-28 05:15:00,-0.0
2023-09-28 05:30:00,-0.0
2023-09-28 05:45:00,4.36
2023-09-28 06:00:00,15.95
2023-09-28 06:15:00,45.12
2023-09-28 06:30:00,160.68
2023-09-28 06:45:00,266.27
2023-09-28 07:00:00,353.89
2023-09-28 07:15:00,409.14
2023-09-28 07:30:00,437.84
2023-09-28 07:45:00,460.24
2023-09-28 08:00:00,478.0
2023-09-28 08:15:00,491.61
2023-09-28 08:30:00,501.1
2023-09-28 08:45:00,507.13
2023-09-28 09:00:00,506.37
2023-09-28 09:15:00,505.73
2023-09-28 09:30:00,504.86
2023-09-28 09:45:00,502.54
2023-09-28 10:00:00,500.34
2023-09-28 10:15:00,497.31
2023-09-28 10:30:00,494.43
2023-09-28 10:45:00,490.63
2023-09-28 11:00:00,487.72
2023-09-28 11:15:00,485.48
2023-09-28 11:30:00,483.36
2023-09-28 11:45:00,483.49
2023-09-28 12:00:00,484.37
2023-09-28 12:15:00,486.61
2023-09-28 12:30:00,488.38
2023-09-28 12:45:00,491.28
2023-09-28 13:00:00,493.31
2023-09-28 13:15:00,494.9
2023-09-28 13:30:00,495.61
2023-09-28 13:45:00,496.5
2023-09-28 14:00:00,495.91
2023-09-28 14:15:00,494.22
2023-09-28 14:30:00,491.2
2023-09-28 14:45:00,481.4
2023-09-28 15:00:00,467.92
2023-09-28 15:15:00,449.79
2023-09-28 15:30:00,426.57
2023-09-28 15:45:00,397.73
2023-09-28 16:00:00,361.27
2023-09-28 16:15:00,288.47
2023-09-28 16:30:00,200.94
2023-09-28 16:45:00,118.26
2023-09-28 17:00:00,49.27
2023-09-28 17:15:00,5.42
2023-09-28 17:30:00,-0.0
2023-09-28 17:45:00,-0.0
2023-09-28 18:00:00,-0.0
2023-09-28 18:15:00,-0.0
2023-09-28 18:30:00,-0.0
2023-09-28 18:45:00,-0.0
2023-09-28 19:00:00,-0.0
2023-09-28 19:15:00,-0.0
2023-09-28 19:30:00,-0.0
2023-09-28 19:45:00,-0.0
2023-09-28 20:00:00,-0.0
2023-09-28 20:15:00,-0.0
2023-09-28 20:30:00,-0.0
2023-09-28 20:45:00,-0.0
2023-09-28 21:00:00,-0.0
2023-09-28 21:15:00,-0.0
2023-09-28 21:30:00,-0.0
2023-09-28 21:45:00,-0.0
2023-09-28 22:00:00,-0.0
2023-09-28 22:15:00,-0.0
2023-09-28 22:30:00,-0.0
2023-09-28 22:45:00,-0.0
2023-09-28 23:00:00,-0.0
2023-09-28 23:15:00,-0.0
2023-09-28 23:30:00,-0.0
2023-09-28 23:45:00,-0.0
2023-09-29 00:00:00,-0.0
2023-09-29 00:15:00,-0.0
2023-09-29 00:30:00,-0.0
2023-09-29 00:45:00,-0.0
2023-09-29 01:00:00,-0.0
2023-09-29 01:15:00,-0.0
2023-09-29 01:30:00,-0.0
2023-09-29 01:45:00,-0.0
2023-09-29 02:00:00,-0.0
2023-09-29 02:15:00,-0.0
2023-09-29 02:30:00,-0.0
2023-09-29 02:45:00,-0.0
2023-09-29 03:00:00,-0.0
2023-09-29 03:15:00,-0.0
2023-09-29 03:30:00,-0.0
2023-09-29 03:45:00,-0.0
2023-09-29 04:00:00,-0.0
2023-09-29 04:15:00,-0.0
2023-09-29 04:30:00,-0.0
2023-09-29 04:45:00,-0.0
2023-09-29 05:00:00,-0.0
2023-09-29 05:15:00,-0.0
2023-09-29 05:30:00,-0.0
2023-09-29 05:45:00,3.91
2023-09-29 06:00:00,14.23
2023-09-29 06:15:00,42.81
2023-09-29 06:30:00,160.63
2023-09-29 06:45:00,268.41
2023-09-29 07:00:00,355.95
2023-09-29 07:15:00,412.94
2023-09-29 07:30:00,440.79
2023-09-29 07:45:00,462.38
2023-09-29 08:00:00,479.46
2023-09-29 08:15:00,492.4
2023-09-29 08:30:00,501.38
2023-09-29 08:45:00,504.02
2023-09-29 09:00:00,506.35
2023-09-29 09:15:00,505.25
2023-09-29 09:30:00,504.08
2023-09-29 09:45:00,501.44
2023-09-29 10:00:00,499.07
2023-09-29 10:15:00,495.85
2023-09-29 10:30:00,492.74
2023-09-29 10:45:00,487.24
2023-09-29 11:00:00,485.4
2023-09-29 11:15:00,483.13
2023-09-29 11:30:00,481.44
2023-09-29 11:45:00,481.57
2023-09-29 12:00:00,481.95
2023-09-29 12:15:00,483.8
2023-09-29 12:30:00,485.18
2023-09-29 12:45:00,487.67
2023-09-29 13:00:00,492.76
2023-09-29 13:15:00,494.85
2023-09-29 13:30:00,496.06
2023-09-29 13:45:00,497.63
2023-09-29 14:00:00,497.83
2023-09-29 14:15:00,496.93
2023-09-29 14:30:00,491.63
2023-09-29 14:45:00,482.59
2023-09-29 15:00:00,472.7
2023-09-29 15:15:00,455.75
2023-09-29 15:30:00,433.84
2023-09-29 15:45:00,406.45
2023-09-29 16:00:00,371.56
2023-09-29 16:15:00,294.8
2023-09-29 16:30:00,206.34
2023-09-29 16:45:00,122.46
2023-09-29 17:00:00,49.09
2023-09-29 17:15:00,4.55
2023-09-29 17:30:00,-0.0
2023-09-29 17:45:00,-0.0
2023-09-29 18:00:00,-0.0
2023-09-29 18:15:00,-0.0
2023-09-29 18:30:00,-0.0
2023-09-29 18:45:00,-0.0
2023-09-29 19:00:00,-0.0
2023-09-29 19:15:00,-0.0
2023-09-29 19:30:00,-0.0
2023-09-29 19:45:00,-0.0
2023-09-29 20:00:00,-0.0
2023-09-29 20:15:00,-0.0
2023-09-29 20:30:00,-0.0
2023-09-29 20:45:00,-0.0
2023-09-29 21:00:00,-0.0
2023-09-29 21:15:00,-0.0
2023-09-29 21:30:00,-0.0
2023-09-29 21:45:00,-0.0
2023-09-29 22:00:00,-0.0
2023-09-29 22:15:00,-0.0
2023-09-29 22:30:00,-0.0
2023-09-29 22:45:00,-0.0
2023-09-29 23:00:00,-0.0
2023-09-29 23:15:00,-0.0
2023-09-29 23:30:00,-0.0
2023-09-29 23:45:00,-0.0
2023-09-30 00:00:00,-0.0
2023-09-30 00:15:00,-0.0
2023-09-30 00:30:00,-0.0
2023-09-30 00:45:00,-0.0
2023-09-30 01:00:00,-0.0
2023-09-30 01:15:00,-0.0
2023-09-30 01:30:00,-0.0
2023-09-30 01:45:00,-0.0
2023-09-30 02:00:00,-0.0
2023-09-30 02:15:00,-0.0
2023-09-30 02:30:00,-0.0
2023-09-30 02:45:00,-0.0
2023-09-30 03:00:00,-0.0
2023-09-30 03:15:00,-0.0
2023-09-30 03:30:00,-0.0
2023-09-30 03:45:00,-0.0
2023-09-30 04:00:00,-0.0
2023-09-30 04:15:00,-0.0
2023-09-30 04:30:00,-0.0
2023-09-30 04:45:00,-0.0
2023-09-30 05:00:00,-0.0
2023-09-30 05:15:00,-0.0
2023-09-30 05:30:00,-0.0
2023-09-30 05:45:00,5.55
2023-09-30 06:00:00,27.4
2023-09-30 06:15:00,90.4
2023-09-30 06:30:00,163.56
2023-09-30 06:45:00,241.69
2023-09-30 07:00:00,324.76
2023-09-30 07:15:00,383.87
2023-09-30 07:30:00,414.23
2023-09-30 07:45:00,438.25
2023-09-30 08:00:00,457.63
2023-09-30 08:15:00,472.45
2023-09-30 08:30:00,483.3
2023-09-30 08:45:00,490.28
2023-09-30 09:00:00,494.08
2023-09-30 09:15:00,494.12
2023-09-30 09:30:00,491.21
2023-09-30 09:45:00,489.8
2023-09-30 10:00:00,488.52
2023-09-30 10:15:00,486.05
2023-09-30 10:30:00,483.59
2023-09-30 10:45:00,480.15
2023-09-30 11:00:00,477.94
2023-09-30 11:15:00,475.48
2023-09-30 11:30:00,473.51
2023-09-30 11:45:00,474.12
2023-09-30 12:00:00,474.26
2023-09-30 12:15:00,476.81
2023-09-30 12:30:00,479.02
2023-09-30 12:45:00,482.17
2023-09-30 13:00:00,483.57
2023-09-30 13:15:00,485.61
2023-09-30 13:30:00,486.85
2023-09-30 13:45:00,488.31
2023-09-30 14:00:00,488.32
2023-09-30 14:15:00,487.33
2023-09-30 14:30:00,481.99
2023-09-30 14:45:00,476.0
2023-09-30 15:00:00,463.75
2023-09-30 15:15:00,446.77
2023-09-30 15:30:00,424.65
2023-09-30 15:45:00,397.06
2023-09-30 16:00:00,361.94
2023-09-30 16:15:00,282.37
2023-09-30 16:30:00,195.61
2023-09-30 16:45:00,113.73
2023-09-30 17:00:00,43.36
2023-09-30 17:15:00,3.4
2023-09-30 17:30:00,-0.0
2023-09-30 17:45:00,-0.0
2023-09-30 18:00:00,-0.0
2023-09-30 18:15:00,-0.0
2023-09-30 18:30:00,-0.0
2023-09-30 18:45:00,-0.0
2023-09-30 19:00:00,-0.0
2023-09-30 19:15:00,-0.0
2023-09-30 19:30:00,-0.0
2023-09-30 19:45:00,-0.0
2023-09-30 20:00:00,-0.0
2023-09-30 20:15:00,-0.0
2023-09-30 20:30:00,-0.0
2023-09-30 20:45:00,-0.0
2023-09-30 21:00:00,-0.0
2023-09-30 21:15:00,-0.0
2023-09-30 21:30:00,-0.0
2023-09-30 21:45:00,-0.0
2023-09-30 22:00:00,-0.0
2023-09-30 22:15:00,-0.0
2023-09-30 22:30:00,-0.0
2023-09-30 22:45:00,-0.0
2023-09-30 23:00:00,-0.0
2023-09-30 23:15:00,-0.0
2023-09-30 23:30:00,-0.0
2023-09-30 23:45:00,-0.0
2023-10-01 00:00:00,-0.0
2023-10-01 00:15:00,-0.0
2023-10-01 00:30:00,-0.0
2023-10-01 00:45:00,-0.0
2023-10-01 01:00:00,-0.0
2023-10-01 01:15:00,-0.0
2023-10-01 01:30:00,-0.0
2023-10-01 01:45:00,-0.0
2023-10-01 02:00:00,-0.0
2023-10-01 02:15:00,-0.0
2023-10-01 02:30:00,-0.0
2023-10-01 02:45:00,-0.0
2023-10-01 03:00:00,-0.0
2023-10-01 03:15:00,-0.0
2023-10-01 03:30:00,-0.0
2023-10-01 03:45:00,-0.0
2023-10-01 04:00:00,-0.0
2023-10-01 04:15:00,-0.0
2023-10-01 04:30:00,-0.0
2023-10-01 04:45:00,-0.0
2023-10-01 05:00:00,-0.0
2023-10-01 05:15:00,-0.0
2023-10-01 05:30:00,-0.0
2023-10-01 05:45:00,5.17
2023-10-01 06:00:00,23.51
2023-10-01 06:15:00,77.6
2023-10-01 06:30:00,146.01
2023-10-01 06:45:00,221.41
2023-10-01 07:00:00,302.33
2023-10-01 07:15:00,363.18
2023-10-01 07:30:00,395.74
2023-10-01 07:45:00,424.94
2023-10-01 08:00:00,447.24
2023-10-01 08:15:00,464.51
2023-10-01 08:30:00,477.27
2023-10-01 08:45:00,485.85
2023-10-01 09:00:00,490.71
2023-10-01 09:15:00,491.01
2023-10-01 09:30:00,490.88
2023-10-01 09:45:00,489.07
2023-10-01 10:00:00,487.68
2023-10-01 10:15:00,483.19
2023-10-01 10:30:00,480.78
2023-10-01 10:45:00,477.32
2023-10-01 11:00:00,475.6
2023-10-01 11:15:00,472.93
2023-10-01 11:30:00,470.74
2023-10-01 11:45:00,471.22
2023-10-01 12:00:00,472.16
2023-10-01 12:15:00,474.41
2023-10-01 12:30:00,476.17
2023-10-01 12:45:00,478.81
2023-10-01 13:00:00,480.55
2023-10-01 13:15:00,480.83
2023-10-01 13:30:00,484.05
2023-10-01 13:45:00,484.92
2023-10-01 14:00:00,483.38
2023-10-01 14:15:00,480.8
2023-10-01 14:30:00,473.48
2023-10-01 14:45:00,462.07
2023-10-01 15:00:00,446.39
2023-10-01 15:15:00,426.31
2023-10-01 15:30:00,400.82
2023-10-01 15:45:00,369.46
2023-10-01 16:00:00,330.19
2023-10-01 16:15:00,246.2
2023-10-01 16:30:00,165.02
2023-10-01 16:45:00,90.9
2023-10-01 17:00:00,30.11
2023-10-01 17:15:00,2.25
2023-10-01 17:30:00,-0.0
2023-10-01 17:45:00,-0.0
2023-10-01 18:00:00,-0.0
2023-10-01 18:15:00,-0.0
2023-10-01 18:30:00,-0.0
2023-10-01 18:45:00,-0.0
2023-10-01 19:00:00,-0.0
2023-10-01 19:15:00,-0.0
2023-10-01 19:30:00,-0.0
2023-10-01 19:45:00,-0.0
2023-10-01 20:00:00,-0.0
2023-10-01 20:15:00,-0.0
2023-10-01 20:30:00,-0.0
2023-10-01 20:45:00,-0.0
2023-10-01 21:00:00,-0.0
2023-10-01 21:15:00,-0.0
2023-10-01 21:30:00,-0.0
2023-10-01 21:45:00,-0.0
2023-10-01 22:00:00,-0.0
2023-10-01 22:15:00,-0.0
2023-10-01 22:30:00,-0.0
2023-10-01 22:45:00,-0.0
2023-10-01 23:00:00,-0.0
2023-10-01 23:15:00,-0.0
2023-10-01 23:30:00,-0.0
2023-10-01 23:45:00,-0.0
2023-10-02 00:00:00,-0.0
2023-10-02 00:15:00,-0.0
2023-10-02 00:30:00,-0.0
2023-10-02 00:45:00,-0.0
2023-10-02 01:00:00,-0.0
2023-10-02 01:15:00,-0.0
2023-10-02 01:30:00,-0.0
2023-10-02 01:45:00,-0.0
2023-10-02 02:00:00,-0.0
2023-10-02 02:15:00,-0.0
2023-10-02 02:30:00,-0.0
2023-10-02 02:45:00,-0.0
2023-10-02 03:00:00,-0.0
2023-10-02 03:15:00,-0.0
2023-10-02 03:30:00,-0.0
2023-10-02 03:45:00,-0.0
2023-10-02 04:00:00,-0.0
2023-10-02 04:15:00,-0.0
2023-10-02 04:30:00,-0.0
2023-10-02 04:45:00,-0.0
2023-10-02 05:00:00,-0.0
2023-10-02 05:15:00,-0.0
2023-10-02 05:30:00,-0.0
2023-10-02 05:45:00,4.74
2023-10-02 06:00:00,25.06
2023-10-02 06:15:00,86.96
2023-10-02 06:30:00,160.55
2023-10-02 06:45:00,239.46
2023-10-02 07:00:00,324.0
2023-10-02 07:15:00,387.14
2023-10-02 07:30:00,417.02
2023-10-02 07:45:00,440.47
2023-10-02 08:00:00,459.29
2023-10-02 08:15:00,473.64
2023-10-02 08:30:00,483.86
2023-10-02 08:45:00,490.34
2023-10-02 09:00:00,493.36
2023-10-02 09:15:00,489.57
2023-10-02 09:30:00,488.64
2023-10-02 09:45:00,486.21
2023-10-02 10:00:00,484.54
2023-10-02 10:15:00,481.43
2023-10-02 10:30:00,478.42
2023-10-02 10:45:00,474.63
2023-10-02 11:00:00,472.54
2023-10-02 11:15:00,469.67
2023-10-02 11:30:00,467.38
2023-10-02 11:45:00,467.69
2023-10-02 12:00:00,468.63
2023-10-02 12:15:00,470.81
2023-10-02 12:30:00,472.73
2023-10-02 12:45:00,475.48
2023-10-02 13:00:00,477.05
2023-10-02 13:15:00,477.83
2023-10-02 13:30:00,478.92
2023-10-02 13:45:00,482.08
2023-10-02 14:00:00,480.95
2023-10-02 14:15:00,478.37
2023-10-02 14:30:00,471.28
2023-10-02 14:45:00,460.09
2023-10-02 15:00:00,444.55
2023-10-02 15:15:00,412.77
2023-10-02 15:30:00,245.47
2023-10-02 15:45:00,322.02
2023-10-02 16:00:00,326.44
2023-10-02 16:15:00,238.79
2023-10-02 16:30:00,158.02
2023-10-02 16:45:00,84.87
2023-10-02 17:00:00,26.29
2023-10-02 17:15:00,1.63
2023-10-02 17:30:00,-0.0
2023-10-02 17:45:00,-0.0
2023-10-02 18:00:00,-0.0
2023-10-02 18:15:00,-0.0
2023-10-02 18:30:00,-0.0
2023-10-02 18:45:00,-0.0
2023-10-02 19:00:00,-0.0
2023-10-02 19:15:00,-0.0
2023-10-02 19:30:00,-0.0
2023-10-02 19:45:00,-0.0
2023-10-02 20:00:00,-0.0
2023-10-02 20:15:00,-0.0
2023-10-02 20:30:00,-0.0
2023-10-02 20:45:00,-0.0
2023-10-02 21:00:00,-0.0
2023-10-02 21:15:00,-0.0
2023-10-02 21:30:00,-0.0
2023-10-02 21:45:00,-0.0
2023-10-02 22:00:00,-0.0
2023-10-02 22:15:00,-0.0
2023-10-02 22:30:00,-0.0
2023-10-02 22:45:00,-0.0
2023-10-02 23:00:00,-0.0
2023-10-02 23:15:00,-0.0
2023-10-02 23:30:00,-0.0
2023-10-02 23:45:00,-0.0
2023-10-03 00:00:00,-0.0
2023-10-03 00:15:00,-0.0
2023-10-03 00:30:00,-0.0
2023-10-03 00:45:00,-0.0
2023-10-03 01:00:00,-0.0
2023-10-03 01:15:00,-0.0
2023-10-03 01:30:00,-0.0
2023-10-03 01:45:00,-0.0
2023-10-03 02:00:00,-0.0
2023-10-03 02:15:00,-0.0
2023-10-03 02:30:00,-0.0
2023-10-03 02:45:00,-0.0
2023-10-03 03:00:00,-0.0
2023-10-03 03:15:00,-0.0
2023-10-03 03:30:00,-0.0
2023-10-03 03:45:00,-0.0
2023-10-03 04:00:00,-0.0
2023-10-03 04:15:00,-0.0
2023-10-03 04:30:00,-0.0
2023-10-03 04:45:00,-0.0
2023-10-03 05:00:00,-0.0
2023-10-03 05:15:00,-0.0
2023-10-03 05:30:00,-0.0
2023-10-03 05:45:00,0.58
2023-10-03 06:00:00,2.21
2023-10-03 06:15:00,5.8
2023-10-03 06:30:00,9.28
2023-10-03 06:45:00,24.82
2023-10-03 07:00:00,232.48
2023-10-03 07:15:00,346.23
2023-10-03 07:30:00,377.24
2023-10-03 07:45:00,402.37
2023-10-03 08:00:00,423.15
2023-10-03 08:15:00,439.49
2023-10-03 08:30:00,454.91
2023-10-03 08:45:00,463.86
2023-10-03 09:00:00,469.67
2023-10-03 09:15:00,471.43
2023-10-03 09:30:00,472.57
2023-10-03 09:45:00,471.85
2023-10-03 10:00:00,471.17
2023-10-03 10:15:00,469.04
2023-10-03 10:30:00,466.54
2023-10-03 10:45:00,463.03
2023-10-03 11:00:00,460.79
2023-10-03 11:15:00,457.68
2023-10-03 11:30:00,455.07
2023-10-03 11:45:00,455.34
2023-10-03 12:00:00,456.34
2023-10-03 12:15:00,458.58
2023-10-03 12:30:00,460.11
2023-10-03 12:45:00,462.29
2023-10-03 13:00:00,463.02
2023-10-03 13:15:00,462.58
2023-10-03 13:30:00,461.95
2023-10-03 13:45:00,460.39
2023-10-03 14:00:00,456.54
2023-10-03 14:15:00,450.46
2023-10-03 14:30:00,439.53
2023-10-03 14:45:00,421.38
2023-10-03 15:00:00,402.45
2023-10-03 15:15:00,379.14
2023-10-03 15:30:00,350.48
2023-10-03 15:45:00,316.09
2023-10-03 16:00:00,272.94
2023-10-03 16:15:00,195.15
2023-10-03 16:30:00,118.63
2023-10-03 16:45:00,59.66
2023-10-03 17:00:00,16.99
2023-10-03 17:15:00,1.11
2023-10-03 17:30:00,-0.0
2023-10-03 17:45:00,-0.0
2023-10-03 18:00:00,-0.0
2023-10-03 18:15:00,-0.0
2023-10-03 18:30:00,-0.0
2023-10-03 18:45:00,-0.0
2023-10-03 19:00:00,-0.0
2023-10-03 19:15:00,-0.0
2023-10-03 19:30:00,-0.0
2023-10-03 19:45:00,-0.0
2023-10-03 20:00:00,-0.0
2023-10-03 20:15:00,-0.0
2023-10-03 20:30:00,-0.0
2023-10-03 20:45:00,-0.0
2023-10-03 21:00:00,-0.0
2023-10-03 21:15:00,-0.0
2023-10-03 21:30:00,-0.0
2023-10-03 21:45:00,-0.0
2023-10-03 22:00:00,-0.0
2023-10-03 22:15:00,-0.0
2023-10-03 22:30:00,-0.0
2023-10-03 22:45:00,-0.0
2023-10-03 23:00:00,-0.0
2023-10-03 23:15:00,-0.0
2023-10-03 23:30:00,-0.0
2023-10-03 23:45:00,-0.0
2023-10-04 00:00:00,-0.0
2023-10-04 00:15:00,-0.0
2023-10-04 00:30:00,-0.0
2023-10-04 00:45:00,-0.0
2023-10-04 01:00:00,-0.0
2023-10-04 01:15:00,-0.0
2023-10-04 01:30:00,-0.0
2023-10-04 01:45:00,-0.0
2023-10-04 02:00:00,-0.0
2023-10-04 02:15:00,-0.0
2023-10-04 02:30:00,-0.0
2023-10-04 02:45:00,-0.0
2023-10-04 03:00:00,-0.0
2023-10-04 03:15:00,-0.0
2023-10-04 03:30:00,-0.0
2023-10-04 03:45:00,-0.0
2023-10-04 04:00:00,-0.0
2023-10-04 04:15:00,-0.0
2023-10-04 04:30:00,-0.0
2023-10-04 04:45:00,-0.0
2023-10-04 05:00:00,-0.0
2023-10-04 05:15:00,-0.0
2023-10-04 05:30:00,-0.0
2023-10-04 05:45:00,3.94
2023-10-04 06:00:00,20.49
2023-10-04 06:15:00,73.31
2023-10-04 06:30:00,139.97
2023-10-04 06:45:00,216.06
2023-10-04 07:00:00,297.87
2023-10-04 07:15:00,365.27
2023-10-04 07:30:00,398.82
2023-10-04 07:45:00,428.65
2023-10-04 08:00:00,450.99
2023-10-04 08:15:00,468.57
2023-10-04 08:30:00,481.43
2023-10-04 08:45:00,490.05
2023-10-04 09:00:00,494.79
2023-10-04 09:15:00,494.41
2023-10-04 09:30:00,493.75
2023-10-04 09:45:00,491.36
2023-10-04 10:00:00,487.79
2023-10-04 10:15:00,485.04
2023-10-04 10:30:00,482.19
2023-10-04 10:45:00,478.59
2023-10-04 11:00:00,476.71
2023-10-04 11:15:00,474.03
2023-10-04 11:30:00,471.95
2023-10-04 11:45:00,472.51
2023-10-04 12:00:00,474.3
2023-10-04 12:15:00,475.73
2023-10-04 12:30:00,477.41
2023-10-04 12:45:00,479.99
2023-10-04 13:00:00,481.36
2023-10-04 13:15:00,481.72
2023-10-04 13:30:00,484.81
2023-10-04 13:45:00,485.09
2023-10-04 14:00:00,483.24
2023-10-04 14:15:00,479.26
2023-10-04 14:30:00,470.45
2023-10-04 14:45:00,457.22
2023-10-04 15:00:00,439.05
2023-10-04 15:15:00,415.3
2023-10-04 15:30:00,385.84
2023-10-04 15:45:00,346.28
2023-10-04 16:00:00,297.27
2023-10-04 16:15:00,212.03
2023-10-04 16:30:00,133.83
2023-10-04 16:45:00,62.91
2023-10-04 17:00:00,17.64
2023-10-04 17:15:00,0.75
2023-10-04 17:30:00,-0.0
2023-10-04 17:45:00,-0.0
2023-10-04 18:00:00,-0.0
2023-10-04 18:15:00,-0.0
2023-10-04 18:30:00,-0.0
2023-10-04 18:45:00,-0.0
2023-10-04 19:00:00,-0.0
2023-10-04 19:15:00,-0.0
2023-10-04 19:30:00,-0.0
2023-10-04 19:45:00,-0.0
2023-10-04 20:00:00,-0.0
2023-10-04 20:15:00,-0.0
2023-10-04 20:30:00,-0.0
2023-10-04 20:45:00,-0.0
2023-10-04 21:00:00,-0.0
2023-10-04 21:15:00,-0.0
2023-10-04 21:30:00,-0.0
2023-10-04 21:45:00,-0.0
2023-10-04 22:00:00,-0.0
2023-10-04 22:15:00,-0.0
2023-10-04 22:30:00,-0.0
2023-10-04 22:45:00,-0.0
2023-10-04 23:00:00,-0.0
2023-10-04 23:15:00,-0.0
2023-10-04 23:30:00,-0.0
2023-10-04 23:45:00,-0.0
2023-10-05 00:00:00,-0.0
2023-10-05 00:15:00,-0.0
2023-10-05 00:30:00,-0.0
2023-10-05 00:45:00,-0.0
2023-10-05 01:00:00,-0.0
2023-10-05 01:15:00,-0.0
2023-10-05 01:30:00,-0.0
2023-10-05 01:45:00,-0.0
2023-10-05 02:00:00,-0.0
2023-10-05 02:15:00,-0.0
2023-10-05 02:30:00,-0.0
2023-10-05 02:45:00,-0.0
2023-10-05 03:00:00,-0.0
2023-10-05 03:15:00,-0.0
2023-10-05 03:30:00,-0.0
2023-10-05 03:45:00,-0.0
2023-10-05 04:00:00,-0.0
2023-10-05 04:15:00,-0.0
2023-10-05 04:30:00,-0.0
2023-10-05 04:45:00,-0.0
2023-10-05 05:00:00,-0.0
2023-10-05 05:15:00,-0.0
2023-10-05 05:30:00,-0.0
2023-10-05 05:45:00,3.51
2023-10-05 06:00:00,22.59
2023-10-05 06:15:00,85.58
2023-10-05 06:30:00,164.78
2023-10-05 06:45:00,249.92
2023-10-05 07:00:00,337.73
2023-10-05 07:15:00,408.88
2023-10-05 07:30:00,437.83
2023-10-05 07:45:00,460.33
2023-10-05 08:00:00,478.01
2023-10-05 08:15:00,491.28
2023-10-05 08:30:00,497.58
2023-10-05 08:45:00,503.43
2023-10-05 09:00:00,504.91
2023-10-05 09:15:00,501.84
2023-10-05 09:30:00,498.83
2023-10-05 09:45:00,494.96
2023-10-05 10:00:00,491.34
2023-10-05 10:15:00,487.11
2023-10-05 10:30:00,483.16
2023-10-05 10:45:00,478.51
2023-10-05 11:00:00,475.32
2023-10-05 11:15:00,471.82
2023-10-05 11:30:00,468.95
2023-10-05 11:45:00,468.77
2023-10-05 12:00:00,469.99
2023-10-05 12:15:00,471.33
2023-10-05 12:30:00,472.88
2023-10-05 12:45:00,475.21
2023-10-05 13:00:00,477.06
2023-10-05 13:15:00,479.41
2023-10-05 13:30:00,480.32
2023-10-05 13:45:00,480.36
2023-10-05 14:00:00,478.68
2023-10-05 14:15:00,474.32
2023-10-05 14:30:00,465.21
2023-10-05 14:45:00,451.77
2023-10-05 15:00:00,433.97
2023-10-05 15:15:00,411.22
2023-10-05 15:30:00,383.07
2023-10-05 15:45:00,344.54
2023-10-05 16:00:00,293.8
2023-10-05 16:15:00,210.03
2023-10-05 16:30:00,132.72
2023-10-05 16:45:00,65.25
2023-10-05 17:00:00,15.39
2023-10-05 17:15:00,0.49
2023-10-05 17:30:00,-0.0
2023-10-05 17:45:00,-0.0
2023-10-05 18:00:00,-0.0
2023-10-05 18:15:00,-0.0
2023-10-05 18:30:00,-0.0
2023-10-05 18:45:00,-0.0
2023-10-05 19:00:00,-0.0
2023-10-05 19:15:00,-0.0
2023-10-05 19:30:00,-0.0
2023-10-05 19:45:00,-0.0
2023-10-05 20:00:00,-0.0
2023-10-05 20:15:00,-0.0
2023-10-05 20:30:00,-0.0
2023-10-05 20:45:00,-0.0
2023-10-05 21:00:00,-0.0
2023-10-05 21:15:00,-0.0
2023-10-05 21:30:00,-0.0
2023-10-05 21:45:00,-0.0
2023-10-05 22:00:00,-0.0
2023-10-05 22:15:00,-0.0
2023-10-05 22:30:00,-0.0
2023-10-05 22:45:00,-0.0
2023-10-05 23:00:00,-0.0
2023-10-05 23:15:00,-0.0
2023-10-05 23:30:00,-0.0
2023-10-05 23:45:00,-0.0
2023-10-06 00:00:00,-0.0
2023-10-06 00:15:00,-0.0
2023-10-06 00:30:00,-0.0
2023-10-06 00:45:00,-0.0
2023-10-06 01:00:00,-0.0
2023-10-06 01:15:00,-0.0
2023-10-06 01:30:00,-0.0
2023-10-06 01:45:00,-0.0
2023-10-06 02:00:00,-0.0
2023-10-06 02:15:00,-0.0
2023-10-06 02:30:00,-0.0
2023-10-06 02:45:00,-0.0
2023-10-06 03:00:00,-0.0
2023-10-06 03:15:00,-0.0
2023-10-06 03:30:00,-0.0
2023-10-06 03:45:00,-0.0
2023-10-06 04:00:00,-0.0
2023-10-06 04:15:00,-0.0
2023-10-06 04:30:00,-0.0
2023-10-06 04:45:00,-0.0
2023-10-06 05:00:00,-0.0
2023-10-06 05:15:00,-0.0
2023-10-06 05:30:00,-0.0
2023-10-06 05:45:00,3.16
2023-10-06 06:00:00,19.65
2023-10-06 06:15:00,75.1
2023-10-06 06:30:00,145.81
2023-10-06 06:45:00,224.26
2023-10-06 07:00:00,306.76
2023-10-06 07:15:00,378.67
2023-10-06 07:30:00,410.4
2023-10-06 07:45:00,435.4
2023-10-06 08:00:00,455.52
2023-10-06 08:15:00,470.77
2023-10-06 08:30:00,481.78
2023-10-06 08:45:00,488.91
2023-10-06 09:00:00,492.2
2023-10-06 09:15:00,490.8
2023-10-06 09:30:00,489.06
2023-10-06 09:45:00,486.09
2023-10-06 10:00:00,481.65
2023-10-06 10:15:00,478.24
2023-10-06 10:30:00,474.88
2023-10-06 10:45:00,470.86
2023-10-06 11:00:00,468.44
2023-10-06 11:15:00,465.23
2023-10-06 11:30:00,462.62
2023-10-06 11:45:00,462.94
2023-10-06 12:00:00,464.47
2023-10-06 12:15:00,465.87
2023-10-06 12:30:00,467.49
2023-10-06 12:45:00,471.31
2023-10-06 13:00:00,473.07
2023-10-06 13:15:00,473.68
2023-10-06 13:30:00,474.48
2023-10-06 13:45:00,474.38
2023-10-06 14:00:00,472.24
2023-10-06 14:15:00,467.41
2023-10-06 14:30:00,458.04
2023-10-06 14:45:00,444.24
2023-10-06 15:00:00,426.29
2023-10-06 15:15:00,403.71
2023-10-06 15:30:00,375.76
2023-10-06 15:45:00,337.91
2023-10-06 16:00:00,284.46
2023-10-06 16:15:00,202.45
2023-10-06 16:30:00,126.88
2023-10-06 16:45:00,60.83
2023-10-06 17:00:00,12.49
2023-10-06 17:15:00,-0.0
2023-10-06 17:30:00,-0.0
2023-10-06 17:45:00,-0.0
2023-10-06 18:00:00,-0.0
2023-10-06 18:15:00,-0.0
2023-10-06 18:30:00,-0.0
2023-10-06 18:45:00,-0.0
2023-10-06 19:00:00,-0.0
2023-10-06 19:15:00,-0.0
2023-10-06 19:30:00,-0.0
2023-10-06 19:45:00,-0.0
2023-10-06 20:00:00,-0.0
2023-10-06 20:15:00,-0.0
2023-10-06 20:30:00,-0.0
2023-10-06 20:45:00,-0.0
2023-10-06 21:00:00,-0.0
2023-10-06 21:15:00,-0.0
2023-10-06 21:30:00,-0.0
2023-10-06 21:45:00,-0.0
2023-10-06 22:00:00,-0.0
2023-10-06 22:15:00,-0.0
2023-10-06 22:30:00,-0.0
2023-10-06 22:45:00,-0.0
2023-10-06 23:00:00,-0.0
2023-10-06 23:15:00,-0.0
2023-10-06 23:30:00,-0.0
2023-10-06 23:45:00,-0.0
2023-10-07 00:00:00,-0.0
2023-10-07 00:15:00,-0.0
2023-10-07 00:30:00,-0.0
2023-10-07 00:45:00,-0.0
2023-10-07 01:00:00,-0.0
2023-10-07 01:15:00,-0.0
2023-10-07 01:30:00,-0.0
2023-10-07 01:45:00,-0.0
2023-10-07 02:00:00,-0.0
2023-10-07 02:15:00,-0.0
2023-10-07 02:30:00,-0.0
2023-10-07 02:45:00,-0.0
2023-10-07 03:00:00,-0.0
2023-10-07 03:15:00,-0.0
2023-10-07 03:30:00,-0.0
2023-10-07 03:45:00,-0.0
2023-10-07 04:00:00,-0.0
2023-10-07 04:15:00,-0.0
2023-10-07 04:30:00,-0.0
2023-10-07 04:45:00,-0.0
2023-10-07 05:00:00,-0.0
2023-10-07 05:15:00,-0.0
2023-10-07 05:30:00,-0.0
2023-10-07 05:45:00,2.83
2023-10-07 06:00:00,16.44
2023-10-07 06:15:00,61.79
2023-10-07 06:30:00,123.71
2023-10-07 06:45:00,195.4
2023-10-07 07:00:00,272.76
2023-10-07 07:15:00,342.96
2023-10-07 07:30:00,376.6
2023-10-07 07:45:00,403.89
2023-10-07 08:00:00,426.33
2023-10-07 08:15:00,446.95
2023-10-07 08:30:00,460.78
2023-10-07 08:45:00,470.43
2023-10-07 09:00:00,476.14
2023-10-07 09:15:00,477.62
2023-10-07 09:30:00,478.06
2023-10-07 09:45:00,476.83
2023-10-07 10:00:00,475.66
2023-10-07 10:15:00,473.1
2023-10-07 10:30:00,470.34
2023-10-07 10:45:00,466.66
2023-10-07 11:00:00,464.45
2023-10-07 11:15:00,461.43
2023-10-07 11:30:00,459.11
2023-10-07 11:45:00,460.2
2023-10-07 12:00:00,462.42
2023-10-07 12:15:00,464.3
2023-10-07 12:30:00,466.49
2023-10-07 12:45:00,469.46
2023-10-07 13:00:00,471.32
2023-10-07 13:15:00,472.11
2023-10-07 13:30:00,473.05
2023-10-07 13:45:00,473.26
2023-10-07 14:00:00,471.43
2023-10-07 14:15:00,466.6
2023-10-07 14:30:00,457.49
2023-10-07 14:45:00,444.0
2023-10-07 15:00:00,425.88
2023-10-07 15:15:00,402.37
2023-10-07 15:30:00,373.34
2023-10-07 15:45:00,334.46
2023-10-07 16:00:00,276.58
2023-10-07 16:15:00,194.48
2023-10-07 16:30:00,119.34
2023-10-07 16:45:00,55.17
2023-10-07 17:00:00,9.51
2023-10-07 17:15:00,-0.0
2023-10-07 17:30:00,-0.0
2023-10-07 17:45:00,-0.0
2023-10-07 18:00:00,-0.0
2023-10-07 18:15:00,-0.0
2023-10-07 18:30:00,-0.0
2023-10-07 18:45:00,-0.0
2023-10-07 19:00:00,-0.0
2023-10-07 19:15:00,-0.0
2023-10-07 19:30:00,-0.0
2023-10-07 19:45:00,-0.0
2023-10-07 20:00:00,-0.0
2023-10-07 20:15:00,-0.0
2023-10-07 20:30:00,-0.0
2023-10-07 20:45:00,-0.0
2023-10-07 21:00:00,-0.0
2023-10-07 21:15:00,-0.0
2023-10-07 21:30:00,-0.0
2023-10-07 21:45:00,-0.0
2023-10-07 22:00:00,-0.0
2023-10-07 22:15:00,-0.0
2023-10-07 22:30:00,-0.0
2023-10-07 22:45:00,-0.0
2023-10-07 23:00:00,-0.0
2023-10-07 23:15:00,-0.0
2023-10-07 23:30:00,-0.0
2023-10-07 23:45:00,-0.0
2023-10-08 00:00:00,-0.0
2023-10-08 00:15:00,-0.0
2023-10-08 00:30:00,-0.0
2023-10-08 00:45:00,-0.0
2023-10-08 01:00:00,-0.0
2023-10-08 01:15:00,-0.0
2023-10-08 01:30:00,-0.0
2023-10-08 01:45:00,-0.0
2023-10-08 02:00:00,-0.0
2023-10-08 02:15:00,-0.0
2023-10-08 02:30:00,-0.0
2023-10-08 02:45:00,-0.0
2023-10-08 03:00:00,-0.0
2023-10-08 03:15:00,-0.0
2023-10-08 03:30:00,-0.0
2023-10-08 03:45:00,-0.0
2023-10-08 04:00:00,-0.0
2023-10-08 04:15:00,-0.0
2023-10-08 04:30:00,-0.0
2023-10-08 04:45:00,-0.0
2023-10-08 05:00:00,-0.0
2023-10-08 05:15:00,-0.0
2023-10-08 05:30:00,-0.0
2023-10-08 05:45:00,2.49
2023-10-08 06:00:00,16.04
2023-10-08 06:15:00,64.19
2023-10-08 06:30:00,122.23
2023-10-08 06:45:00,65.08
2023-10-08 07:00:00,230.39
2023-10-08 07:15:00,356.29
2023-10-08 07:30:00,390.28
2023-10-08 07:45:00,417.28
2023-10-08 08:00:00,439.12
2023-10-08 08:15:00,455.83
2023-10-08 08:30:00,468.12
2023-10-08 08:45:00,476.34
2023-10-08 09:00:00,480.92
2023-10-08 09:15:00,481.31
2023-10-08 09:30:00,480.68
2023-10-08 09:45:00,478.77
2023-10-08 10:00:00,476.92
2023-10-08 10:15:00,472.35
2023-10-08 10:30:00,469.62
2023-10-08 10:45:00,466.11
2023-10-08 11:00:00,464.18
2023-10-08 11:15:00,461.46
2023-10-08 11:30:00,459.48
2023-10-08 11:45:00,460.57
2023-10-08 12:00:00,462.69
2023-10-08 12:15:00,464.33
2023-10-08 12:30:00,466.37
2023-10-08 12:45:00,469.02
2023-10-08 13:00:00,471.32
2023-10-08 13:15:00,472.4
2023-10-08 13:30:00,473.59
2023-10-08 13:45:00,476.71
2023-10-08 14:00:00,475.62
2023-10-08 14:15:00,471.66
2023-10-08 14:30:00,463.3
2023-10-08 14:45:00,450.65
2023-10-08 15:00:00,433.37
2023-10-08 15:15:00,410.86
2023-10-08 15:30:00,382.83
2023-10-08 15:45:00,347.33
2023-10-08 16:00:00,282.06
2023-10-08 16:15:00,198.49
2023-10-08 16:30:00,121.14
2023-10-08 16:45:00,54.59
2023-10-08 17:00:00,8.2
2023-10-08 17:15:00,-0.0
2023-10-08 17:30:00,-0.0
2023-10-08 17:45:00,-0.0
2023-10-08 18:00:00,-0.0
2023-10-08 18:15:00,-0.0
2023-10-08 18:30:00,-0.0
2023-10-08 18:45:00,-0.0
2023-10-08 19:00:00,-0.0
2023-10-08 19:15:00,-0.0
2023-10-08 19:30:00,-0.0
2023-10-08 19:45:00,-0.0
2023-10-08 20:00:00,-0.0
2023-10-08 20:15:00,-0.0
2023-10-08 20:30:00,-0.0
2023-10-08 20:45:00,-0.0
2023-10-08 21:00:00,-0.0
2023-10-08 21:15:00,-0.0
2023-10-08 21:30:00,-0.0
2023-10-08 21:45:00,-0.0
2023-10-08 22:00:00,-0.0
2023-10-08 22:15:00,-0.0
2023-10-08 22:30:00,-0.0
2023-10-08 22:45:00,-0.0
2023-10-08 23:00:00,-0.0
2023-10-08 23:15:00,-0.0
2023-10-08 23:30:00,-0.0
2023-10-08 23:45:00,-0.0
2023-10-09 00:00:00,-0.0
2023-10-09 00:15:00,-0.0
2023-10-09 00:30:00,-0.0
2023-10-09 00:45:00,-0.0
2023-10-09 01:00:00,-0.0
2023-10-09 01:15:00,-0.0
2023-10-09 01:30:00,-0.0
2023-10-09 01:45:00,-0.0
2023-10-09 02:00:00,-0.0
2023-10-09 02:15:00,-0.0
2023-10-09 02:30:00,-0.0
2023-10-09 02:45:00,-0.0
2023-10-09 03:00:00,-0.0
2023-10-09 03:15:00,-0.0
2023-10-09 03:30:00,-0.0
2023-10-09 03:45:00,-0.0
2023-10-09 04:00:00,-0.0
2023-10-09 04:15:00,-0.0
2023-10-09 04:30:00,-0.0
2023-10-09 04:45:00,-0.0
2023-10-09 05:00:00,-0.0
2023-10-09 05:15:00,-0.0
2023-10-09 05:30:00,-0.0
2023-10-09 05:45:00,-0.0
2023-10-09 06:00:00,1.72
2023-10-09 06:15:00,4.9
2023-10-09 06:30:00,13.74
2023-10-09 06:45:00,136.58
2023-10-09 07:00:00,241.62
2023-10-09 07:15:00,310.5
2023-10-09 07:30:00,344.61
2023-10-09 07:45:00,372.74
2023-10-09 08:00:00,396.26
2023-10-09 08:15:00,415.06
2023-10-09 08:30:00,429.52
2023-10-09 08:45:00,439.95
2023-10-09 09:00:00,447.43
2023-10-09 09:15:00,453.31
2023-10-09 09:30:00,455.79
2023-10-09 09:45:00,456.3
2023-10-09 10:00:00,456.43
2023-10-09 10:15:00,454.97
2023-10-09 10:30:00,453.0
2023-10-09 10:45:00,449.94
2023-10-09 11:00:00,448.15
2023-10-09 11:15:00,445.36
2023-10-09 11:30:00,443.06
2023-10-09 11:45:00,444.26
2023-10-09 12:00:00,446.35
2023-10-09 12:15:00,447.99
2023-10-09 12:30:00,449.7
2023-10-09 12:45:00,451.61
2023-10-09 13:00:00,452.76
2023-10-09 13:15:00,452.45
2023-10-09 13:30:00,452.3
2023-10-09 13:45:00,450.07
2023-10-09 14:00:00,446.85
2023-10-09 14:15:00,439.76
2023-10-09 14:30:00,428.06
2023-10-09 14:45:00,409.12
2023-10-09 15:00:00,388.63
2023-10-09 15:15:00,362.97
2023-10-09 15:30:00,331.84
2023-10-09 15:45:00,293.72
2023-10-09 16:00:00,231.27
2023-10-09 16:15:00,150.21
2023-10-09 16:30:00,85.99
2023-10-09 16:45:00,35.77
2023-10-09 17:00:00,5.06
2023-10-09 17:15:00,-0.0
2023-10-09 17:30:00,-0.0
2023-10-09 17:45:00,-0.0
2023-10-09 18:00:00,-0.0
2023-10-09 18:15:00,-0.0
2023-10-09 18:30:00,-0.0
2023-10-09 18:45:00,-0.0
2023-10-09 19:00:00,-0.0
2023-10-09 19:15:00,-0.0
2023-10-09 19:30:00,-0.0
2023-10-09 19:45:00,-0.0
2023-10-09 20:00:00,-0.0
2023-10-09 20:15:00,-0.0
2023-10-09 20:30:00,-0.0
2023-10-09 20:45:00,-0.0
2023-10-09 21:00:00,-0.0
2023-10-09 21:15:00,-0.0
2023-10-09 21:30:00,-0.0
2023-10-09 21:45:00,-0.0
2023-10-09 22:00:00,-0.0
2023-10-09 22:15:00,-0.0
2023-10-09 22:30:00,-0.0
2023-10-09 22:45:00,-0.0
2023-10-09 23:00:00,-0.0
2023-10-09 23:15:00,-0.0
2023-10-09 23:30:00,-0.0
2023-10-09 23:45:00,-0.0
2023-10-10 00:00:00,-0.0
2023-10-10 00:15:00,-0.0
2023-10-10 00:30:00,-0.0
2023-10-10 00:45:00,-0.0
2023-10-10 01:00:00,-0.0
2023-10-10 01:15:00,-0.0
2023-10-10 01:30:00,-0.0
2023-10-10 01:45:00,-0.0
2023-10-10 02:00:00,-0.0
2023-10-10 02:15:00,-0.0
2023-10-10 02:30:00,-0.0
2023-10-10 02:45:00,-0.0
2023-10-10 03:00:00,-0.0
2023-10-10 03:15:00,-0.0
2023-10-10 03:30:00,-0.0
2023-10-10 03:45:00,-0.0
2023-10-10 04:00:00,-0.0
2023-10-10 04:15:00,-0.0
2023-10-10 04:30:00,-0.0
2023-10-10 04:45:00,-0.0
2023-10-10 05:00:00,-0.0
2023-10-10 05:15:00,-0.0
2023-10-10 05:30:00,-0.0
2023-10-10 05:45:00,-0.0
2023-10-10 06:00:00,13.85
2023-10-10 06:15:00,57.88
2023-10-10 06:30:00,113.68
2023-10-10 06:45:00,56.09
2023-10-10 07:00:00,97.94
2023-10-10 07:15:00,305.53
2023-10-10 07:30:00,378.21
2023-10-10 07:45:00,404.42
2023-10-10 08:00:00,428.74
2023-10-10 08:15:00,446.13
2023-10-10 08:30:00,458.99
2023-10-10 08:45:00,467.74
2023-10-10 09:00:00,472.69
2023-10-10 09:15:00,473.13
2023-10-10 09:30:00,472.62
2023-10-10 09:45:00,470.78
2023-10-10 10:00:00,468.89
2023-10-10 10:15:00,465.85
2023-10-10 10:30:00,462.73
2023-10-10 10:45:00,458.73
2023-10-10 11:00:00,456.17
2023-10-10 11:15:00,452.85
2023-10-10 11:30:00,450.23
2023-10-10 11:45:00,451.18
2023-10-10 12:00:00,453.29
2023-10-10 12:15:00,455.25
2023-10-10 12:30:00,458.24
2023-10-10 12:45:00,451.41
2023-10-10 13:00:00,347.75
2023-10-10 13:15:00,428.2
2023-10-10 13:30:00,462.97
2023-10-10 13:45:00,461.8
2023-10-10 14:00:00,459.98
2023-10-10 14:15:00,454.03
2023-10-10 14:30:00,443.93
2023-10-10 14:45:00,429.37
2023-10-10 15:00:00,410.12
2023-10-10 15:15:00,382.62
2023-10-10 15:30:00,353.23
2023-10-10 15:45:00,316.67
2023-10-10 16:00:00,250.16
2023-10-10 16:15:00,171.71
2023-10-10 16:30:00,100.27
2023-10-10 16:45:00,39.06
2023-10-10 17:00:00,4.88
2023-10-10 17:15:00,-0.0
2023-10-10 17:30:00,-0.0
2023-10-10 17:45:00,-0.0
2023-10-10 18:00:00,-0.0
2023-10-10 18:15:00,-0.0
2023-10-10 18:30:00,-0.0
2023-10-10 18:45:00,-0.0
2023-10-10 19:00:00,-0.0
2023-10-10 19:15:00,-0.0
2023-10-10 19:30:00,-0.0
2023-10-10 19:45:00,-0.0
2023-10-10 20:00:00,-0.0
2023-10-10 20:15:00,-0.0
2023-10-10 20:30:00,-0.0
2023-10-10 20:45:00,-0.0
2023-10-10 21:00:00,-0.0
2023-10-10 21:15:00,-0.0
2023-10-10 21:30:00,-0.0
2023-10-10 21:45:00,-0.0
2023-10-10 22:00:00,-0.0
2023-10-10 22:15:00,-0.0
2023-10-10 22:30:00,-0.0
2023-10-10 22:45:00,-0.0
2023-10-10 23:00:00,-0.0
2023-10-10 23:15:00,-0.0
2023-10-10 23:30:00,-0.0
2023-10-10 23:45:00,-0.0
2023-10-11 00:00:00,-0.0
2023-10-11 00:15:00,-0.0
2023-10-11 00:30:00,-0.0
2023-10-11 00:45:00,-0.0
2023-10-11 01:00:00,-0.0
2023-10-11 01:15:00,-0.0
2023-10-11 01:30:00,-0.0
2023-10-11 01:45:00,-0.0
2023-10-11 02:00:00,-0.0
2023-10-11 02:15:00,-0.0
2023-10-11 02:30:00,-0.0
2023-10-11 02:45:00,-0.0
2023-10-11 03:00:00,-0.0
2023-10-11 03:15:00,-0.0
2023-10-11 03:30:00,-0.0
2023-10-11 03:45:00,-0.0
2023-10-11 04:00:00,-0.0
2023-10-11 04:15:00,-0.0
2023-10-11 04:30:00,-0.0
2023-10-11 04:45:00,-0.0
2023-10-11 05:00:00,-0.0
2023-10-11 05:15:00,-0.0
2023-10-11 05:30:00,-0.0
2023-10-11 05:45:00,-0.0
2023-10-11 06:00:00,12.41
2023-10-11 06:15:00,56.4
2023-10-11 06:30:00,113.19
2023-10-11 06:45:00,56.02
2023-10-11 07:00:00,87.33
2023-10-11 07:15:00,155.06
2023-10-11 07:30:00,339.21
2023-10-11 07:45:00,410.15
2023-10-11 08:00:00,432.01
2023-10-11 08:15:00,448.86
2023-10-11 08:30:00,461.19
2023-10-11 08:45:00,469.35
2023-10-11 09:00:00,474.31
2023-10-11 09:15:00,475.01
2023-10-11 09:30:00,474.49
2023-10-11 09:45:00,472.51
2023-10-11 10:00:00,468.83
2023-10-11 10:15:00,466.01
2023-10-11 10:30:00,463.18
2023-10-11 10:45:00,459.65
2023-10-11 11:00:00,457.43
2023-10-11 11:15:00,454.72
2023-10-11 11:30:00,452.87
2023-10-11 11:45:00,454.26
2023-10-11 12:00:00,455.95
2023-10-11 12:15:00,457.86
2023-10-11 12:30:00,461.02
2023-10-11 12:45:00,462.96
2023-10-11 13:00:00,464.74
2023-10-11 13:15:00,466.1
2023-10-11 13:30:00,467.99
2023-10-11 13:45:00,468.02
2023-10-11 14:00:00,470.05
2023-10-11 14:15:00,465.85
2023-10-11 14:30:00,457.8
2023-10-11 14:45:00,445.33
2023-10-11 15:00:00,428.9
2023-10-11 15:15:00,407.29
2023-10-11 15:30:00,380.03
2023-10-11 15:45:00,345.1
2023-10-11 16:00:00,272.38
2023-10-11 16:15:00,188.26
2023-10-11 16:30:00,108.67
2023-10-11 16:45:00,43.44
2023-10-11 17:00:00,4.04
2023-10-11 17:15:00,-0.0
2023-10-11 17:30:00,-0.0
2023-10-11 17:45:00,-0.0
2023-10-11 18:00:00,-0.0
2023-10-11 18:15:00,-0.0
2023-10-11 18:30:00,-0.0
2023-10-11 18:45:00,-0.0
2023-10-11 19:00:00,-0.0
2023-10-11 19:15:00,-0.0
2023-10-11 19:30:00,-0.0
2023-10-11 19:45:00,-0.0
2023-10-11 20:00:00,-0.0
2023-10-11 20:15:00,-0.0
2023-10-11 20:30:00,-0.0
2023-10-11 20:45:00,-0.0
2023-10-11 21:00:00,-0.0
2023-10-11 21:15:00,-0.0
2023-10-11 21:30:00,-0.0
2023-10-11 21:45:00,-0.0
2023-10-11 22:00:00,-0.0
2023-10-11 22:15:00,-0.0
2023-10-11 22:30:00,-0.0
2023-10-11 22:45:00,-0.0
2023-10-11 23:00:00,-0.0
2023-10-11 23:15:00,-0.0
2023-10-11 23:30:00,-0.0
2023-10-11 23:45:00,-0.0
2023-10-12 00:00:00,-0.0
2023-10-12 00:15:00,-0.0
2023-10-12 00:30:00,-0.0
2023-10-12 00:45:00,-0.0
2023-10-12 01:00:00,-0.0
2023-10-12 01:15:00,-0.0
2023-10-12 01:30:00,-0.0
2023-10-12 01:45:00,-0.0
2023-10-12 02:00:00,-0.0
2023-10-12 02:15:00,-0.0
2023-10-12 02:30:00,-0.0
2023-10-12 02:45:00,-0.0
2023-10-12 03:00:00,-0.0
2023-10-12 03:15:00,-0.0
2023-10-12 03:30:00,-0.0
2023-10-12 03:45:00,-0.0
2023-10-12 04:00:00,-0.0
2023-10-12 04:15:00,-0.0
2023-10-12 04:30:00,-0.0
2023-10-12 04:45:00,-0.0
2023-10-12 05:00:00,-0.0
2023-10-12 05:15:00,-0.0
2023-10-12 05:30:00,-0.0
2023-10-12 05:45:00,-0.0
2023-10-12 06:00:00,12.74
2023-10-12 06:15:00,61.33
2023-10-12 06:30:00,135.53
2023-10-12 06:45:00,210.78
2023-10-12 07:00:00,164.3
2023-10-12 07:15:00,335.25
2023-10-12 07:30:00,416.96
2023-10-12 07:45:00,439.23
2023-10-12 08:00:00,456.46
2023-10-12 08:15:00,469.32
2023-10-12 08:30:00,478.25
2023-10-12 08:45:00,480.84
2023-10-12 09:00:00,481.46
2023-10-12 09:15:00,479.66
2023-10-12 09:30:00,477.1
2023-10-12 09:45:00,473.63
2023-10-12 10:00:00,465.99
2023-10-12 10:15:00,462.53
2023-10-12 10:30:00,458.97
2023-10-12 10:45:00,454.88
2023-10-12 11:00:00,452.95
2023-10-12 11:15:00,449.89
2023-10-12 11:30:00,447.62
2023-10-12 11:45:00,448.52
2023-10-12 12:00:00,451.05
2023-10-12 12:15:00,452.66
2023-10-12 12:30:00,455.36
2023-10-12 12:45:00,456.73
2023-10-12 13:00:00,459.55
2023-10-12 13:15:00,460.14
2023-10-12 13:30:00,462.94
2023-10-12 13:45:00,462.44
2023-10-12 14:00:00,461.81
2023-10-12 14:15:00,455.64
2023-10-12 14:30:00,445.3
2023-10-12 14:45:00,430.19
2023-10-12 15:00:00,410.79
2023-10-12 15:15:00,385.67
2023-10-12 15:30:00,351.29
2023-10-12 15:45:00,312.7
2023-10-12 16:00:00,237.85
2023-10-12 16:15:00,157.95
2023-10-12 16:30:00,86.36
2023-10-12 16:45:00,29.11
2023-10-12 17:00:00,2.51
2023-10-12 17:15:00,-0.0
2023-10-12 17:30:00,-0.0
2023-10-12 17:45:00,-0.0
2023-10-12 18:00:00,-0.0
2023-10-12 18:15:00,-0.0
2023-10-12 18:30:00,-0.0
2023-10-12 18:45:00,-0.0
2023-10-12 19:00:00,-0.0
2023-10-12 19:15:00,-0.0
2023-10-12 19:30:00,-0.0
2023-10-12 19:45:00,-0.0
2023-10-12 20:00:00,-0.0
2023-10-12 20:15:00,-0.0
2023-10-12 20:30:00,-0.0
2023-10-12 20:45:00,-0.0
2023-10-12 21:00:00,-0.0
2023-10-12 21:15:00,-0.0
2023-10-12 21:30:00,-0.0
2023-10-12 21:45:00,-0.0
2023-10-12 22:00:00,-0.0
2023-10-12 22:15:00,-0.0
2023-10-12 22:30:00,-0.0
2023-10-12 22:45:00,-0.0
2023-10-12 23:00:00,-0.0
2023-10-12 23:15:00,-0.0
2023-10-12 23:30:00,-0.0
2023-10-12 23:45:00,-0.0
2023-10-13 00:00:00,-0.0
2023-10-13 00:15:00,-0.0
2023-10-13 00:30:00,-0.0
2023-10-13 00:45:00,-0.0
2023-10-13 01:00:00,-0.0
2023-10-13 01:15:00,-0.0
2023-10-13 01:30:00,-0.0
2023-10-13 01:45:00,-0.0
2023-10-13 02:00:00,-0.0
2023-10-13 02:15:00,-0.0
2023-10-13 02:30:00,-0.0
2023-10-13 02:45:00,-0.0
2023-10-13 03:00:00,-0.0
2023-10-13 03:15:00,-0.0
2023-10-13 03:30:00,-0.0
2023-10-13 03:45:00,-0.0
2023-10-13 04:00:00,-0.0
2023-10-13 04:15:00,-0.0
2023-10-13 04:30:00,-0.0
2023-10-13 04:45:00,-0.0
2023-10-13 05:00:00,-0.0
2023-10-13 05:15:00,-0.0
2023-10-13 05:30:00,-0.0
2023-10-13 05:45:00,-0.0
2023-10-13 06:00:00,12.61
2023-10-13 06:15:00,65.74
2023-10-13 06:30:00,147.13
2023-10-13 06:45:00,235.38
2023-10-13 07:00:00,319.78
2023-10-13 07:15:00,408.92
2023-10-13 07:30:00,436.2
2023-10-13 07:45:00,456.51
2023-10-13 08:00:00,471.98
2023-10-13 08:15:00,483.08
2023-10-13 08:30:00,490.3
2023-10-13 08:45:00,489.96
2023-10-13 09:00:00,489.87
2023-10-13 09:15:00,486.71
2023-10-13 09:30:00,483.13
2023-10-13 09:45:00,478.85
2023-10-13 10:00:00,472.89
2023-10-13 10:15:00,469.15
2023-10-13 10:30:00,465.46
2023-10-13 10:45:00,461.45
2023-10-13 11:00:00,456.32
2023-10-13 11:15:00,453.8
2023-10-13 11:30:00,452.12
2023-10-13 11:45:00,452.84
2023-10-13 12:00:00,452.8
2023-10-13 12:15:00,454.18
2023-10-13 12:30:00,456.28
2023-10-13 12:45:00,458.41
2023-10-13 13:00:00,460.32
2023-10-13 13:15:00,464.35
2023-10-13 13:30:00,466.62
2023-10-13 13:45:00,467.49
2023-10-13 14:00:00,468.38
2023-10-13 14:15:00,464.46
2023-10-13 14:30:00,456.66
2023-10-13 14:45:00,447.32
2023-10-13 15:00:00,432.66
2023-10-13 15:15:00,411.57
2023-10-13 15:30:00,384.35
2023-10-13 15:45:00,348.62
2023-10-13 16:00:00,266.84
2023-10-13 16:15:00,180.18
2023-10-13 16:30:00,98.15
2023-10-13 16:45:00,33.8
2023-10-13 17:00:00,2.04
2023-10-13 17:15:00,-0.0
2023-10-13 17:30:00,-0.0
2023-10-13 17:45:00,-0.0
2023-10-13 18:00:00,-0.0
2023-10-13 18:15:00,-0.0
2023-10-13 18:30:00,-0.0
2023-10-13 18:45:00,-0.0
2023-10-13 19:00:00,-0.0
2023-10-13 19:15:00,-0.0
2023-10-13 19:30:00,-0.0
2023-10-13 19:45:00,-0.0
2023-10-13 20:00:00,-0.0
2023-10-13 20:15:00,-0.0
2023-10-13 20:30:00,-0.0
2023-10-13 20:45:00,-0.0
2023-10-13 21:00:00,-0.0
2023-10-13 21:15:00,-0.0
2023-10-13 21:30:00,-0.0
2023-10-13 21:45:00,-0.0
2023-10-13 22:00:00,-0.0
2023-10-13 22:15:00,-0.0
2023-10-13 22:30:00,-0.0
2023-10-13 22:45:00,-0.0
2023-10-13 23:00:00,-0.0
2023-10-13 23:15:00,-0.0
2023-10-13 23:30:00,-0.0
2023-10-13 23:45:00,-0.0
2023-10-14 00:00:00,-0.0
2023-10-14 00:15:00,-0.0
2023-10-14 00:30:00,-0.0
2023-10-14 00:45:00,-0.0
2023-10-14 01:00:00,-0.0
2023-10-14 01:15:00,-0.0
2023-10-14 01:30:00,-0.0
2023-10-14 01:45:00,-0.0
2023-10-14 02:00:00,-0.0
2023-10-14 02:15:00,-0.0
2023-10-14 02:30:00,-0.0
2023-10-14 02:45:00,-0.0
2023-10-14 03:00:00,-0.0
2023-10-14 03:15:00,-0.0
2023-10-14 03:30:00,-0.0
2023-10-14 03:45:00,-0.0
2023-10-14 04:00:00,-0.0
2023-10-14 04:15:00,-0.0
2023-10-14 04:30:00,-0.0
2023-10-14 04:45:00,-0.0
2023-10-14 05:00:00,-0.0
2023-10-14 05:15:00,-0.0
2023-10-14 05:30:00,-0.0
2023-10-14 05:45:00,-0.0
2023-10-14 06:00:00,9.14
2023-10-14 06:15:00,38.7
2023-10-14 06:30:00,90.29
2023-10-14 06:45:00,144.57
2023-10-14 07:00:00,60.2
2023-10-14 07:15:00,104.97
2023-10-14 07:30:00,304.93
2023-10-14 07:45:00,374.25
2023-10-14 08:00:00,398.56
2023-10-14 08:15:00,417.67
2023-10-14 08:30:00,435.05
2023-10-14 08:45:00,445.95
2023-10-14 09:00:00,452.22
2023-10-14 09:15:00,454.39
2023-10-14 09:30:00,454.98
2023-10-14 09:45:00,454.02
2023-10-14 10:00:00,451.55
2023-10-14 10:15:00,449.39
2023-10-14 10:30:00,446.69
2023-10-14 10:45:00,443.14
2023-10-14 11:00:00,439.82
2023-10-14 11:15:00,436.96
2023-10-14 11:30:00,434.86
2023-10-14 11:45:00,436.37
2023-10-14 12:00:00,438.26
2023-10-14 12:15:00,439.66
2023-10-14 12:30:00,441.56
2023-10-14 12:45:00,443.05
2023-10-14 13:00:00,444.16
2023-10-14 13:15:00,443.71
2023-10-14 13:30:00,442.99
2023-10-14 13:45:00,440.45
2023-10-14 14:00:00,436.91
2023-10-14 14:15:00,427.87
2023-10-14 14:30:00,414.55
2023-10-14 14:45:00,393.53
2023-10-14 15:00:00,370.37
2023-10-14 15:15:00,341.16
2023-10-14 15:30:00,305.58
2023-10-14 15:45:00,262.35
2023-10-14 16:00:00,179.71
2023-10-14 16:15:00,111.34
2023-10-14 16:30:00,51.68
2023-10-14 16:45:00,14.64
2023-10-14 17:00:00,1.34
2023-10-14 17:15:00,-0.0
2023-10-14 17:30:00,-0.0
2023-10-14 17:45:00,-0.0
2023-10-14 18:00:00,-0.0
2023-10-14 18:15:00,-0.0
2023-10-14 18:30:00,-0.0
2023-10-14 18:45:00,-0.0
2023-10-14 19:00:00,-0.0
2023-10-14 19:15:00,-0.0
2023-10-14 19:30:00,-0.0
2023-10-14 19:45:00,-0.0
2023-10-14 20:00:00,-0.0
2023-10-14 20:15:00,-0.0
2023-10-14 20:30:00,-0.0
2023-10-14 20:45:00,-0.0
2023-10-14 21:00:00,-0.0
2023-10-14 21:15:00,-0.0
2023-10-14 21:30:00,-0.0
2023-10-14 21:45:00,-0.0
2023-10-14 22:00:00,-0.0
2023-10-14 22:15:00,-0.0
2023-10-14 22:30:00,-0.0
2023-10-14 22:45:00,-0.0
2023-10-14 23:00:00,-0.0
2023-10-14 23:15:00,-0.0
2023-10-14 23:30:00,-0.0
2023-10-14 23:45:00,-0.0
2023-10-15 00:00:00,-0.0
2023-10-15 00:15:00,-0.0
2023-10-15 00:30:00,-0.0
2023-10-15 00:45:00,-0.0
2023-10-15 01:00:00,-0.0
2023-10-15 01:15:00,-0.0
2023-10-15 01:30:00,-0.0
2023-10-15 01:45:00,-0.0
2023-10-15 02:00:00,-0.0
2023-10-15 02:15:00,-0.0
2023-10-15 02:30:00,-0.0
2023-10-15 02:45:00,-0.0
2023-10-15 03:00:00,-0.0
2023-10-15 03:15:00,-0.0
2023-10-15 03:30:00,-0.0
2023-10-15 03:45:00,-0.0
2023-10-15 04:00:00,-0.0
2023-10-15 04:15:00,-0.0
2023-10-15 04:30:00,-0.0
2023-10-15 04:45:00,-0.0
2023-10-15 05:00:00,-0.0
2023-10-15 05:15:00,-0.0
2023-10-15 05:30:00,-0.0
2023-10-15 05:45:00,-0.0
2023-10-15 06:00:00,0.99
2023-10-15 06:15:00,3.11
2023-10-15 06:30:00,6.25
2023-10-15 06:45:00,11.26
2023-10-15 07:00:00,48.94
2023-10-15 07:15:00,120.1
2023-10-15 07:30:00,198.47
2023-10-15 07:45:00,224.42
2023-10-15 08:00:00,332.24
2023-10-15 08:15:00,387.15
2023-10-15 08:30:00,403.74
2023-10-15 08:45:00,416.17
2023-10-15 09:00:00,425.22
2023-10-15 09:15:00,430.5
2023-10-15 09:30:00,433.84
2023-10-15 09:45:00,437.18
2023-10-15 10:00:00,437.67
2023-10-15 10:15:00,437.09
2023-10-15 10:30:00,435.63
2023-10-15 10:45:00,433.04
2023-10-15 11:00:00,431.58
2023-10-15 11:15:00,429.22
2023-10-15 11:30:00,427.28
2023-10-15 11:45:00,429.26
2023-10-15 12:00:00,431.82
2023-10-15 12:15:00,433.77
2023-10-15 12:30:00,436.13
2023-10-15 12:45:00,437.96
2023-10-15 13:00:00,439.56
2023-10-15 13:15:00,439.71
2023-10-15 13:30:00,439.72
2023-10-15 13:45:00,438.1
2023-10-15 14:00:00,435.03
2023-10-15 14:15:00,427.22
2023-10-15 14:30:00,415.29
2023-10-15 14:45:00,395.44
2023-10-15 15:00:00,373.9
2023-10-15 15:15:00,339.33
2023-10-15 15:30:00,222.82
2023-10-15 15:45:00,238.08
2023-10-15 16:00:00,191.47
2023-10-15 16:15:00,114.37
2023-10-15 16:30:00,55.62
2023-10-15 16:45:00,14.98
2023-10-15 17:00:00,1.03
2023-10-15 17:15:00,-0.0
2023-10-15 17:30:00,-0.0
2023-10-15 17:45:00,-0.0
2023-10-15 18:00:00,-0.0
2023-10-15 18:15:00,-0.0
2023-10-15 18:30:00,-0.0
2023-10-15 18:45:00,-0.0
2023-10-15 19:00:00,-0.0
2023-10-15 19:15:00,-0.0
2023-10-15 19:30:00,-0.0
2023-10-15 19:45:00,-0.0
2023-10-15 20:00:00,-0.0
2023-10-15 20:15:00,-0.0
2023-10-15 20:30:00,-0.0
2023-10-15 20:45:00,-0.0
2023-10-15 21:00:00,-0.0
2023-10-15 21:15:00,-0.0
2023-10-15 21:30:00,-0.0
2023-10-15 21:45:00,-0.0
2023-10-15 22:00:00,-0.0
2023-10-15 22:15:00,-0.0
2023-10-15 22:30:00,-0.0
2023-10-15 22:45:00,-0.0
2023-10-15 23:00:00,-0.0
2023-10-15 23:15:00,-0.0
2023-10-15 23:30:00,-0.0
2023-10-15 23:45:00,-0.0
2023-10-16 00:00:00,-0.0
2023-10-16 00:15:00,-0.0
2023-10-16 00:30:00,-0.0
2023-10-16 00:45:00,-0.0
2023-10-16 01:00:00,-0.0
2023-10-16 01:15:00,-0.0
2023-10-16 01:30:00,-0.0
2023-10-16 01:45:00,-0.0
2023-10-16 02:00:00,-0.0
2023-10-16 02:15:00,-0.0
2023-10-16 02:30:00,-0.0
2023-10-16 02:45:00,-0.0
2023-10-16 03:00:00,-0.0
2023-10-16 03:15:00,-0.0
2023-10-16 03:30:00,-0.0
2023-10-16 03:45:00,-0.0
2023-10-16 04:00:00,-0.0
2023-10-16 04:15:00,-0.0
2023-10-16 04:30:00,-0.0
2023-10-16 04:45:00,-0.0
2023-10-16 05:00:00,-0.0
2023-10-16 05:15:00,-0.0
2023-10-16 05:30:00,-0.0
2023-10-16 05:45:00,-0.0
2023-10-16 06:00:00,0.89
2023-10-16 06:15:00,2.77
2023-10-16 06:30:00,5.71
2023-10-16 06:45:00,8.7
2023-10-16 07:00:00,19.51
2023-10-16 07:15:00,193.73
2023-10-16 07:30:00,280.6
2023-10-16 07:45:00,311.91
2023-10-16 08:00:00,338.09
2023-10-16 08:15:00,367.61
2023-10-16 08:30:00,385.43
2023-10-16 08:45:00,399.09
2023-10-16 09:00:00,409.81
2023-10-16 09:15:00,416.84
2023-10-16 09:30:00,421.81
2023-10-16 09:45:00,424.52
2023-10-16 10:00:00,426.64
2023-10-16 10:15:00,428.4
2023-10-16 10:30:00,428.0
2023-10-16 10:45:00,426.4
2023-10-16 11:00:00,425.61
2023-10-16 11:15:00,423.8
2023-10-16 11:30:00,422.45
2023-10-16 11:45:00,424.91
2023-10-16 12:00:00,427.42
2023-10-16 12:15:00,428.96
2023-10-16 12:30:00,430.86
2023-10-16 12:45:00,432.08
2023-10-16 13:00:00,432.92
2023-10-16 13:15:00,432.17
2023-10-16 13:30:00,430.97
2023-10-16 13:45:00,427.96
2023-10-16 14:00:00,423.12
2023-10-16 14:15:00,410.77
2023-10-16 14:30:00,397.11
2023-10-16 14:45:00,378.81
2023-10-16 15:00:00,355.33
2023-10-16 15:15:00,326.21
2023-10-16 15:30:00,290.85
2023-10-16 15:45:00,246.08
2023-10-16 16:00:00,164.87
2023-10-16 16:15:00,100.1
2023-10-16 16:30:00,44.46
2023-10-16 16:45:00,11.16
2023-10-16 17:00:00,0.75
2023-10-16 17:15:00,-0.0
2023-10-16 17:30:00,-0.0
2023-10-16 17:45:00,-0.0
2023-10-16 18:00:00,-0.0
2023-10-16 18:15:00,-0.0
2023-10-16 18:30:00,-0.0
2023-10-16 18:45:00,-0.0
2023-10-16 19:00:00,-0.0
2023-10-16 19:15:00,-0.0
2023-10-16 19:30:00,-0.0
2023-10-16 19:45:00,-0.0
2023-10-16 20:00:00,-0.0
2023-10-16 20:15:00,-0.0
2023-10-16 20:30:00,-0.0
2023-10-16 20:45:00,-0.0
2023-10-16 21:00:00,-0.0
2023-10-16 21:15:00,-0.0
2023-10-16 21:30:00,-0.0
2023-10-16 21:45:00,-0.0
2023-10-16 22:00:00,-0.0
2023-10-16 22:15:00,-0.0
2023-10-16 22:30:00,-0.0
2023-10-16 22:45:00,-0.0
2023-10-16 23:00:00,-0.0
2023-10-16 23:15:00,-0.0
2023-10-16 23:30:00,-0.0
2023-10-16 23:45:00,-0.0
2023-10-17 00:00:00,-0.0
2023-10-17 00:15:00,-0.0
2023-10-17 00:30:00,-0.0
2023-10-17 00:45:00,-0.0
2023-10-17 01:00:00,-0.0
2023-10-17 01:15:00,-0.0
2023-10-17 01:30:00,-0.0
2023-10-17 01:45:00,-0.0
2023-10-17 02:00:00,-0.0
2023-10-17 02:15:00,-0.0
2023-10-17 02:30:00,-0.0
2023-10-17 02:45:00,-0.0
2023-10-17 03:00:00,-0.0
2023-10-17 03:15:00,-0.0
2023-10-17 03:30:00,-0.0
2023-10-17 03:45:00,-0.0
2023-10-17 04:00:00,-0.0
2023-10-17 04:15:00,-0.0
2023-10-17 04:30:00,-0.0
2023-10-17 04:45:00,-0.0
2023-10-17 05:00:00,-0.0
2023-10-17 05:15:00,-0.0
2023-10-17 05:30:00,-0.0
2023-10-17 05:45:00,-0.0
2023-10-17 06:00:00,6.24
2023-10-17 06:15:00,20.14
2023-10-17 06:30:00,48.7
2023-10-17 06:45:00,76.35
2023-10-17 07:00:00,34.35
2023-10-17 07:15:00,138.85
2023-10-17 07:30:00,210.3
2023-10-17 07:45:00,239.04
2023-10-17 08:00:00,264.21
2023-10-17 08:15:00,294.29
2023-10-17 08:30:00,312.59
2023-10-17 08:45:00,327.31
2023-10-17 09:00:00,340.56
2023-10-17 09:15:00,351.82
2023-10-17 09:30:00,361.32
2023-10-17 09:45:00,368.43
2023-10-17 10:00:00,374.31
2023-10-17 10:15:00,378.53
2023-10-17 10:30:00,383.75
2023-10-17 10:45:00,384.51
2023-10-17 11:00:00,385.41
2023-10-17 11:15:00,384.85
2023-10-17 11:30:00,384.02
2023-10-17 11:45:00,386.05
2023-10-17 12:00:00,387.67
2023-10-17 12:15:00,388.13
2023-10-17 12:30:00,388.22
2023-10-17 12:45:00,387.34
2023-10-17 13:00:00,385.39
2023-10-17 13:15:00,381.84
2023-10-17 13:30:00,377.52
2023-10-17 13:45:00,364.77
2023-10-17 14:00:00,355.95
2023-10-17 14:15:00,343.35
2023-10-17 14:30:00,326.89
2023-10-17 14:45:00,306.32
2023-10-17 15:00:00,280.76
2023-10-17 15:15:00,250.03
2023-10-17 15:30:00,214.94
2023-10-17 15:45:00,164.38
2023-10-17 16:00:00,110.42
2023-10-17 16:15:00,64.82
2023-10-17 16:30:00,27.92
2023-10-17 16:45:00,7.97
2023-10-17 17:00:00,-0.0
2023-10-17 17:15:00,-0.0
2023-10-17 17:30:00,-0.0
2023-10-17 17:45:00,-0.0
2023-10-17 18:00:00,-0.0
2023-10-17 18:15:00,-0.0
2023-10-17 18:30:00,-0.0
2023-10-17 18:45:00,-0.0
2023-10-17 19:00:00,-0.0
2023-10-17 19:15:00,-0.0
2023-10-17 19:30:00,-0.0
2023-10-17 19:45:00,-0.0
2023-10-17 20:00:00,-0.0
2023-10-17 20:15:00,-0.0
2023-10-17 20:30:00,-0.0
2023-10-17 20:45:00,-0.0
2023-10-17 21:00:00,-0.0
2023-10-17 21:15:00,-0.0
2023-10-17 21:30:00,-0.0
2023-10-17 21:45:00,-0.0
2023-10-17 22:00:00,-0.0
2023-10-17 22:15:00,-0.0
2023-10-17 22:30:00,-0.0
2023-10-17 22:45:00,-0.0
2023-10-17 23:00:00,-0.0
2023-10-17 23:15:00,-0.0
2023-10-17 23:30:00,-0.0
2023-10-17 23:45:00,-0.0
2023-10-18 00:00:00,-0.0
2023-10-18 00:15:00,-0.0
2023-10-18 00:30:00,-0.0
2023-10-18 00:45:00,-0.0
2023-10-18 01:00:00,-0.0
2023-10-18 01:15:00,-0.0
2023-10-18 01:30:00,-0.0
2023-10-18 01:45:00,-0.0
2023-10-18 02:00:00,-0.0
2023-10-18 02:15:00,-0.0
2023-10-18 02:30:00,-0.0
2023-10-18 02:45:00,-0.0
2023-10-18 03:00:00,-0.0
2023-10-18 03:15:00,-0.0
2023-10-18 03:30:00,-0.0
2023-10-18 03:45:00,-0.0
2023-10-18 04:00:00,-0.0
2023-10-18 04:15:00,-0.0
2023-10-18 04:30:00,-0.0
2023-10-18 04:45:00,-0.0
2023-10-18 05:00:00,-0.0
2023-10-18 05:15:00,-0.0
2023-10-18 05:30:00,-0.0
2023-10-18 05:45:00,-0.0
2023-10-18 06:00:00,6.55
2023-10-18 06:15:00,23.78
2023-10-18 06:30:00,64.13
2023-10-18 06:45:00,113.35
2023-10-18 07:00:00,176.11
2023-10-18 07:15:00,242.55
2023-10-18 07:30:00,287.4
2023-10-18 07:45:00,319.9
2023-10-18 08:00:00,354.62
2023-10-18 08:15:00,377.54
2023-10-18 08:30:00,395.79
2023-10-18 08:45:00,409.55
2023-10-18 09:00:00,418.61
2023-10-18 09:15:00,422.86
2023-10-18 09:30:00,425.54
2023-10-18 09:45:00,426.06
2023-10-18 10:00:00,427.44
2023-10-18 10:15:00,426.29
2023-10-18 10:30:00,424.3
2023-10-18 10:45:00,414.31
2023-10-18 11:00:00,324.96
2023-10-18 11:15:00,295.23
2023-10-18 11:30:00,298.22
2023-10-18 11:45:00,296.02
2023-10-18 12:00:00,387.83
2023-10-18 12:15:00,417.96
2023-10-18 12:30:00,419.35
2023-10-18 12:45:00,419.9
2023-10-18 13:00:00,419.7
2023-10-18 13:15:00,418.24
2023-10-18 13:30:00,405.24
2023-10-18 13:45:00,270.09
2023-10-18 14:00:00,221.52
2023-10-18 14:15:00,212.53
2023-10-18 14:30:00,321.25
2023-10-18 14:45:00,211.09
2023-10-18 15:00:00,285.96
2023-10-18 15:15:00,303.22
2023-10-18 15:30:00,258.59
2023-10-18 15:45:00,211.05
2023-10-18 16:00:00,141.26
2023-10-18 16:15:00,61.02
2023-10-18 16:30:00,32.79
2023-10-18 16:45:00,7.83
2023-10-18 17:00:00,-0.0
2023-10-18 17:15:00,-0.0
2023-10-18 17:30:00,-0.0
2023-10-18 17:45:00,-0.0
2023-10-18 18:00:00,-0.0
2023-10-18 18:15:00,-0.0
2023-10-18 18:30:00,-0.0
2023-10-18 18:45:00,-0.0
2023-10-18 19:00:00,-0.0
2023-10-18 19:15:00,-0.0
2023-10-18 19:30:00,-0.0
2023-10-18 19:45:00,-0.0
2023-10-18 20:00:00,-0.0
2023-10-18 20:15:00,-0.0
2023-10-18 20:30:00,-0.0
2023-10-18 20:45:00,-0.0
2023-10-18 21:00:00,-0.0
2023-10-18 21:15:00,-0.0
2023-10-18 21:30:00,-0.0
2023-10-18 21:45:00,-0.0
2023-10-18 22:00:00,-0.0
2023-10-18 22:15:00,-0.0
2023-10-18 22:30:00,-0.0
2023-10-18 22:45:00,-0.0
2023-10-18 23:00:00,-0.0
2023-10-18 23:15:00,-0.0
2023-10-18 23:30:00,-0.0
2023-10-18 23:45:00,-0.0
2023-10-19 00:00:00,-0.0
2023-10-19 00:15:00,-0.0
2023-10-19 00:30:00,-0.0
2023-10-19 00:45:00,-0.0
2023-10-19 01:00:00,-0.0
2023-10-19 01:15:00,-0.0
2023-10-19 01:30:00,-0.0
2023-10-19 01:45:00,-0.0
2023-10-19 02:00:00,-0.0
2023-10-19 02:15:00,-0.0
2023-10-19 02:30:00,-0.0
2023-10-19 02:45:00,-0.0
2023-10-19 03:00:00,-0.0
2023-10-19 03:15:00,-0.0
2023-10-19 03:30:00,-0.0
2023-10-19 03:45:00,-0.0
2023-10-19 04:00:00,-0.0
2023-10-19 04:15:00,-0.0
2023-10-19 04:30:00,-0.0
2023-10-19 04:45:00,-0.0
2023-10-19 05:00:00,-0.0
2023-10-19 05:15:00,-0.0
2023-10-19 05:30:00,-0.0
2023-10-19 05:45:00,-0.0
2023-10-19 06:00:00,6.67
2023-10-19 06:15:00,29.17
2023-10-19 06:30:00,87.56
2023-10-19 06:45:00,156.46
2023-10-19 07:00:00,231.53
2023-10-19 07:15:00,310.93
2023-10-19 07:30:00,357.95
2023-10-19 07:45:00,370.69
2023-10-19 08:00:00,191.73
2023-10-19 08:15:00,363.93
2023-10-19 08:30:00,420.78
2023-10-19 08:45:00,150.32
2023-10-19 09:00:00,119.65
2023-10-19 09:15:00,386.75
2023-10-19 09:30:00,452.32
2023-10-19 09:45:00,449.02
2023-10-19 10:00:00,446.06
2023-10-19 10:15:00,442.44
2023-10-19 10:30:00,438.46
2023-10-19 10:45:00,433.9
2023-10-19 11:00:00,421.59
2023-10-19 11:15:00,308.66
2023-10-19 11:30:00,388.81
2023-10-19 11:45:00,425.85
2023-10-19 12:00:00,427.71
2023-10-19 12:15:00,429.09
2023-10-19 12:30:00,430.9
2023-10-19 12:45:00,432.2
2023-10-19 13:00:00,424.92
2023-10-19 13:15:00,323.32
2023-10-19 13:30:00,396.37
2023-10-19 13:45:00,427.18
2023-10-19 14:00:00,421.35
2023-10-19 14:15:00,399.22
2023-10-19 14:30:00,273.41
2023-10-19 14:45:00,194.74
2023-10-19 15:00:00,310.39
2023-10-19 15:15:00,309.81
2023-10-19 15:30:00,172.85
2023-10-19 15:45:00,197.37
2023-10-19 16:00:00,149.24
2023-10-19 16:15:00,79.21
2023-10-19 16:30:00,34.31
2023-10-19 16:45:00,6.02
2023-10-19 17:00:00,-0.0
2023-10-19 17:15:00,-0.0
2023-10-19 17:30:00,-0.0
2023-10-19 17:45:00,-0.0
2023-10-19 18:00:00,-0.0
2023-10-19 18:15:00,-0.0
2023-10-19 18:30:00,-0.0
2023-10-19 18:45:00,-0.0
2023-10-19 19:00:00,-0.0
2023-10-19 19:15:00,-0.0
2023-10-19 19:30:00,-0.0
2023-10-19 19:45:00,-0.0
2023-10-19 20:00:00,-0.0
2023-10-19 20:15:00,-0.0
2023-10-19 20:30:00,-0.0
2023-10-19 20:45:00,-0.0
2023-10-19 21:00:00,-0.0
2023-10-19 21:15:00,-0.0
2023-10-19 21:30:00,-0.0
2023-10-19 21:45:00,-0.0
2023-10-19 22:00:00,-0.0
2023-10-19 22:15:00,-0.0
2023-10-19 22:30:00,-0.0
2023-10-19 22:45:00,-0.0
2023-10-19 23:00:00,-0.0
2023-10-19 23:15:00,-0.0
2023-10-19 23:30:00,-0.0
2023-10-19 23:45:00,-0.0
2023-10-20 00:00:00,-0.0
2023-10-20 00:15:00,-0.0
2023-10-20 00:30:00,-0.0
2023-10-20 00:45:00,-0.0
2023-10-20 01:00:00,-0.0
2023-10-20 01:15:00,-0.0
2023-10-20 01:30:00,-0.0
2023-10-20 01:45:00,-0.0
2023-10-20 02:00:00,-0.0
2023-10-20 02:15:00,-0.0
2023-10-20 02:30:00,-0.0
2023-10-20 02:45:00,-0.0
2023-10-20 03:00:00,-0.0
2023-10-20 03:15:00,-0.0
2023-10-20 03:30:00,-0.0
2023-10-20 03:45:00,-0.0
2023-10-20 04:00:00,-0.0
2023-10-20 04:15:00,-0.0
2023-10-20 04:30:00,-0.0
2023-10-20 04:45:00,-0.0
2023-10-20 05:00:00,-0.0
2023-10-20 05:15:00,-0.0
2023-10-20 05:30:00,-0.0
2023-10-20 05:45:00,-0.0
2023-10-20 06:00:00,0.74
2023-10-20 06:15:00,2.4
2023-10-20 06:30:00,5.95
2023-10-20 06:45:00,15.98
2023-10-20 07:00:00,150.1
2023-10-20 07:15:00,101.4
2023-10-20 07:30:00,105.66
2023-10-20 07:45:00,163.07
2023-10-20 08:00:00,321.86
2023-10-20 08:15:00,121.65
2023-10-20 08:30:00,83.97
2023-10-20 08:45:00,145.51
2023-10-20 09:00:00,242.16
2023-10-20 09:15:00,234.11
2023-10-20 09:30:00,218.16
2023-10-20 09:45:00,222.7
2023-10-20 10:00:00,258.84
2023-10-20 10:15:00,279.23
2023-10-20 10:30:00,281.08
2023-10-20 10:45:00,285.16
2023-10-20 11:00:00,286.51
2023-10-20 11:15:00,373.76
2023-10-20 11:30:00,389.03
2023-10-20 11:45:00,289.99
2023-10-20 12:00:00,258.89
2023-10-20 12:15:00,264.48
2023-10-20 12:30:00,268.35
2023-10-20 12:45:00,239.16
2023-10-20 13:00:00,238.54
2023-10-20 13:15:00,231.51
2023-10-20 13:30:00,238.47
2023-10-20 13:45:00,330.4
2023-10-20 14:00:00,245.08
2023-10-20 14:15:00,191.77
2023-10-20 14:30:00,179.69
2023-10-20 14:45:00,152.15
2023-10-20 15:00:00,142.68
2023-10-20 15:15:00,122.19
2023-10-20 15:30:00,87.26
2023-10-20 15:45:00,81.55
2023-10-20 16:00:00,52.53
2023-10-20 16:15:00,32.25
2023-10-20 16:30:00,20.86
2023-10-20 16:45:00,4.88
2023-10-20 17:00:00,-0.0
2023-10-20 17:15:00,-0.0
2023-10-20 17:30:00,-0.0
2023-10-20 17:45:00,-0.0
2023-10-20 18:00:00,-0.0
2023-10-20 18:15:00,-0.0
2023-10-20 18:30:00,-0.0
2023-10-20 18:45:00,-0.0
2023-10-20 19:00:00,-0.0
2023-10-20 19:15:00,-0.0
2023-10-20 19:30:00,-0.0
2023-10-20 19:45:00,-0.0
2023-10-20 20:00:00,-0.0
2023-10-20 20:15:00,-0.0
2023-10-20 20:30:00,-0.0
2023-10-20 20:45:00,-0.0
2023-10-20 21:00:00,-0.0
2023-10-20 21:15:00,-0.0
2023-10-20 21:30:00,-0.0
2023-10-20 21:45:00,-0.0
2023-10-20 22:00:00,-0.0
2023-10-20 22:15:00,-0.0
2023-10-20 22:30:00,-0.0
2023-10-20 22:45:00,-0.0
2023-10-20 23:00:00,-0.0
2023-10-20 23:15:00,-0.0
2023-10-20 23:30:00,-0.0
2023-10-20 23:45:00,-0.0
2023-10-21 00:00:00,-0.0
2023-10-21 00:15:00,-0.0
2023-10-21 00:30:00,-0.0
2023-10-21 00:45:00,-0.0
2023-10-21 01:00:00,-0.0
2023-10-21 01:15:00,-0.0
2023-10-21 01:30:00,-0.0
2023-10-21 01:45:00,-0.0
2023-10-21 02:00:00,-0.0
2023-10-21 02:15:00,-0.0
2023-10-21 02:30:00,-0.0
2023-10-21 02:45:00,-0.0
2023-10-21 03:00:00,-0.0
2023-10-21 03:15:00,-0.0
2023-10-21 03:30:00,-0.0
2023-10-21 03:45:00,-0.0
2023-10-21 04:00:00,-0.0
2023-10-21 04:15:00,-0.0
2023-10-21 04:30:00,-0.0
2023-10-21 04:45:00,-0.0
2023-10-21 05:00:00,-0.0
2023-10-21 05:15:00,-0.0
2023-10-21 05:30:00,-0.0
2023-10-21 05:45:00,-0.0
2023-10-21 06:00:00,0.98
2023-10-21 06:15:00,3.29
2023-10-21 06:30:00,7.81
2023-10-21 06:45:00,13.42
2023-10-21 07:00:00,49.32
2023-10-21 07:15:00,105.04
2023-10-21 07:30:00,120.03
2023-10-21 07:45:00,148.2
2023-10-21 08:00:00,99.58
2023-10-21 08:15:00,205.57
2023-10-21 08:30:00,142.91
2023-10-21 08:45:00,173.92
2023-10-21 09:00:00,408.31
2023-10-21 09:15:00,461.75
2023-10-21 09:30:00,457.29
2023-10-21 09:45:00,451.86
2023-10-21 10:00:00,447.18
2023-10-21 10:15:00,442.1
2023-10-21 10:30:00,424.3
2023-10-21 10:45:00,260.44
2023-10-21 11:00:00,284.0
2023-10-21 11:15:00,308.59
2023-10-21 11:30:00,392.64
2023-10-21 11:45:00,419.38
2023-10-21 12:00:00,420.73
2023-10-21 12:15:00,421.41
2023-10-21 12:30:00,415.64
2023-10-21 12:45:00,319.33
2023-10-21 13:00:00,391.6
2023-10-21 13:15:00,423.12
2023-10-21 13:30:00,421.21
2023-10-21 13:45:00,416.78
2023-10-21 14:00:00,407.27
2023-10-21 14:15:00,395.72
2023-10-21 14:30:00,379.46
2023-10-21 14:45:00,358.22
2023-10-21 15:00:00,332.97
2023-10-21 15:15:00,303.68
2023-10-21 15:30:00,267.8
2023-10-21 15:45:00,205.16
2023-10-21 16:00:00,138.09
2023-10-21 16:15:00,78.92
2023-10-21 16:30:00,30.92
2023-10-21 16:45:00,4.95
2023-10-21 17:00:00,-0.0
2023-10-21 17:15:00,-0.0
2023-10-21 17:30:00,-0.0
2023-10-21 17:45:00,-0.0
2023-10-21 18:00:00,-0.0
2023-10-21 18:15:00,-0.0
2023-10-21 18:30:00,-0.0
2023-10-21 18:45:00,-0.0
2023-10-21 19:00:00,-0.0
2023-10-21 19:15:00,-0.0
2023-10-21 19:30:00,-0.0
2023-10-21 19:45:00,-0.0
2023-10-21 20:00:00,-0.0
2023-10-21 20:15:00,-0.0
2023-10-21 20:30:00,-0.0
2023-10-21 20:45:00,-0.0
2023-10-21 21:00:00,-0.0
2023-10-21 21:15:00,-0.0
2023-10-21 21:30:00,-0.0
2023-10-21 21:45:00,-0.0
2023-10-21 22:00:00,-0.0
2023-10-21 22:15:00,-0.0
2023-10-21 22:30:00,-0.0
2023-10-21 22:45:00,-0.0
2023-10-21 23:00:00,-0.0
2023-10-21 23:15:00,-0.0
2023-10-21 23:30:00,-0.0
2023-10-21 23:45:00,-0.0
2023-10-22 00:00:00,-0.0
2023-10-22 00:15:00,-0.0
2023-10-22 00:30:00,-0.0
2023-10-22 00:45:00,-0.0
2023-10-22 01:00:00,-0.0
2023-10-22 01:15:00,-0.0
2023-10-22 01:30:00,-0.0
2023-10-22 01:45:00,-0.0
2023-10-22 02:00:00,-0.0
2023-10-22 02:15:00,-0.0
2023-10-22 02:30:00,-0.0
2023-10-22 02:45:00,-0.0
2023-10-22 03:00:00,-0.0
2023-10-22 03:15:00,-0.0
2023-10-22 03:30:00,-0.0
2023-10-22 03:45:00,-0.0
2023-10-22 04:00:00,-0.0
2023-10-22 04:15:00,-0.0
2023-10-22 04:30:00,-0.0
2023-10-22 04:45:00,-0.0
2023-10-22 05:00:00,-0.0
2023-10-22 05:15:00,-0.0
2023-10-22 05:30:00,-0.0
2023-10-22 05:45:00,-0.0
2023-10-22 06:00:00,0.62
2023-10-22 06:15:00,2.19
2023-10-22 06:30:00,5.66
2023-10-22 06:45:00,9.01
2023-10-22 07:00:00,14.01
2023-10-22 07:15:00,80.43
2023-10-22 07:30:00,263.39
2023-10-22 07:45:00,339.83
2023-10-22 08:00:00,364.9
2023-10-22 08:15:00,385.07
2023-10-22 08:30:00,400.48
2023-10-22 08:45:00,411.66
2023-10-22 09:00:00,419.0
2023-10-22 09:15:00,424.54
2023-10-22 09:30:00,425.76
2023-10-22 09:45:00,425.02
2023-10-22 10:00:00,424.26
2023-10-22 10:15:00,422.35
2023-10-22 10:30:00,419.68
2023-10-22 10:45:00,416.26
2023-10-22 11:00:00,414.14
2023-10-22 11:15:00,411.05
2023-10-22 11:30:00,408.7
2023-10-22 11:45:00,410.3
2023-10-22 12:00:00,412.7
2023-10-22 12:15:00,414.56
2023-10-22 12:30:00,417.61
2023-10-22 12:45:00,419.72
2023-10-22 13:00:00,421.21
2023-10-22 13:15:00,421.45
2023-10-22 13:30:00,421.63
2023-10-22 13:45:00,419.81
2023-10-22 14:00:00,415.63
2023-10-22 14:15:00,404.07
2023-10-22 14:30:00,391.38
2023-10-22 14:45:00,374.19
2023-10-22 15:00:00,352.16
2023-10-22 15:15:00,325.1
2023-10-22 15:30:00,291.02
2023-10-22 15:45:00,232.76
2023-10-22 16:00:00,159.67
2023-10-22 16:15:00,88.97
2023-10-22 16:30:00,36.83
2023-10-22 16:45:00,4.9
2023-10-22 17:00:00,-0.0
2023-10-22 17:15:00,-0.0
2023-10-22 17:30:00,-0.0
2023-10-22 17:45:00,-0.0
2023-10-22 18:00:00,-0.0
2023-10-22 18:15:00,-0.0
2023-10-22 18:30:00,-0.0
2023-10-22 18:45:00,-0.0
2023-10-22 19:00:00,-0.0
2023-10-22 19:15:00,-0.0
2023-10-22 19:30:00,-0.0
2023-10-22 19:45:00,-0.0
2023-10-22 20:00:00,-0.0
2023-10-22 20:15:00,-0.0
2023-10-22 20:30:00,-0.0
2023-10-22 20:45:00,-0.0
2023-10-22 21:00:00,-0.0
2023-10-22 21:15:00,-0.0
2023-10-22 21:30:00,-0.0
2023-10-22 21:45:00,-0.0
2023-10-22 22:00:00,-0.0
2023-10-22 22:15:00,-0.0
2023-10-22 22:30:00,-0.0
2023-10-22 22:45:00,-0.0
2023-10-22 23:00:00,-0.0
2023-10-22 23:15:00,-0.0
2023-10-22 23:30:00,-0.0
2023-10-22 23:45:00,-0.0
2023-10-23 00:00:00,-0.0
2023-10-23 00:15:00,-0.0
2023-10-23 00:30:00,-0.0
2023-10-23 00:45:00,-0.0
2023-10-23 01:00:00,-0.0
2023-10-23 01:15:00,-0.0
2023-10-23 01:30:00,-0.0
2023-10-23 01:45:00,-0.0
2023-10-23 02:00:00,-0.0
2023-10-23 02:15:00,-0.0
2023-10-23 02:30:00,-0.0
2023-10-23 02:45:00,-0.0
2023-10-23 03:00:00,-0.0
2023-10-23 03:15:00,-0.0
2023-10-23 03:30:00,-0.0
2023-10-23 03:45:00,-0.0
2023-10-23 04:00:00,-0.0
2023-10-23 04:15:00,-0.0
2023-10-23 04:30:00,-0.0
2023-10-23 04:45:00,-0.0
2023-10-23 05:00:00,-0.0
2023-10-23 05:15:00,-0.0
2023-10-23 05:30:00,-0.0
2023-10-23 05:45:00,-0.0
2023-10-23 06:00:00,4.52
2023-10-23 06:15:00,25.24
2023-10-23 06:30:00,91.12
2023-10-23 06:45:00,162.07
2023-10-23 07:00:00,86.26
2023-10-23 07:15:00,276.65
2023-10-23 07:30:00,381.16
2023-10-23 07:45:00,158.89
2023-10-23 08:00:00,110.36
2023-10-23 08:15:00,384.04
2023-10-23 08:30:00,460.96
2023-10-23 08:45:00,466.24
2023-10-23 09:00:00,466.65
2023-10-23 09:15:00,462.22
2023-10-23 09:30:00,456.76
2023-10-23 09:45:00,450.79
2023-10-23 10:00:00,445.5
2023-10-23 10:15:00,439.91
2023-10-23 10:30:00,434.47
2023-10-23 10:45:00,428.83
2023-10-23 11:00:00,425.0
2023-10-23 11:15:00,420.73
2023-10-23 11:30:00,417.48
2023-10-23 11:45:00,417.91
2023-10-23 12:00:00,418.76
2023-10-23 12:15:00,418.86
2023-10-23 12:30:00,421.26
2023-10-23 12:45:00,414.98
2023-10-23 13:00:00,304.97
2023-10-23 13:15:00,233.88
2023-10-23 13:30:00,197.38
2023-10-23 13:45:00,207.1
2023-10-23 14:00:00,211.89
2023-10-23 14:15:00,202.84
2023-10-23 14:30:00,266.22
2023-10-23 14:45:00,180.75
2023-10-23 15:00:00,148.56
2023-10-23 15:15:00,224.91
2023-10-23 15:30:00,147.28
2023-10-23 15:45:00,89.46
2023-10-23 16:00:00,64.78
2023-10-23 16:15:00,33.59
2023-10-23 16:30:00,15.34
2023-10-23 16:45:00,3.18
2023-10-23 17:00:00,-0.0
2023-10-23 17:15:00,-0.0
2023-10-23 17:30:00,-0.0
2023-10-23 17:45:00,-0.0
2023-10-23 18:00:00,-0.0
2023-10-23 18:15:00,-0.0
2023-10-23 18:30:00,-0.0
2023-10-23 18:45:00,-0.0
2023-10-23 19:00:00,-0.0
2023-10-23 19:15:00,-0.0
2023-10-23 19:30:00,-0.0
2023-10-23 19:45:00,-0.0
2023-10-23 20:00:00,-0.0
2023-10-23 20:15:00,-0.0
2023-10-23 20:30:00,-0.0
2023-10-23 20:45:00,-0.0
2023-10-23 21:00:00,-0.0
2023-10-23 21:15:00,-0.0
2023-10-23 21:30:00,-0.0
2023-10-23 21:45:00,-0.0
2023-10-23 22:00:00,-0.0
2023-10-23 22:15:00,-0.0
2023-10-23 22:30:00,-0.0
2023-10-23 22:45:00,-0.0
2023-10-23 23:00:00,-0.0
2023-10-23 23:15:00,-0.0
2023-10-23 23:30:00,-0.0
2023-10-23 23:45:00,-0.0
2023-10-24 00:00:00,-0.0
2023-10-24 00:15:00,-0.0
2023-10-24 00:30:00,-0.0
2023-10-24 00:45:00,-0.0
2023-10-24 01:00:00,-0.0
2023-10-24 01:15:00,-0.0
2023-10-24 01:30:00,-0.0
2023-10-24 01:45:00,-0.0
2023-10-24 02:00:00,-0.0
2023-10-24 02:15:00,-0.0
2023-10-24 02:30:00,-0.0
2023-10-24 02:45:00,-0.0
2023-10-24 03:00:00,-0.0
2023-10-24 03:15:00,-0.0
2023-10-24 03:30:00,-0.0
2023-10-24 03:45:00,-0.0
2023-10-24 04:00:00,-0.0
2023-10-24 04:15:00,-0.0
2023-10-24 04:30:00,-0.0
2023-10-24 04:45:00,-0.0
2023-10-24 05:00:00,-0.0
2023-10-24 05:15:00,-0.0
2023-10-24 05:30:00,-0.0
2023-10-24 05:45:00,-0.0
2023-10-24 06:00:00,1.47
2023-10-24 06:15:00,5.47
2023-10-24 06:30:00,14.26
2023-10-24 06:45:00,25.95
2023-10-24 07:00:00,76.32
2023-10-24 07:15:00,188.52
2023-10-24 07:30:00,133.88
2023-10-24 07:45:00,62.95
2023-10-24 08:00:00,169.29
2023-10-24 08:15:00,165.1
2023-10-24 08:30:00,91.58
2023-10-24 08:45:00,109.21
2023-10-24 09:00:00,192.34
2023-10-24 09:15:00,166.23
2023-10-24 09:30:00,131.67
2023-10-24 09:45:00,131.66
2023-10-24 10:00:00,161.62
2023-10-24 10:15:00,165.27
2023-10-24 10:30:00,149.47
2023-10-24 10:45:00,142.98
2023-10-24 11:00:00,210.89
2023-10-24 11:15:00,217.02
2023-10-24 11:30:00,214.16
2023-10-24 11:45:00,221.25
2023-10-24 12:00:00,198.62
2023-10-24 12:15:00,197.6
2023-10-24 12:30:00,150.81
2023-10-24 12:45:00,151.7
2023-10-24 13:00:00,146.89
2023-10-24 13:15:00,93.58
2023-10-24 13:30:00,76.0
2023-10-24 13:45:00,102.61
2023-10-24 14:00:00,99.81
2023-10-24 14:15:00,82.33
2023-10-24 14:30:00,55.0
2023-10-24 14:45:00,98.51
2023-10-24 15:00:00,104.43
2023-10-24 15:15:00,81.12
2023-10-24 15:30:00,63.96
2023-10-24 15:45:00,61.43
2023-10-24 16:00:00,57.84
2023-10-24 16:15:00,47.51
2023-10-24 16:30:00,17.95
2023-10-24 16:45:00,2.75
2023-10-24 17:00:00,-0.0
2023-10-24 17:15:00,-0.0
2023-10-24 17:30:00,-0.0
2023-10-24 17:45:00,-0.0
2023-10-24 18:00:00,-0.0
2023-10-24 18:15:00,-0.0
2023-10-24 18:30:00,-0.0
2023-10-24 18:45:00,-0.0
2023-10-24 19:00:00,-0.0
2023-10-24 19:15:00,-0.0
2023-10-24 19:30:00,-0.0
2023-10-24 19:45:00,-0.0
2023-10-24 20:00:00,-0.0
2023-10-24 20:15:00,-0.0
2023-10-24 20:30:00,-0.0
2023-10-24 20:45:00,-0.0
2023-10-24 21:00:00,-0.0
2023-10-24 21:15:00,-0.0
2023-10-24 21:30:00,-0.0
2023-10-24 21:45:00,-0.0
2023-10-24 22:00:00,-0.0
2023-10-24 22:15:00,-0.0
2023-10-24 22:30:00,-0.0
2023-10-24 22:45:00,-0.0
2023-10-24 23:00:00,-0.0
2023-10-24 23:15:00,-0.0
2023-10-24 23:30:00,-0.0
2023-10-24 23:45:00,-0.0
2023-10-25 00:00:00,-0.0
2023-10-25 00:15:00,-0.0
2023-10-25 00:30:00,-0.0
2023-10-25 00:45:00,-0.0
2023-10-25 01:00:00,-0.0
2023-10-25 01:15:00,-0.0
2023-10-25 01:30:00,-0.0
2023-10-25 01:45:00,-0.0
2023-10-25 02:00:00,-0.0
2023-10-25 02:15:00,-0.0
2023-10-25 02:30:00,-0.0
2023-10-25 02:45:00,-0.0
2023-10-25 03:00:00,-0.0
2023-10-25 03:15:00,-0.0
2023-10-25 03:30:00,-0.0
2023-10-25 03:45:00,-0.0
2023-10-25 04:00:00,-0.0
2023-10-25 04:15:00,-0.0
2023-10-25 04:30:00,-0.0
2023-10-25 04:45:00,-0.0
2023-10-25 05:00:00,-0.0
2023-10-25 05:15:00,-0.0
2023-10-25 05:30:00,-0.0
2023-10-25 05:45:00,-0.0
2023-10-25 06:00:00,0.55
2023-10-25 06:15:00,2.53
2023-10-25 06:30:00,6.64
2023-10-25 06:45:00,10.59
2023-10-25 07:00:00,27.71
2023-10-25 07:15:00,260.28
2023-10-25 07:30:00,381.91
2023-10-25 07:45:00,407.58
2023-10-25 08:00:00,426.92
2023-10-25 08:15:00,441.43
2023-10-25 08:30:00,448.94
2023-10-25 08:45:00,455.34
2023-10-25 09:00:00,458.39
2023-10-25 09:15:00,457.29
2023-10-25 09:30:00,454.35
2023-10-25 09:45:00,450.06
2023-10-25 10:00:00,446.69
2023-10-25 10:15:00,442.61
2023-10-25 10:30:00,436.95
2023-10-25 10:45:00,433.02
2023-10-25 11:00:00,431.09
2023-10-25 11:15:00,428.71
2023-10-25 11:30:00,427.42
2023-10-25 11:45:00,429.11
2023-10-25 12:00:00,431.6
2023-10-25 12:15:00,433.55
2023-10-25 12:30:00,437.33
2023-10-25 12:45:00,440.78
2023-10-25 13:00:00,443.47
2023-10-25 13:15:00,449.85
2023-10-25 13:30:00,453.78
2023-10-25 13:45:00,456.39
2023-10-25 14:00:00,456.48
2023-10-25 14:15:00,452.46
2023-10-25 14:30:00,444.45
2023-10-25 14:45:00,431.9
2023-10-25 15:00:00,416.67
2023-10-25 15:15:00,393.35
2023-10-25 15:30:00,362.08
2023-10-25 15:45:00,288.31
2023-10-25 16:00:00,200.96
2023-10-25 16:15:00,116.51
2023-10-25 16:30:00,43.7
2023-10-25 16:45:00,3.32
2023-10-25 17:00:00,-0.0
2023-10-25 17:15:00,-0.0
2023-10-25 17:30:00,-0.0
2023-10-25 17:45:00,-0.0
2023-10-25 18:00:00,-0.0
2023-10-25 18:15:00,-0.0
2023-10-25 18:30:00,-0.0
2023-10-25 18:45:00,-0.0
2023-10-25 19:00:00,-0.0
2023-10-25 19:15:00,-0.0
2023-10-25 19:30:00,-0.0
2023-10-25 19:45:00,-0.0
2023-10-25 20:00:00,-0.0
2023-10-25 20:15:00,-0.0
2023-10-25 20:30:00,-0.0
2023-10-25 20:45:00,-0.0
2023-10-25 21:00:00,-0.0
2023-10-25 21:15:00,-0.0
2023-10-25 21:30:00,-0.0
2023-10-25 21:45:00,-0.0
2023-10-25 22:00:00,-0.0
2023-10-25 22:15:00,-0.0
2023-10-25 22:30:00,-0.0
2023-10-25 22:45:00,-0.0
2023-10-25 23:00:00,-0.0
2023-10-25 23:15:00,-0.0
2023-10-25 23:30:00,-0.0
2023-10-25 23:45:00,-0.0
2023-10-26 00:00:00,-0.0
2023-10-26 00:15:00,-0.0
2023-10-26 00:30:00,-0.0
2023-10-26 00:45:00,-0.0
2023-10-26 01:00:00,-0.0
2023-10-26 01:15:00,-0.0
2023-10-26 01:30:00,-0.0
2023-10-26 01:45:00,-0.0
2023-10-26 02:00:00,-0.0
2023-10-26 02:15:00,-0.0
2023-10-26 02:30:00,-0.0
2023-10-26 02:45:00,-0.0
2023-10-26 03:00:00,-0.0
2023-10-26 03:15:00,-0.0
2023-10-26 03:30:00,-0.0
2023-10-26 03:45:00,-0.0
2023-10-26 04:00:00,-0.0
2023-10-26 04:15:00,-0.0
2023-10-26 04:30:00,-0.0
2023-10-26 04:45:00,-0.0
2023-10-26 05:00:00,-0.0
2023-10-26 05:15:00,-0.0
2023-10-26 05:30:00,-0.0
2023-10-26 05:45:00,-0.0
2023-10-26 06:00:00,2.79
2023-10-26 06:15:00,23.37
2023-10-26 06:30:00,90.18
2023-10-26 06:45:00,164.66
2023-10-26 07:00:00,88.16
2023-10-26 07:15:00,278.76
2023-10-26 07:30:00,408.33
2023-10-26 07:45:00,429.5
2023-10-26 08:00:00,444.73
2023-10-26 08:15:00,455.85
2023-10-26 08:30:00,459.1
2023-10-26 08:45:00,462.73
2023-10-26 09:00:00,463.35
2023-10-26 09:15:00,460.35
2023-10-26 09:30:00,455.96
2023-10-26 09:45:00,450.59
2023-10-26 10:00:00,446.35
2023-10-26 10:15:00,441.73
2023-10-26 10:30:00,437.31
2023-10-26 10:45:00,432.65
2023-10-26 11:00:00,430.33
2023-10-26 11:15:00,427.58
2023-10-26 11:30:00,426.0
2023-10-26 11:45:00,427.32
2023-10-26 12:00:00,429.55
2023-10-26 12:15:00,431.23
2023-10-26 12:30:00,434.91
2023-10-26 12:45:00,438.11
2023-10-26 13:00:00,440.47
2023-10-26 13:15:00,443.64
2023-10-26 13:30:00,449.73
2023-10-26 13:45:00,451.52
2023-10-26 14:00:00,450.24
2023-10-26 14:15:00,444.53
2023-10-26 14:30:00,434.46
2023-10-26 14:45:00,422.06
2023-10-26 15:00:00,402.77
2023-10-26 15:15:00,378.49
2023-10-26 15:30:00,346.23
2023-10-26 15:45:00,270.55
2023-10-26 16:00:00,185.92
2023-10-26 16:15:00,105.07
2023-10-26 16:30:00,37.45
2023-10-26 16:45:00,2.42
2023-10-26 17:00:00,-0.0
2023-10-26 17:15:00,-0.0
2023-10-26 17:30:00,-0.0
2023-10-26 17:45:00,-0.0
2023-10-26 18:00:00,-0.0
2023-10-26 18:15:00,-0.0
2023-10-26 18:30:00,-0.0
2023-10-26 18:45:00,-0.0
2023-10-26 19:00:00,-0.0
2023-10-26 19:15:00,-0.0
2023-10-26 19:30:00,-0.0
2023-10-26 19:45:00,-0.0
2023-10-26 20:00:00,-0.0
2023-10-26 20:15:00,-0.0
2023-10-26 20:30:00,-0.0
2023-10-26 20:45:00,-0.0
2023-10-26 21:00:00,-0.0
2023-10-26 21:15:00,-0.0
2023-10-26 21:30:00,-0.0
2023-10-26 21:45:00,-0.0
2023-10-26 22:00:00,-0.0
2023-10-26 22:15:00,-0.0
2023-10-26 22:30:00,-0.0
2023-10-26 22:45:00,-0.0
2023-10-26 23:00:00,-0.0
2023-10-26 23:15:00,-0.0
2023-10-26 23:30:00,-0.0
2023-10-26 23:45:00,-0.0
2023-10-27 00:00:00,-0.0
2023-10-27 00:15:00,-0.0
2023-10-27 00:30:00,-0.0
2023-10-27 00:45:00,-0.0
2023-10-27 01:00:00,-0.0
2023-10-27 01:15:00,-0.0
2023-10-27 01:30:00,-0.0
2023-10-27 01:45:00,-0.0
2023-10-27 02:00:00,-0.0
2023-10-27 02:15:00,-0.0
2023-10-27 02:30:00,-0.0
2023-10-27 02:45:00,-0.0
2023-10-27 03:00:00,-0.0
2023-10-27 03:15:00,-0.0
2023-10-27 03:30:00,-0.0
2023-10-27 03:45:00,-0.0
2023-10-27 04:00:00,-0.0
2023-10-27 04:15:00,-0.0
2023-10-27 04:30:00,-0.0
2023-10-27 04:45:00,-0.0
2023-10-27 05:00:00,-0.0
2023-10-27 05:15:00,-0.0
2023-10-27 05:30:00,-0.0
2023-10-27 05:45:00,-0.0
2023-10-27 06:00:00,2.79
2023-10-27 06:15:00,19.0
2023-10-27 06:30:00,77.73
2023-10-27 06:45:00,155.75
2023-10-27 07:00:00,239.71
2023-10-27 07:15:00,323.69
2023-10-27 07:30:00,390.42
2023-10-27 07:45:00,414.2
2023-10-27 08:00:00,428.99
2023-10-27 08:15:00,442.37
2023-10-27 08:30:00,451.39
2023-10-27 08:45:00,456.54
2023-10-27 09:00:00,457.89
2023-10-27 09:15:00,455.48
2023-10-27 09:30:00,451.23
2023-10-27 09:45:00,445.87
2023-10-27 10:00:00,440.64
2023-10-27 10:15:00,434.64
2023-10-27 10:30:00,430.25
2023-10-27 10:45:00,425.6
2023-10-27 11:00:00,423.01
2023-10-27 11:15:00,419.95
2023-10-27 11:30:00,418.02
2023-10-27 11:45:00,419.18
2023-10-27 12:00:00,421.26
2023-10-27 12:15:00,423.23
2023-10-27 12:30:00,428.44
2023-10-27 12:45:00,432.26
2023-10-27 13:00:00,435.17
2023-10-27 13:15:00,438.95
2023-10-27 13:30:00,442.59
2023-10-27 13:45:00,444.64
2023-10-27 14:00:00,444.11
2023-10-27 14:15:00,439.47
2023-10-27 14:30:00,430.82
2023-10-27 14:45:00,420.13
2023-10-27 15:00:00,401.94
2023-10-27 15:15:00,377.8
2023-10-27 15:30:00,345.59
2023-10-27 15:45:00,266.95
2023-10-27 16:00:00,182.37
2023-10-27 16:15:00,101.42
2023-10-27 16:30:00,34.19
2023-10-27 16:45:00,1.87
2023-10-27 17:00:00,-0.0
2023-10-27 17:15:00,-0.0
2023-10-27 17:30:00,-0.0
2023-10-27 17:45:00,-0.0
2023-10-27 18:00:00,-0.0
2023-10-27 18:15:00,-0.0
2023-10-27 18:30:00,-0.0
2023-10-27 18:45:00,-0.0
2023-10-27 19:00:00,-0.0
2023-10-27 19:15:00,-0.0
2023-10-27 19:30:00,-0.0
2023-10-27 19:45:00,-0.0
2023-10-27 20:00:00,-0.0
2023-10-27 20:15:00,-0.0
2023-10-27 20:30:00,-0.0
2023-10-27 20:45:00,-0.0
2023-10-27 21:00:00,-0.0
2023-10-27 21:15:00,-0.0
2023-10-27 21:30:00,-0.0
2023-10-27 21:45:00,-0.0
2023-10-27 22:00:00,-0.0
2023-10-27 22:15:00,-0.0
2023-10-27 22:30:00,-0.0
2023-10-27 22:45:00,-0.0
2023-10-27 23:00:00,-0.0
2023-10-27 23:15:00,-0.0
2023-10-27 23:30:00,-0.0
2023-10-27 23:45:00,-0.0
2023-10-28 00:00:00,-0.0
2023-10-28 00:15:00,-0.0
2023-10-28 00:30:00,-0.0
2023-10-28 00:45:00,-0.0
2023-10-28 01:00:00,-0.0
2023-10-28 01:15:00,-0.0
2023-10-28 01:30:00,-0.0
2023-10-28 01:45:00,-0.0
2023-10-28 02:00:00,-0.0
2023-10-28 02:15:00,-0.0
2023-10-28 02:30:00,-0.0
2023-10-28 02:45:00,-0.0
2023-10-28 03:00:00,-0.0
2023-10-28 03:15:00,-0.0
2023-10-28 03:30:00,-0.0
2023-10-28 03:45:00,-0.0
2023-10-28 04:00:00,-0.0
2023-10-28 04:15:00,-0.0
2023-10-28 04:30:00,-0.0
2023-10-28 04:45:00,-0.0
2023-10-28 05:00:00,-0.0
2023-10-28 05:15:00,-0.0
2023-10-28 05:30:00,-0.0
2023-10-28 05:45:00,-0.0
2023-10-28 06:00:00,1.7
2023-10-28 06:15:00,10.28
2023-10-28 06:30:00,32.96
2023-10-28 06:45:00,56.41
2023-10-28 07:00:00,58.18
2023-10-28 07:15:00,101.19
2023-10-28 07:30:00,133.63
2023-10-28 07:45:00,144.34
2023-10-28 08:00:00,88.56
2023-10-28 08:15:00,149.12
2023-10-28 08:30:00,103.18
2023-10-28 08:45:00,163.41
2023-10-28 09:00:00,163.99
2023-10-28 09:15:00,207.28
2023-10-28 09:30:00,240.39
2023-10-28 09:45:00,268.39
2023-10-28 10:00:00,250.52
2023-10-28 10:15:00,275.72
2023-10-28 10:30:00,280.51
2023-10-28 10:45:00,258.75
2023-10-28 11:00:00,259.66
2023-10-28 11:15:00,265.17
2023-10-28 11:30:00,243.99
2023-10-28 11:45:00,249.65
2023-10-28 12:00:00,249.85
2023-10-28 12:15:00,233.94
2023-10-28 12:30:00,225.71
2023-10-28 12:45:00,234.33
2023-10-28 13:00:00,373.19
2023-10-28 13:15:00,281.41
2023-10-28 13:30:00,239.91
2023-10-28 13:45:00,270.37
2023-10-28 14:00:00,390.3
2023-10-28 14:15:00,402.78
2023-10-28 14:30:00,224.64
2023-10-28 14:45:00,152.83
2023-10-28 15:00:00,159.66
2023-10-28 15:15:00,66.33
2023-10-28 15:30:00,52.92
2023-10-28 15:45:00,89.59
2023-10-28 16:00:00,130.49
2023-10-28 16:15:00,62.04
2023-10-28 16:30:00,22.74
2023-10-28 16:45:00,1.41
2023-10-28 17:00:00,-0.0
2023-10-28 17:15:00,-0.0
2023-10-28 17:30:00,-0.0
2023-10-28 17:45:00,-0.0
2023-10-28 18:00:00,-0.0
2023-10-28 18:15:00,-0.0
2023-10-28 18:30:00,-0.0
2023-10-28 18:45:00,-0.0
2023-10-28 19:00:00,-0.0
2023-10-28 19:15:00,-0.0
2023-10-28 19:30:00,-0.0
2023-10-28 19:45:00,-0.0
2023-10-28 20:00:00,-0.0
2023-10-28 20:15:00,-0.0
2023-10-28 20:30:00,-0.0
2023-10-28 20:45:00,-0.0
2023-10-28 21:00:00,-0.0
2023-10-28 21:15:00,-0.0
2023-10-28 21:30:00,-0.0
2023-10-28 21:45:00,-0.0
2023-10-28 22:00:00,-0.0
2023-10-28 22:15:00,-0.0
2023-10-28 22:30:00,-0.0
2023-10-28 22:45:00,-0.0
2023-10-28 23:00:00,-0.0
2023-10-28 23:15:00,-0.0
2023-10-28 23:30:00,-0.0
2023-10-28 23:45:00,-0.0
2023-10-29 00:00:00,-0.0
2023-10-29 00:15:00,-0.0
2023-10-29 00:30:00,-0.0
2023-10-29 00:45:00,-0.0
2023-10-29 01:00:00,-0.0
2023-10-29 01:15:00,-0.0
2023-10-29 01:30:00,-0.0
2023-10-29 01:45:00,-0.0
2023-10-29 02:00:00,-0.0
2023-10-29 02:15:00,-0.0
2023-10-29 02:30:00,-0.0
2023-10-29 02:45:00,-0.0
2023-10-29 03:00:00,-0.0
2023-10-29 03:15:00,-0.0
2023-10-29 03:30:00,-0.0
2023-10-29 03:45:00,-0.0
2023-10-29 04:00:00,-0.0
2023-10-29 04:15:00,-0.0
2023-10-29 04:30:00,-0.0
2023-10-29 04:45:00,-0.0
2023-10-29 05:00:00,-0.0
2023-10-29 05:15:00,-0.0
2023-10-29 05:30:00,-0.0
2023-10-29 05:45:00,-0.0
2023-10-29 06:00:00,-0.0
2023-10-29 06:15:00,1.84
2023-10-29 06:30:00,5.22
2023-10-29 06:45:00,9.05
2023-10-29 07:00:00,11.29
2023-10-29 07:15:00,13.05
2023-10-29 07:30:00,14.43
2023-10-29 07:45:00,16.25
2023-10-29 08:00:00,18.19
2023-10-29 08:15:00,27.24
2023-10-29 08:30:00,65.62
2023-10-29 08:45:00,86.78
2023-10-29 09:00:00,103.08
2023-10-29 09:15:00,133.09
2023-10-29 09:30:00,95.56
2023-10-29 09:45:00,121.83
2023-10-29 10:00:00,97.58
2023-10-29 10:15:00,82.51
2023-10-29 10:30:00,94.29
2023-10-29 10:45:00,108.0
2023-10-29 11:00:00,129.9
2023-10-29 11:15:00,149.35
2023-10-29 11:30:00,166.83
2023-10-29 11:45:00,182.66
2023-10-29 12:00:00,180.89
2023-10-29 12:15:00,132.28
2023-10-29 12:30:00,126.72
2023-10-29 12:45:00,195.6
2023-10-29 13:00:00,357.69
2023-10-29 13:15:00,393.35
2023-10-29 13:30:00,259.78
2023-10-29 13:45:00,182.51
2023-10-29 14:00:00,203.8
2023-10-29 14:15:00,121.13
2023-10-29 14:30:00,98.47
2023-10-29 14:45:00,95.12
2023-10-29 15:00:00,169.73
2023-10-29 15:15:00,73.55
2023-10-29 15:30:00,82.18
2023-10-29 15:45:00,160.85
2023-10-29 16:00:00,92.52
2023-10-29 16:15:00,56.98
2023-10-29 16:30:00,16.42
2023-10-29 16:45:00,1.03
2023-10-29 17:00:00,-0.0
2023-10-29 17:15:00,-0.0
2023-10-29 17:30:00,-0.0
2023-10-29 17:45:00,-0.0
2023-10-29 18:00:00,-0.0
2023-10-29 18:15:00,-0.0
2023-10-29 18:30:00,-0.0
2023-10-29 18:45:00,-0.0
2023-10-29 19:00:00,-0.0
2023-10-29 19:15:00,-0.0
2023-10-29 19:30:00,-0.0
2023-10-29 19:45:00,-0.0
2023-10-29 20:00:00,-0.0
2023-10-29 20:15:00,-0.0
2023-10-29 20:30:00,-0.0
2023-10-29 20:45:00,-0.0
2023-10-29 21:00:00,-0.0
2023-10-29 21:15:00,-0.0
2023-10-29 21:30:00,-0.0
2023-10-29 21:45:00,-0.0
2023-10-29 22:00:00,-0.0
2023-10-29 22:15:00,-0.0
2023-10-29 22:30:00,-0.0
2023-10-29 22:45:00,-0.0
2023-10-29 23:00:00,-0.0
2023-10-29 23:15:00,-0.0
2023-10-29 23:30:00,-0.0
2023-10-29 23:45:00,-0.0
2023-10-30 00:00:00,-0.0
2023-10-30 00:15:00,-0.0
2023-10-30 00:30:00,-0.0
2023-10-30 00:45:00,-0.0
2023-10-30 01:00:00,-0.0
2023-10-30 01:15:00,-0.0
2023-10-30 01:30:00,-0.0
2023-10-30 01:45:00,-0.0
2023-10-30 02:00:00,-0.0
2023-10-30 02:15:00,-0.0
2023-10-30 02:30:00,-0.0
2023-10-30 02:45:00,-0.0
2023-10-30 03:00:00,-0.0
2023-10-30 03:15:00,-0.0
2023-10-30 03:30:00,-0.0
2023-10-30 03:45:00,-0.0
2023-10-30 04:00:00,-0.0
2023-10-30 04:15:00,-0.0
2023-10-30 04:30:00,-0.0
2023-10-30 04:45:00,-0.0
2023-10-30 05:00:00,-0.0
2023-10-30 05:15:00,-0.0
2023-10-30 05:30:00,-0.0
2023-10-30 05:45:00,-0.0
2023-10-30 06:00:00,-0.0
2023-10-30 06:15:00,8.8
2023-10-30 06:30:00,32.02
2023-10-30 06:45:00,57.13
2023-10-30 07:00:00,97.63
2023-10-30 07:15:00,244.43
2023-10-30 07:30:00,337.25
2023-10-30 07:45:00,188.49
2023-10-30 08:00:00,134.74
2023-10-30 08:15:00,217.81
2023-10-30 08:30:00,224.57
2023-10-30 08:45:00,219.47
2023-10-30 09:00:00,219.72
2023-10-30 09:15:00,199.75
2023-10-30 09:30:00,183.51
2023-10-30 09:45:00,178.11
2023-10-30 10:00:00,62.8
2023-10-30 10:15:00,34.54
2023-10-30 10:30:00,110.0
2023-10-30 10:45:00,164.3
2023-10-30 11:00:00,216.78
2023-10-30 11:15:00,187.57
2023-10-30 11:30:00,143.31
2023-10-30 11:45:00,133.85
2023-10-30 12:00:00,167.78
2023-10-30 12:15:00,221.91
2023-10-30 12:30:00,238.26
2023-10-30 12:45:00,375.66
2023-10-30 13:00:00,416.82
2023-10-30 13:15:00,407.76
2023-10-30 13:30:00,247.03
2023-10-30 13:45:00,156.67
2023-10-30 14:00:00,215.32
2023-10-30 14:15:00,195.33
2023-10-30 14:30:00,131.69
2023-10-30 14:45:00,135.83
2023-10-30 15:00:00,189.11
2023-10-30 15:15:00,150.69
2023-10-30 15:30:00,128.4
2023-10-30 15:45:00,84.56
2023-10-30 16:00:00,61.39
2023-10-30 16:15:00,53.23
2023-10-30 16:30:00,16.36
2023-10-30 16:45:00,0.76
2023-10-30 17:00:00,-0.0
2023-10-30 17:15:00,-0.0
2023-10-30 17:30:00,-0.0
2023-10-30 17:45:00,-0.0
2023-10-30 18:00:00,-0.0
2023-10-30 18:15:00,-0.0
2023-10-30 18:30:00,-0.0
2023-10-30 18:45:00,-0.0
2023-10-30 19:00:00,-0.0
2023-10-30 19:15:00,-0.0
2023-10-30 19:30:00,-0.0
2023-10-30 19:45:00,-0.0
2023-10-30 20:00:00,-0.0
2023-10-30 20:15:00,-0.0
2023-10-30 20:30:00,-0.0
2023-10-30 20:45:00,-0.0
2023-10-30 21:00:00,-0.0
2023-10-30 21:15:00,-0.0
2023-10-30 21:30:00,-0.0
2023-10-30 21:45:00,-0.0
2023-10-30 22:00:00,-0.0
2023-10-30 22:15:00,-0.0
2023-10-30 22:30:00,-0.0
2023-10-30 22:45:00,-0.0
2023-10-30 23:00:00,-0.0
2023-10-30 23:15:00,-0.0
2023-10-30 23:30:00,-0.0
2023-10-30 23:45:00,-0.0
2023-10-31 00:00:00,-0.0
2023-10-31 00:15:00,-0.0
2023-10-31 00:30:00,-0.0
2023-10-31 00:45:00,-0.0
2023-10-31 01:00:00,-0.0
2023-10-31 01:15:00,-0.0
2023-10-31 01:30:00,-0.0
2023-10-31 01:45:00,-0.0
2023-10-31 02:00:00,-0.0
2023-10-31 02:15:00,-0.0
2023-10-31 02:30:00,-0.0
2023-10-31 02:45:00,-0.0
2023-10-31 03:00:00,-0.0
2023-10-31 03:15:00,-0.0
2023-10-31 03:30:00,-0.0
2023-10-31 03:45:00,-0.0
2023-10-31 04:00:00,-0.0
2023-10-31 04:15:00,-0.0
2023-10-31 04:30:00,-0.0
2023-10-31 04:45:00,-0.0
2023-10-31 05:00:00,-0.0
2023-10-31 05:15:00,-0.0
2023-10-31 05:30:00,-0.0
2023-10-31 05:45:00,-0.0
2023-10-31 06:00:00,-0.0
2023-10-31 06:15:00,1.33
2023-10-31 06:30:00,3.94
2023-10-31 06:45:00,7.28
2023-10-31 07:00:00,10.53
2023-10-31 07:15:00,14.36
2023-10-31 07:30:00,44.38
2023-10-31 07:45:00,105.58
2023-10-31 08:00:00,318.06
2023-10-31 08:15:00,390.05
2023-10-31 08:30:00,403.48
2023-10-31 08:45:00,412.6
2023-10-31 09:00:00,418.24
2023-10-31 09:15:00,420.11
2023-10-31 09:30:00,419.29
2023-10-31 09:45:00,416.61
2023-10-31 10:00:00,413.63
2023-10-31 10:15:00,411.17
2023-10-31 10:30:00,407.67
2023-10-31 10:45:00,403.61
2023-10-31 11:00:00,401.05
2023-10-31 11:15:00,398.35
2023-10-31 11:30:00,396.89
2023-10-31 11:45:00,398.96
2023-10-31 12:00:00,401.2
2023-10-31 12:15:00,403.82
2023-10-31 12:30:00,399.47
2023-10-31 12:45:00,286.59
2023-10-31 13:00:00,231.16
2023-10-31 13:15:00,371.99
2023-10-31 13:30:00,413.44
2023-10-31 13:45:00,405.73
2023-10-31 14:00:00,303.95
2023-10-31 14:15:00,366.12
2023-10-31 14:30:00,383.7
2023-10-31 14:45:00,363.95
2023-10-31 15:00:00,336.24
2023-10-31 15:15:00,300.21
2023-10-31 15:30:00,181.48
2023-10-31 15:45:00,107.75
2023-10-31 16:00:00,103.06
2023-10-31 16:15:00,54.24
2023-10-31 16:30:00,12.27
2023-10-31 16:45:00,0.57
2023-10-31 17:00:00,-0.0
2023-10-31 17:15:00,-0.0
2023-10-31 17:30:00,-0.0
2023-10-31 17:45:00,-0.0
2023-10-31 18:00:00,-0.0
2023-10-31 18:15:00,-0.0
2023-10-31 18:30:00,-0.0
2023-10-31 18:45:00,-0.0
2023-10-31 19:00:00,-0.0
2023-10-31 19:15:00,-0.0
2023-10-31 19:30:00,-0.0
2023-10-31 19:45:00,-0.0
2023-10-31 20:00:00,-0.0
2023-10-31 20:15:00,-0.0
2023-10-31 20:30:00,-0.0
2023-10-31 20:45:00,-0.0
2023-10-31 21:00:00,-0.0
2023-10-31 21:15:00,-0.0
2023-10-31 21:30:00,-0.0
2023-10-31 21:45:00,-0.0
2023-10-31 22:00:00,-0.0
2023-10-31 22:15:00,-0.0
2023-10-31 22:30:00,-0.0
2023-10-31 22:45:00,-0.0
2023-10-31 23:00:00,-0.0
2023-10-31 23:15:00,-0.0
2023-10-31 23:30:00,-0.0
2023-10-31 23:45:00,-0.0
2023-11-01 00:00:00,-0.0
2023-11-01 00:15:00,-0.0
2023-11-01 00:30:00,-0.0
2023-11-01 00:45:00,-0.0
2023-11-01 01:00:00,-0.0
2023-11-01 01:15:00,-0.0
2023-11-01 01:30:00,-0.0
2023-11-01 01:45:00,-0.0
2023-11-01 02:00:00,-0.0
2023-11-01 02:15:00,-0.0
2023-11-01 02:30:00,-0.0
2023-11-01 02:45:00,-0.0
2023-11-01 03:00:00,-0.0
2023-11-01 03:15:00,-0.0
2023-11-01 03:30:00,-0.0
2023-11-01 03:45:00,-0.0
2023-11-01 04:00:00,-0.0
2023-11-01 04:15:00,-0.0
2023-11-01 04:30:00,-0.0
2023-11-01 04:45:00,-0.0
2023-11-01 05:00:00,-0.0
2023-11-01 05:15:00,-0.0
2023-11-01 05:30:00,-0.0
2023-11-01 05:45:00,-0.0
2023-11-01 06:00:00,-0.0
2023-11-01 06:15:00,1.27
2023-11-01 06:30:00,3.7
2023-11-01 06:45:00,6.97
2023-11-01 07:00:00,10.24
2023-11-01 07:15:00,14.44
2023-11-01 07:30:00,68.9
2023-11-01 07:45:00,281.24
2023-11-01 08:00:00,353.78
2023-11-01 08:15:00,373.09
2023-11-01 08:30:00,377.2
2023-11-01 08:45:00,250.19
2023-11-01 09:00:00,364.51
2023-11-01 09:15:00,400.63
2023-11-01 09:30:00,292.68
2023-11-01 09:45:00,372.74
2023-11-01 10:00:00,404.06
2023-11-01 10:15:00,401.68
2023-11-01 10:30:00,398.12
2023-11-01 10:45:00,393.83
2023-11-01 11:00:00,390.88
2023-11-01 11:15:00,387.42
2023-11-01 11:30:00,377.27
2023-11-01 11:45:00,287.65
2023-11-01 12:00:00,350.14
2023-11-01 12:15:00,283.78
2023-11-01 12:30:00,234.13
2023-11-01 12:45:00,222.69
2023-11-01 13:00:00,211.98
2023-11-01 13:15:00,192.29
2023-11-01 13:30:00,145.74
2023-11-01 13:45:00,166.73
2023-11-01 14:00:00,181.42
2023-11-01 14:15:00,184.01
2023-11-01 14:30:00,168.07
2023-11-01 14:45:00,164.9
2023-11-01 15:00:00,135.97
2023-11-01 15:15:00,113.57
2023-11-01 15:30:00,108.05
2023-11-01 15:45:00,85.17
2023-11-01 16:00:00,56.93
2023-11-01 16:15:00,36.76
2023-11-01 16:30:00,8.35
2023-11-01 16:45:00,-0.0
2023-11-01 17:00:00,-0.0
2023-11-01 17:15:00,-0.0
2023-11-01 17:30:00,-0.0
2023-11-01 17:45:00,-0.0
2023-11-01 18:00:00,-0.0
2023-11-01 18:15:00,-0.0
2023-11-01 18:30:00,-0.0
2023-11-01 18:45:00,-0.0
2023-11-01 19:00:00,-0.0
2023-11-01 19:15:00,-0.0
2023-11-01 19:30:00,-0.0
2023-11-01 19:45:00,-0.0
2023-11-01 20:00:00,-0.0
2023-11-01 20:15:00,-0.0
2023-11-01 20:30:00,-0.0
2023-11-01 20:45:00,-0.0
2023-11-01 21:00:00,-0.0
2023-11-01 21:15:00,-0.0
2023-11-01 21:30:00,-0.0
2023-11-01 21:45:00,-0.0
2023-11-01 22:00:00,-0.0
2023-11-01 22:15:00,-0.0
2023-11-01 22:30:00,-0.0
2023-11-01 22:45:00,-0.0
2023-11-01 23:00:00,-0.0
2023-11-01 23:15:00,-0.0
2023-11-01 23:30:00,-0.0
2023-11-01 23:45:00,-0.0
2023-11-02 00:00:00,-0.0
2023-11-02 00:15:00,-0.0
2023-11-02 00:30:00,-0.0
2023-11-02 00:45:00,-0.0
2023-11-02 01:00:00,-0.0
2023-11-02 01:15:00,-0.0
2023-11-02 01:30:00,-0.0
2023-11-02 01:45:00,-0.0
2023-11-02 02:00:00,-0.0
2023-11-02 02:15:00,-0.0
2023-11-02 02:30:00,-0.0
2023-11-02 02:45:00,-0.0
2023-11-02 03:00:00,-0.0
2023-11-02 03:15:00,-0.0
2023-11-02 03:30:00,-0.0
2023-11-02 03:45:00,-0.0
2023-11-02 04:00:00,-0.0
2023-11-02 04:15:00,-0.0
2023-11-02 04:30:00,-0.0
2023-11-02 04:45:00,-0.0
2023-11-02 05:00:00,-0.0
2023-11-02 05:15:00,-0.0
2023-11-02 05:30:00,-0.0
2023-11-02 05:45:00,-0.0
2023-11-02 06:00:00,-0.0
2023-11-02 06:15:00,9.34
2023-11-02 06:30:00,42.36
2023-11-02 06:45:00,101.37
2023-11-02 07:00:00,171.82
2023-11-02 07:15:00,246.14
2023-11-02 07:30:00,323.08
2023-11-02 07:45:00,355.58
2023-11-02 08:00:00,380.88
2023-11-02 08:15:00,400.09
2023-11-02 08:30:00,414.13
2023-11-02 08:45:00,423.64
2023-11-02 09:00:00,428.53
2023-11-02 09:15:00,429.91
2023-11-02 09:30:00,428.32
2023-11-02 09:45:00,424.94
2023-11-02 10:00:00,420.78
2023-11-02 10:15:00,416.78
2023-11-02 10:30:00,413.02
2023-11-02 10:45:00,408.84
2023-11-02 11:00:00,406.68
2023-11-02 11:15:00,403.76
2023-11-02 11:30:00,402.16
2023-11-02 11:45:00,404.17
2023-11-02 12:00:00,406.64
2023-11-02 12:15:00,409.35
2023-11-02 12:30:00,413.18
2023-11-02 12:45:00,416.31
2023-11-02 13:00:00,418.69
2023-11-02 13:15:00,422.98
2023-11-02 13:30:00,424.58
2023-11-02 13:45:00,425.78
2023-11-02 14:00:00,422.13
2023-11-02 14:15:00,414.54
2023-11-02 14:30:00,402.16
2023-11-02 14:45:00,384.59
2023-11-02 15:00:00,361.42
2023-11-02 15:15:00,332.06
2023-11-02 15:30:00,286.47
2023-11-02 15:45:00,203.86
2023-11-02 16:00:00,127.85
2023-11-02 16:15:00,60.65
2023-11-02 16:30:00,11.06
2023-11-02 16:45:00,-0.0
2023-11-02 17:00:00,-0.0
2023-11-02 17:15:00,-0.0
2023-11-02 17:30:00,-0.0
2023-11-02 17:45:00,-0.0
2023-11-02 18:00:00,-0.0
2023-11-02 18:15:00,-0.0
2023-11-02 18:30:00,-0.0
2023-11-02 18:45:00,-0.0
2023-11-02 19:00:00,-0.0
2023-11-02 19:15:00,-0.0
2023-11-02 19:30:00,-0.0
2023-11-02 19:45:00,-0.0
2023-11-02 20:00:00,-0.0
2023-11-02 20:15:00,-0.0
2023-11-02 20:30:00,-0.0
2023-11-02 20:45:00,-0.0
2023-11-02 21:00:00,-0.0
2023-11-02 21:15:00,-0.0
2023-11-02 21:30:00,-0.0
2023-11-02 21:45:00,-0.0
2023-11-02 22:00:00,-0.0
2023-11-02 22:15:00,-0.0
2023-11-02 22:30:00,-0.0
2023-11-02 22:45:00,-0.0
2023-11-02 23:00:00,-0.0
2023-11-02 23:15:00,-0.0
2023-11-02 23:30:00,-0.0
2023-11-02 23:45:00,-0.0
2023-11-03 00:00:00,-0.0
2023-11-03 00:15:00,-0.0
2023-11-03 00:30:00,-0.0
2023-11-03 00:45:00,-0.0
2023-11-03 01:00:00,-0.0
2023-11-03 01:15:00,-0.0
2023-11-03 01:30:00,-0.0
2023-11-03 01:45:00,-0.0
2023-11-03 02:00:00,-0.0
2023-11-03 02:15:00,-0.0
2023-11-03 02:30:00,-0.0
2023-11-03 02:45:00,-0.0
2023-11-03 03:00:00,-0.0
2023-11-03 03:15:00,-0.0
2023-11-03 03:30:00,-0.0
2023-11-03 03:45:00,-0.0
2023-11-03 04:00:00,-0.0
2023-11-03 04:15:00,-0.0
2023-11-03 04:30:00,-0.0
2023-11-03 04:45:00,-0.0
2023-11-03 05:00:00,-0.0
2023-11-03 05:15:00,-0.0
2023-11-03 05:30:00,-0.0
2023-11-03 05:45:00,-0.0
2023-11-03 06:00:00,-0.0
2023-11-03 06:15:00,2.59
2023-11-03 06:30:00,7.79
2023-11-03 06:45:00,15.68
2023-11-03 07:00:00,24.31
2023-11-03 07:15:00,52.33
2023-11-03 07:30:00,256.07
2023-11-03 07:45:00,336.22
2023-11-03 08:00:00,360.86
2023-11-03 08:15:00,382.5
2023-11-03 08:30:00,397.43
2023-11-03 08:45:00,407.6
2023-11-03 09:00:00,413.09
2023-11-03 09:15:00,413.97
2023-11-03 09:30:00,412.03
2023-11-03 09:45:00,408.52
2023-11-03 10:00:00,404.54
2023-11-03 10:15:00,401.41
2023-11-03 10:30:00,397.03
2023-11-03 10:45:00,392.24
2023-11-03 11:00:00,388.78
2023-11-03 11:15:00,384.9
2023-11-03 11:30:00,382.07
2023-11-03 11:45:00,375.88
2023-11-03 12:00:00,288.9
2023-11-03 12:15:00,347.8
2023-11-03 12:30:00,261.07
2023-11-03 12:45:00,242.39
2023-11-03 13:00:00,239.96
2023-11-03 13:15:00,193.76
2023-11-03 13:30:00,220.06
2023-11-03 13:45:00,339.16
2023-11-03 14:00:00,232.7
2023-11-03 14:15:00,176.99
2023-11-03 14:30:00,170.38
2023-11-03 14:45:00,277.47
2023-11-03 15:00:00,291.34
2023-11-03 15:15:00,255.26
2023-11-03 15:30:00,194.0
2023-11-03 15:45:00,84.87
2023-11-03 16:00:00,43.53
2023-11-03 16:15:00,25.72
2023-11-03 16:30:00,5.73
2023-11-03 16:45:00,-0.0
2023-11-03 17:00:00,-0.0
2023-11-03 17:15:00,-0.0
2023-11-03 17:30:00,-0.0
2023-11-03 17:45:00,-0.0
2023-11-03 18:00:00,-0.0
2023-11-03 18:15:00,-0.0
2023-11-03 18:30:00,-0.0
2023-11-03 18:45:00,-0.0
2023-11-03 19:00:00,-0.0
2023-11-03 19:15:00,-0.0
2023-11-03 19:30:00,-0.0
2023-11-03 19:45:00,-0.0
2023-11-03 20:00:00,-0.0
2023-11-03 20:15:00,-0.0
2023-11-03 20:30:00,-0.0
2023-11-03 20:45:00,-0.0
2023-11-03 21:00:00,-0.0
2023-11-03 21:15:00,-0.0
2023-11-03 21:30:00,-0.0
2023-11-03 21:45:00,-0.0
2023-11-03 22:00:00,-0.0
2023-11-03 22:15:00,-0.0
2023-11-03 22:30:00,-0.0
2023-11-03 22:45:00,-0.0
2023-11-03 23:00:00,-0.0
2023-11-03 23:15:00,-0.0
2023-11-03 23:30:00,-0.0
2023-11-03 23:45:00,-0.0
2023-11-04 00:00:00,-0.0
2023-11-04 00:15:00,-0.0
2023-11-04 00:30:00,-0.0
2023-11-04 00:45:00,-0.0
2023-11-04 01:00:00,-0.0
2023-11-04 01:15:00,-0.0
2023-11-04 01:30:00,-0.0
2023-11-04 01:45:00,-0.0
2023-11-04 02:00:00,-0.0
2023-11-04 02:15:00,-0.0
2023-11-04 02:30:00,-0.0
2023-11-04 02:45:00,-0.0
2023-11-04 03:00:00,-0.0
2023-11-04 03:15:00,-0.0
2023-11-04 03:30:00,-0.0
2023-11-04 03:45:00,-0.0
2023-11-04 04:00:00,-0.0
2023-11-04 04:15:00,-0.0
2023-11-04 04:30:00,-0.0
2023-11-04 04:45:00,-0.0
2023-11-04 05:00:00,-0.0
2023-11-04 05:15:00,-0.0
2023-11-04 05:30:00,-0.0
2023-11-04 05:45:00,-0.0
2023-11-04 06:00:00,-0.0
2023-11-04 06:15:00,8.14
2023-11-04 06:30:00,40.14
2023-11-04 06:45:00,105.78
2023-11-04 07:00:00,182.39
2023-11-04 07:15:00,260.79
2023-11-04 07:30:00,341.43
2023-11-04 07:45:00,373.43
2023-11-04 08:00:00,394.15
2023-11-04 08:15:00,409.42
2023-11-04 08:30:00,420.1
2023-11-04 08:45:00,426.61
2023-11-04 09:00:00,427.34
2023-11-04 09:15:00,426.39
2023-11-04 09:30:00,421.97
2023-11-04 09:45:00,417.62
2023-11-04 10:00:00,412.67
2023-11-04 10:15:00,408.37
2023-11-04 10:30:00,403.79
2023-11-04 10:45:00,398.73
2023-11-04 11:00:00,395.38
2023-11-04 11:15:00,391.82
2023-11-04 11:30:00,389.52
2023-11-04 11:45:00,390.94
2023-11-04 12:00:00,392.66
2023-11-04 12:15:00,394.74
2023-11-04 12:30:00,398.29
2023-11-04 12:45:00,400.74
2023-11-04 13:00:00,401.99
2023-11-04 13:15:00,403.77
2023-11-04 13:30:00,403.4
2023-11-04 13:45:00,401.99
2023-11-04 14:00:00,395.49
2023-11-04 14:15:00,384.43
2023-11-04 14:30:00,368.36
2023-11-04 14:45:00,343.63
2023-11-04 15:00:00,317.56
2023-11-04 15:15:00,285.35
2023-11-04 15:30:00,235.66
2023-11-04 15:45:00,162.27
2023-11-04 16:00:00,91.29
2023-11-04 16:15:00,39.2
2023-11-04 16:30:00,5.78
2023-11-04 16:45:00,-0.0
2023-11-04 17:00:00,-0.0
2023-11-04 17:15:00,-0.0
2023-11-04 17:30:00,-0.0
2023-11-04 17:45:00,-0.0
2023-11-04 18:00:00,-0.0
2023-11-04 18:15:00,-0.0
2023-11-04 18:30:00,-0.0
2023-11-04 18:45:00,-0.0
2023-11-04 19:00:00,-0.0
2023-11-04 19:15:00,-0.0
2023-11-04 19:30:00,-0.0
2023-11-04 19:45:00,-0.0
2023-11-04 20:00:00,-0.0
2023-11-04 20:15:00,-0.0
2023-11-04 20:30:00,-0.0
2023-11-04 20:45:00,-0.0
2023-11-04 21:00:00,-0.0
2023-11-04 21:15:00,-0.0
2023-11-04 21:30:00,-0.0
2023-11-04 21:45:00,-0.0
2023-11-04 22:00:00,-0.0
2023-11-04 22:15:00,-0.0
2023-11-04 22:30:00,-0.0
2023-11-04 22:45:00,-0.0
2023-11-04 23:00:00,-0.0
2023-11-04 23:15:00,-0.0
2023-11-04 23:30:00,-0.0
2023-11-04 23:45:00,-0.0
2023-11-05 00:00:00,-0.0
2023-11-05 00:15:00,-0.0
2023-11-05 00:30:00,-0.0
2023-11-05 00:45:00,-0.0
2023-11-05 01:00:00,-0.0
2023-11-05 01:15:00,-0.0
2023-11-05 01:30:00,-0.0
2023-11-05 01:45:00,-0.0
2023-11-05 02:00:00,-0.0
2023-11-05 02:15:00,-0.0
2023-11-05 02:30:00,-0.0
2023-11-05 02:45:00,-0.0
2023-11-05 03:00:00,-0.0
2023-11-05 03:15:00,-0.0
2023-11-05 03:30:00,-0.0
2023-11-05 03:45:00,-0.0
2023-11-05 04:00:00,-0.0
2023-11-05 04:15:00,-0.0
2023-11-05 04:30:00,-0.0
2023-11-05 04:45:00,-0.0
2023-11-05 05:00:00,-0.0
2023-11-05 05:15:00,-0.0
2023-11-05 05:30:00,-0.0
2023-11-05 05:45:00,-0.0
2023-11-05 06:00:00,-0.0
2023-11-05 06:15:00,0.97
2023-11-05 06:30:00,2.99
2023-11-05 06:45:00,6.76
2023-11-05 07:00:00,10.16
2023-11-05 07:15:00,26.49
2023-11-05 07:30:00,244.1
2023-11-05 07:45:00,338.58
2023-11-05 08:00:00,363.71
2023-11-05 08:15:00,382.92
2023-11-05 08:30:00,397.05
2023-11-05 08:45:00,406.64
2023-11-05 09:00:00,410.76
2023-11-05 09:15:00,409.87
2023-11-05 09:30:00,405.48
2023-11-05 09:45:00,401.15
2023-11-05 10:00:00,395.99
2023-11-05 10:15:00,391.44
2023-11-05 10:30:00,386.52
2023-11-05 10:45:00,380.84
2023-11-05 11:00:00,376.42
2023-11-05 11:15:00,371.74
2023-11-05 11:30:00,367.99
2023-11-05 11:45:00,368.13
2023-11-05 12:00:00,369.35
2023-11-05 12:15:00,372.22
2023-11-05 12:30:00,375.61
2023-11-05 12:45:00,378.19
2023-11-05 13:00:00,379.53
2023-11-05 13:15:00,381.17
2023-11-05 13:30:00,381.38
2023-11-05 13:45:00,380.46
2023-11-05 14:00:00,375.34
2023-11-05 14:15:00,366.17
2023-11-05 14:30:00,349.58
2023-11-05 14:45:00,331.56
2023-11-05 15:00:00,308.48
2023-11-05 15:15:00,278.8
2023-11-05 15:30:00,230.61
2023-11-05 15:45:00,160.92
2023-11-05 16:00:00,96.61
2023-11-05 16:15:00,40.01
2023-11-05 16:30:00,5.91
2023-11-05 16:45:00,-0.0
2023-11-05 17:00:00,-0.0
2023-11-05 17:15:00,-0.0
2023-11-05 17:30:00,-0.0
2023-11-05 17:45:00,-0.0
2023-11-05 18:00:00,-0.0
2023-11-05 18:15:00,-0.0
2023-11-05 18:30:00,-0.0
2023-11-05 18:45:00,-0.0
2023-11-05 19:00:00,-0.0
2023-11-05 19:15:00,-0.0
2023-11-05 19:30:00,-0.0
2023-11-05 19:45:00,-0.0
2023-11-05 20:00:00,-0.0
2023-11-05 20:15:00,-0.0
2023-11-05 20:30:00,-0.0
2023-11-05 20:45:00,-0.0
2023-11-05 21:00:00,-0.0
2023-11-05 21:15:00,-0.0
2023-11-05 21:30:00,-0.0
2023-11-05 21:45:00,-0.0
2023-11-05 22:00:00,-0.0
2023-11-05 22:15:00,-0.0
2023-11-05 22:30:00,-0.0
2023-11-05 22:45:00,-0.0
2023-11-05 23:00:00,-0.0
2023-11-05 23:15:00,-0.0
2023-11-05 23:30:00,-0.0
2023-11-05 23:45:00,-0.0
2023-11-06 00:00:00,-0.0
2023-11-06 00:15:00,-0.0
2023-11-06 00:30:00,-0.0
2023-11-06 00:45:00,-0.0
2023-11-06 01:00:00,-0.0
2023-11-06 01:15:00,-0.0
2023-11-06 01:30:00,-0.0
2023-11-06 01:45:00,-0.0
2023-11-06 02:00:00,-0.0
2023-11-06 02:15:00,-0.0
2023-11-06 02:30:00,-0.0
2023-11-06 02:45:00,-0.0
2023-11-06 03:00:00,-0.0
2023-11-06 03:15:00,-0.0
2023-11-06 03:30:00,-0.0
2023-11-06 03:45:00,-0.0
2023-11-06 04:00:00,-0.0
2023-11-06 04:15:00,-0.0
2023-11-06 04:30:00,-0.0
2023-11-06 04:45:00,-0.0
2023-11-06 05:00:00,-0.0
2023-11-06 05:15:00,-0.0
2023-11-06 05:30:00,-0.0
2023-11-06 05:45:00,-0.0
2023-11-06 06:00:00,-0.0
2023-11-06 06:15:00,6.75
2023-11-06 06:30:00,29.36
2023-11-06 06:45:00,91.5
2023-11-06 07:00:00,162.02
2023-11-06 07:15:00,237.2
2023-11-06 07:30:00,315.28
2023-11-06 07:45:00,356.08
2023-11-06 08:00:00,380.32
2023-11-06 08:15:00,398.7
2023-11-06 08:30:00,411.9
2023-11-06 08:45:00,420.67
2023-11-06 09:00:00,425.35
2023-11-06 09:15:00,426.11
2023-11-06 09:30:00,422.47
2023-11-06 09:45:00,419.1
2023-11-06 10:00:00,414.75
2023-11-06 10:15:00,410.73
2023-11-06 10:30:00,406.18
2023-11-06 10:45:00,401.27
2023-11-06 11:00:00,398.09
2023-11-06 11:15:00,394.48
2023-11-06 11:30:00,392.24
2023-11-06 11:45:00,393.92
2023-11-06 12:00:00,396.21
2023-11-06 12:15:00,398.96
2023-11-06 12:30:00,402.66
2023-11-06 12:45:00,405.6
2023-11-06 13:00:00,407.8
2023-11-06 13:15:00,410.37
2023-11-06 13:30:00,411.48
2023-11-06 13:45:00,411.56
2023-11-06 14:00:00,407.02
2023-11-06 14:15:00,389.28
2023-11-06 14:30:00,264.02
2023-11-06 14:45:00,329.37
2023-11-06 15:00:00,340.33
2023-11-06 15:15:00,293.07
2023-11-06 15:30:00,114.91
2023-11-06 15:45:00,144.41
2023-11-06 16:00:00,98.83
2023-11-06 16:15:00,38.69
2023-11-06 16:30:00,5.27
2023-11-06 16:45:00,-0.0
2023-11-06 17:00:00,-0.0
2023-11-06 17:15:00,-0.0
2023-11-06 17:30:00,-0.0
2023-11-06 17:45:00,-0.0
2023-11-06 18:00:00,-0.0
2023-11-06 18:15:00,-0.0
2023-11-06 18:30:00,-0.0
2023-11-06 18:45:00,-0.0
2023-11-06 19:00:00,-0.0
2023-11-06 19:15:00,-0.0
2023-11-06 19:30:00,-0.0
2023-11-06 19:45:00,-0.0
2023-11-06 20:00:00,-0.0
2023-11-06 20:15:00,-0.0
2023-11-06 20:30:00,-0.0
2023-11-06 20:45:00,-0.0
2023-11-06 21:00:00,-0.0
2023-11-06 21:15:00,-0.0
2023-11-06 21:30:00,-0.0
2023-11-06 21:45:00,-0.0
2023-11-06 22:00:00,-0.0
2023-11-06 22:15:00,-0.0
2023-11-06 22:30:00,-0.0
2023-11-06 22:45:00,-0.0
2023-11-06 23:00:00,-0.0
2023-11-06 23:15:00,-0.0
2023-11-06 23:30:00,-0.0
2023-11-06 23:45:00,-0.0
2023-11-07 00:00:00,-0.0
2023-11-07 00:15:00,-0.0
2023-11-07 00:30:00,-0.0
2023-11-07 00:45:00,-0.0
2023-11-07 01:00:00,-0.0
2023-11-07 01:15:00,-0.0
2023-11-07 01:30:00,-0.0
2023-11-07 01:45:00,-0.0
2023-11-07 02:00:00,-0.0
2023-11-07 02:15:00,-0.0
2023-11-07 02:30:00,-0.0
2023-11-07 02:45:00,-0.0
2023-11-07 03:00:00,-0.0
2023-11-07 03:15:00,-0.0
2023-11-07 03:30:00,-0.0
2023-11-07 03:45:00,-0.0
2023-11-07 04:00:00,-0.0
2023-11-07 04:15:00,-0.0
2023-11-07 04:30:00,-0.0
2023-11-07 04:45:00,-0.0
2023-11-07 05:00:00,-0.0
2023-11-07 05:15:00,-0.0
2023-11-07 05:30:00,-0.0
2023-11-07 05:45:00,-0.0
2023-11-07 06:00:00,-0.0
2023-11-07 06:15:00,0.72
2023-11-07 06:30:00,2.11
2023-11-07 06:45:00,5.12
2023-11-07 07:00:00,10.17
2023-11-07 07:15:00,54.32
2023-11-07 07:30:00,90.04
2023-11-07 07:45:00,122.61
2023-11-07 08:00:00,63.31
2023-11-07 08:15:00,25.86
2023-11-07 08:30:00,55.73
2023-11-07 08:45:00,82.12
2023-11-07 09:00:00,64.03
2023-11-07 09:15:00,31.97
2023-11-07 09:30:00,58.13
2023-11-07 09:45:00,171.09
2023-11-07 10:00:00,99.16
2023-11-07 10:15:00,39.03
2023-11-07 10:30:00,77.77
2023-11-07 10:45:00,97.25
2023-11-07 11:00:00,176.62
2023-11-07 11:15:00,171.41
2023-11-07 11:30:00,188.16
2023-11-07 11:45:00,224.59
2023-11-07 12:00:00,315.71
2023-11-07 12:15:00,334.18
2023-11-07 12:30:00,210.52
2023-11-07 12:45:00,79.84
2023-11-07 13:00:00,137.53
2023-11-07 13:15:00,118.5
2023-11-07 13:30:00,74.43
2023-11-07 13:45:00,260.21
2023-11-07 14:00:00,309.03
2023-11-07 14:15:00,294.38
2023-11-07 14:30:00,275.69
2023-11-07 14:45:00,252.52
2023-11-07 15:00:00,224.78
2023-11-07 15:15:00,191.91
2023-11-07 15:30:00,140.24
2023-11-07 15:45:00,91.0
2023-11-07 16:00:00,49.95
2023-11-07 16:15:00,18.89
2023-11-07 16:30:00,3.63
2023-11-07 16:45:00,-0.0
2023-11-07 17:00:00,-0.0
2023-11-07 17:15:00,-0.0
2023-11-07 17:30:00,-0.0
2023-11-07 17:45:00,-0.0
2023-11-07 18:00:00,-0.0
2023-11-07 18:15:00,-0.0
2023-11-07 18:30:00,-0.0
2023-11-07 18:45:00,-0.0
2023-11-07 19:00:00,-0.0
2023-11-07 19:15:00,-0.0
2023-11-07 19:30:00,-0.0
2023-11-07 19:45:00,-0.0
2023-11-07 20:00:00,-0.0
2023-11-07 20:15:00,-0.0
2023-11-07 20:30:00,-0.0
2023-11-07 20:45:00,-0.0
2023-11-07 21:00:00,-0.0
2023-11-07 21:15:00,-0.0
2023-11-07 21:30:00,-0.0
2023-11-07 21:45:00,-0.0
2023-11-07 22:00:00,-0.0
2023-11-07 22:15:00,-0.0
2023-11-07 22:30:00,-0.0
2023-11-07 22:45:00,-0.0
2023-11-07 23:00:00,-0.0
2023-11-07 23:15:00,-0.0
2023-11-07 23:30:00,-0.0
2023-11-07 23:45:00,-0.0
2023-11-08 00:00:00,-0.0
2023-11-08 00:15:00,-0.0
2023-11-08 00:30:00,-0.0
2023-11-08 00:45:00,-0.0
2023-11-08 01:00:00,-0.0
2023-11-08 01:15:00,-0.0
2023-11-08 01:30:00,-0.0
2023-11-08 01:45:00,-0.0
2023-11-08 02:00:00,-0.0
2023-11-08 02:15:00,-0.0
2023-11-08 02:30:00,-0.0
2023-11-08 02:45:00,-0.0
2023-11-08 03:00:00,-0.0
2023-11-08 03:15:00,-0.0
2023-11-08 03:30:00,-0.0
2023-11-08 03:45:00,-0.0
2023-11-08 04:00:00,-0.0
2023-11-08 04:15:00,-0.0
2023-11-08 04:30:00,-0.0
2023-11-08 04:45:00,-0.0
2023-11-08 05:00:00,-0.0
2023-11-08 05:15:00,-0.0
2023-11-08 05:30:00,-0.0
2023-11-08 05:45:00,-0.0
2023-11-08 06:00:00,-0.0
2023-11-08 06:15:00,0.68
2023-11-08 06:30:00,2.11
2023-11-08 06:45:00,5.27
2023-11-08 07:00:00,13.42
2023-11-08 07:15:00,129.07
2023-11-08 07:30:00,219.79
2023-11-08 07:45:00,262.48
2023-11-08 08:00:00,291.48
2023-11-08 08:15:00,321.78
2023-11-08 08:30:00,341.19
2023-11-08 08:45:00,355.89
2023-11-08 09:00:00,366.04
2023-11-08 09:15:00,372.05
2023-11-08 09:30:00,374.02
2023-11-08 09:45:00,375.08
2023-11-08 10:00:00,374.38
2023-11-08 10:15:00,373.55
2023-11-08 10:30:00,371.63
2023-11-08 10:45:00,368.8
2023-11-08 11:00:00,366.8
2023-11-08 11:15:00,364.31
2023-11-08 11:30:00,362.17
2023-11-08 11:45:00,363.57
2023-11-08 12:00:00,363.86
2023-11-08 12:15:00,363.71
2023-11-08 12:30:00,363.5
2023-11-08 12:45:00,362.07
2023-11-08 13:00:00,359.25
2023-11-08 13:15:00,355.51
2023-11-08 13:30:00,349.55
2023-11-08 13:45:00,341.41
2023-11-08 14:00:00,328.57
2023-11-08 14:15:00,303.96
2023-11-08 14:30:00,282.03
2023-11-08 14:45:00,255.23
2023-11-08 15:00:00,225.18
2023-11-08 15:15:00,191.53
2023-11-08 15:30:00,138.28
2023-11-08 15:45:00,88.83
2023-11-08 16:00:00,47.88
2023-11-08 16:15:00,17.65
2023-11-08 16:30:00,3.18
2023-11-08 16:45:00,-0.0
2023-11-08 17:00:00,-0.0
2023-11-08 17:15:00,-0.0
2023-11-08 17:30:00,-0.0
2023-11-08 17:45:00,-0.0
2023-11-08 18:00:00,-0.0
2023-11-08 18:15:00,-0.0
2023-11-08 18:30:00,-0.0
2023-11-08 18:45:00,-0.0
2023-11-08 19:00:00,-0.0
2023-11-08 19:15:00,-0.0
2023-11-08 19:30:00,-0.0
2023-11-08 19:45:00,-0.0
2023-11-08 20:00:00,-0.0
2023-11-08 20:15:00,-0.0
2023-11-08 20:30:00,-0.0
2023-11-08 20:45:00,-0.0
2023-11-08 21:00:00,-0.0
2023-11-08 21:15:00,-0.0
2023-11-08 21:30:00,-0.0
2023-11-08 21:45:00,-0.0
2023-11-08 22:00:00,-0.0
2023-11-08 22:15:00,-0.0
2023-11-08 22:30:00,-0.0
2023-11-08 22:45:00,-0.0
2023-11-08 23:00:00,-0.0
2023-11-08 23:15:00,-0.0
2023-11-08 23:30:00,-0.0
2023-11-08 23:45:00,-0.0
2023-11-09 00:00:00,-0.0
2023-11-09 00:15:00,-0.0
2023-11-09 00:30:00,-0.0
2023-11-09 00:45:00,-0.0
2023-11-09 01:00:00,-0.0
2023-11-09 01:15:00,-0.0
2023-11-09 01:30:00,-0.0
2023-11-09 01:45:00,-0.0
2023-11-09 02:00:00,-0.0
2023-11-09 02:15:00,-0.0
2023-11-09 02:30:00,-0.0
2023-11-09 02:45:00,-0.0
2023-11-09 03:00:00,-0.0
2023-11-09 03:15:00,-0.0
2023-11-09 03:30:00,-0.0
2023-11-09 03:45:00,-0.0
2023-11-09 04:00:00,-0.0
2023-11-09 04:15:00,-0.0
2023-11-09 04:30:00,-0.0
2023-11-09 04:45:00,-0.0
2023-11-09 05:00:00,-0.0
2023-11-09 05:15:00,-0.0
2023-11-09 05:30:00,-0.0
2023-11-09 05:45:00,-0.0
2023-11-09 06:00:00,-0.0
2023-11-09 06:15:00,0.63
2023-11-09 06:30:00,2.17
2023-11-09 06:45:00,5.49
2023-11-09 07:00:00,8.69
2023-11-09 07:15:00,10.83
2023-11-09 07:30:00,12.37
2023-11-09 07:45:00,13.85
2023-11-09 08:00:00,15.46
2023-11-09 08:15:00,18.39
2023-11-09 08:30:00,40.05
2023-11-09 08:45:00,30.79
2023-11-09 09:00:00,24.64
2023-11-09 09:15:00,40.47
2023-11-09 09:30:00,109.91
2023-11-09 09:45:00,136.56
2023-11-09 10:00:00,150.82
2023-11-09 10:15:00,176.05
2023-11-09 10:30:00,168.27
2023-11-09 10:45:00,151.94
2023-11-09 11:00:00,193.63
2023-11-09 11:15:00,223.98
2023-11-09 11:30:00,236.41
2023-11-09 11:45:00,254.87
2023-11-09 12:00:00,234.97
2023-11-09 12:15:00,227.58
2023-11-09 12:30:00,231.49
2023-11-09 12:45:00,233.27
2023-11-09 13:00:00,212.83
2023-11-09 13:15:00,166.27
2023-11-09 13:30:00,204.22
2023-11-09 13:45:00,233.66
2023-11-09 14:00:00,207.04
2023-11-09 14:15:00,194.65
2023-11-09 14:30:00,304.32
2023-11-09 14:45:00,315.7
2023-11-09 15:00:00,290.03
2023-11-09 15:15:00,258.14
2023-11-09 15:30:00,203.49
2023-11-09 15:45:00,136.96
2023-11-09 16:00:00,72.94
2023-11-09 16:15:00,26.07
2023-11-09 16:30:00,3.15
2023-11-09 16:45:00,-0.0
2023-11-09 17:00:00,-0.0
2023-11-09 17:15:00,-0.0
2023-11-09 17:30:00,-0.0
2023-11-09 17:45:00,-0.0
2023-11-09 18:00:00,-0.0
2023-11-09 18:15:00,-0.0
2023-11-09 18:30:00,-0.0
2023-11-09 18:45:00,-0.0
2023-11-09 19:00:00,-0.0
2023-11-09 19:15:00,-0.0
2023-11-09 19:30:00,-0.0
2023-11-09 19:45:00,-0.0
2023-11-09 20:00:00,-0.0
2023-11-09 20:15:00,-0.0
2023-11-09 20:30:00,-0.0
2023-11-09 20:45:00,-0.0
2023-11-09 21:00:00,-0.0
2023-11-09 21:15:00,-0.0
2023-11-09 21:30:00,-0.0
2023-11-09 21:45:00,-0.0
2023-11-09 22:00:00,-0.0
2023-11-09 22:15:00,-0.0
2023-11-09 22:30:00,-0.0
2023-11-09 22:45:00,-0.0
2023-11-09 23:00:00,-0.0
2023-11-09 23:15:00,-0.0
2023-11-09 23:30:00,-0.0
2023-11-09 23:45:00,-0.0
2023-11-10 00:00:00,-0.0
2023-11-10 00:15:00,-0.0
2023-11-10 00:30:00,-0.0
2023-11-10 00:45:00,-0.0
2023-11-10 01:00:00,-0.0
2023-11-10 01:15:00,-0.0
2023-11-10 01:30:00,-0.0
2023-11-10 01:45:00,-0.0
2023-11-10 02:00:00,-0.0
2023-11-10 02:15:00,-0.0
2023-11-10 02:30:00,-0.0
2023-11-10 02:45:00,-0.0
2023-11-10 03:00:00,-0.0
2023-11-10 03:15:00,-0.0
2023-11-10 03:30:00,-0.0
2023-11-10 03:45:00,-0.0
2023-11-10 04:00:00,-0.0
2023-11-10 04:15:00,-0.0
2023-11-10 04:30:00,-0.0
2023-11-10 04:45:00,-0.0
2023-11-10 05:00:00,-0.0
2023-11-10 05:15:00,-0.0
2023-11-10 05:30:00,-0.0
2023-11-10 05:45:00,-0.0
2023-11-10 06:00:00,-0.0
2023-11-10 06:15:00,0.71
2023-11-10 06:30:00,2.87
2023-11-10 06:45:00,7.16
2023-11-10 07:00:00,12.7
2023-11-10 07:15:00,48.15
2023-11-10 07:30:00,103.64
2023-11-10 07:45:00,129.92
2023-11-10 08:00:00,144.28
2023-11-10 08:15:00,190.95
2023-11-10 08:30:00,235.09
2023-11-10 08:45:00,223.43
2023-11-10 09:00:00,388.51
2023-11-10 09:15:00,419.95
2023-11-10 09:30:00,278.34
2023-11-10 09:45:00,247.18
2023-11-10 10:00:00,211.0
2023-11-10 10:15:00,229.18
2023-11-10 10:30:00,231.97
2023-11-10 10:45:00,230.87
2023-11-10 11:00:00,240.01
2023-11-10 11:15:00,242.43
2023-11-10 11:30:00,247.02
2023-11-10 11:45:00,265.79
2023-11-10 12:00:00,354.17
2023-11-10 12:15:00,256.62
2023-11-10 12:30:00,196.32
2023-11-10 12:45:00,167.2
2023-11-10 13:00:00,148.23
2023-11-10 13:15:00,117.57
2023-11-10 13:30:00,123.18
2023-11-10 13:45:00,139.87
2023-11-10 14:00:00,126.25
2023-11-10 14:15:00,111.8
2023-11-10 14:30:00,75.18
2023-11-10 14:45:00,58.84
2023-11-10 15:00:00,138.56
2023-11-10 15:15:00,172.09
2023-11-10 15:30:00,139.93
2023-11-10 15:45:00,134.17
2023-11-10 16:00:00,124.8
2023-11-10 16:15:00,57.1
2023-11-10 16:30:00,5.83
2023-11-10 16:45:00,-0.0
2023-11-10 17:00:00,-0.0
2023-11-10 17:15:00,-0.0
2023-11-10 17:30:00,-0.0
2023-11-10 17:45:00,-0.0
2023-11-10 18:00:00,-0.0
2023-11-10 18:15:00,-0.0
2023-11-10 18:30:00,-0.0
2023-11-10 18:45:00,-0.0
2023-11-10 19:00:00,-0.0
2023-11-10 19:15:00,-0.0
2023-11-10 19:30:00,-0.0
2023-11-10 19:45:00,-0.0
2023-11-10 20:00:00,-0.0
2023-11-10 20:15:00,-0.0
2023-11-10 20:30:00,-0.0
2023-11-10 20:45:00,-0.0
2023-11-10 21:00:00,-0.0
2023-11-10 21:15:00,-0.0
2023-11-10 21:30:00,-0.0
2023-11-10 21:45:00,-0.0
2023-11-10 22:00:00,-0.0
2023-11-10 22:15:00,-0.0
2023-11-10 22:30:00,-0.0
2023-11-10 22:45:00,-0.0
2023-11-10 23:00:00,-0.0
2023-11-10 23:15:00,-0.0
2023-11-10 23:30:00,-0.0
2023-11-10 23:45:00,-0.0
2023-11-11 00:00:00,-0.0
2023-11-11 00:15:00,-0.0
2023-11-11 00:30:00,-0.0
2023-11-11 00:45:00,-0.0
2023-11-11 01:00:00,-0.0
2023-11-11 01:15:00,-0.0
2023-11-11 01:30:00,-0.0
2023-11-11 01:45:00,-0.0
2023-11-11 02:00:00,-0.0
2023-11-11 02:15:00,-0.0
2023-11-11 02:30:00,-0.0
2023-11-11 02:45:00,-0.0
2023-11-11 03:00:00,-0.0
2023-11-11 03:15:00,-0.0
2023-11-11 03:30:00,-0.0
2023-11-11 03:45:00,-0.0
2023-11-11 04:00:00,-0.0
2023-11-11 04:15:00,-0.0
2023-11-11 04:30:00,-0.0
2023-11-11 04:45:00,-0.0
2023-11-11 05:00:00,-0.0
2023-11-11 05:15:00,-0.0
2023-11-11 05:30:00,-0.0
2023-11-11 05:45:00,-0.0
2023-11-11 06:00:00,-0.0
2023-11-11 06:15:00,1.6
2023-11-11 06:30:00,6.72
2023-11-11 06:45:00,17.56
2023-11-11 07:00:00,37.54
2023-11-11 07:15:00,203.6
2023-11-11 07:30:00,323.64
2023-11-11 07:45:00,372.56
2023-11-11 08:00:00,393.67
2023-11-11 08:15:00,408.4
2023-11-11 08:30:00,418.61
2023-11-11 08:45:00,424.54
2023-11-11 09:00:00,426.02
2023-11-11 09:15:00,423.62
2023-11-11 09:30:00,417.62
2023-11-11 09:45:00,411.6
2023-11-11 10:00:00,405.21
2023-11-11 10:15:00,399.96
2023-11-11 10:30:00,394.41
2023-11-11 10:45:00,388.65
2023-11-11 11:00:00,384.81
2023-11-11 11:15:00,380.83
2023-11-11 11:30:00,378.16
2023-11-11 11:45:00,379.35
2023-11-11 12:00:00,381.64
2023-11-11 12:15:00,384.8
2023-11-11 12:30:00,388.91
2023-11-11 12:45:00,392.54
2023-11-11 13:00:00,395.88
2023-11-11 13:15:00,399.47
2023-11-11 13:30:00,402.18
2023-11-11 13:45:00,405.18
2023-11-11 14:00:00,402.73
2023-11-11 14:15:00,396.22
2023-11-11 14:30:00,385.35
2023-11-11 14:45:00,369.51
2023-11-11 15:00:00,348.06
2023-11-11 15:15:00,318.9
2023-11-11 15:30:00,255.64
2023-11-11 15:45:00,177.23
2023-11-11 16:00:00,102.18
2023-11-11 16:15:00,39.07
2023-11-11 16:30:00,3.41
2023-11-11 16:45:00,-0.0
2023-11-11 17:00:00,-0.0
2023-11-11 17:15:00,-0.0
2023-11-11 17:30:00,-0.0
2023-11-11 17:45:00,-0.0
2023-11-11 18:00:00,-0.0
2023-11-11 18:15:00,-0.0
2023-11-11 18:30:00,-0.0
2023-11-11 18:45:00,-0.0
2023-11-11 19:00:00,-0.0
2023-11-11 19:15:00,-0.0
2023-11-11 19:30:00,-0.0
2023-11-11 19:45:00,-0.0
2023-11-11 20:00:00,-0.0
2023-11-11 20:15:00,-0.0
2023-11-11 20:30:00,-0.0
2023-11-11 20:45:00,-0.0
2023-11-11 21:00:00,-0.0
2023-11-11 21:15:00,-0.0
2023-11-11 21:30:00,-0.0
2023-11-11 21:45:00,-0.0
2023-11-11 22:00:00,-0.0
2023-11-11 22:15:00,-0.0
2023-11-11 22:30:00,-0.0
2023-11-11 22:45:00,-0.0
2023-11-11 23:00:00,-0.0
2023-11-11 23:15:00,-0.0
2023-11-11 23:30:00,-0.0
2023-11-11 23:45:00,-0.0
2023-11-12 00:00:00,-0.0
2023-11-12 00:15:00,-0.0
2023-11-12 00:30:00,-0.0
2023-11-12 00:45:00,-0.0
2023-11-12 01:00:00,-0.0
2023-11-12 01:15:00,-0.0
2023-11-12 01:30:00,-0.0
2023-11-12 01:45:00,-0.0
2023-11-12 02:00:00,-0.0
2023-11-12 02:15:00,-0.0
2023-11-12 02:30:00,-0.0
2023-11-12 02:45:00,-0.0
2023-11-12 03:00:00,-0.0
2023-11-12 03:15:00,-0.0
2023-11-12 03:30:00,-0.0
2023-11-12 03:45:00,-0.0
2023-11-12 04:00:00,-0.0
2023-11-12 04:15:00,-0.0
2023-11-12 04:30:00,-0.0
2023-11-12 04:45:00,-0.0
2023-11-12 05:00:00,-0.0
2023-11-12 05:15:00,-0.0
2023-11-12 05:30:00,-0.0
2023-11-12 05:45:00,-0.0
2023-11-12 06:00:00,-0.0
2023-11-12 06:15:00,0.76
2023-11-12 06:30:00,3.64
2023-11-12 06:45:00,9.36
2023-11-12 07:00:00,14.62
2023-11-12 07:15:00,29.28
2023-11-12 07:30:00,259.41
2023-11-12 07:45:00,372.39
2023-11-12 08:00:00,392.8
2023-11-12 08:15:00,406.98
2023-11-12 08:30:00,416.89
2023-11-12 08:45:00,422.78
2023-11-12 09:00:00,425.19
2023-11-12 09:15:00,424.38
2023-11-12 09:30:00,419.56
2023-11-12 09:45:00,414.46
2023-11-12 10:00:00,408.95
2023-11-12 10:15:00,404.36
2023-11-12 10:30:00,398.21
2023-11-12 10:45:00,393.36
2023-11-12 11:00:00,390.58
2023-11-12 11:15:00,387.67
2023-11-12 11:30:00,385.74
2023-11-12 11:45:00,387.69
2023-11-12 12:00:00,390.37
2023-11-12 12:15:00,393.73
2023-11-12 12:30:00,398.29
2023-11-12 12:45:00,402.39
2023-11-12 13:00:00,406.27
2023-11-12 13:15:00,410.67
2023-11-12 13:30:00,414.22
2023-11-12 13:45:00,416.54
2023-11-12 14:00:00,414.65
2023-11-12 14:15:00,408.82
2023-11-12 14:30:00,398.64
2023-11-12 14:45:00,385.86
2023-11-12 15:00:00,365.56
2023-11-12 15:15:00,337.69
2023-11-12 15:30:00,271.18
2023-11-12 15:45:00,189.51
2023-11-12 16:00:00,109.79
2023-11-12 16:15:00,42.31
2023-11-12 16:30:00,3.27
2023-11-12 16:45:00,-0.0
2023-11-12 17:00:00,-0.0
2023-11-12 17:15:00,-0.0
2023-11-12 17:30:00,-0.0
2023-11-12 17:45:00,-0.0
2023-11-12 18:00:00,-0.0
2023-11-12 18:15:00,-0.0
2023-11-12 18:30:00,-0.0
2023-11-12 18:45:00,-0.0
2023-11-12 19:00:00,-0.0
2023-11-12 19:15:00,-0.0
2023-11-12 19:30:00,-0.0
2023-11-12 19:45:00,-0.0
2023-11-12 20:00:00,-0.0
2023-11-12 20:15:00,-0.0
2023-11-12 20:30:00,-0.0
2023-11-12 20:45:00,-0.0
2023-11-12 21:00:00,-0.0
2023-11-12 21:15:00,-0.0
2023-11-12 21:30:00,-0.0
2023-11-12 21:45:00,-0.0
2023-11-12 22:00:00,-0.0
2023-11-12 22:15:00,-0.0
2023-11-12 22:30:00,-0.0
2023-11-12 22:45:00,-0.0
2023-11-12 23:00:00,-0.0
2023-11-12 23:15:00,-0.0
2023-11-12 23:30:00,-0.0
2023-11-12 23:45:00,-0.0
2023-11-13 00:00:00,-0.0
2023-11-13 00:15:00,-0.0
2023-11-13 00:30:00,-0.0
2023-11-13 00:45:00,-0.0
2023-11-13 01:00:00,-0.0
2023-11-13 01:15:00,-0.0
2023-11-13 01:30:00,-0.0
2023-11-13 01:45:00,-0.0
2023-11-13 02:00:00,-0.0
2023-11-13 02:15:00,-0.0
2023-11-13 02:30:00,-0.0
2023-11-13 02:45:00,-0.0
2023-11-13 03:00:00,-0.0
2023-11-13 03:15:00,-0.0
2023-11-13 03:30:00,-0.0
2023-11-13 03:45:00,-0.0
2023-11-13 04:00:00,-0.0
2023-11-13 04:15:00,-0.0
2023-11-13 04:30:00,-0.0
2023-11-13 04:45:00,-0.0
2023-11-13 05:00:00,-0.0
2023-11-13 05:15:00,-0.0
2023-11-13 05:30:00,-0.0
2023-11-13 05:45:00,-0.0
2023-11-13 06:00:00,-0.0
2023-11-13 06:15:00,2.8
2023-11-13 06:30:00,18.62
2023-11-13 06:45:00,74.73
2023-11-13 07:00:00,150.31
2023-11-13 07:15:00,232.52
2023-11-13 07:30:00,313.91
2023-11-13 07:45:00,373.66
2023-11-13 08:00:00,392.77
2023-11-13 08:15:00,408.76
2023-11-13 08:30:00,419.9
2023-11-13 08:45:00,426.67
2023-11-13 09:00:00,429.57
2023-11-13 09:15:00,428.68
2023-11-13 09:30:00,423.72
2023-11-13 09:45:00,418.19
2023-11-13 10:00:00,410.32
2023-11-13 10:15:00,405.62
2023-11-13 10:30:00,400.77
2023-11-13 10:45:00,395.62
2023-11-13 11:00:00,392.08
2023-11-13 11:15:00,389.35
2023-11-13 11:30:00,387.55
2023-11-13 11:45:00,389.2
2023-11-13 12:00:00,391.56
2023-11-13 12:15:00,394.68
2023-11-13 12:30:00,399.09
2023-11-13 12:45:00,403.22
2023-11-13 13:00:00,407.18
2023-11-13 13:15:00,411.86
2023-11-13 13:30:00,418.6
2023-11-13 13:45:00,421.74
2023-11-13 14:00:00,420.85
2023-11-13 14:15:00,416.04
2023-11-13 14:30:00,407.13
2023-11-13 14:45:00,393.3
2023-11-13 15:00:00,373.95
2023-11-13 15:15:00,347.28
2023-11-13 15:30:00,281.38
2023-11-13 15:45:00,198.19
2023-11-13 16:00:00,115.16
2023-11-13 16:15:00,43.61
2023-11-13 16:30:00,2.71
2023-11-13 16:45:00,-0.0
2023-11-13 17:00:00,-0.0
2023-11-13 17:15:00,-0.0
2023-11-13 17:30:00,-0.0
2023-11-13 17:45:00,-0.0
2023-11-13 18:00:00,-0.0
2023-11-13 18:15:00,-0.0
2023-11-13 18:30:00,-0.0
2023-11-13 18:45:00,-0.0
2023-11-13 19:00:00,-0.0
2023-11-13 19:15:00,-0.0
2023-11-13 19:30:00,-0.0
2023-11-13 19:45:00,-0.0
2023-11-13 20:00:00,-0.0
2023-11-13 20:15:00,-0.0
2023-11-13 20:30:00,-0.0
2023-11-13 20:45:00,-0.0
2023-11-13 21:00:00,-0.0
2023-11-13 21:15:00,-0.0
2023-11-13 21:30:00,-0.0
2023-11-13 21:45:00,-0.0
2023-11-13 22:00:00,-0.0
2023-11-13 22:15:00,-0.0
2023-11-13 22:30:00,-0.0
2023-11-13 22:45:00,-0.0
2023-11-13 23:00:00,-0.0
2023-11-13 23:15:00,-0.0
2023-11-13 23:30:00,-0.0
2023-11-13 23:45:00,-0.0
2023-11-14 00:00:00,-0.0
2023-11-14 00:15:00,-0.0
2023-11-14 00:30:00,-0.0
2023-11-14 00:45:00,-0.0
2023-11-14 01:00:00,-0.0
2023-11-14 01:15:00,-0.0
2023-11-14 01:30:00,-0.0
2023-11-14 01:45:00,-0.0
2023-11-14 02:00:00,-0.0
2023-11-14 02:15:00,-0.0
2023-11-14 02:30:00,-0.0
2023-11-14 02:45:00,-0.0
2023-11-14 03:00:00,-0.0
2023-11-14 03:15:00,-0.0
2023-11-14 03:30:00,-0.0
2023-11-14 03:45:00,-0.0
2023-11-14 04:00:00,-0.0
2023-11-14 04:15:00,-0.0
2023-11-14 04:30:00,-0.0
2023-11-14 04:45:00,-0.0
2023-11-14 05:00:00,-0.0
2023-11-14 05:15:00,-0.0
2023-11-14 05:30:00,-0.0
2023-11-14 05:45:00,-0.0
2023-11-14 06:00:00,-0.0
2023-11-14 06:15:00,2.3
2023-11-14 06:30:00,18.15
2023-11-14 06:45:00,75.7
2023-11-14 07:00:00,153.47
2023-11-14 07:15:00,236.74
2023-11-14 07:30:00,314.53
2023-11-14 07:45:00,376.41
2023-11-14 08:00:00,397.28
2023-11-14 08:15:00,411.75
2023-11-14 08:30:00,421.76
2023-11-14 08:45:00,427.54
2023-11-14 09:00:00,429.81
2023-11-14 09:15:00,425.71
2023-11-14 09:30:00,420.96
2023-11-14 09:45:00,415.46
2023-11-14 10:00:00,409.75
2023-11-14 10:15:00,404.65
2023-11-14 10:30:00,399.63
2023-11-14 10:45:00,394.45
2023-11-14 11:00:00,390.93
2023-11-14 11:15:00,388.2
2023-11-14 11:30:00,386.41
2023-11-14 11:45:00,388.08
2023-11-14 12:00:00,390.53
2023-11-14 12:15:00,393.87
2023-11-14 12:30:00,398.72
2023-11-14 12:45:00,403.25
2023-11-14 13:00:00,407.73
2023-11-14 13:15:00,413.19
2023-11-14 13:30:00,418.04
2023-11-14 13:45:00,421.86
2023-11-14 14:00:00,421.8
2023-11-14 14:15:00,418.06
2023-11-14 14:30:00,413.88
2023-11-14 14:45:00,401.86
2023-11-14 15:00:00,384.74
2023-11-14 15:15:00,360.6
2023-11-14 15:30:00,291.06
2023-11-14 15:45:00,207.74
2023-11-14 16:00:00,122.67
2023-11-14 16:15:00,47.42
2023-11-14 16:30:00,2.95
2023-11-14 16:45:00,-0.0
2023-11-14 17:00:00,-0.0
2023-11-14 17:15:00,-0.0
2023-11-14 17:30:00,-0.0
2023-11-14 17:45:00,-0.0
2023-11-14 18:00:00,-0.0
2023-11-14 18:15:00,-0.0
2023-11-14 18:30:00,-0.0
2023-11-14 18:45:00,-0.0
2023-11-14 19:00:00,-0.0
2023-11-14 19:15:00,-0.0
2023-11-14 19:30:00,-0.0
2023-11-14 19:45:00,-0.0
2023-11-14 20:00:00,-0.0
2023-11-14 20:15:00,-0.0
2023-11-14 20:30:00,-0.0
2023-11-14 20:45:00,-0.0
2023-11-14 21:00:00,-0.0
2023-11-14 21:15:00,-0.0
2023-11-14 21:30:00,-0.0
2023-11-14 21:45:00,-0.0
2023-11-14 22:00:00,-0.0
2023-11-14 22:15:00,-0.0
2023-11-14 22:30:00,-0.0
2023-11-14 22:45:00,-0.0
2023-11-14 23:00:00,-0.0
2023-11-14 23:15:00,-0.0
2023-11-14 23:30:00,-0.0
2023-11-14 23:45:00,-0.0
2023-11-15 00:00:00,-0.0
2023-11-15 00:15:00,-0.0
2023-11-15 00:30:00,-0.0
2023-11-15 00:45:00,-0.0
2023-11-15 01:00:00,-0.0
2023-11-15 01:15:00,-0.0
2023-11-15 01:30:00,-0.0
2023-11-15 01:45:00,-0.0
2023-11-15 02:00:00,-0.0
2023-11-15 02:15:00,-0.0
2023-11-15 02:30:00,-0.0
2023-11-15 02:45:00,-0.0
2023-11-15 03:00:00,-0.0
2023-11-15 03:15:00,-0.0
2023-11-15 03:30:00,-0.0
2023-11-15 03:45:00,-0.0
2023-11-15 04:00:00,-0.0
2023-11-15 04:15:00,-0.0
2023-11-15 04:30:00,-0.0
2023-11-15 04:45:00,-0.0
2023-11-15 05:00:00,-0.0
2023-11-15 05:15:00,-0.0
2023-11-15 05:30:00,-0.0
2023-11-15 05:45:00,-0.0
2023-11-15 06:00:00,-0.0
2023-11-15 06:15:00,1.86
2023-11-15 06:30:00,16.34
2023-11-15 06:45:00,72.22
2023-11-15 07:00:00,151.31
2023-11-15 07:15:00,235.87
2023-11-15 07:30:00,317.3
2023-11-15 07:45:00,382.5
2023-11-15 08:00:00,402.49
2023-11-15 08:15:00,416.34
2023-11-15 08:30:00,425.72
2023-11-15 08:45:00,427.67
2023-11-15 09:00:00,429.72
2023-11-15 09:15:00,427.97
2023-11-15 09:30:00,422.7
2023-11-15 09:45:00,416.76
2023-11-15 10:00:00,410.65
2023-11-15 10:15:00,405.35
2023-11-15 10:30:00,400.06
2023-11-15 10:45:00,394.69
2023-11-15 11:00:00,391.05
2023-11-15 11:15:00,388.18
2023-11-15 11:30:00,386.24
2023-11-15 11:45:00,387.76
2023-11-15 12:00:00,390.35
2023-11-15 12:15:00,393.71
2023-11-15 12:30:00,398.65
2023-11-15 12:45:00,403.2
2023-11-15 13:00:00,407.82
2023-11-15 13:15:00,413.28
2023-11-15 13:30:00,417.98
2023-11-15 13:45:00,421.86
2023-11-15 14:00:00,421.78
2023-11-15 14:15:00,421.31
2023-11-15 14:30:00,413.65
2023-11-15 14:45:00,401.25
2023-11-15 15:00:00,383.64
2023-11-15 15:15:00,358.57
2023-11-15 15:30:00,286.37
2023-11-15 15:45:00,202.7
2023-11-15 16:00:00,117.55
2023-11-15 16:15:00,43.43
2023-11-15 16:30:00,2.29
2023-11-15 16:45:00,-0.0
2023-11-15 17:00:00,-0.0
2023-11-15 17:15:00,-0.0
2023-11-15 17:30:00,-0.0
2023-11-15 17:45:00,-0.0
2023-11-15 18:00:00,-0.0
2023-11-15 18:15:00,-0.0
2023-11-15 18:30:00,-0.0
2023-11-15 18:45:00,-0.0
2023-11-15 19:00:00,-0.0
2023-11-15 19:15:00,-0.0
2023-11-15 19:30:00,-0.0
2023-11-15 19:45:00,-0.0
2023-11-15 20:00:00,-0.0
2023-11-15 20:15:00,-0.0
2023-11-15 20:30:00,-0.0
2023-11-15 20:45:00,-0.0
2023-11-15 21:00:00,-0.0
2023-11-15 21:15:00,-0.0
2023-11-15 21:30:00,-0.0
2023-11-15 21:45:00,-0.0
2023-11-15 22:00:00,-0.0
2023-11-15 22:15:00,-0.0
2023-11-15 22:30:00,-0.0
2023-11-15 22:45:00,-0.0
2023-11-15 23:00:00,-0.0
2023-11-15 23:15:00,-0.0
2023-11-15 23:30:00,-0.0
2023-11-15 23:45:00,-0.0
2023-11-16 00:00:00,-0.0
2023-11-16 00:15:00,-0.0
2023-11-16 00:30:00,-0.0
2023-11-16 00:45:00,-0.0
2023-11-16 01:00:00,-0.0
2023-11-16 01:15:00,-0.0
2023-11-16 01:30:00,-0.0
2023-11-16 01:45:00,-0.0
2023-11-16 02:00:00,-0.0
2023-11-16 02:15:00,-0.0
2023-11-16 02:30:00,-0.0
2023-11-16 02:45:00,-0.0
2023-11-16 03:00:00,-0.0
2023-11-16 03:15:00,-0.0
2023-11-16 03:30:00,-0.0
2023-11-16 03:45:00,-0.0
2023-11-16 04:00:00,-0.0
2023-11-16 04:15:00,-0.0
2023-11-16 04:30:00,-0.0
2023-11-16 04:45:00,-0.0
2023-11-16 05:00:00,-0.0
2023-11-16 05:15:00,-0.0
2023-11-16 05:30:00,-0.0
2023-11-16 05:45:00,-0.0
2023-11-16 06:00:00,-0.0
2023-11-16 06:15:00,-0.0
2023-11-16 06:30:00,13.98
2023-11-16 06:45:00,66.15
2023-11-16 07:00:00,140.22
2023-11-16 07:15:00,222.9
2023-11-16 07:30:00,302.9
2023-11-16 07:45:00,370.69
2023-11-16 08:00:00,391.8
2023-11-16 08:15:00,406.41
2023-11-16 08:30:00,416.55
2023-11-16 08:45:00,422.37
2023-11-16 09:00:00,425.1
2023-11-16 09:15:00,421.14
2023-11-16 09:30:00,416.42
2023-11-16 09:45:00,411.03
2023-11-16 10:00:00,405.17
2023-11-16 10:15:00,400.16
2023-11-16 10:30:00,395.14
2023-11-16 10:45:00,389.95
2023-11-16 11:00:00,386.35
2023-11-16 11:15:00,383.58
2023-11-16 11:30:00,381.69
2023-11-16 11:45:00,383.4
2023-11-16 12:00:00,385.84
2023-11-16 12:15:00,389.1
2023-11-16 12:30:00,393.87
2023-11-16 12:45:00,398.26
2023-11-16 13:00:00,402.59
2023-11-16 13:15:00,407.79
2023-11-16 13:30:00,412.17
2023-11-16 13:45:00,415.58
2023-11-16 14:00:00,417.93
2023-11-16 14:15:00,413.76
2023-11-16 14:30:00,405.35
2023-11-16 14:45:00,392.1
2023-11-16 15:00:00,373.58
2023-11-16 15:15:00,347.85
2023-11-16 15:30:00,274.63
2023-11-16 15:45:00,192.35
2023-11-16 16:00:00,110.7
2023-11-16 16:15:00,38.86
2023-11-16 16:30:00,1.85
2023-11-16 16:45:00,-0.0
2023-11-16 17:00:00,-0.0
2023-11-16 17:15:00,-0.0
2023-11-16 17:30:00,-0.0
2023-11-16 17:45:00,-0.0
2023-11-16 18:00:00,-0.0
2023-11-16 18:15:00,-0.0
2023-11-16 18:30:00,-0.0
2023-11-16 18:45:00,-0.0
2023-11-16 19:00:00,-0.0
2023-11-16 19:15:00,-0.0
2023-11-16 19:30:00,-0.0
2023-11-16 19:45:00,-0.0
2023-11-16 20:00:00,-0.0
2023-11-16 20:15:00,-0.0
2023-11-16 20:30:00,-0.0
2023-11-16 20:45:00,-0.0
2023-11-16 21:00:00,-0.0
2023-11-16 21:15:00,-0.0
2023-11-16 21:30:00,-0.0
2023-11-16 21:45:00,-0.0
2023-11-16 22:00:00,-0.0
2023-11-16 22:15:00,-0.0
2023-11-16 22:30:00,-0.0
2023-11-16 22:45:00,-0.0
2023-11-16 23:00:00,-0.0
2023-11-16 23:15:00,-0.0
2023-11-16 23:30:00,-0.0
2023-11-16 23:45:00,-0.0
2023-11-17 00:00:00,-0.0
2023-11-17 00:15:00,-0.0
2023-11-17 00:30:00,-0.0
2023-11-17 00:45:00,-0.0
2023-11-17 01:00:00,-0.0
2023-11-17 01:15:00,-0.0
2023-11-17 01:30:00,-0.0
2023-11-17 01:45:00,-0.0
2023-11-17 02:00:00,-0.0
2023-11-17 02:15:00,-0.0
2023-11-17 02:30:00,-0.0
2023-11-17 02:45:00,-0.0
2023-11-17 03:00:00,-0.0
2023-11-17 03:15:00,-0.0
2023-11-17 03:30:00,-0.0
2023-11-17 03:45:00,-0.0
2023-11-17 04:00:00,-0.0
2023-11-17 04:15:00,-0.0
2023-11-17 04:30:00,-0.0
2023-11-17 04:45:00,-0.0
2023-11-17 05:00:00,-0.0
2023-11-17 05:15:00,-0.0
2023-11-17 05:30:00,-0.0
2023-11-17 05:45:00,-0.0
2023-11-17 06:00:00,-0.0
2023-11-17 06:15:00,-0.0
2023-11-17 06:30:00,13.37
2023-11-17 06:45:00,62.95
2023-11-17 07:00:00,141.63
2023-11-17 07:15:00,226.32
2023-11-17 07:30:00,307.41
2023-11-17 07:45:00,378.93
2023-11-17 08:00:00,399.52
2023-11-17 08:15:00,413.52
2023-11-17 08:30:00,423.03
2023-11-17 08:45:00,425.13
2023-11-17 09:00:00,427.21
2023-11-17 09:15:00,425.56
2023-11-17 09:30:00,420.06
2023-11-17 09:45:00,413.9
2023-11-17 10:00:00,407.32
2023-11-17 10:15:00,401.76
2023-11-17 10:30:00,396.25
2023-11-17 10:45:00,390.56
2023-11-17 11:00:00,386.46
2023-11-17 11:15:00,383.3
2023-11-17 11:30:00,381.09
2023-11-17 11:45:00,382.42
2023-11-17 12:00:00,384.73
2023-11-17 12:15:00,388.01
2023-11-17 12:30:00,392.81
2023-11-17 12:45:00,397.32
2023-11-17 13:00:00,401.61
2023-11-17 13:15:00,407.0
2023-11-17 13:30:00,411.53
2023-11-17 13:45:00,415.21
2023-11-17 14:00:00,414.73
2023-11-17 14:15:00,413.98
2023-11-17 14:30:00,406.2
2023-11-17 14:45:00,393.77
2023-11-17 15:00:00,376.18
2023-11-17 15:15:00,351.52
2023-11-17 15:30:00,277.23
2023-11-17 15:45:00,194.71
2023-11-17 16:00:00,110.9
2023-11-17 16:15:00,38.24
2023-11-17 16:30:00,1.63
2023-11-17 16:45:00,-0.0
2023-11-17 17:00:00,-0.0
2023-11-17 17:15:00,-0.0
2023-11-17 17:30:00,-0.0
2023-11-17 17:45:00,-0.0
2023-11-17 18:00:00,-0.0
2023-11-17 18:15:00,-0.0
2023-11-17 18:30:00,-0.0
2023-11-17 18:45:00,-0.0
2023-11-17 19:00:00,-0.0
2023-11-17 19:15:00,-0.0
2023-11-17 19:30:00,-0.0
2023-11-17 19:45:00,-0.0
2023-11-17 20:00:00,-0.0
2023-11-17 20:15:00,-0.0
2023-11-17 20:30:00,-0.0
2023-11-17 20:45:00,-0.0
2023-11-17 21:00:00,-0.0
2023-11-17 21:15:00,-0.0
2023-11-17 21:30:00,-0.0
2023-11-17 21:45:00,-0.0
2023-11-17 22:00:00,-0.0
2023-11-17 22:15:00,-0.0
2023-11-17 22:30:00,-0.0
2023-11-17 22:45:00,-0.0
2023-11-17 23:00:00,-0.0
2023-11-17 23:15:00,-0.0
2023-11-17 23:30:00,-0.0
2023-11-17 23:45:00,-0.0
2023-11-18 00:00:00,-0.0
2023-11-18 00:15:00,-0.0
2023-11-18 00:30:00,-0.0
2023-11-18 00:45:00,-0.0
2023-11-18 01:00:00,-0.0
2023-11-18 01:15:00,-0.0
2023-11-18 01:30:00,-0.0
2023-11-18 01:45:00,-0.0
2023-11-18 02:00:00,-0.0
2023-11-18 02:15:00,-0.0
2023-11-18 02:30:00,-0.0
2023-11-18 02:45:00,-0.0
2023-11-18 03:00:00,-0.0
2023-11-18 03:15:00,-0.0
2023-11-18 03:30:00,-0.0
2023-11-18 03:45:00,-0.0
2023-11-18 04:00:00,-0.0
2023-11-18 04:15:00,-0.0
2023-11-18 04:30:00,-0.0
2023-11-18 04:45:00,-0.0
2023-11-18 05:00:00,-0.0
2023-11-18 05:15:00,-0.0
2023-11-18 05:30:00,-0.0
2023-11-18 05:45:00,-0.0
2023-11-18 06:00:00,-0.0
2023-11-18 06:15:00,-0.0
2023-11-18 06:30:00,11.75
2023-11-18 06:45:00,56.92
2023-11-18 07:00:00,134.45
2023-11-18 07:15:00,217.84
2023-11-18 07:30:00,298.51
2023-11-18 07:45:00,372.68
2023-11-18 08:00:00,393.48
2023-11-18 08:15:00,407.7
2023-11-18 08:30:00,417.44
2023-11-18 08:45:00,419.79
2023-11-18 09:00:00,422.24
2023-11-18 09:15:00,420.88
2023-11-18 09:30:00,415.73
2023-11-18 09:45:00,409.68
2023-11-18 10:00:00,403.42
2023-11-18 10:15:00,397.95
2023-11-18 10:30:00,392.18
2023-11-18 10:45:00,386.91
2023-11-18 11:00:00,383.02
2023-11-18 11:15:00,380.04
2023-11-18 11:30:00,377.93
2023-11-18 11:45:00,379.37
2023-11-18 12:00:00,381.62
2023-11-18 12:15:00,384.88
2023-11-18 12:30:00,389.61
2023-11-18 12:45:00,394.02
2023-11-18 13:00:00,398.23
2023-11-18 13:15:00,403.56
2023-11-18 13:30:00,407.93
2023-11-18 13:45:00,411.29
2023-11-18 14:00:00,413.52
2023-11-18 14:15:00,409.3
2023-11-18 14:30:00,400.91
2023-11-18 14:45:00,387.66
2023-11-18 15:00:00,369.07
2023-11-18 15:15:00,343.26
2023-11-18 15:30:00,267.54
2023-11-18 15:45:00,185.5
2023-11-18 16:00:00,104.72
2023-11-18 16:15:00,33.93
2023-11-18 16:30:00,1.32
2023-11-18 16:45:00,-0.0
2023-11-18 17:00:00,-0.0
2023-11-18 17:15:00,-0.0
2023-11-18 17:30:00,-0.0
2023-11-18 17:45:00,-0.0
2023-11-18 18:00:00,-0.0
2023-11-18 18:15:00,-0.0
2023-11-18 18:30:00,-0.0
2023-11-18 18:45:00,-0.0
2023-11-18 19:00:00,-0.0
2023-11-18 19:15:00,-0.0
2023-11-18 19:30:00,-0.0
2023-11-18 19:45:00,-0.0
2023-11-18 20:00:00,-0.0
2023-11-18 20:15:00,-0.0
2023-11-18 20:30:00,-0.0
2023-11-18 20:45:00,-0.0
2023-11-18 21:00:00,-0.0
2023-11-18 21:15:00,-0.0
2023-11-18 21:30:00,-0.0
2023-11-18 21:45:00,-0.0
2023-11-18 22:00:00,-0.0
2023-11-18 22:15:00,-0.0
2023-11-18 22:30:00,-0.0
2023-11-18 22:45:00,-0.0
2023-11-18 23:00:00,-0.0
2023-11-18 23:15:00,-0.0
2023-11-18 23:30:00,-0.0
2023-11-18 23:45:00,-0.0
2023-11-19 00:00:00,-0.0
2023-11-19 00:15:00,-0.0
2023-11-19 00:30:00,-0.0
2023-11-19 00:45:00,-0.0
2023-11-19 01:00:00,-0.0
2023-11-19 01:15:00,-0.0
2023-11-19 01:30:00,-0.0
2023-11-19 01:45:00,-0.0
2023-11-19 02:00:00,-0.0
2023-11-19 02:15:00,-0.0
2023-11-19 02:30:00,-0.0
2023-11-19 02:45:00,-0.0
2023-11-19 03:00:00,-0.0
2023-11-19 03:15:00,-0.0
2023-11-19 03:30:00,-0.0
2023-11-19 03:45:00,-0.0
2023-11-19 04:00:00,-0.0
2023-11-19 04:15:00,-0.0
2023-11-19 04:30:00,-0.0
2023-11-19 04:45:00,-0.0
2023-11-19 05:00:00,-0.0
2023-11-19 05:15:00,-0.0
2023-11-19 05:30:00,-0.0
2023-11-19 05:45:00,-0.0
2023-11-19 06:00:00,-0.0
2023-11-19 06:15:00,-0.0
2023-11-19 06:30:00,9.76
2023-11-19 06:45:00,47.72
2023-11-19 07:00:00,119.86
2023-11-19 07:15:00,188.39
2023-11-19 07:30:00,82.95
2023-11-19 07:45:00,75.15
2023-11-19 08:00:00,113.16
2023-11-19 08:15:00,155.77
2023-11-19 08:30:00,189.91
2023-11-19 08:45:00,364.57
2023-11-19 09:00:00,411.32
2023-11-19 09:15:00,410.95
2023-11-19 09:30:00,406.8
2023-11-19 09:45:00,401.25
2023-11-19 10:00:00,393.25
2023-11-19 10:15:00,388.28
2023-11-19 10:30:00,382.9
2023-11-19 10:45:00,377.85
2023-11-19 11:00:00,374.08
2023-11-19 11:15:00,371.15
2023-11-19 11:30:00,368.98
2023-11-19 11:45:00,370.45
2023-11-19 12:00:00,372.81
2023-11-19 12:15:00,376.05
2023-11-19 12:30:00,380.63
2023-11-19 12:45:00,384.87
2023-11-19 13:00:00,388.97
2023-11-19 13:15:00,393.92
2023-11-19 13:30:00,400.47
2023-11-19 13:45:00,403.65
2023-11-19 14:00:00,402.67
2023-11-19 14:15:00,397.86
2023-11-19 14:30:00,388.81
2023-11-19 14:45:00,374.86
2023-11-19 15:00:00,355.53
2023-11-19 15:15:00,328.77
2023-11-19 15:30:00,255.33
2023-11-19 15:45:00,174.95
2023-11-19 16:00:00,95.61
2023-11-19 16:15:00,28.91
2023-11-19 16:30:00,1.07
2023-11-19 16:45:00,-0.0
2023-11-19 17:00:00,-0.0
2023-11-19 17:15:00,-0.0
2023-11-19 17:30:00,-0.0
2023-11-19 17:45:00,-0.0
2023-11-19 18:00:00,-0.0
2023-11-19 18:15:00,-0.0
2023-11-19 18:30:00,-0.0
2023-11-19 18:45:00,-0.0
2023-11-19 19:00:00,-0.0
2023-11-19 19:15:00,-0.0
2023-11-19 19:30:00,-0.0
2023-11-19 19:45:00,-0.0
2023-11-19 20:00:00,-0.0
2023-11-19 20:15:00,-0.0
2023-11-19 20:30:00,-0.0
2023-11-19 20:45:00,-0.0
2023-11-19 21:00:00,-0.0
2023-11-19 21:15:00,-0.0
2023-11-19 21:30:00,-0.0
2023-11-19 21:45:00,-0.0
2023-11-19 22:00:00,-0.0
2023-11-19 22:15:00,-0.0
2023-11-19 22:30:00,-0.0
2023-11-19 22:45:00,-0.0
2023-11-19 23:00:00,-0.0
2023-11-19 23:15:00,-0.0
2023-11-19 23:30:00,-0.0
2023-11-19 23:45:00,-0.0
2023-11-20 00:00:00,-0.0
2023-11-20 00:15:00,-0.0
2023-11-20 00:30:00,-0.0
2023-11-20 00:45:00,-0.0
2023-11-20 01:00:00,-0.0
2023-11-20 01:15:00,-0.0
2023-11-20 01:30:00,-0.0
2023-11-20 01:45:00,-0.0
2023-11-20 02:00:00,-0.0
2023-11-20 02:15:00,-0.0
2023-11-20 02:30:00,-0.0
2023-11-20 02:45:00,-0.0
2023-11-20 03:00:00,-0.0
2023-11-20 03:15:00,-0.0
2023-11-20 03:30:00,-0.0
2023-11-20 03:45:00,-0.0
2023-11-20 04:00:00,-0.0
2023-11-20 04:15:00,-0.0
2023-11-20 04:30:00,-0.0
2023-11-20 04:45:00,-0.0
2023-11-20 05:00:00,-0.0
2023-11-20 05:15:00,-0.0
2023-11-20 05:30:00,-0.0
2023-11-20 05:45:00,-0.0
2023-11-20 06:00:00,-0.0
2023-11-20 06:15:00,-0.0
2023-11-20 06:30:00,8.72
2023-11-20 06:45:00,41.47
2023-11-20 07:00:00,111.11
2023-11-20 07:15:00,187.96
2023-11-20 07:30:00,265.75
2023-11-20 07:45:00,343.5
2023-11-20 08:00:00,356.23
2023-11-20 08:15:00,207.85
2023-11-20 08:30:00,170.63
2023-11-20 08:45:00,191.03
2023-11-20 09:00:00,365.45
2023-11-20 09:15:00,407.14
2023-11-20 09:30:00,403.42
2023-11-20 09:45:00,398.23
2023-11-20 10:00:00,392.34
2023-11-20 10:15:00,387.11
2023-11-20 10:30:00,381.39
2023-11-20 10:45:00,376.07
2023-11-20 11:00:00,371.81
2023-11-20 11:15:00,368.37
2023-11-20 11:30:00,365.75
2023-11-20 11:45:00,367.23
2023-11-20 12:00:00,369.81
2023-11-20 12:15:00,373.39
2023-11-20 12:30:00,378.15
2023-11-20 12:45:00,382.58
2023-11-20 13:00:00,386.6
2023-11-20 13:15:00,391.32
2023-11-20 13:30:00,394.99
2023-11-20 13:45:00,397.17
2023-11-20 14:00:00,395.03
2023-11-20 14:15:00,388.93
2023-11-20 14:30:00,380.74
2023-11-20 14:45:00,365.49
2023-11-20 15:00:00,344.75
2023-11-20 15:15:00,316.43
2023-11-20 15:30:00,240.47
2023-11-20 15:45:00,162.2
2023-11-20 16:00:00,86.99
2023-11-20 16:15:00,25.29
2023-11-20 16:30:00,0.92
2023-11-20 16:45:00,-0.0
2023-11-20 17:00:00,-0.0
2023-11-20 17:15:00,-0.0
2023-11-20 17:30:00,-0.0
2023-11-20 17:45:00,-0.0
2023-11-20 18:00:00,-0.0
2023-11-20 18:15:00,-0.0
2023-11-20 18:30:00,-0.0
2023-11-20 18:45:00,-0.0
2023-11-20 19:00:00,-0.0
2023-11-20 19:15:00,-0.0
2023-11-20 19:30:00,-0.0
2023-11-20 19:45:00,-0.0
2023-11-20 20:00:00,-0.0
2023-11-20 20:15:00,-0.0
2023-11-20 20:30:00,-0.0
2023-11-20 20:45:00,-0.0
2023-11-20 21:00:00,-0.0
2023-11-20 21:15:00,-0.0
2023-11-20 21:30:00,-0.0
2023-11-20 21:45:00,-0.0
2023-11-20 22:00:00,-0.0
2023-11-20 22:15:00,-0.0
2023-11-20 22:30:00,-0.0
2023-11-20 22:45:00,-0.0
2023-11-20 23:00:00,-0.0
2023-11-20 23:15:00,-0.0
2023-11-20 23:30:00,-0.0
2023-11-20 23:45:00,-0.0
2023-11-21 00:00:00,-0.0
2023-11-21 00:15:00,-0.0
2023-11-21 00:30:00,-0.0
2023-11-21 00:45:00,-0.0
2023-11-21 01:00:00,-0.0
2023-11-21 01:15:00,-0.0
2023-11-21 01:30:00,-0.0
2023-11-21 01:45:00,-0.0
2023-11-21 02:00:00,-0.0
2023-11-21 02:15:00,-0.0
2023-11-21 02:30:00,-0.0
2023-11-21 02:45:00,-0.0
2023-11-21 03:00:00,-0.0
2023-11-21 03:15:00,-0.0
2023-11-21 03:30:00,-0.0
2023-11-21 03:45:00,-0.0
2023-11-21 04:00:00,-0.0
2023-11-21 04:15:00,-0.0
2023-11-21 04:30:00,-0.0
2023-11-21 04:45:00,-0.0
2023-11-21 05:00:00,-0.0
2023-11-21 05:15:00,-0.0
2023-11-21 05:30:00,-0.0
2023-11-21 05:45:00,-0.0
2023-11-21 06:00:00,-0.0
2023-11-21 06:15:00,-0.0
2023-11-21 06:30:00,7.98
2023-11-21 06:45:00,38.03
2023-11-21 07:00:00,109.61
2023-11-21 07:15:00,188.27
2023-11-21 07:30:00,268.25
2023-11-21 07:45:00,348.91
2023-11-21 08:00:00,375.78
2023-11-21 08:15:00,390.58
2023-11-21 08:30:00,403.31
2023-11-21 08:45:00,411.29
2023-11-21 09:00:00,414.78
2023-11-21 09:15:00,413.63
2023-11-21 09:30:00,408.96
2023-11-21 09:45:00,402.78
2023-11-21 10:00:00,395.97
2023-11-21 10:15:00,390.16
2023-11-21 10:30:00,383.83
2023-11-21 10:45:00,378.04
2023-11-21 11:00:00,373.35
2023-11-21 11:15:00,369.44
2023-11-21 11:30:00,366.42
2023-11-21 11:45:00,367.49
2023-11-21 12:00:00,369.52
2023-11-21 12:15:00,372.18
2023-11-21 12:30:00,375.85
2023-11-21 12:45:00,378.91
2023-11-21 13:00:00,381.39
2023-11-21 13:15:00,385.42
2023-11-21 13:30:00,387.14
2023-11-21 13:45:00,386.79
2023-11-21 14:00:00,381.71
2023-11-21 14:15:00,359.17
2023-11-21 14:30:00,166.17
2023-11-21 14:45:00,138.29
2023-11-21 15:00:00,269.3
2023-11-21 15:15:00,261.49
2023-11-21 15:30:00,102.15
2023-11-21 15:45:00,106.32
2023-11-21 16:00:00,60.12
2023-11-21 16:15:00,14.24
2023-11-21 16:30:00,0.69
2023-11-21 16:45:00,-0.0
2023-11-21 17:00:00,-0.0
2023-11-21 17:15:00,-0.0
2023-11-21 17:30:00,-0.0
2023-11-21 17:45:00,-0.0
2023-11-21 18:00:00,-0.0
2023-11-21 18:15:00,-0.0
2023-11-21 18:30:00,-0.0
2023-11-21 18:45:00,-0.0
2023-11-21 19:00:00,-0.0
2023-11-21 19:15:00,-0.0
2023-11-21 19:30:00,-0.0
2023-11-21 19:45:00,-0.0
2023-11-21 20:00:00,-0.0
2023-11-21 20:15:00,-0.0
2023-11-21 20:30:00,-0.0
2023-11-21 20:45:00,-0.0
2023-11-21 21:00:00,-0.0
2023-11-21 21:15:00,-0.0
2023-11-21 21:30:00,-0.0
2023-11-21 21:45:00,-0.0
2023-11-21 22:00:00,-0.0
2023-11-21 22:15:00,-0.0
2023-11-21 22:30:00,-0.0
2023-11-21 22:45:00,-0.0
2023-11-21 23:00:00,-0.0
2023-11-21 23:15:00,-0.0
2023-11-21 23:30:00,-0.0
2023-11-21 23:45:00,-0.0
2023-11-22 00:00:00,-0.0
2023-11-22 00:15:00,-0.0
2023-11-22 00:30:00,-0.0
2023-11-22 00:45:00,-0.0
2023-11-22 01:00:00,-0.0
2023-11-22 01:15:00,-0.0
2023-11-22 01:30:00,-0.0
2023-11-22 01:45:00,-0.0
2023-11-22 02:00:00,-0.0
2023-11-22 02:15:00,-0.0
2023-11-22 02:30:00,-0.0
2023-11-22 02:45:00,-0.0
2023-11-22 03:00:00,-0.0
2023-11-22 03:15:00,-0.0
2023-11-22 03:30:00,-0.0
2023-11-22 03:45:00,-0.0
2023-11-22 04:00:00,-0.0
2023-11-22 04:15:00,-0.0
2023-11-22 04:30:00,-0.0
2023-11-22 04:45:00,-0.0
2023-11-22 05:00:00,-0.0
2023-11-22 05:15:00,-0.0
2023-11-22 05:30:00,-0.0
2023-11-22 05:45:00,-0.0
2023-11-22 06:00:00,-0.0
2023-11-22 06:15:00,-0.0
2023-11-22 06:30:00,7.17
2023-11-22 06:45:00,33.5
2023-11-22 07:00:00,103.61
2023-11-22 07:15:00,180.03
2023-11-22 07:30:00,258.4
2023-11-22 07:45:00,324.26
2023-11-22 08:00:00,186.45
2023-11-22 08:15:00,332.31
2023-11-22 08:30:00,396.41
2023-11-22 08:45:00,404.14
2023-11-22 09:00:00,405.39
2023-11-22 09:15:00,404.48
2023-11-22 09:30:00,400.09
2023-11-22 09:45:00,394.1
2023-11-22 10:00:00,387.71
2023-11-22 10:15:00,382.08
2023-11-22 10:30:00,375.88
2023-11-22 10:45:00,370.08
2023-11-22 11:00:00,365.22
2023-11-22 11:15:00,360.96
2023-11-22 11:30:00,357.38
2023-11-22 11:45:00,357.92
2023-11-22 12:00:00,359.74
2023-11-22 12:15:00,362.23
2023-11-22 12:30:00,365.66
2023-11-22 12:45:00,368.25
2023-11-22 13:00:00,370.16
2023-11-22 13:15:00,371.91
2023-11-22 13:30:00,372.09
2023-11-22 13:45:00,369.93
2023-11-22 14:00:00,362.95
2023-11-22 14:15:00,351.15
2023-11-22 14:30:00,334.21
2023-11-22 14:45:00,309.4
2023-11-22 15:00:00,276.67
2023-11-22 15:15:00,170.51
2023-11-22 15:30:00,134.8
2023-11-22 15:45:00,109.85
2023-11-22 16:00:00,53.59
2023-11-22 16:15:00,12.04
2023-11-22 16:30:00,0.62
2023-11-22 16:45:00,-0.0
2023-11-22 17:00:00,-0.0
2023-11-22 17:15:00,-0.0
2023-11-22 17:30:00,-0.0
2023-11-22 17:45:00,-0.0
2023-11-22 18:00:00,-0.0
2023-11-22 18:15:00,-0.0
2023-11-22 18:30:00,-0.0
2023-11-22 18:45:00,-0.0
2023-11-22 19:00:00,-0.0
2023-11-22 19:15:00,-0.0
2023-11-22 19:30:00,-0.0
2023-11-22 19:45:00,-0.0
2023-11-22 20:00:00,-0.0
2023-11-22 20:15:00,-0.0
2023-11-22 20:30:00,-0.0
2023-11-22 20:45:00,-0.0
2023-11-22 21:00:00,-0.0
2023-11-22 21:15:00,-0.0
2023-11-22 21:30:00,-0.0
2023-11-22 21:45:00,-0.0
2023-11-22 22:00:00,-0.0
2023-11-22 22:15:00,-0.0
2023-11-22 22:30:00,-0.0
2023-11-22 22:45:00,-0.0
2023-11-22 23:00:00,-0.0
2023-11-22 23:15:00,-0.0
2023-11-22 23:30:00,-0.0
2023-11-22 23:45:00,-0.0
2023-11-23 00:00:00,-0.0
2023-11-23 00:15:00,-0.0
2023-11-23 00:30:00,-0.0
2023-11-23 00:45:00,-0.0
2023-11-23 01:00:00,-0.0
2023-11-23 01:15:00,-0.0
2023-11-23 01:30:00,-0.0
2023-11-23 01:45:00,-0.0
2023-11-23 02:00:00,-0.0
2023-11-23 02:15:00,-0.0
2023-11-23 02:30:00,-0.0
2023-11-23 02:45:00,-0.0
2023-11-23 03:00:00,-0.0
2023-11-23 03:15:00,-0.0
2023-11-23 03:30:00,-0.0
2023-11-23 03:45:00,-0.0
2023-11-23 04:00:00,-0.0
2023-11-23 04:15:00,-0.0
2023-11-23 04:30:00,-0.0
2023-11-23 04:45:00,-0.0
2023-11-23 05:00:00,-0.0
2023-11-23 05:15:00,-0.0
2023-11-23 05:30:00,-0.0
2023-11-23 05:45:00,-0.0
2023-11-23 06:00:00,-0.0
2023-11-23 06:15:00,-0.0
2023-11-23 06:30:00,0.98
2023-11-23 06:45:00,2.96
2023-11-23 07:00:00,6.96
2023-11-23 07:15:00,10.39
2023-11-23 07:30:00,14.69
2023-11-23 07:45:00,61.29
2023-11-23 08:00:00,180.23
2023-11-23 08:15:00,245.23
2023-11-23 08:30:00,264.32
2023-11-23 08:45:00,187.29
2023-11-23 09:00:00,94.29
2023-11-23 09:15:00,152.56
2023-11-23 09:30:00,183.19
2023-11-23 09:45:00,187.69
2023-11-23 10:00:00,324.51
2023-11-23 10:15:00,272.87
2023-11-23 10:30:00,334.85
2023-11-23 10:45:00,357.0
2023-11-23 11:00:00,352.01
2023-11-23 11:15:00,347.35
2023-11-23 11:30:00,343.33
2023-11-23 11:45:00,343.28
2023-11-23 12:00:00,343.89
2023-11-23 12:15:00,344.26
2023-11-23 12:30:00,343.69
2023-11-23 12:45:00,342.63
2023-11-23 13:00:00,340.37
2023-11-23 13:15:00,329.96
2023-11-23 13:30:00,228.3
2023-11-23 13:45:00,281.51
2023-11-23 14:00:00,201.39
2023-11-23 14:15:00,146.85
2023-11-23 14:30:00,135.1
2023-11-23 14:45:00,130.12
2023-11-23 15:00:00,115.94
2023-11-23 15:15:00,87.8
2023-11-23 15:30:00,49.41
2023-11-23 15:45:00,40.63
2023-11-23 16:00:00,22.11
2023-11-23 16:15:00,7.31
2023-11-23 16:30:00,-0.0
2023-11-23 16:45:00,-0.0
2023-11-23 17:00:00,-0.0
2023-11-23 17:15:00,-0.0
2023-11-23 17:30:00,-0.0
2023-11-23 17:45:00,-0.0
2023-11-23 18:00:00,-0.0
2023-11-23 18:15:00,-0.0
2023-11-23 18:30:00,-0.0
2023-11-23 18:45:00,-0.0
2023-11-23 19:00:00,-0.0
2023-11-23 19:15:00,-0.0
2023-11-23 19:30:00,-0.0
2023-11-23 19:45:00,-0.0
2023-11-23 20:00:00,-0.0
2023-11-23 20:15:00,-0.0
2023-11-23 20:30:00,-0.0
2023-11-23 20:45:00,-0.0
2023-11-23 21:00:00,-0.0
2023-11-23 21:15:00,-0.0
2023-11-23 21:30:00,-0.0
2023-11-23 21:45:00,-0.0
2023-11-23 22:00:00,-0.0
2023-11-23 22:15:00,-0.0
2023-11-23 22:30:00,-0.0
2023-11-23 22:45:00,-0.0
2023-11-23 23:00:00,-0.0
2023-11-23 23:15:00,-0.0
2023-11-23 23:30:00,-0.0
2023-11-23 23:45:00,-0.0
2023-11-24 00:00:00,-0.0
2023-11-24 00:15:00,-0.0
2023-11-24 00:30:00,-0.0
2023-11-24 00:45:00,-0.0
2023-11-24 01:00:00,-0.0
2023-11-24 01:15:00,-0.0
2023-11-24 01:30:00,-0.0
2023-11-24 01:45:00,-0.0
2023-11-24 02:00:00,-0.0
2023-11-24 02:15:00,-0.0
2023-11-24 02:30:00,-0.0
2023-11-24 02:45:00,-0.0
2023-11-24 03:00:00,-0.0
2023-11-24 03:15:00,-0.0
2023-11-24 03:30:00,-0.0
2023-11-24 03:45:00,-0.0
2023-11-24 04:00:00,-0.0
2023-11-24 04:15:00,-0.0
2023-11-24 04:30:00,-0.0
2023-11-24 04:45:00,-0.0
2023-11-24 05:00:00,-0.0
2023-11-24 05:15:00,-0.0
2023-11-24 05:30:00,-0.0
2023-11-24 05:45:00,-0.0
2023-11-24 06:00:00,-0.0
2023-11-24 06:15:00,-0.0
2023-11-24 06:30:00,1.18
2023-11-24 06:45:00,3.77
2023-11-24 07:00:00,9.13
2023-11-24 07:15:00,13.82
2023-11-24 07:30:00,14.83
2023-11-24 07:45:00,54.96
2023-11-24 08:00:00,87.33
2023-11-24 08:15:00,107.22
2023-11-24 08:30:00,137.12
2023-11-24 08:45:00,149.84
2023-11-24 09:00:00,156.06
2023-11-24 09:15:00,162.89
2023-11-24 09:30:00,178.51
2023-11-24 09:45:00,323.29
2023-11-24 10:00:00,359.47
2023-11-24 10:15:00,355.39
2023-11-24 10:30:00,351.09
2023-11-24 10:45:00,346.41
2023-11-24 11:00:00,342.31
2023-11-24 11:15:00,338.39
2023-11-24 11:30:00,334.86
2023-11-24 11:45:00,335.07
2023-11-24 12:00:00,335.72
2023-11-24 12:15:00,337.06
2023-11-24 12:30:00,338.78
2023-11-24 12:45:00,339.45
2023-11-24 13:00:00,339.14
2023-11-24 13:15:00,338.43
2023-11-24 13:30:00,335.93
2023-11-24 13:45:00,331.02
2023-11-24 14:00:00,321.89
2023-11-24 14:15:00,308.29
2023-11-24 14:30:00,289.96
2023-11-24 14:45:00,266.25
2023-11-24 15:00:00,238.23
2023-11-24 15:15:00,197.47
2023-11-24 15:30:00,138.22
2023-11-24 15:45:00,84.03
2023-11-24 16:00:00,37.08
2023-11-24 16:15:00,8.21
2023-11-24 16:30:00,-0.0
2023-11-24 16:45:00,-0.0
2023-11-24 17:00:00,-0.0
2023-11-24 17:15:00,-0.0
2023-11-24 17:30:00,-0.0
2023-11-24 17:45:00,-0.0
2023-11-24 18:00:00,-0.0
2023-11-24 18:15:00,-0.0
2023-11-24 18:30:00,-0.0
2023-11-24 18:45:00,-0.0
2023-11-24 19:00:00,-0.0
2023-11-24 19:15:00,-0.0
2023-11-24 19:30:00,-0.0
2023-11-24 19:45:00,-0.0
2023-11-24 20:00:00,-0.0
2023-11-24 20:15:00,-0.0
2023-11-24 20:30:00,-0.0
2023-11-24 20:45:00,-0.0
2023-11-24 21:00:00,-0.0
2023-11-24 21:15:00,-0.0
2023-11-24 21:30:00,-0.0
2023-11-24 21:45:00,-0.0
2023-11-24 22:00:00,-0.0
2023-11-24 22:15:00,-0.0
2023-11-24 22:30:00,-0.0
2023-11-24 22:45:00,-0.0
2023-11-24 23:00:00,-0.0
2023-11-24 23:15:00,-0.0
2023-11-24 23:30:00,-0.0
2023-11-24 23:45:00,-0.0
2023-11-25 00:00:00,-0.0
2023-11-25 00:15:00,-0.0
2023-11-25 00:30:00,-0.0
2023-11-25 00:45:00,-0.0
2023-11-25 01:00:00,-0.0
2023-11-25 01:15:00,-0.0
2023-11-25 01:30:00,-0.0
2023-11-25 01:45:00,-0.0
2023-11-25 02:00:00,-0.0
2023-11-25 02:15:00,-0.0
2023-11-25 02:30:00,-0.0
2023-11-25 02:45:00,-0.0
2023-11-25 03:00:00,-0.0
2023-11-25 03:15:00,-0.0
2023-11-25 03:30:00,-0.0
2023-11-25 03:45:00,-0.0
2023-11-25 04:00:00,-0.0
2023-11-25 04:15:00,-0.0
2023-11-25 04:30:00,-0.0
2023-11-25 04:45:00,-0.0
2023-11-25 05:00:00,-0.0
2023-11-25 05:15:00,-0.0
2023-11-25 05:30:00,-0.0
2023-11-25 05:45:00,-0.0
2023-11-25 06:00:00,-0.0
2023-11-25 06:15:00,-0.0
2023-11-25 06:30:00,4.98
2023-11-25 06:45:00,28.9
2023-11-25 07:00:00,97.64
2023-11-25 07:15:00,176.23
2023-11-25 07:30:00,257.25
2023-11-25 07:45:00,333.59
2023-11-25 08:00:00,372.56
2023-11-25 08:15:00,389.98
2023-11-25 08:30:00,401.58
2023-11-25 08:45:00,408.99
2023-11-25 09:00:00,412.99
2023-11-25 09:15:00,413.04
2023-11-25 09:30:00,409.38
2023-11-25 09:45:00,401.24
2023-11-25 10:00:00,394.88
2023-11-25 10:15:00,389.32
2023-11-25 10:30:00,383.76
2023-11-25 10:45:00,378.38
2023-11-25 11:00:00,374.24
2023-11-25 11:15:00,370.61
2023-11-25 11:30:00,368.85
2023-11-25 11:45:00,370.01
2023-11-25 12:00:00,372.51
2023-11-25 12:15:00,375.93
2023-11-25 12:30:00,380.89
2023-11-25 12:45:00,385.73
2023-11-25 13:00:00,390.47
2023-11-25 13:15:00,396.23
2023-11-25 13:30:00,401.23
2023-11-25 13:45:00,404.83
2023-11-25 14:00:00,404.67
2023-11-25 14:15:00,403.73
2023-11-25 14:30:00,395.7
2023-11-25 14:45:00,382.98
2023-11-25 15:00:00,364.64
2023-11-25 15:15:00,337.63
2023-11-25 15:30:00,255.05
2023-11-25 15:45:00,172.3
2023-11-25 16:00:00,91.49
2023-11-25 16:15:00,23.21
2023-11-25 16:30:00,-0.0
2023-11-25 16:45:00,-0.0
2023-11-25 17:00:00,-0.0
2023-11-25 17:15:00,-0.0
2023-11-25 17:30:00,-0.0
2023-11-25 17:45:00,-0.0
2023-11-25 18:00:00,-0.0
2023-11-25 18:15:00,-0.0
2023-11-25 18:30:00,-0.0
2023-11-25 18:45:00,-0.0
2023-11-25 19:00:00,-0.0
2023-11-25 19:15:00,-0.0
2023-11-25 19:30:00,-0.0
2023-11-25 19:45:00,-0.0
2023-11-25 20:00:00,-0.0
2023-11-25 20:15:00,-0.0
2023-11-25 20:30:00,-0.0
2023-11-25 20:45:00,-0.0
2023-11-25 21:00:00,-0.0
2023-11-25 21:15:00,-0.0
2023-11-25 21:30:00,-0.0
2023-11-25 21:45:00,-0.0
2023-11-25 22:00:00,-0.0
2023-11-25 22:15:00,-0.0
2023-11-25 22:30:00,-0.0
2023-11-25 22:45:00,-0.0
2023-11-25 23:00:00,-0.0
2023-11-25 23:15:00,-0.0
2023-11-25 23:30:00,-0.0
2023-11-25 23:45:00,-0.0
2023-11-26 00:00:00,-0.0
2023-11-26 00:15:00,-0.0
2023-11-26 00:30:00,-0.0
2023-11-26 00:45:00,-0.0
2023-11-26 01:00:00,-0.0
2023-11-26 01:15:00,-0.0
2023-11-26 01:30:00,-0.0
2023-11-26 01:45:00,-0.0
2023-11-26 02:00:00,-0.0
2023-11-26 02:15:00,-0.0
2023-11-26 02:30:00,-0.0
2023-11-26 02:45:00,-0.0
2023-11-26 03:00:00,-0.0
2023-11-26 03:15:00,-0.0
2023-11-26 03:30:00,-0.0
2023-11-26 03:45:00,-0.0
2023-11-26 04:00:00,-0.0
2023-11-26 04:15:00,-0.0
2023-11-26 04:30:00,-0.0
2023-11-26 04:45:00,-0.0
2023-11-26 05:00:00,-0.0
2023-11-26 05:15:00,-0.0
2023-11-26 05:30:00,-0.0
2023-11-26 05:45:00,-0.0
2023-11-26 06:00:00,-0.0
2023-11-26 06:15:00,-0.0
2023-11-26 06:30:00,1.0
2023-11-26 06:45:00,3.72
2023-11-26 07:00:00,8.96
2023-11-26 07:15:00,14.86
2023-11-26 07:30:00,43.47
2023-11-26 07:45:00,144.23
2023-11-26 08:00:00,147.76
2023-11-26 08:15:00,143.91
2023-11-26 08:30:00,146.42
2023-11-26 08:45:00,102.78
2023-11-26 09:00:00,72.04
2023-11-26 09:15:00,70.12
2023-11-26 09:30:00,126.85
2023-11-26 09:45:00,117.99
2023-11-26 10:00:00,179.3
2023-11-26 10:15:00,229.06
2023-11-26 10:30:00,349.76
2023-11-26 10:45:00,374.9
2023-11-26 11:00:00,370.1
2023-11-26 11:15:00,366.29
2023-11-26 11:30:00,355.79
2023-11-26 11:45:00,251.07
2023-11-26 12:00:00,241.6
2023-11-26 12:15:00,207.71
2023-11-26 12:30:00,336.32
2023-11-26 12:45:00,380.79
2023-11-26 13:00:00,380.55
2023-11-26 13:15:00,292.48
2023-11-26 13:30:00,250.7
2023-11-26 13:45:00,262.61
2023-11-26 14:00:00,368.02
2023-11-26 14:15:00,320.7
2023-11-26 14:30:00,244.28
2023-11-26 14:45:00,140.74
2023-11-26 15:00:00,138.29
2023-11-26 15:15:00,145.36
2023-11-26 15:30:00,116.89
2023-11-26 15:45:00,147.98
2023-11-26 16:00:00,87.25
2023-11-26 16:15:00,21.0
2023-11-26 16:30:00,-0.0
2023-11-26 16:45:00,-0.0
2023-11-26 17:00:00,-0.0
2023-11-26 17:15:00,-0.0
2023-11-26 17:30:00,-0.0
2023-11-26 17:45:00,-0.0
2023-11-26 18:00:00,-0.0
2023-11-26 18:15:00,-0.0
2023-11-26 18:30:00,-0.0
2023-11-26 18:45:00,-0.0
2023-11-26 19:00:00,-0.0
2023-11-26 19:15:00,-0.0
2023-11-26 19:30:00,-0.0
2023-11-26 19:45:00,-0.0
2023-11-26 20:00:00,-0.0
2023-11-26 20:15:00,-0.0
2023-11-26 20:30:00,-0.0
2023-11-26 20:45:00,-0.0
2023-11-26 21:00:00,-0.0
2023-11-26 21:15:00,-0.0
2023-11-26 21:30:00,-0.0
2023-11-26 21:45:00,-0.0
2023-11-26 22:00:00,-0.0
2023-11-26 22:15:00,-0.0
2023-11-26 22:30:00,-0.0
2023-11-26 22:45:00,-0.0
2023-11-26 23:00:00,-0.0
2023-11-26 23:15:00,-0.0
2023-11-26 23:30:00,-0.0
2023-11-26 23:45:00,-0.0
2023-11-27 00:00:00,-0.0
2023-11-27 00:15:00,-0.0
2023-11-27 00:30:00,-0.0
2023-11-27 00:45:00,-0.0
2023-11-27 01:00:00,-0.0
2023-11-27 01:15:00,-0.0
2023-11-27 01:30:00,-0.0
2023-11-27 01:45:00,-0.0
2023-11-27 02:00:00,-0.0
2023-11-27 02:15:00,-0.0
2023-11-27 02:30:00,-0.0
2023-11-27 02:45:00,-0.0
2023-11-27 03:00:00,-0.0
2023-11-27 03:15:00,-0.0
2023-11-27 03:30:00,-0.0
2023-11-27 03:45:00,-0.0
2023-11-27 04:00:00,-0.0
2023-11-27 04:15:00,-0.0
2023-11-27 04:30:00,-0.0
2023-11-27 04:45:00,-0.0
2023-11-27 05:00:00,-0.0
2023-11-27 05:15:00,-0.0
2023-11-27 05:30:00,-0.0
2023-11-27 05:45:00,-0.0
2023-11-27 06:00:00,-0.0
2023-11-27 06:15:00,-0.0
2023-11-27 06:30:00,3.69
2023-11-27 06:45:00,24.64
2023-11-27 07:00:00,89.01
2023-11-27 07:15:00,166.42
2023-11-27 07:30:00,244.45
2023-11-27 07:45:00,322.99
2023-11-27 08:00:00,367.69
2023-11-27 08:15:00,385.17
2023-11-27 08:30:00,396.85
2023-11-27 08:45:00,404.27
2023-11-27 09:00:00,407.57
2023-11-27 09:15:00,407.04
2023-11-27 09:30:00,403.2
2023-11-27 09:45:00,396.9
2023-11-27 10:00:00,389.8
2023-11-27 10:15:00,383.73
2023-11-27 10:30:00,377.49
2023-11-27 10:45:00,371.5
2023-11-27 11:00:00,366.49
2023-11-27 11:15:00,362.57
2023-11-27 11:30:00,360.15
2023-11-27 11:45:00,360.96
2023-11-27 12:00:00,363.91
2023-11-27 12:15:00,367.0
2023-11-27 12:30:00,371.76
2023-11-27 12:45:00,376.33
2023-11-27 13:00:00,380.67
2023-11-27 13:15:00,385.58
2023-11-27 13:30:00,389.5
2023-11-27 13:45:00,391.66
2023-11-27 14:00:00,389.63
2023-11-27 14:15:00,383.35
2023-11-27 14:30:00,374.66
2023-11-27 14:45:00,358.88
2023-11-27 15:00:00,337.82
2023-11-27 15:15:00,307.2
2023-11-27 15:30:00,228.15
2023-11-27 15:45:00,150.13
2023-11-27 16:00:00,76.77
2023-11-27 16:15:00,16.87
2023-11-27 16:30:00,-0.0
2023-11-27 16:45:00,-0.0
2023-11-27 17:00:00,-0.0
2023-11-27 17:15:00,-0.0
2023-11-27 17:30:00,-0.0
2023-11-27 17:45:00,-0.0
2023-11-27 18:00:00,-0.0
2023-11-27 18:15:00,-0.0
2023-11-27 18:30:00,-0.0
2023-11-27 18:45:00,-0.0
2023-11-27 19:00:00,-0.0
2023-11-27 19:15:00,-0.0
2023-11-27 19:30:00,-0.0
2023-11-27 19:45:00,-0.0
2023-11-27 20:00:00,-0.0
2023-11-27 20:15:00,-0.0
2023-11-27 20:30:00,-0.0
2023-11-27 20:45:00,-0.0
2023-11-27 21:00:00,-0.0
2023-11-27 21:15:00,-0.0
2023-11-27 21:30:00,-0.0
2023-11-27 21:45:00,-0.0
2023-11-27 22:00:00,-0.0
2023-11-27 22:15:00,-0.0
2023-11-27 22:30:00,-0.0
2023-11-27 22:45:00,-0.0
2023-11-27 23:00:00,-0.0
2023-11-27 23:15:00,-0.0
2023-11-27 23:30:00,-0.0
2023-11-27 23:45:00,-0.0
2023-11-28 00:00:00,-0.0
2023-11-28 00:15:00,-0.0
2023-11-28 00:30:00,-0.0
2023-11-28 00:45:00,-0.0
2023-11-28 01:00:00,-0.0
2023-11-28 01:15:00,-0.0
2023-11-28 01:30:00,-0.0
2023-11-28 01:45:00,-0.0
2023-11-28 02:00:00,-0.0
2023-11-28 02:15:00,-0.0
2023-11-28 02:30:00,-0.0
2023-11-28 02:45:00,-0.0
2023-11-28 03:00:00,-0.0
2023-11-28 03:15:00,-0.0
2023-11-28 03:30:00,-0.0
2023-11-28 03:45:00,-0.0
2023-11-28 04:00:00,-0.0
2023-11-28 04:15:00,-0.0
2023-11-28 04:30:00,-0.0
2023-11-28 04:45:00,-0.0
2023-11-28 05:00:00,-0.0
2023-11-28 05:15:00,-0.0
2023-11-28 05:30:00,-0.0
2023-11-28 05:45:00,-0.0
2023-11-28 06:00:00,-0.0
2023-11-28 06:15:00,-0.0
2023-11-28 06:30:00,3.28
2023-11-28 06:45:00,22.89
2023-11-28 07:00:00,85.71
2023-11-28 07:15:00,160.99
2023-11-28 07:30:00,242.76
2023-11-28 07:45:00,321.78
2023-11-28 08:00:00,369.63
2023-11-28 08:15:00,386.84
2023-11-28 08:30:00,398.25
2023-11-28 08:45:00,405.45
2023-11-28 09:00:00,408.09
2023-11-28 09:15:00,407.04
2023-11-28 09:30:00,400.27
2023-11-28 09:45:00,393.77
2023-11-28 10:00:00,386.34
2023-11-28 10:15:00,380.2
2023-11-28 10:30:00,373.95
2023-11-28 10:45:00,368.75
2023-11-28 11:00:00,363.3
2023-11-28 11:15:00,358.98
2023-11-28 11:30:00,356.47
2023-11-28 11:45:00,356.93
2023-11-28 12:00:00,359.58
2023-11-28 12:15:00,352.68
2023-11-28 12:30:00,221.52
2023-11-28 12:45:00,190.1
2023-11-28 13:00:00,203.65
2023-11-28 13:15:00,160.3
2023-11-28 13:30:00,163.36
2023-11-28 13:45:00,340.57
2023-11-28 14:00:00,384.12
2023-11-28 14:15:00,378.03
2023-11-28 14:30:00,362.72
2023-11-28 14:45:00,256.23
2023-11-28 15:00:00,204.7
2023-11-28 15:15:00,268.72
2023-11-28 15:30:00,169.36
2023-11-28 15:45:00,115.6
2023-11-28 16:00:00,71.12
2023-11-28 16:15:00,15.82
2023-11-28 16:30:00,-0.0
2023-11-28 16:45:00,-0.0
2023-11-28 17:00:00,-0.0
2023-11-28 17:15:00,-0.0
2023-11-28 17:30:00,-0.0
2023-11-28 17:45:00,-0.0
2023-11-28 18:00:00,-0.0
2023-11-28 18:15:00,-0.0
2023-11-28 18:30:00,-0.0
2023-11-28 18:45:00,-0.0
2023-11-28 19:00:00,-0.0
2023-11-28 19:15:00,-0.0
2023-11-28 19:30:00,-0.0
2023-11-28 19:45:00,-0.0
2023-11-28 20:00:00,-0.0
2023-11-28 20:15:00,-0.0
2023-11-28 20:30:00,-0.0
2023-11-28 20:45:00,-0.0
2023-11-28 21:00:00,-0.0
2023-11-28 21:15:00,-0.0
2023-11-28 21:30:00,-0.0
2023-11-28 21:45:00,-0.0
2023-11-28 22:00:00,-0.0
2023-11-28 22:15:00,-0.0
2023-11-28 22:30:00,-0.0
2023-11-28 22:45:00,-0.0
2023-11-28 23:00:00,-0.0
2023-11-28 23:15:00,-0.0
2023-11-28 23:30:00,-0.0
2023-11-28 23:45:00,-0.0
2023-11-29 00:00:00,-0.0
2023-11-29 00:15:00,-0.0
2023-11-29 00:30:00,-0.0
2023-11-29 00:45:00,-0.0
2023-11-29 01:00:00,-0.0
2023-11-29 01:15:00,-0.0
2023-11-29 01:30:00,-0.0
2023-11-29 01:45:00,-0.0
2023-11-29 02:00:00,-0.0
2023-11-29 02:15:00,-0.0
2023-11-29 02:30:00,-0.0
2023-11-29 02:45:00,-0.0
2023-11-29 03:00:00,-0.0
2023-11-29 03:15:00,-0.0
2023-11-29 03:30:00,-0.0
2023-11-29 03:45:00,-0.0
2023-11-29 04:00:00,-0.0
2023-11-29 04:15:00,-0.0
2023-11-29 04:30:00,-0.0
2023-11-29 04:45:00,-0.0
2023-11-29 05:00:00,-0.0
2023-11-29 05:15:00,-0.0
2023-11-29 05:30:00,-0.0
2023-11-29 05:45:00,-0.0
2023-11-29 06:00:00,-0.0
2023-11-29 06:15:00,-0.0
2023-11-29 06:30:00,-0.0
2023-11-29 06:45:00,2.27
2023-11-29 07:00:00,5.86
2023-11-29 07:15:00,9.44
2023-11-29 07:30:00,11.64
2023-11-29 07:45:00,16.57
2023-11-29 08:00:00,97.01
2023-11-29 08:15:00,311.7
2023-11-29 08:30:00,371.48
2023-11-29 08:45:00,380.89
2023-11-29 09:00:00,386.61
2023-11-29 09:15:00,388.73
2023-11-29 09:30:00,387.35
2023-11-29 09:45:00,382.58
2023-11-29 10:00:00,376.88
2023-11-29 10:15:00,371.0
2023-11-29 10:30:00,365.24
2023-11-29 10:45:00,360.59
2023-11-29 11:00:00,356.6
2023-11-29 11:15:00,353.19
2023-11-29 11:30:00,351.67
2023-11-29 11:45:00,352.85
2023-11-29 12:00:00,355.81
2023-11-29 12:15:00,358.87
2023-11-29 12:30:00,363.7
2023-11-29 12:45:00,368.52
2023-11-29 13:00:00,373.27
2023-11-29 13:15:00,378.86
2023-11-29 13:30:00,383.66
2023-11-29 13:45:00,389.56
2023-11-29 14:00:00,389.2
2023-11-29 14:15:00,384.9
2023-11-29 14:30:00,376.36
2023-11-29 14:45:00,362.7
2023-11-29 15:00:00,343.71
2023-11-29 15:15:00,314.03
2023-11-29 15:30:00,235.0
2023-11-29 15:45:00,157.52
2023-11-29 16:00:00,81.15
2023-11-29 16:15:00,17.47
2023-11-29 16:30:00,-0.0
2023-11-29 16:45:00,-0.0
2023-11-29 17:00:00,-0.0
2023-11-29 17:15:00,-0.0
2023-11-29 17:30:00,-0.0
2023-11-29 17:45:00,-0.0
2023-11-29 18:00:00,-0.0
2023-11-29 18:15:00,-0.0
2023-11-29 18:30:00,-0.0
2023-11-29 18:45:00,-0.0
2023-11-29 19:00:00,-0.0
2023-11-29 19:15:00,-0.0
2023-11-29 19:30:00,-0.0
2023-11-29 19:45:00,-0.0
2023-11-29 20:00:00,-0.0
2023-11-29 20:15:00,-0.0
2023-11-29 20:30:00,-0.0
2023-11-29 20:45:00,-0.0
2023-11-29 21:00:00,-0.0
2023-11-29 21:15:00,-0.0
2023-11-29 21:30:00,-0.0
2023-11-29 21:45:00,-0.0
2023-11-29 22:00:00,-0.0
2023-11-29 22:15:00,-0.0
2023-11-29 22:30:00,-0.0
2023-11-29 22:45:00,-0.0
2023-11-29 23:00:00,-0.0
2023-11-29 23:15:00,-0.0
2023-11-29 23:30:00,-0.0
2023-11-29 23:45:00,-0.0
2023-11-30 00:00:00,-0.0
2023-11-30 00:15:00,-0.0
2023-11-30 00:30:00,-0.0
2023-11-30 00:45:00,-0.0
2023-11-30 01:00:00,-0.0
2023-11-30 01:15:00,-0.0
2023-11-30 01:30:00,-0.0
2023-11-30 01:45:00,-0.0
2023-11-30 02:00:00,-0.0
2023-11-30 02:15:00,-0.0
2023-11-30 02:30:00,-0.0
2023-11-30 02:45:00,-0.0
2023-11-30 03:00:00,-0.0
2023-11-30 03:15:00,-0.0
2023-11-30 03:30:00,-0.0
2023-11-30 03:45:00,-0.0
2023-11-30 04:00:00,-0.0
2023-11-30 04:15:00,-0.0
2023-11-30 04:30:00,-0.0
2023-11-30 04:45:00,-0.0
2023-11-30 05:00:00,-0.0
2023-11-30 05:15:00,-0.0
2023-11-30 05:30:00,-0.0
2023-11-30 05:45:00,-0.0
2023-11-30 06:00:00,-0.0
2023-11-30 06:15:00,-0.0
2023-11-30 06:30:00,2.13
2023-11-30 06:45:00,20.32
2023-11-30 07:00:00,81.41
2023-11-30 07:15:00,161.56
2023-11-30 07:30:00,245.36
2023-11-30 07:45:00,324.57
2023-11-30 08:00:00,374.8
2023-11-30 08:15:00,390.6
2023-11-30 08:30:00,400.93
2023-11-30 08:45:00,407.49
2023-11-30 09:00:00,409.55
2023-11-30 09:15:00,407.47
2023-11-30 09:30:00,402.61
2023-11-30 09:45:00,394.45
2023-11-30 10:00:00,387.03
2023-11-30 10:15:00,379.32
2023-11-30 10:30:00,373.19
2023-11-30 10:45:00,366.94
2023-11-30 11:00:00,361.53
2023-11-30 11:15:00,356.87
2023-11-30 11:30:00,354.18
2023-11-30 11:45:00,354.14
2023-11-30 12:00:00,356.51
2023-11-30 12:15:00,359.36
2023-11-30 12:30:00,364.09
2023-11-30 12:45:00,368.63
2023-11-30 13:00:00,372.97
2023-11-30 13:15:00,379.93
2023-11-30 13:30:00,384.35
2023-11-30 13:45:00,386.89
2023-11-30 14:00:00,385.29
2023-11-30 14:15:00,379.37
2023-11-30 14:30:00,368.71
2023-11-30 14:45:00,354.92
2023-11-30 15:00:00,334.29
2023-11-30 15:15:00,303.44
2023-11-30 15:30:00,225.51
2023-11-30 15:45:00,148.09
2023-11-30 16:00:00,75.15
2023-11-30 16:15:00,15.72
2023-11-30 16:30:00,-0.0
2023-11-30 16:45:00,-0.0
2023-11-30 17:00:00,-0.0
2023-11-30 17:15:00,-0.0
2023-11-30 17:30:00,-0.0
2023-11-30 17:45:00,-0.0
2023-11-30 18:00:00,-0.0
2023-11-30 18:15:00,-0.0
2023-11-30 18:30:00,-0.0
2023-11-30 18:45:00,-0.0
2023-11-30 19:00:00,-0.0
2023-11-30 19:15:00,-0.0
2023-11-30 19:30:00,-0.0
2023-11-30 19:45:00,-0.0
2023-11-30 20:00:00,-0.0
2023-11-30 20:15:00,-0.0
2023-11-30 20:30:00,-0.0
2023-11-30 20:45:00,-0.0
2023-11-30 21:00:00,-0.0
2023-11-30 21:15:00,-0.0
2023-11-30 21:30:00,-0.0
2023-11-30 21:45:00,-0.0
2023-11-30 22:00:00,-0.0
2023-11-30 22:15:00,-0.0
2023-11-30 22:30:00,-0.0
2023-11-30 22:45:00,-0.0
2023-11-30 23:00:00,-0.0
2023-11-30 23:15:00,-0.0
2023-11-30 23:30:00,-0.0
2023-11-30 23:45:00,-0.0
2023-12-01 00:00:00,-0.0
2023-12-01 00:15:00,-0.0
2023-12-01 00:30:00,-0.0
2023-12-01 00:45:00,-0.0
2023-12-01 01:00:00,-0.0
2023-12-01 01:15:00,-0.0
2023-12-01 01:30:00,-0.0
2023-12-01 01:45:00,-0.0
2023-12-01 02:00:00,-0.0
2023-12-01 02:15:00,-0.0
2023-12-01 02:30:00,-0.0
2023-12-01 02:45:00,-0.0
2023-12-01 03:00:00,-0.0
2023-12-01 03:15:00,-0.0
2023-12-01 03:30:00,-0.0
2023-12-01 03:45:00,-0.0
2023-12-01 04:00:00,-0.0
2023-12-01 04:15:00,-0.0
2023-12-01 04:30:00,-0.0
2023-12-01 04:45:00,-0.0
2023-12-01 05:00:00,-0.0
2023-12-01 05:15:00,-0.0
2023-12-01 05:30:00,-0.0
2023-12-01 05:45:00,-0.0
2023-12-01 06:00:00,-0.0
2023-12-01 06:15:00,-0.0
2023-12-01 06:30:00,-0.0
2023-12-01 06:45:00,2.21
2023-12-01 07:00:00,5.77
2023-12-01 07:15:00,13.89
2023-12-01 07:30:00,104.68
2023-12-01 07:45:00,116.64
2023-12-01 08:00:00,169.92
2023-12-01 08:15:00,185.43
2023-12-01 08:30:00,223.68
2023-12-01 08:45:00,212.65
2023-12-01 09:00:00,187.81
2023-12-01 09:15:00,212.2
2023-12-01 09:30:00,346.49
2023-12-01 09:45:00,240.98
2023-12-01 10:00:00,335.01
2023-12-01 10:15:00,263.62
2023-12-01 10:30:00,218.86
2023-12-01 10:45:00,200.57
2023-12-01 11:00:00,191.42
2023-12-01 11:15:00,214.26
2023-12-01 11:30:00,212.78
2023-12-01 11:45:00,171.87
2023-12-01 12:00:00,299.49
2023-12-01 12:15:00,192.67
2023-12-01 12:30:00,163.39
2023-12-01 12:45:00,216.33
2023-12-01 13:00:00,189.46
2023-12-01 13:15:00,195.27
2023-12-01 13:30:00,244.24
2023-12-01 13:45:00,242.59
2023-12-01 14:00:00,220.47
2023-12-01 14:15:00,162.59
2023-12-01 14:30:00,150.93
2023-12-01 14:45:00,135.24
2023-12-01 15:00:00,137.91
2023-12-01 15:15:00,137.21
2023-12-01 15:30:00,126.83
2023-12-01 15:45:00,88.47
2023-12-01 16:00:00,50.38
2023-12-01 16:15:00,9.94
2023-12-01 16:30:00,-0.0
2023-12-01 16:45:00,-0.0
2023-12-01 17:00:00,-0.0
2023-12-01 17:15:00,-0.0
2023-12-01 17:30:00,-0.0
2023-12-01 17:45:00,-0.0
2023-12-01 18:00:00,-0.0
2023-12-01 18:15:00,-0.0
2023-12-01 18:30:00,-0.0
2023-12-01 18:45:00,-0.0
2023-12-01 19:00:00,-0.0
2023-12-01 19:15:00,-0.0
2023-12-01 19:30:00,-0.0
2023-12-01 19:45:00,-0.0
2023-12-01 20:00:00,-0.0
2023-12-01 20:15:00,-0.0
2023-12-01 20:30:00,-0.0
2023-12-01 20:45:00,-0.0
2023-12-01 21:00:00,-0.0
2023-12-01 21:15:00,-0.0
2023-12-01 21:30:00,-0.0
2023-12-01 21:45:00,-0.0
2023-12-01 22:00:00,-0.0
2023-12-01 22:15:00,-0.0
2023-12-01 22:30:00,-0.0
2023-12-01 22:45:00,-0.0
2023-12-01 23:00:00,-0.0
2023-12-01 23:15:00,-0.0
2023-12-01 23:30:00,-0.0
2023-12-01 23:45:00,-0.0
2023-12-02 00:00:00,-0.0
2023-12-02 00:15:00,-0.0
2023-12-02 00:30:00,-0.0
2023-12-02 00:45:00,-0.0
2023-12-02 01:00:00,-0.0
2023-12-02 01:15:00,-0.0
2023-12-02 01:30:00,-0.0
2023-12-02 01:45:00,-0.0
2023-12-02 02:00:00,-0.0
2023-12-02 02:15:00,-0.0
2023-12-02 02:30:00,-0.0
2023-12-02 02:45:00,-0.0
2023-12-02 03:00:00,-0.0
2023-12-02 03:15:00,-0.0
2023-12-02 03:30:00,-0.0
2023-12-02 03:45:00,-0.0
2023-12-02 04:00:00,-0.0
2023-12-02 04:15:00,-0.0
2023-12-02 04:30:00,-0.0
2023-12-02 04:45:00,-0.0
2023-12-02 05:00:00,-0.0
2023-12-02 05:15:00,-0.0
2023-12-02 05:30:00,-0.0
2023-12-02 05:45:00,-0.0
2023-12-02 06:00:00,-0.0
2023-12-02 06:15:00,-0.0
2023-12-02 06:30:00,1.87
2023-12-02 06:45:00,11.11
2023-12-02 07:00:00,43.91
2023-12-02 07:15:00,89.42
2023-12-02 07:30:00,90.29
2023-12-02 07:45:00,102.84
2023-12-02 08:00:00,186.79
2023-12-02 08:15:00,137.82
2023-12-02 08:30:00,143.5
2023-12-02 08:45:00,243.94
2023-12-02 09:00:00,328.43
2023-12-02 09:15:00,349.35
2023-12-02 09:30:00,354.58
2023-12-02 09:45:00,353.98
2023-12-02 10:00:00,352.63
2023-12-02 10:15:00,349.63
2023-12-02 10:30:00,346.9
2023-12-02 10:45:00,343.16
2023-12-02 11:00:00,339.37
2023-12-02 11:15:00,335.57
2023-12-02 11:30:00,333.03
2023-12-02 11:45:00,333.55
2023-12-02 12:00:00,336.02
2023-12-02 12:15:00,338.24
2023-12-02 12:30:00,341.6
2023-12-02 12:45:00,344.24
2023-12-02 13:00:00,346.18
2023-12-02 13:15:00,348.15
2023-12-02 13:30:00,348.69
2023-12-02 13:45:00,347.11
2023-12-02 14:00:00,341.17
2023-12-02 14:15:00,330.89
2023-12-02 14:30:00,313.53
2023-12-02 14:45:00,293.53
2023-12-02 15:00:00,267.17
2023-12-02 15:15:00,229.73
2023-12-02 15:30:00,161.07
2023-12-02 15:45:00,97.64
2023-12-02 16:00:00,42.23
2023-12-02 16:15:00,7.64
2023-12-02 16:30:00,-0.0
2023-12-02 16:45:00,-0.0
2023-12-02 17:00:00,-0.0
2023-12-02 17:15:00,-0.0
2023-12-02 17:30:00,-0.0
2023-12-02 17:45:00,-0.0
2023-12-02 18:00:00,-0.0
2023-12-02 18:15:00,-0.0
2023-12-02 18:30:00,-0.0
2023-12-02 18:45:00,-0.0
2023-12-02 19:00:00,-0.0
2023-12-02 19:15:00,-0.0
2023-12-02 19:30:00,-0.0
2023-12-02 19:45:00,-0.0
2023-12-02 20:00:00,-0.0
2023-12-02 20:15:00,-0.0
2023-12-02 20:30:00,-0.0
2023-12-02 20:45:00,-0.0
2023-12-02 21:00:00,-0.0
2023-12-02 21:15:00,-0.0
2023-12-02 21:30:00,-0.0
2023-12-02 21:45:00,-0.0
2023-12-02 22:00:00,-0.0
2023-12-02 22:15:00,-0.0
2023-12-02 22:30:00,-0.0
2023-12-02 22:45:00,-0.0
2023-12-02 23:00:00,-0.0
2023-12-02 23:15:00,-0.0
2023-12-02 23:30:00,-0.0
2023-12-02 23:45:00,-0.0
2023-12-03 00:00:00,-0.0
2023-12-03 00:15:00,-0.0
2023-12-03 00:30:00,-0.0
2023-12-03 00:45:00,-0.0
2023-12-03 01:00:00,-0.0
2023-12-03 01:15:00,-0.0
2023-12-03 01:30:00,-0.0
2023-12-03 01:45:00,-0.0
2023-12-03 02:00:00,-0.0
2023-12-03 02:15:00,-0.0
2023-12-03 02:30:00,-0.0
2023-12-03 02:45:00,-0.0
2023-12-03 03:00:00,-0.0
2023-12-03 03:15:00,-0.0
2023-12-03 03:30:00,-0.0
2023-12-03 03:45:00,-0.0
2023-12-03 04:00:00,-0.0
2023-12-03 04:15:00,-0.0
2023-12-03 04:30:00,-0.0
2023-12-03 04:45:00,-0.0
2023-12-03 05:00:00,-0.0
2023-12-03 05:15:00,-0.0
2023-12-03 05:30:00,-0.0
2023-12-03 05:45:00,-0.0
2023-12-03 06:00:00,-0.0
2023-12-03 06:15:00,-0.0
2023-12-03 06:30:00,-0.0
2023-12-03 06:45:00,14.41
2023-12-03 07:00:00,64.23
2023-12-03 07:15:00,141.67
2023-12-03 07:30:00,224.59
2023-12-03 07:45:00,304.14
2023-12-03 08:00:00,367.65
2023-12-03 08:15:00,385.97
2023-12-03 08:30:00,398.29
2023-12-03 08:45:00,406.17
2023-12-03 09:00:00,409.64
2023-12-03 09:15:00,409.04
2023-12-03 09:30:00,403.01
2023-12-03 09:45:00,395.98
2023-12-03 10:00:00,389.4
2023-12-03 10:15:00,382.38
2023-12-03 10:30:00,376.74
2023-12-03 10:45:00,370.9
2023-12-03 11:00:00,365.94
2023-12-03 11:15:00,361.57
2023-12-03 11:30:00,358.98
2023-12-03 11:45:00,359.33
2023-12-03 12:00:00,361.75
2023-12-03 12:15:00,363.81
2023-12-03 12:30:00,367.67
2023-12-03 12:45:00,370.99
2023-12-03 13:00:00,373.87
2023-12-03 13:15:00,376.9
2023-12-03 13:30:00,379.89
2023-12-03 13:45:00,379.51
2023-12-03 14:00:00,374.29
2023-12-03 14:15:00,364.36
2023-12-03 14:30:00,348.93
2023-12-03 14:45:00,327.32
2023-12-03 15:00:00,299.79
2023-12-03 15:15:00,261.44
2023-12-03 15:30:00,185.39
2023-12-03 15:45:00,114.32
2023-12-03 16:00:00,53.4
2023-12-03 16:15:00,8.71
2023-12-03 16:30:00,-0.0
2023-12-03 16:45:00,-0.0
2023-12-03 17:00:00,-0.0
2023-12-03 17:15:00,-0.0
2023-12-03 17:30:00,-0.0
2023-12-03 17:45:00,-0.0
2023-12-03 18:00:00,-0.0
2023-12-03 18:15:00,-0.0
2023-12-03 18:30:00,-0.0
2023-12-03 18:45:00,-0.0
2023-12-03 19:00:00,-0.0
2023-12-03 19:15:00,-0.0
2023-12-03 19:30:00,-0.0
2023-12-03 19:45:00,-0.0
2023-12-03 20:00:00,-0.0
2023-12-03 20:15:00,-0.0
2023-12-03 20:30:00,-0.0
2023-12-03 20:45:00,-0.0
2023-12-03 21:00:00,-0.0
2023-12-03 21:15:00,-0.0
2023-12-03 21:30:00,-0.0
2023-12-03 21:45:00,-0.0
2023-12-03 22:00:00,-0.0
2023-12-03 22:15:00,-0.0
2023-12-03 22:30:00,-0.0
2023-12-03 22:45:00,-0.0
2023-12-03 23:00:00,-0.0
2023-12-03 23:15:00,-0.0
2023-12-03 23:30:00,-0.0
2023-12-03 23:45:00,-0.0
2023-12-04 00:00:00,-0.0
2023-12-04 00:15:00,-0.0
2023-12-04 00:30:00,-0.0
2023-12-04 00:45:00,-0.0
2023-12-04 01:00:00,-0.0
2023-12-04 01:15:00,-0.0
2023-12-04 01:30:00,-0.0
2023-12-04 01:45:00,-0.0
2023-12-04 02:00:00,-0.0
2023-12-04 02:15:00,-0.0
2023-12-04 02:30:00,-0.0
2023-12-04 02:45:00,-0.0
2023-12-04 03:00:00,-0.0
2023-12-04 03:15:00,-0.0
2023-12-04 03:30:00,-0.0
2023-12-04 03:45:00,-0.0
2023-12-04 04:00:00,-0.0
2023-12-04 04:15:00,-0.0
2023-12-04 04:30:00,-0.0
2023-12-04 04:45:00,-0.0
2023-12-04 05:00:00,-0.0
2023-12-04 05:15:00,-0.0
2023-12-04 05:30:00,-0.0
2023-12-04 05:45:00,-0.0
2023-12-04 06:00:00,-0.0
2023-12-04 06:15:00,-0.0
2023-12-04 06:30:00,-0.0
2023-12-04 06:45:00,4.53
2023-12-04 07:00:00,12.86
2023-12-04 07:15:00,23.04
2023-12-04 07:30:00,15.15
2023-12-04 07:45:00,15.7
2023-12-04 08:00:00,65.97
2023-12-04 08:15:00,91.21
2023-12-04 08:30:00,152.16
2023-12-04 08:45:00,166.01
2023-12-04 09:00:00,182.47
2023-12-04 09:15:00,351.71
2023-12-04 09:30:00,378.71
2023-12-04 09:45:00,223.7
2023-12-04 10:00:00,336.26
2023-12-04 10:15:00,373.19
2023-12-04 10:30:00,367.72
2023-12-04 10:45:00,361.99
2023-12-04 11:00:00,356.82
2023-12-04 11:15:00,352.89
2023-12-04 11:30:00,338.01
2023-12-04 11:45:00,188.03
2023-12-04 12:00:00,155.44
2023-12-04 12:15:00,300.77
2023-12-04 12:30:00,221.58
2023-12-04 12:45:00,315.32
2023-12-04 13:00:00,233.37
2023-12-04 13:15:00,204.89
2023-12-04 13:30:00,199.43
2023-12-04 13:45:00,215.04
2023-12-04 14:00:00,349.49
2023-12-04 14:15:00,379.74
2023-12-04 14:30:00,364.47
2023-12-04 14:45:00,270.2
2023-12-04 15:00:00,315.24
2023-12-04 15:15:00,306.84
2023-12-04 15:30:00,225.16
2023-12-04 15:45:00,107.87
2023-12-04 16:00:00,69.4
2023-12-04 16:15:00,15.34
2023-12-04 16:30:00,-0.0
2023-12-04 16:45:00,-0.0
2023-12-04 17:00:00,-0.0
2023-12-04 17:15:00,-0.0
2023-12-04 17:30:00,-0.0
2023-12-04 17:45:00,-0.0
2023-12-04 18:00:00,-0.0
2023-12-04 18:15:00,-0.0
2023-12-04 18:30:00,-0.0
2023-12-04 18:45:00,-0.0
2023-12-04 19:00:00,-0.0
2023-12-04 19:15:00,-0.0
2023-12-04 19:30:00,-0.0
2023-12-04 19:45:00,-0.0
2023-12-04 20:00:00,-0.0
2023-12-04 20:15:00,-0.0
2023-12-04 20:30:00,-0.0
2023-12-04 20:45:00,-0.0
2023-12-04 21:00:00,-0.0
2023-12-04 21:15:00,-0.0
2023-12-04 21:30:00,-0.0
2023-12-04 21:45:00,-0.0
2023-12-04 22:00:00,-0.0
2023-12-04 22:15:00,-0.0
2023-12-04 22:30:00,-0.0
2023-12-04 22:45:00,-0.0
2023-12-04 23:00:00,-0.0
2023-12-04 23:15:00,-0.0
2023-12-04 23:30:00,-0.0
2023-12-04 23:45:00,-0.0
2023-12-05 00:00:00,-0.0
2023-12-05 00:15:00,-0.0
2023-12-05 00:30:00,-0.0
2023-12-05 00:45:00,-0.0
2023-12-05 01:00:00,-0.0
2023-12-05 01:15:00,-0.0
2023-12-05 01:30:00,-0.0
2023-12-05 01:45:00,-0.0
2023-12-05 02:00:00,-0.0
2023-12-05 02:15:00,-0.0
2023-12-05 02:30:00,-0.0
2023-12-05 02:45:00,-0.0
2023-12-05 03:00:00,-0.0
2023-12-05 03:15:00,-0.0
2023-12-05 03:30:00,-0.0
2023-12-05 03:45:00,-0.0
2023-12-05 04:00:00,-0.0
2023-12-05 04:15:00,-0.0
2023-12-05 04:30:00,-0.0
2023-12-05 04:45:00,-0.0
2023-12-05 05:00:00,-0.0
2023-12-05 05:15:00,-0.0
2023-12-05 05:30:00,-0.0
2023-12-05 05:45:00,-0.0
2023-12-05 06:00:00,-0.0
2023-12-05 06:15:00,-0.0
2023-12-05 06:30:00,-0.0
2023-12-05 06:45:00,1.72
2023-12-05 07:00:00,4.79
2023-12-05 07:15:00,8.94
2023-12-05 07:30:00,13.14
2023-12-05 07:45:00,52.98
2023-12-05 08:00:00,124.17
2023-12-05 08:15:00,66.03
2023-12-05 08:30:00,113.79
2023-12-05 08:45:00,79.53
2023-12-05 09:00:00,129.67
2023-12-05 09:15:00,110.69
2023-12-05 09:30:00,96.36
2023-12-05 09:45:00,128.22
2023-12-05 10:00:00,169.74
2023-12-05 10:15:00,191.31
2023-12-05 10:30:00,183.47
2023-12-05 10:45:00,154.69
2023-12-05 11:00:00,162.1
2023-12-05 11:15:00,154.8
2023-12-05 11:30:00,170.24
2023-12-05 11:45:00,168.54
2023-12-05 12:00:00,175.09
2023-12-05 12:15:00,191.28
2023-12-05 12:30:00,202.52
2023-12-05 12:45:00,216.38
2023-12-05 13:00:00,216.48
2023-12-05 13:15:00,317.84
2023-12-05 13:30:00,234.45
2023-12-05 13:45:00,205.37
2023-12-05 14:00:00,207.66
2023-12-05 14:15:00,211.74
2023-12-05 14:30:00,181.13
2023-12-05 14:45:00,273.33
2023-12-05 15:00:00,148.14
2023-12-05 15:15:00,100.1
2023-12-05 15:30:00,159.97
2023-12-05 15:45:00,89.97
2023-12-05 16:00:00,52.83
2023-12-05 16:15:00,10.2
2023-12-05 16:30:00,-0.0
2023-12-05 16:45:00,-0.0
2023-12-05 17:00:00,-0.0
2023-12-05 17:15:00,-0.0
2023-12-05 17:30:00,-0.0
2023-12-05 17:45:00,-0.0
2023-12-05 18:00:00,-0.0
2023-12-05 18:15:00,-0.0
2023-12-05 18:30:00,-0.0
2023-12-05 18:45:00,-0.0
2023-12-05 19:00:00,-0.0
2023-12-05 19:15:00,-0.0
2023-12-05 19:30:00,-0.0
2023-12-05 19:45:00,-0.0
2023-12-05 20:00:00,-0.0
2023-12-05 20:15:00,-0.0
2023-12-05 20:30:00,-0.0
2023-12-05 20:45:00,-0.0
2023-12-05 21:00:00,-0.0
2023-12-05 21:15:00,-0.0
2023-12-05 21:30:00,-0.0
2023-12-05 21:45:00,-0.0
2023-12-05 22:00:00,-0.0
2023-12-05 22:15:00,-0.0
2023-12-05 22:30:00,-0.0
2023-12-05 22:45:00,-0.0
2023-12-05 23:00:00,-0.0
2023-12-05 23:15:00,-0.0
2023-12-05 23:30:00,-0.0
2023-12-05 23:45:00,-0.0
2023-12-06 00:00:00,-0.0
2023-12-06 00:15:00,-0.0
2023-12-06 00:30:00,-0.0
2023-12-06 00:45:00,-0.0
2023-12-06 01:00:00,-0.0
2023-12-06 01:15:00,-0.0
2023-12-06 01:30:00,-0.0
2023-12-06 01:45:00,-0.0
2023-12-06 02:00:00,-0.0
2023-12-06 02:15:00,-0.0
2023-12-06 02:30:00,-0.0
2023-12-06 02:45:00,-0.0
2023-12-06 03:00:00,-0.0
2023-12-06 03:15:00,-0.0
2023-12-06 03:30:00,-0.0
2023-12-06 03:45:00,-0.0
2023-12-06 04:00:00,-0.0
2023-12-06 04:15:00,-0.0
2023-12-06 04:30:00,-0.0
2023-12-06 04:45:00,-0.0
2023-12-06 05:00:00,-0.0
2023-12-06 05:15:00,-0.0
2023-12-06 05:30:00,-0.0
2023-12-06 05:45:00,-0.0
2023-12-06 06:00:00,-0.0
2023-12-06 06:15:00,-0.0
2023-12-06 06:30:00,-0.0
2023-12-06 06:45:00,1.49
2023-12-06 07:00:00,4.22
2023-12-06 07:15:00,8.26
2023-12-06 07:30:00,10.46
2023-12-06 07:45:00,15.53
2023-12-06 08:00:00,84.71
2023-12-06 08:15:00,81.07
2023-12-06 08:30:00,141.05
2023-12-06 08:45:00,113.78
2023-12-06 09:00:00,94.48
2023-12-06 09:15:00,48.27
2023-12-06 09:30:00,102.33
2023-12-06 09:45:00,77.37
2023-12-06 10:00:00,136.71
2023-12-06 10:15:00,217.77
2023-12-06 10:30:00,191.39
2023-12-06 10:45:00,180.44
2023-12-06 11:00:00,300.24
2023-12-06 11:15:00,229.78
2023-12-06 11:30:00,203.72
2023-12-06 11:45:00,307.59
2023-12-06 12:00:00,342.17
2023-12-06 12:15:00,345.41
2023-12-06 12:30:00,350.48
2023-12-06 12:45:00,355.37
2023-12-06 13:00:00,360.11
2023-12-06 13:15:00,365.64
2023-12-06 13:30:00,370.45
2023-12-06 13:45:00,373.98
2023-12-06 14:00:00,373.33
2023-12-06 14:15:00,369.06
2023-12-06 14:30:00,360.62
2023-12-06 14:45:00,347.35
2023-12-06 15:00:00,327.85
2023-12-06 15:15:00,299.13
2023-12-06 15:30:00,221.36
2023-12-06 15:45:00,143.86
2023-12-06 16:00:00,71.58
2023-12-06 16:15:00,14.21
2023-12-06 16:30:00,-0.0
2023-12-06 16:45:00,-0.0
2023-12-06 17:00:00,-0.0
2023-12-06 17:15:00,-0.0
2023-12-06 17:30:00,-0.0
2023-12-06 17:45:00,-0.0
2023-12-06 18:00:00,-0.0
2023-12-06 18:15:00,-0.0
2023-12-06 18:30:00,-0.0
2023-12-06 18:45:00,-0.0
2023-12-06 19:00:00,-0.0
2023-12-06 19:15:00,-0.0
2023-12-06 19:30:00,-0.0
2023-12-06 19:45:00,-0.0
2023-12-06 20:00:00,-0.0
2023-12-06 20:15:00,-0.0
2023-12-06 20:30:00,-0.0
2023-12-06 20:45:00,-0.0
2023-12-06 21:00:00,-0.0
2023-12-06 21:15:00,-0.0
2023-12-06 21:30:00,-0.0
2023-12-06 21:45:00,-0.0
2023-12-06 22:00:00,-0.0
2023-12-06 22:15:00,-0.0
2023-12-06 22:30:00,-0.0
2023-12-06 22:45:00,-0.0
2023-12-06 23:00:00,-0.0
2023-12-06 23:15:00,-0.0
2023-12-06 23:30:00,-0.0
2023-12-06 23:45:00,-0.0
2023-12-07 00:00:00,-0.0
2023-12-07 00:15:00,-0.0
2023-12-07 00:30:00,-0.0
2023-12-07 00:45:00,-0.0
2023-12-07 01:00:00,-0.0
2023-12-07 01:15:00,-0.0
2023-12-07 01:30:00,-0.0
2023-12-07 01:45:00,-0.0
2023-12-07 02:00:00,-0.0
2023-12-07 02:15:00,-0.0
2023-12-07 02:30:00,-0.0
2023-12-07 02:45:00,-0.0
2023-12-07 03:00:00,-0.0
2023-12-07 03:15:00,-0.0
2023-12-07 03:30:00,-0.0
2023-12-07 03:45:00,-0.0
2023-12-07 04:00:00,-0.0
2023-12-07 04:15:00,-0.0
2023-12-07 04:30:00,-0.0
2023-12-07 04:45:00,-0.0
2023-12-07 05:00:00,-0.0
2023-12-07 05:15:00,-0.0
2023-12-07 05:30:00,-0.0
2023-12-07 05:45:00,-0.0
2023-12-07 06:00:00,-0.0
2023-12-07 06:15:00,-0.0
2023-12-07 06:30:00,-0.0
2023-12-07 06:45:00,5.74
2023-12-07 07:00:00,17.28
2023-12-07 07:15:00,37.79
2023-12-07 07:30:00,60.9
2023-12-07 07:45:00,28.08
2023-12-07 08:00:00,76.95
2023-12-07 08:15:00,113.14
2023-12-07 08:30:00,146.28
2023-12-07 08:45:00,188.27
2023-12-07 09:00:00,349.8
2023-12-07 09:15:00,385.2
2023-12-07 09:30:00,382.4
2023-12-07 09:45:00,376.28
2023-12-07 10:00:00,369.76
2023-12-07 10:15:00,355.99
2023-12-07 10:30:00,244.28
2023-12-07 10:45:00,321.54
2023-12-07 11:00:00,346.89
2023-12-07 11:15:00,343.29
2023-12-07 11:30:00,340.3
2023-12-07 11:45:00,340.18
2023-12-07 12:00:00,342.63
2023-12-07 12:15:00,345.29
2023-12-07 12:30:00,349.95
2023-12-07 12:45:00,354.58
2023-12-07 13:00:00,359.03
2023-12-07 13:15:00,364.37
2023-12-07 13:30:00,371.13
2023-12-07 13:45:00,374.99
2023-12-07 14:00:00,374.75
2023-12-07 14:15:00,370.73
2023-12-07 14:30:00,362.63
2023-12-07 14:45:00,349.8
2023-12-07 15:00:00,331.37
2023-12-07 15:15:00,302.14
2023-12-07 15:30:00,225.32
2023-12-07 15:45:00,150.01
2023-12-07 16:00:00,76.69
2023-12-07 16:15:00,16.33
2023-12-07 16:30:00,-0.0
2023-12-07 16:45:00,-0.0
2023-12-07 17:00:00,-0.0
2023-12-07 17:15:00,-0.0
2023-12-07 17:30:00,-0.0
2023-12-07 17:45:00,-0.0
2023-12-07 18:00:00,-0.0
2023-12-07 18:15:00,-0.0
2023-12-07 18:30:00,-0.0
2023-12-07 18:45:00,-0.0
2023-12-07 19:00:00,-0.0
2023-12-07 19:15:00,-0.0
2023-12-07 19:30:00,-0.0
2023-12-07 19:45:00,-0.0
2023-12-07 20:00:00,-0.0
2023-12-07 20:15:00,-0.0
2023-12-07 20:30:00,-0.0
2023-12-07 20:45:00,-0.0
2023-12-07 21:00:00,-0.0
2023-12-07 21:15:00,-0.0
2023-12-07 21:30:00,-0.0
2023-12-07 21:45:00,-0.0
2023-12-07 22:00:00,-0.0
2023-12-07 22:15:00,-0.0
2023-12-07 22:30:00,-0.0
2023-12-07 22:45:00,-0.0
2023-12-07 23:00:00,-0.0
2023-12-07 23:15:00,-0.0
2023-12-07 23:30:00,-0.0
2023-12-07 23:45:00,-0.0
2023-12-08 00:00:00,-0.0
2023-12-08 00:15:00,-0.0
2023-12-08 00:30:00,-0.0
2023-12-08 00:45:00,-0.0
2023-12-08 01:00:00,-0.0
2023-12-08 01:15:00,-0.0
2023-12-08 01:30:00,-0.0
2023-12-08 01:45:00,-0.0
2023-12-08 02:00:00,-0.0
2023-12-08 02:15:00,-0.0
2023-12-08 02:30:00,-0.0
2023-12-08 02:45:00,-0.0
2023-12-08 03:00:00,-0.0
2023-12-08 03:15:00,-0.0
2023-12-08 03:30:00,-0.0
2023-12-08 03:45:00,-0.0
2023-12-08 04:00:00,-0.0
2023-12-08 04:15:00,-0.0
2023-12-08 04:30:00,-0.0
2023-12-08 04:45:00,-0.0
2023-12-08 05:00:00,-0.0
2023-12-08 05:15:00,-0.0
2023-12-08 05:30:00,-0.0
2023-12-08 05:45:00,-0.0
2023-12-08 06:00:00,-0.0
2023-12-08 06:15:00,-0.0
2023-12-08 06:30:00,-0.0
2023-12-08 06:45:00,7.35
2023-12-08 07:00:00,29.11
2023-12-08 07:15:00,75.47
2023-12-08 07:30:00,92.43
2023-12-08 07:45:00,155.67
2023-12-08 08:00:00,187.15
2023-12-08 08:15:00,228.5
2023-12-08 08:30:00,153.13
2023-12-08 08:45:00,113.69
2023-12-08 09:00:00,115.69
2023-12-08 09:15:00,322.89
2023-12-08 09:30:00,376.43
2023-12-08 09:45:00,371.89
2023-12-08 10:00:00,366.46
2023-12-08 10:15:00,360.33
2023-12-08 10:30:00,355.24
2023-12-08 10:45:00,350.02
2023-12-08 11:00:00,345.23
2023-12-08 11:15:00,341.43
2023-12-08 11:30:00,338.44
2023-12-08 11:45:00,338.49
2023-12-08 12:00:00,327.44
2023-12-08 12:15:00,159.41
2023-12-08 12:30:00,137.65
2023-12-08 12:45:00,178.74
2023-12-08 13:00:00,202.78
2023-12-08 13:15:00,189.54
2023-12-08 13:30:00,139.84
2023-12-08 13:45:00,142.97
2023-12-08 14:00:00,136.75
2023-12-08 14:15:00,133.44
2023-12-08 14:30:00,121.91
2023-12-08 14:45:00,96.76
2023-12-08 15:00:00,105.43
2023-12-08 15:15:00,100.2
2023-12-08 15:30:00,120.66
2023-12-08 15:45:00,77.44
2023-12-08 16:00:00,32.05
2023-12-08 16:15:00,6.41
2023-12-08 16:30:00,-0.0
2023-12-08 16:45:00,-0.0
2023-12-08 17:00:00,-0.0
2023-12-08 17:15:00,-0.0
2023-12-08 17:30:00,-0.0
2023-12-08 17:45:00,-0.0
2023-12-08 18:00:00,-0.0
2023-12-08 18:15:00,-0.0
2023-12-08 18:30:00,-0.0
2023-12-08 18:45:00,-0.0
2023-12-08 19:00:00,-0.0
2023-12-08 19:15:00,-0.0
2023-12-08 19:30:00,-0.0
2023-12-08 19:45:00,-0.0
2023-12-08 20:00:00,-0.0
2023-12-08 20:15:00,-0.0
2023-12-08 20:30:00,-0.0
2023-12-08 20:45:00,-0.0
2023-12-08 21:00:00,-0.0
2023-12-08 21:15:00,-0.0
2023-12-08 21:30:00,-0.0
2023-12-08 21:45:00,-0.0
2023-12-08 22:00:00,-0.0
2023-12-08 22:15:00,-0.0
2023-12-08 22:30:00,-0.0
2023-12-08 22:45:00,-0.0
2023-12-08 23:00:00,-0.0
2023-12-08 23:15:00,-0.0
2023-12-08 23:30:00,-0.0
2023-12-08 23:45:00,-0.0
2023-12-09 00:00:00,-0.0
2023-12-09 00:15:00,-0.0
2023-12-09 00:30:00,-0.0
2023-12-09 00:45:00,-0.0
2023-12-09 01:00:00,-0.0
2023-12-09 01:15:00,-0.0
2023-12-09 01:30:00,-0.0
2023-12-09 01:45:00,-0.0
2023-12-09 02:00:00,-0.0
2023-12-09 02:15:00,-0.0
2023-12-09 02:30:00,-0.0
2023-12-09 02:45:00,-0.0
2023-12-09 03:00:00,-0.0
2023-12-09 03:15:00,-0.0
2023-12-09 03:30:00,-0.0
2023-12-09 03:45:00,-0.0
2023-12-09 04:00:00,-0.0
2023-12-09 04:15:00,-0.0
2023-12-09 04:30:00,-0.0
2023-12-09 04:45:00,-0.0
2023-12-09 05:00:00,-0.0
2023-12-09 05:15:00,-0.0
2023-12-09 05:30:00,-0.0
2023-12-09 05:45:00,-0.0
2023-12-09 06:00:00,-0.0
2023-12-09 06:15:00,-0.0
2023-12-09 06:30:00,-0.0
2023-12-09 06:45:00,7.36
2023-12-09 07:00:00,32.1
2023-12-09 07:15:00,98.5
2023-12-09 07:30:00,171.78
2023-12-09 07:45:00,248.12
2023-12-09 08:00:00,324.59
2023-12-09 08:15:00,338.21
2023-12-09 08:30:00,217.81
2023-12-09 08:45:00,335.12
2023-12-09 09:00:00,384.67
2023-12-09 09:15:00,386.08
2023-12-09 09:30:00,384.13
2023-12-09 09:45:00,378.7
2023-12-09 10:00:00,372.3
2023-12-09 10:15:00,365.41
2023-12-09 10:30:00,359.63
2023-12-09 10:45:00,353.69
2023-12-09 11:00:00,347.69
2023-12-09 11:15:00,343.38
2023-12-09 11:30:00,339.39
2023-12-09 11:45:00,338.37
2023-12-09 12:00:00,340.31
2023-12-09 12:15:00,342.37
2023-12-09 12:30:00,345.93
2023-12-09 12:45:00,349.05
2023-12-09 13:00:00,351.4
2023-12-09 13:15:00,353.76
2023-12-09 13:30:00,354.75
2023-12-09 13:45:00,353.71
2023-12-09 14:00:00,347.84
2023-12-09 14:15:00,337.41
2023-12-09 14:30:00,321.75
2023-12-09 14:45:00,298.46
2023-12-09 15:00:00,272.88
2023-12-09 15:15:00,239.31
2023-12-09 15:30:00,171.14
2023-12-09 15:45:00,106.49
2023-12-09 16:00:00,50.84
2023-12-09 16:15:00,8.73
2023-12-09 16:30:00,-0.0
2023-12-09 16:45:00,-0.0
2023-12-09 17:00:00,-0.0
2023-12-09 17:15:00,-0.0
2023-12-09 17:30:00,-0.0
2023-12-09 17:45:00,-0.0
2023-12-09 18:00:00,-0.0
2023-12-09 18:15:00,-0.0
2023-12-09 18:30:00,-0.0
2023-12-09 18:45:00,-0.0
2023-12-09 19:00:00,-0.0
2023-12-09 19:15:00,-0.0
2023-12-09 19:30:00,-0.0
2023-12-09 19:45:00,-0.0
2023-12-09 20:00:00,-0.0
2023-12-09 20:15:00,-0.0
2023-12-09 20:30:00,-0.0
2023-12-09 20:45:00,-0.0
2023-12-09 21:00:00,-0.0
2023-12-09 21:15:00,-0.0
2023-12-09 21:30:00,-0.0
2023-12-09 21:45:00,-0.0
2023-12-09 22:00:00,-0.0
2023-12-09 22:15:00,-0.0
2023-12-09 22:30:00,-0.0
2023-12-09 22:45:00,-0.0
2023-12-09 23:00:00,-0.0
2023-12-09 23:15:00,-0.0
2023-12-09 23:30:00,-0.0
2023-12-09 23:45:00,-0.0
2023-12-10 00:00:00,-0.0
2023-12-10 00:15:00,-0.0
2023-12-10 00:30:00,-0.0
2023-12-10 00:45:00,-0.0
2023-12-10 01:00:00,-0.0
2023-12-10 01:15:00,-0.0
2023-12-10 01:30:00,-0.0
2023-12-10 01:45:00,-0.0
2023-12-10 02:00:00,-0.0
2023-12-10 02:15:00,-0.0
2023-12-10 02:30:00,-0.0
2023-12-10 02:45:00,-0.0
2023-12-10 03:00:00,-0.0
2023-12-10 03:15:00,-0.0
2023-12-10 03:30:00,-0.0
2023-12-10 03:45:00,-0.0
2023-12-10 04:00:00,-0.0
2023-12-10 04:15:00,-0.0
2023-12-10 04:30:00,-0.0
2023-12-10 04:45:00,-0.0
2023-12-10 05:00:00,-0.0
2023-12-10 05:15:00,-0.0
2023-12-10 05:30:00,-0.0
2023-12-10 05:45:00,-0.0
2023-12-10 06:00:00,-0.0
2023-12-10 06:15:00,-0.0
2023-12-10 06:30:00,-0.0
2023-12-10 06:45:00,6.61
2023-12-10 07:00:00,34.22
2023-12-10 07:15:00,105.18
2023-12-10 07:30:00,178.15
2023-12-10 07:45:00,254.7
2023-12-10 08:00:00,329.75
2023-12-10 08:15:00,353.61
2023-12-10 08:30:00,367.74
2023-12-10 08:45:00,377.22
2023-12-10 09:00:00,382.79
2023-12-10 09:15:00,384.86
2023-12-10 09:30:00,383.49
2023-12-10 09:45:00,375.98
2023-12-10 10:00:00,370.17
2023-12-10 10:15:00,363.71
2023-12-10 10:30:00,358.28
2023-12-10 10:45:00,352.79
2023-12-10 11:00:00,347.51
2023-12-10 11:15:00,344.24
2023-12-10 11:30:00,341.32
2023-12-10 11:45:00,341.01
2023-12-10 12:00:00,343.59
2023-12-10 12:15:00,346.58
2023-12-10 12:30:00,351.66
2023-12-10 12:45:00,356.78
2023-12-10 13:00:00,361.98
2023-12-10 13:15:00,368.22
2023-12-10 13:30:00,374.01
2023-12-10 13:45:00,379.09
2023-12-10 14:00:00,380.28
2023-12-10 14:15:00,378.06
2023-12-10 14:30:00,372.16
2023-12-10 14:45:00,361.85
2023-12-10 15:00:00,346.28
2023-12-10 15:15:00,324.56
2023-12-10 15:30:00,246.28
2023-12-10 15:45:00,166.47
2023-12-10 16:00:00,88.57
2023-12-10 16:15:00,20.77
2023-12-10 16:30:00,-0.0
2023-12-10 16:45:00,-0.0
2023-12-10 17:00:00,-0.0
2023-12-10 17:15:00,-0.0
2023-12-10 17:30:00,-0.0
2023-12-10 17:45:00,-0.0
2023-12-10 18:00:00,-0.0
2023-12-10 18:15:00,-0.0
2023-12-10 18:30:00,-0.0
2023-12-10 18:45:00,-0.0
2023-12-10 19:00:00,-0.0
2023-12-10 19:15:00,-0.0
2023-12-10 19:30:00,-0.0
2023-12-10 19:45:00,-0.0
2023-12-10 20:00:00,-0.0
2023-12-10 20:15:00,-0.0
2023-12-10 20:30:00,-0.0
2023-12-10 20:45:00,-0.0
2023-12-10 21:00:00,-0.0
2023-12-10 21:15:00,-0.0
2023-12-10 21:30:00,-0.0
2023-12-10 21:45:00,-0.0
2023-12-10 22:00:00,-0.0
2023-12-10 22:15:00,-0.0
2023-12-10 22:30:00,-0.0
2023-12-10 22:45:00,-0.0
2023-12-10 23:00:00,-0.0
2023-12-10 23:15:00,-0.0
2023-12-10 23:30:00,-0.0
2023-12-10 23:45:00,-0.0
2023-12-11 00:00:00,-0.0
2023-12-11 00:15:00,-0.0
2023-12-11 00:30:00,-0.0
2023-12-11 00:45:00,-0.0
2023-12-11 01:00:00,-0.0
2023-12-11 01:15:00,-0.0
2023-12-11 01:30:00,-0.0
2023-12-11 01:45:00,-0.0
2023-12-11 02:00:00,-0.0
2023-12-11 02:15:00,-0.0
2023-12-11 02:30:00,-0.0
2023-12-11 02:45:00,-0.0
2023-12-11 03:00:00,-0.0
2023-12-11 03:15:00,-0.0
2023-12-11 03:30:00,-0.0
2023-12-11 03:45:00,-0.0
2023-12-11 04:00:00,-0.0
2023-12-11 04:15:00,-0.0
2023-12-11 04:30:00,-0.0
2023-12-11 04:45:00,-0.0
2023-12-11 05:00:00,-0.0
2023-12-11 05:15:00,-0.0
2023-12-11 05:30:00,-0.0
2023-12-11 05:45:00,-0.0
2023-12-11 06:00:00,-0.0
2023-12-11 06:15:00,-0.0
2023-12-11 06:30:00,-0.0
2023-12-11 06:45:00,6.06
2023-12-11 07:00:00,33.97
2023-12-11 07:15:00,106.56
2023-12-11 07:30:00,184.96
2023-12-11 07:45:00,264.1
2023-12-11 08:00:00,340.91
2023-12-11 08:15:00,366.55
2023-12-11 08:30:00,379.73
2023-12-11 08:45:00,385.37
2023-12-11 09:00:00,389.63
2023-12-11 09:15:00,390.2
2023-12-11 09:30:00,387.65
2023-12-11 09:45:00,381.47
2023-12-11 10:00:00,374.73
2023-12-11 10:15:00,367.53
2023-12-11 10:30:00,361.46
2023-12-11 10:45:00,355.52
2023-12-11 11:00:00,349.78
2023-12-11 11:15:00,346.07
2023-12-11 11:30:00,342.78
2023-12-11 11:45:00,342.06
2023-12-11 12:00:00,344.36
2023-12-11 12:15:00,347.44
2023-12-11 12:30:00,351.69
2023-12-11 12:45:00,356.33
2023-12-11 13:00:00,361.0
2023-12-11 13:15:00,366.47
2023-12-11 13:30:00,373.51
2023-12-11 13:45:00,377.49
2023-12-11 14:00:00,377.39
2023-12-11 14:15:00,373.48
2023-12-11 14:30:00,365.19
2023-12-11 14:45:00,351.78
2023-12-11 15:00:00,333.36
2023-12-11 15:15:00,306.71
2023-12-11 15:30:00,229.81
2023-12-11 15:45:00,154.3
2023-12-11 16:00:00,79.92
2023-12-11 16:15:00,17.67
2023-12-11 16:30:00,-0.0
2023-12-11 16:45:00,-0.0
2023-12-11 17:00:00,-0.0
2023-12-11 17:15:00,-0.0
2023-12-11 17:30:00,-0.0
2023-12-11 17:45:00,-0.0
2023-12-11 18:00:00,-0.0
2023-12-11 18:15:00,-0.0
2023-12-11 18:30:00,-0.0
2023-12-11 18:45:00,-0.0
2023-12-11 19:00:00,-0.0
2023-12-11 19:15:00,-0.0
2023-12-11 19:30:00,-0.0
2023-12-11 19:45:00,-0.0
2023-12-11 20:00:00,-0.0
2023-12-11 20:15:00,-0.0
2023-12-11 20:30:00,-0.0
2023-12-11 20:45:00,-0.0
2023-12-11 21:00:00,-0.0
2023-12-11 21:15:00,-0.0
2023-12-11 21:30:00,-0.0
2023-12-11 21:45:00,-0.0
2023-12-11 22:00:00,-0.0
2023-12-11 22:15:00,-0.0
2023-12-11 22:30:00,-0.0
2023-12-11 22:45:00,-0.0
2023-12-11 23:00:00,-0.0
2023-12-11 23:15:00,-0.0
2023-12-11 23:30:00,-0.0
2023-12-11 23:45:00,-0.0
2023-12-12 00:00:00,-0.0
2023-12-12 00:15:00,-0.0
2023-12-12 00:30:00,-0.0
2023-12-12 00:45:00,-0.0
2023-12-12 01:00:00,-0.0
2023-12-12 01:15:00,-0.0
2023-12-12 01:30:00,-0.0
2023-12-12 01:45:00,-0.0
2023-12-12 02:00:00,-0.0
2023-12-12 02:15:00,-0.0
2023-12-12 02:30:00,-0.0
2023-12-12 02:45:00,-0.0
2023-12-12 03:00:00,-0.0
2023-12-12 03:15:00,-0.0
2023-12-12 03:30:00,-0.0
2023-12-12 03:45:00,-0.0
2023-12-12 04:00:00,-0.0
2023-12-12 04:15:00,-0.0
2023-12-12 04:30:00,-0.0
2023-12-12 04:45:00,-0.0
2023-12-12 05:00:00,-0.0
2023-12-12 05:15:00,-0.0
2023-12-12 05:30:00,-0.0
2023-12-12 05:45:00,-0.0
2023-12-12 06:00:00,-0.0
2023-12-12 06:15:00,-0.0
2023-12-12 06:30:00,-0.0
2023-12-12 06:45:00,5.42
2023-12-12 07:00:00,33.11
2023-12-12 07:15:00,105.77
2023-12-12 07:30:00,185.09
2023-12-12 07:45:00,265.11
2023-12-12 08:00:00,342.59
2023-12-12 08:15:00,367.67
2023-12-12 08:30:00,371.09
2023-12-12 08:45:00,214.46
2023-12-12 09:00:00,206.83
2023-12-12 09:15:00,361.37
2023-12-12 09:30:00,391.34
2023-12-12 09:45:00,385.19
2023-12-12 10:00:00,378.44
2023-12-12 10:15:00,370.99
2023-12-12 10:30:00,364.75
2023-12-12 10:45:00,358.91
2023-12-12 11:00:00,353.11
2023-12-12 11:15:00,349.41
2023-12-12 11:30:00,346.08
2023-12-12 11:45:00,345.31
2023-12-12 12:00:00,347.52
2023-12-12 12:15:00,350.35
2023-12-12 12:30:00,346.75
2023-12-12 12:45:00,232.57
2023-12-12 13:00:00,217.34
2023-12-12 13:15:00,230.46
2023-12-12 13:30:00,218.39
2023-12-12 13:45:00,212.83
2023-12-12 14:00:00,342.93
2023-12-12 14:15:00,373.07
2023-12-12 14:30:00,363.87
2023-12-12 14:45:00,349.46
2023-12-12 15:00:00,324.8
2023-12-12 15:15:00,201.16
2023-12-12 15:30:00,120.0
2023-12-12 15:45:00,134.03
2023-12-12 16:00:00,77.9
2023-12-12 16:15:00,17.32
2023-12-12 16:30:00,-0.0
2023-12-12 16:45:00,-0.0
2023-12-12 17:00:00,-0.0
2023-12-12 17:15:00,-0.0
2023-12-12 17:30:00,-0.0
2023-12-12 17:45:00,-0.0
2023-12-12 18:00:00,-0.0
2023-12-12 18:15:00,-0.0
2023-12-12 18:30:00,-0.0
2023-12-12 18:45:00,-0.0
2023-12-12 19:00:00,-0.0
2023-12-12 19:15:00,-0.0
2023-12-12 19:30:00,-0.0
2023-12-12 19:45:00,-0.0
2023-12-12 20:00:00,-0.0
2023-12-12 20:15:00,-0.0
2023-12-12 20:30:00,-0.0
2023-12-12 20:45:00,-0.0
2023-12-12 21:00:00,-0.0
2023-12-12 21:15:00,-0.0
2023-12-12 21:30:00,-0.0
2023-12-12 21:45:00,-0.0
2023-12-12 22:00:00,-0.0
2023-12-12 22:15:00,-0.0
2023-12-12 22:30:00,-0.0
2023-12-12 22:45:00,-0.0
2023-12-12 23:00:00,-0.0
2023-12-12 23:15:00,-0.0
2023-12-12 23:30:00,-0.0
2023-12-12 23:45:00,-0.0
2023-12-13 00:00:00,-0.0
2023-12-13 00:15:00,-0.0
2023-12-13 00:30:00,-0.0
2023-12-13 00:45:00,-0.0
2023-12-13 01:00:00,-0.0
2023-12-13 01:15:00,-0.0
2023-12-13 01:30:00,-0.0
2023-12-13 01:45:00,-0.0
2023-12-13 02:00:00,-0.0
2023-12-13 02:15:00,-0.0
2023-12-13 02:30:00,-0.0
2023-12-13 02:45:00,-0.0
2023-12-13 03:00:00,-0.0
2023-12-13 03:15:00,-0.0
2023-12-13 03:30:00,-0.0
2023-12-13 03:45:00,-0.0
2023-12-13 04:00:00,-0.0
2023-12-13 04:15:00,-0.0
2023-12-13 04:30:00,-0.0
2023-12-13 04:45:00,-0.0
2023-12-13 05:00:00,-0.0
2023-12-13 05:15:00,-0.0
2023-12-13 05:30:00,-0.0
2023-12-13 05:45:00,-0.0
2023-12-13 06:00:00,-0.0
2023-12-13 06:15:00,-0.0
2023-12-13 06:30:00,-0.0
2023-12-13 06:45:00,4.99
2023-12-13 07:00:00,25.6
2023-12-13 07:15:00,84.63
2023-12-13 07:30:00,153.98
2023-12-13 07:45:00,228.01
2023-12-13 08:00:00,301.84
2023-12-13 08:15:00,324.31
2023-12-13 08:30:00,199.64
2023-12-13 08:45:00,320.75
2023-12-13 09:00:00,374.64
2023-12-13 09:15:00,377.5
2023-12-13 09:30:00,367.66
2023-12-13 09:45:00,211.07
2023-12-13 10:00:00,326.86
2023-12-13 10:15:00,356.0
2023-12-13 10:30:00,234.54
2023-12-13 10:45:00,320.97
2023-12-13 11:00:00,350.6
2023-12-13 11:15:00,347.18
2023-12-13 11:30:00,344.13
2023-12-13 11:45:00,343.82
2023-12-13 12:00:00,337.2
2023-12-13 12:15:00,215.73
2023-12-13 12:30:00,154.99
2023-12-13 12:45:00,175.8
2023-12-13 13:00:00,323.47
2023-12-13 13:15:00,366.86
2023-12-13 13:30:00,362.31
2023-12-13 13:45:00,249.16
2023-12-13 14:00:00,337.69
2023-12-13 14:15:00,366.49
2023-12-13 14:30:00,356.18
2023-12-13 14:45:00,343.01
2023-12-13 15:00:00,322.89
2023-12-13 15:15:00,295.96
2023-12-13 15:30:00,220.72
2023-12-13 15:45:00,145.61
2023-12-13 16:00:00,75.22
2023-12-13 16:15:00,17.29
2023-12-13 16:30:00,-0.0
2023-12-13 16:45:00,-0.0
2023-12-13 17:00:00,-0.0
2023-12-13 17:15:00,-0.0
2023-12-13 17:30:00,-0.0
2023-12-13 17:45:00,-0.0
2023-12-13 18:00:00,-0.0
2023-12-13 18:15:00,-0.0
2023-12-13 18:30:00,-0.0
2023-12-13 18:45:00,-0.0
2023-12-13 19:00:00,-0.0
2023-12-13 19:15:00,-0.0
2023-12-13 19:30:00,-0.0
2023-12-13 19:45:00,-0.0
2023-12-13 20:00:00,-0.0
2023-12-13 20:15:00,-0.0
2023-12-13 20:30:00,-0.0
2023-12-13 20:45:00,-0.0
2023-12-13 21:00:00,-0.0
2023-12-13 21:15:00,-0.0
2023-12-13 21:30:00,-0.0
2023-12-13 21:45:00,-0.0
2023-12-13 22:00:00,-0.0
2023-12-13 22:15:00,-0.0
2023-12-13 22:30:00,-0.0
2023-12-13 22:45:00,-0.0
2023-12-13 23:00:00,-0.0
2023-12-13 23:15:00,-0.0
2023-12-13 23:30:00,-0.0
2023-12-13 23:45:00,-0.0
2023-12-14 00:00:00,-0.0
2023-12-14 00:15:00,-0.0
2023-12-14 00:30:00,-0.0
2023-12-14 00:45:00,-0.0
2023-12-14 01:00:00,-0.0
2023-12-14 01:15:00,-0.0
2023-12-14 01:30:00,-0.0
2023-12-14 01:45:00,-0.0
2023-12-14 02:00:00,-0.0
2023-12-14 02:15:00,-0.0
2023-12-14 02:30:00,-0.0
2023-12-14 02:45:00,-0.0
2023-12-14 03:00:00,-0.0
2023-12-14 03:15:00,-0.0
2023-12-14 03:30:00,-0.0
2023-12-14 03:45:00,-0.0
2023-12-14 04:00:00,-0.0
2023-12-14 04:15:00,-0.0
2023-12-14 04:30:00,-0.0
2023-12-14 04:45:00,-0.0
2023-12-14 05:00:00,-0.0
2023-12-14 05:15:00,-0.0
2023-12-14 05:30:00,-0.0
2023-12-14 05:45:00,-0.0
2023-12-14 06:00:00,-0.0
2023-12-14 06:15:00,-0.0
2023-12-14 06:30:00,-0.0
2023-12-14 06:45:00,0.68
2023-12-14 07:00:00,2.44
2023-12-14 07:15:00,5.91
2023-12-14 07:30:00,12.09
2023-12-14 07:45:00,81.28
2023-12-14 08:00:00,131.93
2023-12-14 08:15:00,113.98
2023-12-14 08:30:00,115.1
2023-12-14 08:45:00,39.24
2023-12-14 09:00:00,33.8
2023-12-14 09:15:00,35.17
2023-12-14 09:30:00,25.38
2023-12-14 09:45:00,40.76
2023-12-14 10:00:00,52.23
2023-12-14 10:15:00,109.71
2023-12-14 10:30:00,152.2
2023-12-14 10:45:00,222.03
2023-12-14 11:00:00,232.66
2023-12-14 11:15:00,315.54
2023-12-14 11:30:00,337.6
2023-12-14 11:45:00,336.09
2023-12-14 12:00:00,338.86
2023-12-14 12:15:00,341.47
2023-12-14 12:30:00,344.89
2023-12-14 12:45:00,348.21
2023-12-14 13:00:00,351.1
2023-12-14 13:15:00,353.68
2023-12-14 13:30:00,355.15
2023-12-14 13:45:00,354.7
2023-12-14 14:00:00,349.44
2023-12-14 14:15:00,339.59
2023-12-14 14:30:00,324.43
2023-12-14 14:45:00,301.77
2023-12-14 15:00:00,276.43
2023-12-14 15:15:00,239.5
2023-12-14 15:30:00,119.2
2023-12-14 15:45:00,63.04
2023-12-14 16:00:00,42.37
2023-12-14 16:15:00,9.38
2023-12-14 16:30:00,-0.0
2023-12-14 16:45:00,-0.0
2023-12-14 17:00:00,-0.0
2023-12-14 17:15:00,-0.0
2023-12-14 17:30:00,-0.0
2023-12-14 17:45:00,-0.0
2023-12-14 18:00:00,-0.0
2023-12-14 18:15:00,-0.0
2023-12-14 18:30:00,-0.0
2023-12-14 18:45:00,-0.0
2023-12-14 19:00:00,-0.0
2023-12-14 19:15:00,-0.0
2023-12-14 19:30:00,-0.0
2023-12-14 19:45:00,-0.0
2023-12-14 20:00:00,-0.0
2023-12-14 20:15:00,-0.0
2023-12-14 20:30:00,-0.0
2023-12-14 20:45:00,-0.0
2023-12-14 21:00:00,-0.0
2023-12-14 21:15:00,-0.0
2023-12-14 21:30:00,-0.0
2023-12-14 21:45:00,-0.0
2023-12-14 22:00:00,-0.0
2023-12-14 22:15:00,-0.0
2023-12-14 22:30:00,-0.0
2023-12-14 22:45:00,-0.0
2023-12-14 23:00:00,-0.0
2023-12-14 23:15:00,-0.0
2023-12-14 23:30:00,-0.0
2023-12-14 23:45:00,-0.0
2023-12-15 00:00:00,-0.0
2023-12-15 00:15:00,-0.0
2023-12-15 00:30:00,-0.0
2023-12-15 00:45:00,-0.0
2023-12-15 01:00:00,-0.0
2023-12-15 01:15:00,-0.0
2023-12-15 01:30:00,-0.0
2023-12-15 01:45:00,-0.0
2023-12-15 02:00:00,-0.0
2023-12-15 02:15:00,-0.0
2023-12-15 02:30:00,-0.0
2023-12-15 02:45:00,-0.0
2023-12-15 03:00:00,-0.0
2023-12-15 03:15:00,-0.0
2023-12-15 03:30:00,-0.0
2023-12-15 03:45:00,-0.0
2023-12-15 04:00:00,-0.0
2023-12-15 04:15:00,-0.0
2023-12-15 04:30:00,-0.0
2023-12-15 04:45:00,-0.0
2023-12-15 05:00:00,-0.0
2023-12-15 05:15:00,-0.0
2023-12-15 05:30:00,-0.0
2023-12-15 05:45:00,-0.0
2023-12-15 06:00:00,-0.0
2023-12-15 06:15:00,-0.0
2023-12-15 06:30:00,-0.0
2023-12-15 06:45:00,0.68
2023-12-15 07:00:00,2.55
2023-12-15 07:15:00,6.23
2023-12-15 07:30:00,19.64
2023-12-15 07:45:00,195.79
2023-12-15 08:00:00,305.88
2023-12-15 08:15:00,191.4
2023-12-15 08:30:00,323.71
2023-12-15 08:45:00,371.76
2023-12-15 09:00:00,235.29
2023-12-15 09:15:00,335.64
2023-12-15 09:30:00,230.2
2023-12-15 09:45:00,340.68
2023-12-15 10:00:00,376.21
2023-12-15 10:15:00,368.94
2023-12-15 10:30:00,362.71
2023-12-15 10:45:00,356.48
2023-12-15 11:00:00,350.47
2023-12-15 11:15:00,346.1
2023-12-15 11:30:00,342.1
2023-12-15 11:45:00,340.44
2023-12-15 12:00:00,342.61
2023-12-15 12:15:00,345.26
2023-12-15 12:30:00,348.86
2023-12-15 12:45:00,352.52
2023-12-15 13:00:00,356.63
2023-12-15 13:15:00,360.37
2023-12-15 13:30:00,363.18
2023-12-15 13:45:00,364.43
2023-12-15 14:00:00,361.23
2023-12-15 14:15:00,353.39
2023-12-15 14:30:00,340.56
2023-12-15 14:45:00,321.91
2023-12-15 15:00:00,296.73
2023-12-15 15:15:00,263.12
2023-12-15 15:30:00,185.21
2023-12-15 15:45:00,82.56
2023-12-15 16:00:00,49.72
2023-12-15 16:15:00,11.82
2023-12-15 16:30:00,0.54
2023-12-15 16:45:00,-0.0
2023-12-15 17:00:00,-0.0
2023-12-15 17:15:00,-0.0
2023-12-15 17:30:00,-0.0
2023-12-15 17:45:00,-0.0
2023-12-15 18:00:00,-0.0
2023-12-15 18:15:00,-0.0
2023-12-15 18:30:00,-0.0
2023-12-15 18:45:00,-0.0
2023-12-15 19:00:00,-0.0
2023-12-15 19:15:00,-0.0
2023-12-15 19:30:00,-0.0
2023-12-15 19:45:00,-0.0
2023-12-15 20:00:00,-0.0
2023-12-15 20:15:00,-0.0
2023-12-15 20:30:00,-0.0
2023-12-15 20:45:00,-0.0
2023-12-15 21:00:00,-0.0
2023-12-15 21:15:00,-0.0
2023-12-15 21:30:00,-0.0
2023-12-15 21:45:00,-0.0
2023-12-15 22:00:00,-0.0
2023-12-15 22:15:00,-0.0
2023-12-15 22:30:00,-0.0
2023-12-15 22:45:00,-0.0
2023-12-15 23:00:00,-0.0
2023-12-15 23:15:00,-0.0
2023-12-15 23:30:00,-0.0
2023-12-15 23:45:00,-0.0
2023-12-16 00:00:00,-0.0
2023-12-16 00:15:00,-0.0
2023-12-16 00:30:00,-0.0
2023-12-16 00:45:00,-0.0
2023-12-16 01:00:00,-0.0
2023-12-16 01:15:00,-0.0
2023-12-16 01:30:00,-0.0
2023-12-16 01:45:00,-0.0
2023-12-16 02:00:00,-0.0
2023-12-16 02:15:00,-0.0
2023-12-16 02:30:00,-0.0
2023-12-16 02:45:00,-0.0
2023-12-16 03:00:00,-0.0
2023-12-16 03:15:00,-0.0
2023-12-16 03:30:00,-0.0
2023-12-16 03:45:00,-0.0
2023-12-16 04:00:00,-0.0
2023-12-16 04:15:00,-0.0
2023-12-16 04:30:00,-0.0
2023-12-16 04:45:00,-0.0
2023-12-16 05:00:00,-0.0
2023-12-16 05:15:00,-0.0
2023-12-16 05:30:00,-0.0
2023-12-16 05:45:00,-0.0
2023-12-16 06:00:00,-0.0
2023-12-16 06:15:00,-0.0
2023-12-16 06:30:00,-0.0
2023-12-16 06:45:00,0.61
2023-12-16 07:00:00,2.4
2023-12-16 07:15:00,5.92
2023-12-16 07:30:00,9.28
2023-12-16 07:45:00,25.68
2023-12-16 08:00:00,248.0
2023-12-16 08:15:00,347.82
2023-12-16 08:30:00,366.09
2023-12-16 08:45:00,375.95
2023-12-16 09:00:00,383.44
2023-12-16 09:15:00,385.63
2023-12-16 09:30:00,384.38
2023-12-16 09:45:00,379.6
2023-12-16 10:00:00,373.17
2023-12-16 10:15:00,366.12
2023-12-16 10:30:00,351.41
2023-12-16 10:45:00,229.2
2023-12-16 11:00:00,220.82
2023-12-16 11:15:00,316.49
2023-12-16 11:30:00,338.53
2023-12-16 11:45:00,336.48
2023-12-16 12:00:00,337.67
2023-12-16 12:15:00,328.75
2023-12-16 12:30:00,186.87
2023-12-16 12:45:00,300.42
2023-12-16 13:00:00,340.42
2023-12-16 13:15:00,200.05
2023-12-16 13:30:00,167.27
2023-12-16 13:45:00,165.12
2023-12-16 14:00:00,92.05
2023-12-16 14:15:00,57.65
2023-12-16 14:30:00,54.93
2023-12-16 14:45:00,77.37
2023-12-16 15:00:00,108.55
2023-12-16 15:15:00,141.62
2023-12-16 15:30:00,155.61
2023-12-16 15:45:00,81.48
2023-12-16 16:00:00,49.87
2023-12-16 16:15:00,12.45
2023-12-16 16:30:00,0.58
2023-12-16 16:45:00,-0.0
2023-12-16 17:00:00,-0.0
2023-12-16 17:15:00,-0.0
2023-12-16 17:30:00,-0.0
2023-12-16 17:45:00,-0.0
2023-12-16 18:00:00,-0.0
2023-12-16 18:15:00,-0.0
2023-12-16 18:30:00,-0.0
2023-12-16 18:45:00,-0.0
2023-12-16 19:00:00,-0.0
2023-12-16 19:15:00,-0.0
2023-12-16 19:30:00,-0.0
2023-12-16 19:45:00,-0.0
2023-12-16 20:00:00,-0.0
2023-12-16 20:15:00,-0.0
2023-12-16 20:30:00,-0.0
2023-12-16 20:45:00,-0.0
2023-12-16 21:00:00,-0.0
2023-12-16 21:15:00,-0.0
2023-12-16 21:30:00,-0.0
2023-12-16 21:45:00,-0.0
2023-12-16 22:00:00,-0.0
2023-12-16 22:15:00,-0.0
2023-12-16 22:30:00,-0.0
2023-12-16 22:45:00,-0.0
2023-12-16 23:00:00,-0.0
2023-12-16 23:15:00,-0.0
2023-12-16 23:30:00,-0.0
2023-12-16 23:45:00,-0.0
2023-12-17 00:00:00,-0.0
2023-12-17 00:15:00,-0.0
2023-12-17 00:30:00,-0.0
2023-12-17 00:45:00,-0.0
2023-12-17 01:00:00,-0.0
2023-12-17 01:15:00,-0.0
2023-12-17 01:30:00,-0.0
2023-12-17 01:45:00,-0.0
2023-12-17 02:00:00,-0.0
2023-12-17 02:15:00,-0.0
2023-12-17 02:30:00,-0.0
2023-12-17 02:45:00,-0.0
2023-12-17 03:00:00,-0.0
2023-12-17 03:15:00,-0.0
2023-12-17 03:30:00,-0.0
2023-12-17 03:45:00,-0.0
2023-12-17 04:00:00,-0.0
2023-12-17 04:15:00,-0.0
2023-12-17 04:30:00,-0.0
2023-12-17 04:45:00,-0.0
2023-12-17 05:00:00,-0.0
2023-12-17 05:15:00,-0.0
2023-12-17 05:30:00,-0.0
2023-12-17 05:45:00,-0.0
2023-12-17 06:00:00,-0.0
2023-12-17 06:15:00,-0.0
2023-12-17 06:30:00,-0.0
2023-12-17 06:45:00,3.54
2023-12-17 07:00:00,21.28
2023-12-17 07:15:00,77.6
2023-12-17 07:30:00,148.84
2023-12-17 07:45:00,220.59
2023-12-17 08:00:00,218.68
2023-12-17 08:15:00,315.71
2023-12-17 08:30:00,360.63
2023-12-17 08:45:00,369.97
2023-12-17 09:00:00,377.96
2023-12-17 09:15:00,372.52
2023-12-17 09:30:00,224.35
2023-12-17 09:45:00,179.06
2023-12-17 10:00:00,180.87
2023-12-17 10:15:00,217.31
2023-12-17 10:30:00,202.86
2023-12-17 10:45:00,198.99
2023-12-17 11:00:00,208.25
2023-12-17 11:15:00,195.88
2023-12-17 11:30:00,155.02
2023-12-17 11:45:00,129.53
2023-12-17 12:00:00,111.1
2023-12-17 12:15:00,44.24
2023-12-17 12:30:00,27.66
2023-12-17 12:45:00,60.97
2023-12-17 13:00:00,116.54
2023-12-17 13:15:00,106.3
2023-12-17 13:30:00,121.57
2023-12-17 13:45:00,170.35
2023-12-17 14:00:00,120.65
2023-12-17 14:15:00,60.3
2023-12-17 14:30:00,190.8
2023-12-17 14:45:00,163.61
2023-12-17 15:00:00,135.13
2023-12-17 15:15:00,118.8
2023-12-17 15:30:00,184.02
2023-12-17 15:45:00,140.17
2023-12-17 16:00:00,72.69
2023-12-17 16:15:00,17.88
2023-12-17 16:30:00,0.72
2023-12-17 16:45:00,-0.0
2023-12-17 17:00:00,-0.0
2023-12-17 17:15:00,-0.0
2023-12-17 17:30:00,-0.0
2023-12-17 17:45:00,-0.0
2023-12-17 18:00:00,-0.0
2023-12-17 18:15:00,-0.0
2023-12-17 18:30:00,-0.0
2023-12-17 18:45:00,-0.0
2023-12-17 19:00:00,-0.0
2023-12-17 19:15:00,-0.0
2023-12-17 19:30:00,-0.0
2023-12-17 19:45:00,-0.0
2023-12-17 20:00:00,-0.0
2023-12-17 20:15:00,-0.0
2023-12-17 20:30:00,-0.0
2023-12-17 20:45:00,-0.0
2023-12-17 21:00:00,-0.0
2023-12-17 21:15:00,-0.0
2023-12-17 21:30:00,-0.0
2023-12-17 21:45:00,-0.0
2023-12-17 22:00:00,-0.0
2023-12-17 22:15:00,-0.0
2023-12-17 22:30:00,-0.0
2023-12-17 22:45:00,-0.0
2023-12-17 23:00:00,-0.0
2023-12-17 23:15:00,-0.0
2023-12-17 23:30:00,-0.0
2023-12-17 23:45:00,-0.0
2023-12-18 00:00:00,-0.0
2023-12-18 00:15:00,-0.0
2023-12-18 00:30:00,-0.0
2023-12-18 00:45:00,-0.0
2023-12-18 01:00:00,-0.0
2023-12-18 01:15:00,-0.0
2023-12-18 01:30:00,-0.0
2023-12-18 01:45:00,-0.0
2023-12-18 02:00:00,-0.0
2023-12-18 02:15:00,-0.0
2023-12-18 02:30:00,-0.0
2023-12-18 02:45:00,-0.0
2023-12-18 03:00:00,-0.0
2023-12-18 03:15:00,-0.0
2023-12-18 03:30:00,-0.0
2023-12-18 03:45:00,-0.0
2023-12-18 04:00:00,-0.0
2023-12-18 04:15:00,-0.0
2023-12-18 04:30:00,-0.0
2023-12-18 04:45:00,-0.0
2023-12-18 05:00:00,-0.0
2023-12-18 05:15:00,-0.0
2023-12-18 05:30:00,-0.0
2023-12-18 05:45:00,-0.0
2023-12-18 06:00:00,-0.0
2023-12-18 06:15:00,-0.0
2023-12-18 06:30:00,-0.0
2023-12-18 06:45:00,0.53
2023-12-18 07:00:00,2.32
2023-12-18 07:15:00,5.87
2023-12-18 07:30:00,9.33
2023-12-18 07:45:00,13.07
2023-12-18 08:00:00,45.11
2023-12-18 08:15:00,73.3
2023-12-18 08:30:00,41.66
2023-12-18 08:45:00,33.26
2023-12-18 09:00:00,46.88
2023-12-18 09:15:00,39.89
2023-12-18 09:30:00,25.53
2023-12-18 09:45:00,34.49
2023-12-18 10:00:00,31.06
2023-12-18 10:15:00,84.88
2023-12-18 10:30:00,57.95
2023-12-18 10:45:00,40.03
2023-12-18 11:00:00,33.77
2023-12-18 11:15:00,72.68
2023-12-18 11:30:00,40.58
2023-12-18 11:45:00,26.39
2023-12-18 12:00:00,25.92
2023-12-18 12:15:00,25.15
2023-12-18 12:30:00,24.89
2023-12-18 12:45:00,32.87
2023-12-18 13:00:00,52.74
2023-12-18 13:15:00,80.54
2023-12-18 13:30:00,96.44
2023-12-18 13:45:00,94.76
2023-12-18 14:00:00,71.04
2023-12-18 14:15:00,58.25
2023-12-18 14:30:00,133.17
2023-12-18 14:45:00,166.99
2023-12-18 15:00:00,167.01
2023-12-18 15:15:00,129.07
2023-12-18 15:30:00,186.1
2023-12-18 15:45:00,142.76
2023-12-18 16:00:00,74.98
2023-12-18 16:15:00,19.32
2023-12-18 16:30:00,0.8
2023-12-18 16:45:00,-0.0
2023-12-18 17:00:00,-0.0
2023-12-18 17:15:00,-0.0
2023-12-18 17:30:00,-0.0
2023-12-18 17:45:00,-0.0
2023-12-18 18:00:00,-0.0
2023-12-18 18:15:00,-0.0
2023-12-18 18:30:00,-0.0
2023-12-18 18:45:00,-0.0
2023-12-18 19:00:00,-0.0
2023-12-18 19:15:00,-0.0
2023-12-18 19:30:00,-0.0
2023-12-18 19:45:00,-0.0
2023-12-18 20:00:00,-0.0
2023-12-18 20:15:00,-0.0
2023-12-18 20:30:00,-0.0
2023-12-18 20:45:00,-0.0
2023-12-18 21:00:00,-0.0
2023-12-18 21:15:00,-0.0
2023-12-18 21:30:00,-0.0
2023-12-18 21:45:00,-0.0
2023-12-18 22:00:00,-0.0
2023-12-18 22:15:00,-0.0
2023-12-18 22:30:00,-0.0
2023-12-18 22:45:00,-0.0
2023-12-18 23:00:00,-0.0
2023-12-18 23:15:00,-0.0
2023-12-18 23:30:00,-0.0
2023-12-18 23:45:00,-0.0
2023-12-19 00:00:00,-0.0
2023-12-19 00:15:00,-0.0
2023-12-19 00:30:00,-0.0
2023-12-19 00:45:00,-0.0
2023-12-19 01:00:00,-0.0
2023-12-19 01:15:00,-0.0
2023-12-19 01:30:00,-0.0
2023-12-19 01:45:00,-0.0
2023-12-19 02:00:00,-0.0
2023-12-19 02:15:00,-0.0
2023-12-19 02:30:00,-0.0
2023-12-19 02:45:00,-0.0
2023-12-19 03:00:00,-0.0
2023-12-19 03:15:00,-0.0
2023-12-19 03:30:00,-0.0
2023-12-19 03:45:00,-0.0
2023-12-19 04:00:00,-0.0
2023-12-19 04:15:00,-0.0
2023-12-19 04:30:00,-0.0
2023-12-19 04:45:00,-0.0
2023-12-19 05:00:00,-0.0
2023-12-19 05:15:00,-0.0
2023-12-19 05:30:00,-0.0
2023-12-19 05:45:00,-0.0
2023-12-19 06:00:00,-0.0
2023-12-19 06:15:00,-0.0
2023-12-19 06:30:00,-0.0
2023-12-19 06:45:00,2.94
2023-12-19 07:00:00,17.79
2023-12-19 07:15:00,66.92
2023-12-19 07:30:00,130.17
2023-12-19 07:45:00,161.24
2023-12-19 08:00:00,135.71
2023-12-19 08:15:00,40.69
2023-12-19 08:30:00,44.71
2023-12-19 08:45:00,90.83
2023-12-19 09:00:00,143.9
2023-12-19 09:15:00,189.87
2023-12-19 09:30:00,200.72
2023-12-19 09:45:00,206.3
2023-12-19 10:00:00,146.09
2023-12-19 10:15:00,126.9
2023-12-19 10:30:00,124.72
2023-12-19 10:45:00,139.7
2023-12-19 11:00:00,153.63
2023-12-19 11:15:00,143.05
2023-12-19 11:30:00,131.52
2023-12-19 11:45:00,71.6
2023-12-19 12:00:00,55.49
2023-12-19 12:15:00,78.42
2023-12-19 12:30:00,88.87
2023-12-19 12:45:00,85.68
2023-12-19 13:00:00,77.24
2023-12-19 13:15:00,82.13
2023-12-19 13:30:00,87.39
2023-12-19 13:45:00,93.8
2023-12-19 14:00:00,78.93
2023-12-19 14:15:00,60.65
2023-12-19 14:30:00,63.2
2023-12-19 14:45:00,105.23
2023-12-19 15:00:00,142.02
2023-12-19 15:15:00,134.26
2023-12-19 15:30:00,104.16
2023-12-19 15:45:00,109.06
2023-12-19 16:00:00,61.34
2023-12-19 16:15:00,14.71
2023-12-19 16:30:00,0.86
2023-12-19 16:45:00,-0.0
2023-12-19 17:00:00,-0.0
2023-12-19 17:15:00,-0.0
2023-12-19 17:30:00,-0.0
2023-12-19 17:45:00,-0.0
2023-12-19 18:00:00,-0.0
2023-12-19 18:15:00,-0.0
2023-12-19 18:30:00,-0.0
2023-12-19 18:45:00,-0.0
2023-12-19 19:00:00,-0.0
2023-12-19 19:15:00,-0.0
2023-12-19 19:30:00,-0.0
2023-12-19 19:45:00,-0.0
2023-12-19 20:00:00,-0.0
2023-12-19 20:15:00,-0.0
2023-12-19 20:30:00,-0.0
2023-12-19 20:45:00,-0.0
2023-12-19 21:00:00,-0.0
2023-12-19 21:15:00,-0.0
2023-12-19 21:30:00,-0.0
2023-12-19 21:45:00,-0.0
2023-12-19 22:00:00,-0.0
2023-12-19 22:15:00,-0.0
2023-12-19 22:30:00,-0.0
2023-12-19 22:45:00,-0.0
2023-12-19 23:00:00,-0.0
2023-12-19 23:15:00,-0.0
2023-12-19 23:30:00,-0.0
2023-12-19 23:45:00,-0.0
2023-12-20 00:00:00,-0.0
2023-12-20 00:15:00,-0.0
2023-12-20 00:30:00,-0.0
2023-12-20 00:45:00,-0.0
2023-12-20 01:00:00,-0.0
2023-12-20 01:15:00,-0.0
2023-12-20 01:30:00,-0.0
2023-12-20 01:45:00,-0.0
2023-12-20 02:00:00,-0.0
2023-12-20 02:15:00,-0.0
2023-12-20 02:30:00,-0.0
2023-12-20 02:45:00,-0.0
2023-12-20 03:00:00,-0.0
2023-12-20 03:15:00,-0.0
2023-12-20 03:30:00,-0.0
2023-12-20 03:45:00,-0.0
2023-12-20 04:00:00,-0.0
2023-12-20 04:15:00,-0.0
2023-12-20 04:30:00,-0.0
2023-12-20 04:45:00,-0.0
2023-12-20 05:00:00,-0.0
2023-12-20 05:15:00,-0.0
2023-12-20 05:30:00,-0.0
2023-12-20 05:45:00,-0.0
2023-12-20 06:00:00,-0.0
2023-12-20 06:15:00,-0.0
2023-12-20 06:30:00,-0.0
2023-12-20 06:45:00,-0.0
2023-12-20 07:00:00,2.09
2023-12-20 07:15:00,5.32
2023-12-20 07:30:00,17.34
2023-12-20 07:45:00,176.0
2023-12-20 08:00:00,290.54
2023-12-20 08:15:00,340.27
2023-12-20 08:30:00,348.76
2023-12-20 08:45:00,229.16
2023-12-20 09:00:00,328.44
2023-12-20 09:15:00,233.29
2023-12-20 09:30:00,331.88
2023-12-20 09:45:00,233.02
2023-12-20 10:00:00,336.45
2023-12-20 10:15:00,369.4
2023-12-20 10:30:00,363.71
2023-12-20 10:45:00,357.7
2023-12-20 11:00:00,352.41
2023-12-20 11:15:00,348.12
2023-12-20 11:30:00,344.95
2023-12-20 11:45:00,343.3
2023-12-20 12:00:00,345.18
2023-12-20 12:15:00,348.66
2023-12-20 12:30:00,352.9
2023-12-20 12:45:00,357.6
2023-12-20 13:00:00,361.96
2023-12-20 13:15:00,367.25
2023-12-20 13:30:00,371.6
2023-12-20 13:45:00,375.43
2023-12-20 14:00:00,374.86
2023-12-20 14:15:00,370.32
2023-12-20 14:30:00,363.3
2023-12-20 14:45:00,349.34
2023-12-20 15:00:00,329.89
2023-12-20 15:15:00,303.22
2023-12-20 15:30:00,227.5
2023-12-20 15:45:00,100.22
2023-12-20 16:00:00,74.29
2023-12-20 16:15:00,23.13
2023-12-20 16:30:00,1.06
2023-12-20 16:45:00,-0.0
2023-12-20 17:00:00,-0.0
2023-12-20 17:15:00,-0.0
2023-12-20 17:30:00,-0.0
2023-12-20 17:45:00,-0.0
2023-12-20 18:00:00,-0.0
2023-12-20 18:15:00,-0.0
2023-12-20 18:30:00,-0.0
2023-12-20 18:45:00,-0.0
2023-12-20 19:00:00,-0.0
2023-12-20 19:15:00,-0.0
2023-12-20 19:30:00,-0.0
2023-12-20 19:45:00,-0.0
2023-12-20 20:00:00,-0.0
2023-12-20 20:15:00,-0.0
2023-12-20 20:30:00,-0.0
2023-12-20 20:45:00,-0.0
2023-12-20 21:00:00,-0.0
2023-12-20 21:15:00,-0.0
2023-12-20 21:30:00,-0.0
2023-12-20 21:45:00,-0.0
2023-12-20 22:00:00,-0.0
2023-12-20 22:15:00,-0.0
2023-12-20 22:30:00,-0.0
2023-12-20 22:45:00,-0.0
2023-12-20 23:00:00,-0.0
2023-12-20 23:15:00,-0.0
2023-12-20 23:30:00,-0.0
2023-12-20 23:45:00,-0.0
2023-12-21 00:00:00,-0.0
2023-12-21 00:15:00,-0.0
2023-12-21 00:30:00,-0.0
2023-12-21 00:45:00,-0.0
2023-12-21 01:00:00,-0.0
2023-12-21 01:15:00,-0.0
2023-12-21 01:30:00,-0.0
2023-12-21 01:45:00,-0.0
2023-12-21 02:00:00,-0.0
2023-12-21 02:15:00,-0.0
2023-12-21 02:30:00,-0.0
2023-12-21 02:45:00,-0.0
2023-12-21 03:00:00,-0.0
2023-12-21 03:15:00,-0.0
2023-12-21 03:30:00,-0.0
2023-12-21 03:45:00,-0.0
2023-12-21 04:00:00,-0.0
2023-12-21 04:15:00,-0.0
2023-12-21 04:30:00,-0.0
2023-12-21 04:45:00,-0.0
2023-12-21 05:00:00,-0.0
2023-12-21 05:15:00,-0.0
2023-12-21 05:30:00,-0.0
2023-12-21 05:45:00,-0.0
2023-12-21 06:00:00,-0.0
2023-12-21 06:15:00,-0.0
2023-12-21 06:30:00,-0.0
2023-12-21 06:45:00,-0.0
2023-12-21 07:00:00,2.09
2023-12-21 07:15:00,5.34
2023-12-21 07:30:00,8.86
2023-12-21 07:45:00,25.87
2023-12-21 08:00:00,241.41
2023-12-21 08:15:00,345.76
2023-12-21 08:30:00,363.13
2023-12-21 08:45:00,363.63
2023-12-21 09:00:00,226.43
2023-12-21 09:15:00,169.95
2023-12-21 09:30:00,179.38
2023-12-21 09:45:00,341.29
2023-12-21 10:00:00,373.08
2023-12-21 10:15:00,366.02
2023-12-21 10:30:00,360.05
2023-12-21 10:45:00,354.14
2023-12-21 11:00:00,348.73
2023-12-21 11:15:00,344.46
2023-12-21 11:30:00,341.38
2023-12-21 11:45:00,339.68
2023-12-21 12:00:00,341.1
2023-12-21 12:15:00,344.37
2023-12-21 12:30:00,348.42
2023-12-21 12:45:00,353.22
2023-12-21 13:00:00,357.83
2023-12-21 13:15:00,363.58
2023-12-21 13:30:00,368.7
2023-12-21 13:45:00,373.68
2023-12-21 14:00:00,374.87
2023-12-21 14:15:00,375.01
2023-12-21 14:30:00,368.6
2023-12-21 14:45:00,357.48
2023-12-21 15:00:00,340.89
2023-12-21 15:15:00,316.64
2023-12-21 15:30:00,244.47
2023-12-21 15:45:00,116.61
2023-12-21 16:00:00,85.29
2023-12-21 16:15:00,29.01
2023-12-21 16:30:00,1.27
2023-12-21 16:45:00,-0.0
2023-12-21 17:00:00,-0.0
2023-12-21 17:15:00,-0.0
2023-12-21 17:30:00,-0.0
2023-12-21 17:45:00,-0.0
2023-12-21 18:00:00,-0.0
2023-12-21 18:15:00,-0.0
2023-12-21 18:30:00,-0.0
2023-12-21 18:45:00,-0.0
2023-12-21 19:00:00,-0.0
2023-12-21 19:15:00,-0.0
2023-12-21 19:30:00,-0.0
2023-12-21 19:45:00,-0.0
2023-12-21 20:00:00,-0.0
2023-12-21 20:15:00,-0.0
2023-12-21 20:30:00,-0.0
2023-12-21 20:45:00,-0.0
2023-12-21 21:00:00,-0.0
2023-12-21 21:15:00,-0.0
2023-12-21 21:30:00,-0.0
2023-12-21 21:45:00,-0.0
2023-12-21 22:00:00,-0.0
2023-12-21 22:15:00,-0.0
2023-12-21 22:30:00,-0.0
2023-12-21 22:45:00,-0.0
2023-12-21 23:00:00,-0.0
2023-12-21 23:15:00,-0.0
2023-12-21 23:30:00,-0.0
2023-12-21 23:45:00,-0.0
2023-12-22 00:00:00,-0.0
2023-12-22 00:15:00,-0.0
2023-12-22 00:30:00,-0.0
2023-12-22 00:45:00,-0.0
2023-12-22 01:00:00,-0.0
2023-12-22 01:15:00,-0.0
2023-12-22 01:30:00,-0.0
2023-12-22 01:45:00,-0.0
2023-12-22 02:00:00,-0.0
2023-12-22 02:15:00,-0.0
2023-12-22 02:30:00,-0.0
2023-12-22 02:45:00,-0.0
2023-12-22 03:00:00,-0.0
2023-12-22 03:15:00,-0.0
2023-12-22 03:30:00,-0.0
2023-12-22 03:45:00,-0.0
2023-12-22 04:00:00,-0.0
2023-12-22 04:15:00,-0.0
2023-12-22 04:30:00,-0.0
2023-12-22 04:45:00,-0.0
2023-12-22 05:00:00,-0.0
2023-12-22 05:15:00,-0.0
2023-12-22 05:30:00,-0.0
2023-12-22 05:45:00,-0.0
2023-12-22 06:00:00,-0.0
2023-12-22 06:15:00,-0.0
2023-12-22 06:30:00,-0.0
2023-12-22 06:45:00,-0.0
2023-12-22 07:00:00,2.2
2023-12-22 07:15:00,5.54
2023-12-22 07:30:00,20.57
2023-12-22 07:45:00,189.15
2023-12-22 08:00:00,310.76
2023-12-22 08:15:00,359.84
2023-12-22 08:30:00,374.98
2023-12-22 08:45:00,376.83
2023-12-22 09:00:00,243.9
2023-12-22 09:15:00,355.72
2023-12-22 09:30:00,390.58
2023-12-22 09:45:00,385.75
2023-12-22 10:00:00,378.7
2023-12-22 10:15:00,370.87
2023-12-22 10:30:00,364.19
2023-12-22 10:45:00,357.84
2023-12-22 11:00:00,352.02
2023-12-22 11:15:00,347.42
2023-12-22 11:30:00,344.08
2023-12-22 11:45:00,342.05
2023-12-22 12:00:00,343.4
2023-12-22 12:15:00,346.75
2023-12-22 12:30:00,351.37
2023-12-22 12:45:00,356.06
2023-12-22 13:00:00,360.98
2023-12-22 13:15:00,367.16
2023-12-22 13:30:00,372.89
2023-12-22 13:45:00,378.76
2023-12-22 14:00:00,380.89
2023-12-22 14:15:00,379.47
2023-12-22 14:30:00,374.27
2023-12-22 14:45:00,364.72
2023-12-22 15:00:00,350.41
2023-12-22 15:15:00,332.61
2023-12-22 15:30:00,267.04
2023-12-22 15:45:00,188.24
2023-12-22 16:00:00,108.51
2023-12-22 16:15:00,37.68
2023-12-22 16:30:00,1.72
2023-12-22 16:45:00,-0.0
2023-12-22 17:00:00,-0.0
2023-12-22 17:15:00,-0.0
2023-12-22 17:30:00,-0.0
2023-12-22 17:45:00,-0.0
2023-12-22 18:00:00,-0.0
2023-12-22 18:15:00,-0.0
2023-12-22 18:30:00,-0.0
2023-12-22 18:45:00,-0.0
2023-12-22 19:00:00,-0.0
2023-12-22 19:15:00,-0.0
2023-12-22 19:30:00,-0.0
2023-12-22 19:45:00,-0.0
2023-12-22 20:00:00,-0.0
2023-12-22 20:15:00,-0.0
2023-12-22 20:30:00,-0.0
2023-12-22 20:45:00,-0.0
2023-12-22 21:00:00,-0.0
2023-12-22 21:15:00,-0.0
2023-12-22 21:30:00,-0.0
2023-12-22 21:45:00,-0.0
2023-12-22 22:00:00,-0.0
2023-12-22 22:15:00,-0.0
2023-12-22 22:30:00,-0.0
2023-12-22 22:45:00,-0.0
2023-12-22 23:00:00,-0.0
2023-12-22 23:15:00,-0.0
2023-12-22 23:30:00,-0.0
2023-12-22 23:45:00,-0.0
2023-12-23 00:00:00,-0.0
2023-12-23 00:15:00,-0.0
2023-12-23 00:30:00,-0.0
2023-12-23 00:45:00,-0.0
2023-12-23 01:00:00,-0.0
2023-12-23 01:15:00,-0.0
2023-12-23 01:30:00,-0.0
2023-12-23 01:45:00,-0.0
2023-12-23 02:00:00,-0.0
2023-12-23 02:15:00,-0.0
2023-12-23 02:30:00,-0.0
2023-12-23 02:45:00,-0.0
2023-12-23 03:00:00,-0.0
2023-12-23 03:15:00,-0.0
2023-12-23 03:30:00,-0.0
2023-12-23 03:45:00,-0.0
2023-12-23 04:00:00,-0.0
2023-12-23 04:15:00,-0.0
2023-12-23 04:30:00,-0.0
2023-12-23 04:45:00,-0.0
2023-12-23 05:00:00,-0.0
2023-12-23 05:15:00,-0.0
2023-12-23 05:30:00,-0.0
2023-12-23 05:45:00,-0.0
2023-12-23 06:00:00,-0.0
2023-12-23 06:15:00,-0.0
2023-12-23 06:30:00,-0.0
2023-12-23 06:45:00,-0.0
2023-12-23 07:00:00,2.15
2023-12-23 07:15:00,5.41
2023-12-23 07:30:00,20.25
2023-12-23 07:45:00,186.93
2023-12-23 08:00:00,308.06
2023-12-23 08:15:00,358.74
2023-12-23 08:30:00,373.95
2023-12-23 08:45:00,383.87
2023-12-23 09:00:00,390.21
2023-12-23 09:15:00,392.55
2023-12-23 09:30:00,391.48
2023-12-23 09:45:00,387.35
2023-12-23 10:00:00,380.63
2023-12-23 10:15:00,373.08
2023-12-23 10:30:00,366.69
2023-12-23 10:45:00,360.52
2023-12-23 11:00:00,354.86
2023-12-23 11:15:00,350.48
2023-12-23 11:30:00,347.41
2023-12-23 11:45:00,345.74
2023-12-23 12:00:00,347.55
2023-12-23 12:15:00,350.45
2023-12-23 12:30:00,355.29
2023-12-23 12:45:00,360.1
2023-12-23 13:00:00,365.34
2023-12-23 13:15:00,371.97
2023-12-23 13:30:00,378.15
2023-12-23 13:45:00,384.73
2023-12-23 14:00:00,387.64
2023-12-23 14:15:00,387.14
2023-12-23 14:30:00,382.91
2023-12-23 14:45:00,374.46
2023-12-23 15:00:00,361.4
2023-12-23 15:15:00,341.93
2023-12-23 15:30:00,278.48
2023-12-23 15:45:00,199.17
2023-12-23 16:00:00,117.33
2023-12-23 16:15:00,43.18
2023-12-23 16:30:00,2.32
2023-12-23 16:45:00,-0.0
2023-12-23 17:00:00,-0.0
2023-12-23 17:15:00,-0.0
2023-12-23 17:30:00,-0.0
2023-12-23 17:45:00,-0.0
2023-12-23 18:00:00,-0.0
2023-12-23 18:15:00,-0.0
2023-12-23 18:30:00,-0.0
2023-12-23 18:45:00,-0.0
2023-12-23 19:00:00,-0.0
2023-12-23 19:15:00,-0.0
2023-12-23 19:30:00,-0.0
2023-12-23 19:45:00,-0.0
2023-12-23 20:00:00,-0.0
2023-12-23 20:15:00,-0.0
2023-12-23 20:30:00,-0.0
2023-12-23 20:45:00,-0.0
2023-12-23 21:00:00,-0.0
2023-12-23 21:15:00,-0.0
2023-12-23 21:30:00,-0.0
2023-12-23 21:45:00,-0.0
2023-12-23 22:00:00,-0.0
2023-12-23 22:15:00,-0.0
2023-12-23 22:30:00,-0.0
2023-12-23 22:45:00,-0.0
2023-12-23 23:00:00,-0.0
2023-12-23 23:15:00,-0.0
2023-12-23 23:30:00,-0.0
2023-12-23 23:45:00,-0.0
2023-12-24 00:00:00,-0.0
2023-12-24 00:15:00,-0.0
2023-12-24 00:30:00,-0.0
2023-12-24 00:45:00,-0.0
2023-12-24 01:00:00,-0.0
2023-12-24 01:15:00,-0.0
2023-12-24 01:30:00,-0.0
2023-12-24 01:45:00,-0.0
2023-12-24 02:00:00,-0.0
2023-12-24 02:15:00,-0.0
2023-12-24 02:30:00,-0.0
2023-12-24 02:45:00,-0.0
2023-12-24 03:00:00,-0.0
2023-12-24 03:15:00,-0.0
2023-12-24 03:30:00,-0.0
2023-12-24 03:45:00,-0.0
2023-12-24 04:00:00,-0.0
2023-12-24 04:15:00,-0.0
2023-12-24 04:30:00,-0.0
2023-12-24 04:45:00,-0.0
2023-12-24 05:00:00,-0.0
2023-12-24 05:15:00,-0.0
2023-12-24 05:30:00,-0.0
2023-12-24 05:45:00,-0.0
2023-12-24 06:00:00,-0.0
2023-12-24 06:15:00,-0.0
2023-12-24 06:30:00,-0.0
2023-12-24 06:45:00,-0.0
2023-12-24 07:00:00,2.18
2023-12-24 07:15:00,5.47
2023-12-24 07:30:00,20.58
2023-12-24 07:45:00,190.81
2023-12-24 08:00:00,312.39
2023-12-24 08:15:00,367.7
2023-12-24 08:30:00,382.73
2023-12-24 08:45:00,392.3
2023-12-24 09:00:00,398.23
2023-12-24 09:15:00,400.03
2023-12-24 09:30:00,398.46
2023-12-24 09:45:00,393.9
2023-12-24 10:00:00,386.73
2023-12-24 10:15:00,378.68
2023-12-24 10:30:00,371.93
2023-12-24 10:45:00,365.31
2023-12-24 11:00:00,359.42
2023-12-24 11:15:00,354.87
2023-12-24 11:30:00,351.53
2023-12-24 11:45:00,349.55
2023-12-24 12:00:00,351.26
2023-12-24 12:15:00,354.1
2023-12-24 12:30:00,358.92
2023-12-24 12:45:00,363.7
2023-12-24 13:00:00,369.65
2023-12-24 13:15:00,375.48
2023-12-24 13:30:00,381.88
2023-12-24 13:45:00,388.47
2023-12-24 14:00:00,391.3
2023-12-24 14:15:00,390.75
2023-12-24 14:30:00,386.38
2023-12-24 14:45:00,377.74
2023-12-24 15:00:00,364.34
2023-12-24 15:15:00,344.24
2023-12-24 15:30:00,281.84
2023-12-24 15:45:00,201.81
2023-12-24 16:00:00,120.49
2023-12-24 16:15:00,45.04
2023-12-24 16:30:00,2.58
2023-12-24 16:45:00,-0.0
2023-12-24 17:00:00,-0.0
2023-12-24 17:15:00,-0.0
2023-12-24 17:30:00,-0.0
2023-12-24 17:45:00,-0.0
2023-12-24 18:00:00,-0.0
2023-12-24 18:15:00,-0.0
2023-12-24 18:30:00,-0.0
2023-12-24 18:45:00,-0.0
2023-12-24 19:00:00,-0.0
2023-12-24 19:15:00,-0.0
2023-12-24 19:30:00,-0.0
2023-12-24 19:45:00,-0.0
2023-12-24 20:00:00,-0.0
2023-12-24 20:15:00,-0.0
2023-12-24 20:30:00,-0.0
2023-12-24 20:45:00,-0.0
2023-12-24 21:00:00,-0.0
2023-12-24 21:15:00,-0.0
2023-12-24 21:30:00,-0.0
2023-12-24 21:45:00,-0.0
2023-12-24 22:00:00,-0.0
2023-12-24 22:15:00,-0.0
2023-12-24 22:30:00,-0.0
2023-12-24 22:45:00,-0.0
2023-12-24 23:00:00,-0.0
2023-12-24 23:15:00,-0.0
2023-12-24 23:30:00,-0.0
2023-12-24 23:45:00,-0.0
2023-12-25 00:00:00,-0.0
2023-12-25 00:15:00,-0.0
2023-12-25 00:30:00,-0.0
2023-12-25 00:45:00,-0.0
2023-12-25 01:00:00,-0.0
2023-12-25 01:15:00,-0.0
2023-12-25 01:30:00,-0.0
2023-12-25 01:45:00,-0.0
2023-12-25 02:00:00,-0.0
2023-12-25 02:15:00,-0.0
2023-12-25 02:30:00,-0.0
2023-12-25 02:45:00,-0.0
2023-12-25 03:00:00,-0.0
2023-12-25 03:15:00,-0.0
2023-12-25 03:30:00,-0.0
2023-12-25 03:45:00,-0.0
2023-12-25 04:00:00,-0.0
2023-12-25 04:15:00,-0.0
2023-12-25 04:30:00,-0.0
2023-12-25 04:45:00,-0.0
2023-12-25 05:00:00,-0.0
2023-12-25 05:15:00,-0.0
2023-12-25 05:30:00,-0.0
2023-12-25 05:45:00,-0.0
2023-12-25 06:00:00,-0.0
2023-12-25 06:15:00,-0.0
2023-12-25 06:30:00,-0.0
2023-12-25 06:45:00,-0.0
2023-12-25 07:00:00,2.07
2023-12-25 07:15:00,5.25
2023-12-25 07:30:00,8.91
2023-12-25 07:45:00,13.44
2023-12-25 08:00:00,57.55
2023-12-25 08:15:00,112.55
2023-12-25 08:30:00,326.31
2023-12-25 08:45:00,385.59
2023-12-25 09:00:00,392.21
2023-12-25 09:15:00,394.97
2023-12-25 09:30:00,394.28
2023-12-25 09:45:00,390.39
2023-12-25 10:00:00,383.39
2023-12-25 10:15:00,376.38
2023-12-25 10:30:00,370.08
2023-12-25 10:45:00,363.76
2023-12-25 11:00:00,358.17
2023-12-25 11:15:00,353.79
2023-12-25 11:30:00,350.68
2023-12-25 11:45:00,348.71
2023-12-25 12:00:00,350.57
2023-12-25 12:15:00,353.4
2023-12-25 12:30:00,357.46
2023-12-25 12:45:00,362.87
2023-12-25 13:00:00,368.69
2023-12-25 13:15:00,374.51
2023-12-25 13:30:00,373.51
2023-12-25 13:45:00,274.28
2023-12-25 14:00:00,239.48
2023-12-25 14:15:00,157.5
2023-12-25 14:30:00,161.99
2023-12-25 14:45:00,153.77
2023-12-25 15:00:00,164.26
2023-12-25 15:15:00,148.28
2023-12-25 15:30:00,251.03
2023-12-25 15:45:00,204.11
2023-12-25 16:00:00,121.75
2023-12-25 16:15:00,47.34
2023-12-25 16:30:00,3.11
2023-12-25 16:45:00,-0.0
2023-12-25 17:00:00,-0.0
2023-12-25 17:15:00,-0.0
2023-12-25 17:30:00,-0.0
2023-12-25 17:45:00,-0.0
2023-12-25 18:00:00,-0.0
2023-12-25 18:15:00,-0.0
2023-12-25 18:30:00,-0.0
2023-12-25 18:45:00,-0.0
2023-12-25 19:00:00,-0.0
2023-12-25 19:15:00,-0.0
2023-12-25 19:30:00,-0.0
2023-12-25 19:45:00,-0.0
2023-12-25 20:00:00,-0.0
2023-12-25 20:15:00,-0.0
2023-12-25 20:30:00,-0.0
2023-12-25 20:45:00,-0.0
2023-12-25 21:00:00,-0.0
2023-12-25 21:15:00,-0.0
2023-12-25 21:30:00,-0.0
2023-12-25 21:45:00,-0.0
2023-12-25 22:00:00,-0.0
2023-12-25 22:15:00,-0.0
2023-12-25 22:30:00,-0.0
2023-12-25 22:45:00,-0.0
2023-12-25 23:00:00,-0.0
2023-12-25 23:15:00,-0.0
2023-12-25 23:30:00,-0.0
2023-12-25 23:45:00,-0.0
2023-12-26 00:00:00,-0.0
2023-12-26 00:15:00,-0.0
2023-12-26 00:30:00,-0.0
2023-12-26 00:45:00,-0.0
2023-12-26 01:00:00,-0.0
2023-12-26 01:15:00,-0.0
2023-12-26 01:30:00,-0.0
2023-12-26 01:45:00,-0.0
2023-12-26 02:00:00,-0.0
2023-12-26 02:15:00,-0.0
2023-12-26 02:30:00,-0.0
2023-12-26 02:45:00,-0.0
2023-12-26 03:00:00,-0.0
2023-12-26 03:15:00,-0.0
2023-12-26 03:30:00,-0.0
2023-12-26 03:45:00,-0.0
2023-12-26 04:00:00,-0.0
2023-12-26 04:15:00,-0.0
2023-12-26 04:30:00,-0.0
2023-12-26 04:45:00,-0.0
2023-12-26 05:00:00,-0.0
2023-12-26 05:15:00,-0.0
2023-12-26 05:30:00,-0.0
2023-12-26 05:45:00,-0.0
2023-12-26 06:00:00,-0.0
2023-12-26 06:15:00,-0.0
2023-12-26 06:30:00,-0.0
2023-12-26 06:45:00,-0.0
2023-12-26 07:00:00,1.91
2023-12-26 07:15:00,4.98
2023-12-26 07:30:00,8.7
2023-12-26 07:45:00,26.05
2023-12-26 08:00:00,238.52
2023-12-26 08:15:00,353.51
2023-12-26 08:30:00,370.46
2023-12-26 08:45:00,370.33
2023-12-26 09:00:00,238.79
2023-12-26 09:15:00,350.27
2023-12-26 09:30:00,388.22
2023-12-26 09:45:00,381.42
2023-12-26 10:00:00,374.19
2023-12-26 10:15:00,367.09
2023-12-26 10:30:00,360.51
2023-12-26 10:45:00,354.98
2023-12-26 11:00:00,349.37
2023-12-26 11:15:00,337.53
2023-12-26 11:30:00,252.0
2023-12-26 11:45:00,164.57
2023-12-26 12:00:00,132.46
2023-12-26 12:15:00,131.37
2023-12-26 12:30:00,152.27
2023-12-26 12:45:00,194.1
2023-12-26 13:00:00,212.03
2023-12-26 13:15:00,313.09
2023-12-26 13:30:00,166.83
2023-12-26 13:45:00,107.72
2023-12-26 14:00:00,120.8
2023-12-26 14:15:00,292.45
2023-12-26 14:30:00,132.83
2023-12-26 14:45:00,61.69
2023-12-26 15:00:00,111.61
2023-12-26 15:15:00,106.6
2023-12-26 15:30:00,57.55
2023-12-26 15:45:00,31.09
2023-12-26 16:00:00,25.88
2023-12-26 16:15:00,11.24
2023-12-26 16:30:00,1.48
2023-12-26 16:45:00,-0.0
2023-12-26 17:00:00,-0.0
2023-12-26 17:15:00,-0.0
2023-12-26 17:30:00,-0.0
2023-12-26 17:45:00,-0.0
2023-12-26 18:00:00,-0.0
2023-12-26 18:15:00,-0.0
2023-12-26 18:30:00,-0.0
2023-12-26 18:45:00,-0.0
2023-12-26 19:00:00,-0.0
2023-12-26 19:15:00,-0.0
2023-12-26 19:30:00,-0.0
2023-12-26 19:45:00,-0.0
2023-12-26 20:00:00,-0.0
2023-12-26 20:15:00,-0.0
2023-12-26 20:30:00,-0.0
2023-12-26 20:45:00,-0.0
2023-12-26 21:00:00,-0.0
2023-12-26 21:15:00,-0.0
2023-12-26 21:30:00,-0.0
2023-12-26 21:45:00,-0.0
2023-12-26 22:00:00,-0.0
2023-12-26 22:15:00,-0.0
2023-12-26 22:30:00,-0.0
2023-12-26 22:45:00,-0.0
2023-12-26 23:00:00,-0.0
2023-12-26 23:15:00,-0.0
2023-12-26 23:30:00,-0.0
2023-12-26 23:45:00,-0.0
2023-12-27 00:00:00,-0.0
2023-12-27 00:15:00,-0.0
2023-12-27 00:30:00,-0.0
2023-12-27 00:45:00,-0.0
2023-12-27 01:00:00,-0.0
2023-12-27 01:15:00,-0.0
2023-12-27 01:30:00,-0.0
2023-12-27 01:45:00,-0.0
2023-12-27 02:00:00,-0.0
2023-12-27 02:15:00,-0.0
2023-12-27 02:30:00,-0.0
2023-12-27 02:45:00,-0.0
2023-12-27 03:00:00,-0.0
2023-12-27 03:15:00,-0.0
2023-12-27 03:30:00,-0.0
2023-12-27 03:45:00,-0.0
2023-12-27 04:00:00,-0.0
2023-12-27 04:15:00,-0.0
2023-12-27 04:30:00,-0.0
2023-12-27 04:45:00,-0.0
2023-12-27 05:00:00,-0.0
2023-12-27 05:15:00,-0.0
2023-12-27 05:30:00,-0.0
2023-12-27 05:45:00,-0.0
2023-12-27 06:00:00,-0.0
2023-12-27 06:15:00,-0.0
2023-12-27 06:30:00,-0.0
2023-12-27 06:45:00,-0.0
2023-12-27 07:00:00,1.63
2023-12-27 07:15:00,4.43
2023-12-27 07:30:00,7.93
2023-12-27 07:45:00,10.28
2023-12-27 08:00:00,12.0
2023-12-27 08:15:00,13.45
2023-12-27 08:30:00,16.72
2023-12-27 08:45:00,39.32
2023-12-27 09:00:00,31.29
2023-12-27 09:15:00,89.49
2023-12-27 09:30:00,90.34
2023-12-27 09:45:00,64.89
2023-12-27 10:00:00,44.65
2023-12-27 10:15:00,96.1
2023-12-27 10:30:00,57.03
2023-12-27 10:45:00,180.28
2023-12-27 11:00:00,137.02
2023-12-27 11:15:00,47.28
2023-12-27 11:30:00,44.37
2023-12-27 11:45:00,120.85
2023-12-27 12:00:00,111.04
2023-12-27 12:15:00,190.79
2023-12-27 12:30:00,166.31
2023-12-27 12:45:00,305.89
2023-12-27 13:00:00,355.76
2023-12-27 13:15:00,353.88
2023-12-27 13:30:00,255.15
2023-12-27 13:45:00,181.36
2023-12-27 14:00:00,170.59
2023-12-27 14:15:00,161.76
2023-12-27 14:30:00,305.77
2023-12-27 14:45:00,195.38
2023-12-27 15:00:00,290.16
2023-12-27 15:15:00,310.3
2023-12-27 15:30:00,246.28
2023-12-27 15:45:00,107.38
2023-12-27 16:00:00,89.91
2023-12-27 16:15:00,39.17
2023-12-27 16:30:00,3.24
2023-12-27 16:45:00,-0.0
2023-12-27 17:00:00,-0.0
2023-12-27 17:15:00,-0.0
2023-12-27 17:30:00,-0.0
2023-12-27 17:45:00,-0.0
2023-12-27 18:00:00,-0.0
2023-12-27 18:15:00,-0.0
2023-12-27 18:30:00,-0.0
2023-12-27 18:45:00,-0.0
2023-12-27 19:00:00,-0.0
2023-12-27 19:15:00,-0.0
2023-12-27 19:30:00,-0.0
2023-12-27 19:45:00,-0.0
2023-12-27 20:00:00,-0.0
2023-12-27 20:15:00,-0.0
2023-12-27 20:30:00,-0.0
2023-12-27 20:45:00,-0.0
2023-12-27 21:00:00,-0.0
2023-12-27 21:15:00,-0.0
2023-12-27 21:30:00,-0.0
2023-12-27 21:45:00,-0.0
2023-12-27 22:00:00,-0.0
2023-12-27 22:15:00,-0.0
2023-12-27 22:30:00,-0.0
2023-12-27 22:45:00,-0.0
2023-12-27 23:00:00,-0.0
2023-12-27 23:15:00,-0.0
2023-12-27 23:30:00,-0.0
2023-12-27 23:45:00,-0.0
2023-12-28 00:00:00,-0.0
2023-12-28 00:15:00,-0.0
2023-12-28 00:30:00,-0.0
2023-12-28 00:45:00,-0.0
2023-12-28 01:00:00,-0.0
2023-12-28 01:15:00,-0.0
2023-12-28 01:30:00,-0.0
2023-12-28 01:45:00,-0.0
2023-12-28 02:00:00,-0.0
2023-12-28 02:15:00,-0.0
2023-12-28 02:30:00,-0.0
2023-12-28 02:45:00,-0.0
2023-12-28 03:00:00,-0.0
2023-12-28 03:15:00,-0.0
2023-12-28 03:30:00,-0.0
2023-12-28 03:45:00,-0.0
2023-12-28 04:00:00,-0.0
2023-12-28 04:15:00,-0.0
2023-12-28 04:30:00,-0.0
2023-12-28 04:45:00,-0.0
2023-12-28 05:00:00,-0.0
2023-12-28 05:15:00,-0.0
2023-12-28 05:30:00,-0.0
2023-12-28 05:45:00,-0.0
2023-12-28 06:00:00,-0.0
2023-12-28 06:15:00,-0.0
2023-12-28 06:30:00,-0.0
2023-12-28 06:45:00,-0.0
2023-12-28 07:00:00,6.25
2023-12-28 07:15:00,18.47
2023-12-28 07:30:00,36.77
2023-12-28 07:45:00,89.89
2023-12-28 08:00:00,111.61
2023-12-28 08:15:00,143.53
2023-12-28 08:30:00,50.32
2023-12-28 08:45:00,106.85
2023-12-28 09:00:00,201.91
2023-12-28 09:15:00,135.57
2023-12-28 09:30:00,42.95
2023-12-28 09:45:00,73.35
2023-12-28 10:00:00,45.28
2023-12-28 10:15:00,122.7
2023-12-28 10:30:00,117.69
2023-12-28 10:45:00,44.31
2023-12-28 11:00:00,33.33
2023-12-28 11:15:00,126.78
2023-12-28 11:30:00,133.52
2023-12-28 11:45:00,99.06
2023-12-28 12:00:00,152.33
2023-12-28 12:15:00,157.3
2023-12-28 12:30:00,138.47
2023-12-28 12:45:00,97.55
2023-12-28 13:00:00,58.79
2023-12-28 13:15:00,271.09
2023-12-28 13:30:00,136.49
2023-12-28 13:45:00,108.4
2023-12-28 14:00:00,120.55
2023-12-28 14:15:00,115.78
2023-12-28 14:30:00,109.29
2023-12-28 14:45:00,63.26
2023-12-28 15:00:00,82.9
2023-12-28 15:15:00,91.75
2023-12-28 15:30:00,97.12
2023-12-28 15:45:00,61.36
2023-12-28 16:00:00,50.91
2023-12-28 16:15:00,21.89
2023-12-28 16:30:00,2.44
2023-12-28 16:45:00,-0.0
2023-12-28 17:00:00,-0.0
2023-12-28 17:15:00,-0.0
2023-12-28 17:30:00,-0.0
2023-12-28 17:45:00,-0.0
2023-12-28 18:00:00,-0.0
2023-12-28 18:15:00,-0.0
2023-12-28 18:30:00,-0.0
2023-12-28 18:45:00,-0.0
2023-12-28 19:00:00,-0.0
2023-12-28 19:15:00,-0.0
2023-12-28 19:30:00,-0.0
2023-12-28 19:45:00,-0.0
2023-12-28 20:00:00,-0.0
2023-12-28 20:15:00,-0.0
2023-12-28 20:30:00,-0.0
2023-12-28 20:45:00,-0.0
2023-12-28 21:00:00,-0.0
2023-12-28 21:15:00,-0.0
2023-12-28 21:30:00,-0.0
2023-12-28 21:45:00,-0.0
2023-12-28 22:00:00,-0.0
2023-12-28 22:15:00,-0.0
2023-12-28 22:30:00,-0.0
2023-12-28 22:45:00,-0.0
2023-12-28 23:00:00,-0.0
2023-12-28 23:15:00,-0.0
2023-12-28 23:30:00,-0.0
2023-12-28 23:45:00,-0.0
2023-12-29 00:00:00,-0.0
2023-12-29 00:15:00,-0.0
2023-12-29 00:30:00,-0.0
2023-12-29 00:45:00,-0.0
2023-12-29 01:00:00,-0.0
2023-12-29 01:15:00,-0.0
2023-12-29 01:30:00,-0.0
2023-12-29 01:45:00,-0.0
2023-12-29 02:00:00,-0.0
2023-12-29 02:15:00,-0.0
2023-12-29 02:30:00,-0.0
2023-12-29 02:45:00,-0.0
2023-12-29 03:00:00,-0.0
2023-12-29 03:15:00,-0.0
2023-12-29 03:30:00,-0.0
2023-12-29 03:45:00,-0.0
2023-12-29 04:00:00,-0.0
2023-12-29 04:15:00,-0.0
2023-12-29 04:30:00,-0.0
2023-12-29 04:45:00,-0.0
2023-12-29 05:00:00,-0.0
2023-12-29 05:15:00,-0.0
2023-12-29 05:30:00,-0.0
2023-12-29 05:45:00,-0.0
2023-12-29 06:00:00,-0.0
2023-12-29 06:15:00,-0.0
2023-12-29 06:30:00,-0.0
2023-12-29 06:45:00,-0.0
2023-12-29 07:00:00,3.53
2023-12-29 07:15:00,9.19
2023-12-29 07:30:00,16.51
2023-12-29 07:45:00,35.52
2023-12-29 08:00:00,241.05
2023-12-29 08:15:00,358.51
2023-12-29 08:30:00,375.45
2023-12-29 08:45:00,375.39
2023-12-29 09:00:00,230.69
2023-12-29 09:15:00,196.61
2023-12-29 09:30:00,355.06
2023-12-29 09:45:00,388.4
2023-12-29 10:00:00,381.28
2023-12-29 10:15:00,374.34
2023-12-29 10:30:00,367.1
2023-12-29 10:45:00,361.34
2023-12-29 11:00:00,355.57
2023-12-29 11:15:00,350.48
2023-12-29 11:30:00,346.32
2023-12-29 11:45:00,344.14
2023-12-29 12:00:00,345.43
2023-12-29 12:15:00,348.09
2023-12-29 12:30:00,351.9
2023-12-29 12:45:00,356.87
2023-12-29 13:00:00,362.64
2023-12-29 13:15:00,367.71
2023-12-29 13:30:00,373.95
2023-12-29 13:45:00,379.37
2023-12-29 14:00:00,382.38
2023-12-29 14:15:00,384.24
2023-12-29 14:30:00,379.85
2023-12-29 14:45:00,371.09
2023-12-29 15:00:00,357.49
2023-12-29 15:15:00,337.3
2023-12-29 15:30:00,285.65
2023-12-29 15:45:00,207.32
2023-12-29 16:00:00,126.52
2023-12-29 16:15:00,54.05
2023-12-29 16:30:00,5.69
2023-12-29 16:45:00,-0.0
2023-12-29 17:00:00,-0.0
2023-12-29 17:15:00,-0.0
2023-12-29 17:30:00,-0.0
2023-12-29 17:45:00,-0.0
2023-12-29 18:00:00,-0.0
2023-12-29 18:15:00,-0.0
2023-12-29 18:30:00,-0.0
2023-12-29 18:45:00,-0.0
2023-12-29 19:00:00,-0.0
2023-12-29 19:15:00,-0.0
2023-12-29 19:30:00,-0.0
2023-12-29 19:45:00,-0.0
2023-12-29 20:00:00,-0.0
2023-12-29 20:15:00,-0.0
2023-12-29 20:30:00,-0.0
2023-12-29 20:45:00,-0.0
2023-12-29 21:00:00,-0.0
2023-12-29 21:15:00,-0.0
2023-12-29 21:30:00,-0.0
2023-12-29 21:45:00,-0.0
2023-12-29 22:00:00,-0.0
2023-12-29 22:15:00,-0.0
2023-12-29 22:30:00,-0.0
2023-12-29 22:45:00,-0.0
2023-12-29 23:00:00,-0.0
2023-12-29 23:15:00,-0.0
2023-12-29 23:30:00,-0.0
2023-12-29 23:45:00,-0.0
2023-12-30 00:00:00,-0.0
2023-12-30 00:15:00,-0.0
2023-12-30 00:30:00,-0.0
2023-12-30 00:45:00,-0.0
2023-12-30 01:00:00,-0.0
2023-12-30 01:15:00,-0.0
2023-12-30 01:30:00,-0.0
2023-12-30 01:45:00,-0.0
2023-12-30 02:00:00,-0.0
2023-12-30 02:15:00,-0.0
2023-12-30 02:30:00,-0.0
2023-12-30 02:45:00,-0.0
2023-12-30 03:00:00,-0.0
2023-12-30 03:15:00,-0.0
2023-12-30 03:30:00,-0.0
2023-12-30 03:45:00,-0.0
2023-12-30 04:00:00,-0.0
2023-12-30 04:15:00,-0.0
2023-12-30 04:30:00,-0.0
2023-12-30 04:45:00,-0.0
2023-12-30 05:00:00,-0.0
2023-12-30 05:15:00,-0.0
2023-12-30 05:30:00,-0.0
2023-12-30 05:45:00,-0.0
2023-12-30 06:00:00,-0.0
2023-12-30 06:15:00,-0.0
2023-12-30 06:30:00,-0.0
2023-12-30 06:45:00,-0.0
2023-12-30 07:00:00,1.63
2023-12-30 07:15:00,4.38
2023-12-30 07:30:00,8.02
2023-12-30 07:45:00,10.34
2023-12-30 08:00:00,25.53
2023-12-30 08:15:00,206.81
2023-12-30 08:30:00,164.79
2023-12-30 08:45:00,159.71
2023-12-30 09:00:00,177.19
2023-12-30 09:15:00,190.42
2023-12-30 09:30:00,175.01
2023-12-30 09:45:00,208.79
2023-12-30 10:00:00,199.08
2023-12-30 10:15:00,206.01
2023-12-30 10:30:00,209.83
2023-12-30 10:45:00,198.29
2023-12-30 11:00:00,189.08
2023-12-30 11:15:00,191.49
2023-12-30 11:30:00,195.48
2023-12-30 11:45:00,157.16
2023-12-30 12:00:00,150.22
2023-12-30 12:15:00,179.34
2023-12-30 12:30:00,143.31
2023-12-30 12:45:00,180.42
2023-12-30 13:00:00,322.15
2023-12-30 13:15:00,361.69
2023-12-30 13:30:00,367.01
2023-12-30 13:45:00,364.76
2023-12-30 14:00:00,266.46
2023-12-30 14:15:00,212.86
2023-12-30 14:30:00,202.22
2023-12-30 14:45:00,188.22
2023-12-30 15:00:00,174.35
2023-12-30 15:15:00,155.02
2023-12-30 15:30:00,132.74
2023-12-30 15:45:00,100.09
2023-12-30 16:00:00,44.84
2023-12-30 16:15:00,16.2
2023-12-30 16:30:00,2.73
2023-12-30 16:45:00,-0.0
2023-12-30 17:00:00,-0.0
2023-12-30 17:15:00,-0.0
2023-12-30 17:30:00,-0.0
2023-12-30 17:45:00,-0.0
2023-12-30 18:00:00,-0.0
2023-12-30 18:15:00,-0.0
2023-12-30 18:30:00,-0.0
2023-12-30 18:45:00,-0.0
2023-12-30 19:00:00,-0.0
2023-12-30 19:15:00,-0.0
2023-12-30 19:30:00,-0.0
2023-12-30 19:45:00,-0.0
2023-12-30 20:00:00,-0.0
2023-12-30 20:15:00,-0.0
2023-12-30 20:30:00,-0.0
2023-12-30 20:45:00,-0.0
2023-12-30 21:00:00,-0.0
2023-12-30 21:15:00,-0.0
2023-12-30 21:30:00,-0.0
2023-12-30 21:45:00,-0.0
2023-12-30 22:00:00,-0.0
2023-12-30 22:15:00,-0.0
2023-12-30 22:30:00,-0.0
2023-12-30 22:45:00,-0.0
2023-12-30 23:00:00,-0.0
2023-12-30 23:15:00,-0.0
2023-12-30 23:30:00,-0.0
2023-12-30 23:45:00,-0.0
2023-12-31 00:00:00,-0.0
2023-12-31 00:15:00,-0.0
2023-12-31 00:30:00,-0.0
2023-12-31 00:45:00,-0.0
2023-12-31 01:00:00,-0.0
2023-12-31 01:15:00,-0.0
2023-12-31 01:30:00,-0.0
2023-12-31 01:45:00,-0.0
2023-12-31 02:00:00,-0.0
2023-12-31 02:15:00,-0.0
2023-12-31 02:30:00,-0.0
2023-12-31 02:45:00,-0.0
2023-12-31 03:00:00,-0.0
2023-12-31 03:15:00,-0.0
2023-12-31 03:30:00,-0.0
2023-12-31 03:45:00,-0.0
2023-12-31 04:00:00,-0.0
2023-12-31 04:15:00,-0.0
2023-12-31 04:30:00,-0.0
2023-12-31 04:45:00,-0.0
2023-12-31 05:00:00,-0.0
2023-12-31 05:15:00,-0.0
2023-12-31 05:30:00,-0.0
2023-12-31 05:45:00,-0.0
2023-12-31 06:00:00,-0.0
2023-12-31 06:15:00,-0.0
2023-12-31 06:30:00,-0.0
2023-12-31 06:45:00,-0.0
2023-12-31 07:00:00,3.01
2023-12-31 07:15:00,7.97
2023-12-31 07:30:00,14.97
2023-12-31 07:45:00,37.41
2023-12-31 08:00:00,242.12
2023-12-31 08:15:00,357.46
2023-12-31 08:30:00,376.18
2023-12-31 08:45:00,388.63
2023-12-31 09:00:00,396.99
2023-12-31 09:15:00,398.0
2023-12-31 09:30:00,398.14
2023-12-31 09:45:00,395.1
2023-12-31 10:00:00,388.68
2023-12-31 10:15:00,382.06
2023-12-31 10:30:00,375.11
2023-12-31 10:45:00,369.5
2023-12-31 11:00:00,364.07
2023-12-31 11:15:00,359.17
2023-12-31 11:30:00,355.25
2023-12-31 11:45:00,353.37
2023-12-31 12:00:00,354.53
2023-12-31 12:15:00,357.16
2023-12-31 12:30:00,360.93
2023-12-31 12:45:00,366.06
2023-12-31 13:00:00,371.84
2023-12-31 13:15:00,377.38
2023-12-31 13:30:00,383.95
2023-12-31 13:45:00,389.86
2023-12-31 14:00:00,393.68
2023-12-31 14:15:00,393.72
2023-12-31 14:30:00,390.08
2023-12-31 14:45:00,382.35
2023-12-31 15:00:00,369.99
2023-12-31 15:15:00,354.21
2023-12-31 15:30:00,307.24
2023-12-31 15:45:00,226.56
2023-12-31 16:00:00,142.79
2023-12-31 16:15:00,65.45
2023-12-31 16:30:00,8.77
2023-12-31 16:45:00,-0.0
2023-12-31 17:00:00,-0.0
2023-12-31 17:15:00,-0.0
2023-12-31 17:30:00,-0.0
2023-12-31 17:45:00,-0.0
2023-12-31 18:00:00,-0.0
2023-12-31 18:15:00,-0.0
2023-12-31 18:30:00,-0.0
2023-12-31 18:45:00,-0.0
2023-12-31 19:00:00,-0.0
2023-12-31 19:15:00,-0.0
2023-12-31 19:30:00,-0.0
2023-12-31 19:45:00,-0.0
2023-12-31 20:00:00,-0.0
2023-12-31 20:15:00,-0.0
2023-12-31 20:30:00,-0.0
2023-12-31 20:45:00,-0.0
2023-12-31 21:00:00,-0.0
2023-12-31 21:15:00,-0.0
2023-12-31 21:30:00,-0.0
2023-12-31 21:45:00,-0.0
2023-12-31 22:00:00,-0.0
2023-12-31 22:15:00,-0.0
2023-12-31 22:30:00,-0.0
2023-12-31 22:45:00,-0.0
2023-12-31 23:00:00,-0.0
2023-12-31 23:15:00,-0.0
2023-12-31 23:30:00,-0.0
2023-12-31 23:45:00,-0.0
