time(UTC),T2m,RH,G(h),Gb(n),Gd(h),IR(h),WS10m,WD10m,SP
20120101:0000,6.19,66.03,0.0,0.0,0.0,256.58,2.82,306.0,96800.0
20120101:0100,5.49,69.15,0.0,0.0,0.0,255.64,3.01,315.0,96753.0
20120101:0200,4.8,72.26,0.0,0.0,0.0,254.7,3.21,323.0,96753.0
20120101:0300,4.1,75.38,0.0,0.0,0.0,253.77,3.4,328.0,96725.0
20120101:0400,3.4,78.5,0.0,0.0,0.0,252.83,3.59,331.0,96687.0
20120101:0500,2.71,81.62,0.0,0.0,0.0,251.89,3.78,333.0,96725.0
20120101:0600,2.01,84.74,0.0,0.0,0.0,250.95,3.98,334.0,96772.0
20120101:0700,1.31,87.85,17.0,0.0,17.0,250.01,4.17,332.0,96800.0
20120101:0800,3.75,78.75,217.0,605.94,73.0,252.4,2.69,331.0,96866.0
20120101:0900,7.67,59.65,397.0,796.73,89.0,257.0,2.14,335.0,96923.0
20120101:1000,11.46,44.55,525.0,842.66,108.0,263.2,1.59,346.0,96951.0
20120101:1100,13.19,36.75,599.0,870.1,116.0,270.6,0.69,356.0,96876.0
20120101:1200,14.28,31.75,609.0,873.55,117.0,275.8,0.28,242.0,96791.0
20120101:1300,15.15,28.4,556.0,867.66,106.0,278.2,0.97,219.0,96716.0
20120101:1400,15.71,26.45,438.0,798.77,99.0,279.2,1.31,215.0,96650.0
20120101:1500,15.91,25.65,278.0,724.89,70.0,279.0,1.52,210.0,96650.0
20120101:1600,15.73,25.85,90.0,493.02,33.0,277.0,1.59,203.0,96669.0
20120101:1700,14.72,28.5,0.0,0.0,0.0,273.8,1.93,188.0,96697.0
20120101:1800,13.19,32.2,0.0,0.0,0.0,272.2,2.34,193.0,96753.0
20120101:1900,11.88,36.15,0.0,0.0,0.0,272.2,2.9,194.0,96791.0
20120101:2000,10.74,39.15,0.0,0.0,0.0,270.2,3.03,208.0,96857.0
20120101:2100,9.68,42.25,0.0,0.0,0.0,268.8,3.1,224.0,96866.0
20120101:2200,8.71,45.45,0.0,0.0,0.0,267.4,3.17,238.0,96876.0
20120101:2300,7.86,48.9,0.0,0.0,0.0,265.8,3.31,248.0,96885.0
20120102:0000,7.15,52.4,0.0,0.0,0.0,264.8,3.52,256.0,96885.0
20120102:0100,6.6,55.65,0.0,0.0,0.0,263.6,3.72,264.0,96885.0
20120102:0200,6.14,58.95,0.0,0.0,0.0,262.6,3.93,273.0,96847.0
20120102:0300,5.76,62.05,0.0,0.0,0.0,261.6,4.07,283.0,96828.0
20120102:0400,5.42,64.6,0.0,0.0,0.0,260.8,4.07,290.0,96781.0
20120102:0500,5.13,66.6,0.0,0.0,0.0,260.0,4.07,294.0,96791.0
20120102:0600,4.85,68.2,0.0,0.0,0.0,260.0,3.93,293.0,96828.0
20120102:0700,4.7,69.3,18.0,0.0,18.0,260.0,3.72,292.0,96847.0
20120102:0800,5.91,63.95,216.0,606.49,72.0,261.6,3.45,288.0,96885.0
20120102:0900,9.42,50.45,399.0,811.94,85.0,265.6,3.24,285.0,96932.0
20120102:1000,12.97,39.4,526.0,841.72,109.0,272.4,3.17,278.0,96951.0
20120102:1100,15.17,33.25,597.0,854.2,122.0,279.2,3.24,273.0,96866.0
20120102:1200,16.45,30.5,614.0,890.92,111.0,284.6,3.17,268.0,96763.0
20120102:1300,17.25,29.05,561.0,885.92,100.0,288.0,3.31,261.0,96687.0
20120102:1400,17.64,28.45,443.0,816.1,95.0,289.6,3.59,262.0,96621.0
20120102:1500,17.68,28.8,282.0,740.08,68.0,289.2,3.93,271.0,96631.0
20120102:1600,17.2,30.55,92.0,508.76,32.0,288.4,3.72,278.0,96631.0
20120102:1700,15.51,35.45,0.0,0.0,0.0,285.8,3.38,274.0,96631.0
20120102:1800,13.85,40.95,0.0,0.0,0.0,283.0,3.59,277.0,96687.0
20120102:1900,13.17,44.5,0.0,0.0,0.0,282.2,3.72,285.0,96734.0
20120102:2000,12.28,48.55,0.0,0.0,0.0,280.2,3.79,292.0,96781.0
20120102:2100,11.49,52.2,0.0,0.0,0.0,278.2,4.21,309.0,96800.0
20120102:2200,11.02,55.4,0.0,0.0,0.0,277.2,4.62,328.0,96857.0
20120102:2300,10.57,60.95,0.0,0.0,0.0,276.8,5.31,340.0,96847.0
20120103:0000,10.09,67.3,0.0,0.0,0.0,275.6,5.66,345.0,96857.0
20120103:0100,9.49,72.5,0.0,0.0,0.0,273.8,5.79,344.0,96847.0
20120103:0200,8.84,76.7,0.0,0.0,0.0,271.0,6.14,344.0,96857.0
20120103:0300,8.24,79.8,0.0,0.0,0.0,267.6,6.41,345.0,96866.0
20120103:0400,7.73,81.4,0.0,0.0,0.0,263.8,6.69,347.0,96885.0
20120103:0500,7.46,81.45,0.0,0.0,0.0,266.0,6.9,349.0,96923.0
20120103:0600,7.14,81.55,0.0,0.0,0.0,258.2,6.69,350.0,97007.0
20120103:0700,6.87,83.8,17.0,0.0,17.0,254.4,6.28,346.0,97026.0
20120103:0800,7.73,77.55,217.0,619.42,70.0,253.0,6.21,345.0,97073.0
20120103:0900,9.81,66.1,395.0,780.4,93.0,257.0,6.69,348.0,97092.0
20120103:1000,11.84,55.15,524.0,826.49,114.0,261.0,7.52,355.0,97064.0
20120103:1100,13.45,46.65,598.0,854.35,122.0,272.0,7.31,0.0,96988.0
20120103:1200,14.62,40.6,608.0,856.81,123.0,272.4,6.76,4.0,96885.0
20120103:1300,15.4,37.3,557.0,852.19,112.0,276.4,6.14,7.0,96781.0
20120103:1400,15.78,35.9,448.0,833.09,91.0,278.8,5.72,8.0,96753.0
20120103:1500,15.75,36.1,285.0,741.11,69.0,279.4,5.31,7.0,96734.0
20120103:1600,15.32,37.5,96.0,531.9,32.0,278.8,4.48,4.0,96744.0
20120103:1700,13.86,41.8,0.0,0.0,0.0,276.6,3.31,1.0,96781.0
20120103:1800,12.47,46.35,0.0,0.0,0.0,274.0,3.24,357.0,96847.0
20120103:1900,11.59,49.35,0.0,0.0,0.0,273.6,3.17,355.0,96894.0
20120103:2000,10.62,52.55,0.0,0.0,0.0,271.8,3.52,354.0,96932.0
20120103:2100,9.82,55.25,0.0,0.0,0.0,270.2,4.0,354.0,96979.0
20120103:2200,9.11,58.3,0.0,0.0,0.0,268.4,4.07,353.0,97026.0
20120103:2300,8.41,62.1,0.0,0.0,0.0,266.6,4.07,348.0,96988.0
20120104:0000,7.74,66.25,0.0,0.0,0.0,264.8,4.0,343.0,97036.0
20120104:0100,7.11,70.2,0.0,0.0,0.0,263.0,4.0,338.0,97017.0
20120104:0200,6.6,73.4,0.0,0.0,0.0,262.0,4.14,337.0,97017.0
20120104:0300,6.18,75.75,0.0,0.0,0.0,260.2,4.34,336.0,97007.0
20120104:0400,5.83,77.45,0.0,0.0,0.0,258.8,4.48,336.0,96998.0
20120104:0500,5.55,78.5,0.0,0.0,0.0,257.2,4.62,338.0,97007.0
20120104:0600,5.28,79.2,0.0,0.0,0.0,255.8,4.55,341.0,97045.0
20120104:0700,4.99,80.2,18.0,0.0,18.0,254.2,4.41,342.0,97083.0
20120104:0800,6.0,74.15,216.0,606.81,72.0,253.2,4.14,343.0,97130.0
20120104:0900,8.69,60.4,393.0,766.76,96.0,255.6,4.28,349.0,97177.0
20120104:1000,11.13,48.25,518.0,795.03,123.0,260.4,4.41,0.0,97186.0
20120104:1100,12.7,39.65,592.0,822.09,133.0,265.2,4.21,12.0,97101.0
20120104:1200,13.79,34.5,603.0,824.48,135.0,269.0,3.79,15.0,96970.0
20120104:1300,14.63,31.15,556.0,837.62,117.0,271.8,3.38,14.0,96857.0
20120104:1400,15.27,28.95,443.0,787.06,104.0,273.4,3.1,11.0,96791.0
20120104:1500,15.61,27.8,284.0,714.69,74.0,274.4,2.76,8.0,96753.0
20120104:1600,15.54,27.95,96.0,488.67,36.0,273.8,2.14,8.0,96744.0
20120104:1700,14.72,30.35,0.0,0.0,0.0,271.0,0.97,14.0,96763.0
20120104:1800,13.66,33.6,0.0,0.0,0.0,269.6,0.55,264.0,96781.0
20120104:1900,11.81,38.7,0.0,0.0,0.0,267.8,2.62,254.0,96781.0
20120104:2000,10.11,44.6,0.0,0.0,0.0,265.8,3.24,267.0,96791.0
20120104:2100,9.0,48.85,0.0,0.0,0.0,262.8,3.72,291.0,96800.0
20120104:2200,8.68,51.0,0.0,0.0,0.0,260.4,4.62,322.0,96847.0
20120104:2300,8.7,52.75,0.0,0.0,0.0,259.0,5.03,333.0,96866.0
20120105:0000,8.19,56.25,0.0,0.0,0.0,257.2,4.76,331.0,96828.0
20120105:0100,7.43,60.6,0.0,0.0,0.0,254.4,4.62,325.0,96810.0
20120105:0200,6.73,64.25,0.0,0.0,0.0,251.6,4.97,320.0,96753.0
20120105:0300,6.46,64.6,0.0,0.0,0.0,251.8,5.59,327.0,96819.0
20120105:0400,6.31,62.35,0.0,0.0,0.0,249.2,5.72,331.0,96828.0
20120105:0500,6.08,60.7,0.0,0.0,0.0,249.6,5.59,329.0,96819.0
20120105:0600,5.83,60.65,0.0,0.0,0.0,249.8,5.59,327.0,96819.0
20120105:0700,5.48,64.1,17.0,0.0,17.0,248.4,5.79,333.0,96828.0
20120105:0800,6.69,59.65,217.0,619.22,70.0,249.4,5.79,337.0,96904.0
20120105:0900,9.35,50.35,396.0,781.32,93.0,252.2,5.79,340.0,96941.0
20120105:1000,12.07,41.2,522.0,811.72,118.0,257.4,6.41,347.0,96885.0
20120105:1100,14.11,33.75,597.0,838.07,128.0,263.2,6.34,352.0,96800.0
20120105:1200,15.56,29.25,609.0,841.38,130.0,269.0,6.07,355.0,96659.0
20120105:1300,16.54,26.75,562.0,855.32,112.0,273.6,5.59,357.0,96574.0
20120105:1400,17.15,25.3,448.0,803.7,100.0,276.6,5.45,357.0,96499.0
20120105:1500,17.41,24.85,289.0,732.39,72.0,278.2,5.31,356.0,96480.0
20120105:1600,17.09,25.75,98.0,478.82,38.0,277.8,3.93,353.0,96471.0
20120105:1700,15.69,28.8,0.0,0.0,0.0,276.0,2.55,328.0,96490.0
20120105:1800,13.98,32.9,0.0,0.0,0.0,273.2,3.1,300.0,96490.0
20120105:1900,12.65,37.3,0.0,0.0,0.0,273.4,3.45,303.0,96490.0
20120105:2000,11.69,40.3,0.0,0.0,0.0,271.6,3.86,300.0,96490.0
20120105:2100,10.84,43.45,0.0,0.0,0.0,269.4,4.21,298.0,96461.0
20120105:2200,10.13,46.6,0.0,0.0,0.0,267.8,4.55,298.0,96443.0
20120105:2300,9.56,49.35,0.0,0.0,0.0,265.0,5.03,299.0,96377.0
20120106:0000,9.14,51.05,0.0,0.0,0.0,261.8,5.52,298.0,96311.0
20120106:0100,8.78,51.5,0.0,0.0,0.0,258.8,5.86,297.0,96273.0
20120106:0200,8.43,50.45,0.0,0.0,0.0,255.6,6.21,296.0,96198.0
20120106:0300,8.15,48.15,0.0,0.0,0.0,253.8,6.48,298.0,96104.0
20120106:0400,8.03,44.55,0.0,0.0,0.0,251.2,6.69,301.0,96085.0
20120106:0500,8.11,40.05,0.0,0.0,0.0,249.4,6.97,307.0,96066.0
20120106:0600,8.4,35.25,0.0,0.0,0.0,247.8,7.17,313.0,96085.0
20120106:0700,8.99,30.5,19.0,0.0,19.0,246.2,7.59,317.0,96047.0
20120106:0800,10.61,26.15,184.0,345.14,102.0,246.2,7.93,322.0,96104.0
20120106:0900,13.3,21.75,376.0,654.0,122.0,253.4,7.31,325.0,96123.0
20120106:1000,15.82,19.1,520.0,796.09,123.0,261.2,7.1,323.0,96104.0
20120106:1100,17.4,19.35,619.0,939.38,92.0,271.0,7.1,324.0,96019.0
20120106:1200,18.54,22.45,641.0,998.11,71.0,282.2,7.52,331.0,95953.0
20120106:1300,19.47,25.5,592.0,1010.93,58.0,290.6,8.28,338.0,95897.0
20120106:1400,19.89,28.05,460.0,868.24,82.0,295.6,8.41,344.0,95822.0
20120106:1500,19.65,30.35,280.0,639.18,89.0,297.6,8.34,352.0,95812.0
20120106:1600,18.82,33.25,98.0,453.48,40.0,297.6,7.03,356.0,95850.0
20120106:1700,17.08,38.25,0.0,0.0,0.0,295.0,6.07,358.0,95897.0
20120106:1800,15.61,43.2,0.0,0.0,0.0,291.0,6.21,0.0,95991.0
20120106:1900,14.77,45.85,0.0,0.0,0.0,288.8,5.93,1.0,96057.0
20120106:2000,13.74,49.9,0.0,0.0,0.0,284.6,5.72,360.0,96170.0
20120106:2100,12.69,54.55,0.0,0.0,0.0,281.2,5.31,356.0,96207.0
20120106:2200,11.66,59.65,0.0,0.0,0.0,278.2,4.97,350.0,96207.0
20120106:2300,10.92,64.0,0.0,0.0,0.0,286.4,4.83,349.0,96273.0
20120107:0000,10.1,68.9,0.0,0.0,0.0,283.8,4.55,353.0,96292.0
20120107:0100,9.79,71.5,0.0,0.0,0.0,305.0,4.21,355.0,96358.0
20120107:0200,9.42,74.15,0.0,0.0,0.0,308.6,3.86,353.0,96377.0
20120107:0300,8.68,78.0,0.0,0.0,0.0,291.4,4.07,349.0,96414.0
20120107:0400,7.86,80.55,0.0,0.0,0.0,274.6,4.55,346.0,96452.0
20120107:0500,7.05,80.15,0.0,0.0,0.0,257.6,5.03,345.0,96537.0
20120107:0600,6.45,76.55,0.0,0.0,0.0,251.8,5.38,345.0,96631.0
20120107:0700,5.92,75.7,19.0,0.0,19.0,249.6,4.9,342.0,96678.0
20120107:0800,6.8,67.5,230.0,748.29,52.0,248.6,5.1,345.0,96744.0
20120107:0900,8.91,55.8,388.0,722.27,107.0,251.4,6.07,352.0,96810.0
20120107:1000,10.46,46.75,498.0,678.31,159.0,255.4,7.38,5.0,96904.0
20120107:1100,11.52,40.1,611.0,888.89,111.0,260.6,7.17,13.0,96828.0
20120107:1200,12.42,35.3,654.0,1054.18,50.0,266.0,6.9,17.0,96763.0
20120107:1300,13.08,32.0,542.0,733.37,153.0,271.4,6.62,20.0,96669.0
20120107:1400,13.41,30.05,290.0,148.47,225.0,274.6,6.21,22.0,96631.0
20120107:1500,13.49,29.25,255.0,447.87,120.0,273.2,5.79,24.0,96612.0
20120107:1600,13.18,30.05,99.0,436.6,42.0,269.8,5.03,28.0,96603.0
20120107:1700,12.07,33.2,0.0,0.0,0.0,272.8,3.52,36.0,96631.0
20120107:1800,10.81,37.0,0.0,0.0,0.0,267.6,2.83,44.0,96697.0
20120107:1900,9.22,43.4,0.0,0.0,0.0,264.0,2.48,66.0,96716.0
20120107:2000,8.23,47.3,0.0,0.0,0.0,260.6,1.93,75.0,96772.0
20120107:2100,8.07,48.45,0.0,0.0,0.0,262.2,0.9,78.0,96763.0
20120107:2200,8.13,48.15,0.0,0.0,0.0,254.4,0.62,322.0,96791.0
20120107:2300,5.29,59.15,0.0,0.0,0.0,251.2,2.14,321.0,96763.0
20120108:0000,4.52,62.65,0.0,0.0,0.0,249.2,2.9,324.0,96781.0
20120108:0100,3.65,67.2,0.0,0.0,0.0,246.2,3.1,323.0,96781.0
20120108:0200,3.1,70.75,0.0,0.0,0.0,244.8,3.31,324.0,96753.0
20120108:0300,2.77,74.1,0.0,0.0,0.0,244.8,3.45,327.0,96781.0
20120108:0400,2.46,78.35,0.0,0.0,0.0,243.0,3.59,332.0,96706.0
20120108:0500,2.16,82.45,0.0,0.0,0.0,241.4,3.59,337.0,96725.0
20120108:0600,1.86,85.0,0.0,0.0,0.0,240.6,3.45,338.0,96763.0
20120108:0700,1.77,85.8,17.0,0.0,17.0,239.4,3.45,345.0,96791.0
20120108:0800,2.76,82.2,217.0,604.36,73.0,240.6,2.9,343.0,96857.0
20120108:0900,6.32,63.15,402.0,810.61,86.0,244.4,2.48,348.0,96904.0
20120108:1000,9.05,50.7,529.0,828.4,114.0,250.6,2.14,9.0,96913.0
20120108:1100,10.34,46.5,599.0,822.55,135.0,256.8,2.0,39.0,96819.0
20120108:1200,11.22,43.35,619.0,859.23,125.0,260.8,1.59,44.0,96716.0
20120108:1300,11.86,40.75,570.0,857.86,113.0,263.2,1.31,39.0,96612.0
20120108:1400,12.36,38.6,456.0,808.46,100.0,264.0,1.24,34.0,96546.0
20120108:1500,12.55,37.6,299.0,753.04,70.0,263.6,0.97,36.0,96546.0
20120108:1600,12.39,37.6,107.0,517.74,38.0,262.0,0.62,46.0,96518.0
20120108:1700,11.96,38.85,0.0,0.0,0.0,258.4,0.76,140.0,96518.0
20120108:1800,11.02,42.0,0.0,0.0,0.0,256.6,1.52,180.0,96565.0
20120108:1900,9.6,49.0,0.0,0.0,0.0,255.4,1.66,187.0,96574.0
20120108:2000,8.36,53.55,0.0,0.0,0.0,253.8,2.14,213.0,96593.0
20120108:2100,7.25,57.5,0.0,0.0,0.0,251.8,2.62,235.0,96603.0
20120108:2200,6.15,61.35,0.0,0.0,0.0,249.8,2.97,252.0,96631.0
20120108:2300,5.23,64.2,0.0,0.0,0.0,248.2,3.31,265.0,96584.0
20120109:0000,4.64,65.7,0.0,0.0,0.0,246.2,3.72,273.0,96584.0
20120109:0100,4.19,66.65,0.0,0.0,0.0,244.8,4.0,282.0,96574.0
20120109:0200,3.82,68.1,0.0,0.0,0.0,243.2,4.21,293.0,96499.0
20120109:0300,3.49,69.95,0.0,0.0,0.0,241.4,4.41,302.0,96490.0
20120109:0400,3.14,72.15,0.0,0.0,0.0,239.4,4.41,306.0,96424.0
20120109:0500,2.79,73.75,0.0,0.0,0.0,238.2,4.41,308.0,96424.0
20120109:0600,2.43,74.35,0.0,0.0,0.0,237.2,4.34,307.0,96414.0
20120109:0700,2.06,75.3,17.0,0.0,17.0,236.0,4.28,305.0,96443.0
20120109:0800,3.23,66.15,215.0,582.18,76.0,236.2,3.93,310.0,96490.0
20120109:0900,6.61,49.25,399.0,780.63,94.0,239.8,3.59,316.0,96546.0
20120109:1000,10.05,37.15,527.0,812.33,119.0,245.2,3.17,328.0,96556.0
20120109:1100,12.31,30.55,601.0,823.61,135.0,250.6,2.97,352.0,96499.0
20120109:1200,13.63,26.6,618.0,844.02,131.0,255.2,2.55,17.0,96386.0
20120109:1300,14.37,24.45,569.0,840.96,119.0,257.8,2.21,31.0,96311.0
20120109:1400,14.91,23.2,452.0,763.05,114.0,258.8,2.55,37.0,96273.0
20120109:1500,15.1,22.85,299.0,726.74,76.0,258.6,3.17,40.0,96311.0
20120109:1600,14.8,23.45,109.0,507.17,40.0,257.6,3.24,46.0,96339.0
20120109:1700,13.47,26.2,0.0,0.0,0.0,255.4,2.41,54.0,96396.0
20120109:1800,12.25,28.9,0.0,0.0,0.0,253.0,2.0,50.0,96461.0
20120109:1900,10.27,36.3,0.0,0.0,0.0,251.0,1.52,39.0,96509.0
20120109:2000,9.36,38.6,0.0,0.0,0.0,248.6,1.38,11.0,96574.0
20120109:2100,8.29,41.3,0.0,0.0,0.0,247.8,1.66,355.0,96593.0
20120109:2200,6.92,45.0,0.0,0.0,0.0,247.4,2.14,354.0,96631.0
20120109:2300,5.88,47.0,0.0,0.0,0.0,247.4,2.97,356.0,96669.0
20120110:0000,5.21,46.95,0.0,0.0,0.0,247.0,3.45,358.0,96678.0
20120110:0100,4.78,45.6,0.0,0.0,0.0,248.2,3.86,2.0,96716.0
20120110:0200,4.72,45.65,0.0,0.0,0.0,249.4,4.28,11.0,96725.0
20120110:0300,4.68,51.65,0.0,0.0,0.0,250.0,4.62,16.0,96772.0
20120110:0400,4.55,62.25,0.0,0.0,0.0,249.4,4.9,21.0,96772.0
20120110:0500,4.3,71.55,0.0,0.0,0.0,248.4,4.9,25.0,96810.0
20120110:0600,3.96,77.8,0.0,0.0,0.0,247.6,4.69,29.0,96866.0
20120110:0700,3.51,82.8,17.0,0.0,17.0,246.2,4.55,35.0,96932.0
20120110:0800,4.39,78.8,220.0,630.87,69.0,247.0,4.21,40.0,97007.0
20120110:0900,6.94,64.55,402.0,796.53,90.0,251.0,4.28,48.0,97083.0
20120110:1000,9.06,52.8,535.0,843.83,110.0,256.8,4.48,63.0,97139.0
20120110:1100,10.52,46.85,610.0,858.0,123.0,262.4,4.28,77.0,97101.0
20120110:1200,11.55,43.65,627.0,878.85,118.0,266.8,3.93,87.0,96988.0
20120110:1300,12.29,41.55,579.0,876.16,108.0,269.6,3.79,94.0,96923.0
20120110:1400,12.73,40.55,463.0,810.05,102.0,271.2,3.72,97.0,96838.0
20120110:1500,12.75,41.0,304.0,742.74,74.0,269.8,3.72,98.0,96847.0
20120110:1600,12.37,42.8,116.0,590.43,34.0,268.8,3.86,100.0,96838.0
20120110:1700,11.17,47.55,0.0,0.0,0.0,266.0,3.24,101.0,96866.0
20120110:1800,9.9,52.9,0.0,0.0,0.0,263.2,3.1,100.0,96941.0
20120110:1900,9.03,58.35,0.0,0.0,0.0,262.2,3.17,96.0,96979.0
20120110:2000,8.12,62.7,0.0,0.0,0.0,262.0,2.83,99.0,97064.0
20120110:2100,7.12,67.3,0.0,0.0,0.0,259.6,2.28,104.0,97083.0
20120110:2200,6.01,72.75,0.0,0.0,0.0,258.0,1.59,109.0,97111.0
20120110:2300,6.65,69.0,0.0,0.0,0.0,255.4,1.03,108.0,97083.0
20120111:0000,6.64,68.75,0.0,0.0,0.0,252.0,0.48,91.0,97092.0
20120111:0100,6.3,70.0,0.0,0.0,0.0,249.4,0.34,33.0,97073.0
20120111:0200,5.95,71.35,0.0,0.0,0.0,248.0,0.55,5.0,97083.0
20120111:0300,5.61,72.6,0.0,0.0,0.0,246.8,0.76,347.0,97073.0
20120111:0400,5.25,73.8,0.0,0.0,0.0,245.2,1.03,329.0,97045.0
20120111:0500,4.64,75.7,0.0,0.0,0.0,244.2,1.31,318.0,97073.0
20120111:0600,3.41,79.2,0.0,0.0,0.0,243.0,1.59,320.0,97092.0
20120111:0700,1.47,84.3,18.0,0.0,18.0,240.8,2.0,336.0,97130.0
20120111:0800,1.66,86.1,216.0,583.22,76.0,241.0,2.0,331.0,97130.0
20120111:0900,5.13,72.1,401.0,781.59,94.0,244.8,1.24,329.0,97186.0
20120111:1000,8.16,56.05,534.0,829.45,115.0,250.2,0.62,318.0,97195.0
20120111:1100,9.52,50.35,605.0,825.29,135.0,256.4,0.34,249.0,97130.0
20120111:1200,10.67,44.6,623.0,846.2,131.0,261.2,0.48,212.0,97045.0
20120111:1300,11.52,39.05,572.0,827.58,125.0,267.2,0.55,183.0,96932.0
20120111:1400,12.07,35.5,460.0,780.52,110.0,270.6,0.76,142.0,96894.0
20120111:1500,12.23,34.1,307.0,745.49,74.0,268.4,1.24,123.0,96894.0
20120111:1600,12.07,33.55,115.0,529.01,40.0,269.8,1.79,124.0,96894.0
20120111:1700,11.24,34.45,0.0,0.0,0.0,270.6,2.28,138.0,96923.0
20120111:1800,10.0,35.55,0.0,0.0,0.0,268.0,2.76,145.0,96998.0
20120111:1900,9.07,36.25,0.0,0.0,0.0,264.6,2.55,151.0,97026.0
20120111:2000,8.1,37.9,0.0,0.0,0.0,257.8,2.55,160.0,97101.0
20120111:2100,7.08,40.65,0.0,0.0,0.0,254.2,2.41,175.0,97111.0
20120111:2200,6.03,44.1,0.0,0.0,0.0,249.2,2.21,190.0,97148.0
20120111:2300,4.94,48.2,0.0,0.0,0.0,248.0,1.93,204.0,97177.0
20120112:0000,4.64,49.3,0.0,0.0,0.0,246.6,1.66,220.0,97177.0
20120112:0100,4.62,49.35,0.0,0.0,0.0,243.6,1.52,241.0,97186.0
20120112:0200,4.93,48.2,0.0,0.0,0.0,242.2,1.38,267.0,97158.0
20120112:0300,4.49,49.7,0.0,0.0,0.0,240.6,1.45,294.0,97148.0
20120112:0400,3.08,54.8,0.0,0.0,0.0,239.2,1.86,317.0,97139.0
20120112:0500,1.81,59.85,0.0,0.0,0.0,237.6,2.21,330.0,97148.0
20120112:0600,0.91,63.85,0.0,0.0,0.0,236.0,2.48,339.0,97205.0
20120112:0700,-0.12,71.6,17.0,0.0,17.0,235.0,2.69,340.0,97243.0
20120112:0800,1.04,67.85,219.0,606.2,73.0,235.4,2.14,345.0,97299.0
20120112:0900,5.08,52.55,409.0,827.46,83.0,239.0,1.24,16.0,97365.0
20120112:1000,8.48,39.1,544.0,878.13,99.0,244.4,1.86,73.0,97412.0
20120112:1100,9.86,33.6,614.0,859.15,123.0,249.2,2.76,101.0,97355.0
20120112:1200,10.71,31.1,629.0,863.34,125.0,252.2,3.03,115.0,97233.0
20120112:1300,11.26,30.4,575.0,829.09,125.0,253.4,3.03,126.0,97158.0
20120112:1400,11.51,30.45,469.0,813.28,102.0,254.2,2.9,135.0,97101.0
20120112:1500,11.48,30.85,309.0,732.18,78.0,253.8,2.62,142.0,97064.0
20120112:1600,11.16,31.9,124.0,628.8,33.0,252.2,2.48,147.0,97083.0
20120112:1700,10.16,35.1,0.0,0.0,0.0,249.4,2.28,149.0,97111.0
20120112:1800,8.94,39.05,0.0,0.0,0.0,247.2,2.41,154.0,97130.0
20120112:1900,7.95,42.95,0.0,0.0,0.0,245.4,2.28,158.0,97195.0
20120112:2000,6.85,47.0,0.0,0.0,0.0,243.8,2.21,173.0,97195.0
20120112:2100,5.69,51.65,0.0,0.0,0.0,243.0,2.14,186.0,97224.0
20120112:2200,4.62,56.25,0.0,0.0,0.0,240.6,2.14,200.0,97224.0
20120112:2300,3.77,60.15,0.0,0.0,0.0,240.0,2.14,211.0,97177.0
20120113:0000,3.16,63.2,0.0,0.0,0.0,239.4,2.14,225.0,97186.0
20120113:0100,2.42,66.8,0.0,0.0,0.0,236.8,2.28,242.0,97148.0
20120113:0200,1.6,71.05,0.0,0.0,0.0,236.2,2.55,258.0,97167.0
20120113:0300,1.05,74.05,0.0,0.0,0.0,237.4,2.83,270.0,97139.0
20120113:0400,0.49,77.15,0.0,0.0,0.0,238.2,3.03,279.0,97111.0
20120113:0500,-0.04,79.6,0.0,0.0,0.0,240.6,3.03,287.0,97111.0
20120113:0600,-0.55,82.05,0.0,0.0,0.0,240.8,2.97,293.0,97111.0
20120113:0700,-0.87,84.5,17.0,0.0,17.0,241.8,2.9,299.0,97111.0
20120113:0800,0.0,82.3,222.0,632.91,69.0,241.2,2.28,300.0,97120.0
20120113:0900,4.11,62.55,408.0,814.63,86.0,239.8,1.72,298.0,97158.0
20120113:1000,7.66,48.15,543.0,863.39,104.0,248.6,1.31,273.0,97167.0
20120113:1100,9.06,44.0,572.0,662.5,192.0,249.2,1.86,218.0,97073.0
20120113:1200,10.15,40.0,487.0,337.76,289.0,252.0,2.55,210.0,96951.0
20120113:1300,10.96,36.45,619.0,1048.6,47.0,252.4,3.1,215.0,96847.0
20120113:1400,11.52,33.85,500.0,990.8,50.0,252.8,3.45,224.0,96791.0
20120113:1500,11.65,32.65,304.0,668.75,91.0,252.6,3.66,231.0,96716.0
20120113:1600,11.37,32.75,120.0,521.27,43.0,251.2,3.72,237.0,96697.0
20120113:1700,10.17,36.2,0.0,0.0,0.0,248.4,3.03,237.0,96706.0
20120113:1800,8.69,40.75,0.0,0.0,0.0,246.2,3.1,244.0,96734.0
20120113:1900,7.71,44.8,0.0,0.0,0.0,244.8,3.17,250.0,96744.0
20120113:2000,6.69,48.2,0.0,0.0,0.0,243.2,3.38,259.0,96763.0
20120113:2100,5.74,51.55,0.0,0.0,0.0,242.0,3.59,264.0,96772.0
20120113:2200,4.99,54.2,0.0,0.0,0.0,241.6,3.79,264.0,96781.0
20120113:2300,4.44,56.05,0.0,0.0,0.0,241.4,4.07,261.0,96697.0
20120114:0000,4.06,57.35,0.0,0.0,0.0,241.8,4.41,260.0,96678.0
20120114:0100,3.77,58.4,0.0,0.0,0.0,243.2,4.69,262.0,96640.0
20120114:0200,3.52,59.35,0.0,0.0,0.0,244.8,4.9,264.0,96621.0
20120114:0300,3.24,60.6,0.0,0.0,0.0,246.2,5.03,266.0,96584.0
20120114:0400,3.0,61.8,0.0,0.0,0.0,247.4,5.24,267.0,96546.0
20120114:0500,2.86,62.7,0.0,0.0,0.0,247.6,5.66,269.0,96537.0
20120114:0600,2.76,63.4,0.0,0.0,0.0,247.6,6.0,271.0,96527.0
20120114:0700,2.85,63.85,37.0,339.24,17.0,248.0,5.79,277.0,96518.0
20120114:0800,4.06,58.7,221.0,609.72,73.0,248.8,5.86,280.0,96509.0
20120114:0900,6.75,48.9,405.0,784.03,94.0,252.4,6.14,284.0,96527.0
20120114:1000,9.84,40.0,539.0,830.95,115.0,258.0,5.93,287.0,96518.0
20120114:1100,12.6,34.15,612.0,826.71,136.0,265.0,5.52,291.0,96405.0
20120114:1200,14.6,31.85,624.0,815.29,144.0,270.8,5.03,298.0,96273.0
20120114:1300,15.73,30.95,581.0,829.85,126.0,275.0,4.41,305.0,96160.0
20120114:1400,16.34,29.35,471.0,785.28,112.0,277.0,3.93,309.0,96104.0
20120114:1500,16.5,28.3,312.0,709.01,84.0,276.4,3.59,308.0,96047.0
20120114:1600,16.23,28.7,125.0,543.89,43.0,274.8,3.1,300.0,96057.0
20120114:1700,14.8,32.25,0.0,0.0,0.0,271.2,2.9,278.0,96066.0
20120114:1800,12.75,37.75,0.0,0.0,0.0,269.0,3.59,264.0,96104.0
20120114:1900,11.56,41.05,0.0,0.0,0.0,268.0,4.0,257.0,96113.0
20120114:2000,10.69,43.7,0.0,0.0,0.0,266.2,4.48,260.0,96142.0
20120114:2100,9.89,45.9,0.0,0.0,0.0,264.2,4.69,265.0,96151.0
20120114:2200,9.07,48.25,0.0,0.0,0.0,262.2,4.97,273.0,96189.0
20120114:2300,8.24,50.8,0.0,0.0,0.0,260.8,5.03,282.0,96179.0
20120115:0000,7.44,53.35,0.0,0.0,0.0,259.4,4.83,288.0,96151.0
20120115:0100,6.67,56.05,0.0,0.0,0.0,258.0,4.48,291.0,96113.0
20120115:0200,5.9,59.15,0.0,0.0,0.0,256.8,4.21,289.0,96085.0
20120115:0300,5.21,62.35,0.0,0.0,0.0,256.2,4.28,287.0,96085.0
20120115:0400,4.75,64.75,0.0,0.0,0.0,255.0,4.41,287.0,96057.0
20120115:0500,4.5,66.0,0.0,0.0,0.0,254.4,4.48,289.0,96113.0
20120115:0600,4.18,67.6,0.0,0.0,0.0,252.4,4.48,295.0,96132.0
20120115:0700,4.15,68.7,38.0,335.09,18.0,255.0,4.48,303.0,96160.0
20120115:0800,5.38,63.55,224.0,631.58,70.0,250.6,4.14,315.0,96189.0
20120115:0900,8.76,52.05,413.0,831.32,82.0,253.4,3.93,327.0,96226.0
20120115:1000,11.98,44.25,548.0,863.01,106.0,261.0,3.66,338.0,96245.0
20120115:1100,13.95,39.7,622.0,859.77,125.0,268.4,3.24,341.0,96170.0
20120115:1200,15.1,35.95,642.0,882.7,120.0,274.0,2.9,322.0,96047.0
20120115:1300,15.9,31.3,595.0,879.94,110.0,277.2,3.24,296.0,95953.0
20120115:1400,16.44,27.85,480.0,817.0,104.0,278.0,3.66,285.0,95831.0
20120115:1500,16.62,26.25,321.0,754.54,76.0,277.4,3.86,274.0,95831.0
20120115:1600,16.32,26.65,129.0,558.94,43.0,275.2,4.07,264.0,95812.0
20120115:1700,14.87,29.9,0.0,0.0,0.0,272.2,3.59,257.0,95812.0
20120115:1800,13.13,34.25,0.0,0.0,0.0,268.6,3.79,256.0,95840.0
20120115:1900,11.92,38.25,0.0,0.0,0.0,266.8,3.72,252.0,95850.0
20120115:2000,10.96,40.95,0.0,0.0,0.0,264.2,4.07,253.0,95878.0
20120115:2100,10.13,43.0,0.0,0.0,0.0,262.6,4.28,254.0,95878.0
20120115:2200,9.39,44.65,0.0,0.0,0.0,261.6,4.41,252.0,95906.0
20120115:2300,8.69,46.25,0.0,0.0,0.0,259.6,4.34,255.0,95822.0
20120116:0000,7.9,48.5,0.0,0.0,0.0,258.8,4.14,264.0,95793.0
20120116:0100,7.05,51.25,0.0,0.0,0.0,257.2,3.86,271.0,95765.0
20120116:0200,6.23,54.0,0.0,0.0,0.0,255.4,3.79,273.0,95718.0
20120116:0300,5.62,55.55,0.0,0.0,0.0,255.4,4.0,270.0,95690.0
20120116:0400,5.33,54.8,0.0,0.0,0.0,258.6,4.34,266.0,95633.0
20120116:0500,5.0,53.25,0.0,0.0,0.0,252.2,4.69,266.0,95662.0
20120116:0600,4.59,52.35,0.0,0.0,0.0,250.4,4.69,267.0,95624.0
20120116:0700,4.48,53.15,29.0,132.2,21.0,253.6,4.62,267.0,95615.0
20120116:0800,5.5,49.5,236.0,738.69,55.0,251.2,4.48,267.0,95652.0
20120116:0900,8.17,41.4,397.0,712.93,112.0,263.6,4.83,270.0,95690.0
20120116:1000,10.36,36.1,477.0,525.13,207.0,274.8,4.97,271.0,95728.0
20120116:1100,11.69,33.35,665.0,1068.17,45.0,298.8,4.9,266.0,95605.0
20120116:1200,12.84,31.15,630.0,816.41,145.0,304.2,4.55,262.0,95492.0
20120116:1300,13.75,29.6,548.0,653.28,186.0,303.0,3.86,262.0,95351.0
20120116:1400,14.41,28.4,435.0,567.62,172.0,300.2,3.38,259.0,95276.0
20120116:1500,14.72,27.85,321.0,728.91,82.0,285.6,3.1,257.0,95248.0
20120116:1600,14.51,28.35,106.0,261.14,65.0,269.8,2.76,248.0,95229.0
20120116:1700,13.22,32.15,0.0,0.0,0.0,267.2,2.76,231.0,95219.0
20120116:1800,11.43,36.65,0.0,0.0,0.0,267.8,3.17,227.0,95238.0
20120116:1900,10.55,41.85,0.0,0.0,0.0,266.4,3.03,225.0,95210.0
20120116:2000,9.38,43.9,0.0,0.0,0.0,261.8,3.17,218.0,95201.0
20120116:2100,8.62,44.45,0.0,0.0,0.0,271.0,2.83,216.0,95182.0
20120116:2200,8.19,44.2,0.0,0.0,0.0,289.2,2.55,201.0,95182.0
20120116:2300,7.55,45.6,0.0,0.0,0.0,298.8,1.72,202.0,95210.0
20120117:0000,9.14,39.3,0.0,0.0,0.0,302.6,0.48,119.0,95163.0
20120117:0100,7.26,48.85,0.0,0.0,0.0,309.4,1.93,69.0,95144.0
20120117:0200,7.34,49.7,0.0,0.0,0.0,317.8,2.69,65.0,95106.0
20120117:0300,7.21,50.45,0.0,0.0,0.0,314.2,3.24,52.0,95125.0
20120117:0400,7.14,50.9,0.0,0.0,0.0,314.0,4.28,44.0,95125.0
20120117:0500,7.21,51.0,0.0,0.0,0.0,318.8,5.59,48.0,95135.0
20120117:0600,7.18,51.5,0.0,0.0,0.0,316.4,6.48,58.0,95154.0
20120117:0700,7.06,57.3,26.0,81.38,21.0,313.8,6.62,50.0,95182.0
20120117:0800,7.41,57.85,114.0,36.54,105.0,309.4,7.24,58.0,95210.0
20120117:0900,8.2,55.6,219.0,62.27,194.0,310.8,8.0,61.0,95257.0
20120117:1000,8.83,52.3,112.0,0.0,112.0,313.4,9.17,65.0,95295.0
20120117:1100,9.73,46.55,156.0,0.0,156.0,311.2,9.31,72.0,95342.0
20120117:1200,10.02,42.75,361.0,85.45,310.0,322.0,8.41,83.0,95295.0
20120117:1300,10.0,41.25,294.0,43.08,270.0,322.8,8.21,89.0,95323.0
20120117:1400,9.85,42.1,175.0,4.29,173.0,322.0,8.41,86.0,95257.0
20120117:1500,9.38,44.65,145.0,21.14,138.0,315.2,8.62,78.0,95304.0
20120117:1600,9.22,45.6,87.0,112.36,69.0,314.8,8.34,70.0,95379.0
20120117:1700,8.56,51.1,0.0,0.0,0.0,322.0,8.41,62.0,95464.0
20120117:1800,8.17,53.85,0.0,0.0,0.0,310.4,8.62,59.0,95558.0
20120117:1900,8.28,54.65,0.0,0.0,0.0,311.0,8.28,63.0,95624.0
20120117:2000,8.27,55.45,0.0,0.0,0.0,312.6,8.21,62.0,95690.0
20120117:2100,8.23,56.35,0.0,0.0,0.0,314.0,8.28,62.0,95784.0
20120117:2200,8.34,57.3,0.0,0.0,0.0,320.6,8.48,66.0,95812.0
20120117:2300,8.17,63.2,0.0,0.0,0.0,319.8,8.55,68.0,95850.0
20120118:0000,7.97,71.1,0.0,0.0,0.0,318.8,8.55,67.0,95897.0
20120118:0100,7.79,77.65,0.0,0.0,0.0,312.85,8.41,62.0,95906.0
20120118:0200,7.73,81.45,0.0,0.0,0.0,312.2,8.62,57.0,95925.0
20120118:0300,7.65,84.5,0.0,0.0,0.0,318.6,9.24,52.0,95916.0
20120118:0400,7.38,87.75,0.0,0.0,0.0,321.4,9.86,49.0,95963.0
20120118:0500,7.23,90.5,0.0,0.0,0.0,328.2,10.34,48.0,96019.0
20120118:0600,7.09,91.9,0.0,0.0,0.0,334.4,10.83,46.0,96057.0
20120118:0700,7.16,92.25,22.0,32.02,20.0,342.2,9.24,38.0,96132.0
20120118:0800,7.29,91.0,144.0,108.99,117.0,345.0,10.28,37.0,96217.0
20120118:0900,7.53,89.05,115.0,0.0,115.0,346.0,11.72,40.0,96283.0
20120118:1000,7.78,87.8,90.0,0.0,90.0,345.8,10.69,38.0,96396.0
20120118:1100,8.09,83.3,133.0,0.0,133.0,345.2,11.17,40.0,96443.0
20120118:1200,8.97,73.2,309.0,36.68,287.0,334.0,11.86,45.0,96386.0
20120118:1300,10.13,60.45,92.0,0.0,92.0,307.0,12.97,52.0,96367.0
20120118:1400,10.5,55.65,140.0,0.0,140.0,299.4,12.97,53.0,96377.0
20120118:1500,10.45,54.25,219.0,161.47,165.0,295.2,13.17,55.0,96386.0
20120118:1600,10.06,55.85,91.0,122.38,71.0,298.4,11.93,55.0,96471.0
20120118:1700,9.48,58.05,0.0,0.0,0.0,310.8,10.14,53.0,96546.0
20120118:1800,9.13,58.85,0.0,0.0,0.0,308.6,9.03,50.0,96593.0
20120118:1900,8.78,61.95,0.0,0.0,0.0,298.8,8.34,45.0,96669.0
20120118:2000,8.35,63.6,0.0,0.0,0.0,289.6,7.93,47.0,96725.0
20120118:2100,7.82,65.25,0.0,0.0,0.0,278.4,7.52,51.0,96791.0
20120118:2200,7.19,66.7,0.0,0.0,0.0,265.6,7.38,54.0,96847.0
20120118:2300,6.67,67.2,0.0,0.0,0.0,263.0,7.52,55.0,96894.0
20120119:0000,6.17,67.45,0.0,0.0,0.0,262.8,7.79,56.0,96941.0
20120119:0100,5.65,68.6,0.0,0.0,0.0,261.4,8.07,57.0,96951.0
20120119:0200,5.18,71.1,0.0,0.0,0.0,258.4,8.07,56.0,96960.0
20120119:0300,4.77,74.45,0.0,0.0,0.0,254.0,8.07,54.0,96998.0
20120119:0400,4.53,77.65,0.0,0.0,0.0,259.4,7.93,53.0,97026.0
20120119:0500,4.31,80.9,0.0,0.0,0.0,258.8,7.72,52.0,97083.0
20120119:0600,4.16,83.45,0.0,0.0,0.0,263.8,7.52,52.0,97158.0
20120119:0700,4.01,85.5,40.0,330.31,19.0,264.0,7.79,49.0,97261.0
20120119:0800,4.55,82.85,182.0,276.87,113.0,269.4,7.38,47.0,97337.0
20120119:0900,5.71,76.3,272.0,160.44,207.0,276.8,8.34,48.0,97384.0
20120119:1000,6.97,71.2,403.0,266.94,264.0,297.4,9.31,55.0,97412.0
20120119:1100,7.89,69.35,397.0,144.53,312.0,290.2,9.79,61.0,97384.0
20120119:1200,8.69,67.25,615.0,713.5,185.0,288.6,10.21,66.0,97271.0
20120119:1300,9.35,62.0,474.0,362.06,270.0,297.0,10.07,67.0,97205.0
20120119:1400,9.63,58.2,456.0,621.46,162.0,296.0,9.79,64.0,97158.0
20120119:1500,9.67,57.2,331.0,722.41,87.0,290.8,9.17,60.0,97148.0
20120119:1600,9.35,57.55,142.0,581.91,45.0,272.8,8.21,58.0,97195.0
20120119:1700,8.29,60.55,0.0,0.0,0.0,267.4,6.69,57.0,97224.0
20120119:1800,7.18,63.2,0.0,0.0,0.0,258.8,6.21,57.0,97280.0
20120119:1900,6.67,62.45,0.0,0.0,0.0,264.4,6.41,50.0,97308.0
20120119:2000,6.29,61.2,0.0,0.0,0.0,269.0,6.48,46.0,97337.0
20120119:2100,5.93,60.5,0.0,0.0,0.0,274.0,6.28,43.0,97346.0
20120119:2200,5.46,61.1,0.0,0.0,0.0,269.2,5.79,38.0,97355.0
20120119:2300,5.14,61.75,0.0,0.0,0.0,273.2,5.59,34.0,97374.0
20120120:0000,4.7,63.05,0.0,0.0,0.0,264.4,5.45,32.0,97374.0
20120120:0100,4.58,63.5,0.0,0.0,0.0,274.8,5.45,35.0,97365.0
20120120:0200,4.32,64.35,0.0,0.0,0.0,271.0,5.38,37.0,97327.0
20120120:0300,3.88,65.8,0.0,0.0,0.0,258.8,5.38,37.0,97271.0
20120120:0400,3.59,66.65,0.0,0.0,0.0,261.0,5.24,37.0,97243.0
20120120:0500,3.32,67.45,0.0,0.0,0.0,259.4,5.17,38.0,97205.0
20120120:0600,3.02,68.35,0.0,0.0,0.0,252.6,5.1,37.0,97214.0
20120120:0700,3.25,67.45,42.0,354.98,19.0,255.8,5.66,42.0,97252.0
20120120:0800,4.05,65.7,232.0,637.95,72.0,250.8,5.59,43.0,97252.0
20120120:0900,6.03,60.3,426.0,849.87,80.0,246.6,5.93,46.0,97280.0
20120120:1000,7.82,57.2,563.0,885.11,100.0,248.4,6.97,54.0,97252.0
20120120:1100,9.11,53.25,637.0,864.89,126.0,252.0,7.38,61.0,97186.0
20120120:1200,10.05,47.6,658.0,886.59,121.0,254.4,7.66,63.0,97045.0
20120120:1300,10.61,44.1,610.0,869.98,117.0,255.2,7.59,62.0,96951.0
20120120:1400,10.88,41.8,499.0,824.85,106.0,254.8,7.38,62.0,96828.0
20120120:1500,10.83,40.45,338.0,753.34,81.0,253.6,7.03,62.0,96791.0
20120120:1600,10.37,41.7,143.0,552.93,49.0,251.2,6.21,61.0,96791.0
20120120:1700,8.91,48.4,0.0,0.0,0.0,249.2,4.97,58.0,96781.0
20120120:1800,7.4,54.6,0.0,0.0,0.0,246.8,4.55,54.0,96800.0
20120120:1900,6.54,59.95,0.0,0.0,0.0,244.0,4.21,55.0,96781.0
20120120:2000,5.66,64.0,0.0,0.0,0.0,242.4,3.86,56.0,96781.0
20120120:2100,4.8,68.1,0.0,0.0,0.0,241.6,3.45,55.0,96781.0
20120120:2200,3.99,71.65,0.0,0.0,0.0,240.0,3.24,46.0,96800.0
20120120:2300,3.42,73.3,0.0,0.0,0.0,245.2,3.38,34.0,96800.0
20120121:0000,3.05,73.35,0.0,0.0,0.0,247.2,3.72,24.0,96781.0
20120121:0100,2.83,71.95,0.0,0.0,0.0,247.8,4.0,20.0,96744.0
20120121:0200,2.62,69.9,0.0,0.0,0.0,247.2,4.14,17.0,96687.0
20120121:0300,2.34,67.7,0.0,0.0,0.0,240.6,4.28,15.0,96593.0
20120121:0400,2.27,64.55,0.0,0.0,0.0,242.8,4.55,15.0,96565.0
20120121:0500,2.09,62.4,0.0,0.0,0.0,235.0,4.55,18.0,96537.0
20120121:0600,1.97,61.8,0.0,0.0,0.0,241.4,4.28,24.0,96574.0
20120121:0700,2.15,60.55,32.0,121.02,24.0,237.4,4.69,28.0,96603.0
20120121:0800,3.42,57.15,235.0,653.49,70.0,239.0,4.9,30.0,96640.0
20120121:0900,6.09,49.45,426.0,835.77,84.0,240.4,5.66,35.0,96678.0
20120121:1000,8.52,42.9,569.0,901.89,95.0,244.8,6.69,44.0,96659.0
20120121:1100,10.23,37.5,647.0,899.54,113.0,248.4,6.97,56.0,96565.0
20120121:1200,11.37,32.4,680.0,975.71,86.0,257.0,6.97,62.0,96443.0
20120121:1300,12.11,28.65,649.0,1059.68,45.0,267.2,7.24,62.0,96320.0
20120121:1400,12.51,25.95,508.0,858.57,96.0,274.8,7.45,64.0,96236.0
20120121:1500,12.31,26.0,360.0,902.54,49.0,276.2,7.1,70.0,96207.0
20120121:1600,11.52,30.15,116.0,248.06,73.0,288.0,6.07,68.0,96226.0
20120121:1700,10.3,34.4,0.0,0.0,0.0,294.4,5.72,61.0,96217.0
20120121:1800,9.23,38.5,0.0,0.0,0.0,296.8,5.79,65.0,96292.0
20120121:1900,8.88,41.05,0.0,0.0,0.0,304.0,5.52,63.0,96339.0
20120121:2000,8.42,43.45,0.0,0.0,0.0,307.6,5.31,60.0,96377.0
20120121:2100,7.91,46.35,0.0,0.0,0.0,311.6,5.1,58.0,96424.0
20120121:2200,7.26,50.55,0.0,0.0,0.0,307.8,4.28,59.0,96433.0
20120121:2300,6.65,54.75,0.0,0.0,0.0,308.2,4.07,43.0,96414.0
20120122:0000,6.34,56.85,0.0,0.0,0.0,310.8,4.14,33.0,96367.0
20120122:0100,6.15,57.85,0.0,0.0,0.0,309.2,4.48,28.0,96302.0
20120122:0200,5.88,58.45,0.0,0.0,0.0,301.0,5.1,28.0,96226.0
20120122:0300,5.79,58.5,0.0,0.0,0.0,304.0,5.93,26.0,96142.0
20120122:0400,5.71,58.6,0.0,0.0,0.0,294.6,6.83,31.0,96104.0
20120122:0500,5.79,60.0,0.0,0.0,0.0,301.8,7.03,37.0,96047.0
20120122:0600,5.94,60.8,0.0,0.0,0.0,307.2,7.24,47.0,96066.0
20120122:0700,6.42,55.7,46.0,429.55,17.0,296.8,6.28,42.0,96085.0
20120122:0800,7.08,54.2,252.0,810.14,46.0,292.6,6.55,49.0,96132.0
20120122:0900,7.98,53.05,150.0,2.43,149.0,300.4,6.28,56.0,96198.0
20120122:1000,8.01,55.85,227.0,11.36,221.0,311.8,7.03,61.0,96236.0
20120122:1100,7.58,64.75,123.0,0.0,123.0,327.4,6.97,62.0,96236.0
20120122:1200,7.41,69.25,371.0,86.61,318.0,327.2,6.55,56.0,96113.0
20120122:1300,8.17,68.55,300.0,41.86,276.0,319.4,7.03,50.0,96029.0
20120122:1400,8.46,68.9,202.0,10.34,197.0,327.0,7.03,41.0,95963.0
20120122:1500,8.58,68.8,120.0,2.87,119.0,321.6,6.9,34.0,95953.0
20120122:1600,8.55,68.65,80.0,45.27,72.0,323.0,6.55,29.0,95944.0
20120122:1700,8.07,70.85,0.0,0.0,0.0,300.4,6.07,29.0,95953.0
20120122:1800,7.82,71.45,0.0,0.0,0.0,311.8,5.79,31.0,95953.0
20120122:1900,7.85,75.7,0.0,0.0,0.0,309.4,5.79,29.0,95982.0
20120122:2000,7.88,75.5,0.0,0.0,0.0,325.0,5.52,31.0,95972.0
20120122:2100,7.67,76.6,0.0,0.0,0.0,321.2,5.1,31.0,96000.0
20120122:2200,7.57,77.7,0.0,0.0,0.0,332.4,5.1,25.0,96019.0
20120122:2300,7.46,78.95,0.0,0.0,0.0,333.6,5.17,17.0,95991.0
20120123:0000,7.3,79.55,0.0,0.0,0.0,329.2,5.31,10.0,95972.0
20120123:0100,7.26,79.55,0.0,0.0,0.0,332.25,5.38,7.0,95935.0
20120123:0200,7.2,79.4,0.0,0.0,0.0,330.0,5.31,4.0,95925.0
20120123:0300,6.99,79.75,0.0,0.0,0.0,318.0,5.24,1.0,95887.0
20120123:0400,7.03,78.9,0.0,0.0,0.0,325.4,5.1,357.0,95859.0
20120123:0500,7.15,77.75,0.0,0.0,0.0,331.6,4.69,352.0,95850.0
20120123:0600,7.24,77.0,0.0,0.0,0.0,331.4,4.21,346.0,95869.0
20120123:0700,7.27,76.2,34.0,130.4,25.0,320.6,4.41,341.0,95897.0
20120123:0800,7.79,74.05,254.0,812.0,46.0,320.0,4.14,338.0,95906.0
20120123:0900,9.14,67.9,449.0,964.59,50.0,316.6,4.07,340.0,95982.0
20120123:1000,10.85,58.45,599.0,1040.02,47.0,302.4,4.48,352.0,95982.0
20120123:1100,12.02,53.55,688.0,1075.89,43.0,293.6,4.28,4.0,95935.0
20120123:1200,12.85,51.3,709.0,1082.57,43.0,284.6,3.59,7.0,95840.0
20120123:1300,13.88,47.75,658.0,1062.79,45.0,279.8,4.0,7.0,95775.0
20120123:1400,14.24,45.1,536.0,979.73,59.0,309.2,4.28,10.0,95737.0
20120123:1500,14.42,44.2,362.0,850.45,63.0,317.4,3.86,10.0,95737.0
20120123:1600,14.13,47.0,158.0,621.74,46.0,295.2,2.34,6.0,95728.0
20120123:1700,13.41,52.2,0.0,0.0,0.0,287.8,0.97,339.0,95803.0
20120123:1800,11.4,71.25,0.0,0.0,0.0,281.0,1.38,261.0,95822.0
20120123:1900,9.93,68.7,0.0,0.0,0.0,271.6,3.1,266.0,95869.0
20120123:2000,8.63,73.75,0.0,0.0,0.0,268.4,3.79,268.0,95897.0
20120123:2100,8.04,73.6,0.0,0.0,0.0,265.2,4.62,277.0,95944.0
20120123:2200,7.6,72.45,0.0,0.0,0.0,262.0,5.1,291.0,95982.0
20120123:2300,7.17,69.65,0.0,0.0,0.0,258.6,5.1,306.0,96010.0
20120124:0000,6.71,67.95,0.0,0.0,0.0,256.0,4.76,315.0,96019.0
20120124:0100,6.18,68.2,0.0,0.0,0.0,254.0,4.48,319.0,96010.0
20120124:0200,5.68,69.3,0.0,0.0,0.0,252.4,4.34,320.0,96000.0
20120124:0300,5.25,70.75,0.0,0.0,0.0,251.4,4.41,319.0,96000.0
20120124:0400,4.91,71.95,0.0,0.0,0.0,250.2,4.55,319.0,96000.0
20120124:0500,4.71,72.2,0.0,0.0,0.0,248.6,4.69,321.0,96038.0
20120124:0600,4.6,70.75,0.0,0.0,0.0,247.0,4.83,325.0,96085.0
20120124:0700,4.6,69.6,47.0,368.18,21.0,246.6,4.9,324.0,96132.0
20120124:0800,5.94,62.7,245.0,697.31,65.0,246.4,4.83,331.0,96179.0
20120124:0900,8.66,52.45,443.0,903.83,67.0,249.2,4.76,338.0,96264.0
20120124:1000,11.23,42.7,585.0,939.11,84.0,254.0,4.76,348.0,96320.0
20120124:1100,13.11,37.1,661.0,919.41,107.0,259.6,4.21,0.0,96283.0
20120124:1200,14.28,33.85,677.0,907.01,116.0,264.6,3.31,13.0,96179.0
20120124:1300,14.9,32.6,629.0,890.95,112.0,268.0,2.21,17.0,96132.0
20120124:1400,15.27,31.65,518.0,848.21,102.0,270.2,1.45,4.0,96066.0
20120124:1500,15.5,30.8,356.0,777.16,80.0,270.2,1.31,339.0,96019.0
20120124:1600,15.44,31.9,157.0,571.96,52.0,269.6,1.17,319.0,96047.0
20120124:1700,14.7,38.25,0.0,0.0,0.0,266.4,1.03,283.0,96047.0
20120124:1800,11.96,61.4,0.0,0.0,0.0,263.6,1.72,268.0,96085.0
20120124:1900,10.31,56.7,0.0,0.0,0.0,261.6,3.1,281.0,96123.0
20120124:2000,8.73,62.55,0.0,0.0,0.0,258.6,3.59,283.0,96151.0
20120124:2100,7.88,63.6,0.0,0.0,0.0,256.4,4.14,288.0,96189.0
20120124:2200,7.34,63.45,0.0,0.0,0.0,254.6,4.48,294.0,96217.0
20120124:2300,6.88,64.15,0.0,0.0,0.0,253.4,4.76,302.0,96207.0
20120125:0000,6.4,65.7,0.0,0.0,0.0,252.0,4.83,310.0,96198.0
20120125:0100,5.9,66.85,0.0,0.0,0.0,250.8,4.69,316.0,96151.0
20120125:0200,5.35,68.05,0.0,0.0,0.0,249.6,4.41,319.0,96142.0
20120125:0300,4.73,69.5,0.0,0.0,0.0,248.0,4.14,322.0,96113.0
20120125:0400,4.18,70.35,0.0,0.0,0.0,247.0,4.0,323.0,96085.0
20120125:0500,3.69,71.1,0.0,0.0,0.0,246.0,3.93,325.0,96085.0
20120125:0600,3.25,71.75,0.0,0.0,0.0,245.2,3.72,325.0,96113.0
20120125:0700,3.0,72.95,47.0,345.72,22.0,245.4,3.59,319.0,96113.0
20120125:0800,4.34,71.05,246.0,684.08,68.0,246.2,2.97,319.0,96160.0
20120125:0900,8.34,60.45,439.0,855.52,81.0,250.4,2.41,323.0,96179.0
20120125:1000,12.25,44.6,579.0,889.43,102.0,256.4,1.79,336.0,96189.0
20120125:1100,14.24,34.8,658.0,884.95,122.0,263.4,1.17,345.0,96160.0
20120125:1200,15.32,32.2,678.0,892.43,123.0,268.6,0.69,316.0,96076.0
20120125:1300,16.11,30.75,623.0,842.72,131.0,272.0,0.83,266.0,95972.0
20120125:1400,16.65,29.7,519.0,833.9,107.0,274.0,1.31,247.0,95916.0
20120125:1500,16.82,29.5,356.0,749.87,87.0,274.4,1.79,240.0,95869.0
20120125:1600,16.55,32.25,160.0,566.69,54.0,274.2,2.07,231.0,95859.0
20120125:1700,14.97,42.6,0.0,0.0,0.0,271.2,2.62,220.0,95869.0
20120125:1800,12.5,54.1,0.0,0.0,0.0,267.8,3.31,233.0,95906.0
20120125:1900,11.23,57.3,0.0,0.0,0.0,264.6,3.79,249.0,95916.0
20120125:2000,10.15,60.3,0.0,0.0,0.0,261.8,4.14,261.0,95935.0
20120125:2100,9.17,63.4,0.0,0.0,0.0,259.2,4.21,269.0,95944.0
20120125:2200,8.25,67.15,0.0,0.0,0.0,256.6,4.07,274.0,95944.0
20120125:2300,7.4,70.95,0.0,0.0,0.0,255.0,4.07,279.0,95935.0
20120126:0000,6.65,74.35,0.0,0.0,0.0,253.8,4.0,285.0,95925.0
20120126:0100,6.03,77.0,0.0,0.0,0.0,254.0,4.07,291.0,95897.0
20120126:0200,5.47,78.95,0.0,0.0,0.0,252.6,4.07,297.0,95887.0
20120126:0300,5.01,79.75,0.0,0.0,0.0,253.0,4.07,301.0,95850.0
20120126:0400,4.66,79.6,0.0,0.0,0.0,253.4,4.07,303.0,95812.0
20120126:0500,4.34,79.25,0.0,0.0,0.0,254.4,4.0,305.0,95812.0
20120126:0600,4.03,79.15,0.0,0.0,0.0,255.0,3.79,305.0,95840.0
20120126:0700,3.86,78.95,50.0,404.84,20.0,253.6,3.52,306.0,95859.0
20120126:0800,4.9,75.4,261.0,819.46,46.0,256.6,2.9,306.0,95869.0
20120126:0900,8.29,64.85,413.0,679.33,127.0,260.8,2.0,305.0,95897.0
20120126:1000,12.36,46.75,609.0,1044.15,46.0,267.2,0.97,300.0,95925.0
20120126:1100,14.26,36.7,690.0,1029.74,63.0,277.0,0.76,175.0,95887.0
20120126:1200,15.34,32.6,678.0,876.32,130.0,277.2,2.28,170.0,95812.0
20120126:1300,15.91,31.5,631.0,859.68,126.0,272.6,2.9,176.0,95737.0
20120126:1400,16.15,31.5,521.0,819.73,113.0,276.2,3.03,177.0,95690.0
20120126:1500,16.03,32.8,363.0,767.2,85.0,275.4,3.1,174.0,95671.0
20120126:1600,15.46,36.6,166.0,593.04,53.0,274.2,3.17,169.0,95690.0
20120126:1700,13.96,45.85,0.0,0.0,0.0,272.4,2.97,159.0,95699.0
20120126:1800,12.04,57.2,0.0,0.0,0.0,276.6,3.03,158.0,95746.0
20120126:1900,10.8,65.75,0.0,0.0,0.0,267.8,2.76,160.0,95784.0
20120126:2000,9.48,73.8,0.0,0.0,0.0,270.8,2.41,159.0,95803.0
20120126:2100,8.18,80.8,0.0,0.0,0.0,268.2,2.14,156.0,95812.0
20120126:2200,7.27,84.2,0.0,0.0,0.0,272.8,1.79,147.0,95812.0
20120126:2300,6.97,83.25,0.0,0.0,0.0,271.2,1.66,134.0,95822.0
20120127:0000,6.7,82.7,0.0,0.0,0.0,265.8,1.52,125.0,95831.0
20120127:0100,6.67,81.95,0.0,0.0,0.0,266.8,1.38,114.0,95831.0
20120127:0200,6.25,82.75,0.0,0.0,0.0,266.4,1.38,87.0,95803.0
20120127:0300,4.55,87.85,0.0,0.0,0.0,264.6,2.07,59.0,95793.0
20120127:0400,3.9,88.9,0.0,0.0,0.0,260.6,2.83,49.0,95756.0
20120127:0500,3.68,88.5,0.0,0.0,0.0,257.6,3.24,45.0,95765.0
20120127:0600,3.53,87.7,0.0,0.0,0.0,251.8,3.59,45.0,95793.0
20120127:0700,3.56,87.3,51.0,381.63,22.0,248.6,4.0,47.0,95840.0
20120127:0800,5.02,82.35,250.0,687.77,68.0,247.8,4.21,45.0,95840.0
20120127:0900,7.86,67.8,442.0,842.72,85.0,249.6,5.31,49.0,95831.0
20120127:1000,10.33,53.8,592.0,925.91,90.0,256.2,6.62,56.0,95775.0
20120127:1100,12.14,43.2,704.0,1081.41,42.0,262.0,7.38,61.0,95699.0
20120127:1200,13.35,36.7,726.0,1087.7,42.0,269.2,7.72,64.0,95586.0
20120127:1300,14.02,33.35,574.0,609.06,214.0,283.2,7.86,65.0,95473.0
20120127:1400,14.2,32.35,443.0,450.71,217.0,291.2,7.72,67.0,95408.0
20120127:1500,14.0,32.95,255.0,202.18,181.0,293.8,7.38,68.0,95398.0
20120127:1600,13.35,36.05,66.0,5.15,65.0,298.8,6.97,67.0,95436.0
20120127:1700,12.34,40.25,0.0,0.0,0.0,296.6,6.07,62.0,95455.0
20120127:1800,11.07,46.05,0.0,0.0,0.0,291.6,5.79,58.0,95521.0
20120127:1900,10.59,49.05,0.0,0.0,0.0,296.4,6.28,51.0,95558.0
20120127:2000,9.86,53.85,0.0,0.0,0.0,293.6,6.07,49.0,95624.0
20120127:2100,9.2,58.1,0.0,0.0,0.0,291.0,6.0,45.0,95643.0
20120127:2200,8.81,61.2,0.0,0.0,0.0,296.8,5.79,42.0,95652.0
20120127:2300,8.5,64.2,0.0,0.0,0.0,302.4,5.79,39.0,95671.0
20120128:0000,8.19,67.1,0.0,0.0,0.0,298.2,5.72,32.0,95680.0
20120128:0100,7.8,71.0,0.0,0.0,0.0,292.0,5.93,27.0,95652.0
20120128:0200,7.46,73.5,0.0,0.0,0.0,287.0,5.72,20.0,95662.0
20120128:0300,7.13,75.15,0.0,0.0,0.0,288.4,5.86,16.0,95662.0
20120128:0400,6.73,77.75,0.0,0.0,0.0,285.4,5.86,16.0,95643.0
20120128:0500,6.36,80.55,0.0,0.0,0.0,282.4,5.72,14.0,95690.0
20120128:0600,5.92,84.05,0.0,0.0,0.0,272.2,5.72,13.0,95746.0
20120128:0700,6.13,84.05,56.0,461.73,20.0,272.0,5.93,9.0,95793.0
20120128:0800,6.95,81.3,260.0,756.63,58.0,270.8,5.59,8.0,95859.0
20120128:0900,8.59,74.3,416.0,668.47,131.0,276.2,6.69,13.0,95878.0
20120128:1000,10.25,65.0,576.0,827.18,125.0,278.2,6.9,20.0,95878.0
20120128:1100,11.73,56.55,684.0,958.55,94.0,284.0,6.9,25.0,95850.0
20120128:1200,12.87,47.7,694.0,912.38,117.0,290.4,7.03,30.0,95793.0
20120128:1300,13.47,41.05,636.0,845.69,133.0,292.0,6.69,30.0,95690.0
20120128:1400,13.94,36.8,563.0,1019.45,48.0,283.4,6.07,28.0,95652.0
20120128:1500,14.09,34.45,375.0,800.63,79.0,287.2,5.31,24.0,95633.0
20120128:1600,13.88,33.95,180.0,688.24,44.0,275.6,4.69,17.0,95680.0
20120128:1700,13.09,36.25,0.0,0.0,0.0,269.8,3.24,7.0,95709.0
20120128:1800,11.66,41.75,0.0,0.0,0.0,265.6,2.62,342.0,95728.0
20120128:1900,10.27,51.2,0.0,0.0,0.0,265.6,2.55,315.0,95775.0
20120128:2000,9.0,52.8,0.0,0.0,0.0,264.2,3.03,293.0,95793.0
20120128:2100,7.9,54.8,0.0,0.0,0.0,263.0,3.38,287.0,95812.0
20120128:2200,7.43,54.75,0.0,0.0,0.0,260.8,4.07,290.0,95850.0
20120128:2300,7.29,53.45,0.0,0.0,0.0,260.6,4.9,298.0,95840.0
20120129:0000,6.97,53.8,0.0,0.0,0.0,257.2,5.31,309.0,95840.0
20120129:0100,6.54,56.85,0.0,0.0,0.0,255.2,5.38,318.0,95850.0
20120129:0200,6.14,62.25,0.0,0.0,0.0,254.0,5.66,325.0,95812.0
20120129:0300,5.78,69.65,0.0,0.0,0.0,252.0,6.21,330.0,95822.0
20120129:0400,5.34,78.5,0.0,0.0,0.0,251.4,6.62,333.0,95812.0
20120129:0500,4.98,83.8,0.0,0.0,0.0,253.6,6.76,334.0,95831.0
20120129:0600,4.71,84.9,0.0,0.0,0.0,254.8,6.55,334.0,95859.0
20120129:0700,4.57,85.8,56.0,424.78,22.0,252.6,6.07,330.0,95897.0
20120129:0800,5.66,79.05,251.0,653.28,75.0,257.4,6.0,327.0,95916.0
20120129:0900,7.71,68.35,454.0,878.49,77.0,256.4,6.76,327.0,95935.0
20120129:1000,9.81,59.05,596.0,909.99,97.0,258.6,6.69,328.0,95897.0
20120129:1100,11.56,51.05,677.0,906.41,116.0,265.2,6.55,332.0,95831.0
20120129:1200,12.84,44.05,686.0,861.58,138.0,270.6,5.93,334.0,95756.0
20120129:1300,13.7,38.2,629.0,798.62,151.0,273.4,5.31,330.0,95643.0
20120129:1400,14.21,33.7,528.0,791.81,125.0,274.8,5.31,324.0,95596.0
20120129:1500,14.34,31.35,380.0,803.38,80.0,272.8,5.52,320.0,95558.0
20120129:1600,14.04,31.1,168.0,507.05,66.0,271.8,5.72,319.0,95521.0
20120129:1700,13.32,32.15,0.0,0.0,0.0,278.2,4.41,319.0,95492.0
20120129:1800,12.28,34.55,0.0,0.0,0.0,285.4,3.31,315.0,95511.0
20120129:1900,11.96,36.3,0.0,0.0,0.0,298.4,3.72,312.0,95530.0
20120129:2000,10.8,40.25,0.0,0.0,0.0,281.2,4.41,322.0,95596.0
20120129:2100,9.64,46.2,0.0,0.0,0.0,272.6,5.66,331.0,95652.0
20120129:2200,8.6,53.15,0.0,0.0,0.0,278.6,6.76,331.0,95709.0
20120129:2300,8.05,56.1,0.0,0.0,0.0,311.2,7.24,328.0,95765.0
20120130:0000,7.63,53.15,0.0,0.0,0.0,300.4,6.55,325.0,95793.0
20120130:0100,7.32,48.65,0.0,0.0,0.0,294.0,6.55,322.0,95784.0
20120130:0200,6.21,48.8,0.0,0.0,0.0,255.2,6.69,319.0,95756.0
20120130:0300,5.13,49.1,0.0,0.0,0.0,241.0,7.17,318.0,95765.0
20120130:0400,4.25,48.15,0.0,0.0,0.0,230.6,7.86,318.0,95784.0
20120130:0500,3.61,47.9,0.0,0.0,0.0,224.2,8.34,318.0,95812.0
20120130:0600,3.16,48.8,0.0,0.0,0.0,221.4,8.28,315.0,95859.0
20120130:0700,3.24,51.1,57.0,401.43,24.0,224.8,8.28,314.0,95897.0
20120130:0800,4.1,50.6,251.0,628.82,80.0,225.8,7.79,312.0,95944.0
20120130:0900,5.61,46.85,447.0,814.76,95.0,229.2,9.79,313.0,96000.0
20120130:1000,7.0,41.0,593.0,877.5,109.0,232.6,10.76,319.0,95972.0
20120130:1100,8.43,34.9,685.0,925.44,109.0,236.0,10.9,324.0,95963.0
20120130:1200,9.65,30.1,729.0,1041.08,63.0,238.6,11.03,327.0,95887.0
20120130:1300,10.56,26.8,663.0,933.05,101.0,241.2,10.97,329.0,95831.0
20120130:1400,11.11,24.95,550.0,891.23,93.0,242.6,10.83,332.0,95765.0
20120130:1500,11.33,23.65,382.0,790.11,84.0,243.0,10.48,335.0,95765.0
20120130:1600,10.96,24.05,177.0,566.56,61.0,243.2,9.93,339.0,95812.0
20120130:1700,9.85,27.2,0.0,0.0,0.0,242.4,8.07,340.0,95869.0
20120130:1800,8.49,31.15,0.0,0.0,0.0,240.6,7.45,338.0,95944.0
20120130:1900,7.75,35.0,0.0,0.0,0.0,239.8,7.52,333.0,96038.0
20120130:2000,6.95,38.25,0.0,0.0,0.0,238.0,7.72,332.0,96104.0
20120130:2100,6.19,42.05,0.0,0.0,0.0,235.8,7.66,330.0,96170.0
20120130:2200,5.48,46.75,0.0,0.0,0.0,233.8,7.59,329.0,96170.0
20120130:2300,4.82,51.8,0.0,0.0,0.0,232.6,7.72,328.0,96198.0
20120131:0000,4.24,56.75,0.0,0.0,0.0,231.4,7.79,328.0,96245.0
20120131:0100,3.72,61.4,0.0,0.0,0.0,230.2,7.93,329.0,96264.0
20120131:0200,3.34,64.95,0.0,0.0,0.0,229.2,7.93,331.0,96236.0
20120131:0300,3.02,67.15,0.0,0.0,0.0,228.2,7.93,333.0,96226.0
20120131:0400,2.77,68.35,0.0,0.0,0.0,226.8,7.79,336.0,96198.0
20120131:0500,2.57,69.05,0.0,0.0,0.0,227.4,7.52,338.0,96245.0
20120131:0600,2.44,69.4,0.0,0.0,0.0,231.2,7.1,340.0,96283.0
20120131:0700,2.68,69.3,58.0,390.7,25.0,232.2,7.1,342.0,96320.0
20120131:0800,3.93,63.15,252.0,619.18,82.0,234.8,6.55,344.0,96367.0
20120131:0900,6.34,51.85,451.0,816.1,96.0,237.8,7.1,347.0,96396.0
20120131:1000,8.8,41.5,594.0,863.29,115.0,243.8,6.69,349.0,96396.0
20120131:1100,10.75,35.1,674.0,857.89,137.0,249.8,5.79,351.0,96377.0
20120131:1200,12.05,32.0,687.0,831.45,152.0,254.6,4.48,352.0,96283.0
20120131:1300,12.86,30.25,649.0,849.61,134.0,259.0,2.97,347.0,96217.0
20120131:1400,13.25,28.65,540.0,811.04,121.0,261.0,1.72,323.0,96151.0
20120131:1500,13.44,26.45,384.0,779.67,87.0,260.0,1.72,283.0,96095.0
20120131:1600,10.79,22.32,183.0,590.39,60.0,246.14,2.76,269.0,96113.0
20120131:1700,10.47,27.37,0.0,0.0,0.0,247.99,3.08,259.0,96104.0
20120131:1800,10.15,32.42,0.0,0.0,0.0,249.84,3.39,254.0,96151.0
20120131:1900,9.84,37.48,0.0,0.0,0.0,251.69,3.71,246.0,96207.0
20120131:2000,9.52,42.53,0.0,0.0,0.0,253.54,4.02,261.0,96264.0
20120131:2100,9.21,47.59,0.0,0.0,0.0,255.39,4.34,274.0,96273.0
20120131:2200,8.89,52.64,0.0,0.0,0.0,257.24,4.65,280.0,96302.0
20120131:2300,8.58,57.69,0.0,0.0,0.0,259.09,4.97,280.0,96273.0
20060201:0000,8.26,62.75,0.0,0.0,0.0,260.94,5.28,340.0,95351.0
20060201:0100,7.95,67.8,0.0,0.0,0.0,262.79,5.6,344.0,95361.0
20060201:0200,7.63,72.86,0.0,0.0,0.0,264.64,5.91,347.0,95389.0
20060201:0300,7.32,77.91,0.0,0.0,0.0,266.49,6.23,349.0,95417.0
20060201:0400,7.0,82.97,0.0,0.0,0.0,268.34,6.54,349.0,95436.0
20060201:0500,6.69,88.02,0.0,0.0,0.0,270.19,6.86,349.0,95455.0
20060201:0600,6.37,93.07,0.0,0.0,0.0,272.04,7.17,348.0,95530.0
20060201:0700,6.06,98.13,58.0,357.09,27.0,273.89,7.49,344.0,95643.0
20060201:0800,8.09,82.35,264.0,703.31,69.0,269.0,6.0,345.0,95718.0
20060201:0900,9.95,75.15,450.0,801.29,99.0,281.0,6.55,350.0,95784.0
20060201:1000,11.65,68.95,601.0,888.56,105.0,286.2,6.97,2.0,95859.0
20060201:1100,13.11,62.95,684.0,889.51,124.0,277.2,7.1,20.0,95850.0
20060201:1200,13.72,60.35,713.0,931.65,110.0,316.6,6.07,27.0,95775.0
20060201:1300,13.91,59.75,547.0,458.99,267.0,356.0,5.1,30.0,95718.0
20060201:1400,13.87,60.4,147.0,0.0,147.0,360.4,4.28,37.0,95690.0
20060201:1500,13.84,61.0,123.0,0.0,123.0,355.2,3.79,40.0,95728.0
20060201:1600,13.56,64.05,157.0,335.0,86.0,330.8,2.9,50.0,95718.0
20060201:1700,12.68,70.7,0.0,0.0,0.0,299.0,2.21,63.0,95765.0
20060201:1800,11.14,80.75,0.0,0.0,0.0,289.4,1.72,72.0,95822.0
20060201:1900,10.76,80.9,0.0,0.0,0.0,302.8,1.38,359.0,95878.0
20060201:2000,9.56,84.9,0.0,0.0,0.0,296.6,1.79,323.0,95916.0
20060201:2100,8.55,87.1,0.0,0.0,0.0,284.2,2.69,311.0,95935.0
20060201:2200,7.65,90.15,0.0,0.0,0.0,283.6,3.03,311.0,95944.0
20060201:2300,7.12,91.1,0.0,0.0,0.0,281.6,3.24,314.0,95972.0
20060202:0000,6.92,90.25,0.0,0.0,0.0,278.8,3.52,321.0,95991.0
20060202:0100,6.82,89.4,0.0,0.0,0.0,279.8,3.79,332.0,95953.0
20060202:0200,6.64,88.95,0.0,0.0,0.0,275.4,3.86,340.0,95953.0
20060202:0300,6.42,89.0,0.0,0.0,0.0,273.8,3.79,340.0,95916.0
20060202:0400,6.17,89.5,0.0,0.0,0.0,276.0,3.52,336.0,95906.0
20060202:0500,5.99,89.95,0.0,0.0,0.0,278.2,3.59,336.0,95906.0
20060202:0600,5.89,90.25,0.0,0.0,0.0,281.8,3.45,338.0,95963.0
20060202:0700,5.11,91.3,61.0,369.74,28.0,267.4,3.1,326.0,95963.0
20060202:0800,6.25,90.1,272.0,753.43,61.0,266.8,2.55,325.0,95991.0
20060202:0900,9.44,82.1,459.0,834.14,91.0,270.4,2.0,328.0,96047.0
20060202:1000,11.75,72.35,618.0,957.92,80.0,276.8,1.24,340.0,96085.0
20060202:1100,12.99,66.6,688.0,890.68,124.0,282.6,0.14,229.0,96057.0
20060202:1200,13.97,63.05,733.0,1002.96,80.0,287.0,1.59,204.0,95991.0
20060202:1300,14.7,57.45,594.0,602.65,224.0,292.8,2.34,217.0,95906.0
20060202:1400,14.91,54.65,452.0,413.81,235.0,305.8,2.34,221.0,95840.0
20060202:1500,14.84,54.05,310.0,344.9,176.0,331.2,2.0,222.0,95812.0
20060202:1600,14.69,54.25,195.0,654.11,54.0,318.6,1.72,218.0,95822.0
20060202:1700,13.83,62.0,0.0,0.0,0.0,303.8,1.59,204.0,95822.0
20060202:1800,12.44,70.85,0.0,0.0,0.0,308.0,1.93,208.0,95869.0
20060202:1900,11.2,77.1,0.0,0.0,0.0,305.6,2.34,225.0,95878.0
20060202:2000,10.57,80.55,0.0,0.0,0.0,317.6,2.34,236.0,95916.0
20060202:2100,9.93,83.1,0.0,0.0,0.0,314.0,2.34,246.0,95906.0
20060202:2200,9.26,85.45,0.0,0.0,0.0,306.2,2.41,256.0,95878.0
20060202:2300,8.71,87.35,0.0,0.0,0.0,304.6,2.34,263.0,95869.0
20060203:0000,8.17,88.9,0.0,0.0,0.0,300.6,2.34,264.0,95897.0
20060203:0100,7.71,89.95,0.0,0.0,0.0,299.2,2.28,260.0,95859.0
20060203:0200,7.27,90.05,0.0,0.0,0.0,291.8,2.41,251.0,95850.0
20060203:0300,6.97,89.4,0.0,0.0,0.0,289.6,2.62,243.0,95840.0
20060203:0400,6.48,88.65,0.0,0.0,0.0,273.6,2.97,244.0,95803.0
20060203:0500,5.96,88.45,0.0,0.0,0.0,264.6,3.24,250.0,95803.0
20060203:0600,5.55,88.45,0.0,0.0,0.0,261.6,3.45,258.0,95831.0
20060203:0700,5.59,88.45,61.0,326.87,31.0,268.8,3.52,268.0,95822.0
20060203:0800,7.13,85.0,269.0,696.3,72.0,279.2,3.1,269.0,95850.0
20060203:0900,9.78,75.6,453.0,774.12,109.0,279.6,3.17,262.0,95850.0
20060203:1000,11.93,66.75,606.0,875.91,111.0,293.0,3.52,256.0,95831.0
20060203:1100,13.33,59.2,685.0,860.35,137.0,301.4,4.0,249.0,95756.0
20060203:1200,14.25,52.75,719.0,917.63,118.0,310.4,4.28,246.0,95662.0
20060203:1300,14.74,48.7,610.0,644.12,212.0,291.4,4.34,244.0,95558.0
20060203:1400,14.95,46.45,559.0,853.64,108.0,302.6,4.34,243.0,95492.0
20060203:1500,14.97,45.35,380.0,683.09,112.0,315.0,4.21,245.0,95426.0
20060203:1600,14.66,47.25,186.0,529.22,70.0,307.6,3.79,246.0,95408.0
20060203:1700,13.46,56.4,0.0,0.0,0.0,292.6,2.97,245.0,95389.0
20060203:1800,11.68,65.45,0.0,0.0,0.0,279.2,3.1,248.0,95398.0
20060203:1900,10.38,72.45,0.0,0.0,0.0,270.6,3.1,239.0,95417.0
20060203:2000,9.35,75.9,0.0,0.0,0.0,268.8,3.24,240.0,95436.0
20060203:2100,8.51,77.8,0.0,0.0,0.0,267.0,3.31,240.0,95455.0
20060203:2200,7.9,78.05,0.0,0.0,0.0,264.8,3.59,239.0,95445.0
20060203:2300,7.48,77.55,0.0,0.0,0.0,263.6,3.93,241.0,95455.0
20060204:0000,7.13,77.4,0.0,0.0,0.0,262.6,4.21,244.0,95445.0
20060204:0100,6.9,78.15,0.0,0.0,0.0,268.2,4.34,248.0,95426.0
20060204:0200,6.59,79.95,0.0,0.0,0.0,264.4,4.21,249.0,95389.0
20060204:0300,6.21,82.05,0.0,0.0,0.0,262.8,4.07,250.0,95389.0
20060204:0400,5.88,83.55,0.0,0.0,0.0,262.6,4.07,256.0,95351.0
20060204:0500,5.56,84.8,0.0,0.0,0.0,261.8,4.34,269.0,95379.0
20060204:0600,5.3,86.15,0.0,0.0,0.0,260.8,4.55,279.0,95455.0
20060204:0700,5.57,85.65,67.0,423.74,27.0,265.8,4.28,289.0,95492.0
20060204:0800,6.82,83.3,135.0,38.48,124.0,264.0,3.52,285.0,95502.0
20060204:0900,9.5,74.05,261.0,87.12,222.0,273.4,3.31,280.0,95530.0
20060204:1000,11.77,64.95,343.0,91.44,291.0,279.8,3.17,279.0,95511.0
20060204:1100,13.13,57.55,632.0,638.34,223.0,293.4,3.79,288.0,95492.0
20060204:1200,13.71,54.4,468.0,180.61,349.0,297.4,4.28,295.0,95417.0
20060204:1300,13.88,53.25,662.0,836.17,142.0,306.6,4.28,289.0,95361.0
20060204:1400,13.95,52.15,561.0,839.79,114.0,304.4,4.34,278.0,95323.0
20060204:1500,14.01,51.0,391.0,724.44,104.0,284.4,4.69,273.0,95285.0
20060204:1600,13.69,51.6,186.0,493.66,76.0,284.8,5.03,274.0,95295.0
20060204:1700,12.52,58.25,0.0,0.0,0.0,277.8,4.21,276.0,95323.0
20060204:1800,10.75,66.0,0.0,0.0,0.0,271.6,4.0,274.0,95351.0
20060204:1900,9.56,69.35,0.0,0.0,0.0,265.4,4.07,263.0,95389.0
20060204:2000,8.62,71.5,0.0,0.0,0.0,260.0,4.28,264.0,95426.0
20060204:2100,7.79,72.65,0.0,0.0,0.0,257.8,4.55,277.0,95464.0
20060204:2200,7.11,73.5,0.0,0.0,0.0,256.4,4.9,293.0,95473.0
20060204:2300,6.61,75.0,0.0,0.0,0.0,256.6,5.03,306.0,95502.0
20060205:0000,6.25,76.85,0.0,0.0,0.0,256.0,5.24,315.0,95521.0
20060205:0100,6.0,78.7,0.0,0.0,0.0,256.4,5.45,320.0,95539.0
20060205:0200,5.75,80.6,0.0,0.0,0.0,256.0,5.45,322.0,95558.0
20060205:0300,5.49,82.15,0.0,0.0,0.0,255.4,5.45,323.0,95568.0
20060205:0400,5.27,83.2,0.0,0.0,0.0,254.6,5.38,324.0,95577.0
20060205:0500,5.12,84.0,0.0,0.0,0.0,253.6,5.31,325.0,95586.0
20060205:0600,5.02,84.65,0.0,0.0,0.0,253.0,5.24,326.0,95624.0
20060205:0700,5.15,85.4,65.0,339.85,32.0,253.8,5.1,325.0,95690.0
20060205:0800,6.5,81.45,271.0,664.53,79.0,254.0,5.1,328.0,95737.0
20060205:0900,8.67,72.85,452.0,736.13,120.0,257.4,6.28,335.0,95793.0
20060205:1000,10.33,66.2,605.0,829.97,130.0,262.6,6.83,342.0,95775.0
20060205:1100,11.78,59.65,679.0,797.44,165.0,273.2,6.48,346.0,95784.0
20060205:1200,12.89,53.65,717.0,868.99,141.0,274.8,6.0,347.0,95709.0
20060205:1300,13.84,47.0,663.0,821.23,149.0,276.0,5.59,344.0,95633.0
20060205:1400,14.22,43.55,557.0,794.41,131.0,316.8,5.66,341.0,95558.0
20060205:1500,14.28,42.7,347.0,462.49,162.0,328.2,5.86,342.0,95558.0
20060205:1600,13.81,46.45,207.0,675.6,54.0,334.8,5.24,345.0,95549.0
20060205:1700,12.86,53.8,0.0,0.0,0.0,316.4,4.14,346.0,95615.0
20060205:1800,11.77,61.15,0.0,0.0,0.0,326.2,3.66,342.0,95671.0
20060205:1900,10.7,66.6,0.0,0.0,0.0,294.2,3.38,329.0,95737.0
20060205:2000,9.63,70.5,0.0,0.0,0.0,281.0,3.59,328.0,95765.0
20060205:2100,8.78,72.55,0.0,0.0,0.0,273.4,4.14,334.0,95812.0
20060205:2200,8.33,73.1,0.0,0.0,0.0,277.8,4.69,343.0,95831.0
20060205:2300,7.89,74.25,0.0,0.0,0.0,278.0,4.97,351.0,95869.0
20060206:0000,7.42,75.95,0.0,0.0,0.0,280.6,4.83,351.0,95897.0
20060206:0100,6.76,78.0,0.0,0.0,0.0,270.6,4.76,349.0,95897.0
20060206:0200,6.12,79.5,0.0,0.0,0.0,264.6,4.76,346.0,95916.0
20060206:0300,5.49,80.65,0.0,0.0,0.0,257.6,4.76,345.0,95906.0
20060206:0400,4.93,81.4,0.0,0.0,0.0,254.0,4.69,343.0,95925.0
20060206:0500,4.42,81.95,0.0,0.0,0.0,250.0,4.69,340.0,95916.0
20060206:0600,3.99,82.1,0.0,0.0,0.0,246.4,4.69,339.0,95963.0
20060206:0700,4.17,80.0,67.0,330.35,34.0,248.0,4.62,342.0,95972.0
20060206:0800,5.59,73.55,273.0,654.01,82.0,252.0,4.55,345.0,96038.0
20060206:0900,7.9,62.1,459.0,750.38,118.0,250.2,4.97,350.0,96113.0
20060206:1000,9.98,52.2,609.0,831.61,130.0,255.4,5.03,356.0,96132.0
20060206:1100,11.48,45.0,691.0,831.22,152.0,261.4,4.76,360.0,96132.0
20060206:1200,12.42,41.45,733.0,920.76,119.0,264.4,4.34,357.0,96076.0
20060206:1300,13.01,39.9,671.0,838.19,143.0,267.0,4.21,350.0,95991.0
20060206:1400,13.36,39.25,564.0,812.61,125.0,268.0,4.34,344.0,95935.0
20060206:1500,13.33,39.45,398.0,715.59,109.0,269.4,4.62,342.0,95916.0
20060206:1600,12.96,40.9,199.0,547.57,73.0,271.8,4.9,343.0,95906.0
20060206:1700,11.85,47.75,0.0,0.0,0.0,271.0,4.14,347.0,95953.0
20060206:1800,10.04,57.05,0.0,0.0,0.0,262.4,3.72,348.0,96000.0
20060206:1900,9.06,62.25,0.0,0.0,0.0,260.0,3.79,356.0,96085.0
20060206:2000,8.09,65.3,0.0,0.0,0.0,257.8,4.14,351.0,96170.0
20060206:2100,7.29,65.95,0.0,0.0,0.0,256.0,4.76,348.0,96226.0
20060206:2200,6.53,65.8,0.0,0.0,0.0,251.0,5.24,348.0,96273.0
20060206:2300,5.84,66.6,0.0,0.0,0.0,248.2,5.24,350.0,96302.0
20060207:0000,5.22,68.3,0.0,0.0,0.0,247.4,4.97,349.0,96320.0
20060207:0100,4.64,70.6,0.0,0.0,0.0,245.2,4.76,346.0,96330.0
20060207:0200,4.08,73.05,0.0,0.0,0.0,241.4,4.76,346.0,96320.0
20060207:0300,3.56,75.5,0.0,0.0,0.0,238.8,4.76,344.0,96330.0
20060207:0400,3.11,77.5,0.0,0.0,0.0,236.4,4.9,344.0,96320.0
20060207:0500,2.74,78.3,0.0,0.0,0.0,234.2,4.9,344.0,96349.0
20060207:0600,2.42,78.2,0.0,0.0,0.0,232.6,4.83,342.0,96414.0
20060207:0700,2.52,75.95,69.0,330.84,35.0,233.4,4.97,342.0,96461.0
20060207:0800,3.98,70.0,272.0,619.82,89.0,234.8,4.83,346.0,96537.0
20060207:0900,6.28,61.35,455.0,709.72,130.0,239.6,5.72,355.0,96574.0
20060207:1000,8.07,55.95,614.0,833.13,131.0,245.2,5.72,6.0,96593.0
20060207:1100,9.44,51.45,692.0,817.02,159.0,250.4,4.9,16.0,96574.0
20060207:1200,10.43,48.1,738.0,922.67,119.0,255.6,4.0,19.0,96537.0
20060207:1300,11.12,45.95,676.0,840.7,143.0,258.8,3.59,20.0,96396.0
20060207:1400,11.58,44.75,597.0,960.98,74.0,260.8,3.31,20.0,96358.0
20060207:1500,11.74,44.3,426.0,875.59,69.0,261.8,2.83,20.0,96320.0
20060207:1600,11.59,45.0,186.0,410.69,90.0,261.0,2.9,29.0,96311.0
20060207:1700,10.86,50.1,0.0,0.0,0.0,258.8,2.34,43.0,96254.0
20060207:1800,9.57,58.1,0.0,0.0,0.0,256.0,2.34,52.0,96273.0
20060207:1900,8.06,69.7,0.0,0.0,0.0,254.2,1.86,65.0,96349.0
20060207:2000,8.03,64.3,0.0,0.0,0.0,253.6,0.83,88.0,96367.0
20060207:2100,7.86,63.5,0.0,0.0,0.0,252.2,0.34,192.0,96396.0
20060207:2200,6.26,71.4,0.0,0.0,0.0,250.6,1.45,240.0,96396.0
20060207:2300,5.02,76.3,0.0,0.0,0.0,250.8,1.79,257.0,96414.0
20060208:0000,4.44,77.65,0.0,0.0,0.0,252.2,1.79,276.0,96358.0
20060208:0100,3.33,82.3,0.0,0.0,0.0,256.4,2.28,283.0,96358.0
20060208:0200,3.06,83.9,0.0,0.0,0.0,268.6,2.69,278.0,96302.0
20060208:0300,2.92,84.95,0.0,0.0,0.0,271.0,2.83,274.0,96377.0
20060208:0400,2.91,84.8,0.0,0.0,0.0,269.4,3.24,278.0,96320.0
20060208:0500,3.06,83.95,0.0,0.0,0.0,275.0,3.31,282.0,96339.0
20060208:0600,3.02,84.2,0.0,0.0,0.0,276.2,3.1,281.0,96320.0
20060208:0700,2.98,85.6,42.0,37.83,38.0,283.2,2.41,287.0,96264.0
20060208:0800,3.99,84.9,177.0,117.24,142.0,287.4,1.72,289.0,96254.0
20060208:0900,6.61,71.45,316.0,177.68,234.0,290.2,1.38,278.0,96273.0
20060208:1000,8.69,59.3,474.0,322.17,286.0,287.4,1.38,245.0,96283.0
20060208:1100,10.32,51.5,735.0,985.76,88.0,286.4,2.07,211.0,96217.0
20060208:1200,11.43,47.4,703.0,763.02,188.0,283.2,2.69,210.0,96142.0
20060208:1300,12.33,43.6,654.0,735.01,185.0,280.0,3.31,219.0,96038.0
20060208:1400,13.01,40.55,574.0,815.31,127.0,281.8,3.59,223.0,95972.0
20060208:1500,13.26,38.9,409.0,733.74,107.0,275.4,3.66,228.0,95935.0
20060208:1600,13.16,38.6,204.0,534.96,77.0,269.6,3.79,236.0,95906.0
20060208:1700,12.38,42.05,0.0,0.0,0.0,266.6,3.24,241.0,95887.0
20060208:1800,10.7,49.7,0.0,0.0,0.0,263.2,3.1,247.0,95916.0
20060208:1900,9.67,54.45,0.0,0.0,0.0,267.6,3.24,256.0,95944.0
20060208:2000,8.6,58.55,0.0,0.0,0.0,264.4,3.45,260.0,95982.0
20060208:2100,7.73,61.55,0.0,0.0,0.0,264.2,3.45,254.0,95991.0
20060208:2200,6.98,62.95,0.0,0.0,0.0,260.8,3.72,247.0,95944.0
20060208:2300,6.45,62.85,0.0,0.0,0.0,259.8,4.0,249.0,95935.0
20060209:0000,6.08,61.95,0.0,0.0,0.0,259.6,4.28,254.0,95916.0
20060209:0100,5.78,61.2,0.0,0.0,0.0,259.4,4.62,258.0,95897.0
20060209:0200,5.46,61.6,0.0,0.0,0.0,258.4,4.9,264.0,95887.0
20060209:0300,5.15,62.9,0.0,0.0,0.0,257.6,5.03,274.0,95859.0
20060209:0400,4.89,64.75,0.0,0.0,0.0,256.2,5.17,282.0,95822.0
20060209:0500,4.68,66.3,0.0,0.0,0.0,254.4,5.31,282.0,95840.0
20060209:0600,4.47,67.55,0.0,0.0,0.0,252.8,5.31,280.0,95831.0
20060209:0700,4.69,67.55,73.0,321.76,38.0,252.8,5.24,284.0,95859.0
20060209:0800,6.28,62.45,279.0,626.08,90.0,254.0,4.97,286.0,95906.0
20060209:0900,9.33,53.9,455.0,672.94,142.0,258.0,4.9,290.0,95953.0
20060209:1000,12.58,47.25,612.0,788.22,149.0,264.8,4.28,294.0,95963.0
20060209:1100,15.13,42.85,685.0,757.15,185.0,272.4,3.72,301.0,95916.0
20060209:1200,16.63,38.1,724.0,826.15,163.0,279.4,3.1,307.0,95831.0
20060209:1300,17.51,33.85,663.0,750.56,181.0,284.0,2.97,301.0,95709.0
20060209:1400,18.03,30.8,569.0,771.35,143.0,285.2,2.76,295.0,95662.0
20060209:1500,18.21,29.15,404.0,681.17,121.0,284.8,2.55,287.0,95643.0
20060209:1600,18.06,29.2,188.0,381.67,96.0,283.0,2.62,272.0,95615.0
20060209:1700,17.07,33.65,0.0,0.0,0.0,279.6,2.97,257.0,95662.0
20060209:1800,14.81,42.1,0.0,0.0,0.0,276.2,3.59,257.0,95671.0
20060209:1900,13.2,49.85,0.0,0.0,0.0,273.4,3.79,268.0,95728.0
20060209:2000,11.97,55.35,0.0,0.0,0.0,272.2,3.93,267.0,95775.0
20060209:2100,10.94,59.6,0.0,0.0,0.0,271.4,3.79,261.0,95784.0
20060209:2200,10.14,61.6,0.0,0.0,0.0,270.2,3.93,254.0,95822.0
20060209:2300,9.47,62.05,0.0,0.0,0.0,270.0,3.86,253.0,95793.0
20060210:0000,8.87,60.85,0.0,0.0,0.0,269.6,4.21,253.0,95756.0
20060210:0100,8.5,58.1,0.0,0.0,0.0,268.8,4.69,255.0,95746.0
20060210:0200,8.2,55.9,0.0,0.0,0.0,267.8,5.1,260.0,95737.0
20060210:0300,8.03,54.45,0.0,0.0,0.0,267.8,5.59,263.0,95756.0
20060210:0400,8.01,53.85,0.0,0.0,0.0,273.8,5.93,265.0,95728.0
20060210:0500,8.13,53.15,0.0,0.0,0.0,287.4,5.79,265.0,95746.0
20060210:0600,8.07,53.15,0.0,0.0,0.0,288.8,5.66,265.0,95746.0
20060210:0700,7.92,52.85,38.0,17.87,36.0,273.8,5.72,268.0,95765.0
20060210:0800,9.35,48.9,245.0,379.95,129.0,273.8,5.31,271.0,95756.0
20060210:0900,12.01,42.55,417.0,479.93,192.0,280.0,5.24,271.0,95793.0
20060210:1000,14.82,37.7,634.0,869.25,120.0,288.6,5.24,262.0,95812.0
20060210:1100,17.15,34.45,492.0,213.72,350.0,301.6,5.79,251.0,95775.0
20060210:1200,18.71,32.75,712.0,765.53,189.0,322.2,6.55,254.0,95728.0
20060210:1300,20.18,31.3,687.0,827.77,152.0,315.0,6.9,262.0,95624.0
20060210:1400,21.0,31.0,541.0,632.73,189.0,316.0,6.83,267.0,95549.0
20060210:1500,20.83,33.9,440.0,882.36,70.0,320.6,6.62,266.0,95511.0
20060210:1600,20.36,37.5,173.0,265.65,108.0,332.2,6.21,263.0,95483.0
20060210:1700,19.44,41.2,11.0,0.0,11.0,325.8,4.97,254.0,95483.0
20060210:1800,17.79,46.4,0.0,0.0,0.0,318.4,4.34,246.0,95511.0
20060210:1900,16.82,51.25,0.0,0.0,0.0,322.8,3.86,238.0,95549.0
20060210:2000,16.09,52.4,0.0,0.0,0.0,326.0,4.34,230.0,95615.0
20060210:2100,15.52,51.9,0.0,0.0,0.0,320.4,5.17,234.0,95624.0
20060210:2200,14.9,51.0,0.0,0.0,0.0,313.2,5.59,236.0,95643.0
20060210:2300,14.25,49.8,0.0,0.0,0.0,301.4,6.34,242.0,95633.0
20060211:0000,14.01,48.5,0.0,0.0,0.0,319.6,6.14,253.0,95671.0
20060211:0100,13.32,50.45,0.0,0.0,0.0,310.2,5.86,263.0,95643.0
20060211:0200,12.54,54.15,0.0,0.0,0.0,301.2,5.93,268.0,95643.0
20060211:0300,11.83,59.05,0.0,0.0,0.0,297.0,5.86,270.0,95615.0
20060211:0400,11.37,63.8,0.0,0.0,0.0,303.2,6.0,271.0,95615.0
20060211:0500,10.99,68.2,0.0,0.0,0.0,304.6,6.14,268.0,95643.0
20060211:0600,10.67,71.95,0.0,0.0,0.0,304.0,5.86,272.0,95643.0
20060211:0700,11.31,70.55,47.0,43.44,42.0,311.8,5.59,270.0,95643.0
20060211:0800,12.42,66.8,246.0,372.4,131.0,299.0,5.72,268.0,95680.0
20060211:0900,14.55,59.15,352.0,245.46,236.0,304.0,7.17,264.0,95756.0
20060211:1000,16.38,53.95,234.0,5.04,231.0,313.8,7.86,262.0,95793.0
20060211:1100,17.68,50.75,263.0,4.49,260.0,331.4,7.93,261.0,95803.0
20060211:1200,18.9,46.85,577.0,349.17,337.0,349.2,7.72,258.0,95699.0
20060211:1300,18.77,47.1,634.0,611.88,236.0,359.6,7.72,253.0,95605.0
20060211:1400,18.39,48.55,610.0,935.12,86.0,371.6,7.93,252.0,95549.0
20060211:1500,18.32,48.8,443.0,874.3,73.0,366.2,8.07,256.0,95473.0
20060211:1600,18.15,49.2,194.0,374.51,101.0,356.0,7.79,259.0,95473.0
20060211:1700,17.72,50.7,11.0,0.0,11.0,332.4,6.62,258.0,95455.0
20060211:1800,16.46,54.9,0.0,0.0,0.0,308.2,5.45,257.0,95464.0
20060211:1900,15.42,59.0,0.0,0.0,0.0,309.6,3.72,259.0,95502.0
20060211:2000,14.61,61.65,0.0,0.0,0.0,318.2,3.52,257.0,95521.0
20060211:2100,13.6,64.7,0.0,0.0,0.0,302.8,3.93,257.0,95568.0
20060211:2200,13.12,65.25,0.0,0.0,0.0,309.6,4.62,261.0,95577.0
20060211:2300,12.69,66.3,0.0,0.0,0.0,308.8,4.83,277.0,95633.0
20060212:0000,12.18,70.2,0.0,0.0,0.0,318.4,4.41,297.0,95680.0
20060212:0100,11.03,79.15,0.0,0.0,0.0,300.4,3.79,318.0,95662.0
20060212:0200,10.05,87.4,0.0,0.0,0.0,297.0,3.52,338.0,95633.0
20060212:0300,9.14,92.15,0.0,0.0,0.0,286.6,3.45,351.0,95662.0
20060212:0400,8.58,94.05,0.0,0.0,0.0,285.6,3.59,359.0,95652.0
20060212:0500,8.29,93.6,0.0,0.0,0.0,283.8,3.79,5.0,95690.0
20060212:0600,8.06,92.75,0.0,0.0,0.0,281.6,3.59,10.0,95737.0
20060212:0700,8.15,91.25,90.0,481.44,33.0,284.8,3.1,22.0,95831.0
20060212:0800,9.78,83.0,292.0,646.66,90.0,296.8,2.97,28.0,95878.0
20060212:0900,12.09,70.35,484.0,761.96,121.0,290.6,3.93,40.0,95935.0
20060212:1000,13.66,63.4,605.0,705.84,182.0,308.6,4.55,51.0,95963.0
20060212:1100,14.91,57.5,727.0,871.16,141.0,301.6,4.69,58.0,95953.0
20060212:1200,16.12,51.85,552.0,286.32,354.0,314.6,4.28,56.0,95887.0
20060212:1300,16.6,49.75,634.0,600.36,241.0,323.6,4.0,55.0,95831.0
20060212:1400,16.79,48.3,390.0,171.86,293.0,351.6,4.07,56.0,95728.0
20060212:1500,16.63,48.2,325.0,280.99,205.0,355.6,4.34,65.0,95699.0
20060212:1600,16.19,49.45,206.0,440.56,95.0,363.0,5.03,76.0,95699.0
20060212:1700,15.4,52.6,16.0,0.0,16.0,368.8,5.93,81.0,95718.0
20060212:1800,14.23,58.65,0.0,0.0,0.0,354.8,6.28,84.0,95784.0
20060212:1900,12.65,67.95,0.0,0.0,0.0,343.0,4.9,89.0,95859.0
20060212:2000,11.73,73.75,0.0,0.0,0.0,320.8,4.48,79.0,95906.0
20060212:2100,10.87,79.3,0.0,0.0,0.0,311.2,3.72,73.0,95963.0
20060212:2200,9.9,85.2,0.0,0.0,0.0,291.8,2.83,69.0,96019.0
20060212:2300,9.12,89.8,0.0,0.0,0.0,289.0,2.62,59.0,96010.0
20060213:0000,8.54,93.05,0.0,0.0,0.0,293.0,2.28,50.0,96038.0
20060213:0100,7.67,95.6,0.0,0.0,0.0,276.2,2.21,44.0,96010.0
20060213:0200,7.05,96.95,0.0,0.0,0.0,277.0,2.48,34.0,96010.0
20060213:0300,6.4,97.95,0.0,0.0,0.0,268.4,2.62,23.0,95972.0
20060213:0400,5.76,98.5,0.0,0.0,0.0,263.8,2.34,18.0,95972.0
20060213:0500,5.28,98.9,0.0,0.0,0.0,270.0,2.21,12.0,95991.0
20060213:0600,4.92,99.1,0.0,0.0,0.0,266.2,2.55,6.0,96029.0
20060213:0700,5.0,97.65,57.0,73.92,48.0,268.4,2.55,357.0,96076.0
20060213:0800,7.16,92.45,215.0,202.52,151.0,273.4,2.55,6.0,96104.0
20060213:0900,9.92,78.7,464.0,641.29,156.0,284.4,2.9,27.0,96142.0
20060213:1000,11.43,66.6,206.0,1.66,205.0,288.8,3.24,42.0,96132.0
20060213:1100,12.63,57.55,200.0,0.0,200.0,283.8,2.76,38.0,96132.0
20060213:1200,13.67,50.95,414.0,80.49,358.0,319.4,2.69,22.0,96038.0
20060213:1300,14.26,46.2,658.0,669.42,217.0,323.0,2.55,15.0,95925.0
20060213:1400,14.75,42.3,561.0,664.97,183.0,304.6,2.76,11.0,95878.0
20060213:1500,15.08,38.85,436.0,775.08,102.0,294.6,3.17,15.0,95850.0
20060213:1600,14.95,36.6,215.0,481.27,92.0,277.4,3.52,25.0,95850.0
20060213:1700,14.29,36.85,17.0,0.0,17.0,273.0,3.59,40.0,95869.0
20060213:1800,12.63,42.7,0.0,0.0,0.0,267.8,3.38,56.0,95953.0
20060213:1900,10.87,47.55,0.0,0.0,0.0,260.8,3.38,63.0,96029.0
20060213:2000,9.7,50.8,0.0,0.0,0.0,257.6,3.38,66.0,96104.0
20060213:2100,8.58,54.3,0.0,0.0,0.0,254.6,3.24,69.0,96160.0
20060213:2200,7.52,58.15,0.0,0.0,0.0,252.4,2.97,69.0,96207.0
20060213:2300,6.53,62.35,0.0,0.0,0.0,250.4,2.69,63.0,96189.0
20060214:0000,5.61,66.7,0.0,0.0,0.0,248.6,2.55,52.0,96198.0
20060214:0100,4.76,70.8,0.0,0.0,0.0,247.4,2.41,41.0,96207.0
20060214:0200,4.08,73.7,0.0,0.0,0.0,246.6,2.48,30.0,96170.0
20060214:0300,3.6,75.2,0.0,0.0,0.0,246.4,2.69,23.0,96151.0
20060214:0400,3.26,76.0,0.0,0.0,0.0,246.4,3.03,23.0,96132.0
20060214:0500,3.04,76.55,0.0,0.0,0.0,245.8,3.38,26.0,96142.0
20060214:0600,2.82,77.25,0.0,0.0,0.0,244.8,3.59,29.0,96179.0
20060214:0700,3.09,75.7,90.0,375.4,43.0,246.0,3.59,29.0,96236.0
20060214:0800,5.24,65.75,300.0,650.56,92.0,247.6,3.59,37.0,96302.0
20060214:0900,8.11,53.5,490.0,751.73,126.0,252.6,4.28,53.0,96349.0
20060214:1000,9.98,48.75,646.0,842.86,134.0,258.6,4.76,74.0,96358.0
20060214:1100,11.24,47.6,721.0,809.05,170.0,264.4,5.1,93.0,96358.0
20060214:1200,12.18,44.65,756.0,864.32,151.0,268.8,5.31,100.0,96273.0
20060214:1300,12.85,42.1,694.0,785.88,173.0,271.4,5.38,100.0,96198.0
20060214:1400,13.22,40.2,572.0,693.45,175.0,272.2,5.59,98.0,96142.0
20060214:1500,13.28,39.0,433.0,733.71,114.0,272.2,5.79,95.0,96113.0
20060214:1600,13.02,39.2,201.0,366.54,106.0,280.8,5.86,90.0,96123.0
20060214:1700,12.22,41.35,18.0,0.0,18.0,273.8,5.66,86.0,96142.0
20060214:1800,11.12,45.35,0.0,0.0,0.0,280.4,4.9,84.0,96217.0
20060214:1900,10.1,48.35,0.0,0.0,0.0,279.2,5.1,81.0,96283.0
20060214:2000,9.08,53.05,0.0,0.0,0.0,265.0,5.03,80.0,96339.0
20060214:2100,8.07,57.95,0.0,0.0,0.0,257.0,4.76,79.0,96377.0
20060214:2200,7.13,62.65,0.0,0.0,0.0,252.0,4.41,77.0,96349.0
20060214:2300,6.28,66.95,0.0,0.0,0.0,250.0,4.14,72.0,96358.0
20060215:0000,5.53,70.85,0.0,0.0,0.0,247.6,3.86,64.0,96367.0
20060215:0100,4.84,74.55,0.0,0.0,0.0,245.8,3.86,55.0,96349.0
20060215:0200,4.23,77.85,0.0,0.0,0.0,243.4,3.93,50.0,96349.0
20060215:0300,3.69,80.9,0.0,0.0,0.0,241.6,4.07,46.0,96330.0
20060215:0400,3.23,83.4,0.0,0.0,0.0,240.0,4.14,44.0,96339.0
20060215:0500,2.86,85.2,0.0,0.0,0.0,239.0,4.21,42.0,96339.0
20060215:0600,2.57,86.15,0.0,0.0,0.0,238.0,4.34,37.0,96405.0
20060215:0700,2.98,83.75,94.0,396.23,43.0,239.4,4.48,39.0,96433.0
20060215:0800,4.7,74.45,303.0,642.97,95.0,241.4,4.76,43.0,96518.0
20060215:0900,7.11,63.5,489.0,725.11,135.0,246.2,5.45,57.0,96509.0
20060215:1000,9.1,54.15,647.0,828.98,140.0,252.2,5.79,69.0,96443.0
20060215:1100,10.59,44.9,738.0,858.05,150.0,257.2,6.34,69.0,96433.0
20060215:1200,11.59,39.55,723.0,725.63,212.0,261.0,6.41,67.0,96377.0
20060215:1300,12.23,36.6,651.0,616.07,240.0,263.0,6.21,66.0,96264.0
20060215:1400,12.61,34.95,580.0,709.4,171.0,263.8,6.14,62.0,96207.0
20060215:1500,12.67,34.45,445.0,779.71,103.0,263.8,6.0,60.0,96151.0
20060215:1600,12.31,35.4,232.0,570.82,82.0,262.6,5.59,63.0,96132.0
20060215:1700,11.52,37.9,19.0,0.0,19.0,259.8,4.9,64.0,96151.0
20060215:1800,10.19,42.25,0.0,0.0,0.0,256.8,3.72,65.0,96198.0
20060215:1900,9.33,44.15,0.0,0.0,0.0,255.0,3.52,75.0,96264.0
20060215:2000,8.28,48.2,0.0,0.0,0.0,253.0,3.24,89.0,96302.0
20060215:2100,7.26,52.4,0.0,0.0,0.0,250.6,3.03,105.0,96311.0
20060215:2200,6.17,57.75,0.0,0.0,0.0,247.8,2.41,108.0,96311.0
20060215:2300,5.27,64.4,0.0,0.0,0.0,245.4,1.52,80.0,96320.0
20060216:0000,5.57,61.0,0.0,0.0,0.0,244.2,1.24,19.0,96377.0
20060216:0100,4.04,68.5,0.0,0.0,0.0,243.8,1.79,337.0,96367.0
20060216:0200,2.79,74.15,0.0,0.0,0.0,243.4,2.48,314.0,96358.0
20060216:0300,2.16,76.5,0.0,0.0,0.0,243.2,2.9,301.0,96311.0
20060216:0400,1.42,80.05,0.0,0.0,0.0,242.2,2.97,296.0,96254.0
20060216:0500,1.05,81.6,0.0,0.0,0.0,241.2,3.24,296.0,96198.0
20060216:0600,1.09,80.7,0.0,0.0,0.0,240.6,3.45,294.0,96170.0
20060216:0700,0.94,82.15,95.0,377.92,45.0,239.0,2.97,294.0,96132.0
20060216:0800,3.72,67.95,305.0,632.37,98.0,240.6,2.76,289.0,96179.0
20060216:0900,8.36,48.6,491.0,711.03,141.0,246.4,2.97,290.0,96217.0
20060216:1000,11.16,39.45,648.0,813.6,147.0,254.0,3.45,292.0,96189.0
20060216:1100,13.04,34.65,722.0,780.23,184.0,261.2,3.31,288.0,96113.0
20060216:1200,14.43,31.5,745.0,786.19,188.0,267.2,3.17,277.0,96000.0
20060216:1300,15.5,28.3,696.0,759.7,186.0,270.8,3.31,268.0,95850.0
20060216:1400,16.27,25.85,608.0,812.98,136.0,272.8,3.59,264.0,95784.0
20060216:1500,16.67,24.3,439.0,725.49,118.0,272.8,3.86,262.0,95680.0
20060216:1600,16.67,23.9,232.0,544.37,87.0,272.0,4.07,259.0,95671.0
20060216:1700,16.01,25.1,20.0,0.0,20.0,269.2,3.86,253.0,95624.0
20060216:1800,14.15,28.75,0.0,0.0,0.0,266.0,3.72,246.0,95615.0
20060216:1900,13.1,31.2,0.0,0.0,0.0,264.6,4.28,242.0,95680.0
20060216:2000,12.0,33.9,0.0,0.0,0.0,262.8,4.97,237.0,95737.0
20060216:2100,11.05,36.45,0.0,0.0,0.0,261.6,5.1,238.0,95746.0
20060216:2200,10.18,38.95,0.0,0.0,0.0,259.6,5.31,244.0,95737.0
20060216:2300,9.42,41.2,0.0,0.0,0.0,258.6,5.45,253.0,95756.0
20060217:0000,8.8,43.05,0.0,0.0,0.0,258.2,5.59,259.0,95756.0
20060217:0100,8.26,44.6,0.0,0.0,0.0,257.8,5.79,265.0,95775.0
20060217:0200,7.77,46.0,0.0,0.0,0.0,256.6,5.93,269.0,95746.0
20060217:0300,7.29,47.45,0.0,0.0,0.0,255.4,6.0,273.0,95737.0
20060217:0400,6.82,48.95,0.0,0.0,0.0,254.2,5.93,278.0,95718.0
20060217:0500,6.38,50.55,0.0,0.0,0.0,255.2,5.72,285.0,95709.0
20060217:0600,5.9,52.75,0.0,0.0,0.0,255.0,5.45,296.0,95728.0
20060217:0700,6.51,50.7,100.0,397.17,46.0,255.0,5.59,301.0,95728.0
20060217:0800,8.63,47.0,304.0,597.76,106.0,258.2,5.03,318.0,95756.0
20060217:0900,12.34,42.8,487.0,672.93,153.0,265.0,5.17,341.0,95793.0
20060217:1000,15.07,39.85,646.0,783.86,160.0,273.2,4.83,355.0,95812.0
20060217:1100,16.9,35.25,791.0,1049.26,63.0,280.8,3.17,358.0,95812.0
20060217:1200,18.02,31.95,763.0,834.79,168.0,288.8,1.86,352.0,95728.0
20060217:1300,18.69,30.0,745.0,938.56,111.0,297.0,0.97,339.0,95671.0
20060217:1400,19.04,28.65,616.0,831.32,130.0,300.8,0.28,264.0,95568.0
20060217:1500,19.21,27.8,426.0,634.13,143.0,304.8,0.69,213.0,95492.0
20060217:1600,19.12,27.65,227.0,474.19,99.0,304.0,1.03,204.0,95511.0
20060217:1700,18.76,28.05,22.0,0.0,22.0,296.2,1.24,194.0,95473.0
20060217:1800,17.63,30.1,0.0,0.0,0.0,290.0,1.45,186.0,95530.0
20060217:1900,16.03,32.5,0.0,0.0,0.0,290.0,1.86,255.0,95586.0
20060217:2000,14.59,36.35,0.0,0.0,0.0,294.6,2.0,275.0,95605.0
20060217:2100,13.65,39.55,0.0,0.0,0.0,314.4,2.0,289.0,95633.0
20060217:2200,12.97,42.3,0.0,0.0,0.0,321.6,2.14,311.0,95624.0
20060217:2300,12.31,46.1,0.0,0.0,0.0,316.2,2.76,339.0,95671.0
20060218:0000,11.76,51.55,0.0,0.0,0.0,315.0,3.31,351.0,95643.0
20060218:0100,11.18,57.1,0.0,0.0,0.0,306.2,3.52,358.0,95643.0
20060218:0200,10.65,60.95,0.0,0.0,0.0,302.0,3.59,358.0,95624.0
20060218:0300,10.21,63.35,0.0,0.0,0.0,300.8,3.52,357.0,95577.0
20060218:0400,9.83,64.6,0.0,0.0,0.0,297.4,3.72,355.0,95539.0
20060218:0500,9.84,63.75,0.0,0.0,0.0,305.2,4.07,357.0,95521.0
20060218:0600,9.79,63.3,0.0,0.0,0.0,308.0,3.59,359.0,95549.0
20060218:0700,10.5,60.85,77.0,136.02,58.0,313.2,3.72,3.0,95605.0
20060218:0800,11.84,55.25,140.0,17.9,134.0,309.2,3.72,9.0,95633.0
20060218:0900,14.03,47.3,541.0,941.1,70.0,304.4,4.48,21.0,95718.0
20060218:1000,15.78,41.3,376.0,89.71,320.0,295.0,4.97,38.0,95746.0
20060218:1100,17.17,37.15,744.0,829.36,165.0,296.8,4.55,48.0,95756.0
20060218:1200,18.02,34.95,781.0,885.59,146.0,299.6,3.72,53.0,95690.0
20060218:1300,18.6,32.85,730.0,854.8,149.0,307.0,2.69,44.0,95624.0
20060218:1400,18.92,30.8,618.0,817.14,137.0,310.2,2.14,13.0,95577.0
20060218:1500,18.78,30.6,315.0,199.96,225.0,342.8,2.14,7.0,95568.0
20060218:1600,18.59,30.65,122.0,32.91,113.0,348.8,1.93,11.0,95568.0
20060218:1700,18.34,31.05,21.0,0.0,21.0,336.8,1.72,23.0,95577.0
20060218:1800,17.43,33.25,0.0,0.0,0.0,323.2,1.79,56.0,95605.0
20060218:1900,16.38,37.6,0.0,0.0,0.0,320.2,0.97,97.0,95680.0
20060218:2000,15.16,44.35,0.0,0.0,0.0,303.8,1.03,148.0,95728.0
20060218:2100,13.9,48.3,0.0,0.0,0.0,307.0,1.45,177.0,95756.0
20060218:2200,12.96,50.3,0.0,0.0,0.0,307.0,2.21,191.0,95737.0
20060218:2300,12.47,52.1,0.0,0.0,0.0,314.6,2.83,199.0,95756.0
20060219:0000,11.78,55.55,0.0,0.0,0.0,315.2,2.34,223.0,95793.0
20060219:0100,11.11,57.55,0.0,0.0,0.0,315.45,2.07,306.0,95775.0
20060219:0200,9.62,61.0,0.0,0.0,0.0,277.8,2.55,339.0,95775.0
20060219:0300,8.59,63.6,0.0,0.0,0.0,275.8,2.76,352.0,95756.0
20060219:0400,7.75,65.65,0.0,0.0,0.0,274.2,2.76,347.0,95728.0
20060219:0500,7.0,67.35,0.0,0.0,0.0,268.2,2.9,335.0,95718.0
20060219:0600,6.28,69.25,0.0,0.0,0.0,264.6,2.76,328.0,95718.0
20060219:0700,6.17,71.2,106.0,397.25,49.0,265.6,2.55,327.0,95728.0
20060219:0800,8.62,60.6,322.0,666.25,96.0,265.8,1.86,329.0,95765.0
20060219:0900,13.03,42.1,513.0,760.91,129.0,270.6,1.59,339.0,95793.0
20060219:1000,15.21,35.6,670.0,851.16,135.0,276.8,1.24,311.0,95803.0
20060219:1100,17.11,28.8,749.0,831.37,165.0,284.0,1.93,269.0,95765.0
20060219:1200,18.83,24.9,781.0,870.62,153.0,289.6,3.59,258.0,95690.0
20060219:1300,20.03,24.15,735.0,856.89,149.0,293.6,5.31,259.0,95605.0
20060219:1400,20.63,23.65,636.0,882.47,113.0,295.8,6.21,260.0,95502.0
20060219:1500,20.78,23.2,460.0,773.32,109.0,296.8,6.62,259.0,95473.0
20060219:1600,20.51,23.45,245.0,563.12,89.0,296.2,6.69,256.0,95426.0
20060219:1700,19.77,24.6,24.0,0.0,24.0,293.8,5.86,252.0,95398.0
20060219:1800,18.19,27.25,0.0,0.0,0.0,290.6,4.41,243.0,95398.0
20060219:1900,17.24,28.35,0.0,0.0,0.0,292.8,4.0,225.0,95408.0
20060219:2000,16.09,30.0,0.0,0.0,0.0,288.2,4.55,214.0,95445.0
20060219:2100,15.17,30.4,0.0,0.0,0.0,282.6,5.72,216.0,95436.0
20060219:2200,14.53,29.6,0.0,0.0,0.0,278.8,6.76,225.0,95445.0
20060219:2300,14.03,29.75,0.0,0.0,0.0,280.8,7.1,237.0,95464.0
20060220:0000,13.47,30.55,0.0,0.0,0.0,292.2,6.0,274.0,95511.0
20060220:0100,11.62,38.65,0.0,0.0,0.0,282.4,5.24,325.0,95558.0
20060220:0200,9.52,52.85,0.0,0.0,0.0,270.6,5.31,350.0,95643.0
20060220:0300,8.54,59.25,0.0,0.0,0.0,278.6,4.34,354.0,95643.0
20060220:0400,8.07,60.95,0.0,0.0,0.0,281.6,3.45,344.0,95680.0
20060220:0500,7.48,62.35,0.0,0.0,0.0,271.4,3.17,335.0,95671.0
20060220:0600,7.32,62.75,0.0,0.0,0.0,294.0,2.83,327.0,95718.0
20060220:0700,7.21,66.05,96.0,251.11,59.0,289.2,1.86,355.0,95775.0
20060220:0800,9.0,54.95,345.0,815.65,65.0,292.6,2.0,352.0,95793.0
20060220:0900,10.36,46.4,501.0,677.95,156.0,286.6,2.55,350.0,95812.0
20060220:1000,12.03,38.5,393.0,102.71,328.0,299.2,3.1,348.0,95831.0
20060220:1100,13.52,34.15,780.0,932.37,121.0,289.0,2.69,332.0,95746.0
20060220:1200,14.54,31.65,799.0,923.35,129.0,302.8,2.55,303.0,95652.0
20060220:1300,15.39,29.05,744.0,873.48,143.0,299.8,3.31,283.0,95539.0
20060220:1400,16.01,26.8,641.0,883.25,114.0,302.0,3.93,277.0,95464.0
20060220:1500,16.11,26.1,462.0,760.38,114.0,305.2,4.21,275.0,95417.0
20060220:1600,15.86,26.35,251.0,588.14,86.0,292.0,4.55,276.0,95389.0
20060220:1700,15.28,27.7,26.0,0.0,26.0,302.6,4.69,278.0,95398.0
20060220:1800,14.21,30.35,0.0,0.0,0.0,301.2,4.0,279.0,95417.0
20060220:1900,13.71,30.05,0.0,0.0,0.0,299.0,3.17,273.0,95464.0
20060220:2000,12.76,32.6,0.0,0.0,0.0,293.2,2.83,258.0,95473.0
20060220:2100,11.71,35.65,0.0,0.0,0.0,282.6,2.76,250.0,95502.0
20060220:2200,10.5,39.3,0.0,0.0,0.0,268.8,2.76,255.0,95436.0
20060220:2300,9.31,43.95,0.0,0.0,0.0,266.2,2.62,270.0,95408.0
20060221:0000,8.23,47.05,0.0,0.0,0.0,267.2,2.69,295.0,95398.0
20060221:0100,7.15,48.75,0.0,0.0,0.0,260.8,2.9,315.0,95351.0
20060221:0200,6.44,49.4,0.0,0.0,0.0,261.8,3.1,330.0,95351.0
20060221:0300,5.97,50.5,0.0,0.0,0.0,268.6,3.1,341.0,95332.0
20060221:0400,5.43,52.6,0.0,0.0,0.0,262.4,3.1,345.0,95370.0
20060221:0500,5.38,54.6,0.0,0.0,0.0,282.2,2.76,344.0,95408.0
20060221:0600,5.65,55.55,0.0,0.0,0.0,300.0,2.62,344.0,95473.0
20060221:0700,6.47,57.65,121.0,515.62,43.0,293.4,3.1,8.0,95492.0
20060221:0800,8.16,52.8,334.0,696.58,92.0,285.0,3.45,11.0,95530.0
20060221:0900,10.3,46.9,482.0,576.82,186.0,328.2,3.93,18.0,95577.0
20060221:1000,11.51,43.45,673.0,820.74,150.0,330.6,4.0,23.0,95539.0
20060221:1100,12.11,41.5,479.0,142.02,378.0,330.4,3.72,32.0,95521.0
20060221:1200,12.82,39.55,787.0,856.26,162.0,334.2,3.38,44.0,95436.0
20060221:1300,13.1,38.95,674.0,608.18,253.0,329.4,3.03,49.0,95389.0
20060221:1400,13.49,38.15,568.0,569.39,226.0,332.8,3.03,48.0,95295.0
20060221:1500,13.63,37.95,238.0,47.68,216.0,331.6,3.24,48.0,95266.0
20060221:1600,13.53,38.45,97.0,3.52,96.0,317.0,3.52,47.0,95248.0
20060221:1700,13.13,40.0,27.0,24.81,25.0,318.4,3.79,43.0,95219.0
20060221:1800,12.15,44.55,0.0,0.0,0.0,317.2,3.93,28.0,95219.0
20060221:1900,12.79,39.45,0.0,0.0,0.0,311.8,4.48,58.0,95229.0
20060221:2000,11.8,42.2,0.0,0.0,0.0,296.0,4.9,58.0,95285.0
20060221:2100,11.06,44.3,0.0,0.0,0.0,296.4,5.03,62.0,95323.0
20060221:2200,10.42,46.55,0.0,0.0,0.0,296.4,5.1,63.0,95295.0
20060221:2300,9.74,49.4,0.0,0.0,0.0,292.8,5.1,62.0,95313.0
20060222:0000,8.99,52.2,0.0,0.0,0.0,280.4,5.1,62.0,95304.0
20060222:0100,8.74,53.3,0.0,0.0,0.0,299.4,5.24,65.0,95285.0
20060222:0200,8.61,53.95,0.0,0.0,0.0,312.4,5.52,71.0,95229.0
20060222:0300,8.44,54.95,0.0,0.0,0.0,314.8,5.72,79.0,95163.0
20060222:0400,8.06,56.75,0.0,0.0,0.0,303.4,6.07,88.0,95106.0
20060222:0500,7.56,58.9,0.0,0.0,0.0,288.4,6.21,96.0,95050.0
20060222:0600,7.25,60.1,0.0,0.0,0.0,290.8,6.21,101.0,95031.0
20060222:0700,7.75,57.6,115.0,380.0,56.0,283.4,5.31,108.0,94994.0
20060222:0800,8.94,52.65,287.0,389.66,150.0,290.8,5.52,110.0,94994.0
20060222:0900,10.7,47.6,525.0,751.74,136.0,296.8,6.28,118.0,94965.0
20060222:1000,12.85,45.35,697.0,903.98,117.0,305.8,6.69,125.0,94768.0
20060222:1100,14.56,42.25,818.0,1056.55,62.0,309.2,7.1,130.0,94655.0
20060222:1200,16.27,39.55,810.0,924.79,131.0,304.8,7.45,136.0,94532.0
20060222:1300,17.7,37.3,762.0,910.41,128.0,305.4,7.86,139.0,94325.0
20060222:1400,18.77,35.15,667.0,970.86,80.0,321.2,8.48,142.0,94147.0
20060222:1500,19.82,30.2,470.0,765.33,114.0,317.0,9.24,148.0,93977.0
20060222:1600,20.02,25.55,188.0,180.85,136.0,326.6,8.41,160.0,93902.0
20060222:1700,18.67,28.9,41.0,131.25,30.0,329.8,5.17,166.0,93789.0
20060222:1800,16.42,36.65,0.0,0.0,0.0,316.0,3.79,134.0,93714.0
20060222:1900,16.34,29.2,0.0,0.0,0.0,297.2,3.86,188.0,93676.0
20060222:2000,14.84,33.2,0.0,0.0,0.0,288.4,4.21,211.0,93629.0
20060222:2100,12.89,45.6,0.0,0.0,0.0,289.0,2.34,241.0,93591.0
20060222:2200,11.41,49.95,0.0,0.0,0.0,297.8,2.62,319.0,93601.0
20060222:2300,9.26,62.85,0.0,0.0,0.0,288.8,10.62,325.0,93751.0
20060223:0000,6.81,73.95,0.0,0.0,0.0,292.2,16.14,325.0,93940.0
20060223:0100,5.42,70.55,0.0,0.0,0.0,316.05,15.59,319.0,94184.0
20060223:0200,5.95,68.4,0.0,0.0,0.0,330.6,14.76,313.0,94344.0
20060223:0300,6.59,62.25,0.0,0.0,0.0,305.6,16.0,314.0,94438.0
20060223:0400,6.82,59.6,0.0,0.0,0.0,288.4,15.45,311.0,94495.0
20060223:0500,6.61,58.65,0.0,0.0,0.0,257.8,14.83,310.0,94608.0
20060223:0600,6.53,57.5,0.0,0.0,0.0,251.4,14.48,310.0,94721.0
20060223:0700,6.54,57.45,117.0,364.07,59.0,246.4,13.86,312.0,94843.0
20060223:0800,7.56,54.3,327.0,590.2,117.0,248.4,12.34,310.0,94946.0
20060223:0900,8.81,49.05,520.0,709.07,150.0,251.0,14.28,314.0,95059.0
20060223:1000,10.04,44.8,691.0,856.03,138.0,254.2,14.41,317.0,95135.0
20060223:1100,11.22,41.55,816.0,1026.5,77.0,257.6,13.93,318.0,95116.0
20060223:1200,12.28,38.65,848.0,1065.64,61.0,261.2,13.24,318.0,95135.0
20060223:1300,12.99,36.75,798.0,1049.19,63.0,263.6,12.55,317.0,95154.0
20060223:1400,13.21,36.15,665.0,938.26,94.0,264.8,11.93,314.0,95106.0
20060223:1500,12.96,37.0,459.0,682.48,139.0,264.8,11.45,313.0,95154.0
20060223:1600,12.25,38.7,232.0,384.91,120.0,263.6,11.03,313.0,95238.0
20060223:1700,11.03,42.4,47.0,183.91,31.0,260.2,9.17,310.0,95266.0
20060223:1800,9.44,47.0,0.0,0.0,0.0,255.8,8.34,305.0,95370.0
20060223:1900,8.35,48.9,0.0,0.0,0.0,251.4,8.41,299.0,95426.0
20060223:2000,7.55,50.25,0.0,0.0,0.0,247.4,8.41,298.0,95511.0
20060223:2100,6.89,51.3,0.0,0.0,0.0,244.4,8.28,298.0,95521.0
20060223:2200,6.32,52.2,0.0,0.0,0.0,242.0,7.66,300.0,95502.0
20060223:2300,5.81,52.85,0.0,0.0,0.0,240.4,7.03,302.0,95521.0
20060224:0000,5.33,53.4,0.0,0.0,0.0,240.0,5.93,308.0,95492.0
20060224:0100,4.75,55.4,0.0,0.0,0.0,241.4,4.62,309.0,95445.0
20060224:0200,4.1,59.0,0.0,0.0,0.0,245.6,3.72,292.0,95464.0
20060224:0300,3.42,62.6,0.0,0.0,0.0,247.6,3.72,266.0,95464.0
20060224:0400,2.82,66.05,0.0,0.0,0.0,246.8,3.66,256.0,95417.0
20060224:0500,2.5,68.3,0.0,0.0,0.0,251.2,3.93,257.0,95436.0
20060224:0600,2.16,70.2,0.0,0.0,0.0,242.8,4.14,259.0,95417.0
20060224:0700,2.77,67.8,103.0,214.18,68.0,243.2,4.69,260.0,95398.0
20060224:0800,5.3,57.25,239.0,177.74,175.0,250.6,5.24,256.0,95436.0
20060224:0900,8.57,43.75,544.0,800.09,123.0,249.4,6.28,245.0,95436.0
20060224:1000,11.1,32.3,732.0,1023.95,66.0,253.6,8.14,234.0,95323.0
20060224:1100,13.01,24.25,801.0,938.82,121.0,258.4,9.38,232.0,95238.0
20060224:1200,14.53,19.5,824.0,945.05,122.0,260.4,10.14,235.0,95125.0
20060224:1300,15.67,16.35,788.0,983.42,95.0,262.4,10.83,240.0,95031.0
20060224:1400,16.43,15.55,638.0,793.46,152.0,264.8,10.48,249.0,94928.0
20060224:1500,16.49,16.8,391.0,376.66,213.0,268.0,9.52,262.0,94852.0
20060224:1600,16.19,19.85,274.0,658.94,80.0,272.4,8.0,270.0,94852.0
20060224:1700,15.26,26.25,42.0,99.81,33.0,270.0,5.86,281.0,94871.0
20060224:1800,13.4,36.95,0.0,0.0,0.0,279.4,5.1,295.0,94946.0
20060224:1900,12.19,41.4,0.0,0.0,0.0,282.6,4.21,306.0,94994.0
20060224:2000,11.19,50.15,0.0,0.0,0.0,275.2,4.9,310.0,95097.0
20060224:2100,10.03,58.1,0.0,0.0,0.0,270.0,6.34,317.0,95182.0
20060224:2200,8.63,61.25,0.0,0.0,0.0,264.6,6.62,323.0,95332.0
20060224:2300,7.64,59.25,0.0,0.0,0.0,273.4,6.21,323.0,95370.0
20060225:0000,6.67,57.15,0.0,0.0,0.0,260.8,5.86,322.0,95398.0
20060225:0100,6.0,55.15,0.0,0.0,0.0,263.6,5.66,317.0,95455.0
20060225:0200,5.57,53.2,0.0,0.0,0.0,271.8,5.52,309.0,95455.0
20060225:0300,5.2,50.9,0.0,0.0,0.0,275.0,5.38,308.0,95483.0
20060225:0400,4.69,50.05,0.0,0.0,0.0,264.2,5.45,308.0,95511.0
20060225:0500,4.14,51.55,0.0,0.0,0.0,254.4,5.52,308.0,95558.0
20060225:0600,3.74,54.35,0.0,0.0,0.0,254.0,5.31,309.0,95624.0
20060225:0700,4.27,54.25,132.0,465.45,54.0,252.8,4.62,310.0,95680.0
20060225:0800,5.62,50.5,343.0,644.9,108.0,246.2,4.97,314.0,95775.0
20060225:0900,7.33,45.5,533.0,727.47,147.0,241.0,6.07,323.0,95812.0
20060225:1000,8.96,41.1,697.0,842.92,145.0,246.6,6.21,329.0,95840.0
20060225:1100,10.49,36.35,771.0,805.53,184.0,248.4,5.45,332.0,95793.0
20060225:1200,11.76,31.9,807.0,860.65,164.0,253.0,4.55,330.0,95765.0
20060225:1300,12.65,28.55,755.0,830.97,166.0,256.4,3.79,323.0,95680.0
20060225:1400,13.19,26.6,668.0,908.47,108.0,259.4,3.24,311.0,95624.0
20060225:1500,13.5,25.65,486.0,785.31,112.0,259.8,3.17,299.0,95549.0
20060225:1600,13.45,25.85,289.0,762.2,62.0,260.0,3.03,294.0,95577.0
20060225:1700,13.01,27.15,45.0,117.88,34.0,258.4,2.69,293.0,95521.0
20060225:1800,11.89,31.55,0.0,0.0,0.0,257.0,2.14,311.0,95596.0
20060225:1900,10.19,39.8,0.0,0.0,0.0,256.0,2.28,330.0,95643.0
20060225:2000,9.16,46.85,0.0,0.0,0.0,265.4,2.14,326.0,95699.0
20060225:2100,8.11,60.2,0.0,0.0,0.0,276.2,1.45,307.0,95690.0
20060225:2200,7.61,61.85,0.0,0.0,0.0,277.4,1.17,270.0,95680.0
20060225:2300,7.55,56.1,0.0,0.0,0.0,260.6,1.1,231.0,95671.0
20060226:0000,6.73,58.55,0.0,0.0,0.0,255.6,1.38,201.0,95652.0
20060226:0100,5.42,63.45,0.0,0.0,0.0,257.4,1.93,177.0,95615.0
20060226:0200,4.49,65.15,0.0,0.0,0.0,255.8,2.34,163.0,95558.0
20060226:0300,4.27,63.35,0.0,0.0,0.0,268.0,2.55,154.0,95483.0
20060226:0400,4.18,63.5,0.0,0.0,0.0,284.6,2.28,151.0,95426.0
20060226:0500,4.44,62.25,0.0,0.0,0.0,302.6,2.0,159.0,95408.0
20060226:0600,4.66,60.0,0.0,0.0,0.0,307.4,2.0,168.0,95398.0
20060226:0700,5.03,56.2,98.0,139.7,74.0,302.6,2.21,171.0,95417.0
20060226:0800,6.81,43.7,303.0,395.92,157.0,301.2,2.62,167.0,95398.0
20060226:0900,9.27,31.2,583.0,958.8,70.0,309.8,3.66,165.0,95417.0
20060226:1000,11.56,24.55,644.0,624.89,232.0,301.8,5.03,166.0,95370.0
20060226:1100,13.43,21.35,802.0,905.73,138.0,301.4,6.21,169.0,95323.0
20060226:1200,14.94,19.65,839.0,964.87,114.0,300.6,7.17,171.0,95154.0
20060226:1300,16.25,18.8,785.0,932.78,120.0,273.2,7.45,176.0,94965.0
20060226:1400,17.17,18.7,632.0,736.72,175.0,276.0,7.45,182.0,94881.0
20060226:1500,17.67,19.1,463.0,648.07,152.0,279.2,7.17,187.0,94768.0
20060226:1600,17.71,20.0,212.0,242.36,139.0,294.4,6.83,190.0,94692.0
20060226:1700,17.29,21.55,40.0,62.21,34.0,294.0,5.72,190.0,94664.0
20060226:1800,15.47,25.15,0.0,0.0,0.0,274.2,4.55,182.0,94674.0
20060226:1900,13.85,27.1,0.0,0.0,0.0,274.0,4.34,170.0,94692.0
20060226:2000,12.8,29.25,0.0,0.0,0.0,276.0,4.48,171.0,94683.0
20060226:2100,11.88,31.45,0.0,0.0,0.0,273.6,4.14,182.0,94692.0
20060226:2200,10.96,34.25,0.0,0.0,0.0,271.0,3.79,203.0,94730.0
20060226:2300,10.18,36.9,0.0,0.0,0.0,271.6,3.79,230.0,94692.0
20060227:0000,9.19,44.05,0.0,0.0,0.0,269.8,5.24,311.0,94749.0
20060227:0100,8.34,64.65,0.0,0.0,0.0,267.8,6.55,347.0,94881.0
20060227:0200,7.53,77.25,0.0,0.0,0.0,265.6,5.72,353.0,94881.0
20060227:0300,6.8,81.6,0.0,0.0,0.0,262.4,4.55,350.0,94871.0
20060227:0400,6.34,82.95,0.0,0.0,0.0,271.8,3.72,342.0,94824.0
20060227:0500,6.05,83.05,0.0,0.0,0.0,279.0,3.17,328.0,94787.0
20060227:0600,5.48,84.6,0.0,0.0,0.0,267.0,3.1,310.0,94824.0
20060227:0700,6.48,76.9,150.0,590.7,46.0,294.4,2.97,298.0,94881.0
20060227:0800,8.37,59.65,363.0,715.52,96.0,307.6,3.31,294.0,94946.0
20060227:0900,10.4,39.05,540.0,717.32,153.0,307.0,4.97,305.0,95012.0
20060227:1000,11.9,30.95,707.0,845.15,146.0,282.8,6.55,307.0,94994.0
20060227:1100,13.27,29.2,785.0,824.39,177.0,276.2,7.79,306.0,94984.0
20060227:1200,14.38,28.65,869.0,1070.57,60.0,267.0,8.48,308.0,94956.0
20060227:1300,15.02,28.5,818.0,1054.37,62.0,270.0,8.48,312.0,94871.0
20060227:1400,15.36,28.25,697.0,1009.32,67.0,269.8,8.07,315.0,94862.0
20060227:1500,15.36,28.85,467.0,649.43,153.0,269.8,7.66,319.0,94843.0
20060227:1600,15.09,30.15,182.0,124.77,144.0,268.6,7.1,324.0,94871.0
20060227:1700,14.49,31.85,38.0,40.18,34.0,276.4,6.07,326.0,94899.0
20060227:1800,13.09,36.45,0.0,0.0,0.0,269.0,4.28,319.0,94994.0
20060227:1900,12.01,41.75,0.0,0.0,0.0,267.4,4.83,317.0,95106.0
20060227:2000,10.9,48.7,0.0,0.0,0.0,266.2,5.24,317.0,95229.0
20060227:2100,9.96,54.55,0.0,0.0,0.0,265.0,5.17,315.0,95332.0
20060227:2200,9.06,59.05,0.0,0.0,0.0,263.4,5.1,313.0,95361.0
20060227:2300,8.24,62.95,0.0,0.0,0.0,262.0,5.17,313.0,95389.0
20060228:0000,7.4,67.15,0.0,0.0,0.0,258.8,5.24,316.0,95426.0
20060228:0100,6.66,71.05,0.0,0.0,0.0,257.0,5.24,320.0,95455.0
20060228:0200,5.99,74.65,0.0,0.0,0.0,254.0,5.03,325.0,95445.0
20060228:0300,5.42,78.0,0.0,0.0,0.0,252.2,4.9,331.0,95483.0
20060228:0400,4.96,80.75,0.0,0.0,0.0,250.4,4.76,335.0,95502.0
20060228:0500,4.57,82.75,0.0,0.0,0.0,248.2,4.55,340.0,95549.0
20060228:0600,4.18,84.15,0.0,0.0,0.0,246.6,4.28,346.0,95596.0
20060228:0700,4.46,84.0,141.0,437.97,62.0,249.4,3.66,344.0,95643.0
20060228:0800,6.61,71.45,360.0,664.74,109.0,253.0,3.38,351.0,95699.0
20060228:0900,9.19,55.0,542.0,705.88,158.0,257.6,3.1,10.0,95746.0
20060228:1000,11.18,40.05,736.0,947.23,103.0,262.8,2.62,46.0,95709.0
20060228:1100,12.6,33.05,799.0,857.24,163.0,270.0,2.14,92.0,95652.0
20060228:1200,13.72,30.7,807.0,814.55,188.0,272.8,2.0,136.0,95624.0
20060228:1300,14.63,29.4,778.0,866.75,153.0,276.8,2.07,159.0,95511.0
20060228:1400,15.42,28.3,681.0,912.38,108.0,280.6,2.41,165.0,95398.0
20060228:1500,15.86,27.85,511.0,868.41,88.0,281.4,2.62,164.0,95398.0
20060228:1600,15.69,24.82,297.0,737.27,70.0,284.44,3.66,158.0,95342.0
20060228:1700,14.75,29.65,11.0,0.0,11.0,281.94,3.68,149.0,95342.0
20060228:1800,13.82,34.48,0.0,0.0,0.0,279.45,3.71,145.0,95361.0
20060228:1900,12.89,39.31,0.0,0.0,0.0,276.95,3.73,150.0,95389.0
20060228:2000,11.96,44.14,0.0,0.0,0.0,274.46,3.76,154.0,95445.0
20060228:2100,11.03,48.96,0.0,0.0,0.0,271.96,3.78,159.0,95502.0
20060228:2200,10.1,53.79,0.0,0.0,0.0,269.47,3.8,166.0,95502.0
20060228:2300,9.17,58.62,0.0,0.0,0.0,266.97,3.83,168.0,95483.0
20090301:0000,8.24,63.45,0.0,0.0,0.0,264.48,3.85,46.0,95831.0
20090301:0100,7.31,68.28,0.0,0.0,0.0,261.98,3.88,36.0,95831.0
20090301:0200,6.38,73.11,0.0,0.0,0.0,259.49,3.9,28.0,95831.0
20090301:0300,5.45,77.94,0.0,0.0,0.0,256.99,3.92,23.0,95784.0
20090301:0400,4.51,82.77,0.0,0.0,0.0,254.5,3.95,19.0,95746.0
20090301:0500,3.58,87.6,0.0,0.0,0.0,252.0,3.97,15.0,95765.0
20090301:0600,2.65,92.43,0.0,0.0,0.0,249.51,4.0,14.0,95756.0
20090301:0700,1.72,97.26,141.0,400.56,67.0,247.01,4.02,17.0,95812.0
20090301:0800,6.98,70.05,364.0,664.81,110.0,256.0,4.07,21.0,95850.0
20090301:0900,9.72,55.3,571.0,820.39,121.0,261.6,4.07,25.0,95887.0
20090301:1000,11.92,45.65,723.0,872.53,136.0,268.4,3.59,30.0,95897.0
20090301:1100,13.72,39.7,812.0,888.36,149.0,275.2,2.9,34.0,95822.0
20090301:1200,15.15,36.0,812.0,815.25,189.0,280.8,2.21,26.0,95737.0
20090301:1300,16.33,33.9,772.0,831.57,169.0,285.4,2.0,6.0,95671.0
20090301:1400,17.21,33.2,650.0,759.68,170.0,288.8,2.0,356.0,95605.0
20090301:1500,17.73,33.45,481.0,686.84,144.0,290.0,1.93,350.0,95558.0
20090301:1600,17.92,34.2,276.0,555.91,103.0,290.0,1.79,340.0,95577.0
20090301:1700,17.62,36.5,67.0,274.36,38.0,288.4,1.17,336.0,95605.0
20090301:1800,16.76,40.15,0.0,0.0,0.0,285.4,0.07,28.0,95633.0
20090301:1900,15.74,47.55,0.0,0.0,0.0,285.0,0.14,325.0,95718.0
20090301:2000,14.67,52.0,0.0,0.0,0.0,284.2,0.83,237.0,95793.0
20090301:2100,12.25,65.35,0.0,0.0,0.0,283.0,1.66,240.0,95831.0
20090301:2200,10.95,69.05,0.0,0.0,0.0,282.2,2.34,262.0,95887.0
20090301:2300,10.05,73.05,0.0,0.0,0.0,283.2,2.9,279.0,95935.0
20090302:0000,8.94,79.7,0.0,0.0,0.0,280.8,2.97,288.0,95897.0
20090302:0100,8.04,84.55,0.0,0.0,0.0,279.8,3.03,293.0,95906.0
20090302:0200,7.4,87.3,0.0,0.0,0.0,278.2,2.97,294.0,95869.0
20090302:0300,6.88,88.55,0.0,0.0,0.0,277.2,2.9,291.0,95850.0
20090302:0400,6.5,89.25,0.0,0.0,0.0,278.6,2.97,290.0,95840.0
20090302:0500,6.27,89.1,0.0,0.0,0.0,278.4,3.1,290.0,95897.0
20090302:0600,6.1,88.6,0.0,0.0,0.0,274.8,3.17,292.0,95906.0
20090302:0700,6.95,86.95,139.0,354.22,72.0,278.4,2.97,294.0,95953.0
20090302:0800,9.89,75.45,365.0,641.54,117.0,280.4,2.41,292.0,95991.0
20090302:0900,14.39,57.35,567.0,779.31,136.0,286.0,2.0,295.0,96019.0
20090302:1000,16.94,45.7,677.0,680.69,216.0,294.2,1.86,289.0,96010.0
20090302:1100,18.28,40.75,799.0,824.55,180.0,301.2,1.03,251.0,95982.0
20090302:1200,19.37,37.25,794.0,740.48,225.0,305.8,1.79,183.0,95906.0
20090302:1300,20.26,33.5,759.0,770.75,197.0,308.0,3.1,168.0,95822.0
20090302:1400,20.6,31.4,654.0,761.45,170.0,309.8,3.93,163.0,95756.0
20090302:1500,20.63,30.5,482.0,675.86,148.0,307.6,4.28,163.0,95709.0
20090302:1600,20.29,30.75,278.0,550.12,105.0,304.6,4.48,161.0,95690.0
20090302:1700,19.44,33.1,70.0,294.28,38.0,299.8,4.55,156.0,95662.0
20090302:1800,17.48,39.45,0.0,0.0,0.0,295.0,4.07,154.0,95690.0
20090302:1900,16.02,44.2,0.0,0.0,0.0,289.4,4.0,156.0,95756.0
20090302:2000,14.77,48.25,0.0,0.0,0.0,285.2,3.72,162.0,95784.0
20090302:2100,13.64,51.95,0.0,0.0,0.0,281.6,3.59,166.0,95822.0
20090302:2200,12.64,55.05,0.0,0.0,0.0,278.2,3.52,165.0,95803.0
20090302:2300,11.76,57.8,0.0,0.0,0.0,276.4,3.31,167.0,95775.0
20090303:0000,10.99,60.5,0.0,0.0,0.0,277.6,2.97,173.0,95793.0
20090303:0100,10.24,63.7,0.0,0.0,0.0,281.2,2.62,173.0,95737.0
20090303:0200,9.57,66.15,0.0,0.0,0.0,278.8,2.62,158.0,95699.0
20090303:0300,8.98,68.25,0.0,0.0,0.0,276.4,2.83,149.0,95643.0
20090303:0400,8.44,71.25,0.0,0.0,0.0,281.4,2.83,148.0,95633.0
20090303:0500,7.81,74.75,0.0,0.0,0.0,275.8,2.69,150.0,95633.0
20090303:0600,7.39,76.95,0.0,0.0,0.0,277.8,2.62,151.0,95624.0
20090303:0700,7.82,77.1,103.0,103.31,83.0,279.8,2.62,147.0,95624.0
20090303:0800,10.65,64.2,243.0,135.51,190.0,282.4,2.76,145.0,95652.0
20090303:0900,14.11,49.35,438.0,299.5,271.0,285.8,4.14,144.0,95662.0
20090303:1000,16.3,41.45,0.0,0.0,0.0,293.4,5.38,143.0,95615.0
20090303:1100,18.14,34.9,786.0,764.14,209.0,297.4,6.41,144.0,95521.0
20090303:1200,19.61,30.2,771.0,656.2,264.0,301.6,6.9,148.0,95417.0
20090303:1300,20.74,27.2,755.0,741.99,211.0,302.0,7.1,153.0,95295.0
20090303:1400,21.48,25.05,658.0,763.23,170.0,304.2,6.97,160.0,95210.0
20090303:1500,21.87,23.2,481.0,651.01,157.0,303.2,6.69,165.0,95116.0
20090303:1600,21.85,22.1,278.0,528.76,110.0,298.8,6.28,168.0,95069.0
20090303:1700,21.1,23.25,71.0,268.44,41.0,292.8,5.03,164.0,95031.0
20090303:1800,18.89,27.75,0.0,0.0,0.0,288.6,4.28,156.0,95012.0
20090303:1900,17.4,31.6,0.0,0.0,0.0,284.6,4.34,159.0,95012.0
20090303:2000,16.11,34.85,0.0,0.0,0.0,281.6,4.14,154.0,95022.0
20090303:2100,14.94,38.2,0.0,0.0,0.0,279.6,4.0,145.0,94946.0
20090303:2200,13.95,41.25,0.0,0.0,0.0,276.8,4.0,142.0,94937.0
20090303:2300,13.11,43.9,0.0,0.0,0.0,276.4,3.79,150.0,94899.0
20090304:0000,12.3,46.75,0.0,0.0,0.0,277.4,3.38,165.0,94824.0
20090304:0100,11.7,48.3,0.0,0.0,0.0,278.0,3.59,191.0,94758.0
20090304:0200,11.32,48.4,0.0,0.0,0.0,277.6,4.07,213.0,94711.0
20090304:0300,11.13,46.5,0.0,0.0,0.0,276.8,4.62,230.0,94570.0
20090304:0400,11.11,41.7,0.0,0.0,0.0,275.2,5.1,241.0,94476.0
20090304:0500,10.88,37.9,0.0,0.0,0.0,274.4,5.52,248.0,94420.0
20090304:0600,10.29,38.25,0.0,0.0,0.0,272.8,5.72,254.0,94410.0
20090304:0700,10.96,37.4,147.0,353.37,77.0,274.8,5.86,260.0,94429.0
20090304:0800,12.33,35.35,366.0,601.52,128.0,273.4,5.93,278.0,94485.0
20090304:0900,13.77,37.85,562.0,711.53,162.0,272.8,6.62,300.0,94504.0
20090304:1000,15.07,40.1,719.0,798.54,171.0,273.4,8.34,310.0,94589.0
20090304:1100,15.74,37.55,809.0,828.21,180.0,278.6,9.66,312.0,94617.0
20090304:1200,16.62,31.75,752.0,590.86,293.0,283.2,9.17,304.0,94551.0
20090304:1300,17.41,26.05,790.0,850.58,163.0,284.0,9.59,293.0,94514.0
20090304:1400,17.65,23.3,674.0,810.12,153.0,280.8,10.76,289.0,94476.0
20090304:1500,17.57,23.05,501.0,734.3,133.0,277.2,11.38,287.0,94504.0
20090304:1600,17.14,22.5,270.0,464.26,121.0,274.4,11.72,287.0,94523.0
20090304:1700,17.3,18.15,71.0,252.73,42.0,278.2,10.41,285.0,94495.0
20090304:1800,16.02,25.05,0.0,0.0,0.0,281.8,9.86,287.0,94617.0
20090304:1900,14.37,35.35,0.0,0.0,0.0,275.6,10.21,281.0,94702.0
20090304:2000,13.67,36.1,0.0,0.0,0.0,275.2,8.9,275.0,94758.0
20090304:2100,13.11,37.15,0.0,0.0,0.0,274.6,8.97,272.0,94787.0
20090304:2200,12.57,40.35,0.0,0.0,0.0,275.2,9.59,269.0,94843.0
20090304:2300,12.09,43.7,0.0,0.0,0.0,275.0,10.28,266.0,94777.0
20090305:0000,11.76,46.7,0.0,0.0,0.0,275.6,10.97,266.0,94787.0
20090305:0100,11.7,47.4,0.0,0.0,0.0,274.4,11.52,266.0,94730.0
20090305:0200,11.98,45.3,0.0,0.0,0.0,282.4,11.31,264.0,94674.0
20090305:0300,11.9,43.15,0.0,0.0,0.0,279.8,11.38,260.0,94627.0
20090305:0400,11.65,42.0,0.0,0.0,0.0,286.6,11.45,258.0,94617.0
20090305:0500,11.86,42.4,0.0,0.0,0.0,300.6,11.52,261.0,94598.0
20090305:0600,12.01,45.45,0.0,0.0,0.0,296.6,11.66,264.0,94627.0
20090305:0700,12.57,50.6,121.0,157.93,89.0,286.2,11.66,273.0,94645.0
20090305:0800,13.67,49.3,338.0,434.73,164.0,289.2,11.24,271.0,94711.0
20090305:0900,14.95,45.45,424.0,247.02,284.0,283.8,13.38,276.0,94730.0
20090305:1000,16.24,38.6,277.0,7.24,272.0,286.4,14.97,283.0,94768.0
20090305:1100,17.3,33.6,481.0,106.04,400.0,290.0,14.76,280.0,94711.0
20090305:1200,18.22,28.9,868.0,951.34,125.0,308.4,15.17,278.0,94608.0
20090305:1300,18.67,28.85,738.0,659.84,249.0,334.6,15.45,277.0,94523.0
20090305:1400,18.05,33.0,162.0,0.0,162.0,347.8,15.38,274.0,94448.0
20090305:1500,17.56,35.85,430.0,418.16,219.0,354.6,15.1,271.0,94335.0
20090305:1600,17.68,35.4,233.0,262.24,148.0,341.8,15.17,267.0,94260.0
20090305:1700,17.84,34.55,42.0,25.48,39.0,339.4,15.31,270.0,94213.0
20090305:1800,17.28,36.15,0.0,0.0,0.0,336.8,14.62,272.0,94250.0
20090305:1900,16.65,37.85,0.0,0.0,0.0,335.0,15.03,282.0,94335.0
20090305:2000,15.51,41.15,0.0,0.0,0.0,302.2,14.28,286.0,94420.0
20090305:2100,14.36,44.85,0.0,0.0,0.0,286.0,13.45,290.0,94495.0
20090305:2200,13.37,46.2,0.0,0.0,0.0,279.8,12.28,292.0,94580.0
20090305:2300,12.54,47.25,0.0,0.0,0.0,283.0,11.31,293.0,94617.0
20090306:0000,11.95,47.4,0.0,0.0,0.0,294.4,10.9,293.0,94598.0
20090306:0100,11.16,48.5,0.0,0.0,0.0,275.4,10.28,292.0,94636.0
20090306:0200,10.55,50.0,0.0,0.0,0.0,279.4,9.86,294.0,94674.0
20090306:0300,9.84,51.75,0.0,0.0,0.0,274.0,8.9,298.0,94711.0
20090306:0400,9.08,54.05,0.0,0.0,0.0,262.0,7.59,292.0,94702.0
20090306:0500,8.59,56.25,0.0,0.0,0.0,260.6,7.03,278.0,94692.0
20090306:0600,8.57,56.55,0.0,0.0,0.0,274.0,7.59,275.0,94702.0
20090306:0700,9.16,57.65,163.0,429.58,74.0,291.6,6.07,284.0,94768.0
20090306:0800,10.43,49.7,385.0,654.55,120.0,305.6,7.79,290.0,94805.0
20090306:0900,11.52,43.05,540.0,586.35,205.0,282.6,9.38,303.0,94890.0
20090306:1000,12.59,36.25,507.0,208.56,362.0,280.0,10.76,313.0,94975.0
20090306:1100,13.41,29.65,824.0,846.14,174.0,278.6,11.72,319.0,94946.0
20090306:1200,14.24,24.8,845.0,852.06,176.0,274.6,12.21,319.0,94918.0
20090306:1300,14.78,22.3,825.0,953.01,115.0,272.2,12.83,317.0,94909.0
20090306:1400,14.89,21.65,689.0,842.46,141.0,268.6,12.0,317.0,94852.0
20090306:1500,15.23,20.2,481.0,606.3,173.0,265.0,11.93,315.0,94834.0
20090306:1600,14.9,21.6,252.0,336.1,142.0,268.4,11.52,313.0,94824.0
20090306:1700,13.87,23.7,81.0,314.93,43.0,273.2,10.28,313.0,94890.0
20090306:1800,12.42,27.9,0.0,0.0,0.0,259.2,8.41,313.0,95003.0
20090306:1900,11.46,36.1,0.0,0.0,0.0,277.2,8.69,321.0,95106.0
20090306:2000,10.12,41.2,0.0,0.0,0.0,262.8,7.52,328.0,95248.0
20090306:2100,9.0,45.8,0.0,0.0,0.0,255.2,4.69,328.0,95313.0
20090306:2200,8.14,53.1,0.0,0.0,0.0,280.4,2.62,315.0,95323.0
20090306:2300,7.9,57.65,0.0,0.0,0.0,307.2,2.07,278.0,95398.0
20090307:0000,7.51,64.7,0.0,0.0,0.0,306.2,3.03,253.0,95398.0
20090307:0100,7.27,67.55,0.0,0.0,0.0,292.4,3.66,241.0,95342.0
20090307:0200,7.17,69.75,0.0,0.0,0.0,287.0,3.93,246.0,95295.0
20090307:0300,7.35,71.4,0.0,0.0,0.0,296.8,4.0,246.0,95210.0
20090307:0400,7.38,74.1,0.0,0.0,0.0,295.4,4.14,242.0,95154.0
20090307:0500,7.76,75.6,0.0,0.0,0.0,313.6,4.34,241.0,95163.0
20090307:0600,7.94,78.55,0.0,0.0,0.0,309.4,4.55,247.0,95219.0
20090307:0700,9.0,78.15,73.0,9.44,71.0,302.0,4.62,266.0,95229.0
20090307:0800,10.48,72.65,310.0,290.61,191.0,317.2,4.9,273.0,95266.0
20090307:0900,12.0,66.3,457.0,310.8,278.0,332.2,5.03,284.0,95332.0
20090307:1000,13.76,55.1,698.0,673.1,227.0,325.8,6.76,323.0,95304.0
20090307:1100,15.6,42.95,169.0,0.0,169.0,312.2,8.41,343.0,95304.0
20090307:1200,17.07,35.45,384.0,26.61,363.0,309.4,9.52,341.0,95238.0
20090307:1300,17.97,30.65,504.0,145.55,395.0,309.6,10.14,337.0,95210.0
20090307:1400,18.42,28.25,644.0,655.86,215.0,333.2,10.34,339.0,95163.0
20090307:1500,18.7,26.65,344.0,168.18,258.0,326.8,10.41,341.0,95219.0
20090307:1600,18.19,27.9,300.0,593.19,104.0,326.6,9.79,345.0,95229.0
20090307:1700,17.35,30.25,79.0,258.93,47.0,305.6,8.55,350.0,95313.0
20090307:1800,15.63,36.05,0.0,0.0,0.0,303.0,7.17,358.0,95408.0
20090307:1900,14.17,40.55,0.0,0.0,0.0,289.6,6.14,357.0,95539.0
20090307:2000,12.92,45.9,0.0,0.0,0.0,277.0,5.31,357.0,95624.0
20090307:2100,11.88,51.1,0.0,0.0,0.0,276.6,4.76,355.0,95728.0
20090307:2200,10.84,56.5,0.0,0.0,0.0,271.6,4.48,352.0,95784.0
20090307:2300,9.96,61.65,0.0,0.0,0.0,270.2,4.34,350.0,95859.0
20090308:0000,9.11,66.7,0.0,0.0,0.0,266.6,4.21,350.0,95869.0
20090308:0100,8.36,71.25,0.0,0.0,0.0,264.6,4.07,358.0,95850.0
20090308:0200,7.58,75.85,0.0,0.0,0.0,260.6,3.52,2.0,95850.0
20090308:0300,6.67,81.2,0.0,0.0,0.0,257.6,2.83,342.0,95859.0
20090308:0400,5.85,85.45,0.0,0.0,0.0,255.8,2.97,307.0,95897.0
20090308:0500,5.23,88.05,0.0,0.0,0.0,254.6,3.38,295.0,95935.0
20090308:0600,4.98,88.55,0.0,0.0,0.0,253.2,3.79,297.0,95982.0
20090308:0700,6.0,84.7,175.0,462.1,75.0,251.8,3.93,309.0,96038.0
20090308:0800,8.9,71.05,395.0,661.62,121.0,254.6,3.93,319.0,96085.0
20090308:0900,12.01,53.55,586.0,733.82,160.0,260.0,3.86,334.0,96142.0
20090308:1000,13.91,38.05,731.0,773.88,186.0,266.6,2.9,352.0,96151.0
20090308:1100,15.09,31.6,810.0,769.78,212.0,271.8,1.52,346.0,96132.0
20090308:1200,16.15,28.25,765.0,581.05,304.0,276.0,1.03,316.0,96066.0
20090308:1300,17.02,25.75,777.0,746.6,215.0,279.0,0.9,313.0,95991.0
20090308:1400,17.64,23.85,671.0,740.47,184.0,280.6,0.62,318.0,95916.0
20090308:1500,18.04,22.65,505.0,685.84,152.0,281.4,0.55,263.0,95887.0
20090308:1600,18.23,22.05,302.0,584.69,107.0,280.4,1.24,232.0,95887.0
20090308:1700,18.05,22.55,91.0,403.23,40.0,278.0,1.66,224.0,95869.0
20090308:1800,16.94,28.25,0.0,0.0,0.0,275.4,2.34,200.0,95897.0
20090308:1900,15.1,34.9,0.0,0.0,0.0,273.0,2.83,215.0,95935.0
20090308:2000,13.55,39.8,0.0,0.0,0.0,271.2,3.1,220.0,95963.0
20090308:2100,12.22,43.8,0.0,0.0,0.0,268.8,3.17,225.0,96010.0
20090308:2200,11.09,46.55,0.0,0.0,0.0,267.0,3.59,228.0,96019.0
20090308:2300,10.38,47.35,0.0,0.0,0.0,265.6,4.0,232.0,96057.0
20090309:0000,9.78,48.55,0.0,0.0,0.0,265.8,3.86,237.0,96057.0
20090309:0100,9.03,51.35,0.0,0.0,0.0,263.4,3.66,244.0,96029.0
20090309:0200,8.38,54.2,0.0,0.0,0.0,262.8,3.72,250.0,95982.0
20090309:0300,7.91,56.25,0.0,0.0,0.0,262.0,3.93,255.0,95963.0
20090309:0400,7.6,57.9,0.0,0.0,0.0,263.4,3.93,261.0,95935.0
20090309:0500,7.35,59.55,0.0,0.0,0.0,268.6,3.79,265.0,95963.0
20090309:0600,7.36,60.25,0.0,0.0,0.0,282.4,3.72,267.0,95935.0
20090309:0700,8.38,57.65,185.0,515.71,71.0,286.0,3.66,264.0,96038.0
20090309:0800,11.24,48.25,398.0,651.87,125.0,280.8,3.59,259.0,96085.0
20090309:0900,14.66,37.8,545.0,555.43,220.0,292.8,3.93,247.0,96151.0
20090309:1000,17.05,31.7,629.0,444.46,314.0,302.8,4.34,235.0,96151.0
20090309:1100,18.84,28.2,829.0,818.03,190.0,303.0,4.48,231.0,96104.0
20090309:1200,20.06,26.5,882.0,939.23,133.0,310.6,4.0,229.0,96029.0
20090309:1300,20.95,25.45,554.0,207.52,397.0,314.6,3.45,222.0,95925.0
20090309:1400,21.54,24.55,218.0,0.0,218.0,316.0,3.59,213.0,95850.0
20090309:1500,21.86,23.8,312.0,104.25,258.0,314.2,4.07,212.0,95831.0
20090309:1600,21.74,23.55,143.0,23.77,135.0,313.2,4.07,210.0,95803.0
20090309:1700,21.13,24.1,82.0,255.12,49.0,309.0,3.72,200.0,95831.0
20090309:1800,19.2,27.65,0.0,0.0,0.0,308.6,3.86,186.0,95850.0
20090309:1900,17.64,29.85,0.0,0.0,0.0,305.0,4.41,188.0,95906.0
20090309:2000,16.31,30.35,0.0,0.0,0.0,301.6,4.69,192.0,95944.0
20090309:2100,15.17,30.5,0.0,0.0,0.0,296.2,4.62,197.0,95963.0
20090309:2200,14.26,30.85,0.0,0.0,0.0,296.8,4.41,204.0,95972.0
20090309:2300,13.52,31.45,0.0,0.0,0.0,298.2,4.21,213.0,95953.0
20090310:0000,12.69,32.7,0.0,0.0,0.0,289.4,4.07,223.0,95991.0
20090310:0100,11.83,34.4,0.0,0.0,0.0,283.6,3.86,233.0,95982.0
20090310:0200,11.11,36.2,0.0,0.0,0.0,284.8,3.66,243.0,95925.0
20090310:0300,10.47,37.95,0.0,0.0,0.0,284.4,3.52,256.0,95935.0
20090310:0400,9.78,40.1,0.0,0.0,0.0,281.4,3.31,271.0,95887.0
20090310:0500,9.04,43.1,0.0,0.0,0.0,279.2,3.03,288.0,95916.0
20090310:0600,8.3,46.4,0.0,0.0,0.0,278.8,2.9,300.0,95963.0
20090310:0700,8.77,47.25,177.0,416.43,83.0,278.8,2.48,300.0,96000.0
20090310:0800,12.33,37.55,399.0,630.51,132.0,281.6,1.86,300.0,96095.0
20090310:0900,15.92,26.15,596.0,737.63,161.0,287.6,1.03,274.0,96170.0
20090310:1000,18.1,21.9,745.0,790.82,181.0,295.2,1.45,191.0,96179.0
20090310:1100,19.78,19.8,866.0,934.54,132.0,300.4,2.48,176.0,96151.0
20090310:1200,20.97,18.85,806.0,676.23,264.0,307.0,2.97,171.0,96066.0
20090310:1300,21.71,18.45,830.0,907.47,140.0,309.6,3.1,167.0,95963.0
20090310:1400,22.11,18.1,683.0,756.65,180.0,312.4,3.17,162.0,95916.0
20090310:1500,22.23,17.7,498.0,625.4,172.0,312.2,3.31,160.0,95869.0
20090310:1600,21.99,17.4,312.0,612.46,104.0,309.8,3.45,157.0,95859.0
20090310:1700,21.3,17.25,74.0,158.85,53.0,307.0,3.86,153.0,95897.0
20090310:1800,19.59,19.2,0.0,0.0,0.0,305.4,3.79,150.0,95935.0
20090310:1900,18.59,21.2,0.0,0.0,0.0,322.4,3.79,158.0,95972.0
20090310:2000,17.24,23.25,0.0,0.0,0.0,308.6,3.79,163.0,96038.0
20090310:2100,16.01,25.75,0.0,0.0,0.0,300.8,3.59,174.0,96057.0
20090310:2200,15.01,28.2,0.0,0.0,0.0,299.2,3.38,184.0,96076.0
20090310:2300,14.03,30.65,0.0,0.0,0.0,293.6,3.17,195.0,96076.0
20090311:0000,13.17,33.2,0.0,0.0,0.0,292.2,2.9,203.0,96076.0
20090311:0100,12.16,37.5,0.0,0.0,0.0,287.2,2.48,212.0,96047.0
20090311:0200,11.76,40.75,0.0,0.0,0.0,287.4,1.79,234.0,95982.0
20090311:0300,12.19,37.6,0.0,0.0,0.0,293.0,1.45,298.0,95972.0
20090311:0400,10.32,41.8,0.0,0.0,0.0,292.4,2.83,331.0,95972.0
20090311:0500,9.45,43.85,0.0,0.0,0.0,291.0,2.9,335.0,96000.0
20090311:0600,8.92,45.6,0.0,0.0,0.0,290.0,2.76,334.0,96010.0
20090311:0700,9.16,50.95,187.0,460.01,81.0,283.6,2.07,328.0,96029.0
20090311:0800,13.01,43.5,411.0,670.32,124.0,282.6,1.24,337.0,96066.0
20090311:0900,16.88,26.0,611.0,782.39,146.0,291.6,0.62,27.0,96095.0
20090311:1000,18.58,22.75,759.0,823.54,168.0,302.4,0.69,129.0,96085.0
20090311:1100,20.0,20.7,853.0,868.72,167.0,308.4,1.1,151.0,96057.0
20090311:1200,21.19,19.25,835.0,749.83,231.0,315.4,1.31,157.0,95982.0
20090311:1300,22.04,18.45,821.0,858.52,165.0,320.6,1.31,167.0,95906.0
20090311:1400,22.55,18.05,713.0,864.94,135.0,316.2,1.45,174.0,95831.0
20090311:1500,22.77,17.95,492.0,589.14,183.0,317.6,1.52,172.0,95765.0
20090311:1600,22.73,18.1,311.0,592.5,108.0,329.4,1.59,159.0,95746.0
20090311:1700,22.39,18.6,100.0,422.14,43.0,316.8,2.0,152.0,95737.0
20090311:1800,21.16,21.0,0.0,0.0,0.0,311.6,2.76,150.0,95756.0
20090311:1900,19.74,24.05,0.0,0.0,0.0,304.0,2.9,157.0,95803.0
20090311:2000,18.41,26.65,0.0,0.0,0.0,307.8,3.1,168.0,95831.0
20090311:2100,17.25,29.0,0.0,0.0,0.0,306.6,3.17,182.0,95850.0
20090311:2200,16.11,31.5,0.0,0.0,0.0,296.8,3.17,199.0,95878.0
20090311:2300,15.05,34.05,0.0,0.0,0.0,292.6,2.97,217.0,95906.0
20090312:0000,14.05,36.95,0.0,0.0,0.0,291.8,2.76,235.0,95869.0
20090312:0100,13.13,39.6,0.0,0.0,0.0,288.0,2.76,250.0,95869.0
20090312:0200,12.36,41.5,0.0,0.0,0.0,287.0,2.97,262.0,95840.0
20090312:0300,11.63,43.45,0.0,0.0,0.0,287.0,3.1,275.0,95803.0
20090312:0400,10.96,45.45,0.0,0.0,0.0,285.8,3.31,286.0,95784.0
20090312:0500,10.43,46.85,0.0,0.0,0.0,285.6,3.45,291.0,95784.0
20090312:0600,10.11,48.0,0.0,0.0,0.0,284.6,3.52,295.0,95812.0
20090312:0700,11.17,46.8,192.0,467.79,82.0,288.6,3.24,301.0,95850.0
20090312:0800,14.71,38.8,418.0,686.16,121.0,288.8,2.62,311.0,95906.0
20090312:0900,18.39,32.2,613.0,769.71,152.0,295.8,2.14,335.0,95944.0
20090312:1000,20.48,29.2,768.0,840.64,161.0,305.6,2.07,19.0,95953.0
20090312:1100,21.79,27.1,858.0,869.13,168.0,313.4,2.21,52.0,95925.0
20090312:1200,22.67,25.75,843.0,763.44,225.0,319.0,2.07,72.0,95906.0
20090312:1300,23.29,24.85,821.0,843.95,173.0,322.2,1.86,81.0,95831.0
20090312:1400,23.7,24.05,706.0,818.82,156.0,324.0,1.52,76.0,95803.0
20090312:1500,23.92,23.6,528.0,731.5,142.0,333.4,2.0,70.0,95784.0
20090312:1600,23.92,23.45,323.0,653.96,97.0,327.2,2.9,71.0,95765.0
20090312:1700,23.33,24.1,97.0,348.26,49.0,323.6,4.07,77.0,95793.0
20090312:1800,21.79,26.35,0.0,0.0,0.0,316.8,4.21,82.0,95850.0
20090312:1900,19.85,27.9,0.0,0.0,0.0,304.2,4.34,78.0,95925.0
20090312:2000,18.45,29.75,0.0,0.0,0.0,299.4,4.41,78.0,96019.0
20090312:2100,17.12,32.2,0.0,0.0,0.0,296.2,4.28,79.0,96095.0
20090312:2200,15.93,34.95,0.0,0.0,0.0,292.8,4.0,82.0,96151.0
20090312:2300,14.88,37.85,0.0,0.0,0.0,290.2,3.66,86.0,96236.0
20090313:0000,13.88,41.0,0.0,0.0,0.0,286.6,3.24,87.0,96226.0
20090313:0100,12.92,44.4,0.0,0.0,0.0,284.4,2.9,81.0,96273.0
20090313:0200,12.04,47.7,0.0,0.0,0.0,282.2,2.97,68.0,96236.0
20090313:0300,11.23,50.85,0.0,0.0,0.0,280.4,3.17,58.0,96245.0
20090313:0400,10.59,53.55,0.0,0.0,0.0,278.6,3.45,52.0,96226.0
20090313:0500,10.03,56.05,0.0,0.0,0.0,276.0,3.66,49.0,96264.0
20090313:0600,9.47,58.8,0.0,0.0,0.0,273.2,3.45,50.0,96330.0
20090313:0700,9.9,62.15,201.0,508.58,79.0,273.6,3.1,52.0,96405.0
20090313:0800,12.09,54.25,428.0,715.36,115.0,276.6,4.0,64.0,96490.0
20090313:0900,13.83,48.6,629.0,816.89,136.0,281.2,4.41,80.0,96518.0
20090313:1000,15.63,42.9,777.0,858.92,153.0,287.0,4.28,97.0,96565.0
20090313:1100,17.36,37.55,863.0,870.82,168.0,293.2,4.41,114.0,96509.0
20090313:1200,18.76,33.0,858.0,795.38,211.0,297.8,4.48,124.0,96443.0
20090313:1300,19.72,29.55,830.0,860.67,166.0,301.8,4.21,125.0,96349.0
20090313:1400,20.32,27.3,706.0,805.81,162.0,303.4,4.0,122.0,96302.0
20090313:1500,20.57,26.25,531.0,732.81,142.0,303.2,4.0,120.0,96236.0
20090313:1600,20.4,26.05,318.0,596.8,110.0,300.6,4.07,120.0,96217.0
20090313:1700,19.78,26.75,99.0,348.5,50.0,297.4,4.0,120.0,96217.0
20090313:1800,18.44,29.3,0.0,0.0,0.0,292.4,3.24,118.0,96245.0
20090313:1900,17.0,33.15,0.0,0.0,0.0,288.4,2.9,125.0,96283.0
20090313:2000,15.86,35.9,0.0,0.0,0.0,285.6,2.69,132.0,96349.0
20090313:2100,14.74,38.8,0.0,0.0,0.0,283.6,2.55,139.0,96367.0
20090313:2200,13.66,41.8,0.0,0.0,0.0,281.2,2.62,149.0,96424.0
20090313:2300,12.63,44.7,0.0,0.0,0.0,279.4,2.62,159.0,96396.0
20090314:0000,11.73,47.4,0.0,0.0,0.0,278.4,2.55,173.0,96405.0
20090314:0100,10.92,49.95,0.0,0.0,0.0,278.0,2.48,191.0,96339.0
20090314:0200,10.17,52.7,0.0,0.0,0.0,276.8,2.28,210.0,96292.0
20090314:0300,9.82,53.55,0.0,0.0,0.0,276.2,2.14,229.0,96264.0
20090314:0400,9.56,53.85,0.0,0.0,0.0,275.4,2.07,253.0,96245.0
20090314:0500,8.9,55.95,0.0,0.0,0.0,274.2,2.28,275.0,96245.0
20090314:0600,8.2,58.35,0.0,0.0,0.0,273.4,2.55,298.0,96217.0
20090314:0700,8.81,60.2,203.0,486.44,84.0,275.8,2.07,315.0,96236.0
20090314:0800,12.82,47.65,429.0,691.94,123.0,279.0,1.38,327.0,96283.0
20090314:0900,16.34,33.7,631.0,802.51,143.0,286.6,0.48,339.0,96339.0
20090314:1000,18.1,30.2,774.0,827.76,169.0,295.4,0.62,163.0,96320.0
20090314:1100,19.76,27.7,868.0,871.28,169.0,302.4,1.59,169.0,96283.0
20090314:1200,21.06,26.0,887.0,877.22,170.0,308.0,2.21,170.0,96207.0
20090314:1300,21.97,24.95,0.0,0.0,0.0,310.8,2.41,168.0,96104.0
20090314:1400,22.46,24.3,690.0,731.06,194.0,312.6,2.28,159.0,96019.0
20090314:1500,22.71,23.65,563.0,878.36,94.0,312.8,2.28,150.0,95963.0
20090314:1600,22.61,23.5,339.0,728.44,83.0,312.6,2.41,148.0,95925.0
20090314:1700,22.09,24.1,30.0,0.0,30.0,313.4,2.97,155.0,95944.0
20090314:1800,20.8,26.2,0.0,0.0,0.0,312.8,3.31,162.0,95944.0
20090314:1900,19.64,28.25,0.0,0.0,0.0,313.2,3.86,174.0,95991.0
20090314:2000,18.37,30.0,0.0,0.0,0.0,306.6,3.93,184.0,96029.0
20090314:2100,17.26,31.7,0.0,0.0,0.0,303.8,3.72,196.0,96076.0
20090314:2200,16.27,33.35,0.0,0.0,0.0,301.8,3.59,207.0,96085.0
20090314:2300,15.35,34.95,0.0,0.0,0.0,298.0,3.45,221.0,96066.0
20090315:0000,14.51,36.6,0.0,0.0,0.0,295.2,3.31,238.0,96057.0
20090315:0100,13.72,38.55,0.0,0.0,0.0,293.6,3.1,260.0,96010.0
20090315:0200,12.89,40.85,0.0,0.0,0.0,290.8,3.17,283.0,95935.0
20090315:0300,12.02,43.6,0.0,0.0,0.0,288.2,3.24,299.0,95944.0
20090315:0400,11.3,46.05,0.0,0.0,0.0,290.0,3.24,310.0,95887.0
20090315:0500,10.86,47.6,0.0,0.0,0.0,288.2,3.31,314.0,95906.0
20090315:0600,10.55,48.9,0.0,0.0,0.0,291.8,3.17,310.0,95916.0
20090315:0700,11.47,49.65,147.0,140.34,112.0,292.6,2.21,314.0,95963.0
20090315:0800,15.02,44.25,446.0,760.74,106.0,297.0,0.9,297.0,96019.0
20090315:0900,19.14,28.7,622.0,745.93,165.0,308.0,1.31,156.0,96057.0
20090315:1000,20.65,25.2,779.0,829.63,169.0,320.0,3.17,149.0,96019.0
20090315:1100,21.79,24.25,868.0,855.65,178.0,326.8,3.59,149.0,95982.0
20090315:1200,22.61,24.15,876.0,829.25,195.0,331.4,3.86,147.0,95916.0
20090315:1300,23.14,24.05,824.0,814.15,190.0,335.6,3.72,144.0,95850.0
20090315:1400,23.44,23.9,701.0,761.23,182.0,332.6,3.38,139.0,95793.0
20090315:1500,23.51,23.9,470.0,458.08,224.0,336.0,3.45,132.0,95737.0
20090315:1600,23.22,24.55,326.0,612.45,109.0,325.8,4.07,136.0,95746.0
20090315:1700,22.46,25.9,71.0,88.99,58.0,327.8,4.34,145.0,95737.0
20090315:1800,21.15,28.4,0.0,0.0,0.0,326.6,3.79,152.0,95765.0
20090315:1900,19.66,32.5,0.0,0.0,0.0,323.0,3.1,153.0,95765.0
20090315:2000,18.8,34.6,0.0,0.0,0.0,328.6,2.41,162.0,95803.0
20090315:2100,17.77,38.3,0.0,0.0,0.0,322.6,1.59,179.0,95803.0
20090315:2200,16.71,43.3,0.0,0.0,0.0,307.6,1.17,219.0,95831.0
20090315:2300,15.53,45.95,0.0,0.0,0.0,305.2,1.72,258.0,95822.0
20090316:0000,14.71,46.9,0.0,0.0,0.0,307.6,2.48,273.0,95784.0
20090316:0100,13.9,49.15,0.0,0.0,0.0,306.0,2.76,277.0,95718.0
20090316:0200,13.07,51.8,0.0,0.0,0.0,303.0,2.83,283.0,95652.0
20090316:0300,12.34,54.55,0.0,0.0,0.0,302.2,2.97,295.0,95605.0
20090316:0400,11.75,57.35,0.0,0.0,0.0,298.4,3.17,308.0,95577.0
20090316:0500,11.57,59.8,0.0,0.0,0.0,299.2,3.38,320.0,95586.0
20090316:0600,11.73,62.45,0.0,0.0,0.0,301.6,3.72,337.0,95605.0
20090316:0700,13.25,60.9,226.0,613.78,70.0,313.6,3.59,348.0,95633.0
20090316:0800,16.34,50.7,446.0,737.33,113.0,327.6,4.28,10.0,95662.0
20090316:0900,18.75,40.35,648.0,837.64,131.0,316.6,5.17,30.0,95671.0
20090316:1000,20.35,33.95,684.0,516.49,302.0,319.6,5.1,42.0,95652.0
20090316:1100,21.54,30.4,877.0,873.53,169.0,328.0,4.69,49.0,95605.0
20090316:1200,22.38,28.35,890.0,862.97,178.0,329.4,4.21,49.0,95549.0
20090316:1300,22.9,27.0,777.0,654.5,265.0,338.6,3.86,40.0,95483.0
20090316:1400,23.17,25.85,496.0,205.82,355.0,331.2,3.93,30.0,95417.0
20090316:1500,23.0,24.9,309.0,81.47,265.0,347.0,3.86,29.0,95379.0
20090316:1600,22.91,23.5,276.0,333.19,157.0,339.2,3.59,30.0,95351.0
20090316:1700,22.42,22.35,92.0,215.06,60.0,322.4,3.52,36.0,95342.0
20090316:1800,21.15,23.1,0.0,0.0,0.0,311.2,3.1,57.0,95361.0
20090316:1900,19.44,26.9,0.0,0.0,0.0,305.6,3.38,62.0,95379.0
20090316:2000,18.23,28.25,0.0,0.0,0.0,302.6,3.59,68.0,95445.0
20090316:2100,16.93,30.15,0.0,0.0,0.0,294.8,3.52,59.0,95502.0
20090316:2200,15.89,31.25,0.0,0.0,0.0,300.0,4.48,30.0,95558.0
20090316:2300,15.4,30.3,0.0,0.0,0.0,313.2,7.17,25.0,95633.0
20090317:0000,14.01,35.65,0.0,0.0,0.0,309.0,8.69,23.0,95633.0
20090317:0100,12.62,44.05,0.0,0.0,0.0,304.4,8.34,15.0,95680.0
20090317:0200,11.64,49.3,0.0,0.0,0.0,300.0,7.93,12.0,95680.0
20090317:0300,11.01,52.45,0.0,0.0,0.0,308.6,7.72,17.0,95690.0
20090317:0400,10.54,55.35,0.0,0.0,0.0,315.4,7.59,19.0,95737.0
20090317:0500,9.9,59.0,0.0,0.0,0.0,299.8,7.52,17.0,95765.0
20090317:0600,9.04,63.5,15.0,92.89,11.0,276.0,7.31,16.0,95812.0
20090317:0700,9.19,64.9,222.0,540.66,82.0,265.6,7.52,13.0,95869.0
20090317:0800,10.27,62.3,396.0,466.78,183.0,276.2,8.41,19.0,95906.0
20090317:0900,11.67,58.6,579.0,553.28,235.0,292.6,8.0,25.0,95906.0
20090317:1000,13.14,50.35,567.0,248.68,382.0,286.6,7.86,30.0,95906.0
20090317:1100,14.5,42.65,852.0,779.54,217.0,305.6,7.38,31.0,95840.0
20090317:1200,15.26,38.75,707.0,371.6,399.0,329.4,7.1,29.0,95822.0
20090317:1300,15.58,37.4,780.0,655.39,265.0,324.8,7.03,26.0,95737.0
20090317:1400,15.79,36.45,498.0,206.3,356.0,324.4,7.17,26.0,95690.0
20090317:1500,15.54,37.75,231.0,14.73,223.0,321.2,7.24,27.0,95699.0
20090317:1600,15.32,38.3,293.0,400.03,149.0,313.2,7.52,24.0,95662.0
20090317:1700,14.7,40.45,73.0,79.22,61.0,304.0,8.0,27.0,95699.0
20090317:1800,13.4,48.8,0.0,0.0,0.0,306.6,7.38,33.0,95775.0
20090317:1900,11.33,63.3,0.0,0.0,0.0,303.8,7.66,17.0,95869.0
20090317:2000,10.66,70.35,0.0,0.0,0.0,311.4,7.31,8.0,95916.0
20090317:2100,10.39,74.8,0.0,0.0,0.0,326.0,7.66,5.0,95925.0
20090317:2200,10.44,77.85,0.0,0.0,0.0,340.0,8.14,15.0,95925.0
20090317:2300,10.89,79.6,0.0,0.0,0.0,344.2,9.1,31.0,95963.0
20090318:0000,11.0,78.95,0.0,0.0,0.0,350.2,9.79,39.0,95982.0
20090318:0100,10.6,77.95,0.0,0.0,0.0,332.85,10.69,45.0,95972.0
20090318:0200,10.31,77.65,0.0,0.0,0.0,339.0,9.86,46.0,95991.0
20090318:0300,9.96,77.0,0.0,0.0,0.0,334.6,9.45,47.0,95972.0
20090318:0400,9.7,76.05,0.0,0.0,0.0,334.8,8.97,48.0,95991.0
20090318:0500,9.44,75.5,0.0,0.0,0.0,334.4,8.48,49.0,96010.0
20090318:0600,8.91,76.55,19.0,125.35,13.0,305.8,8.07,49.0,96066.0
20090318:0700,9.04,76.35,197.0,333.69,109.0,299.6,7.38,46.0,96076.0
20090318:0800,9.72,70.25,127.0,0.0,127.0,292.8,9.17,48.0,96142.0
20090318:0900,10.71,64.9,238.0,4.79,235.0,295.4,9.93,50.0,96151.0
20090318:1000,11.36,62.1,0.0,0.0,0.0,316.4,9.79,53.0,96170.0
20090318:1100,11.82,59.65,653.0,288.29,417.0,333.4,9.66,55.0,96151.0
20090318:1200,12.77,55.8,469.0,61.25,418.0,340.4,9.59,55.0,96095.0
20090318:1300,13.57,53.1,877.0,966.74,114.0,345.8,9.45,55.0,96019.0
20090318:1400,13.78,52.35,759.0,955.88,98.0,345.4,9.1,55.0,95935.0
20090318:1500,14.07,50.4,569.0,842.43,109.0,345.0,8.62,56.0,95925.0
20090318:1600,13.75,51.65,344.0,678.15,98.0,333.2,7.72,55.0,95925.0
20090318:1700,13.14,54.7,113.0,389.25,53.0,313.6,6.48,52.0,95972.0
20090318:1800,11.75,62.6,0.0,0.0,0.0,279.6,4.83,53.0,96038.0
20090318:1900,10.68,69.45,0.0,0.0,0.0,286.8,3.79,63.0,96085.0
20090318:2000,9.86,74.5,0.0,0.0,0.0,276.6,3.03,56.0,96151.0
20090318:2100,9.15,78.35,0.0,0.0,0.0,271.8,2.62,41.0,96160.0
20090318:2200,8.54,80.45,0.0,0.0,0.0,268.6,2.62,21.0,96179.0
20090318:2300,8.09,80.85,0.0,0.0,0.0,266.8,2.9,7.0,96179.0
20090319:0000,7.73,80.7,0.0,0.0,0.0,265.0,3.1,359.0,96151.0
20090319:0100,7.34,81.05,0.0,0.0,0.0,263.8,3.1,355.0,96113.0
20090319:0200,6.94,81.65,0.0,0.0,0.0,262.6,2.97,356.0,96104.0
20090319:0300,6.52,82.5,0.0,0.0,0.0,262.2,2.76,359.0,96113.0
20090319:0400,6.13,83.2,0.0,0.0,0.0,261.4,2.48,7.0,96132.0
20090319:0500,5.88,82.9,0.0,0.0,0.0,261.2,2.28,18.0,96170.0
20090319:0600,5.72,82.3,22.0,132.86,15.0,260.6,2.21,30.0,96198.0
20090319:0700,6.2,86.7,237.0,592.17,78.0,260.2,2.14,9.0,96245.0
20090319:0800,9.98,71.2,472.0,801.0,99.0,264.4,2.07,29.0,96302.0
20090319:0900,11.74,57.35,678.0,906.85,106.0,270.0,2.41,65.0,96302.0
20090319:1000,12.97,50.9,833.0,967.44,105.0,275.6,2.83,89.0,96311.0
20090319:1100,13.93,48.5,929.0,1015.06,94.0,279.8,3.03,97.0,96236.0
20090319:1200,14.67,47.15,937.0,985.27,113.0,283.4,2.83,99.0,96170.0
20090319:1300,15.19,46.25,867.0,915.88,141.0,286.4,2.55,102.0,96057.0
20090319:1400,15.55,45.5,743.0,873.8,136.0,288.0,2.41,111.0,95991.0
20090319:1500,15.73,45.05,560.0,785.11,129.0,288.4,2.41,122.0,95953.0
20090319:1600,15.6,45.4,339.0,632.0,108.0,287.0,2.69,133.0,95925.0
20090319:1700,15.12,47.45,116.0,401.83,53.0,283.6,3.1,138.0,95906.0
20090319:1800,13.68,57.0,0.0,0.0,0.0,280.2,3.24,138.0,95897.0
20090319:1900,12.33,63.45,0.0,0.0,0.0,276.2,3.66,148.0,95944.0
20090319:2000,11.2,69.05,0.0,0.0,0.0,273.2,3.79,160.0,96010.0
20090319:2100,10.28,73.35,0.0,0.0,0.0,271.2,4.0,174.0,96029.0
20090319:2200,9.6,76.2,0.0,0.0,0.0,269.8,4.21,189.0,96038.0
20090319:2300,9.1,77.75,0.0,0.0,0.0,268.2,4.48,203.0,96057.0
20090320:0000,8.71,78.4,0.0,0.0,0.0,267.6,4.55,214.0,96000.0
20090320:0100,8.35,78.6,0.0,0.0,0.0,266.6,4.48,224.0,95963.0
20090320:0200,7.98,78.7,0.0,0.0,0.0,265.2,4.41,234.0,95906.0
20090320:0300,7.59,78.7,0.0,0.0,0.0,264.2,4.41,243.0,95840.0
20090320:0400,7.28,78.3,0.0,0.0,0.0,262.6,4.76,252.0,95831.0
20090320:0500,7.06,77.35,0.0,0.0,0.0,261.8,5.17,260.0,95831.0
20090320:0600,6.87,76.3,26.0,139.1,18.0,260.6,5.38,266.0,95850.0
20090320:0700,8.4,68.3,234.0,523.27,91.0,262.0,5.93,269.0,95869.0
20090320:0800,11.08,56.5,463.0,720.78,124.0,266.6,6.69,273.0,95878.0
20090320:0900,14.0,45.4,662.0,813.89,145.0,273.6,7.38,272.0,95850.0
20090320:1000,16.42,38.05,812.0,868.21,155.0,282.0,7.93,270.0,95822.0
20090320:1100,18.37,33.55,895.0,877.12,170.0,289.6,8.0,270.0,95756.0
20090320:1200,19.98,30.6,917.0,898.82,162.0,295.8,7.45,272.0,95662.0
20090320:1300,21.2,28.35,857.0,866.77,167.0,301.2,6.62,274.0,95558.0
20090320:1400,21.97,26.5,735.0,826.9,158.0,304.4,5.72,272.0,95492.0
20090320:1500,22.29,24.65,557.0,757.44,139.0,305.4,5.1,267.0,95417.0
20090320:1600,22.22,23.4,339.0,611.04,114.0,303.6,4.9,262.0,95398.0
20090320:1700,21.48,25.55,118.0,395.22,55.0,301.0,4.41,254.0,95342.0
20090320:1800,19.29,31.55,0.0,0.0,0.0,296.0,4.41,243.0,95361.0
20090320:1900,17.45,35.25,0.0,0.0,0.0,291.2,5.1,239.0,95370.0
20090320:2000,16.27,37.45,0.0,0.0,0.0,289.2,5.59,237.0,95426.0
20090320:2100,15.38,39.0,0.0,0.0,0.0,289.8,5.72,239.0,95426.0
20090320:2200,14.63,40.1,0.0,0.0,0.0,288.8,5.79,245.0,95455.0
20090320:2300,13.89,41.45,0.0,0.0,0.0,288.8,5.52,257.0,95473.0
20090321:0000,13.07,43.85,0.0,0.0,0.0,288.6,5.24,279.0,95455.0
20090321:0100,12.28,46.9,0.0,0.0,0.0,286.2,5.1,294.0,95473.0
20090321:0200,11.45,50.95,0.0,0.0,0.0,283.2,4.48,298.0,95398.0
20090321:0300,10.57,56.6,0.0,0.0,0.0,282.8,3.93,315.0,95370.0
20090321:0400,10.15,62.75,0.0,0.0,0.0,281.6,4.34,356.0,95379.0
20090321:0500,9.99,68.65,0.0,0.0,0.0,279.2,5.17,22.0,95426.0
20090321:0600,9.5,68.95,28.0,128.31,20.0,275.6,5.03,27.0,95521.0
20090321:0700,10.65,57.55,239.0,528.67,92.0,274.0,4.69,19.0,95558.0
20090321:0800,13.02,44.3,463.0,696.89,132.0,275.6,5.45,23.0,95615.0
20090321:0900,15.37,33.45,660.0,784.78,158.0,280.0,6.0,31.0,95643.0
20090321:1000,17.36,25.6,813.0,852.9,164.0,284.6,6.21,40.0,95662.0
20090321:1100,18.76,21.85,905.0,894.65,162.0,288.8,6.14,48.0,95624.0
20090321:1200,19.66,20.35,926.0,917.48,152.0,291.2,6.0,53.0,95596.0
20090321:1300,20.13,19.55,865.0,884.42,158.0,292.2,5.93,56.0,95549.0
20090321:1400,20.29,19.05,739.0,828.99,158.0,291.4,5.72,58.0,95473.0
20090321:1500,20.09,18.75,558.0,744.53,145.0,289.0,5.59,60.0,95455.0
20090321:1600,19.55,19.0,341.0,612.0,114.0,285.6,5.52,64.0,95464.0
20090321:1700,18.49,20.85,119.0,388.89,56.0,281.2,5.45,75.0,95455.0
20090321:1800,16.51,26.7,0.0,0.0,0.0,276.2,4.62,91.0,95530.0
20090321:1900,14.45,32.65,0.0,0.0,0.0,270.4,4.0,100.0,95586.0
20090321:2000,13.02,39.3,0.0,0.0,0.0,266.2,3.45,110.0,95643.0
20090321:2100,11.76,46.0,0.0,0.0,0.0,262.8,2.97,124.0,95690.0
20090321:2200,10.65,52.6,0.0,0.0,0.0,261.4,2.69,141.0,95699.0
20090321:2300,9.42,62.55,0.0,0.0,0.0,260.4,2.07,147.0,95737.0
20090322:0000,9.87,57.55,0.0,0.0,0.0,260.0,1.17,128.0,95728.0
20090322:0100,10.35,53.35,0.0,0.0,0.0,259.8,0.62,67.0,95756.0
20090322:0200,9.36,57.95,0.0,0.0,0.0,263.4,1.24,13.0,95728.0
20090322:0300,6.95,69.7,0.0,0.0,0.0,259.0,2.14,6.0,95728.0
20090322:0400,6.15,71.85,0.0,0.0,0.0,258.0,2.83,10.0,95765.0
20090322:0500,5.94,71.0,0.0,0.0,0.0,256.4,3.45,17.0,95793.0
20090322:0600,5.78,67.6,32.0,148.84,22.0,254.8,4.0,21.0,95850.0
20090322:0700,7.67,45.75,242.0,523.29,94.0,257.6,4.21,23.0,95935.0
20090322:0800,10.47,32.75,473.0,725.62,125.0,260.8,5.52,39.0,96038.0
20090322:0900,12.36,28.25,668.0,802.69,151.0,266.6,6.62,48.0,96066.0
20090322:1000,13.91,26.5,817.0,853.49,164.0,269.4,6.76,51.0,96095.0
20090322:1100,15.22,25.45,919.0,930.05,143.0,274.8,6.21,52.0,96066.0
20090322:1200,16.25,24.55,940.0,952.56,133.0,279.8,5.38,51.0,96019.0
20090322:1300,16.99,23.85,878.0,918.17,141.0,284.0,4.69,48.0,95982.0
20090322:1400,17.41,23.5,746.0,845.31,151.0,287.6,4.21,45.0,95925.0
20090322:1500,17.57,23.35,567.0,773.06,136.0,287.4,4.48,49.0,95887.0
20090322:1600,17.27,23.75,348.0,637.08,110.0,286.8,5.03,54.0,95906.0
20090322:1700,16.2,25.45,123.0,407.1,56.0,278.2,5.93,68.0,95935.0
20090322:1800,14.24,30.7,0.0,0.0,0.0,273.4,6.28,84.0,96038.0
20090322:1900,11.99,40.4,0.0,0.0,0.0,267.2,6.14,92.0,96142.0
20090322:2000,10.63,49.25,0.0,0.0,0.0,263.0,5.24,100.0,96273.0
20090322:2100,9.55,56.25,0.0,0.0,0.0,259.6,4.0,106.0,96339.0
20090322:2200,8.68,61.3,0.0,0.0,0.0,258.2,2.69,113.0,96386.0
20090322:2300,7.72,68.9,0.0,0.0,0.0,256.8,1.66,111.0,96443.0
20090323:0000,7.05,72.65,0.0,0.0,0.0,254.8,1.24,88.0,96424.0
20090323:0100,6.64,72.25,0.0,0.0,0.0,253.2,1.31,65.0,96405.0
20090323:0200,6.24,72.5,0.0,0.0,0.0,251.6,1.38,51.0,96377.0
20090323:0300,5.87,72.7,0.0,0.0,0.0,249.8,1.38,42.0,96311.0
20090323:0400,5.54,72.7,0.0,0.0,0.0,248.2,1.45,35.0,96311.0
20090323:0500,5.31,72.2,0.0,0.0,0.0,246.8,1.45,30.0,96330.0
20090323:0600,5.43,70.0,36.0,166.6,24.0,245.6,1.38,28.0,96349.0
20090323:0700,6.32,65.4,246.0,518.11,97.0,246.8,1.1,24.0,96424.0
20090323:0800,8.94,50.5,473.0,702.19,133.0,251.4,1.24,85.0,96471.0
20090323:0900,10.89,38.05,670.0,788.0,159.0,257.4,2.28,124.0,96490.0
20090323:1000,12.54,31.05,813.0,822.91,180.0,262.6,3.03,139.0,96490.0
20090323:1100,13.93,26.8,898.0,847.05,188.0,266.8,3.17,146.0,96414.0
20090323:1200,15.14,24.0,919.0,867.5,181.0,270.6,3.1,153.0,96349.0
20090323:1300,16.07,22.4,858.0,836.3,184.0,274.0,2.83,162.0,96264.0
20090323:1400,16.71,21.5,745.0,830.42,158.0,275.8,2.62,171.0,96142.0
20090323:1500,17.09,20.95,567.0,760.31,141.0,276.0,2.41,174.0,96095.0
20090323:1600,17.13,20.8,347.0,616.68,115.0,275.0,2.28,171.0,96047.0
20090323:1700,16.87,21.0,123.0,376.94,60.0,272.2,2.41,164.0,96029.0
20090323:1800,15.98,22.0,0.0,0.0,0.0,269.0,2.97,153.0,96047.0
20090323:1900,13.97,23.95,0.0,0.0,0.0,263.0,3.38,152.0,96057.0
20090323:2000,12.65,25.4,0.0,0.0,0.0,260.8,3.86,157.0,96113.0
20090323:2100,11.48,26.65,0.0,0.0,0.0,259.0,4.07,165.0,96160.0
20090323:2200,10.51,27.85,0.0,0.0,0.0,257.0,4.21,174.0,96179.0
20090323:2300,9.69,28.85,0.0,0.0,0.0,256.0,4.21,183.0,96179.0
20090324:0000,9.0,29.7,0.0,0.0,0.0,254.8,4.07,191.0,96160.0
20090324:0100,8.37,30.55,0.0,0.0,0.0,253.8,3.86,202.0,96123.0
20090324:0200,7.78,31.5,0.0,0.0,0.0,253.2,3.72,217.0,96047.0
20090324:0300,7.32,32.25,0.0,0.0,0.0,252.6,3.86,225.0,96038.0
20090324:0400,6.96,32.85,0.0,0.0,0.0,253.0,3.93,227.0,95972.0
20090324:0500,6.65,33.4,0.0,0.0,0.0,253.4,3.93,231.0,95944.0
20090324:0600,6.42,33.9,39.0,182.13,25.0,254.8,3.93,235.0,95944.0
20090324:0700,7.87,34.45,251.0,523.39,98.0,259.0,3.38,236.0,95953.0
20090324:0800,11.3,27.15,476.0,691.52,138.0,264.4,4.14,233.0,95991.0
20090324:0900,14.06,23.05,678.0,805.72,152.0,271.4,4.9,228.0,95953.0
20090324:1000,16.15,21.4,827.0,856.07,165.0,278.4,5.31,227.0,95887.0
20090324:1100,17.86,20.35,918.0,897.87,162.0,284.8,5.59,228.0,95822.0
20090324:1200,19.28,19.3,943.0,936.54,143.0,289.8,6.0,228.0,95709.0
20090324:1300,20.38,18.55,876.0,886.14,159.0,293.8,6.41,230.0,95586.0
20090324:1400,21.11,18.1,748.0,831.2,158.0,296.0,6.62,233.0,95455.0
20090324:1500,21.54,17.95,570.0,761.93,141.0,296.6,6.76,235.0,95379.0
20090324:1600,21.51,18.1,361.0,691.64,99.0,296.0,6.9,237.0,95313.0
20090324:1700,20.97,18.75,86.0,94.3,70.0,294.0,6.9,236.0,95313.0
20090324:1800,19.47,20.7,0.0,0.0,0.0,291.0,5.66,231.0,95304.0
20090324:1900,18.0,22.55,0.0,0.0,0.0,289.2,6.07,227.0,95332.0
20090324:2000,16.86,23.85,0.0,0.0,0.0,287.0,6.21,228.0,95351.0
20090324:2100,15.94,24.75,0.0,0.0,0.0,285.8,6.28,232.0,95389.0
20090324:2200,15.13,25.4,0.0,0.0,0.0,284.0,6.21,237.0,95389.0
20090324:2300,14.42,25.9,0.0,0.0,0.0,283.2,6.28,244.0,95408.0
20090325:0000,13.79,26.35,0.0,0.0,0.0,282.0,6.21,252.0,95379.0
20090325:0100,13.2,27.05,0.0,0.0,0.0,280.6,6.0,261.0,95351.0
20090325:0200,12.62,28.25,0.0,0.0,0.0,279.4,5.66,273.0,95304.0
20090325:0300,12.05,30.0,0.0,0.0,0.0,278.2,5.45,284.0,95323.0
20090325:0400,11.59,31.95,0.0,0.0,0.0,278.0,5.38,291.0,95342.0
20090325:0500,11.12,34.1,0.0,0.0,0.0,277.6,5.17,292.0,95370.0
20090325:0600,10.59,36.55,24.0,12.24,23.0,277.8,4.69,293.0,95426.0
20090325:0700,12.04,36.45,266.0,599.21,88.0,281.2,4.14,301.0,95473.0
20090325:0800,15.13,32.55,419.0,429.73,207.0,285.2,3.66,320.0,95530.0
20090325:0900,17.95,28.55,649.0,678.69,203.0,293.2,3.17,359.0,95549.0
20090325:1000,19.96,24.15,804.0,762.85,211.0,301.8,3.24,39.0,95558.0
20090325:1100,21.43,21.15,912.0,865.52,180.0,307.8,3.38,63.0,95530.0
20090325:1200,22.51,19.25,922.0,853.5,190.0,312.4,3.38,79.0,95464.0
20090325:1300,23.26,18.25,851.0,790.37,209.0,315.0,3.24,93.0,95408.0
20090325:1400,23.7,18.05,756.0,847.47,152.0,315.2,3.17,110.0,95389.0
20090325:1500,23.89,18.35,573.0,761.83,142.0,314.6,3.45,124.0,95351.0
20090325:1600,23.68,19.25,354.0,631.91,113.0,312.8,3.93,129.0,95342.0
20090325:1700,23.02,20.8,128.0,383.29,62.0,309.4,4.41,130.0,95351.0
20090325:1800,21.44,23.8,0.0,0.0,0.0,305.2,4.21,127.0,95398.0
20090325:1900,19.33,28.35,0.0,0.0,0.0,300.8,4.34,126.0,95464.0
20090325:2000,17.85,32.2,0.0,0.0,0.0,298.4,4.07,126.0,95558.0
20090325:2100,16.53,35.95,0.0,0.0,0.0,295.4,3.72,134.0,95615.0
20090325:2200,15.36,39.4,0.0,0.0,0.0,292.8,3.38,149.0,95633.0
20090325:2300,14.35,42.45,0.0,0.0,0.0,290.0,3.1,165.0,95652.0
20090326:0000,13.55,44.75,0.0,0.0,0.0,287.2,3.38,186.0,95671.0
20090326:0100,12.97,46.1,0.0,0.0,0.0,285.4,3.59,198.0,95652.0
20090326:0200,12.46,47.15,0.0,0.0,0.0,284.0,3.52,205.0,95586.0
20090326:0300,11.98,47.9,0.0,0.0,0.0,282.8,3.52,212.0,95558.0
20090326:0400,11.48,48.65,0.0,0.0,0.0,282.0,3.31,223.0,95530.0
20090326:0500,10.93,49.6,0.0,0.0,0.0,280.8,3.17,238.0,95568.0
20090326:0600,10.44,50.2,43.0,138.68,31.0,280.4,3.17,254.0,95605.0
20090326:0700,11.78,48.3,255.0,490.44,107.0,281.6,2.62,250.0,95652.0
20090326:0800,16.27,33.7,496.0,751.21,122.0,286.2,2.69,249.0,95709.0
20090326:0900,19.84,24.55,688.0,808.85,153.0,295.0,2.83,244.0,95718.0
20090326:1000,22.68,19.4,863.0,958.6,114.0,304.0,2.97,235.0,95709.0
20090326:1100,24.95,16.2,926.0,899.43,162.0,312.4,3.45,225.0,95596.0
20090326:1200,26.68,13.65,966.0,990.67,113.0,319.0,4.0,219.0,95558.0
20090326:1300,27.81,11.7,888.0,903.87,151.0,323.2,4.28,213.0,95464.0
20090326:1400,28.47,10.45,759.0,848.28,152.0,325.2,4.48,209.0,95398.0
20090326:1500,28.72,9.6,224.0,8.8,219.0,325.0,4.76,205.0,95361.0
20090326:1600,28.6,9.0,284.0,278.7,177.0,322.8,4.9,201.0,95323.0
20090326:1700,28.05,8.85,126.0,354.91,64.0,322.8,4.83,195.0,95332.0
20090326:1800,25.99,10.2,0.0,0.0,0.0,315.8,4.28,183.0,95342.0
20090326:1900,23.69,12.45,0.0,0.0,0.0,309.2,4.28,170.0,95379.0
20090326:2000,22.09,14.4,0.0,0.0,0.0,304.8,4.34,170.0,95436.0
20090326:2100,20.92,16.4,0.0,0.0,0.0,309.0,4.48,173.0,95502.0
20090326:2200,19.85,18.45,0.0,0.0,0.0,304.8,4.55,179.0,95521.0
20090326:2300,18.97,20.25,0.0,0.0,0.0,303.0,4.69,187.0,95539.0
20090327:0000,18.33,21.15,0.0,0.0,0.0,304.2,4.83,194.0,95521.0
20090327:0100,17.96,21.3,0.0,0.0,0.0,307.8,4.76,193.0,95511.0
20090327:0200,17.92,21.45,0.0,0.0,0.0,324.6,4.62,196.0,95445.0
20090327:0300,17.96,21.05,0.0,0.0,0.0,337.8,4.21,199.0,95389.0
20090327:0400,17.68,20.75,0.0,0.0,0.0,330.8,4.21,203.0,95389.0
20090327:0500,17.17,20.65,0.0,0.0,0.0,320.4,4.21,202.0,95379.0
20090327:0600,16.84,20.05,49.0,186.1,32.0,324.2,4.41,202.0,95398.0
20090327:0700,17.25,26.65,257.0,476.4,111.0,329.0,2.83,188.0,95426.0
20090327:0800,19.8,18.8,436.0,463.81,203.0,338.6,3.59,169.0,95436.0
20090327:0900,22.1,14.0,673.0,736.09,183.0,350.4,4.14,176.0,95445.0
20090327:1000,24.16,12.85,845.0,876.09,157.0,345.6,3.86,189.0,95455.0
20090327:1100,26.24,13.75,925.0,883.86,171.0,350.0,3.66,202.0,95379.0
20090327:1200,27.92,15.75,898.0,761.24,240.0,355.0,3.86,215.0,95295.0
20090327:1300,29.29,17.4,640.0,271.25,418.0,368.2,4.62,228.0,95182.0
20090327:1400,30.02,17.7,608.0,381.41,334.0,370.2,5.66,241.0,95106.0
20090327:1500,30.05,17.15,259.0,22.77,246.0,374.6,7.1,252.0,95059.0
20090327:1600,29.23,18.3,82.0,0.0,82.0,377.2,8.0,257.0,95050.0
20090327:1700,28.18,20.15,129.0,355.58,66.0,376.4,8.07,254.0,95059.0
20090327:1800,26.38,25.8,0.0,0.0,0.0,379.6,9.79,248.0,95135.0
20090327:1900,23.38,36.4,0.0,0.0,0.0,377.8,11.1,231.0,95304.0
20090327:2000,21.23,47.05,0.0,0.0,0.0,361.0,8.69,238.0,95351.0
20090327:2100,19.56,55.6,0.0,0.0,0.0,364.0,6.41,243.0,95361.0
20090327:2200,18.87,57.8,0.0,0.0,0.0,345.6,3.52,246.0,95276.0
20090327:2300,18.54,59.2,0.0,0.0,0.0,355.8,2.48,263.0,95210.0
20090328:0000,17.78,62.2,0.0,0.0,0.0,335.2,3.03,266.0,95182.0
20090328:0100,17.16,64.0,0.0,0.0,0.0,327.25,3.38,263.0,95116.0
20090328:0200,16.96,63.15,0.0,0.0,0.0,330.2,3.79,257.0,95022.0
20090328:0300,17.05,60.15,0.0,0.0,0.0,333.8,4.21,251.0,94946.0
20090328:0400,16.94,58.75,0.0,0.0,0.0,332.0,4.21,245.0,94899.0
20090328:0500,16.65,59.95,0.0,0.0,0.0,332.8,4.07,242.0,94899.0
20090328:0600,16.22,62.7,49.0,145.59,35.0,329.8,4.07,245.0,94890.0
20090328:0700,16.72,70.15,169.0,86.78,142.0,326.4,4.62,247.0,94909.0
20090328:0800,18.42,64.05,435.0,443.94,210.0,336.4,5.66,246.0,94918.0
20090328:0900,19.96,58.9,354.0,50.75,320.0,351.6,6.55,238.0,94899.0
20090328:1000,21.6,52.25,288.0,2.53,286.0,359.8,8.0,232.0,94881.0
20090328:1100,22.2,50.65,332.0,4.67,328.0,363.4,10.21,229.0,94881.0
20090328:1200,21.08,58.6,731.0,356.13,422.0,370.8,10.34,232.0,94909.0
20090328:1300,19.91,63.2,374.0,17.04,360.0,381.0,9.38,237.0,94881.0
20090328:1400,19.79,60.75,215.0,0.0,215.0,380.2,8.76,239.0,94852.0
20090328:1500,20.21,57.8,161.0,0.0,161.0,367.0,7.79,225.0,94796.0
20090328:1600,19.84,61.7,81.0,0.0,81.0,374.8,7.38,207.0,94777.0
20090328:1700,19.27,66.5,80.0,50.1,71.0,367.4,7.72,196.0,94758.0
20090328:1800,18.52,69.6,0.0,0.0,0.0,362.0,7.72,192.0,94739.0
20090328:1900,17.15,74.6,0.0,0.0,0.0,354.6,9.86,215.0,94768.0
20090328:2000,17.29,74.1,0.0,0.0,0.0,369.2,9.52,212.0,94768.0
20090328:2100,17.3,74.55,0.0,0.0,0.0,367.8,9.24,207.0,94768.0
20090328:2200,17.08,76.95,0.0,0.0,0.0,355.0,9.52,202.0,94739.0
20090328:2300,17.09,78.65,0.0,0.0,0.0,367.8,10.07,199.0,94721.0
20090329:0000,17.0,78.15,0.0,0.0,0.0,361.4,9.38,201.0,94711.0
20090329:0100,16.75,77.05,0.0,0.0,0.0,340.05,9.1,212.0,94674.0
20090329:0200,16.63,76.9,0.0,0.0,0.0,352.2,8.9,227.0,94627.0
20090329:0300,16.04,79.95,0.0,0.0,0.0,338.8,7.79,248.0,94561.0
20090329:0400,15.46,81.8,0.0,0.0,0.0,335.2,6.9,247.0,94580.0
20090329:0500,14.78,84.05,0.0,0.0,0.0,319.0,6.07,229.0,94664.0
20090329:0600,14.32,85.75,63.0,287.27,34.0,315.8,5.59,217.0,94683.0
20090329:0700,15.15,78.75,295.0,684.01,79.0,313.6,5.86,209.0,94739.0
20090329:0800,16.55,68.55,501.0,702.19,142.0,301.2,7.93,209.0,94815.0
20090329:0900,17.76,56.1,725.0,907.93,113.0,307.6,9.38,214.0,94852.0
20090329:1000,19.15,46.05,858.0,893.98,149.0,313.4,9.93,217.0,94862.0
20090329:1100,20.12,40.5,953.0,953.24,133.0,321.4,10.21,217.0,94805.0
20090329:1200,20.8,37.25,946.0,888.73,172.0,319.6,10.28,219.0,94758.0
20090329:1300,21.3,35.05,878.0,840.61,185.0,319.2,10.34,221.0,94730.0
20090329:1400,21.51,33.75,751.0,787.43,181.0,321.4,10.62,222.0,94664.0
20090329:1500,21.25,34.0,478.0,378.35,260.0,326.0,10.48,225.0,94645.0
20090329:1600,20.81,35.45,373.0,687.29,104.0,319.0,10.0,228.0,94645.0
20090329:1700,20.01,39.25,122.0,269.1,73.0,324.0,8.41,228.0,94655.0
20090329:1800,18.54,46.3,0.0,0.0,0.0,309.0,6.34,226.0,94674.0
20090329:1900,17.62,51.3,0.0,0.0,0.0,307.8,5.1,227.0,94721.0
20090329:2000,16.44,57.3,0.0,0.0,0.0,299.6,4.55,227.0,94768.0
20090329:2100,15.46,62.5,0.0,0.0,0.0,297.2,4.28,227.0,94815.0
20090329:2200,14.57,66.75,0.0,0.0,0.0,292.8,4.21,231.0,94843.0
20090329:2300,13.79,70.15,0.0,0.0,0.0,289.0,4.21,236.0,94852.0
20090330:0000,13.08,72.85,0.0,0.0,0.0,284.8,4.34,242.0,94852.0
20090330:0100,12.45,75.15,0.0,0.0,0.0,283.0,4.41,244.0,94843.0
20090330:0200,11.83,77.65,0.0,0.0,0.0,281.0,4.28,244.0,94805.0
20090330:0300,11.18,80.45,0.0,0.0,0.0,276.6,4.0,244.0,94777.0
20090330:0400,10.54,83.2,0.0,0.0,0.0,275.6,3.72,243.0,94777.0
20090330:0500,9.92,85.75,0.0,0.0,0.0,275.0,3.45,243.0,94777.0
20090330:0600,9.42,87.6,61.0,208.09,39.0,273.4,3.31,243.0,94787.0
20090330:0700,10.98,81.2,272.0,496.25,113.0,275.4,2.34,244.0,94824.0
20090330:0800,14.55,64.0,505.0,703.96,142.0,282.2,2.62,235.0,94890.0
20090330:0900,16.84,53.15,711.0,830.16,148.0,286.0,3.1,220.0,94862.0
20090330:1000,18.64,39.35,872.0,928.6,132.0,294.4,4.55,210.0,94928.0
20090330:1100,19.68,35.15,952.0,936.64,143.0,300.6,5.17,211.0,94871.0
20090330:1200,20.47,32.7,929.0,823.71,209.0,309.4,5.59,216.0,94843.0
20090330:1300,20.99,30.9,886.0,856.99,177.0,310.4,6.07,222.0,94787.0
20090330:1400,20.98,30.2,590.0,326.19,353.0,322.4,6.55,231.0,94730.0
20090330:1500,20.72,30.8,609.0,872.63,104.0,312.2,7.03,241.0,94721.0
20090330:1600,20.22,31.1,333.0,454.51,154.0,320.0,7.1,246.0,94702.0
20090330:1700,19.47,33.65,141.0,417.3,64.0,314.2,6.9,252.0,94758.0
20090330:1800,18.04,40.0,0.0,0.0,0.0,308.2,5.52,265.0,94768.0
20090330:1900,16.66,45.05,0.0,0.0,0.0,306.0,4.69,294.0,94834.0
20090330:2000,15.71,49.3,0.0,0.0,0.0,312.0,4.07,306.0,94928.0
20090330:2100,14.68,53.3,0.0,0.0,0.0,304.8,3.79,309.0,94994.0
20090330:2200,13.67,56.55,0.0,0.0,0.0,299.8,3.72,307.0,95031.0
20090330:2300,12.67,58.65,0.0,0.0,0.0,293.2,3.93,306.0,95069.0
20090331:0000,11.76,60.1,0.0,0.0,0.0,290.6,4.34,311.0,95069.0
20090331:0100,11.16,61.2,0.0,0.0,0.0,297.2,4.9,320.0,95125.0
20090331:0200,10.3,61.8,0.0,0.0,0.0,275.0,5.59,330.0,95106.0
20090331:0300,9.57,60.25,0.0,0.0,0.0,268.8,5.79,339.0,95116.0
20090331:0400,8.83,61.25,0.0,0.0,0.0,265.4,5.52,342.0,95144.0
20090331:0500,8.07,65.55,0.0,0.0,0.0,259.8,5.03,341.0,95191.0
20090331:0600,7.5,69.6,69.0,280.59,38.0,256.4,4.69,336.0,95210.0
20090331:0700,8.96,60.8,285.0,547.71,107.0,252.8,4.07,335.0,95257.0
20090331:0800,11.43,48.45,519.0,748.06,130.0,257.4,4.14,336.0,95285.0
20090331:0900,13.52,35.65,715.0,831.06,148.0,264.8,3.93,333.0,95285.0
20090331:1000,15.0,29.75,862.0,879.27,158.0,271.6,3.86,316.0,95304.0
20090331:1100,16.34,25.65,951.0,920.24,153.0,277.0,4.28,299.0,95266.0
20090331:1200,17.52,22.6,984.0,994.03,112.0,280.8,5.17,288.0,95238.0
20090331:1300,18.36,20.35,914.0,940.76,133.0,283.2,6.21,283.0,95172.0
20090331:1400,18.76,19.0,782.0,883.16,138.0,283.0,6.9,283.0,95144.0
20090331:1500,18.71,18.9,599.0,812.12,127.0,282.4,7.52,284.0,95116.0
20090331:1600,17.13,14.39,374.0,663.74,111.0,279.61,7.07,285.0,95106.0
20090331:1700,16.48,20.55,144.0,427.95,64.0,280.36,6.74,285.0,95154.0
20090331:1800,15.83,26.71,0.0,0.0,0.0,281.11,6.42,286.0,95182.0
20090331:1900,15.18,32.86,0.0,0.0,0.0,281.86,6.1,283.0,95266.0
20090331:2000,14.53,39.02,0.0,0.0,0.0,282.61,5.78,287.0,95342.0
20090331:2100,13.88,45.18,0.0,0.0,0.0,283.36,5.46,287.0,95408.0
20090331:2200,13.23,51.33,0.0,0.0,0.0,284.1,5.14,288.0,95445.0
20090331:2300,12.58,57.49,0.0,0.0,0.0,284.85,4.82,292.0,95464.0
20190401:0000,11.93,63.65,0.0,0.0,0.0,285.6,4.5,6.0,95182.0
20190401:0100,11.28,69.8,0.0,0.0,0.0,286.35,4.18,358.0,95201.0
20190401:0200,10.63,75.96,0.0,0.0,0.0,287.1,3.86,350.0,95201.0
20190401:0300,9.98,82.12,0.0,0.0,0.0,287.85,3.54,349.0,95172.0
20190401:0400,9.33,88.27,0.0,0.0,0.0,288.6,3.22,348.0,95172.0
20190401:0500,8.68,94.43,0.0,0.0,0.0,289.35,2.9,340.0,95219.0
20190401:0600,8.03,100.0,74.0,303.79,39.0,290.1,2.57,326.0,95285.0
20190401:0700,7.38,100.0,302.0,655.44,86.0,290.85,2.25,301.0,95370.0
20190401:0800,12.0,81.1,533.0,823.91,101.0,283.6,2.62,297.0,95436.0
20190401:0900,13.84,71.15,735.0,920.9,103.0,290.6,3.03,291.0,95445.0
20190401:1000,15.45,65.35,885.0,978.39,98.0,297.6,3.17,290.0,95473.0
20190401:1100,17.03,59.2,971.0,1006.25,95.0,303.4,2.97,306.0,95473.0
20190401:1200,18.2,53.55,914.0,782.67,225.0,331.4,2.55,312.0,95417.0
20190401:1300,18.84,50.25,919.0,978.4,104.0,361.8,2.34,294.0,95351.0
20190401:1400,19.21,49.1,612.0,378.52,335.0,382.4,2.28,281.0,95313.0
20190401:1500,19.44,48.7,606.0,863.54,102.0,377.8,2.55,278.0,95304.0
20190401:1600,19.48,49.3,382.0,725.0,93.0,370.0,2.97,279.0,95295.0
20190401:1700,19.13,54.2,148.0,470.06,59.0,361.2,2.48,280.0,95295.0
20190401:1800,18.02,62.15,0.0,0.0,0.0,333.8,2.21,270.0,95323.0
20190401:1900,15.85,71.75,0.0,0.0,0.0,307.2,3.38,254.0,95370.0
20190401:2000,14.71,75.8,0.0,0.0,0.0,302.8,3.72,262.0,95483.0
20190401:2100,13.93,77.65,0.0,0.0,0.0,300.6,4.0,264.0,95530.0
20190401:2200,13.33,78.55,0.0,0.0,0.0,297.6,4.21,268.0,95577.0
20190401:2300,12.78,79.35,0.0,0.0,0.0,295.8,4.28,276.0,95530.0
20190402:0000,12.09,81.35,0.0,0.0,0.0,294.0,4.34,295.0,95577.0
20190402:0100,11.37,83.65,0.0,0.0,0.0,291.2,4.34,322.0,95549.0
20190402:0200,11.09,83.25,0.0,0.0,0.0,289.0,4.41,346.0,95568.0
20190402:0300,10.84,82.35,0.0,0.0,0.0,287.2,4.21,356.0,95586.0
20190402:0400,10.41,82.65,0.0,0.0,0.0,285.8,3.93,355.0,95605.0
20190402:0500,9.88,83.55,0.0,0.0,0.0,284.0,3.59,352.0,95671.0
20190402:0600,9.49,84.15,76.0,275.18,43.0,282.8,3.45,349.0,95699.0
20190402:0700,11.32,78.45,308.0,667.52,85.0,284.0,3.31,353.0,95765.0
20190402:0800,14.27,67.2,539.0,822.92,104.0,289.0,3.38,3.0,95812.0
20190402:0900,16.51,56.95,743.0,928.62,102.0,295.4,3.17,22.0,95822.0
20190402:1000,18.03,49.25,893.0,985.1,97.0,302.8,2.62,44.0,95803.0
20190402:1100,19.05,45.45,979.0,1012.7,94.0,308.8,1.86,61.0,95756.0
20190402:1200,19.78,43.7,978.0,969.04,122.0,314.6,1.17,87.0,95709.0
20190402:1300,20.37,42.9,921.0,967.98,112.0,318.4,0.97,144.0,95671.0
20190402:1400,20.86,42.45,799.0,951.85,100.0,323.0,1.38,175.0,95586.0
20190402:1500,21.11,42.35,603.0,829.26,117.0,325.0,1.79,183.0,95549.0
20190402:1600,21.13,42.45,381.0,698.29,101.0,324.8,2.21,190.0,95502.0
20190402:1700,20.81,44.5,151.0,464.21,62.0,326.2,2.21,190.0,95511.0
20190402:1800,19.45,55.75,0.0,0.0,0.0,320.6,2.69,170.0,95511.0
20190402:1900,17.7,66.45,0.0,0.0,0.0,315.2,3.45,180.0,95558.0
20190402:2000,16.52,72.9,0.0,0.0,0.0,313.0,3.45,191.0,95633.0
20190402:2100,15.65,77.1,0.0,0.0,0.0,315.2,3.45,202.0,95662.0
20190402:2200,14.94,79.7,0.0,0.0,0.0,312.6,3.59,210.0,95633.0
20190402:2300,14.31,81.5,0.0,0.0,0.0,309.0,3.52,217.0,95605.0
20190403:0000,13.63,83.3,0.0,0.0,0.0,302.8,3.31,225.0,95586.0
20190403:0100,12.96,84.85,0.0,0.0,0.0,300.0,3.24,228.0,95539.0
20190403:0200,12.37,85.7,0.0,0.0,0.0,297.6,3.31,234.0,95464.0
20190403:0300,11.94,85.7,0.0,0.0,0.0,294.4,3.52,234.0,95417.0
20190403:0400,11.71,85.2,0.0,0.0,0.0,295.0,3.72,229.0,95379.0
20190403:0500,11.52,84.6,0.0,0.0,0.0,293.2,3.79,227.0,95370.0
20190403:0600,11.39,84.1,56.0,80.26,46.0,290.8,3.79,232.0,95351.0
20190403:0700,13.45,74.45,304.0,602.56,100.0,292.6,3.52,226.0,95370.0
20190403:0800,16.72,61.6,514.0,683.14,150.0,299.8,4.07,226.0,95398.0
20190403:0900,19.0,52.85,720.0,822.53,149.0,305.8,5.17,221.0,95379.0
20190403:1000,20.7,48.15,884.0,937.59,123.0,313.8,6.14,215.0,95379.0
20190403:1100,22.11,44.0,981.0,1011.19,94.0,318.2,6.83,214.0,95248.0
20190403:1200,23.29,39.95,985.0,984.96,112.0,324.0,7.52,215.0,95163.0
20190403:1300,24.21,35.6,931.0,995.85,96.0,327.8,8.07,222.0,95078.0
20190403:1400,24.57,33.0,800.0,949.96,100.0,334.2,8.34,224.0,94965.0
20190403:1500,24.83,31.2,613.0,868.39,102.0,339.6,8.55,225.0,94881.0
20190403:1600,24.78,31.4,229.0,99.18,189.0,332.0,8.83,224.0,94843.0
20190403:1700,23.56,36.6,82.0,41.22,74.0,345.0,7.79,228.0,94787.0
20190403:1800,21.83,42.9,0.0,0.0,0.0,353.2,7.17,233.0,94730.0
20190403:1900,20.87,46.25,0.0,0.0,0.0,347.0,4.97,204.0,94702.0
20190403:2000,19.5,50.35,0.0,0.0,0.0,324.2,5.1,205.0,94730.0
20190403:2100,18.45,52.75,0.0,0.0,0.0,325.2,4.48,218.0,94721.0
20190403:2200,17.71,53.05,0.0,0.0,0.0,326.8,4.55,224.0,94645.0
20190403:2300,17.17,52.65,0.0,0.0,0.0,330.4,5.38,219.0,94627.0
20190404:0000,16.68,54.55,0.0,0.0,0.0,331.4,5.72,230.0,94589.0
20190404:0100,16.02,61.15,0.0,0.0,0.0,349.65,4.48,245.0,94551.0
20190404:0200,14.93,71.65,0.0,0.0,0.0,346.0,3.03,258.0,94514.0
20190404:0300,13.82,82.15,0.0,0.0,0.0,333.8,1.72,242.0,94420.0
20190404:0400,13.84,81.35,0.0,0.0,0.0,344.8,1.38,204.0,94325.0
20190404:0500,13.62,81.55,0.0,0.0,0.0,342.6,2.34,177.0,94316.0
20190404:0600,13.52,79.9,47.0,30.95,43.0,323.6,3.24,187.0,94325.0
20190404:0700,15.84,71.7,301.0,548.1,113.0,334.0,0.55,187.0,94354.0
20190404:0800,18.19,62.2,447.0,394.77,235.0,336.2,2.34,186.0,94363.0
20190404:0900,20.01,56.85,745.0,885.28,127.0,333.0,4.07,214.0,94354.0
20190404:1000,21.86,52.05,893.0,937.19,129.0,334.8,5.93,235.0,94372.0
20190404:1100,23.86,42.0,996.0,1027.93,91.0,328.2,7.52,243.0,94316.0
20190404:1200,25.15,30.05,968.0,896.25,171.0,329.2,10.14,246.0,94231.0
20190404:1300,25.33,25.8,902.0,863.11,176.0,326.2,11.59,245.0,94203.0
20190404:1400,25.31,24.1,657.0,458.51,318.0,318.2,12.07,243.0,94109.0
20190404:1500,25.0,23.4,586.0,714.29,164.0,325.6,12.07,243.0,94081.0
20190404:1600,24.37,23.75,215.0,69.03,187.0,329.0,11.45,243.0,94053.0
20190404:1700,23.3,27.0,28.0,0.0,28.0,329.4,9.66,239.0,94034.0
20190404:1800,21.61,31.45,0.0,0.0,0.0,329.4,8.83,236.0,94043.0
20190404:1900,20.21,36.45,0.0,0.0,0.0,330.4,8.76,233.0,94100.0
20190404:2000,19.14,39.5,0.0,0.0,0.0,320.4,7.72,237.0,94156.0
20190404:2100,18.01,44.2,0.0,0.0,0.0,320.4,5.66,258.0,94175.0
20190404:2200,16.02,56.95,0.0,0.0,0.0,309.0,3.79,283.0,94213.0
20190404:2300,14.71,69.25,0.0,0.0,0.0,316.6,2.9,304.0,94250.0
20190405:0000,13.44,80.15,0.0,0.0,0.0,306.4,2.14,317.0,94241.0
20190405:0100,12.26,88.1,0.0,0.0,0.0,302.8,1.66,318.0,94222.0
20190405:0200,11.37,91.55,0.0,0.0,0.0,295.4,1.52,319.0,94175.0
20190405:0300,10.69,92.65,0.0,0.0,0.0,293.0,2.14,317.0,94156.0
20190405:0400,10.25,91.75,0.0,0.0,0.0,289.8,3.03,319.0,94194.0
20190405:0500,10.42,91.35,0.0,0.0,0.0,296.6,4.55,333.0,94260.0
20190405:0600,11.29,88.9,54.0,44.82,48.0,315.2,6.14,347.0,94382.0
20190405:0700,12.74,71.55,302.0,532.51,117.0,308.6,6.14,348.0,94495.0
20190405:0800,14.49,56.1,538.0,748.39,133.0,312.0,7.52,351.0,94551.0
20190405:0900,15.59,48.95,737.0,847.69,142.0,332.4,7.59,348.0,94627.0
20190405:1000,16.89,46.3,883.0,896.54,149.0,326.2,7.24,343.0,94711.0
20190405:1100,18.07,44.6,985.0,990.28,110.0,301.6,6.55,337.0,94664.0
20190405:1200,19.35,39.95,970.0,906.81,161.0,307.2,5.59,320.0,94645.0
20190405:1300,20.38,35.75,914.0,906.65,149.0,334.2,5.52,299.0,94598.0
20190405:1400,21.28,32.1,807.0,947.72,104.0,346.0,6.21,285.0,94523.0
20190405:1500,21.39,31.5,607.0,807.6,128.0,324.2,6.62,276.0,94523.0
20190405:1600,21.13,32.1,389.0,696.22,105.0,307.4,6.69,270.0,94485.0
20190405:1700,20.46,32.9,154.0,432.6,68.0,305.0,6.55,268.0,94495.0
20190405:1800,19.11,36.85,0.0,0.0,0.0,301.6,5.52,271.0,94523.0
20190405:1900,17.55,42.25,0.0,0.0,0.0,297.0,4.76,275.0,94589.0
20190405:2000,16.28,46.7,0.0,0.0,0.0,293.0,3.72,268.0,94683.0
20190405:2100,14.95,53.8,0.0,0.0,0.0,288.8,2.83,235.0,94674.0
20190405:2200,13.77,57.9,0.0,0.0,0.0,286.4,3.03,207.0,94683.0
20190405:2300,12.78,61.8,0.0,0.0,0.0,285.8,3.03,205.0,94627.0
20190406:0000,12.03,64.95,0.0,0.0,0.0,288.4,2.97,206.0,94580.0
20190406:0100,11.47,66.35,0.0,0.0,0.0,289.8,2.97,204.0,94561.0
20190406:0200,11.04,66.5,0.0,0.0,0.0,287.6,3.24,200.0,94514.0
20190406:0300,10.51,69.4,0.0,0.0,0.0,295.2,2.97,209.0,94467.0
20190406:0400,10.11,70.85,0.0,0.0,0.0,292.8,3.03,232.0,94504.0
20190406:0500,10.02,70.45,0.0,0.0,0.0,301.4,4.28,285.0,94692.0
20190406:0600,9.51,73.0,62.0,72.23,52.0,309.2,7.17,335.0,94918.0
20190406:0700,8.97,63.3,310.0,551.49,116.0,325.2,9.38,348.0,95003.0
20190406:0800,10.39,57.0,487.0,509.86,209.0,312.6,9.31,348.0,95031.0
20190406:0900,12.36,49.7,765.0,936.68,104.0,295.6,8.62,353.0,94975.0
20190406:1000,14.21,42.7,901.0,937.79,130.0,302.6,8.14,0.0,94994.0
20190406:1100,15.37,38.0,979.0,945.07,141.0,298.0,7.79,6.0,94937.0
20190406:1200,16.08,35.05,984.0,930.77,151.0,302.6,7.17,9.0,94928.0
20190406:1300,16.71,32.75,950.0,1012.59,93.0,301.0,6.48,9.0,94881.0
20190406:1400,16.99,31.9,818.0,967.52,98.0,295.8,6.0,6.0,94871.0
20190406:1500,16.96,32.0,620.0,846.48,116.0,295.0,5.38,0.0,94843.0
20190406:1600,16.78,32.7,390.0,680.18,111.0,295.4,4.76,352.0,94871.0
20190406:1700,16.4,33.7,157.0,437.53,69.0,291.0,4.41,343.0,94899.0
20190406:1800,15.76,36.2,0.0,0.0,0.0,287.0,3.72,337.0,94956.0
20190406:1900,15.05,39.8,0.0,0.0,0.0,291.0,2.48,345.0,95050.0
20190406:2000,13.8,48.0,0.0,0.0,0.0,281.0,2.28,325.0,95125.0
20190406:2100,12.45,52.9,0.0,0.0,0.0,275.2,2.97,303.0,95191.0
20190406:2200,11.46,55.55,0.0,0.0,0.0,271.4,4.0,294.0,95257.0
20190406:2300,10.72,56.6,0.0,0.0,0.0,268.4,4.69,294.0,95257.0
20190407:0000,10.05,56.6,0.0,0.0,0.0,265.0,5.17,299.0,95229.0
20190407:0100,9.39,56.6,0.0,0.0,0.0,261.6,5.1,304.0,95219.0
20190407:0200,8.56,58.65,0.0,0.0,0.0,258.6,4.34,306.0,95182.0
20190407:0300,7.65,62.1,0.0,0.0,0.0,257.4,4.34,305.0,95191.0
20190407:0400,7.1,63.9,0.0,0.0,0.0,256.8,4.83,298.0,95238.0
20190407:0500,6.89,63.7,0.0,0.0,0.0,257.4,5.24,290.0,95285.0
20190407:0600,7.12,61.8,100.0,342.68,51.0,257.6,5.66,287.0,95379.0
20190407:0700,9.96,50.2,330.0,631.86,105.0,260.8,5.31,290.0,95483.0
20190407:0800,13.41,40.15,551.0,735.51,147.0,267.4,6.14,293.0,95586.0
20190407:0900,15.01,34.95,745.0,810.55,170.0,274.0,6.97,301.0,95586.0
20190407:1000,16.17,32.4,893.0,872.17,173.0,278.8,6.83,300.0,95615.0
20190407:1100,17.43,29.35,969.0,877.76,188.0,283.4,6.76,295.0,95577.0
20190407:1200,18.5,27.8,984.0,896.71,179.0,286.0,7.31,293.0,95539.0
20190407:1300,19.26,27.4,942.0,948.32,137.0,297.2,7.86,292.0,95521.0
20190407:1400,19.9,25.8,820.0,940.36,118.0,303.4,8.55,289.0,95464.0
20190407:1500,20.64,22.65,615.0,789.75,143.0,315.6,9.86,286.0,95436.0
20190407:1600,20.75,22.05,349.0,443.71,166.0,316.6,10.34,287.0,95436.0
20190407:1700,20.34,22.8,141.0,280.16,84.0,301.0,10.21,290.0,95408.0
20190407:1800,19.24,25.85,0.0,0.0,0.0,301.6,8.07,292.0,95455.0
20190407:1900,18.33,29.2,0.0,0.0,0.0,294.6,6.41,289.0,95521.0
20190407:2000,17.13,33.5,0.0,0.0,0.0,293.8,4.97,294.0,95615.0
20190407:2100,15.76,39.05,0.0,0.0,0.0,291.6,4.0,304.0,95690.0
20190407:2200,14.36,45.65,0.0,0.0,0.0,289.2,3.79,316.0,95756.0
20190407:2300,13.11,52.35,0.0,0.0,0.0,286.8,3.86,328.0,95822.0
20190408:0000,12.02,58.4,0.0,0.0,0.0,284.4,3.93,336.0,95822.0
20190408:0100,11.07,63.2,0.0,0.0,0.0,282.0,3.72,338.0,95840.0
20190408:0200,10.23,66.8,0.0,0.0,0.0,279.8,3.45,333.0,95822.0
20190408:0300,9.47,69.55,0.0,0.0,0.0,278.0,3.24,324.0,95775.0
20190408:0400,8.82,71.4,0.0,0.0,0.0,276.6,3.31,316.0,95822.0
20190408:0500,8.27,72.7,0.0,0.0,0.0,275.2,3.38,309.0,95822.0
20190408:0600,8.0,73.15,102.0,338.99,52.0,274.8,3.38,306.0,95897.0
20190408:0700,10.4,63.05,326.0,604.95,108.0,278.6,2.76,310.0,95953.0
20190408:0800,14.1,50.35,546.0,726.6,144.0,286.0,2.69,317.0,95982.0
20190408:0900,15.85,48.45,737.0,803.58,164.0,295.2,2.48,335.0,95963.0
20190408:1000,17.24,44.9,884.0,865.05,167.0,304.4,1.45,340.0,95963.0
20190408:1100,18.57,41.1,958.0,871.44,180.0,313.0,0.55,294.0,95906.0
20190408:1200,20.03,36.55,968.0,874.02,181.0,319.8,1.24,238.0,95831.0
20190408:1300,21.42,32.1,922.0,906.8,150.0,322.6,2.21,240.0,95765.0
20190408:1400,22.51,28.3,806.0,914.76,121.0,323.4,3.1,249.0,95662.0
20190408:1500,23.39,24.8,611.0,793.49,135.0,322.0,4.14,258.0,95577.0
20190408:1600,23.75,22.7,381.0,612.56,127.0,321.0,4.83,265.0,95558.0
20190408:1700,23.5,22.1,162.0,456.84,68.0,318.2,5.24,270.0,95530.0
20190408:1800,22.74,23.0,0.0,0.0,0.0,311.2,4.83,272.0,95558.0
20190408:1900,21.63,24.4,0.0,0.0,0.0,309.0,3.31,256.0,95586.0
20190408:2000,20.53,26.2,0.0,0.0,0.0,309.0,2.97,244.0,95633.0
20190408:2100,19.3,28.25,0.0,0.0,0.0,305.8,3.24,223.0,95643.0
20190408:2200,18.13,30.0,0.0,0.0,0.0,302.0,3.79,210.0,95596.0
20190408:2300,17.28,31.4,0.0,0.0,0.0,298.2,4.48,209.0,95577.0
20190409:0000,16.52,33.05,0.0,0.0,0.0,294.6,4.83,212.0,95521.0
20190409:0100,15.78,34.9,0.0,0.0,0.0,292.2,4.69,216.0,95473.0
20190409:0200,14.99,36.85,0.0,0.0,0.0,288.4,4.55,220.0,95455.0
20190409:0300,14.19,38.85,0.0,0.0,0.0,286.2,4.48,226.0,95445.0
20190409:0400,13.39,40.8,0.0,0.0,0.0,283.8,4.48,233.0,95473.0
20190409:0500,12.63,42.45,0.0,0.0,0.0,281.2,4.69,245.0,95502.0
20190409:0600,12.31,42.5,105.0,329.03,55.0,279.4,4.9,253.0,95568.0
20190409:0700,14.58,37.3,335.0,617.15,110.0,282.6,4.62,257.0,95624.0
20190409:0800,17.69,29.35,562.0,760.96,138.0,287.8,5.72,252.0,95633.0
20190409:0900,20.28,24.15,126.0,0.0,126.0,294.6,6.55,251.0,95615.0
20190409:1000,22.28,20.65,920.0,950.58,129.0,301.4,7.17,251.0,95605.0
20190409:1100,23.86,17.75,996.0,956.78,139.0,306.2,7.72,252.0,95530.0
20190409:1200,24.97,15.3,1011.0,977.74,128.0,311.8,8.07,254.0,95426.0
20190409:1300,25.8,13.65,962.0,1013.14,97.0,314.8,7.93,260.0,95370.0
20190409:1400,26.16,13.0,799.0,852.08,159.0,317.2,7.52,266.0,95285.0
20190409:1500,26.13,13.15,626.0,828.8,127.0,319.8,6.76,273.0,95210.0
20190409:1600,25.76,14.6,413.0,772.45,91.0,316.4,5.93,282.0,95191.0
20190409:1700,24.96,17.7,136.0,230.7,88.0,316.0,5.24,294.0,95172.0
20190409:1800,23.66,23.1,0.0,0.0,0.0,317.4,4.21,316.0,95201.0
20190409:1900,22.3,27.3,0.0,0.0,0.0,319.2,4.34,322.0,95266.0
20190409:2000,21.27,33.5,0.0,0.0,0.0,326.4,4.14,328.0,95361.0
20190409:2100,20.09,38.35,0.0,0.0,0.0,316.4,3.17,328.0,95398.0
20190409:2200,18.82,42.35,0.0,0.0,0.0,310.4,3.1,324.0,95342.0
20190409:2300,17.69,45.65,0.0,0.0,0.0,307.0,3.52,323.0,95417.0
20190410:0000,16.71,48.4,0.0,0.0,0.0,306.6,4.28,327.0,95332.0
20190410:0100,15.77,50.55,0.0,0.0,0.0,302.2,4.62,337.0,95332.0
20190410:0200,14.79,52.25,0.0,0.0,0.0,297.2,4.83,351.0,95332.0
20190410:0300,13.72,54.5,0.0,0.0,0.0,293.2,4.97,2.0,95313.0
20190410:0400,12.57,57.15,0.0,0.0,0.0,288.0,4.83,6.0,95370.0
20190410:0500,11.62,59.15,0.0,0.0,0.0,284.6,4.76,7.0,95389.0
20190410:0600,11.1,59.95,107.0,313.34,58.0,283.0,4.69,6.0,95436.0
20190410:0700,12.68,51.6,308.0,463.73,137.0,283.2,5.1,8.0,95521.0
20190410:0800,14.68,45.05,513.0,563.22,197.0,290.4,5.52,8.0,95521.0
20190410:0900,16.76,38.45,778.0,941.41,100.0,308.8,5.66,7.0,95539.0
20190410:1000,18.61,32.6,884.0,847.57,176.0,316.2,4.83,11.0,95511.0
20190410:1100,19.79,29.3,946.0,821.27,208.0,316.2,2.97,17.0,95408.0
20190410:1200,20.8,26.6,939.0,776.19,236.0,321.0,1.59,1.0,95351.0
20190410:1300,21.69,24.2,915.0,871.33,169.0,328.2,1.38,306.0,95266.0
20190410:1400,22.47,22.5,792.0,848.23,153.0,338.6,2.48,288.0,95210.0
20190410:1500,22.99,21.4,584.0,666.95,181.0,348.2,3.52,283.0,95125.0
20190410:1600,23.24,20.9,320.0,322.17,185.0,336.2,4.28,275.0,95097.0
20190410:1700,23.11,20.9,150.0,323.28,82.0,330.4,4.97,273.0,95078.0
20190410:1800,22.47,21.6,0.0,0.0,0.0,324.2,4.76,273.0,95078.0
20190410:1900,21.79,23.15,0.0,0.0,0.0,313.6,4.28,264.0,95135.0
20190410:2000,20.71,24.75,0.0,0.0,0.0,307.2,4.0,263.0,95182.0
20190410:2100,19.53,26.7,0.0,0.0,0.0,301.8,3.86,268.0,95238.0
20190410:2200,18.24,28.9,0.0,0.0,0.0,297.8,4.0,289.0,95219.0
20190410:2300,16.9,31.75,0.0,0.0,0.0,293.8,4.34,314.0,95257.0
20190411:0000,15.64,36.4,0.0,0.0,0.0,289.8,5.24,343.0,95248.0
20190411:0100,14.12,44.6,0.0,0.0,0.0,287.8,6.69,4.0,95248.0
20190411:0200,12.54,53.3,0.0,0.0,0.0,282.6,6.28,8.0,95295.0
20190411:0300,11.47,58.45,0.0,0.0,0.0,278.4,5.52,4.0,95304.0
20190411:0400,10.82,60.55,0.0,0.0,0.0,278.4,5.24,355.0,95342.0
20190411:0500,10.3,60.75,0.0,0.0,0.0,273.8,5.17,348.0,95398.0
20190411:0600,10.03,58.25,120.0,404.34,55.0,270.4,5.1,343.0,95426.0
20190411:0700,11.74,45.6,362.0,737.53,87.0,282.2,5.72,348.0,95530.0
20190411:0800,13.48,37.3,597.0,885.16,97.0,284.8,6.48,351.0,95492.0
20190411:0900,15.37,31.35,650.0,472.58,308.0,284.4,6.21,356.0,95521.0
20190411:1000,16.89,27.0,787.0,533.11,340.0,296.0,5.79,358.0,95558.0
20190411:1100,18.29,23.25,931.0,736.6,267.0,296.2,5.03,357.0,95521.0
20190411:1200,19.4,20.1,967.0,814.74,227.0,294.2,4.41,351.0,95417.0
20190411:1300,20.25,17.95,839.0,613.86,312.0,293.8,4.21,341.0,95398.0
20190411:1400,20.84,16.85,816.0,890.76,143.0,293.4,4.41,331.0,95323.0
20190411:1500,21.13,16.75,627.0,806.43,138.0,292.0,4.83,326.0,95266.0
20190411:1600,21.11,17.05,399.0,652.89,124.0,292.2,4.76,322.0,95248.0
20190411:1700,20.89,17.25,171.0,470.31,71.0,292.6,4.34,315.0,95248.0
20190411:1800,20.41,17.7,0.0,0.0,0.0,289.8,3.66,308.0,95238.0
20190411:1900,19.4,19.4,0.0,0.0,0.0,286.8,2.9,330.0,95313.0
20190411:2000,18.1,23.1,0.0,0.0,0.0,287.2,4.07,356.0,95389.0
20190411:2100,16.61,28.2,0.0,0.0,0.0,285.4,5.1,360.0,95530.0
20190411:2200,15.46,31.95,0.0,0.0,0.0,284.2,5.03,354.0,95586.0
20190411:2300,14.44,34.8,0.0,0.0,0.0,281.4,4.9,355.0,95633.0
20190412:0000,13.28,37.95,0.0,0.0,0.0,278.2,4.69,4.0,95605.0
20190412:0100,12.05,42.15,0.0,0.0,0.0,274.2,4.07,7.0,95577.0
20190412:0200,10.9,46.9,0.0,0.0,0.0,270.0,3.66,4.0,95549.0
20190412:0300,9.86,52.15,0.0,0.0,0.0,266.0,3.66,1.0,95530.0
20190412:0400,8.97,57.75,0.0,0.0,0.0,262.4,3.66,358.0,95577.0
20190412:0500,8.19,63.2,0.0,0.0,0.0,259.6,3.66,355.0,95624.0
20190412:0600,7.79,66.55,127.0,448.27,53.0,257.0,3.45,349.0,95690.0
20190412:0700,10.42,56.0,363.0,713.67,94.0,262.6,3.52,356.0,95746.0
20190412:0800,13.18,44.9,590.0,821.28,123.0,267.6,3.86,5.0,95746.0
20190412:0900,15.09,34.6,779.0,867.83,148.0,274.8,3.66,16.0,95756.0
20190412:1000,16.41,28.6,938.0,963.68,127.0,283.8,2.69,12.0,95765.0
20190412:1100,17.61,24.1,1003.0,933.41,159.0,289.6,2.21,348.0,95690.0
20190412:1200,18.77,20.6,0.0,0.0,0.0,293.6,2.41,325.0,95624.0
20190412:1300,19.77,18.1,958.0,953.77,137.0,296.8,2.83,319.0,95568.0
20190412:1400,20.43,16.35,846.0,993.81,93.0,296.6,3.1,319.0,95492.0
20190412:1500,20.86,15.05,625.0,782.27,149.0,302.0,3.38,319.0,95436.0
20190412:1600,20.73,14.8,424.0,788.95,90.0,307.2,3.72,318.0,95445.0
20190412:1700,20.5,14.9,123.0,134.95,94.0,302.6,4.0,318.0,95426.0
20190412:1800,19.92,15.75,0.0,0.0,0.0,304.0,3.93,316.0,95464.0
20190412:1900,19.01,16.6,0.0,0.0,0.0,295.0,2.76,313.0,95502.0
20190412:2000,18.16,18.05,0.0,0.0,0.0,287.8,1.93,308.0,95577.0
20190412:2100,16.93,21.2,0.0,0.0,0.0,288.2,1.24,280.0,95633.0
20190412:2200,15.92,22.75,0.0,0.0,0.0,289.0,1.17,246.0,95652.0
20190412:2300,15.33,23.3,0.0,0.0,0.0,281.8,1.17,249.0,95662.0
20190413:0000,15.19,23.2,0.0,0.0,0.0,277.4,1.1,280.0,95605.0
20190413:0100,13.48,26.35,0.0,0.0,0.0,274.6,1.59,305.0,95558.0
20190413:0200,11.27,30.75,0.0,0.0,0.0,271.8,3.17,336.0,95483.0
20190413:0300,10.48,35.0,0.0,0.0,0.0,268.4,4.48,353.0,95492.0
20190413:0400,9.64,43.1,0.0,0.0,0.0,266.0,4.9,4.0,95549.0
20190413:0500,9.05,50.45,0.0,0.0,0.0,264.4,4.62,9.0,95605.0
20190413:0600,8.89,54.4,128.0,419.24,57.0,265.2,4.34,9.0,95680.0
20190413:0700,11.32,46.65,350.0,609.03,118.0,266.0,3.93,11.0,95765.0
20190413:0800,14.46,38.15,571.0,726.87,155.0,271.6,4.28,24.0,95793.0
20190413:0900,16.77,31.3,765.0,813.19,171.0,280.4,4.21,40.0,95840.0
20190413:1000,18.22,27.15,911.0,871.43,175.0,288.4,3.45,47.0,95840.0
20190413:1100,19.21,24.55,989.0,892.03,180.0,295.8,2.14,42.0,95812.0
20190413:1200,20.01,22.1,1002.0,911.07,170.0,301.4,1.31,347.0,95718.0
20190413:1300,20.87,19.9,954.0,945.5,138.0,311.4,2.34,313.0,95709.0
20190413:1400,21.67,17.75,694.0,501.44,313.0,305.2,3.45,310.0,95624.0
20190413:1500,22.0,15.85,554.0,517.56,238.0,300.2,4.48,314.0,95568.0
20190413:1600,21.94,14.55,400.0,639.29,128.0,300.4,5.52,321.0,95577.0
20190413:1700,21.32,14.2,178.0,497.35,70.0,289.2,5.66,327.0,95568.0
20190413:1800,20.77,13.95,0.0,0.0,0.0,287.0,4.21,330.0,95605.0
20190413:1900,19.42,16.15,0.0,0.0,0.0,287.0,2.14,3.0,95633.0
20190413:2000,18.63,17.25,0.0,0.0,0.0,281.8,1.45,84.0,95699.0
20190413:2100,17.12,20.5,0.0,0.0,0.0,283.0,1.31,142.0,95756.0
20190413:2200,15.85,21.7,0.0,0.0,0.0,281.0,1.66,222.0,95793.0
20190413:2300,14.59,22.9,0.0,0.0,0.0,278.4,2.69,260.0,95822.0
20190414:0000,13.15,25.3,0.0,0.0,0.0,276.6,2.97,294.0,95793.0
20190414:0100,11.91,28.05,0.0,0.0,0.0,273.6,3.45,324.0,95784.0
20190414:0200,11.16,31.05,0.0,0.0,0.0,270.0,4.0,344.0,95793.0
20190414:0300,10.63,34.3,0.0,0.0,0.0,268.2,4.07,354.0,95793.0
20190414:0400,10.0,37.6,0.0,0.0,0.0,266.0,3.86,359.0,95831.0
20190414:0500,9.29,40.95,0.0,0.0,0.0,264.2,3.66,1.0,95859.0
20190414:0600,8.96,43.3,135.0,449.37,57.0,262.8,3.38,1.0,95906.0
20190414:0700,11.8,38.4,359.0,626.17,118.0,266.0,3.45,2.0,95972.0
20190414:0800,15.6,30.6,579.0,729.24,159.0,271.8,3.59,12.0,96047.0
20190414:0900,17.96,25.5,774.0,812.26,178.0,280.6,3.03,32.0,96047.0
20190414:1000,19.22,22.7,920.0,869.57,183.0,289.0,1.79,34.0,96047.0
20190414:1100,20.12,20.15,1009.0,924.61,168.0,295.2,0.62,353.0,96019.0
20190414:1200,21.2,17.8,1012.0,908.69,180.0,299.6,1.1,279.0,95972.0
20190414:1300,22.31,15.65,937.0,858.73,194.0,301.6,1.93,270.0,95925.0
20190414:1400,23.19,13.9,827.0,887.27,151.0,302.8,2.55,270.0,95840.0
20190414:1500,23.77,12.65,634.0,790.06,150.0,301.8,3.1,275.0,95756.0
20190414:1600,24.01,11.85,408.0,657.18,127.0,300.6,3.45,277.0,95728.0
20190414:1700,23.88,11.6,182.0,501.36,72.0,297.6,3.79,280.0,95718.0
20190414:1800,23.33,11.85,0.0,0.0,0.0,295.0,3.72,280.0,95737.0
20190414:1900,22.2,13.1,0.0,0.0,0.0,291.8,2.62,269.0,95784.0
20190414:2000,20.96,14.35,0.0,0.0,0.0,290.4,2.69,261.0,95831.0
20190414:2100,19.46,16.0,0.0,0.0,0.0,288.6,3.03,252.0,95878.0
20190414:2200,18.1,17.6,0.0,0.0,0.0,287.0,3.38,243.0,95878.0
20190414:2300,17.02,19.0,0.0,0.0,0.0,285.0,3.79,239.0,95887.0
20190415:0000,16.22,20.1,0.0,0.0,0.0,283.2,4.14,242.0,95859.0
20190415:0100,15.61,20.9,0.0,0.0,0.0,282.4,4.55,245.0,95784.0
20190415:0200,15.09,21.5,0.0,0.0,0.0,281.8,4.76,247.0,95775.0
20190415:0300,14.55,22.0,0.0,0.0,0.0,281.2,5.03,249.0,95728.0
20190415:0400,14.06,22.4,0.0,0.0,0.0,280.4,5.31,252.0,95746.0
20190415:0500,13.65,22.6,0.0,0.0,0.0,279.6,5.66,254.0,95765.0
20190415:0600,13.72,21.95,138.0,455.71,57.0,279.0,5.79,256.0,95793.0
20190415:0700,15.98,18.8,365.0,666.21,106.0,282.0,5.93,257.0,95840.0
20190415:0800,19.17,14.45,584.0,764.44,141.0,288.2,7.1,258.0,95822.0
20190415:0900,22.1,12.0,767.0,807.35,172.0,295.8,8.07,258.0,95793.0
20190415:1000,24.46,10.95,921.0,898.35,157.0,304.0,8.9,259.0,95746.0
20190415:1100,26.4,10.15,994.0,902.24,171.0,311.8,9.24,260.0,95680.0
20190415:1200,27.98,9.7,1017.0,956.48,139.0,318.8,8.76,263.0,95605.0
20190415:1300,29.16,9.4,968.0,990.33,109.0,325.0,8.0,265.0,95521.0
20190415:1400,29.94,9.1,813.0,865.26,152.0,329.2,7.38,265.0,95455.0
20190415:1500,30.39,8.95,630.0,797.22,140.0,331.4,6.9,264.0,95342.0
20190415:1600,30.52,8.95,401.0,635.37,128.0,331.8,6.41,263.0,95361.0
20190415:1700,30.3,9.2,173.0,424.11,79.0,330.6,5.79,261.0,95332.0
20190415:1800,29.12,10.0,0.0,0.0,0.0,328.2,4.21,246.0,95351.0
20190415:1900,27.0,11.6,0.0,0.0,0.0,325.2,4.0,227.0,95389.0
20190415:2000,25.41,12.6,0.0,0.0,0.0,322.4,4.62,225.0,95436.0
20190415:2100,24.17,13.3,0.0,0.0,0.0,319.6,5.17,228.0,95502.0
20190415:2200,23.11,13.8,0.0,0.0,0.0,317.0,5.66,234.0,95502.0
20190415:2300,22.21,14.25,0.0,0.0,0.0,314.8,5.86,240.0,95502.0
20190416:0000,21.4,14.75,0.0,0.0,0.0,315.4,6.07,251.0,95492.0
20190416:0100,20.7,15.25,0.0,0.0,0.0,316.25,6.14,262.0,95473.0
20190416:0200,19.91,15.85,0.0,0.0,0.0,312.0,6.14,269.0,95455.0
20190416:0300,19.26,16.4,0.0,0.0,0.0,311.2,6.21,274.0,95473.0
20190416:0400,18.82,16.8,0.0,0.0,0.0,312.8,6.28,278.0,95455.0
20190416:0500,18.39,17.2,0.0,0.0,0.0,309.2,6.21,281.0,95511.0
20190416:0600,18.26,17.3,128.0,318.93,70.0,304.6,5.72,284.0,95530.0
20190416:0700,19.13,20.05,329.0,445.76,154.0,306.8,4.14,334.0,95615.0
20190416:0800,21.46,17.25,565.0,660.36,180.0,307.8,4.34,3.0,95652.0
20190416:0900,23.61,14.5,770.0,797.14,180.0,312.2,4.41,34.0,95671.0
20190416:1000,25.53,12.75,919.0,870.76,176.0,319.0,4.41,56.0,95709.0
20190416:1100,27.15,11.8,995.0,891.0,180.0,325.4,4.21,70.0,95671.0
20190416:1200,28.48,11.2,1029.0,979.09,128.0,331.0,4.0,79.0,95596.0
20190416:1300,29.44,10.9,959.0,944.22,138.0,335.0,3.66,92.0,95558.0
20190416:1400,30.1,10.65,814.0,855.15,159.0,338.2,3.31,109.0,95492.0
20190416:1500,30.55,10.35,631.0,788.14,145.0,338.4,3.24,130.0,95426.0
20190416:1600,30.74,10.05,403.0,627.68,132.0,337.6,3.38,145.0,95436.0
20190416:1700,30.65,9.75,172.0,397.54,83.0,334.6,3.52,154.0,95408.0
20190416:1800,29.88,10.05,0.0,0.0,0.0,330.6,3.1,141.0,95408.0
20190416:1900,27.54,13.0,0.0,0.0,0.0,326.0,3.45,123.0,95426.0
20190416:2000,25.95,14.75,0.0,0.0,0.0,322.6,3.66,116.0,95464.0
20190416:2100,24.4,17.05,0.0,0.0,0.0,318.6,3.59,114.0,95530.0
20190416:2200,22.81,19.7,0.0,0.0,0.0,314.6,3.24,114.0,95549.0
20190416:2300,21.27,22.7,0.0,0.0,0.0,311.4,2.9,108.0,95596.0
20190417:0000,19.74,26.15,0.0,0.0,0.0,308.8,2.48,102.0,95549.0
20190417:0100,18.23,30.1,0.0,0.0,0.0,306.8,2.28,95.0,95558.0
20190417:0200,16.82,34.15,0.0,0.0,0.0,302.8,2.07,90.0,95511.0
20190417:0300,16.33,35.95,0.0,0.0,0.0,300.2,1.72,87.0,95483.0
20190417:0400,17.37,33.6,0.0,0.0,0.0,298.8,1.24,80.0,95521.0
20190417:0500,17.49,33.4,0.0,0.0,0.0,297.0,0.97,64.0,95539.0
20190417:0600,16.77,35.25,140.0,403.42,65.0,295.0,1.31,52.0,95586.0
20190417:0700,16.1,41.95,294.0,285.1,181.0,299.2,1.86,76.0,95643.0
20190417:0800,20.5,30.1,475.0,347.85,271.0,304.8,2.41,98.0,95690.0
20190417:0900,23.23,23.55,692.0,542.22,289.0,313.0,2.9,119.0,95709.0
20190417:1000,25.8,18.3,891.0,776.82,226.0,325.6,2.97,137.0,95699.0
20190417:1100,28.18,14.4,960.0,779.56,245.0,337.0,2.9,158.0,95643.0
20190417:1200,30.22,11.75,1052.0,1048.26,85.0,349.6,3.03,176.0,95539.0
20190417:1300,31.62,10.15,967.0,962.63,128.0,353.0,3.24,187.0,95502.0
20190417:1400,32.47,9.2,817.0,855.55,160.0,357.4,3.52,187.0,95398.0
20190417:1500,32.79,8.7,637.0,805.03,139.0,350.2,3.86,185.0,95332.0
20190417:1600,32.75,8.4,403.0,617.79,135.0,346.2,4.21,183.0,95266.0
20190417:1700,32.32,8.45,178.0,433.44,80.0,338.2,4.55,181.0,95248.0
20190417:1800,31.19,9.1,0.0,0.0,0.0,334.6,4.21,174.0,95266.0
20190417:1900,29.05,10.9,0.0,0.0,0.0,330.8,4.21,153.0,95285.0
20190417:2000,27.53,12.1,0.0,0.0,0.0,327.6,4.28,156.0,95361.0
20190417:2100,26.15,13.25,0.0,0.0,0.0,324.2,4.21,161.0,95398.0
20190417:2200,24.86,14.35,0.0,0.0,0.0,320.6,4.14,167.0,95379.0
20190417:2300,23.73,15.3,0.0,0.0,0.0,316.8,4.07,170.0,95436.0
20190418:0000,22.61,16.25,0.0,0.0,0.0,314.0,3.79,172.0,95370.0
20190418:0100,21.53,17.2,0.0,0.0,0.0,310.65,3.45,173.0,95361.0
20190418:0200,20.32,18.5,0.0,0.0,0.0,307.4,3.1,171.0,95285.0
20190418:0300,19.15,19.85,0.0,0.0,0.0,306.0,2.97,160.0,95257.0
20190418:0400,18.16,20.9,0.0,0.0,0.0,303.2,3.1,143.0,95238.0
20190418:0500,17.29,21.85,0.0,0.0,0.0,301.4,3.38,131.0,95266.0
20190418:0600,16.92,22.3,125.0,247.49,78.0,304.2,3.38,121.0,95266.0
20190418:0700,19.04,22.25,379.0,664.91,113.0,309.4,3.38,114.0,95332.0
20190418:0800,22.58,17.85,600.0,768.03,147.0,307.4,4.34,120.0,95332.0
20190418:0900,25.27,14.55,795.0,854.91,157.0,313.6,5.38,128.0,95266.0
20190418:1000,27.88,11.4,916.0,831.43,202.0,321.2,6.14,135.0,95295.0
20190418:1100,30.13,8.85,919.0,654.63,317.0,327.4,6.97,141.0,95191.0
20190418:1200,31.81,7.15,997.0,851.12,210.0,333.4,8.14,148.0,95078.0
20190418:1300,32.73,6.3,994.0,1037.1,88.0,338.0,8.97,154.0,94975.0
20190418:1400,33.1,5.85,793.0,754.68,212.0,341.6,8.76,156.0,94881.0
20190418:1500,33.17,5.6,581.0,570.45,227.0,344.8,8.34,156.0,94777.0
20190418:1600,32.97,5.45,401.0,591.95,143.0,341.8,7.93,156.0,94721.0
20190418:1700,32.47,5.45,105.0,52.56,93.0,341.6,7.17,154.0,94692.0
20190418:1800,31.17,5.9,0.0,0.0,0.0,341.0,5.52,144.0,94683.0
20190418:1900,29.43,6.95,0.0,0.0,0.0,341.4,5.66,125.0,94702.0
20190418:2000,28.28,7.6,0.0,0.0,0.0,345.4,6.14,118.0,94721.0
20190418:2100,27.35,8.2,0.0,0.0,0.0,344.0,6.28,119.0,94777.0
20190418:2200,26.24,8.95,0.0,0.0,0.0,332.0,5.79,123.0,94796.0
20190418:2300,24.87,9.9,0.0,0.0,0.0,315.8,5.03,126.0,94834.0
20190419:0000,23.39,11.05,0.0,0.0,0.0,307.6,4.14,126.0,94739.0
20190419:0100,22.01,12.2,0.0,0.0,0.0,306.0,3.66,119.0,94702.0
20190419:0200,20.65,13.5,0.0,0.0,0.0,303.2,3.59,97.0,94664.0
20190419:0300,19.42,14.9,0.0,0.0,0.0,301.0,4.14,77.0,94617.0
20190419:0400,18.38,16.45,0.0,0.0,0.0,300.4,4.76,66.0,94598.0
20190419:0500,17.5,19.05,0.0,0.0,0.0,297.4,5.31,61.0,94617.0
20190419:0600,17.19,22.1,129.0,247.63,81.0,292.6,5.52,61.0,94664.0
20190419:0700,19.27,20.65,314.0,331.94,180.0,294.0,5.72,67.0,94730.0
20190419:0800,21.83,18.2,548.0,549.63,222.0,298.0,6.76,73.0,94721.0
20190419:0900,24.48,14.25,782.0,794.13,187.0,305.0,6.83,82.0,94702.0
20190419:1000,27.23,10.2,945.0,915.94,156.0,313.6,6.55,92.0,94721.0
20190419:1100,29.82,7.25,1022.0,936.04,159.0,322.0,6.55,102.0,94645.0
20190419:1200,32.15,5.45,1050.0,1008.85,115.0,328.0,7.03,120.0,94561.0
20190419:1300,34.25,4.75,968.0,937.68,147.0,331.8,7.66,146.0,94476.0
20190419:1400,35.72,4.45,823.0,848.7,168.0,335.8,8.69,173.0,94344.0
20190419:1500,36.15,4.65,636.0,771.1,156.0,340.0,10.21,182.0,94231.0
20190419:1600,35.98,5.2,374.0,454.47,175.0,342.8,10.62,183.0,94175.0
20190419:1700,35.42,5.9,155.0,242.92,99.0,343.2,10.0,187.0,94156.0
20190419:1800,33.77,7.0,0.0,0.0,0.0,350.6,7.45,201.0,94175.0
20190419:1900,31.29,8.45,0.0,0.0,0.0,340.2,5.03,216.0,94260.0
20190419:2000,29.24,10.35,0.0,0.0,0.0,336.2,4.21,233.0,94316.0
20190419:2100,27.45,12.05,0.0,0.0,0.0,331.6,3.38,235.0,94372.0
20190419:2200,25.8,13.65,0.0,0.0,0.0,328.2,3.38,229.0,94429.0
20190419:2300,24.17,15.35,0.0,0.0,0.0,322.2,3.59,230.0,94514.0
20190420:0000,22.47,17.8,0.0,0.0,0.0,320.8,3.24,244.0,94485.0
20190420:0100,20.77,21.2,0.0,0.0,0.0,316.45,3.03,276.0,94485.0
20190420:0200,19.05,25.75,0.0,0.0,0.0,311.2,2.9,302.0,94448.0
20190420:0300,17.5,31.45,0.0,0.0,0.0,305.6,2.69,320.0,94448.0
20190420:0400,16.17,37.8,0.0,0.0,0.0,301.0,2.62,331.0,94448.0
20190420:0500,15.08,44.3,0.0,0.0,0.0,297.0,2.9,336.0,94485.0
20190420:0600,14.84,48.9,124.0,202.32,84.0,293.8,3.59,337.0,94514.0
20190420:0700,17.52,49.05,315.0,331.49,180.0,299.2,4.97,351.0,94589.0
20190420:0800,20.21,41.35,540.0,528.2,225.0,305.0,5.1,358.0,94608.0
20190420:0900,23.0,32.35,754.0,708.64,221.0,313.8,3.86,8.0,94570.0
20190420:1000,25.43,25.6,921.0,851.86,185.0,324.2,2.21,26.0,94608.0
20190420:1100,27.33,21.2,1023.0,956.43,139.0,334.8,0.97,102.0,94561.0
20190420:1200,29.25,17.05,1050.0,1029.2,94.0,342.6,2.55,175.0,94504.0
20190420:1300,30.69,14.1,973.0,974.35,118.0,345.2,4.21,188.0,94467.0
20190420:1400,31.47,12.45,801.0,788.47,191.0,346.4,5.03,193.0,94382.0
20190420:1500,31.83,11.35,588.0,597.39,215.0,345.0,5.72,196.0,94316.0
20190420:1600,31.7,10.95,359.0,395.56,185.0,342.6,6.28,196.0,94260.0
20190420:1700,31.15,11.1,162.0,283.59,96.0,337.8,6.55,196.0,94250.0
20190420:1800,30.12,11.75,0.0,0.0,0.0,333.0,5.31,195.0,94250.0
20190420:1900,28.75,12.25,0.0,0.0,0.0,329.4,2.97,193.0,94241.0
20190420:2000,27.71,14.1,0.0,0.0,0.0,326.0,0.55,221.0,94241.0
20190420:2100,25.98,16.0,0.0,0.0,0.0,323.6,1.31,16.0,94222.0
20190420:2200,24.59,17.1,0.0,0.0,0.0,321.8,1.59,31.0,94213.0
20190420:2300,24.15,17.15,0.0,0.0,0.0,318.2,1.45,53.0,94260.0
20190421:0000,23.72,17.3,0.0,0.0,0.0,315.0,1.38,85.0,94147.0
20190421:0100,22.07,19.2,0.0,0.0,0.0,313.25,1.66,123.0,94062.0
20190421:0200,20.54,21.2,0.0,0.0,0.0,309.4,1.79,172.0,94015.0
20190421:0300,20.09,21.45,0.0,0.0,0.0,305.0,1.45,220.0,93940.0
20190421:0400,19.43,22.25,0.0,0.0,0.0,299.0,1.38,265.0,93921.0
20190421:0500,19.08,23.65,0.0,0.0,0.0,295.6,1.1,274.0,93949.0
20190421:0600,18.34,26.2,136.0,263.01,83.0,291.6,0.9,249.0,93958.0
20190421:0700,16.49,46.9,349.0,452.83,163.0,294.2,2.55,48.0,93996.0
20190421:0800,20.69,33.25,579.0,638.84,196.0,299.6,2.76,93.0,93958.0
20190421:0900,24.19,20.0,790.0,797.38,188.0,307.6,4.0,144.0,93893.0
20190421:1000,27.3,12.75,952.0,918.63,156.0,315.6,6.34,173.0,93902.0
20190421:1100,29.55,10.7,1029.0,939.01,159.0,321.8,9.03,188.0,93808.0
20190421:1200,30.13,10.2,1056.0,1011.91,114.0,326.0,11.38,199.0,93761.0
20190421:1300,30.06,9.6,989.0,992.72,116.0,326.8,12.0,204.0,93714.0
20190421:1400,29.73,9.35,828.0,852.36,167.0,324.2,12.34,207.0,93676.0
20190421:1500,29.3,9.7,631.0,731.32,173.0,321.2,12.41,208.0,93601.0
20190421:1600,28.61,11.3,388.0,497.87,168.0,318.8,12.28,211.0,93601.0
20190421:1700,27.39,13.9,176.0,357.56,92.0,318.0,12.07,219.0,93620.0
20190421:1800,25.76,17.5,0.0,0.0,0.0,316.8,10.62,227.0,93648.0
20190421:1900,24.02,22.55,0.0,0.0,0.0,317.6,10.55,235.0,93761.0
20190421:2000,22.13,29.2,0.0,0.0,0.0,315.2,10.69,249.0,93864.0
20190421:2100,20.61,35.5,0.0,0.0,0.0,312.4,10.07,254.0,93977.0
20190421:2200,19.14,42.8,0.0,0.0,0.0,309.6,9.24,260.0,93977.0
20190421:2300,17.63,51.3,0.0,0.0,0.0,306.4,8.69,270.0,94062.0
20190422:0000,16.28,58.3,0.0,0.0,0.0,302.8,8.14,278.0,94081.0
20190422:0100,15.29,61.55,0.0,0.0,0.0,303.6,8.14,282.0,94118.0
20190422:0200,14.46,61.95,0.0,0.0,0.0,299.0,8.14,284.0,94128.0
20190422:0300,13.76,61.7,0.0,0.0,0.0,296.4,8.07,280.0,94165.0
20190422:0400,13.04,62.2,0.0,0.0,0.0,287.8,8.14,277.0,94203.0
20190422:0500,12.46,63.6,0.0,0.0,0.0,284.8,8.28,277.0,94250.0
20190422:0600,12.47,63.75,162.0,467.71,66.0,282.8,8.14,279.0,94307.0
20190422:0700,14.07,59.15,375.0,596.36,128.0,286.6,7.93,275.0,94401.0
20190422:0800,15.82,53.3,586.0,690.32,170.0,294.4,8.07,278.0,94420.0
20190422:0900,17.69,47.0,785.0,815.59,167.0,300.4,7.52,282.0,94448.0
20190422:1000,19.48,40.1,926.0,872.31,168.0,314.4,6.9,283.0,94485.0
20190422:1100,20.97,34.95,995.0,875.42,182.0,325.8,6.48,274.0,94467.0
20190422:1200,22.22,31.1,1011.0,910.07,162.0,331.4,6.69,262.0,94457.0
20190422:1300,23.38,27.35,951.0,908.93,150.0,323.8,7.59,253.0,94410.0
20190422:1400,24.05,24.4,804.0,806.64,177.0,336.6,8.9,252.0,94382.0
20190422:1500,23.96,23.3,629.0,757.82,153.0,333.6,10.07,255.0,94344.0
20190422:1600,23.59,23.4,419.0,675.88,119.0,340.0,10.21,256.0,94344.0
20190422:1700,22.98,23.9,191.0,485.0,76.0,327.8,9.86,258.0,94363.0
20190422:1800,22.37,24.15,0.0,0.0,0.0,323.4,8.62,259.0,94354.0
20190422:1900,21.33,26.1,0.0,0.0,0.0,312.0,6.21,258.0,94420.0
20190422:2000,20.55,26.7,0.0,0.0,0.0,308.6,4.69,259.0,94448.0
20190422:2100,19.49,28.3,0.0,0.0,0.0,305.6,3.38,264.0,94523.0
20190422:2200,18.26,30.8,0.0,0.0,0.0,303.2,3.31,279.0,94523.0
20190422:2300,17.17,33.8,0.0,0.0,0.0,300.6,3.79,295.0,94561.0
20190423:0000,16.42,37.7,0.0,0.0,0.0,301.8,4.41,306.0,94617.0
20190423:0100,15.6,43.5,0.0,0.0,0.0,295.2,4.9,314.0,94598.0
20190423:0200,14.78,49.25,0.0,0.0,0.0,294.6,4.9,321.0,94561.0
20190423:0300,13.93,54.2,0.0,0.0,0.0,293.2,4.34,326.0,94589.0
20190423:0400,12.94,59.2,0.0,0.0,0.0,286.8,3.45,329.0,94627.0
20190423:0500,11.93,64.3,0.0,0.0,0.0,286.4,2.83,335.0,94674.0
20190423:0600,11.4,67.4,166.0,473.85,67.0,284.2,2.28,344.0,94721.0
20190423:0700,14.12,55.8,388.0,641.86,120.0,288.4,1.52,49.0,94787.0
20190423:0800,17.12,45.3,607.0,754.56,150.0,297.0,2.41,66.0,94787.0
20190423:0900,19.3,36.75,802.0,854.78,152.0,303.2,2.69,76.0,94796.0
20190423:1000,21.23,30.7,939.0,896.32,158.0,312.6,2.69,105.0,94824.0
20190423:1100,23.09,26.4,1025.0,950.77,140.0,319.8,3.72,132.0,94749.0
20190423:1200,24.64,23.35,1030.0,952.05,140.0,325.8,4.69,145.0,94692.0
20190423:1300,25.88,20.85,964.0,934.24,139.0,329.8,5.31,153.0,94617.0
20190423:1400,26.8,18.9,829.0,877.96,145.0,332.6,5.66,160.0,94542.0
20190423:1500,27.21,17.7,649.0,825.47,129.0,338.6,5.66,163.0,94467.0
20190423:1600,27.41,16.5,427.0,699.81,115.0,345.4,5.31,165.0,94429.0
20190423:1700,27.21,16.2,199.0,522.37,74.0,340.0,5.24,161.0,94420.0
20190423:1800,26.59,16.7,0.0,0.0,0.0,334.2,4.69,153.0,94410.0
20190423:1900,25.25,17.55,0.0,0.0,0.0,329.6,4.41,128.0,94457.0
20190423:2000,24.03,19.15,0.0,0.0,0.0,319.0,4.41,114.0,94495.0
20190423:2100,23.04,20.7,0.0,0.0,0.0,320.0,4.76,104.0,94532.0
20190423:2200,22.05,22.6,0.0,0.0,0.0,313.2,5.24,96.0,94580.0
20190423:2300,21.19,24.9,0.0,0.0,0.0,311.2,5.86,94.0,94561.0
20190424:0000,20.36,27.45,0.0,0.0,0.0,310.8,6.28,96.0,94561.0
20190424:0100,19.88,28.9,0.0,0.0,0.0,325.05,6.34,98.0,94514.0
20190424:0200,19.46,29.8,0.0,0.0,0.0,333.4,6.14,99.0,94523.0
20190424:0300,18.75,31.2,0.0,0.0,0.0,322.0,5.66,96.0,94504.0
20190424:0400,17.8,33.2,0.0,0.0,0.0,306.8,5.03,90.0,94542.0
20190424:0500,17.05,34.85,0.0,0.0,0.0,313.6,4.62,79.0,94551.0
20190424:0600,16.89,35.15,144.0,272.9,86.0,320.8,4.28,67.0,94598.0
20190424:0700,18.32,32.55,247.0,114.06,199.0,320.6,4.28,64.0,94636.0
20190424:0800,20.3,28.3,452.0,256.33,296.0,328.0,4.41,68.0,94674.0
20190424:0900,22.33,24.25,426.0,66.84,375.0,334.8,3.66,67.0,94730.0
20190424:1000,24.16,21.0,844.0,614.65,307.0,343.4,2.76,63.0,94768.0
20190424:1100,25.76,18.55,999.0,865.05,192.0,352.6,1.72,65.0,94805.0
20190424:1200,26.92,16.95,1056.0,1035.54,86.0,350.6,0.69,72.0,94787.0
20190424:1300,28.04,15.6,960.0,916.55,149.0,353.0,0.41,160.0,94768.0
20190424:1400,29.21,14.2,825.0,860.63,153.0,352.8,1.24,203.0,94749.0
20190424:1500,30.09,12.85,643.0,794.61,141.0,345.8,2.14,217.0,94683.0
20190424:1600,30.47,11.85,414.0,623.06,135.0,343.2,2.48,222.0,94683.0
20190424:1700,30.42,11.4,192.0,451.41,83.0,340.0,2.55,224.0,94702.0
20190424:1800,29.94,11.55,0.0,0.0,0.0,335.6,2.14,222.0,94749.0
20190424:1900,29.1,12.2,0.0,0.0,0.0,332.6,1.38,134.0,94805.0
20190424:2000,27.62,13.6,0.0,0.0,0.0,329.4,1.52,125.0,94890.0
20190424:2100,25.56,16.65,0.0,0.0,0.0,326.0,1.38,134.0,94965.0
20190424:2200,24.08,18.05,0.0,0.0,0.0,322.2,1.17,153.0,95022.0
20190424:2300,24.11,16.95,0.0,0.0,0.0,318.8,0.55,171.0,95088.0
20190425:0000,23.13,18.15,0.0,0.0,0.0,314.6,0.55,314.0,95088.0
20190425:0100,20.42,22.45,0.0,0.0,0.0,311.25,1.59,324.0,95097.0
20190425:0200,18.19,26.3,0.0,0.0,0.0,307.8,2.41,324.0,95097.0
20190425:0300,17.16,28.35,0.0,0.0,0.0,304.8,2.83,327.0,95106.0
20190425:0400,16.14,30.7,0.0,0.0,0.0,302.2,2.9,331.0,95135.0
20190425:0500,15.19,33.1,0.0,0.0,0.0,299.6,2.97,342.0,95163.0
20190425:0600,15.31,33.45,171.0,448.94,74.0,298.0,3.24,6.0,95238.0
20190425:0700,18.57,28.0,393.0,622.58,129.0,301.8,2.97,19.0,95313.0
20190425:0800,22.48,23.25,609.0,726.1,165.0,308.2,3.59,44.0,95361.0
20190425:0900,25.0,19.65,802.0,820.26,174.0,316.6,3.1,66.0,95389.0
20190425:1000,27.34,16.35,948.0,891.62,167.0,325.8,2.69,94.0,95417.0
20190425:1100,29.29,13.7,1022.0,911.32,170.0,334.6,2.76,132.0,95398.0
20190425:1200,30.73,11.25,1043.0,964.26,138.0,340.4,3.93,159.0,95323.0
20190425:1300,31.6,10.1,982.0,964.39,127.0,342.2,4.83,168.0,95276.0
20190425:1400,31.99,9.75,832.0,857.46,161.0,343.2,4.97,176.0,95219.0
20190425:1500,32.11,9.7,649.0,793.94,146.0,342.0,4.9,183.0,95182.0
20190425:1600,31.93,10.0,422.0,638.16,135.0,340.6,4.76,191.0,95172.0
20190425:1700,31.44,10.5,196.0,459.71,84.0,338.0,4.48,200.0,95191.0
20190425:1800,30.55,11.35,0.0,0.0,0.0,334.6,3.72,205.0,95210.0
20190425:1900,28.93,12.75,0.0,0.0,0.0,331.2,2.97,193.0,95257.0
20190425:2000,27.45,14.2,0.0,0.0,0.0,328.8,2.97,201.0,95313.0
20190425:2100,25.93,15.85,0.0,0.0,0.0,326.4,3.1,216.0,95379.0
20190425:2200,24.49,17.55,0.0,0.0,0.0,323.6,3.17,234.0,95379.0
20190425:2300,23.2,19.25,0.0,0.0,0.0,321.0,3.31,251.0,95417.0
20190426:0000,21.98,21.0,0.0,0.0,0.0,318.8,3.38,266.0,95370.0
20190426:0100,20.8,22.75,0.0,0.0,0.0,316.25,3.52,281.0,95370.0
20190426:0200,19.65,24.5,0.0,0.0,0.0,313.8,3.45,294.0,95323.0
20190426:0300,18.66,26.1,0.0,0.0,0.0,312.8,3.59,307.0,95351.0
20190426:0400,17.89,27.55,0.0,0.0,0.0,310.2,4.62,322.0,95370.0
20190426:0500,17.36,30.55,0.0,0.0,0.0,305.6,5.31,331.0,95436.0
20190426:0600,17.54,34.55,170.0,432.75,75.0,303.8,5.59,338.0,95530.0
20190426:0700,20.26,28.65,390.0,606.29,131.0,309.2,4.83,342.0,95549.0
20190426:0800,23.43,28.0,607.0,724.41,162.0,314.8,6.41,358.0,95633.0
20190426:0900,25.75,26.7,798.0,820.2,168.0,324.0,7.24,15.0,95643.0
20190426:1000,27.69,23.75,953.0,925.83,140.0,333.6,6.83,29.0,95643.0
20190426:1100,29.32,20.75,1027.0,946.77,140.0,342.8,6.07,39.0,95615.0
20190426:1200,30.57,18.1,1047.0,1000.71,106.0,350.4,5.24,47.0,95539.0
20190426:1300,31.36,16.0,980.0,981.69,108.0,355.8,4.14,53.0,95492.0
20190426:1400,31.74,14.6,843.0,921.92,120.0,358.6,3.24,54.0,95426.0
20190426:1500,31.91,13.95,658.0,851.55,117.0,358.4,3.1,50.0,95389.0
20190426:1600,31.84,13.85,424.0,657.57,127.0,356.0,3.38,50.0,95361.0
20190426:1700,31.48,14.2,191.0,419.05,88.0,352.8,3.66,55.0,95361.0
20190426:1800,30.75,15.15,0.0,0.0,0.0,348.6,3.93,62.0,95408.0
20190426:1900,29.33,17.25,0.0,0.0,0.0,346.2,4.28,67.0,95445.0
20190426:2000,28.02,19.75,0.0,0.0,0.0,344.2,5.17,69.0,95521.0
20190426:2100,26.75,22.9,0.0,0.0,0.0,342.0,6.07,66.0,95596.0
20190426:2200,25.5,26.6,0.0,0.0,0.0,339.6,6.62,57.0,95633.0
20190426:2300,24.18,30.3,0.0,0.0,0.0,336.6,7.38,44.0,95709.0
20190427:0000,22.64,34.3,0.0,0.0,0.0,332.2,8.48,34.0,95718.0
20190427:0100,20.8,40.55,0.0,0.0,0.0,326.65,8.69,28.0,95756.0
20190427:0200,19.22,48.45,0.0,0.0,0.0,320.4,8.62,26.0,95756.0
20190427:0300,18.0,55.35,0.0,0.0,0.0,316.8,8.83,29.0,95784.0
20190427:0400,17.07,59.3,0.0,0.0,0.0,313.8,8.83,29.0,95840.0
20190427:0500,16.41,60.75,0.0,0.0,0.0,311.0,8.41,32.0,95897.0
20190427:0600,16.38,60.15,178.0,475.52,72.0,309.8,7.52,35.0,95982.0
20190427:0700,17.51,54.4,394.0,618.24,128.0,309.4,8.62,39.0,96000.0
20190427:0800,18.97,51.5,601.0,696.88,171.0,313.6,8.9,51.0,96038.0
20190427:0900,20.47,46.6,795.0,803.35,176.0,320.4,8.48,60.0,96019.0
20190427:1000,22.07,41.25,933.0,857.7,178.0,326.2,8.21,66.0,95991.0
20190427:1100,23.54,36.9,1011.0,893.72,172.0,333.2,8.0,71.0,95963.0
20190427:1200,24.74,33.65,1025.0,927.75,151.0,338.0,7.72,74.0,95916.0
20190427:1300,25.7,31.2,955.0,893.34,160.0,342.6,7.45,74.0,95859.0
20190427:1400,26.32,29.5,817.0,823.27,170.0,344.8,7.1,74.0,95803.0
20190427:1500,26.57,28.5,642.0,775.44,148.0,345.2,6.83,74.0,95746.0
20190427:1600,26.44,28.15,418.0,619.52,137.0,343.4,6.62,73.0,95718.0
20190427:1700,25.92,28.45,199.0,467.85,83.0,339.6,6.55,73.0,95718.0
20190427:1800,25.01,29.65,0.0,0.0,0.0,334.6,6.28,72.0,95756.0
20190427:1900,24.15,30.1,0.0,0.0,0.0,330.2,5.38,75.0,95840.0
20190427:2000,23.13,31.45,0.0,0.0,0.0,326.6,5.17,80.0,95935.0
20190427:2100,22.13,32.75,0.0,0.0,0.0,322.6,4.97,87.0,96000.0
20190427:2200,21.16,34.1,0.0,0.0,0.0,319.0,4.76,92.0,96010.0
20190427:2300,20.25,35.6,0.0,0.0,0.0,314.4,4.41,94.0,96019.0
20190428:0000,19.33,37.4,0.0,0.0,0.0,311.0,3.93,93.0,95972.0
20190428:0100,18.4,39.4,0.0,0.0,0.0,307.0,3.66,91.0,95925.0
20190428:0200,17.48,41.35,0.0,0.0,0.0,303.2,3.59,90.0,95906.0
20190428:0300,16.51,43.0,0.0,0.0,0.0,299.0,3.66,91.0,95916.0
20190428:0400,15.45,44.35,0.0,0.0,0.0,294.6,3.52,88.0,95916.0
20190428:0500,14.4,45.7,0.0,0.0,0.0,291.0,3.59,82.0,95963.0
20190428:0600,14.21,44.45,185.0,503.91,71.0,287.6,3.66,82.0,96019.0
20190428:0700,16.41,37.15,404.0,637.05,128.0,292.0,4.28,86.0,96095.0
20190428:0800,17.92,30.8,617.0,726.16,167.0,295.2,4.9,91.0,96104.0
20190428:0900,19.52,27.1,813.0,834.55,168.0,299.8,4.9,95.0,96113.0
20190428:1000,21.19,24.45,953.0,890.82,167.0,306.0,5.03,100.0,96066.0
20190428:1100,22.82,22.75,1020.0,891.97,181.0,312.0,5.17,105.0,96000.0
20190428:1200,24.14,22.0,1030.0,910.19,171.0,318.2,5.17,108.0,95935.0
20190428:1300,25.08,21.3,969.0,909.66,158.0,323.2,4.97,107.0,95850.0
20190428:1400,25.72,20.4,830.0,839.34,169.0,326.2,4.83,105.0,95793.0
20190428:1500,26.01,19.75,653.0,792.12,147.0,327.2,4.69,102.0,95728.0
20190428:1600,25.96,19.7,431.0,663.03,129.0,325.6,4.62,102.0,95671.0
20190428:1700,25.56,20.2,213.0,559.8,73.0,322.8,4.48,102.0,95671.0
20190428:1800,24.77,21.3,0.0,0.0,0.0,318.6,4.28,101.0,95671.0
20190428:1900,23.58,23.65,0.0,0.0,0.0,315.0,3.66,100.0,95718.0
20190428:2000,22.5,25.6,0.0,0.0,0.0,312.2,3.45,103.0,95775.0
20190428:2100,21.36,27.85,0.0,0.0,0.0,309.4,3.31,111.0,95822.0
20190428:2200,20.23,30.2,0.0,0.0,0.0,307.4,3.38,120.0,95793.0
20190428:2300,19.19,32.55,0.0,0.0,0.0,307.2,3.45,128.0,95822.0
20190429:0000,18.19,34.95,0.0,0.0,0.0,306.8,3.17,136.0,95784.0
20190429:0100,17.15,37.55,0.0,0.0,0.0,305.2,2.83,144.0,95765.0
20190429:0200,15.95,40.85,0.0,0.0,0.0,303.4,2.28,154.0,95728.0
20190429:0300,15.36,42.7,0.0,0.0,0.0,301.8,1.72,164.0,95699.0
20190429:0400,15.23,42.8,0.0,0.0,0.0,302.4,1.59,173.0,95699.0
20190429:0500,15.15,42.85,0.0,0.0,0.0,298.0,1.52,184.0,95718.0
20190429:0600,15.9,40.6,185.0,488.07,73.0,298.8,1.24,214.0,95728.0
20190429:0700,17.71,35.8,406.0,655.71,120.0,304.0,0.9,200.0,95803.0
20190429:0800,19.96,29.65,626.0,779.38,141.0,310.0,1.52,161.0,95765.0
20190429:0900,21.94,25.65,802.0,816.61,169.0,318.2,2.41,151.0,95756.0
20190429:1000,23.64,22.55,945.0,887.67,160.0,326.4,2.83,151.0,95737.0
20190429:1100,25.18,19.65,1028.0,941.21,141.0,335.0,3.1,154.0,95652.0
20190429:1200,26.5,17.7,1042.0,977.36,118.0,341.0,3.31,159.0,95568.0
20190429:1300,27.48,16.75,981.0,976.35,109.0,347.2,3.59,165.0,95483.0
20190429:1400,28.04,16.3,844.0,917.47,120.0,353.2,3.79,170.0,95379.0
20190429:1500,28.33,16.1,657.0,832.17,124.0,357.0,3.93,173.0,95304.0
20190429:1600,28.28,16.1,436.0,706.21,113.0,353.2,4.28,175.0,95248.0
20190429:1700,28.01,16.25,204.0,479.72,83.0,347.6,4.55,178.0,95210.0
20190429:1800,27.26,16.9,0.0,0.0,0.0,344.4,3.66,180.0,95219.0
20190429:1900,26.39,17.15,0.0,0.0,0.0,350.6,3.66,169.0,95304.0
20190429:2000,25.28,18.1,0.0,0.0,0.0,345.4,4.28,169.0,95332.0
20190429:2100,24.35,18.9,0.0,0.0,0.0,348.0,4.07,178.0,95389.0
20190429:2200,23.54,19.4,0.0,0.0,0.0,353.2,4.07,189.0,95351.0
20190429:2300,22.58,20.1,0.0,0.0,0.0,341.2,4.21,196.0,95417.0
20190430:0000,21.62,20.8,0.0,0.0,0.0,331.0,4.07,208.0,95332.0
20190430:0100,20.86,22.25,0.0,0.0,0.0,336.25,3.86,225.0,95313.0
20190430:0200,20.15,25.25,0.0,0.0,0.0,337.0,3.72,233.0,95276.0
20190430:0300,19.47,29.85,0.0,0.0,0.0,336.6,3.59,239.0,95248.0
20190430:0400,18.67,36.45,0.0,0.0,0.0,329.6,3.59,252.0,95248.0
20190430:0500,17.83,44.5,0.0,0.0,0.0,322.2,3.59,258.0,95238.0
20190430:0600,18.03,49.35,169.0,343.88,89.0,327.8,3.45,258.0,95276.0
20190430:0700,20.39,44.55,299.0,211.84,206.0,330.2,3.24,263.0,95295.0
20190430:0800,22.84,39.35,450.0,232.07,305.0,335.2,3.72,270.0,95295.0
20190430:0900,24.87,32.7,801.0,813.0,169.0,344.0,3.79,274.0,95285.0
20190430:1000,26.13,28.15,928.0,836.08,187.0,352.0,3.72,276.0,95266.0
20190430:1100,27.69,23.55,1015.0,903.46,162.0,351.4,3.38,282.0,95238.0
20190430:1200,28.62,20.35,1051.0,1008.45,96.0,356.2,2.69,291.0,95163.0
20190430:1300,29.35,18.3,954.0,887.48,160.0,359.0,2.28,296.0,95088.0
20190430:1400,29.94,16.95,834.0,880.24,138.0,359.6,2.48,298.0,95022.0
20190430:1500,30.34,16.05,628.0,713.19,170.0,358.0,3.03,305.0,94946.0
20190430:1600,30.61,8.82,192.0,19.6,183.0,364.18,2.85,313.0,94909.0
20190430:1700,29.54,11.61,87.0,11.79,84.0,359.34,2.98,331.0,94909.0
20190430:1800,28.47,14.4,0.0,0.0,0.0,354.5,3.1,8.0,94937.0
20190430:1900,27.41,17.18,0.0,0.0,0.0,349.67,3.22,19.0,95003.0
20190430:2000,26.34,19.97,0.0,0.0,0.0,344.83,3.35,67.0,95088.0
20190430:2100,25.27,22.76,0.0,0.0,0.0,339.99,3.47,79.0,95135.0
20190430:2200,24.2,25.55,0.0,0.0,0.0,335.15,3.59,67.0,95201.0
20190430:2300,23.13,28.34,0.0,0.0,0.0,330.31,3.71,61.0,95163.0
20190501:0000,22.06,31.13,0.0,0.0,0.0,325.47,3.84,56.0,95154.0
20190501:0100,21.0,33.92,0.0,0.0,0.0,320.63,3.96,50.0,95144.0
20190501:0200,19.93,36.71,0.0,0.0,0.0,315.79,4.08,47.0,95163.0
20190501:0300,18.86,39.5,0.0,0.0,0.0,310.95,4.21,45.0,95191.0
20190501:0400,17.79,42.28,0.0,0.0,0.0,306.12,4.33,41.0,95219.0
20190501:0500,16.72,45.07,0.0,0.0,0.0,301.28,4.45,39.0,95276.0
20190501:0600,15.66,47.86,186.0,449.66,80.0,296.44,4.57,40.0,95351.0
20190501:0700,14.59,50.65,403.0,602.11,137.0,291.6,4.7,42.0,95417.0
20190501:0800,19.28,48.65,618.0,720.6,166.0,308.0,4.83,54.0,95426.0
20190501:0900,21.46,41.15,842.0,939.06,110.0,315.8,5.1,67.0,95436.0
20190501:1000,23.57,33.75,937.0,841.06,190.0,327.6,5.52,78.0,95464.0
20190501:1100,25.28,28.05,1024.0,910.32,163.0,334.4,5.72,86.0,95408.0
20190501:1200,26.59,24.25,1033.0,927.73,153.0,342.0,5.72,93.0,95332.0
20190501:1300,27.46,22.05,941.0,827.96,199.0,349.0,5.45,102.0,95313.0
20190501:1400,27.83,21.1,819.0,806.57,180.0,354.4,4.97,113.0,95257.0
20190501:1500,28.21,20.3,641.0,742.4,163.0,352.2,4.55,123.0,95172.0
20190501:1600,28.07,20.3,424.0,613.73,141.0,361.8,4.28,127.0,95154.0
20190501:1700,27.79,20.55,208.0,479.57,85.0,363.6,4.21,124.0,95144.0
20190501:1800,27.22,21.3,5.0,0.0,5.0,357.2,4.28,115.0,95172.0
20190501:1900,25.44,24.6,0.0,0.0,0.0,333.8,4.48,110.0,95219.0
20190501:2000,24.42,26.45,0.0,0.0,0.0,336.2,4.62,100.0,95285.0
20190501:2100,23.52,28.25,0.0,0.0,0.0,343.4,4.9,95.0,95351.0
20190501:2200,22.52,30.2,0.0,0.0,0.0,341.4,4.97,97.0,95342.0
20190501:2300,21.73,31.75,0.0,0.0,0.0,346.4,5.03,99.0,95295.0
20190502:0000,20.98,33.15,0.0,0.0,0.0,346.8,5.17,97.0,95238.0
20190502:0100,20.36,34.9,0.0,0.0,0.0,359.45,4.55,89.0,95163.0
20190502:0200,19.61,36.25,0.0,0.0,0.0,344.4,4.07,83.0,95154.0
20190502:0300,18.85,37.95,0.0,0.0,0.0,338.0,4.0,85.0,95201.0
20190502:0400,18.4,38.7,0.0,0.0,0.0,349.0,4.62,83.0,95248.0
20190502:0500,17.88,40.05,0.0,0.0,0.0,344.8,4.21,95.0,95248.0
20190502:0600,17.8,40.65,192.0,494.25,74.0,334.4,3.93,99.0,95285.0
20190502:0700,19.19,42.4,413.0,668.21,116.0,334.0,5.03,100.0,95323.0
20190502:0800,21.07,38.35,643.0,841.77,113.0,341.8,6.28,103.0,95323.0
20190502:0900,23.17,33.4,746.0,633.33,251.0,348.6,7.17,108.0,95304.0
20190502:1000,25.22,28.65,332.0,4.49,328.0,359.4,7.93,112.0,95295.0
20190502:1100,26.57,25.35,395.0,10.55,385.0,372.0,9.1,105.0,95266.0
20190502:1200,28.0,22.05,145.0,0.0,145.0,373.6,9.86,107.0,95144.0
20190502:1300,29.47,19.3,709.0,305.24,435.0,364.2,10.21,111.0,95078.0
20190502:1400,30.17,17.75,473.0,97.01,396.0,372.8,10.9,112.0,94984.0
20190502:1500,30.22,17.2,661.0,848.94,113.0,386.4,11.52,111.0,94815.0
20190502:1600,30.2,16.5,140.0,2.16,139.0,389.6,11.72,110.0,94749.0
20190502:1700,29.69,17.1,43.0,0.0,43.0,378.4,12.0,109.0,94758.0
20190502:1800,29.43,16.45,3.0,0.0,3.0,392.05,11.66,98.0,94702.0
20190502:1900,27.17,19.85,0.0,0.0,0.0,357.8,10.83,106.0,94598.0
20190502:2000,26.18,20.75,0.0,0.0,0.0,346.0,11.03,104.0,94589.0
20190502:2100,25.21,21.9,0.0,0.0,0.0,338.0,10.62,105.0,94589.0
20190502:2200,24.76,22.75,0.0,0.0,0.0,344.8,9.86,111.0,94608.0
20190502:2300,24.59,23.75,0.0,0.0,0.0,339.6,8.14,125.0,94580.0
20190503:0000,24.0,28.5,0.0,0.0,0.0,334.8,6.48,147.0,94523.0
20190503:0100,23.37,33.3,0.0,0.0,0.0,335.65,5.45,163.0,94467.0
20190503:0200,22.84,34.6,0.0,0.0,0.0,341.8,4.21,168.0,94429.0
20190503:0300,21.6,37.2,0.0,0.0,0.0,331.8,2.55,136.0,94363.0
20190503:0400,19.74,40.45,0.0,0.0,0.0,321.6,2.69,90.0,94316.0
20190503:0500,18.09,43.05,0.0,0.0,0.0,314.0,3.03,75.0,94288.0
20190503:0600,17.83,42.15,183.0,376.53,92.0,309.2,2.83,68.0,94307.0
20190503:0700,20.05,34.6,405.0,574.83,148.0,303.8,3.03,46.0,94344.0
20190503:0800,22.72,28.8,620.0,694.71,181.0,310.2,2.62,33.0,94325.0
20190503:0900,25.25,24.5,813.0,800.17,186.0,318.8,1.86,23.0,94297.0
20190503:1000,27.5,20.6,946.0,838.8,198.0,328.4,0.62,357.0,94241.0
20190503:1100,29.87,16.3,1038.0,924.1,161.0,338.2,1.31,220.0,94203.0
20190503:1200,32.54,11.75,1063.0,994.19,117.0,346.4,3.93,224.0,94081.0
20190503:1300,34.26,8.5,927.0,763.0,241.0,354.4,6.97,238.0,94024.0
20190503:1400,34.5,7.4,813.0,759.5,209.0,360.8,9.86,244.0,93996.0
20190503:1500,33.36,8.4,433.0,165.34,326.0,365.6,11.24,253.0,93949.0
20190503:1600,32.78,8.85,402.0,486.22,176.0,354.8,10.41,259.0,93949.0
20190503:1700,32.19,9.05,199.0,383.58,99.0,344.4,9.72,264.0,93987.0
20190503:1800,31.19,9.85,10.0,0.0,10.0,343.4,9.03,274.0,94043.0
20190503:1900,29.2,12.4,0.0,0.0,0.0,334.2,8.0,278.0,94109.0
20190503:2000,27.45,16.9,0.0,0.0,0.0,330.6,6.69,307.0,94213.0
20190503:2100,25.73,23.15,0.0,0.0,0.0,329.2,6.14,330.0,94335.0
20190503:2200,24.19,29.25,0.0,0.0,0.0,326.8,6.9,337.0,94354.0
20190503:2300,22.3,38.7,0.0,0.0,0.0,324.8,8.55,342.0,94429.0
20190504:0000,20.27,51.1,0.0,0.0,0.0,323.8,9.03,343.0,94514.0
20190504:0100,18.94,58.3,0.0,0.0,0.0,321.85,8.83,342.0,94514.0
20190504:0200,18.02,60.95,0.0,0.0,0.0,318.8,8.83,342.0,94532.0
20190504:0300,17.16,62.0,0.0,0.0,0.0,315.4,8.76,343.0,94617.0
20190504:0400,16.41,62.45,0.0,0.0,0.0,312.0,8.48,344.0,94645.0
20190504:0500,15.75,63.0,0.0,0.0,0.0,307.2,7.93,343.0,94739.0
20190504:0600,15.76,61.55,196.0,470.27,81.0,302.2,7.31,342.0,94824.0
20190504:0700,17.35,55.0,416.0,638.31,129.0,305.2,8.0,349.0,94909.0
20190504:0800,18.83,48.65,627.0,733.27,162.0,306.6,7.66,350.0,94946.0
20190504:0900,20.55,42.8,812.0,813.47,173.0,312.8,7.1,350.0,94975.0
20190504:1000,22.34,37.65,959.0,903.25,152.0,321.2,6.48,347.0,95003.0
20190504:1100,24.0,32.8,1036.0,939.45,143.0,330.4,6.0,343.0,94965.0
20190504:1200,25.35,28.9,1033.0,923.44,153.0,337.8,5.79,336.0,94918.0
20190504:1300,26.38,25.75,936.0,808.45,208.0,342.8,5.66,326.0,94890.0
20190504:1400,27.17,23.3,591.0,242.24,398.0,358.8,6.14,311.0,94871.0
20190504:1500,27.44,22.4,615.0,633.52,204.0,364.8,6.76,304.0,94852.0
20190504:1600,27.32,22.2,430.0,623.61,139.0,374.0,7.03,305.0,94843.0
20190504:1700,26.8,22.85,185.0,296.81,107.0,365.8,6.83,312.0,94852.0
20190504:1800,25.96,23.45,7.0,0.0,7.0,356.8,6.34,321.0,94890.0
20190504:1900,24.83,23.7,0.0,0.0,0.0,332.0,5.17,335.0,94946.0
20190504:2000,23.62,24.35,0.0,0.0,0.0,323.6,5.38,348.0,95078.0
20190504:2100,22.31,25.7,0.0,0.0,0.0,317.6,5.45,355.0,95144.0
20190504:2200,21.04,27.75,0.0,0.0,0.0,311.4,5.17,356.0,95191.0
20190504:2300,19.81,30.3,0.0,0.0,0.0,306.0,4.83,354.0,95238.0
20190505:0000,18.63,33.1,0.0,0.0,0.0,300.8,4.34,349.0,95201.0
20190505:0100,17.5,36.05,0.0,0.0,0.0,297.4,4.07,345.0,95219.0
20190505:0200,16.43,39.05,0.0,0.0,0.0,294.2,4.0,345.0,95238.0
20190505:0300,15.42,42.05,0.0,0.0,0.0,290.8,4.0,344.0,95266.0
20190505:0400,14.46,45.1,0.0,0.0,0.0,287.4,3.93,340.0,95285.0
20190505:0500,13.58,48.2,0.0,0.0,0.0,283.6,3.93,333.0,95351.0
20190505:0600,13.84,48.0,212.0,557.98,74.0,281.8,3.72,326.0,95445.0
20190505:0700,16.69,40.5,438.0,703.4,120.0,284.4,3.66,317.0,95521.0
20190505:0800,18.77,35.4,656.0,796.8,149.0,291.0,5.31,322.0,95549.0
20190505:0900,20.42,28.45,842.0,863.61,162.0,297.2,5.45,329.0,95558.0
20190505:1000,22.02,22.9,967.0,870.31,188.0,303.4,5.1,335.0,95558.0
20190505:1100,23.39,19.4,1049.0,922.25,171.0,308.8,4.48,336.0,95539.0
20190505:1200,24.56,17.15,1074.0,993.36,126.0,314.4,4.07,331.0,95473.0
20190505:1300,25.57,15.65,1001.0,956.91,138.0,318.2,3.93,323.0,95464.0
20190505:1400,26.36,14.65,859.0,883.26,154.0,321.0,4.0,317.0,95417.0
20190505:1500,26.86,14.1,682.0,848.77,130.0,321.6,4.14,314.0,95351.0
20190505:1600,27.06,14.25,456.0,712.98,122.0,322.0,4.21,316.0,95332.0
20190505:1700,26.88,15.15,228.0,554.96,81.0,321.2,4.07,319.0,95332.0
20190505:1800,26.4,16.7,12.0,18.69,11.0,320.0,3.31,320.0,95332.0
20190505:1900,25.65,18.25,0.0,0.0,0.0,321.2,0.9,270.0,95389.0
20190505:2000,24.55,19.75,0.0,0.0,0.0,320.4,2.28,204.0,95445.0
20190505:2100,23.08,21.65,0.0,0.0,0.0,320.6,3.1,210.0,95502.0
20190505:2200,21.95,23.35,0.0,0.0,0.0,321.4,3.24,230.0,95530.0
20190505:2300,20.83,25.8,0.0,0.0,0.0,322.8,2.83,288.0,95586.0
20190506:0000,19.96,28.5,0.0,0.0,0.0,322.2,3.79,341.0,95568.0
20190506:0100,19.21,31.9,0.0,0.0,0.0,314.85,4.62,10.0,95615.0
20190506:0200,18.44,35.0,0.0,0.0,0.0,310.0,4.21,19.0,95615.0
20190506:0300,17.67,37.4,0.0,0.0,0.0,309.0,4.0,18.0,95652.0
20190506:0400,16.88,39.8,0.0,0.0,0.0,305.2,3.79,12.0,95652.0
20190506:0500,16.1,42.6,0.0,0.0,0.0,302.6,3.59,4.0,95718.0
20190506:0600,16.35,42.9,210.0,519.96,80.0,301.4,3.31,357.0,95784.0
20190506:0700,18.71,36.8,428.0,638.11,138.0,298.8,2.0,358.0,95850.0
20190506:0800,21.56,30.95,642.0,737.81,171.0,306.2,1.93,23.0,95878.0
20190506:0900,23.24,27.95,828.0,814.75,185.0,315.8,1.59,43.0,95916.0
20190506:1000,24.53,24.65,955.0,835.32,206.0,324.4,0.97,25.0,95906.0
20190506:1100,25.79,21.35,1048.0,919.82,171.0,332.0,0.55,306.0,95869.0
20190506:1200,27.14,18.25,1056.0,937.56,160.0,336.8,1.52,264.0,95812.0
20190506:1300,28.45,15.4,995.0,936.67,149.0,338.4,2.48,258.0,95756.0
20190506:1400,29.44,13.1,854.0,864.18,163.0,338.2,3.17,260.0,95662.0
20190506:1500,30.08,11.4,672.0,800.7,150.0,337.4,3.72,269.0,95615.0
20190506:1600,30.31,10.45,452.0,684.73,130.0,333.8,4.14,280.0,95586.0
20190506:1700,30.09,10.4,228.0,543.15,83.0,329.8,4.48,289.0,95586.0
20190506:1800,29.45,11.05,13.0,17.89,12.0,326.2,4.28,292.0,95596.0
20190506:1900,28.39,12.5,0.0,0.0,0.0,324.8,2.41,275.0,95652.0
20190506:2000,27.1,14.0,0.0,0.0,0.0,324.2,2.48,240.0,95680.0
20190506:2100,25.51,15.85,0.0,0.0,0.0,322.8,3.1,227.0,95728.0
20190506:2200,24.13,17.7,0.0,0.0,0.0,321.0,3.52,233.0,95737.0
20190506:2300,23.09,19.35,0.0,0.0,0.0,318.8,3.72,244.0,95709.0
20190507:0000,22.11,20.95,0.0,0.0,0.0,316.4,3.79,258.0,95728.0
20190507:0100,21.06,22.7,0.0,0.0,0.0,314.65,3.93,276.0,95699.0
20190507:0200,20.02,24.4,0.0,0.0,0.0,312.8,3.93,288.0,95690.0
20190507:0300,19.05,26.0,0.0,0.0,0.0,311.2,3.86,297.0,95671.0
20190507:0400,18.05,27.8,0.0,0.0,0.0,308.8,3.66,308.0,95680.0
20190507:0500,17.03,30.35,0.0,0.0,0.0,306.2,3.59,322.0,95709.0
20190507:0600,17.23,31.75,204.0,474.99,84.0,304.4,3.38,335.0,95746.0
20190507:0700,20.26,28.75,415.0,597.67,142.0,309.2,2.9,338.0,95812.0
20190507:0800,23.74,24.15,631.0,723.01,168.0,317.6,2.62,359.0,95812.0
20190507:0900,26.14,20.4,814.0,802.85,179.0,329.0,2.0,26.0,95812.0
20190507:1000,27.95,17.65,965.0,906.27,151.0,340.6,0.97,41.0,95822.0
20190507:1100,29.48,15.65,1036.0,925.83,152.0,350.6,0.14,261.0,95812.0
20190507:1200,31.0,13.9,1061.0,995.85,108.0,358.6,1.38,242.0,95737.0
20190507:1300,32.38,12.75,978.0,924.26,142.0,363.2,2.62,254.0,95671.0
20190507:1400,33.37,12.0,861.0,932.58,114.0,364.6,3.59,263.0,95596.0
20190507:1500,33.86,11.6,514.0,322.88,303.0,367.6,4.28,265.0,95492.0
20190507:1600,33.94,11.35,285.0,127.1,225.0,363.2,4.76,263.0,95464.0
20190507:1700,33.71,11.15,211.0,431.18,95.0,360.2,5.1,260.0,95417.0
20190507:1800,33.04,11.4,4.0,0.0,4.0,356.2,4.41,259.0,95426.0
20190507:1900,31.19,13.25,0.0,0.0,0.0,350.0,1.03,160.0,95455.0
20190507:2000,29.6,14.7,0.0,0.0,0.0,346.4,2.28,114.0,95464.0
20190507:2100,27.72,16.5,0.0,0.0,0.0,341.6,4.0,102.0,95539.0
20190507:2200,25.95,18.1,0.0,0.0,0.0,337.2,4.48,98.0,95596.0
20190507:2300,24.54,19.4,0.0,0.0,0.0,333.2,4.28,100.0,95671.0
20190508:0000,23.34,20.55,0.0,0.0,0.0,328.8,3.86,110.0,95662.0
20190508:0100,22.27,21.7,0.0,0.0,0.0,324.05,3.45,124.0,95633.0
20190508:0200,21.15,23.05,0.0,0.0,0.0,320.4,2.97,142.0,95596.0
20190508:0300,19.97,24.7,0.0,0.0,0.0,317.6,2.48,165.0,95558.0
20190508:0400,18.89,26.4,0.0,0.0,0.0,315.4,2.14,190.0,95596.0
20190508:0500,19.58,24.25,8.0,0.0,8.0,313.6,1.52,203.0,95596.0
20190508:0600,20.57,21.95,214.0,532.97,78.0,312.8,0.97,203.0,95624.0
20190508:0700,20.51,25.55,442.0,712.42,115.0,313.4,1.52,138.0,95652.0
20190508:0800,24.09,19.15,665.0,840.72,125.0,320.2,2.0,171.0,95662.0
20190508:0900,27.22,14.45,852.0,910.92,130.0,328.2,2.97,189.0,95624.0
20190508:1000,30.1,11.25,978.0,920.36,150.0,336.6,4.41,200.0,95605.0
20190508:1100,32.65,9.45,1071.0,1009.27,106.0,343.8,5.93,211.0,95530.0
20190508:1200,34.45,8.8,1068.0,992.45,117.0,350.8,6.69,223.0,95436.0
20190508:1300,35.44,8.35,990.0,938.41,140.0,356.2,6.83,231.0,95389.0
20190508:1400,36.06,7.9,850.0,866.18,155.0,359.6,6.83,237.0,95304.0
20190508:1500,36.28,7.5,669.0,799.95,145.0,361.0,6.76,242.0,95229.0
20190508:1600,36.14,7.3,439.0,620.48,145.0,359.4,6.62,247.0,95172.0
20190508:1700,35.68,7.35,215.0,427.9,99.0,356.2,6.28,250.0,95144.0
20190508:1800,34.68,7.7,13.0,0.0,13.0,352.2,4.76,244.0,95125.0
20190508:1900,32.57,9.1,0.0,0.0,0.0,348.4,3.93,241.0,95163.0
20190508:2000,30.76,10.1,0.0,0.0,0.0,342.8,3.72,236.0,95191.0
20190508:2100,29.08,11.2,0.0,0.0,0.0,338.0,3.79,232.0,95229.0
20190508:2200,27.67,12.25,0.0,0.0,0.0,333.6,4.28,230.0,95257.0
20190508:2300,26.71,13.25,0.0,0.0,0.0,330.6,4.9,232.0,95257.0
20190509:0000,25.88,14.35,0.0,0.0,0.0,328.0,5.24,234.0,95219.0
20190509:0100,25.0,15.4,0.0,0.0,0.0,326.25,5.45,234.0,95182.0
20190509:0200,24.09,16.3,0.0,0.0,0.0,324.0,5.59,232.0,95182.0
20190509:0300,23.11,17.15,0.0,0.0,0.0,321.0,5.52,235.0,95163.0
20190509:0400,21.71,18.3,0.0,0.0,0.0,315.8,4.41,270.0,95201.0
20190509:0500,20.16,19.85,8.0,0.0,8.0,310.6,3.66,285.0,95257.0
20190509:0600,19.95,20.35,209.0,477.42,86.0,308.0,3.59,293.0,95304.0
20190509:0700,22.6,19.15,433.0,663.56,127.0,311.8,4.0,323.0,95370.0
20190509:0800,25.64,18.05,648.0,771.54,151.0,319.0,3.72,344.0,95351.0
20190509:0900,28.31,15.7,820.0,805.84,180.0,329.6,3.31,360.0,95351.0
20190509:1000,30.25,13.3,961.0,876.76,171.0,340.8,2.55,5.0,95351.0
20190509:1100,31.64,11.7,1053.0,964.06,130.0,350.2,1.45,351.0,95304.0
20190509:1200,32.84,10.45,1028.0,879.67,184.0,358.0,1.1,285.0,95238.0
20190509:1300,34.2,9.15,973.0,895.23,161.0,362.6,2.14,259.0,95210.0
20190509:1400,35.29,8.05,844.0,856.01,156.0,363.2,2.97,259.0,95106.0
20190509:1500,35.94,7.2,672.0,819.41,134.0,362.2,3.66,262.0,95050.0
20190509:1600,36.1,6.7,449.0,672.84,129.0,359.0,3.93,264.0,94994.0
20190509:1700,35.8,6.6,228.0,527.21,84.0,355.8,3.93,266.0,94984.0
20190509:1800,34.97,6.9,15.0,15.88,14.0,351.6,3.31,270.0,94984.0
20190509:1900,33.52,7.95,0.0,0.0,0.0,349.0,2.28,283.0,95022.0
20190509:2000,31.79,9.2,0.0,0.0,0.0,345.2,1.93,303.0,95059.0
20190509:2100,29.66,11.45,0.0,0.0,0.0,341.4,1.79,333.0,95135.0
20190509:2200,27.72,13.6,0.0,0.0,0.0,337.8,2.28,6.0,95154.0
20190509:2300,26.15,16.15,0.0,0.0,0.0,334.0,2.69,30.0,95238.0
20190510:0000,24.86,18.9,0.0,0.0,0.0,330.6,2.97,43.0,95210.0
20190510:0100,23.58,21.6,0.0,0.0,0.0,327.65,2.9,44.0,95219.0
20190510:0200,22.41,24.2,0.0,0.0,0.0,325.0,2.76,44.0,95201.0
20190510:0300,21.51,25.95,0.0,0.0,0.0,322.4,3.17,26.0,95191.0
20190510:0400,20.76,27.25,0.0,0.0,0.0,319.6,4.41,8.0,95219.0
20190510:0500,20.3,28.7,9.0,0.0,9.0,317.0,5.17,15.0,95257.0
20190510:0600,20.89,29.9,214.0,503.83,83.0,316.2,5.17,23.0,95323.0
20190510:0700,23.36,26.85,434.0,662.75,127.0,317.6,5.17,40.0,95379.0
20190510:0800,26.15,24.8,648.0,769.41,151.0,325.2,6.48,55.0,95426.0
20190510:0900,28.33,21.85,829.0,834.44,165.0,335.4,6.76,70.0,95426.0
20190510:1000,30.32,17.75,960.0,874.34,171.0,344.4,5.93,84.0,95417.0
20190510:1100,32.07,14.4,1057.0,978.47,119.0,352.6,4.97,96.0,95379.0
20190510:1200,33.44,11.95,1049.0,944.17,142.0,359.0,4.07,112.0,95313.0
20190510:1300,34.42,10.4,1001.0,988.72,103.0,364.0,3.38,131.0,95285.0
20190510:1400,35.12,9.3,866.0,934.1,114.0,366.0,2.97,151.0,95238.0
20190510:1500,35.46,8.65,682.0,861.59,115.0,366.0,2.55,162.0,95163.0
20190510:1600,35.54,8.25,459.0,720.65,115.0,363.8,2.21,160.0,95154.0
20190510:1700,35.35,8.1,232.0,545.11,82.0,360.0,2.14,147.0,95125.0
20190510:1800,34.78,8.3,16.0,15.31,15.0,355.4,2.69,125.0,95135.0
20190510:1900,32.88,10.1,0.0,0.0,0.0,351.8,3.66,110.0,95154.0
20190510:2000,31.19,12.1,0.0,0.0,0.0,348.4,4.48,102.0,95257.0
20190510:2100,29.6,15.3,0.0,0.0,0.0,345.2,4.9,96.0,95342.0
20190510:2200,28.18,19.25,0.0,0.0,0.0,340.8,4.83,96.0,95361.0
20190510:2300,26.88,22.6,0.0,0.0,0.0,337.2,4.14,101.0,95426.0
20190511:0000,25.67,25.15,0.0,0.0,0.0,333.4,3.59,110.0,95361.0
20190511:0100,24.46,27.35,0.0,0.0,0.0,330.45,3.1,122.0,95342.0
20190511:0200,23.2,29.6,0.0,0.0,0.0,328.2,2.76,134.0,95323.0
20190511:0300,21.85,32.35,0.0,0.0,0.0,325.8,2.28,138.0,95295.0
20190511:0400,22.7,30.1,0.0,0.0,0.0,324.4,1.59,136.0,95304.0
20190511:0500,23.9,27.4,10.0,0.0,10.0,322.6,0.83,102.0,95332.0
20190511:0600,22.27,30.6,214.0,480.35,88.0,323.0,1.52,41.0,95379.0
20190511:0700,23.4,28.6,438.0,666.36,128.0,328.0,2.0,52.0,95455.0
20190511:0800,27.44,21.25,655.0,785.9,146.0,335.2,2.97,56.0,95511.0
20190511:0900,29.55,18.05,828.0,822.86,172.0,344.0,2.9,74.0,95502.0
20190511:1000,31.54,15.1,963.0,877.52,170.0,353.0,2.97,100.0,95502.0
20190511:1100,33.31,12.6,1044.0,929.35,152.0,360.8,3.24,121.0,95455.0
20190511:1200,34.84,10.45,1035.0,896.26,173.0,366.6,3.45,140.0,95408.0
20190511:1300,36.0,8.8,965.0,862.08,181.0,370.2,3.59,155.0,95342.0
20190511:1400,36.65,7.95,838.0,824.69,173.0,371.0,3.24,161.0,95304.0
20190511:1500,36.83,7.65,668.0,791.42,146.0,371.0,2.76,160.0,95248.0
20190511:1600,36.83,7.5,440.0,613.67,146.0,369.4,2.62,154.0,95182.0
20190511:1700,36.52,7.55,228.0,494.24,91.0,365.6,2.55,151.0,95191.0
20190511:1800,35.9,7.85,16.0,14.78,15.0,361.0,2.48,145.0,95172.0
20190511:1900,34.24,9.2,0.0,0.0,0.0,357.6,2.83,155.0,95201.0
20190511:2000,32.74,10.1,0.0,0.0,0.0,354.2,3.1,160.0,95266.0
20190511:2100,31.36,11.0,0.0,0.0,0.0,350.6,3.31,171.0,95332.0
20190511:2200,29.98,11.9,0.0,0.0,0.0,349.0,3.38,187.0,95304.0
20190511:2300,28.61,12.95,0.0,0.0,0.0,345.0,3.03,209.0,95285.0
20190512:0000,27.37,13.9,0.0,0.0,0.0,342.2,3.31,232.0,95276.0
20190512:0100,25.65,15.55,0.0,0.0,0.0,337.45,3.66,311.0,95276.0
20190512:0200,24.71,18.4,0.0,0.0,0.0,333.4,5.03,337.0,95304.0
20190512:0300,23.63,23.25,0.0,0.0,0.0,330.0,5.45,349.0,95332.0
20190512:0400,22.95,27.4,0.0,0.0,0.0,327.4,6.07,356.0,95370.0
20190512:0500,22.44,30.95,11.0,0.0,11.0,323.2,6.34,8.0,95445.0
20190512:0600,22.81,33.75,214.0,476.33,88.0,323.2,6.55,14.0,95502.0
20190512:0700,24.56,38.1,437.0,661.48,128.0,331.4,7.31,22.0,95539.0
20190512:0800,26.52,33.0,642.0,737.71,163.0,338.6,7.93,28.0,95539.0
20190512:0900,28.41,27.6,811.0,771.32,195.0,347.2,8.28,35.0,95539.0
20190512:1000,30.02,23.65,939.0,807.8,208.0,355.2,8.28,40.0,95577.0
20190512:1100,31.21,21.2,1035.0,906.4,164.0,362.0,8.21,41.0,95464.0
20190512:1200,32.04,19.4,1020.0,857.85,194.0,367.2,7.52,44.0,95455.0
20190512:1300,32.66,17.95,966.0,873.06,171.0,370.8,6.76,44.0,95426.0
20190512:1400,33.06,16.85,835.0,819.67,173.0,372.2,6.14,44.0,95351.0
20190512:1500,33.22,16.05,637.0,674.68,191.0,372.0,5.59,42.0,95295.0
20190512:1600,33.15,15.25,439.0,607.3,147.0,369.6,5.24,41.0,95238.0
20190512:1700,32.92,14.3,234.0,537.24,84.0,365.0,4.83,42.0,95210.0
20190512:1800,32.32,13.6,33.0,157.22,22.0,358.4,4.14,56.0,95191.0
20190512:1900,31.02,14.0,0.0,0.0,0.0,350.8,2.83,70.0,95182.0
20190512:2000,29.31,15.7,0.0,0.0,0.0,345.0,3.38,67.0,95257.0
20190512:2100,27.63,17.25,0.0,0.0,0.0,340.0,4.97,65.0,95332.0
20190512:2200,25.99,18.45,0.0,0.0,0.0,333.6,5.86,67.0,95398.0
20190512:2300,24.29,18.9,0.0,0.0,0.0,326.2,6.0,63.0,95408.0
20190513:0000,22.35,21.0,0.0,0.0,0.0,318.8,6.69,54.0,95436.0
20190513:0100,20.07,26.2,0.0,0.0,0.0,311.45,7.59,44.0,95483.0
20190513:0200,18.07,31.2,0.0,0.0,0.0,304.6,7.86,35.0,95530.0
20190513:0300,16.69,33.15,0.0,0.0,0.0,298.4,8.0,28.0,95558.0
20190513:0400,15.68,32.9,0.0,0.0,0.0,292.8,8.21,22.0,95586.0
20190513:0500,14.96,32.7,14.0,17.33,13.0,286.6,7.93,18.0,95624.0
20190513:0600,15.18,32.65,233.0,573.78,80.0,280.6,6.9,15.0,95662.0
20190513:0700,16.8,29.25,453.0,690.88,129.0,279.6,7.79,25.0,95680.0
20190513:0800,18.6,26.25,666.0,775.88,161.0,282.8,8.0,35.0,95718.0
20190513:0900,20.28,24.6,844.0,821.28,187.0,288.4,7.03,45.0,95709.0
20190513:1000,21.77,22.35,969.0,842.07,206.0,296.6,6.07,48.0,95643.0
20190513:1100,22.99,20.05,1061.0,926.17,170.0,304.4,5.38,48.0,95596.0
20190513:1200,24.07,18.05,1058.0,908.76,182.0,311.2,4.41,40.0,95521.0
20190513:1300,25.13,16.1,1007.0,943.27,147.0,315.8,3.79,26.0,95417.0
20190513:1400,26.17,14.0,881.0,921.0,136.0,318.8,3.66,12.0,95361.0
20190513:1500,27.02,12.15,704.0,886.02,117.0,319.4,4.14,6.0,95276.0
20190513:1600,27.48,10.75,480.0,764.72,111.0,317.2,4.76,5.0,95229.0
20190513:1700,27.41,9.8,248.0,597.44,80.0,313.8,5.24,8.0,95229.0
20190513:1800,26.79,9.4,40.0,262.94,21.0,309.8,5.24,16.0,95201.0
20190513:1900,25.48,10.2,0.0,0.0,0.0,307.8,4.48,53.0,95238.0
20190513:2000,23.71,10.95,0.0,0.0,0.0,304.4,5.79,65.0,95304.0
20190513:2100,21.9,14.05,0.0,0.0,0.0,300.4,6.28,67.0,95426.0
20190513:2200,20.24,19.0,0.0,0.0,0.0,296.0,6.14,63.0,95473.0
20190513:2300,18.77,23.65,0.0,0.0,0.0,293.0,6.21,56.0,95549.0
20190514:0000,17.39,27.8,0.0,0.0,0.0,290.8,5.79,51.0,95539.0
20190514:0100,16.21,31.6,0.0,0.0,0.0,288.0,4.97,44.0,95530.0
20190514:0200,15.21,34.9,0.0,0.0,0.0,285.6,4.28,35.0,95549.0
20190514:0300,14.3,38.0,0.0,0.0,0.0,283.2,4.21,28.0,95521.0
20190514:0400,13.46,41.2,0.0,0.0,0.0,280.6,4.41,22.0,95568.0
20190514:0500,12.69,44.45,16.0,16.65,15.0,278.6,4.41,16.0,95596.0
20190514:0600,13.02,44.45,227.0,528.46,85.0,276.8,4.34,10.0,95633.0
20190514:0700,14.69,41.3,460.0,741.4,111.0,280.2,5.72,16.0,95643.0
20190514:0800,16.48,37.7,666.0,790.96,150.0,285.2,5.79,23.0,95662.0
20190514:0900,18.25,33.7,825.0,777.53,202.0,291.6,5.45,28.0,95643.0
20190514:1000,19.9,29.85,958.0,828.9,206.0,299.0,5.03,28.0,95624.0
20190514:1100,21.4,26.45,1038.0,878.44,192.0,306.2,4.55,26.0,95549.0
20190514:1200,22.69,23.7,1029.0,845.61,213.0,312.8,4.14,22.0,95521.0
20190514:1300,23.73,21.65,970.0,845.73,198.0,318.2,3.86,19.0,95445.0
20190514:1400,24.54,20.1,849.0,825.78,180.0,321.2,3.72,16.0,95408.0
20190514:1500,25.1,19.05,675.0,780.17,157.0,322.6,3.79,13.0,95323.0
20190514:1600,25.38,18.45,458.0,656.72,140.0,322.0,3.93,14.0,95304.0
20190514:1700,25.31,18.4,241.0,540.29,88.0,320.0,3.93,19.0,95304.0
20190514:1800,24.91,18.85,41.0,254.9,22.0,317.4,3.59,28.0,95323.0
20190514:1900,23.83,20.7,0.0,0.0,0.0,314.4,3.03,69.0,95361.0
20190514:2000,22.69,22.7,0.0,0.0,0.0,312.8,3.17,98.0,95426.0
20190514:2100,21.46,25.05,0.0,0.0,0.0,310.4,3.24,118.0,95502.0
20190514:2200,20.26,27.6,0.0,0.0,0.0,307.8,3.03,140.0,95492.0
20190514:2300,19.15,30.1,0.0,0.0,0.0,305.4,2.97,168.0,95539.0
20190515:0000,18.12,32.5,0.0,0.0,0.0,302.8,3.03,194.0,95483.0
20190515:0100,17.19,34.75,0.0,0.0,0.0,300.6,2.97,214.0,95455.0
20190515:0200,16.02,37.8,0.0,0.0,0.0,298.0,2.34,246.0,95398.0
20190515:0300,14.75,41.4,0.0,0.0,0.0,295.8,2.07,296.0,95389.0
20190515:0400,13.8,43.95,0.0,0.0,0.0,293.2,2.48,332.0,95408.0
20190515:0500,12.92,46.95,17.0,16.05,16.0,291.0,2.62,348.0,95426.0
20190515:0600,13.09,47.45,232.0,550.48,83.0,290.4,2.0,355.0,95455.0
20190515:0700,16.68,37.8,456.0,696.42,127.0,292.6,1.17,4.0,95483.0
20190515:0800,19.55,30.65,661.0,754.05,168.0,300.0,0.14,147.0,95492.0
20190515:0900,22.07,25.25,826.0,768.87,209.0,308.6,2.14,197.0,95483.0
20190515:1000,24.54,20.35,954.0,803.7,224.0,316.0,3.93,205.0,95445.0
20190515:1100,26.42,17.25,1040.0,868.19,203.0,322.2,4.9,215.0,95408.0
20190515:1200,27.93,15.15,1042.0,868.55,203.0,327.4,5.52,225.0,95285.0
20190515:1300,29.14,13.5,993.0,901.64,169.0,331.6,5.93,233.0,95229.0
20190515:1400,30.01,12.3,855.0,833.16,179.0,334.0,6.28,239.0,95135.0
20190515:1500,30.49,11.6,685.0,802.54,151.0,335.2,6.48,247.0,95059.0
20190515:1600,30.59,11.3,470.0,703.84,128.0,334.4,6.76,254.0,95012.0
20190515:1700,30.27,11.4,247.0,561.11,87.0,333.0,6.76,255.0,94965.0
20190515:1800,29.58,11.9,43.0,260.41,23.0,330.6,6.07,243.0,94965.0
20190515:1900,27.8,13.35,0.0,0.0,0.0,326.8,5.31,224.0,94918.0
20190515:2000,26.54,14.55,0.0,0.0,0.0,324.6,5.79,215.0,94956.0
20190515:2100,25.46,15.65,0.0,0.0,0.0,322.0,6.21,216.0,94994.0
20190515:2200,24.48,16.6,0.0,0.0,0.0,320.4,6.28,223.0,94984.0
20190515:2300,23.6,17.45,0.0,0.0,0.0,316.6,6.28,235.0,94994.0
20190516:0000,22.77,18.15,0.0,0.0,0.0,313.6,6.34,247.0,94984.0
20190516:0100,22.09,18.55,0.0,0.0,0.0,310.65,6.41,260.0,94946.0
20190516:0200,21.35,19.15,0.0,0.0,0.0,307.6,6.21,273.0,94928.0
20190516:0300,20.23,20.4,0.0,0.0,0.0,305.0,5.38,292.0,94909.0
20190516:0400,19.05,22.1,0.0,0.0,0.0,302.4,4.9,319.0,94956.0
20190516:0500,18.4,24.95,17.0,15.5,16.0,301.2,4.97,345.0,94994.0
20190516:0600,19.21,26.65,234.0,557.67,82.0,302.4,4.9,360.0,95050.0
20190516:0700,22.06,24.85,455.0,698.27,124.0,306.8,4.83,15.0,95088.0
20190516:0800,25.16,21.2,670.0,802.85,144.0,313.4,5.31,25.0,95116.0
20190516:0900,27.61,18.25,843.0,836.2,171.0,323.0,5.38,34.0,95135.0
20190516:1000,29.3,15.5,984.0,906.17,160.0,332.0,4.76,38.0,95144.0
20190516:1100,30.62,12.65,1065.0,959.56,139.0,339.4,4.0,44.0,95097.0
20190516:1200,31.48,11.2,1062.0,942.15,151.0,345.6,2.9,54.0,95050.0
20190516:1300,32.0,10.45,996.0,924.65,150.0,349.8,1.66,72.0,95012.0
20190516:1400,32.4,10.0,867.0,886.08,147.0,353.0,0.9,128.0,94946.0
20190516:1500,32.76,9.55,694.0,851.83,126.0,353.0,1.38,178.0,94881.0
20190516:1600,33.01,9.25,467.0,693.23,129.0,350.8,2.0,191.0,94843.0
20190516:1700,32.92,9.25,247.0,560.77,86.0,348.2,2.69,192.0,94834.0
20190516:1800,32.39,9.6,44.0,253.02,24.0,343.8,3.45,188.0,94843.0
20190516:1900,30.79,11.1,0.0,0.0,0.0,339.2,4.0,180.0,94843.0
20190516:2000,29.29,12.4,0.0,0.0,0.0,336.2,4.55,182.0,94909.0
20190516:2100,27.92,13.65,0.0,0.0,0.0,333.0,4.83,186.0,94928.0
20190516:2200,26.73,14.6,0.0,0.0,0.0,330.0,5.24,189.0,94965.0
20190516:2300,25.71,15.4,0.0,0.0,0.0,327.0,5.52,192.0,94871.0
20190517:0000,24.79,16.1,0.0,0.0,0.0,323.8,5.59,199.0,94871.0
20190517:0100,23.9,16.75,0.0,0.0,0.0,321.05,5.45,206.0,94815.0
20190517:0200,23.08,17.35,0.0,0.0,0.0,318.8,5.31,212.0,94777.0
20190517:0300,22.42,17.85,0.0,0.0,0.0,320.4,5.17,214.0,94739.0
20190517:0400,21.83,18.25,0.0,0.0,0.0,321.6,5.03,218.0,94721.0
20190517:0500,21.05,19.0,33.0,180.18,21.0,315.6,4.48,228.0,94739.0
20190517:0600,21.31,18.6,224.0,473.82,94.0,312.8,3.93,243.0,94796.0
20190517:0700,24.28,15.45,383.0,380.61,202.0,316.0,4.55,234.0,94815.0
20190517:0800,27.21,12.75,476.0,233.07,323.0,329.0,5.24,234.0,94796.0
20190517:0900,29.75,10.8,757.0,579.07,291.0,344.8,5.59,234.0,94739.0
20190517:1000,31.94,9.35,958.0,834.89,198.0,357.0,5.93,238.0,94739.0
20190517:1100,34.13,8.15,1003.0,788.87,241.0,349.8,6.48,238.0,94692.0
20190517:1200,35.83,7.3,1005.0,788.33,242.0,354.4,7.31,241.0,94570.0
20190517:1300,36.86,6.85,1015.0,997.86,101.0,359.8,7.86,248.0,94514.0
20190517:1400,37.34,6.65,375.0,22.12,357.0,362.0,8.34,256.0,94401.0
20190517:1500,37.34,6.7,666.0,740.8,171.0,365.4,8.69,264.0,94325.0
20190517:1600,36.99,6.9,458.0,647.96,141.0,361.0,8.28,270.0,94260.0
20190517:1700,36.42,6.95,236.0,473.99,99.0,357.6,7.59,276.0,94250.0
20190517:1800,35.33,7.2,44.0,221.49,26.0,353.8,6.69,287.0,94241.0
20190517:1900,33.58,8.8,0.0,0.0,0.0,351.8,4.34,289.0,94278.0
20190517:2000,31.84,9.55,0.0,0.0,0.0,348.2,3.93,305.0,94316.0
20190517:2100,30.21,10.05,0.0,0.0,0.0,344.0,4.48,328.0,94372.0
20190517:2200,28.83,11.25,0.0,0.0,0.0,340.4,7.38,354.0,94514.0
20190517:2300,26.82,14.65,0.0,0.0,0.0,336.6,9.79,2.0,94589.0
20190518:0000,24.94,14.9,0.0,0.0,0.0,327.4,9.79,357.0,94683.0
20190518:0100,23.43,13.45,0.0,0.0,0.0,319.85,8.9,355.0,94674.0
20190518:0200,22.19,12.15,0.0,0.0,0.0,313.6,7.72,351.0,94683.0
20190518:0300,21.08,11.0,0.0,0.0,0.0,308.6,7.31,348.0,94664.0
20190518:0400,20.01,10.25,0.0,0.0,0.0,302.8,7.03,347.0,94711.0
20190518:0500,18.86,10.1,28.0,87.45,22.0,294.0,6.48,349.0,94758.0
20190518:0600,18.77,9.95,198.0,289.76,118.0,290.2,5.79,350.0,94805.0
20190518:0700,20.0,10.85,456.0,668.74,137.0,292.2,6.9,344.0,94881.0
20190518:0800,21.35,10.95,650.0,691.82,195.0,289.0,7.45,347.0,94834.0
20190518:0900,22.98,11.05,815.0,717.32,237.0,292.6,7.1,346.0,94881.0
20190518:1000,24.59,10.7,956.0,793.45,233.0,298.4,6.62,343.0,94871.0
20190518:1100,26.18,9.85,1035.0,840.91,222.0,304.8,6.0,336.0,94890.0
20190518:1200,27.6,8.95,1043.0,857.79,212.0,311.0,5.66,324.0,94834.0
20190518:1300,28.78,8.1,930.0,705.6,283.0,314.2,5.79,313.0,94815.0
20190518:1400,29.54,7.2,696.0,393.91,375.0,316.8,5.93,304.0,94739.0
20190518:1500,29.87,6.6,640.0,616.81,227.0,316.8,6.28,295.0,94702.0
20190518:1600,29.85,6.3,363.0,268.91,231.0,316.0,6.48,290.0,94674.0
20190518:1700,29.49,6.15,147.0,72.18,126.0,321.2,6.76,287.0,94692.0
20190518:1800,28.67,6.15,34.0,71.88,28.0,315.6,6.69,285.0,94711.0
20190518:1900,27.24,7.15,0.0,0.0,0.0,312.8,5.17,281.0,94815.0
20190518:2000,25.96,8.05,0.0,0.0,0.0,312.2,4.97,281.0,94881.0
20190518:2100,24.75,9.05,0.0,0.0,0.0,313.4,4.14,275.0,94946.0
20190518:2200,23.38,10.05,0.0,0.0,0.0,308.2,3.45,265.0,95031.0
20190518:2300,21.96,11.05,0.0,0.0,0.0,306.4,2.97,272.0,94928.0
20190519:0000,20.63,11.95,0.0,0.0,0.0,305.2,3.72,306.0,94918.0
20190519:0100,19.67,14.2,0.0,0.0,0.0,303.6,5.52,336.0,94909.0
20190519:0200,19.06,21.5,0.0,0.0,0.0,301.8,6.62,355.0,94946.0
20190519:0300,18.2,27.6,0.0,0.0,0.0,300.2,6.34,1.0,94984.0
20190519:0400,17.36,30.4,0.0,0.0,0.0,299.8,5.79,360.0,94965.0
20190519:0500,16.57,32.25,27.0,70.89,22.0,298.4,5.45,359.0,95012.0
20190519:0600,16.9,31.55,97.0,10.8,94.0,303.6,4.97,0.0,95059.0
20190519:0700,18.52,27.2,360.0,303.1,215.0,313.8,5.59,6.0,95106.0
20190519:0800,20.27,23.15,507.0,299.01,310.0,314.2,5.66,14.0,95088.0
20190519:0900,22.01,19.9,753.0,573.9,290.0,320.2,5.24,22.0,95069.0
20190519:1000,23.58,17.8,895.0,665.51,288.0,326.0,4.28,27.0,95116.0
20190519:1100,24.77,16.6,992.0,765.78,251.0,329.2,2.62,27.0,95144.0
20190519:1200,25.07,16.3,904.0,548.66,372.0,333.4,1.86,23.0,95069.0
20190519:1300,25.84,15.6,848.0,538.17,354.0,341.4,2.14,19.0,95003.0
20190519:1400,26.82,14.9,661.0,341.89,382.0,344.8,2.48,7.0,94956.0
20190519:1500,27.18,14.9,383.0,84.96,326.0,349.4,2.0,354.0,94918.0
20190519:1600,27.3,15.1,155.0,2.03,154.0,345.6,1.93,1.0,94899.0
20190519:1700,27.14,15.45,98.0,6.83,96.0,354.8,2.41,18.0,94909.0
20190519:1800,26.75,15.85,13.0,0.0,13.0,359.2,2.62,43.0,94918.0
20190519:1900,26.23,16.9,0.0,0.0,0.0,368.4,2.28,70.0,94937.0
20190519:2000,25.31,17.75,0.0,0.0,0.0,348.8,2.83,71.0,94994.0
20190519:2100,24.19,18.65,0.0,0.0,0.0,339.6,3.72,62.0,95069.0
20190519:2200,23.15,19.35,0.0,0.0,0.0,342.0,4.76,55.0,95125.0
20190519:2300,21.85,21.05,0.0,0.0,0.0,335.0,5.31,53.0,95125.0
20190520:0000,20.43,23.95,0.0,0.0,0.0,317.6,5.17,50.0,95182.0
20190520:0100,19.17,27.35,0.0,0.0,0.0,311.45,4.76,47.0,95172.0
20190520:0200,18.14,30.75,0.0,0.0,0.0,308.2,4.07,47.0,95172.0
20190520:0300,17.18,33.9,0.0,0.0,0.0,306.0,3.66,42.0,95163.0
20190520:0400,16.58,36.2,0.0,0.0,0.0,316.8,3.38,36.0,95163.0
20190520:0500,16.23,37.6,21.0,27.63,19.0,328.0,3.24,38.0,95172.0
20190520:0600,16.73,36.7,74.0,0.0,74.0,332.4,2.76,55.0,95285.0
20190520:0700,18.27,32.15,162.0,4.17,160.0,342.2,4.0,54.0,95342.0
20190520:0800,19.51,29.9,393.0,103.04,325.0,346.6,5.03,63.0,95370.0
20190520:0900,21.04,27.25,747.0,559.62,295.0,341.0,5.66,69.0,95370.0
20190520:1000,22.67,24.5,941.0,793.07,217.0,345.2,5.72,74.0,95398.0
20190520:1100,24.15,22.2,533.0,58.86,476.0,344.0,5.17,84.0,95379.0
20190520:1200,25.38,20.35,723.0,235.97,494.0,344.6,4.97,94.0,95351.0
20190520:1300,26.34,18.95,921.0,720.45,259.0,349.6,5.1,95.0,95295.0
20190520:1400,26.97,18.05,743.0,526.21,313.0,352.6,5.38,92.0,95238.0
20190520:1500,27.35,17.4,663.0,731.84,171.0,350.4,5.38,93.0,95182.0
20190520:1600,27.34,17.35,455.0,625.39,146.0,353.6,5.38,94.0,95154.0
20190520:1700,26.9,17.8,254.0,580.17,83.0,361.8,5.45,96.0,95144.0
20190520:1800,26.27,18.5,34.0,56.94,29.0,339.0,5.38,95.0,95116.0
20190520:1900,25.5,19.6,0.0,0.0,0.0,331.6,4.0,109.0,95172.0
20190520:2000,24.45,21.0,0.0,0.0,0.0,331.8,4.21,99.0,95210.0
20190520:2100,23.48,22.45,0.0,0.0,0.0,331.6,4.55,88.0,95266.0
20190520:2200,22.52,24.0,0.0,0.0,0.0,330.0,4.83,83.0,95304.0
20190520:2300,21.69,25.4,0.0,0.0,0.0,331.0,4.97,83.0,95323.0
20190521:0000,21.16,26.35,0.0,0.0,0.0,344.4,4.69,85.0,95313.0
20190521:0100,20.5,29.55,0.0,0.0,0.0,352.65,4.62,86.0,95257.0
20190521:0200,19.95,31.0,0.0,0.0,0.0,342.2,4.69,93.0,95238.0
20190521:0300,19.48,32.05,0.0,0.0,0.0,339.0,4.41,104.0,95229.0
20190521:0400,19.02,34.95,0.0,0.0,0.0,342.6,3.93,114.0,95276.0
20190521:0500,18.48,39.65,28.0,53.96,24.0,344.2,3.66,113.0,95304.0
20190521:0600,18.66,41.9,147.0,92.6,121.0,345.0,3.66,114.0,95351.0
20190521:0700,20.59,36.25,371.0,347.24,204.0,344.2,4.07,143.0,95389.0
20190521:0800,22.24,34.1,450.0,192.15,323.0,354.2,4.69,147.0,95361.0
20190521:0900,23.64,33.55,656.0,358.67,366.0,368.8,4.9,154.0,95389.0
20190521:1000,24.54,35.15,788.0,435.6,390.0,379.6,5.24,164.0,95370.0
20190521:1100,25.64,36.4,1009.0,838.85,196.0,385.4,5.79,175.0,95370.0
20190521:1200,26.3,36.55,950.0,677.47,292.0,388.6,6.62,179.0,95323.0
20190521:1300,25.9,38.8,922.0,746.91,235.0,394.05,7.66,175.0,95304.0
20190521:1400,24.82,43.75,610.0,259.09,398.0,392.4,8.28,173.0,95295.0
20190521:1500,24.1,47.55,620.0,598.27,217.0,384.2,8.14,181.0,95257.0
20190521:1600,23.92,49.65,440.0,572.95,156.0,380.6,6.76,188.0,95238.0
20190521:1700,23.69,51.3,235.0,448.41,102.0,372.8,6.07,189.0,95229.0
20190521:1800,23.12,54.2,47.0,177.89,31.0,380.0,5.66,192.0,95201.0
20190521:1900,23.71,45.95,0.0,0.0,0.0,363.0,4.83,171.0,95276.0
20190521:2000,22.64,49.9,0.0,0.0,0.0,353.4,4.48,168.0,95323.0
20190521:2100,21.76,53.15,0.0,0.0,0.0,351.6,4.55,167.0,95408.0
20190521:2200,20.9,56.4,0.0,0.0,0.0,351.6,4.69,168.0,95389.0
20190521:2300,19.94,60.6,0.0,0.0,0.0,342.8,4.55,171.0,95436.0
20190522:0000,18.95,65.7,0.0,0.0,0.0,334.8,3.93,174.0,95455.0
20190522:0100,18.14,70.35,0.0,0.0,0.0,333.05,3.03,173.0,95445.0
20190522:0200,17.32,75.0,0.0,0.0,0.0,332.6,1.93,155.0,95426.0
20190522:0300,16.73,78.5,0.0,0.0,0.0,343.8,1.79,135.0,95445.0
20190522:0400,15.98,83.0,0.0,0.0,0.0,333.2,1.93,143.0,95445.0
20190522:0500,15.38,87.05,29.0,52.77,25.0,331.6,2.0,160.0,95483.0
20190522:0600,16.13,83.6,212.0,382.73,104.0,334.4,1.72,170.0,95521.0
20190522:0700,19.04,63.8,424.0,560.05,154.0,327.6,1.24,148.0,95568.0
20190522:0800,20.82,55.75,636.0,702.52,171.0,346.2,1.24,108.0,95596.0
20190522:0900,22.67,48.15,812.0,777.16,183.0,356.0,1.59,96.0,95615.0
20190522:1000,24.16,42.55,952.0,861.76,164.0,374.8,1.79,104.0,95615.0
20190522:1100,25.39,38.15,1031.0,913.5,145.0,389.6,2.0,112.0,95577.0
20190522:1200,26.32,35.05,1049.0,964.99,111.0,384.4,2.07,129.0,95492.0
20190522:1300,27.19,32.75,733.0,326.93,432.0,388.4,1.66,146.0,95455.0
20190522:1400,27.88,31.05,349.0,15.87,336.0,387.8,1.52,157.0,95389.0
20190522:1500,28.47,29.7,564.0,429.68,274.0,397.05,1.45,184.0,95351.0
20190522:1600,28.59,29.3,472.0,732.03,108.0,392.85,1.17,201.0,95295.0
20190522:1700,28.65,29.0,21.0,0.0,21.0,392.25,0.9,204.0,95285.0
20190522:1800,28.49,29.15,19.0,0.0,19.0,375.2,0.76,188.0,95285.0
20190522:1900,28.9,28.2,0.0,0.0,0.0,375.2,1.17,186.0,95342.0
20190522:2000,28.34,29.35,0.0,0.0,0.0,379.4,2.34,164.0,95426.0
20190522:2100,27.34,31.6,0.0,0.0,0.0,371.6,2.9,160.0,95473.0
20190522:2200,26.38,33.85,0.0,0.0,0.0,371.4,2.76,156.0,95530.0
20190522:2300,25.11,38.7,0.0,0.0,0.0,371.8,1.1,150.0,95605.0
20190523:0000,24.12,42.15,0.0,0.0,0.0,382.8,2.07,19.0,95652.0
20190523:0100,23.3,44.7,0.0,0.0,0.0,382.05,3.24,29.0,95624.0
20190523:0200,22.62,46.75,0.0,0.0,0.0,371.4,3.17,52.0,95586.0
20190523:0300,22.02,49.2,0.0,0.0,0.0,370.6,3.17,67.0,95558.0
20190523:0400,21.18,52.8,0.0,0.0,0.0,361.2,3.38,76.0,95577.0
20190523:0500,20.32,56.9,15.0,0.0,15.0,355.4,3.59,83.0,95605.0
20190523:0600,20.32,58.1,215.0,391.52,104.0,354.0,3.93,87.0,95671.0
20190523:0700,21.45,54.05,419.0,525.68,165.0,344.4,5.24,81.0,95718.0
20190523:0800,23.02,48.15,630.0,669.88,186.0,349.4,5.31,88.0,95737.0
20190523:0900,24.46,42.95,817.0,783.84,182.0,360.4,5.24,97.0,95746.0
20190523:1000,25.81,38.45,963.0,885.16,153.0,367.0,5.31,107.0,95680.0
20190523:1100,27.47,33.7,1048.0,954.08,122.0,371.4,5.24,118.0,95709.0
20190523:1200,28.89,29.9,1051.0,955.0,122.0,376.6,5.1,129.0,95633.0
20190523:1300,29.95,27.15,986.0,936.46,123.0,379.0,4.34,139.0,95586.0
20190523:1400,30.44,25.85,855.0,878.84,134.0,389.8,3.86,148.0,95483.0
20190523:1500,30.79,24.95,677.0,797.09,138.0,391.0,3.45,152.0,95445.0
20190523:1600,31.07,24.1,451.0,609.47,147.0,388.4,3.24,155.0,95389.0
20190523:1700,31.03,23.9,235.0,432.96,105.0,384.0,3.45,154.0,95332.0
20190523:1800,30.79,24.0,40.0,84.99,32.0,374.0,3.66,150.0,95342.0
20190523:1900,29.89,24.1,0.0,0.0,0.0,364.8,3.1,150.0,95351.0
20190523:2000,28.81,25.75,0.0,0.0,0.0,368.4,2.62,141.0,95408.0
20190523:2100,27.93,27.2,0.0,0.0,0.0,373.4,3.03,135.0,95445.0
20190523:2200,26.97,28.85,0.0,0.0,0.0,373.6,3.79,134.0,95408.0
20190523:2300,25.88,31.3,0.0,0.0,0.0,363.4,4.28,135.0,95361.0
20190524:0000,24.9,34.55,0.0,0.0,0.0,364.8,4.48,137.0,95361.0
20190524:0100,23.94,38.3,0.0,0.0,0.0,362.05,4.28,145.0,95304.0
20190524:0200,22.98,41.95,0.0,0.0,0.0,352.4,3.72,156.0,95323.0
20190524:0300,22.14,44.95,0.0,0.0,0.0,349.8,3.38,164.0,95295.0
20190524:0400,21.34,47.8,0.0,0.0,0.0,344.6,3.24,168.0,95285.0
20190524:0500,20.66,50.3,20.0,12.68,19.0,341.8,3.24,174.0,95295.0
20190524:0600,21.17,48.95,153.0,105.35,123.0,337.8,3.24,180.0,95295.0
20190524:0700,24.29,37.2,421.0,539.03,160.0,345.4,3.31,197.0,95323.0
20190524:0800,26.6,30.15,633.0,688.64,176.0,353.8,4.97,199.0,95295.0
20190524:0900,28.83,24.5,825.0,821.39,159.0,361.8,6.34,202.0,95238.0
20190524:1000,31.06,20.15,967.0,908.57,135.0,368.6,7.31,204.0,95182.0
20190524:1100,32.91,17.1,998.0,815.48,206.0,377.0,8.14,210.0,95135.0
20190524:1200,33.85,15.85,206.0,0.0,206.0,394.85,8.28,220.0,95088.0
20190524:1300,34.37,15.2,677.0,238.51,457.0,401.45,8.0,231.0,95022.0
20190524:1400,34.69,14.8,0.0,0.0,0.0,405.85,7.59,239.0,94928.0
20190524:1500,34.44,14.8,253.0,7.38,248.0,414.05,7.59,246.0,94871.0
20190524:1600,32.44,19.4,399.0,397.74,200.0,422.65,6.69,259.0,94777.0
20190524:1700,32.6,18.75,22.0,0.0,22.0,409.25,4.62,263.0,94739.0
20190524:1800,32.44,19.35,44.0,103.97,34.0,407.65,4.21,234.0,94683.0
20190524:1900,31.02,19.35,0.0,0.0,0.0,375.2,3.59,223.0,94702.0
20190524:2000,30.01,20.35,0.0,0.0,0.0,405.25,4.41,229.0,94758.0
20190524:2100,28.53,25.4,0.0,0.0,0.0,405.05,2.69,248.0,94834.0
20190524:2200,26.81,45.2,0.0,0.0,0.0,391.8,1.38,270.0,95031.0
20190524:2300,26.11,32.55,0.0,0.0,0.0,383.4,2.34,257.0,95012.0
20190525:0000,24.91,35.8,0.0,0.0,0.0,389.2,2.69,294.0,94975.0
20190525:0100,24.13,39.3,0.0,0.0,0.0,385.45,3.31,316.0,94890.0
20190525:0200,23.91,40.55,0.0,0.0,0.0,380.8,4.28,306.0,94852.0
20190525:0300,23.45,42.6,0.0,0.0,0.0,383.4,4.9,317.0,94796.0
20190525:0400,22.25,47.95,0.0,0.0,0.0,379.4,5.03,349.0,94711.0
20190525:0500,21.15,52.9,4.0,0.0,4.0,378.0,5.03,352.0,94758.0
20190525:0600,20.65,56.2,31.0,0.0,31.0,381.8,4.76,344.0,94918.0
20190525:0700,20.52,61.05,39.0,0.0,39.0,380.4,3.66,321.0,95022.0
20190525:0800,20.71,61.7,58.0,0.0,58.0,368.2,2.62,332.0,94984.0
20190525:0900,21.95,55.8,73.0,0.0,73.0,366.2,2.0,23.0,94965.0
20190525:1000,22.82,52.7,142.0,0.0,142.0,379.8,0.76,78.0,94975.0
20190525:1100,23.44,50.65,115.0,0.0,115.0,381.2,1.1,181.0,95012.0
20190525:1200,24.22,48.55,91.0,0.0,91.0,385.6,2.55,213.0,94937.0
20190525:1300,24.98,45.7,85.0,0.0,85.0,390.6,2.97,235.0,94890.0
20190525:1400,25.34,43.9,74.0,0.0,74.0,394.65,4.07,252.0,94824.0
20190525:1500,25.79,41.45,70.0,0.0,70.0,387.4,4.14,273.0,94739.0
20190525:1600,25.96,38.9,60.0,0.0,60.0,374.0,3.72,293.0,94711.0
20190525:1700,26.19,34.95,214.0,299.51,123.0,369.0,4.14,307.0,94692.0
20190525:1800,25.75,32.95,41.0,81.46,33.0,352.0,4.55,319.0,94730.0
20190525:1900,24.03,36.25,0.0,0.0,0.0,353.0,5.79,341.0,94796.0
20190525:2000,21.95,43.5,0.0,0.0,0.0,359.6,7.72,9.0,94899.0
20190525:2100,19.92,55.2,0.0,0.0,0.0,328.2,7.24,16.0,95050.0
20190525:2200,18.87,61.0,0.0,0.0,0.0,323.4,6.97,11.0,95059.0
20190525:2300,18.15,61.85,0.0,0.0,0.0,316.2,7.1,4.0,95116.0
20190526:0000,17.36,62.85,0.0,0.0,0.0,313.0,7.1,359.0,95154.0
20190526:0100,16.48,65.85,0.0,0.0,0.0,309.6,6.9,356.0,95135.0
20190526:0200,15.65,69.15,0.0,0.0,0.0,306.2,6.41,354.0,95144.0
20190526:0300,14.92,71.55,0.0,0.0,0.0,303.4,6.41,351.0,95144.0
20190526:0400,14.3,72.45,0.0,0.0,0.0,300.6,6.48,350.0,95172.0
20190526:0500,13.82,72.1,42.0,171.52,28.0,297.8,6.55,350.0,95210.0
20190526:0600,14.33,67.45,245.0,560.97,84.0,296.4,6.28,351.0,95257.0
20190526:0700,16.0,58.0,460.0,687.22,126.0,297.8,7.38,350.0,95304.0
20190526:0800,17.84,50.15,663.0,759.28,158.0,303.0,7.72,354.0,95313.0
20190526:0900,19.67,43.7,839.0,820.14,173.0,309.2,7.59,360.0,95313.0
20190526:1000,21.25,38.65,982.0,906.35,151.0,316.4,7.45,6.0,95351.0
20190526:1100,22.49,35.6,1040.0,891.62,173.0,323.0,7.1,9.0,95295.0
20190526:1200,23.67,31.85,930.0,599.08,346.0,329.2,6.41,4.0,95257.0
20190526:1300,24.77,27.95,943.0,766.2,235.0,348.2,6.14,356.0,95201.0
20190526:1400,25.24,26.0,763.0,563.47,299.0,359.6,6.21,352.0,95116.0
20190526:1500,25.76,24.35,687.0,792.68,148.0,373.2,6.48,354.0,95097.0
20190526:1600,25.91,23.55,409.0,401.33,207.0,380.0,6.62,358.0,95041.0
20190526:1700,25.48,24.6,239.0,409.05,114.0,343.2,6.55,2.0,95031.0
20190526:1800,24.67,26.95,49.0,129.74,36.0,348.2,5.66,9.0,95050.0
20190526:1900,23.62,29.9,0.0,0.0,0.0,332.6,4.28,22.0,95097.0
20190526:2000,22.04,36.05,0.0,0.0,0.0,323.4,3.45,31.0,95191.0
20190526:2100,20.73,41.75,0.0,0.0,0.0,322.8,3.17,38.0,95295.0
20190526:2200,19.49,47.15,0.0,0.0,0.0,319.2,3.66,48.0,95323.0
20190526:2300,18.44,52.65,0.0,0.0,0.0,318.4,3.93,48.0,95370.0
20190527:0000,17.45,58.15,0.0,0.0,0.0,314.2,3.59,38.0,95361.0
20190527:0100,16.43,63.3,0.0,0.0,0.0,311.05,3.38,22.0,95351.0
20190527:0200,15.52,67.7,0.0,0.0,0.0,311.6,3.1,10.0,95342.0
20190527:0300,14.57,72.0,0.0,0.0,0.0,304.8,2.83,357.0,95342.0
20190527:0400,13.81,75.25,0.0,0.0,0.0,305.4,2.76,343.0,95351.0
20190527:0500,13.1,77.95,44.0,181.01,29.0,299.4,2.97,336.0,95389.0
20190527:0600,13.88,73.7,243.0,541.64,87.0,299.4,2.9,336.0,95408.0
20190527:0700,17.0,55.25,463.0,698.41,123.0,303.4,3.1,357.0,95464.0
20190527:0800,19.46,42.7,666.0,770.56,153.0,311.4,3.45,17.0,95473.0
20190527:0900,21.24,35.0,847.0,849.12,157.0,320.2,3.38,29.0,95473.0
20190527:1000,22.6,31.3,991.0,937.46,131.0,328.0,2.83,24.0,95445.0
20190527:1100,23.71,29.15,1076.0,1004.19,99.0,335.6,2.14,5.0,95426.0
20190527:1200,25.05,26.15,1075.0,992.35,107.0,342.0,2.48,318.0,95361.0
20190527:1300,26.66,22.25,1014.0,986.14,102.0,353.4,4.07,303.0,95295.0
20190527:1400,27.14,21.1,878.0,916.97,122.0,394.65,4.55,304.0,95229.0
20190527:1500,27.6,20.15,705.0,866.13,115.0,406.65,4.9,306.0,95182.0
20190527:1600,27.78,19.45,477.0,681.46,133.0,390.4,4.83,304.0,95135.0
20190527:1700,27.73,19.35,261.0,546.68,93.0,393.45,4.69,300.0,95135.0
20190527:1800,27.46,19.5,50.0,137.03,36.0,373.4,3.72,291.0,95125.0
20190527:1900,26.72,19.75,0.0,0.0,0.0,347.6,1.86,237.0,95135.0
20190527:2000,25.63,21.3,0.0,0.0,0.0,334.4,2.34,198.0,95163.0
20190527:2100,24.08,24.15,0.0,0.0,0.0,328.6,2.14,185.0,95219.0
20190527:2200,22.19,29.65,0.0,0.0,0.0,325.2,1.66,154.0,95248.0
20190527:2300,20.82,31.65,0.0,0.0,0.0,322.0,2.21,124.0,95238.0
20190528:0000,19.92,33.3,0.0,0.0,0.0,319.0,3.59,111.0,95219.0
20190528:0100,18.77,36.9,0.0,0.0,0.0,316.45,3.72,109.0,95201.0
20190528:0200,17.88,39.75,0.0,0.0,0.0,313.6,3.31,113.0,95210.0
20190528:0300,16.97,42.4,0.0,0.0,0.0,310.0,3.03,121.0,95238.0
20190528:0400,15.99,45.45,0.0,0.0,0.0,307.6,2.69,129.0,95266.0
20190528:0500,15.02,49.1,43.0,166.6,29.0,306.4,2.28,138.0,95304.0
20190528:0600,15.52,48.45,238.0,501.83,93.0,307.4,1.79,154.0,95351.0
20190528:0700,19.94,34.5,450.0,637.88,139.0,316.0,0.14,269.0,95436.0
20190528:0800,22.55,28.7,650.0,720.36,170.0,324.4,1.1,252.0,95445.0
20190528:0900,25.28,24.4,827.0,794.49,181.0,334.2,2.28,244.0,95436.0
20190528:1000,27.77,20.9,969.0,879.24,162.0,344.0,3.72,239.0,95408.0
20190528:1100,29.83,18.2,1048.0,930.73,142.0,352.0,4.97,239.0,95398.0
20190528:1200,31.14,16.65,1051.0,931.29,142.0,359.0,5.52,243.0,95323.0
20190528:1300,32.09,15.6,998.0,947.51,121.0,363.8,5.72,247.0,95276.0
20190528:1400,32.69,14.85,859.0,858.96,150.0,366.8,5.79,250.0,95191.0
20190528:1500,33.13,14.2,703.0,866.08,112.0,370.6,5.86,255.0,95144.0
20190528:1600,32.97,14.1,443.0,533.33,173.0,373.6,5.72,260.0,95106.0
20190528:1700,32.58,14.4,250.0,469.25,105.0,377.0,5.66,262.0,95116.0
20190528:1800,31.94,15.05,49.0,105.67,38.0,377.0,5.38,257.0,95135.0
20190528:1900,30.77,16.1,0.0,0.0,0.0,367.2,3.17,231.0,95163.0
20190528:2000,29.58,17.15,0.0,0.0,0.0,363.8,3.72,202.0,95210.0
20190528:2100,28.28,18.7,0.0,0.0,0.0,358.4,4.55,194.0,95201.0
20190528:2200,27.04,20.2,0.0,0.0,0.0,347.2,4.97,196.0,95191.0
20190528:2300,26.01,21.35,0.0,0.0,0.0,342.0,5.31,198.0,95219.0
20190529:0000,25.05,22.25,0.0,0.0,0.0,338.4,5.38,202.0,95210.0
20190529:0100,24.15,23.1,0.0,0.0,0.0,335.25,5.17,205.0,95191.0
20190529:0200,23.23,24.0,0.0,0.0,0.0,331.6,4.69,209.0,95210.0
20190529:0300,22.32,25.0,0.0,0.0,0.0,328.4,4.48,214.0,95229.0
20190529:0400,21.48,25.9,0.0,0.0,0.0,325.8,4.55,219.0,95257.0
20190529:0500,20.74,26.7,47.0,211.49,29.0,322.4,4.34,229.0,95323.0
20190529:0600,21.29,25.35,241.0,514.15,92.0,321.4,4.07,242.0,95370.0
20190529:0700,24.17,21.4,454.0,649.29,137.0,327.4,4.83,230.0,95408.0
20190529:0800,26.73,17.8,656.0,728.79,170.0,333.2,6.0,229.0,95417.0
20190529:0900,28.95,15.25,830.0,787.91,189.0,340.8,6.62,228.0,95398.0
20190529:1000,30.92,13.35,971.0,871.21,171.0,348.2,7.1,229.0,95379.0
20190529:1100,32.59,12.1,1056.0,939.52,141.0,355.6,7.38,236.0,95304.0
20190529:1200,33.86,11.55,1065.0,957.36,130.0,361.6,7.38,244.0,95238.0
20190529:1300,34.83,11.1,1001.0,940.28,130.0,367.0,7.03,254.0,95172.0
20190529:1400,35.37,10.85,867.0,868.87,149.0,370.8,6.55,265.0,95106.0
20190529:1500,35.54,10.8,696.0,822.16,134.0,384.2,5.79,273.0,95022.0
20190529:1600,35.44,10.65,497.0,770.17,106.0,383.2,4.97,274.0,94984.0
20190529:1700,35.09,10.95,259.0,508.57,101.0,376.0,4.14,278.0,94928.0
20190529:1800,34.54,11.35,48.0,94.35,38.0,368.8,2.9,302.0,94956.0
20190529:1900,33.29,10.95,0.0,0.0,0.0,375.8,2.41,337.0,95022.0
20190529:2000,30.88,15.85,0.0,0.0,0.0,356.6,6.14,21.0,95106.0
20190529:2100,28.47,22.4,0.0,0.0,0.0,361.8,8.48,31.0,95229.0
20190529:2200,27.18,24.75,0.0,0.0,0.0,346.6,8.07,42.0,95304.0
20190529:2300,26.31,25.3,0.0,0.0,0.0,346.4,7.59,47.0,95304.0
20190530:0000,25.14,27.95,0.0,0.0,0.0,339.8,7.52,45.0,95313.0
20190530:0100,23.68,34.5,0.0,0.0,0.0,340.05,7.66,40.0,95323.0
20190530:0200,22.23,42.45,0.0,0.0,0.0,336.2,7.79,36.0,95370.0
20190530:0300,20.88,48.75,0.0,0.0,0.0,328.0,8.14,35.0,95398.0
20190530:0400,19.75,51.55,0.0,0.0,0.0,324.2,8.28,38.0,95464.0
20190530:0500,18.63,55.35,33.0,58.07,28.0,320.6,8.28,46.0,95530.0
20190530:0600,18.11,60.95,178.0,172.07,128.0,319.0,8.69,51.0,95605.0
20190530:0700,19.01,58.35,396.0,407.1,197.0,321.2,9.59,55.0,95709.0
20190530:0800,20.3,51.7,632.0,653.35,196.0,325.4,9.45,61.0,95746.0
20190530:0900,21.91,44.85,818.0,764.19,196.0,331.6,9.03,66.0,95775.0
20190530:1000,23.53,39.6,968.0,877.37,162.0,338.4,8.76,68.0,95784.0
20190530:1100,25.05,35.6,1059.0,963.73,120.0,345.0,8.69,69.0,95737.0
20190530:1200,26.36,32.5,1062.0,963.98,120.0,350.4,8.48,70.0,95709.0
20190530:1300,27.42,29.8,993.0,928.76,132.0,356.2,8.28,70.0,95652.0
20190530:1400,28.14,27.75,855.0,842.51,158.0,358.8,8.28,69.0,95624.0
20190530:1500,28.48,26.25,658.0,684.94,189.0,361.6,8.28,68.0,95568.0
20190530:1600,28.36,25.5,445.0,532.33,174.0,356.4,8.41,67.0,95530.0
20190530:1700,27.77,25.5,238.0,377.82,120.0,352.4,8.48,66.0,95558.0
20190530:1800,26.78,26.3,46.0,74.18,38.0,347.4,8.28,66.0,95568.0
20190530:1900,25.72,27.15,0.0,0.0,0.0,339.2,6.76,65.0,95662.0
20190530:2000,24.72,28.45,0.0,0.0,0.0,336.0,6.41,67.0,95728.0
20190530:2100,23.81,29.75,0.0,0.0,0.0,332.2,6.07,69.0,95840.0
20190530:2200,22.85,31.2,0.0,0.0,0.0,329.2,5.79,72.0,95878.0
20190530:2300,21.84,33.1,0.0,0.0,0.0,325.6,5.31,75.0,95859.0
20190531:0000,20.76,35.8,0.0,0.0,0.0,322.4,4.83,78.0,95831.0
20190531:0100,19.68,39.25,0.0,0.0,0.0,319.45,4.48,76.0,95803.0
20190531:0200,18.66,43.1,0.0,0.0,0.0,316.4,4.69,71.0,95793.0
20190531:0300,17.69,46.7,0.0,0.0,0.0,313.2,5.31,62.0,95803.0
20190531:0400,16.78,49.6,0.0,0.0,0.0,309.6,5.59,57.0,95850.0
20190531:0500,16.02,51.75,46.0,183.87,30.0,306.4,5.59,53.0,95925.0
20190531:0600,16.36,50.15,241.0,494.37,97.0,305.0,5.45,50.0,95972.0
20190531:0700,17.95,44.35,456.0,643.71,141.0,307.6,7.31,60.0,96047.0
20190531:0800,19.3,41.4,654.0,708.36,181.0,312.4,7.59,66.0,96066.0
20190531:0900,20.88,38.45,830.0,779.83,195.0,318.6,7.45,68.0,96047.0
20190531:1000,22.64,35.25,966.0,845.49,189.0,325.8,7.31,69.0,96019.0
20190531:1100,24.29,32.3,1051.0,912.03,162.0,333.2,7.17,69.0,95925.0
20190531:1200,25.62,30.0,1071.0,964.48,128.0,340.2,7.1,71.0,95878.0
20190531:1300,26.53,28.5,1008.0,946.39,130.0,344.8,6.97,72.0,95831.0
20190531:1400,27.12,27.45,873.0,876.61,147.0,348.0,6.62,71.0,95765.0
20190531:1500,27.4,26.55,677.0,727.55,178.0,348.6,6.34,68.0,95709.0
20190531:1600,25.94,25.16,473.0,628.84,152.0,334.63,5.24,67.0,95690.0
20190531:1700,25.52,26.43,266.0,531.96,99.0,334.59,5.4,65.0,95680.0
20190531:1800,25.1,27.7,63.0,218.84,39.0,334.54,5.56,66.0,95690.0
20190531:1900,24.67,28.97,0.0,0.0,0.0,334.49,5.72,80.0,95709.0
20190531:2000,24.25,30.25,0.0,0.0,0.0,334.44,5.87,90.0,95756.0
20190531:2100,23.83,31.52,0.0,0.0,0.0,334.4,6.03,97.0,95840.0
20190531:2200,23.4,32.79,0.0,0.0,0.0,334.35,6.19,99.0,95831.0
20190531:2300,22.98,34.06,0.0,0.0,0.0,334.3,6.35,97.0,95859.0
20170601:0000,22.56,35.33,0.0,0.0,0.0,334.25,6.51,58.0,95502.0
20170601:0100,22.13,36.6,0.0,0.0,0.0,334.21,6.66,58.0,95502.0
20170601:0200,21.71,37.87,0.0,0.0,0.0,334.16,6.82,60.0,95492.0
20170601:0300,21.29,39.14,0.0,0.0,0.0,334.11,6.98,60.0,95502.0
20170601:0400,20.86,40.41,0.0,0.0,0.0,334.06,7.14,56.0,95521.0
20170601:0500,20.44,41.68,38.0,91.07,30.0,334.02,7.3,50.0,95521.0
20170601:0600,20.02,42.95,217.0,356.28,113.0,333.97,7.45,46.0,95558.0
20170601:0700,19.6,44.23,431.0,547.14,163.0,333.92,7.61,51.0,95568.0
20170601:0800,23.84,37.1,630.0,645.12,199.0,341.4,9.24,54.0,95568.0
20170601:0900,25.96,33.95,811.0,743.94,205.0,345.4,9.66,58.0,95539.0
20170601:1000,28.11,30.55,990.0,949.63,117.0,357.8,10.21,63.0,95539.0
20170601:1100,29.72,28.2,1008.0,813.23,215.0,364.6,10.9,66.0,95445.0
20170601:1200,31.13,25.35,994.0,767.71,243.0,369.2,11.24,68.0,95389.0
20170601:1300,32.15,23.1,946.0,783.05,219.0,375.0,11.17,71.0,95351.0
20170601:1400,32.63,22.5,855.0,837.07,161.0,379.8,10.83,74.0,95323.0
20170601:1500,32.79,22.9,581.0,438.15,280.0,381.6,10.34,79.0,95295.0
20170601:1600,32.65,23.7,438.0,494.32,185.0,380.4,9.79,82.0,95266.0
20170601:1700,32.19,24.65,231.0,332.79,126.0,378.8,9.17,83.0,95295.0
20170601:1800,31.42,25.9,54.0,125.61,40.0,377.0,8.41,79.0,95295.0
20170601:1900,29.6,31.25,0.0,0.0,0.0,371.8,6.14,79.0,95332.0
20170601:2000,28.59,33.4,0.0,0.0,0.0,367.8,5.72,69.0,95389.0
20170601:2100,27.66,35.35,0.0,0.0,0.0,366.6,5.59,58.0,95473.0
20170601:2200,26.75,37.25,0.0,0.0,0.0,364.8,5.72,49.0,95492.0
20170601:2300,26.03,38.8,0.0,0.0,0.0,368.4,5.79,46.0,95502.0
20170602:0000,25.36,40.55,0.0,0.0,0.0,369.4,5.72,44.0,95473.0
20170602:0100,24.68,42.6,0.0,0.0,0.0,369.05,5.72,43.0,95436.0
20170602:0200,23.78,45.65,0.0,0.0,0.0,356.8,5.66,42.0,95417.0
20170602:0300,22.9,49.05,0.0,0.0,0.0,353.6,5.45,41.0,95408.0
20170602:0400,22.08,52.5,0.0,0.0,0.0,350.8,5.38,42.0,95426.0
20170602:0500,21.31,55.6,40.0,101.58,31.0,345.2,5.59,43.0,95483.0
20170602:0600,21.49,54.85,203.0,280.38,121.0,343.0,6.0,42.0,95511.0
20170602:0700,23.06,49.1,431.0,546.69,163.0,347.6,7.79,43.0,95577.0
20170602:0800,24.76,42.25,641.0,683.73,184.0,352.4,7.79,46.0,95568.0
20170602:0900,26.84,35.55,807.0,730.2,212.0,358.2,7.66,52.0,95549.0
20170602:1000,28.88,30.3,946.0,810.15,201.0,365.6,7.45,59.0,95568.0
20170602:1100,30.7,26.6,1013.0,828.32,205.0,373.2,7.1,64.0,95511.0
20170602:1200,32.21,23.95,1023.0,844.99,196.0,380.4,6.62,67.0,95445.0
20170602:1300,33.39,22.05,962.0,828.78,192.0,385.6,6.14,70.0,95370.0
20170602:1400,34.2,20.8,842.0,792.82,184.0,389.0,5.79,74.0,95323.0
20170602:1500,34.6,20.15,663.0,691.78,187.0,390.0,5.52,78.0,95266.0
20170602:1600,34.54,20.25,454.0,557.35,168.0,389.45,5.17,83.0,95219.0
20170602:1700,34.1,20.9,242.0,384.78,120.0,386.8,4.83,87.0,95238.0
20170602:1800,33.32,22.15,57.0,132.51,42.0,381.6,4.48,89.0,95210.0
20170602:1900,31.86,23.75,0.0,0.0,0.0,375.4,4.0,74.0,95295.0
20170602:2000,30.73,25.7,0.0,0.0,0.0,371.6,3.66,65.0,95351.0
20170602:2100,29.62,27.7,0.0,0.0,0.0,368.2,3.79,64.0,95398.0
20170602:2200,28.53,29.7,0.0,0.0,0.0,364.2,3.86,64.0,95398.0
20170602:2300,27.52,31.7,0.0,0.0,0.0,359.0,4.07,59.0,95389.0
20170603:0000,26.57,33.9,0.0,0.0,0.0,355.6,4.41,52.0,95313.0
20170603:0100,25.71,36.6,0.0,0.0,0.0,354.05,4.48,52.0,95313.0
20170603:0200,24.72,40.3,0.0,0.0,0.0,351.6,4.21,56.0,95313.0
20170603:0300,23.68,44.5,0.0,0.0,0.0,348.8,4.0,55.0,95323.0
20170603:0400,22.71,48.5,0.0,0.0,0.0,346.6,4.0,47.0,95342.0
20170603:0500,22.01,51.55,40.0,100.82,31.0,350.0,4.14,40.0,95361.0
20170603:0600,22.46,50.6,218.0,355.01,114.0,343.2,4.14,38.0,95370.0
20170603:0700,25.04,44.0,434.0,558.55,160.0,349.8,4.55,54.0,95417.0
20170603:0800,27.35,37.3,638.0,671.51,189.0,357.2,5.1,61.0,95398.0
20170603:0900,29.69,31.5,807.0,730.02,212.0,366.4,5.79,65.0,95379.0
20170603:1000,31.86,26.65,936.0,780.59,218.0,375.4,6.55,69.0,95342.0
20170603:1100,33.71,22.75,1014.0,828.05,206.0,383.4,7.1,73.0,95276.0
20170603:1200,35.08,19.75,1012.0,813.96,215.0,390.2,7.45,77.0,95191.0
20170603:1300,36.04,17.6,957.0,813.16,201.0,394.0,7.59,80.0,95106.0
20170603:1400,36.46,16.5,829.0,748.68,207.0,400.45,7.79,83.0,95022.0
20170603:1500,36.72,15.85,660.0,679.09,192.0,399.85,7.79,85.0,94946.0
20170603:1600,36.38,16.25,453.0,546.21,172.0,402.25,7.45,88.0,94909.0
20170603:1700,35.31,17.8,235.0,342.14,126.0,396.45,5.59,94.0,94918.0
20170603:1800,34.72,17.7,52.0,87.03,42.0,405.85,3.24,97.0,94928.0
20170603:1900,33.87,19.55,0.0,0.0,0.0,396.45,5.17,79.0,94994.0
20170603:2000,32.69,21.1,0.0,0.0,0.0,392.05,5.17,54.0,95088.0
20170603:2100,31.68,22.15,0.0,0.0,0.0,389.4,5.66,48.0,95116.0
20170603:2200,30.77,22.6,0.0,0.0,0.0,383.0,5.66,48.0,95295.0
20170603:2300,29.61,24.35,0.0,0.0,0.0,378.8,5.52,32.0,95285.0
20170604:0000,28.13,29.3,0.0,0.0,0.0,376.4,6.21,12.0,95332.0
20170604:0100,26.76,35.25,0.0,0.0,0.0,363.85,6.97,7.0,95304.0
20170604:0200,26.0,38.25,0.0,0.0,0.0,365.8,7.52,10.0,95295.0
20170604:0300,25.19,40.8,0.0,0.0,0.0,357.4,7.93,15.0,95257.0
20170604:0400,24.53,44.25,0.0,0.0,0.0,363.0,7.93,17.0,95276.0
20170604:0500,23.98,46.35,33.0,44.52,29.0,357.8,7.93,18.0,95285.0
20170604:0600,24.57,44.0,21.0,0.0,21.0,358.0,7.79,21.0,95295.0
20170604:0700,26.07,39.5,288.0,116.13,231.0,367.8,8.07,25.0,95304.0
20170604:0800,28.19,33.0,595.0,527.78,242.0,370.0,9.45,34.0,95276.0
20170604:0900,30.08,28.0,838.0,832.91,159.0,379.6,9.79,42.0,95219.0
20170604:1000,31.82,24.15,930.0,765.2,226.0,389.8,9.1,50.0,95210.0
20170604:1100,33.34,20.95,980.0,737.64,260.0,393.85,8.48,56.0,95154.0
20170604:1200,34.17,19.05,951.0,655.37,309.0,397.05,7.93,63.0,95106.0
20170604:1300,34.6,17.9,911.0,683.63,275.0,413.05,7.66,69.0,95229.0
20170604:1400,34.88,17.35,844.0,792.43,185.0,415.25,7.45,75.0,95135.0
20170604:1500,34.37,17.6,566.0,391.19,296.0,407.05,5.79,83.0,94994.0
20170604:1600,33.7,18.05,56.0,0.0,56.0,416.25,2.69,88.0,94899.0
20170604:1700,33.23,18.75,117.0,15.62,112.0,410.25,2.07,83.0,94890.0
20170604:1800,32.96,19.0,62.0,163.0,43.0,393.45,2.76,85.0,94918.0
20170604:1900,31.61,21.5,0.0,0.0,0.0,371.6,3.03,89.0,94965.0
20170604:2000,30.46,23.2,0.0,0.0,0.0,374.4,2.9,74.0,95022.0
20170604:2100,29.29,25.25,0.0,0.0,0.0,372.8,3.24,43.0,95135.0
20170604:2200,28.36,27.05,0.0,0.0,0.0,379.6,3.79,36.0,95125.0
20170604:2300,27.53,28.75,0.0,0.0,0.0,375.0,4.28,34.0,95125.0
20170605:0000,26.46,32.25,0.0,0.0,0.0,366.0,5.45,33.0,95097.0
20170605:0100,25.24,38.25,0.0,0.0,0.0,366.05,5.79,41.0,95116.0
20170605:0200,24.28,43.65,0.0,0.0,0.0,367.8,5.24,40.0,95172.0
20170605:0300,23.51,47.75,0.0,0.0,0.0,368.4,4.69,26.0,95201.0
20170605:0400,22.84,50.4,0.0,0.0,0.0,359.6,3.79,50.0,95257.0
20170605:0500,21.93,53.7,42.0,121.74,31.0,345.0,3.52,64.0,95248.0
20170605:0600,22.29,52.4,38.0,0.0,38.0,341.0,3.79,57.0,95219.0
20170605:0700,23.77,51.25,454.0,649.63,135.0,353.0,5.38,29.0,95266.0
20170605:0800,25.27,44.1,599.0,539.63,238.0,357.4,5.31,24.0,95257.0
20170605:0900,26.87,37.8,825.0,787.4,183.0,365.6,4.55,21.0,95266.0
20170605:1000,28.42,33.35,946.0,809.62,201.0,371.2,4.28,14.0,95229.0
20170605:1100,29.64,30.65,1025.0,859.32,186.0,380.8,3.86,3.0,95248.0
20170605:1200,30.39,29.0,1012.0,813.26,215.0,391.05,3.24,342.0,95201.0
20170605:1300,31.49,26.05,921.0,710.05,260.0,392.0,3.52,313.0,95106.0
20170605:1400,32.53,22.05,835.0,762.83,200.0,400.25,4.41,299.0,95041.0
20170605:1500,33.18,18.4,670.0,705.98,182.0,392.4,5.24,297.0,94984.0
20170605:1600,33.4,14.9,466.0,591.9,160.0,382.0,5.86,300.0,94946.0
20170605:1700,33.12,11.95,258.0,454.1,112.0,370.0,5.79,305.0,94956.0
20170605:1800,32.38,10.45,66.0,194.61,43.0,357.8,5.52,317.0,94956.0
20170605:1900,30.7,11.65,0.0,0.0,0.0,341.8,4.55,351.0,95031.0
20170605:2000,29.27,13.4,0.0,0.0,0.0,337.4,4.07,9.0,95088.0
20170605:2100,27.91,15.45,0.0,0.0,0.0,334.4,4.0,19.0,95182.0
20170605:2200,26.35,19.45,0.0,0.0,0.0,332.8,5.1,31.0,95191.0
20170605:2300,24.61,27.95,0.0,0.0,0.0,332.0,5.86,34.0,95257.0
20170606:0000,23.28,34.35,0.0,0.0,0.0,330.4,4.83,27.0,95304.0
20170606:0100,22.17,38.3,0.0,0.0,0.0,328.25,3.93,17.0,95304.0
20170606:0200,21.1,41.7,0.0,0.0,0.0,325.0,3.52,5.0,95313.0
20170606:0300,20.07,45.1,0.0,0.0,0.0,319.2,3.59,355.0,95323.0
20170606:0400,19.11,47.8,0.0,0.0,0.0,311.4,3.79,351.0,95379.0
20170606:0500,18.32,48.65,50.0,198.27,32.0,304.8,4.0,350.0,95436.0
20170606:0600,18.95,44.4,243.0,513.67,92.0,302.4,4.07,352.0,95492.0
20170606:0700,21.08,37.4,454.0,649.43,135.0,307.2,5.45,355.0,95530.0
20170606:0800,23.04,32.55,649.0,709.95,174.0,313.8,6.34,1.0,95539.0
20170606:0900,25.01,28.2,820.0,772.6,190.0,322.0,6.21,11.0,95511.0
20170606:1000,26.68,24.35,941.0,794.29,210.0,330.4,5.66,21.0,95502.0
20170606:1100,28.05,21.35,1014.0,828.4,205.0,339.2,4.97,28.0,95473.0
20170606:1200,29.18,19.05,1001.0,782.33,234.0,345.4,4.41,30.0,95408.0
20170606:1300,30.06,17.35,953.0,797.64,210.0,350.4,3.93,30.0,95342.0
20170606:1400,30.72,16.15,845.0,793.31,184.0,353.2,3.66,30.0,95323.0
20170606:1500,31.13,15.45,678.0,733.84,170.0,354.2,3.45,31.0,95257.0
20170606:1600,31.29,15.2,478.0,640.68,146.0,353.4,3.52,30.0,95257.0
20170606:1700,31.16,15.25,265.0,492.36,106.0,351.2,3.66,32.0,95248.0
20170606:1800,30.71,15.8,69.0,217.11,43.0,347.8,3.72,38.0,95276.0
20170606:1900,29.53,17.65,0.0,0.0,0.0,343.6,2.9,60.0,95304.0
20170606:2000,28.3,20.1,0.0,0.0,0.0,341.0,3.31,85.0,95398.0
20170606:2100,26.96,23.55,0.0,0.0,0.0,339.4,3.86,95.0,95492.0
20170606:2200,25.66,27.75,0.0,0.0,0.0,337.0,4.21,96.0,95549.0
20170606:2300,24.51,31.8,0.0,0.0,0.0,335.4,3.93,91.0,95586.0
20170607:0000,23.42,35.4,0.0,0.0,0.0,333.6,3.1,84.0,95596.0
20170607:0100,22.27,38.9,0.0,0.0,0.0,332.25,2.28,78.0,95605.0
20170607:0200,21.16,42.65,0.0,0.0,0.0,330.6,1.66,68.0,95615.0
20170607:0300,21.07,42.8,0.0,0.0,0.0,329.4,1.38,50.0,95605.0
20170607:0400,20.99,42.95,0.0,0.0,0.0,327.8,1.31,33.0,95662.0
20170607:0500,20.49,44.35,51.0,208.48,32.0,326.4,1.38,18.0,95718.0
20170607:0600,20.24,45.35,246.0,533.72,89.0,327.2,1.45,11.0,95756.0
20170607:0700,23.13,38.65,463.0,698.16,120.0,333.0,0.83,55.0,95840.0
20170607:0800,25.79,31.2,663.0,765.2,151.0,341.8,1.72,99.0,95850.0
20170607:0900,27.43,27.15,825.0,787.28,183.0,350.6,2.97,112.0,95869.0
20170607:1000,28.77,24.3,951.0,824.62,192.0,357.6,3.59,112.0,95869.0
20170607:1100,29.87,22.4,1030.0,875.31,175.0,363.6,3.66,111.0,95831.0
20170607:1200,30.74,21.0,1024.0,844.24,196.0,368.8,3.38,110.0,95756.0
20170607:1300,31.44,19.95,959.0,813.26,201.0,373.0,2.97,108.0,95709.0
20170607:1400,31.96,19.1,850.0,808.17,176.0,375.6,2.62,103.0,95643.0
20170607:1500,32.28,18.5,675.0,719.82,176.0,375.8,2.48,97.0,95577.0
20170607:1600,32.4,18.25,474.0,618.03,153.0,374.6,2.48,87.0,95549.0
20170607:1700,32.25,18.4,268.0,502.61,105.0,371.4,2.76,81.0,95521.0
20170607:1800,31.84,18.85,71.0,222.61,44.0,367.4,3.03,83.0,95539.0
20170607:1900,31.04,19.3,0.0,0.0,0.0,361.2,3.38,104.0,95558.0
20170607:2000,30.05,20.5,0.0,0.0,0.0,358.8,3.66,125.0,95624.0
20170607:2100,28.9,21.7,0.0,0.0,0.0,356.2,3.86,139.0,95680.0
20170607:2200,27.72,22.95,0.0,0.0,0.0,352.2,3.86,149.0,95699.0
20170607:2300,26.58,24.1,0.0,0.0,0.0,348.4,3.86,153.0,95709.0
20170608:0000,25.5,25.4,0.0,0.0,0.0,344.4,3.59,155.0,95652.0
20170608:0100,24.42,26.9,0.0,0.0,0.0,340.65,3.17,158.0,95643.0
20170608:0200,23.28,28.85,0.0,0.0,0.0,337.6,2.69,169.0,95633.0
20170608:0300,22.12,31.15,0.0,0.0,0.0,335.0,2.41,184.0,95633.0
20170608:0400,21.06,33.65,0.0,0.0,0.0,333.0,2.14,192.0,95680.0
20170608:0500,20.8,34.15,49.0,185.98,32.0,331.4,1.86,189.0,95709.0
20170608:0600,21.07,34.05,243.0,513.1,92.0,332.0,1.79,168.0,95746.0
20170608:0700,24.39,30.15,454.0,649.26,135.0,337.6,2.07,146.0,95784.0
20170608:0800,26.72,28.2,648.0,709.92,173.0,344.8,3.38,146.0,95803.0
20170608:0900,28.54,25.7,820.0,772.56,190.0,353.2,4.34,148.0,95803.0
20170608:1000,29.97,22.85,940.0,794.14,209.0,361.4,4.41,147.0,95803.0
20170608:1100,31.1,20.6,1014.0,828.06,205.0,368.6,4.28,145.0,95793.0
20170608:1200,32.03,19.1,1013.0,813.36,215.0,374.0,3.93,147.0,95728.0
20170608:1300,32.8,18.0,960.0,812.79,202.0,378.0,3.72,148.0,95671.0
20170608:1400,33.34,17.2,851.0,807.45,177.0,380.2,3.59,149.0,95577.0
20170608:1500,33.67,16.7,680.0,733.23,171.0,380.4,3.59,148.0,95511.0
20170608:1600,33.67,16.5,480.0,641.63,146.0,378.6,3.52,146.0,95473.0
20170608:1700,33.39,16.65,267.0,485.18,109.0,375.6,3.38,144.0,95436.0
20170608:1800,32.86,17.1,70.0,203.64,45.0,371.4,3.66,143.0,95445.0
20170608:1900,31.83,17.45,0.0,0.0,0.0,364.6,3.59,145.0,95455.0
20170608:2000,30.68,18.7,0.0,0.0,0.0,361.4,3.79,148.0,95521.0
20170608:2100,29.52,20.0,0.0,0.0,0.0,358.0,3.86,152.0,95577.0
20170608:2200,28.37,21.3,0.0,0.0,0.0,355.4,4.07,158.0,95568.0
20170608:2300,27.34,22.45,0.0,0.0,0.0,352.2,4.28,165.0,95577.0
20170609:0000,26.38,23.35,0.0,0.0,0.0,349.6,4.28,171.0,95530.0
20170609:0100,25.5,24.15,0.0,0.0,0.0,346.65,4.34,174.0,95483.0
20170609:0200,24.68,25.0,0.0,0.0,0.0,344.0,4.21,178.0,95473.0
20170609:0300,23.88,25.95,0.0,0.0,0.0,341.6,3.86,189.0,95464.0
20170609:0400,23.08,27.05,0.0,0.0,0.0,339.2,3.59,199.0,95502.0
20170609:0500,22.37,28.15,45.0,141.92,32.0,336.2,3.45,203.0,95539.0
20170609:0600,22.98,27.1,235.0,451.84,102.0,336.2,3.1,204.0,95568.0
20170609:0700,26.08,23.65,449.0,624.87,142.0,340.8,3.38,195.0,95624.0
20170609:0800,28.52,21.05,645.0,696.52,179.0,348.2,4.21,190.0,95643.0
20170609:0900,30.42,18.95,820.0,771.37,191.0,356.6,4.48,186.0,95643.0
20170609:1000,31.94,17.15,940.0,794.11,209.0,365.6,4.0,183.0,95633.0
20170609:1100,33.29,15.85,1036.0,891.37,165.0,374.0,3.72,180.0,95605.0
20170609:1200,34.39,14.8,1035.0,876.26,175.0,380.6,3.66,178.0,95539.0
20170609:1300,35.2,14.05,976.0,859.49,174.0,385.2,3.45,179.0,95445.0
20170609:1400,35.74,13.5,866.0,853.43,153.0,387.2,3.24,182.0,95370.0
20170609:1500,36.09,13.1,677.0,720.74,176.0,387.4,2.97,183.0,95285.0
20170609:1600,36.03,13.05,468.0,584.65,163.0,385.4,2.55,187.0,95276.0
20170609:1700,35.91,13.05,259.0,434.32,117.0,384.0,2.28,186.0,95219.0
20170609:1800,35.45,13.35,59.0,104.67,46.0,383.8,1.86,174.0,95248.0
20170609:1900,34.58,14.0,0.0,0.0,0.0,389.0,1.79,162.0,95276.0
20170609:2000,33.23,15.2,0.0,0.0,0.0,377.4,2.69,152.0,95323.0
20170609:2100,31.81,16.55,0.0,0.0,0.0,372.2,3.03,155.0,95370.0
20170609:2200,30.7,17.55,0.0,0.0,0.0,380.2,3.31,160.0,95408.0
20170609:2300,29.72,18.6,0.0,0.0,0.0,384.8,3.45,165.0,95389.0
20170610:0000,28.69,19.8,0.0,0.0,0.0,370.8,3.72,182.0,95398.0
20170610:0100,27.99,20.65,0.0,0.0,0.0,374.45,3.79,198.0,95332.0
20170610:0200,27.32,21.5,0.0,0.0,0.0,376.0,3.52,205.0,95313.0
20170610:0300,26.29,22.85,0.0,0.0,0.0,362.6,3.17,205.0,95276.0
20170610:0400,25.68,23.65,0.0,0.0,0.0,379.8,2.9,201.0,95304.0
20170610:0500,25.07,24.35,24.0,10.9,23.0,374.4,2.97,202.0,95313.0
20170610:0600,25.41,23.75,227.0,400.89,109.0,371.2,2.69,209.0,95370.0
20170610:0700,28.59,19.4,439.0,580.18,154.0,354.4,2.97,235.0,95408.0
20170610:0800,31.32,16.1,630.0,644.31,199.0,367.8,3.24,230.0,95436.0
20170610:0900,33.22,14.35,797.0,700.3,226.0,379.0,3.03,221.0,95436.0
20170610:1000,34.68,13.3,919.0,735.44,242.0,396.65,2.48,208.0,95389.0
20170610:1100,35.73,12.6,931.0,614.97,330.0,408.05,2.48,190.0,95370.0
20170610:1200,36.7,11.9,863.0,461.42,410.0,409.65,2.69,183.0,95351.0
20170610:1300,37.22,11.5,850.0,530.2,355.0,419.65,2.9,175.0,95248.0
20170610:1400,37.48,11.3,815.0,693.65,235.0,419.45,3.1,175.0,95210.0
20170610:1500,37.5,11.35,710.0,844.79,122.0,416.65,3.17,185.0,95182.0
20170610:1600,37.56,11.25,503.0,740.28,116.0,412.25,3.24,192.0,95135.0
20170610:1700,37.3,11.35,275.0,527.1,102.0,402.25,2.97,201.0,95125.0
20170610:1800,36.93,11.55,79.0,278.7,44.0,388.85,2.83,206.0,95144.0
20170610:1900,35.41,12.7,0.0,0.0,0.0,389.0,3.52,194.0,95154.0
20170610:2000,34.36,13.7,0.0,0.0,0.0,403.05,3.93,195.0,95172.0
20170610:2100,32.94,15.05,0.0,0.0,0.0,382.4,3.03,209.0,95248.0
20170610:2200,31.37,16.95,0.0,0.0,0.0,371.0,2.21,248.0,95229.0
20170610:2300,29.7,19.6,0.0,0.0,0.0,366.8,2.07,281.0,95295.0
20170611:0000,28.21,22.55,0.0,0.0,0.0,364.4,1.93,293.0,95229.0
20170611:0100,27.19,24.95,0.0,0.0,0.0,362.65,1.72,307.0,95210.0
20170611:0200,27.65,24.45,0.0,0.0,0.0,359.8,1.31,336.0,95172.0
20170611:0300,27.53,24.6,0.0,0.0,0.0,357.8,1.24,42.0,95144.0
20170611:0400,24.96,28.45,0.0,0.0,0.0,356.6,1.93,75.0,95163.0
20170611:0500,23.75,29.35,46.0,141.67,33.0,347.4,2.21,86.0,95172.0
20170611:0600,23.96,27.7,216.0,343.21,115.0,346.2,2.07,86.0,95229.0
20170611:0700,27.05,20.0,363.0,295.26,218.0,353.2,2.21,75.0,95257.0
20170611:0800,30.54,15.15,651.0,723.71,167.0,358.4,3.1,85.0,95304.0
20170611:0900,32.46,13.8,819.0,771.54,190.0,367.6,3.79,91.0,95276.0
20170611:1000,34.06,13.05,908.0,706.13,258.0,377.4,4.07,99.0,95276.0
20170611:1100,35.37,12.5,1025.0,859.42,185.0,385.0,4.0,109.0,95257.0
20170611:1200,36.43,12.05,1019.0,828.9,205.0,391.85,4.0,119.0,95210.0
20170611:1300,37.2,11.6,976.0,859.67,173.0,394.85,3.93,126.0,95154.0
20170611:1400,37.61,11.3,849.0,793.47,185.0,403.45,3.66,129.0,95078.0
20170611:1500,37.76,11.2,683.0,734.67,171.0,397.65,3.45,126.0,95012.0
20170611:1600,37.5,11.55,486.0,654.78,143.0,402.25,3.38,114.0,94965.0
20170611:1700,37.1,11.4,248.0,364.27,128.0,409.25,3.03,103.0,94909.0
20170611:1800,36.46,11.95,61.0,110.31,47.0,403.25,3.93,102.0,94965.0
20170611:1900,35.39,12.4,0.0,0.0,0.0,383.6,3.72,115.0,94956.0
20170611:2000,34.0,13.5,0.0,0.0,0.0,374.8,4.0,118.0,95012.0
20170611:2100,32.71,14.6,0.0,0.0,0.0,369.2,4.21,116.0,95097.0
20170611:2200,31.46,15.95,0.0,0.0,0.0,366.8,4.62,112.0,95097.0
20170611:2300,30.34,18.05,0.0,0.0,0.0,365.0,4.9,112.0,95163.0
20170612:0000,29.29,21.0,0.0,0.0,0.0,367.0,4.48,114.0,95116.0
20170612:0100,28.11,24.3,0.0,0.0,0.0,361.45,3.66,113.0,95106.0
20170612:0200,26.99,27.6,0.0,0.0,0.0,359.4,3.31,103.0,95106.0
20170612:0300,26.02,30.8,0.0,0.0,0.0,362.8,3.24,86.0,95097.0
20170612:0400,25.27,33.65,0.0,0.0,0.0,366.4,3.59,73.0,95135.0
20170612:0500,24.56,36.65,51.0,218.02,31.0,362.4,3.93,67.0,95182.0
20170612:0600,24.88,37.45,207.0,292.38,121.0,360.6,4.07,71.0,95266.0
20170612:0700,26.94,33.65,438.0,578.54,154.0,365.2,5.03,85.0,95313.0
20170612:0800,28.29,31.35,661.0,764.3,150.0,365.6,5.45,94.0,95332.0
20170612:0900,30.0,27.25,819.0,771.68,190.0,370.8,5.66,96.0,95342.0
20170612:1000,31.65,23.45,950.0,824.58,191.0,377.0,5.93,98.0,95332.0
20170612:1100,33.13,20.6,1019.0,842.98,195.0,384.2,6.07,97.0,95323.0
20170612:1200,34.21,18.6,1025.0,843.95,196.0,388.6,6.07,96.0,95285.0
20170612:1300,35.02,17.0,982.0,875.3,164.0,391.4,6.07,95.0,95219.0
20170612:1400,35.41,16.2,845.0,778.51,193.0,393.85,5.86,94.0,95182.0
20170612:1500,35.51,16.0,676.0,707.98,182.0,393.0,5.59,90.0,95135.0
20170612:1600,35.31,16.3,474.0,596.33,161.0,391.45,5.38,87.0,95097.0
20170612:1700,34.8,17.0,0.0,0.0,0.0,387.6,5.17,85.0,95078.0
20170612:1800,33.99,18.05,74.0,202.81,48.0,382.4,5.17,84.0,95050.0
20170612:1900,32.46,20.45,0.0,0.0,0.0,375.4,4.97,90.0,95088.0
20170612:2000,31.29,22.3,0.0,0.0,0.0,371.0,4.83,96.0,95135.0
20170612:2100,30.15,24.3,0.0,0.0,0.0,368.0,5.03,103.0,95238.0
20170612:2200,29.02,26.3,0.0,0.0,0.0,365.6,5.17,108.0,95285.0
20170612:2300,27.92,27.9,0.0,0.0,0.0,362.4,5.38,110.0,95285.0
20170613:0000,26.86,29.15,0.0,0.0,0.0,358.2,5.38,112.0,95276.0
20170613:0100,25.78,30.9,0.0,0.0,0.0,354.05,5.03,107.0,95248.0
20170613:0200,24.69,33.65,0.0,0.0,0.0,350.4,4.62,98.0,95248.0
20170613:0300,23.62,37.3,0.0,0.0,0.0,346.0,4.34,89.0,95276.0
20170613:0400,22.59,41.05,0.0,0.0,0.0,342.6,4.21,81.0,95332.0
20170613:0500,21.68,44.15,48.0,174.62,32.0,339.0,4.14,73.0,95389.0
20170613:0600,21.94,43.5,240.0,493.3,95.0,337.2,4.34,64.0,95455.0
20170613:0700,23.18,40.4,0.0,0.0,0.0,339.6,5.72,71.0,95492.0
20170613:0800,24.67,34.75,657.0,749.61,156.0,342.8,6.0,70.0,95511.0
20170613:0900,26.53,27.35,823.0,785.35,183.0,348.4,6.48,71.0,95483.0
20170613:1000,28.33,22.75,945.0,808.36,201.0,353.8,6.97,72.0,95483.0
20170613:1100,29.88,21.15,0.0,0.0,0.0,360.0,7.24,70.0,95436.0
20170613:1200,31.13,20.45,1014.0,813.2,215.0,365.4,7.38,67.0,95389.0
20170613:1300,32.09,19.85,961.0,812.85,201.0,369.4,7.59,68.0,95332.0
20170613:1400,32.67,19.4,845.0,779.12,192.0,371.6,7.79,72.0,95266.0
20170613:1500,32.77,19.0,681.0,721.45,177.0,371.0,7.93,76.0,95229.0
20170613:1600,32.47,18.55,478.0,608.52,158.0,367.2,7.86,79.0,95219.0
20170613:1700,31.76,18.3,273.0,491.35,110.0,362.2,7.59,81.0,95210.0
20170613:1800,30.77,18.3,78.0,239.52,47.0,353.8,6.97,82.0,95229.0
20170613:1900,29.19,19.85,0.0,0.0,0.0,345.2,5.38,86.0,95257.0
20170613:2000,27.97,20.85,0.0,0.0,0.0,337.6,4.69,83.0,95304.0
20170613:2100,26.77,22.1,0.0,0.0,0.0,331.0,4.34,77.0,95370.0
20170613:2200,25.59,23.7,0.0,0.0,0.0,326.4,4.21,71.0,95445.0
20170613:2300,24.48,25.55,0.0,0.0,0.0,322.6,4.0,66.0,95445.0
20170614:0000,23.42,27.55,0.0,0.0,0.0,320.8,3.79,59.0,95426.0
20170614:0100,22.44,29.65,0.0,0.0,0.0,320.45,3.66,48.0,95398.0
20170614:0200,21.58,31.75,0.0,0.0,0.0,320.8,3.72,35.0,95379.0
20170614:0300,20.87,33.75,0.0,0.0,0.0,322.0,3.93,26.0,95389.0
20170614:0400,20.32,35.5,0.0,0.0,0.0,323.0,4.21,24.0,95408.0
20170614:0500,19.89,37.1,47.0,153.09,33.0,324.4,4.41,28.0,95455.0
20170614:0600,20.76,36.15,231.0,432.44,104.0,326.8,4.34,33.0,95502.0
20170614:0700,23.46,33.85,445.0,613.85,144.0,338.4,5.03,39.0,95521.0
20170614:0800,25.82,31.9,646.0,709.51,172.0,348.2,5.31,47.0,95539.0
20170614:0900,28.09,27.9,818.0,770.83,190.0,358.4,5.72,54.0,95464.0
20170614:1000,29.99,24.7,944.0,808.45,200.0,368.4,5.93,58.0,95492.0
20170614:1100,31.6,22.6,974.0,722.18,268.0,377.4,6.0,61.0,95398.0
20170614:1200,32.88,20.95,941.0,628.84,323.0,385.6,5.86,64.0,95389.0
20170614:1300,33.84,19.7,962.0,812.49,202.0,391.2,5.66,68.0,95332.0
20170614:1400,34.52,18.8,800.0,641.44,262.0,396.25,5.38,73.0,95266.0
20170614:1500,34.88,18.2,496.0,224.48,339.0,397.25,5.24,75.0,95219.0
20170614:1600,34.93,17.95,507.0,742.17,116.0,395.45,5.1,77.0,95191.0
20170614:1700,34.65,18.1,213.0,198.3,147.0,391.0,5.24,79.0,95144.0
20170614:1800,33.9,18.7,70.0,153.14,50.0,385.6,5.24,80.0,95172.0
20170614:1900,32.54,20.35,0.0,0.0,0.0,384.8,4.69,86.0,95154.0
20170614:2000,31.47,21.55,0.0,0.0,0.0,379.2,4.41,85.0,95229.0
20170614:2100,30.45,22.75,0.0,0.0,0.0,377.8,4.14,84.0,95295.0
20170614:2200,29.43,24.1,0.0,0.0,0.0,374.6,3.59,82.0,95313.0
20170614:2300,28.45,25.45,0.0,0.0,0.0,371.6,3.17,74.0,95323.0
20170615:0000,27.54,26.75,0.0,0.0,0.0,371.8,2.97,59.0,95304.0
20170615:0100,26.69,27.95,0.0,0.0,0.0,372.65,2.97,45.0,95313.0
20170615:0200,26.0,28.95,0.0,0.0,0.0,374.8,3.17,35.0,95313.0
20170615:0300,25.47,29.95,0.0,0.0,0.0,377.8,3.52,34.0,95266.0
20170615:0400,25.18,29.95,0.0,0.0,0.0,380.0,3.79,22.0,95295.0
20170615:0500,24.84,30.1,37.0,65.79,31.0,374.8,4.0,26.0,95313.0
20170615:0600,25.61,28.2,21.0,0.0,21.0,370.4,4.41,37.0,95370.0
20170615:0700,27.98,25.2,104.0,0.0,104.0,379.2,5.24,42.0,95417.0
20170615:0800,30.18,22.35,69.0,0.0,69.0,385.2,6.14,51.0,95445.0
20170615:0900,31.96,21.8,104.0,0.0,104.0,396.05,6.48,61.0,95445.0
20170615:1000,33.23,21.45,253.0,0.0,253.0,412.45,6.28,72.0,95473.0
20170615:1100,34.3,20.85,880.0,504.28,387.0,419.65,5.72,80.0,95426.0
20170615:1200,35.14,20.2,658.0,157.69,503.0,424.05,5.17,86.0,95417.0
20170615:1300,35.63,19.75,553.0,91.9,467.0,431.05,5.17,93.0,95379.0
20170615:1400,35.73,19.35,119.0,0.0,119.0,429.25,5.52,99.0,95295.0
20170615:1500,35.1,19.65,463.0,168.53,345.0,433.85,5.59,91.0,95219.0
20170615:1600,34.63,20.5,369.0,234.96,245.0,427.25,5.24,64.0,95266.0
20170615:1700,34.41,20.95,224.0,236.62,145.0,415.85,5.24,47.0,95257.0
20170615:1800,33.99,21.6,34.0,7.59,33.0,412.45,5.17,41.0,95276.0
20170615:1900,32.27,27.4,0.0,0.0,0.0,404.45,3.31,51.0,95295.0
20170615:2000,31.38,28.95,0.0,0.0,0.0,391.6,2.41,45.0,95361.0
20170615:2100,30.69,30.05,0.0,0.0,0.0,393.85,2.34,27.0,95455.0
20170615:2200,29.91,30.85,0.0,0.0,0.0,390.4,2.83,19.0,95455.0
20170615:2300,29.42,31.35,0.0,0.0,0.0,399.25,2.9,20.0,95408.0
20170616:0000,28.65,32.7,0.0,0.0,0.0,388.0,2.9,24.0,95389.0
20170616:0100,27.98,34.1,0.0,0.0,0.0,390.05,2.97,25.0,95379.0
20170616:0200,27.22,35.9,0.0,0.0,0.0,381.4,3.17,23.0,95361.0
20170616:0300,26.6,37.4,0.0,0.0,0.0,384.6,3.38,18.0,95389.0
20170616:0400,26.09,38.7,0.0,0.0,0.0,382.6,3.93,14.0,95398.0
20170616:0500,25.7,40.05,42.0,110.03,32.0,379.8,4.48,12.0,95445.0
20170616:0600,26.56,38.5,218.0,354.98,114.0,383.4,4.62,14.0,95473.0
20170616:0700,28.98,33.7,147.0,2.04,146.0,389.6,4.48,14.0,95530.0
20170616:0800,31.27,30.0,121.0,0.0,121.0,403.25,4.97,36.0,95521.0
20170616:0900,32.59,27.4,111.0,0.0,111.0,406.25,5.86,54.0,95521.0
20170616:1000,33.54,24.85,671.0,229.35,460.0,415.65,6.34,63.0,95539.0
20170616:1100,34.38,21.9,364.0,4.09,360.0,423.25,5.86,76.0,95521.0
20170616:1200,34.72,21.15,841.0,418.05,430.0,432.65,6.07,84.0,95502.0
20170616:1300,35.07,21.05,805.0,431.55,401.0,431.45,6.14,105.0,95445.0
20170616:1400,33.73,23.7,249.0,0.0,249.0,425.05,6.07,124.0,95389.0
20170616:1500,33.14,25.2,527.0,282.49,329.0,424.85,3.86,112.0,95332.0
20170616:1600,33.5,24.0,301.0,100.26,248.0,422.45,3.1,103.0,95379.0
20170616:1700,33.41,24.45,257.0,382.24,129.0,407.45,3.66,101.0,95370.0
20170616:1800,33.21,24.9,40.0,15.06,38.0,414.65,3.1,100.0,95398.0
20170616:1900,32.51,24.8,0.0,0.0,0.0,404.05,2.41,123.0,95408.0
20170616:2000,31.42,27.9,0.0,0.0,0.0,395.45,1.86,110.0,95455.0
20170616:2100,30.17,34.85,0.0,0.0,0.0,395.25,1.52,107.0,95492.0
20170616:2200,28.92,43.3,0.0,0.0,0.0,391.4,1.24,126.0,95586.0
20170616:2300,28.06,42.8,0.0,0.0,0.0,386.6,1.24,138.0,95558.0
20170617:0000,27.65,40.65,0.0,0.0,0.0,381.2,1.17,152.0,95568.0
20170617:0100,28.31,34.7,0.0,0.0,0.0,384.05,0.55,182.0,95521.0
20170617:0200,27.63,36.4,0.0,0.0,0.0,379.8,0.55,247.0,95502.0
20170617:0300,25.61,44.7,0.0,0.0,0.0,381.4,1.38,224.0,95530.0
20170617:0400,24.28,48.35,0.0,0.0,0.0,383.6,2.55,214.0,95521.0
20170617:0500,24.36,47.2,40.0,88.41,32.0,380.8,3.59,200.0,95521.0
20170617:0600,25.08,46.85,124.0,34.19,114.0,379.2,4.07,187.0,95530.0
20170617:0700,27.96,39.3,240.0,51.11,215.0,389.2,0.62,333.0,95558.0
20170617:0800,30.03,31.65,371.0,79.46,318.0,404.25,1.93,76.0,95568.0
20170617:0900,30.68,28.85,687.0,418.99,346.0,407.65,3.93,77.0,95568.0
20170617:1000,30.97,28.65,809.0,470.75,376.0,411.25,4.0,84.0,95539.0
20170617:1100,32.06,27.0,963.0,694.55,284.0,412.45,3.86,100.0,95511.0
20170617:1200,32.54,26.75,786.0,323.4,468.0,419.05,4.07,108.0,95445.0
20170617:1300,33.36,25.25,952.0,782.69,219.0,416.65,3.59,102.0,95370.0
20170617:1400,33.72,24.0,871.0,854.32,153.0,422.25,3.38,90.0,95323.0
20170617:1500,33.89,22.8,632.0,548.74,247.0,430.45,3.52,82.0,95257.0
20170617:1600,33.69,22.0,490.0,645.91,148.0,422.65,3.59,72.0,95191.0
20170617:1700,33.4,22.05,229.0,250.14,145.0,417.25,3.1,68.0,95163.0
20170617:1800,33.19,22.15,61.0,89.7,49.0,413.65,2.62,78.0,95163.0
20170617:1900,32.99,20.2,0.0,0.0,0.0,394.45,3.38,124.0,95182.0
20170617:2000,31.78,21.8,0.0,0.0,0.0,386.8,2.21,120.0,95219.0
20170617:2100,30.59,25.6,0.0,0.0,0.0,391.25,1.59,129.0,95304.0
20170617:2200,29.23,29.4,0.0,0.0,0.0,372.4,1.52,159.0,95323.0
20170617:2300,28.31,29.9,0.0,0.0,0.0,368.2,1.59,192.0,95313.0
20170618:0000,27.02,31.55,0.0,0.0,0.0,364.4,2.0,219.0,95238.0
20170618:0100,25.92,32.35,0.0,0.0,0.0,361.85,2.62,243.0,95229.0
20170618:0200,25.11,33.15,0.0,0.0,0.0,360.8,3.1,270.0,95182.0
20170618:0300,24.08,35.45,0.0,0.0,0.0,358.2,3.45,293.0,95182.0
20170618:0400,23.3,37.5,0.0,0.0,0.0,355.2,3.79,304.0,95201.0
20170618:0500,23.07,38.55,39.0,77.75,32.0,353.6,3.93,309.0,95191.0
20170618:0600,24.2,36.85,226.0,407.5,107.0,354.2,3.72,311.0,95229.0
20170618:0700,28.08,30.65,443.0,611.89,144.0,360.6,4.0,307.0,95257.0
20170618:0800,31.94,24.6,644.0,708.15,172.0,371.4,4.14,309.0,95257.0
20170618:0900,34.39,19.45,821.0,784.25,183.0,384.0,4.0,312.0,95229.0
20170618:1000,35.48,17.05,953.0,838.4,182.0,395.05,1.79,319.0,95191.0
20170618:1100,36.06,15.9,1029.0,873.6,175.0,406.45,0.41,277.0,95172.0
20170618:1200,36.83,14.85,941.0,628.4,323.0,414.45,0.62,233.0,95097.0
20170618:1300,37.41,14.0,900.0,642.58,298.0,413.05,0.83,224.0,95059.0
20170618:1400,38.0,13.3,0.0,0.0,0.0,412.85,1.1,224.0,94994.0
20170618:1500,38.29,12.9,644.0,583.81,234.0,414.25,1.45,216.0,94975.0
20170618:1600,38.32,12.75,217.0,16.97,208.0,424.45,1.93,209.0,94928.0
20170618:1700,36.71,15.7,272.0,460.34,117.0,424.45,3.31,230.0,94899.0
20170618:1800,36.48,16.35,9.0,0.0,9.0,421.25,4.83,254.0,94956.0
20170618:1900,36.75,13.65,0.0,0.0,0.0,418.65,3.1,278.0,95022.0
20170618:2000,35.63,15.0,0.0,0.0,0.0,415.05,3.93,306.0,95078.0
20170618:2100,34.15,18.0,0.0,0.0,0.0,411.25,4.21,324.0,95154.0
20170618:2200,32.63,21.55,0.0,0.0,0.0,395.65,3.72,331.0,95201.0
20170618:2300,31.07,26.05,0.0,0.0,0.0,379.0,2.9,339.0,95163.0
20170619:0000,29.45,32.1,0.0,0.0,0.0,375.0,2.41,334.0,95163.0
20170619:0100,28.28,33.1,0.0,0.0,0.0,377.05,2.62,319.0,95116.0
20170619:0200,27.05,34.3,0.0,0.0,0.0,375.4,2.76,312.0,95106.0
20170619:0300,26.02,35.25,0.0,0.0,0.0,376.8,2.97,316.0,95097.0
20170619:0400,25.29,35.65,0.0,0.0,0.0,368.8,3.24,328.0,95144.0
20170619:0500,24.54,36.8,42.0,111.72,32.0,365.8,3.31,340.0,95182.0
20170619:0600,25.22,35.15,225.0,408.29,106.0,369.8,3.03,360.0,95238.0
20170619:0700,28.17,28.9,425.0,532.67,165.0,374.8,4.97,20.0,95276.0
20170619:0800,30.12,25.85,644.0,707.16,173.0,376.8,5.17,38.0,95304.0
20170619:0900,31.98,23.2,816.0,769.86,190.0,379.8,5.38,51.0,95313.0
20170619:1000,33.59,21.1,942.0,807.07,200.0,386.6,5.52,62.0,95313.0
20170619:1100,35.02,19.05,1018.0,841.94,195.0,394.85,5.1,71.0,95295.0
20170619:1200,36.22,17.25,1025.0,843.86,195.0,401.25,4.28,77.0,95276.0
20170619:1300,37.08,15.85,968.0,828.03,192.0,413.45,3.1,78.0,95229.0
20170619:1400,37.47,15.2,853.0,793.87,185.0,423.85,2.48,73.0,95172.0
20170619:1500,37.84,14.7,685.0,722.69,177.0,412.85,2.28,67.0,95163.0
20170619:1600,37.91,14.25,478.0,589.38,165.0,413.65,2.41,62.0,95106.0
20170619:1700,37.69,14.05,270.0,441.4,121.0,413.05,2.83,58.0,95116.0
20170619:1800,36.93,14.35,80.0,213.86,51.0,409.25,3.38,64.0,95125.0
20170619:1900,35.77,15.65,0.0,0.0,0.0,412.05,5.38,37.0,95201.0
20170619:2000,34.56,19.55,0.0,0.0,0.0,408.65,6.83,47.0,95295.0
20170619:2100,32.79,25.1,0.0,0.0,0.0,387.2,8.0,57.0,95408.0
20170619:2200,31.34,28.5,0.0,0.0,0.0,382.8,8.07,65.0,95492.0
20170619:2300,30.26,30.3,0.0,0.0,0.0,380.6,7.52,71.0,95455.0
20170620:0000,29.25,32.15,0.0,0.0,0.0,374.2,6.9,77.0,95511.0
20170620:0100,28.21,35.25,0.0,0.0,0.0,369.65,6.62,80.0,95511.0
20170620:0200,27.13,39.75,0.0,0.0,0.0,367.0,6.62,79.0,95521.0
20170620:0300,26.06,44.45,0.0,0.0,0.0,363.2,6.55,78.0,95568.0
20170620:0400,25.08,48.2,0.0,0.0,0.0,360.2,6.34,78.0,95615.0
20170620:0500,24.23,50.95,41.0,112.47,31.0,357.2,6.0,78.0,95671.0
20170620:0600,24.41,50.15,230.0,440.1,102.0,357.8,5.72,80.0,95737.0
20170620:0700,25.81,43.6,442.0,611.26,144.0,361.8,7.31,86.0,95775.0
20170620:0800,27.35,38.0,650.0,734.76,161.0,364.4,7.31,94.0,95812.0
20170620:0900,29.1,32.6,824.0,798.54,175.0,371.4,7.31,99.0,95803.0
20170620:1000,30.84,28.1,957.0,854.08,172.0,380.0,7.31,103.0,95812.0
20170620:1100,32.38,24.6,1034.0,890.1,164.0,385.6,7.17,107.0,95793.0
20170620:1200,33.8,21.8,1025.0,843.77,195.0,392.6,6.83,111.0,95765.0
20170620:1300,34.81,19.9,979.0,859.77,173.0,396.85,6.34,114.0,95680.0
20170620:1400,35.5,18.65,858.0,808.88,177.0,400.65,5.86,115.0,95605.0
20170620:1500,35.88,17.9,694.0,750.49,166.0,402.05,5.45,116.0,95549.0
20170620:1600,35.89,17.7,482.0,599.86,163.0,400.45,5.1,117.0,95511.0
20170620:1700,35.55,17.9,293.0,582.23,96.0,400.25,4.83,115.0,95473.0
20170620:1800,34.93,18.5,89.0,300.53,48.0,398.65,4.07,108.0,95473.0
20170620:1900,33.66,19.9,0.0,0.0,0.0,389.8,4.21,111.0,95483.0
20170620:2000,32.62,21.35,0.0,0.0,0.0,388.8,4.28,100.0,95558.0
20170620:2100,31.49,23.25,0.0,0.0,0.0,382.2,4.48,97.0,95633.0
20170620:2200,30.5,25.3,0.0,0.0,0.0,384.2,4.34,90.0,95709.0
20170620:2300,29.5,27.6,0.0,0.0,0.0,385.4,3.93,87.0,95765.0
20170621:0000,28.69,29.45,0.0,0.0,0.0,393.05,3.79,86.0,95718.0
20170621:0100,27.6,31.6,0.0,0.0,0.0,376.85,3.52,78.0,95671.0
20170621:0200,26.74,33.2,0.0,0.0,0.0,378.0,3.17,86.0,95624.0
20170621:0300,26.0,34.45,0.0,0.0,0.0,375.8,3.24,116.0,95605.0
20170621:0400,25.25,35.65,0.0,0.0,0.0,373.0,2.97,132.0,95596.0
20170621:0500,24.36,37.15,49.0,203.96,31.0,367.2,2.21,130.0,95624.0
20170621:0600,24.56,36.25,217.0,368.75,110.0,360.0,1.86,121.0,95643.0
20170621:0700,27.58,30.85,441.0,610.01,144.0,363.4,1.79,137.0,95671.0
20170621:0800,29.69,24.75,649.0,733.87,161.0,370.0,2.69,140.0,95662.0
20170621:0900,31.59,20.75,823.0,798.97,174.0,381.2,3.24,142.0,95662.0
20170621:1000,33.34,18.75,895.0,678.03,272.0,401.85,3.66,145.0,95680.0
20170621:1100,34.65,17.85,973.0,721.36,268.0,405.25,3.72,151.0,95680.0
20170621:1200,35.64,17.15,1019.0,827.44,205.0,406.65,3.59,159.0,95605.0
20170621:1300,36.29,16.7,969.0,828.6,192.0,411.65,2.83,168.0,95511.0
20170621:1400,36.87,16.15,516.0,113.97,420.0,414.45,2.48,172.0,95436.0
20170621:1500,37.31,15.7,354.0,46.87,321.0,419.25,2.41,180.0,95361.0
20170621:1600,37.42,15.55,456.0,492.04,194.0,418.85,2.48,185.0,95295.0
20170621:1700,37.52,15.3,149.0,38.34,136.0,414.05,2.69,189.0,95248.0
20170621:1800,35.75,18.8,60.0,72.9,50.0,437.45,4.55,8.0,95313.0
20170621:1900,35.53,17.7,0.0,0.0,0.0,424.05,4.83,336.0,95370.0
20170621:2000,34.06,21.95,0.0,0.0,0.0,417.25,4.62,351.0,95445.0
20170621:2100,33.14,24.15,0.0,0.0,0.0,410.05,3.59,341.0,95539.0
20170621:2200,32.37,25.3,0.0,0.0,0.0,406.85,3.93,319.0,95615.0
20170621:2300,31.47,26.35,0.0,0.0,0.0,403.45,5.59,307.0,95624.0
20170622:0000,30.8,27.65,0.0,0.0,0.0,405.25,5.1,289.0,95521.0
20170622:0100,30.35,28.15,0.0,0.0,0.0,404.85,4.34,270.0,95436.0
20170622:0200,29.57,29.15,0.0,0.0,0.0,388.2,3.93,265.0,95408.0
20170622:0300,28.57,30.65,0.0,0.0,0.0,378.4,3.1,255.0,95361.0
20170622:0400,27.25,33.4,0.0,0.0,0.0,370.4,2.48,248.0,95426.0
20170622:0500,26.03,36.25,43.0,137.1,31.0,365.6,2.34,260.0,95464.0
20170622:0600,26.21,35.85,227.0,428.4,103.0,362.8,2.21,276.0,95511.0
20170622:0700,28.68,32.2,440.0,608.81,144.0,363.4,2.28,268.0,95539.0
20170622:0800,30.94,26.85,638.0,693.88,177.0,372.2,2.28,280.0,95539.0
20170622:0900,32.86,22.9,823.0,798.19,175.0,383.4,2.07,304.0,95539.0
20170622:1000,34.46,20.0,951.0,838.29,181.0,392.8,2.0,336.0,95521.0
20170622:1100,35.88,17.7,1028.0,873.93,174.0,400.85,2.28,356.0,95464.0
20170622:1200,37.03,15.75,1030.0,858.89,185.0,407.05,2.76,357.0,95408.0
20170622:1300,37.77,14.45,959.0,797.47,211.0,413.45,3.17,354.0,95332.0
20170622:1400,38.59,13.05,841.0,751.11,208.0,422.45,3.86,351.0,95276.0
20170622:1500,38.96,11.85,605.0,462.63,279.0,430.45,5.17,348.0,95201.0
20170622:1600,38.54,11.55,365.0,215.71,250.0,414.25,6.28,1.0,95163.0
20170622:1700,37.29,13.45,271.0,435.56,123.0,422.05,6.14,28.0,95172.0
20170622:1800,36.28,14.4,82.0,224.84,51.0,399.65,5.31,55.0,95182.0
20170622:1900,35.48,14.95,0.0,0.0,0.0,386.4,5.24,53.0,95201.0
20170622:2000,33.65,18.4,0.0,0.0,0.0,379.6,6.48,66.0,95304.0
20170622:2100,32.17,21.35,0.0,0.0,0.0,373.6,6.28,66.0,95445.0
20170622:2200,30.99,23.2,0.0,0.0,0.0,369.4,5.38,59.0,95530.0
20170622:2300,29.89,25.1,0.0,0.0,0.0,365.2,5.03,51.0,95539.0
20170623:0000,28.8,27.3,0.0,0.0,0.0,361.2,5.1,48.0,95558.0
20170623:0100,27.65,30.1,0.0,0.0,0.0,356.65,4.9,45.0,95521.0
20170623:0200,26.58,33.3,0.0,0.0,0.0,352.2,4.69,41.0,95530.0
20170623:0300,25.64,36.4,0.0,0.0,0.0,348.4,4.62,36.0,95521.0
20170623:0400,24.84,39.1,0.0,0.0,0.0,345.2,4.69,32.0,95577.0
20170623:0500,24.17,41.4,43.0,138.34,31.0,342.4,4.9,29.0,95615.0
20170623:0600,24.74,40.6,226.0,429.56,102.0,342.0,5.17,29.0,95680.0
20170623:0700,26.95,35.2,444.0,632.37,137.0,345.6,6.41,41.0,95775.0
20170623:0800,28.61,31.65,644.0,720.15,166.0,354.0,7.1,48.0,95775.0
20170623:0900,30.36,27.85,818.0,782.64,183.0,362.6,7.38,52.0,95784.0
20170623:1000,32.06,24.4,956.0,852.74,173.0,372.0,7.86,56.0,95746.0
20170623:1100,33.57,21.65,1033.0,889.4,164.0,380.0,8.28,61.0,95746.0
20170623:1200,34.67,19.75,1025.0,843.6,195.0,387.0,8.48,65.0,95709.0
20170623:1300,35.4,18.55,980.0,860.16,173.0,391.85,8.34,70.0,95643.0
20170623:1400,35.82,17.85,860.0,810.07,177.0,394.65,8.0,73.0,95624.0
20170623:1500,35.88,17.65,692.0,737.41,172.0,395.45,7.52,74.0,95577.0
20170623:1600,35.66,17.75,503.0,685.77,137.0,394.25,6.97,73.0,95539.0
20170623:1700,35.15,18.3,281.0,490.56,114.0,391.25,6.55,70.0,95539.0
20170623:1800,34.42,19.25,79.0,187.72,53.0,387.6,6.21,68.0,95577.0
20170623:1900,33.13,21.7,0.0,0.0,0.0,383.2,5.24,68.0,95605.0
20170623:2000,32.07,23.45,0.0,0.0,0.0,378.2,4.9,74.0,95680.0
20170623:2100,31.03,25.25,0.0,0.0,0.0,374.2,4.62,83.0,95775.0
20170623:2200,29.93,27.2,0.0,0.0,0.0,370.2,4.21,88.0,95775.0
20170623:2300,28.88,29.2,0.0,0.0,0.0,366.6,3.79,88.0,95803.0
20170624:0000,27.84,31.2,0.0,0.0,0.0,363.6,3.52,86.0,95746.0
20170624:0100,26.84,33.3,0.0,0.0,0.0,360.05,3.17,82.0,95718.0
20170624:0200,25.82,35.6,0.0,0.0,0.0,356.6,2.9,76.0,95699.0
20170624:0300,24.79,37.95,0.0,0.0,0.0,353.6,2.76,69.0,95699.0
20170624:0400,23.86,40.25,0.0,0.0,0.0,351.0,2.76,66.0,95728.0
20170624:0500,22.98,42.55,45.0,174.63,30.0,348.8,2.69,64.0,95765.0
20170624:0600,23.32,41.7,231.0,469.02,96.0,349.4,2.28,64.0,95812.0
20170624:0700,26.69,32.25,443.0,631.31,137.0,351.8,2.83,82.0,95850.0
20170624:0800,28.93,27.5,643.0,719.36,166.0,360.2,3.38,97.0,95850.0
20170624:0900,30.84,24.2,813.0,768.34,190.0,369.0,4.0,103.0,95840.0
20170624:1000,32.4,21.6,940.0,806.21,200.0,378.0,4.48,101.0,95822.0
20170624:1100,33.66,18.9,1011.0,826.08,204.0,385.2,4.69,98.0,95812.0
20170624:1200,34.59,17.85,1030.0,858.83,185.0,390.6,4.69,97.0,95756.0
20170624:1300,35.25,17.3,975.0,843.99,183.0,394.45,4.62,95.0,95680.0
20170624:1400,35.76,16.6,851.0,780.09,193.0,395.85,4.76,93.0,95615.0
20170624:1500,35.97,16.2,685.0,709.99,184.0,396.05,4.9,92.0,95568.0
20170624:1600,35.88,16.1,493.0,638.27,152.0,393.6,4.97,93.0,95511.0
20170624:1700,35.45,16.5,284.0,510.25,110.0,389.2,4.97,94.0,95492.0
20170624:1800,34.77,17.35,87.0,266.05,50.0,384.2,4.9,97.0,95492.0
20170624:1900,33.61,19.35,0.0,0.0,0.0,379.4,4.48,107.0,95521.0
20170624:2000,32.52,20.85,0.0,0.0,0.0,375.0,4.28,116.0,95577.0
20170624:2100,31.41,22.35,0.0,0.0,0.0,371.2,4.14,126.0,95633.0
20170624:2200,30.3,23.85,0.0,0.0,0.0,367.6,4.07,133.0,95633.0
20170624:2300,29.25,25.35,0.0,0.0,0.0,364.0,3.86,140.0,95596.0
20170625:0000,28.24,26.75,0.0,0.0,0.0,360.6,3.52,144.0,95605.0
20170625:0100,27.19,28.15,0.0,0.0,0.0,357.45,3.03,150.0,95549.0
20170625:0200,25.94,30.05,0.0,0.0,0.0,354.8,2.34,160.0,95530.0
20170625:0300,25.59,30.4,0.0,0.0,0.0,352.6,1.59,176.0,95530.0
20170625:0400,26.86,27.1,0.0,0.0,0.0,351.2,0.9,205.0,95549.0
20170625:0500,26.69,26.95,43.0,152.97,30.0,349.8,0.48,242.0,95586.0
20170625:0600,26.75,26.5,233.0,487.88,93.0,350.6,0.14,254.0,95596.0
20170625:0700,28.69,23.1,442.0,630.3,137.0,357.0,0.41,111.0,95643.0
20170625:0800,30.68,18.5,639.0,705.01,172.0,364.2,1.93,125.0,95671.0
20170625:0900,32.46,15.8,812.0,767.62,190.0,372.2,2.9,132.0,95652.0
20170625:1000,33.9,15.05,934.0,791.28,208.0,379.0,3.38,132.0,95643.0
20170625:1100,35.06,14.6,1005.0,809.85,214.0,385.0,3.93,129.0,95633.0
20170625:1200,35.91,13.95,1019.0,827.32,205.0,389.8,4.21,128.0,95605.0
20170625:1300,36.49,13.4,954.0,783.1,219.0,392.85,4.07,128.0,95530.0
20170625:1400,36.82,13.15,851.0,779.8,193.0,394.05,3.72,126.0,95464.0
20170625:1500,36.94,12.85,693.0,737.88,172.0,393.85,3.31,123.0,95398.0
20170625:1600,36.88,12.65,493.0,637.67,152.0,390.8,3.17,122.0,95342.0
20170625:1700,36.59,12.7,283.0,500.68,112.0,386.8,3.24,124.0,95304.0
20170625:1800,36.09,12.95,89.0,279.43,50.0,381.4,3.52,129.0,95304.0
20170625:1900,35.11,14.75,0.0,0.0,0.0,381.2,3.79,149.0,95304.0
20170625:2000,33.82,15.8,0.0,0.0,0.0,377.2,4.41,151.0,95361.0
20170625:2100,32.59,16.95,0.0,0.0,0.0,373.0,4.69,156.0,95398.0
20170625:2200,31.49,18.15,0.0,0.0,0.0,368.6,4.55,164.0,95417.0
20170625:2300,30.4,19.35,0.0,0.0,0.0,364.4,4.28,174.0,95445.0
20170626:0000,29.37,20.4,0.0,0.0,0.0,360.2,4.0,183.0,95455.0
20170626:0100,28.37,21.3,0.0,0.0,0.0,357.45,3.72,191.0,95379.0
20170626:0200,27.38,22.15,0.0,0.0,0.0,354.2,3.38,200.0,95370.0
20170626:0300,26.41,23.0,0.0,0.0,0.0,351.0,3.17,211.0,95389.0
20170626:0400,25.5,23.8,0.0,0.0,0.0,349.4,3.1,221.0,95389.0
20170626:0500,24.76,24.35,43.0,154.73,30.0,346.8,3.17,229.0,95445.0
20170626:0600,25.17,23.35,231.0,478.98,94.0,347.4,2.9,233.0,95483.0
20170626:0700,28.78,18.85,441.0,631.4,136.0,354.6,2.62,214.0,95492.0
20170626:0800,32.55,14.4,642.0,717.87,167.0,362.4,3.52,201.0,95530.0
20170626:0900,34.66,12.5,807.0,753.34,197.0,371.8,4.34,197.0,95502.0
20170626:1000,36.13,11.95,934.0,790.52,209.0,380.6,4.07,195.0,95511.0
20170626:1100,37.2,11.75,1005.0,810.02,214.0,388.6,3.72,187.0,95473.0
20170626:1200,38.02,11.4,1002.0,781.59,233.0,394.45,3.45,178.0,95426.0
20170626:1300,38.56,11.0,949.0,768.06,228.0,398.45,3.24,170.0,95370.0
20170626:1400,38.93,10.6,842.0,751.09,208.0,399.85,3.17,167.0,95285.0
20170626:1500,39.09,10.35,686.0,710.57,184.0,399.25,3.03,167.0,95248.0
20170626:1600,39.01,10.25,486.0,603.49,163.0,397.05,3.17,167.0,95182.0
20170626:1700,38.77,10.25,281.0,482.45,116.0,392.65,3.59,168.0,95172.0
20170626:1800,38.19,10.4,87.0,250.01,52.0,387.4,4.41,167.0,95201.0
20170626:1900,36.87,11.45,0.0,0.0,0.0,384.2,4.28,167.0,95201.0
20170626:2000,35.33,12.3,0.0,0.0,0.0,379.4,4.76,169.0,95266.0
20170626:2100,33.97,13.15,0.0,0.0,0.0,374.6,4.76,176.0,95332.0
20170626:2200,32.78,14.0,0.0,0.0,0.0,371.0,4.69,185.0,95332.0
20170626:2300,31.7,14.75,0.0,0.0,0.0,368.2,4.55,193.0,95361.0
20170627:0000,30.72,15.4,0.0,0.0,0.0,365.0,4.48,200.0,95332.0
20170627:0100,29.82,16.0,0.0,0.0,0.0,362.85,4.34,208.0,95332.0
20170627:0200,28.96,16.65,0.0,0.0,0.0,360.6,4.0,217.0,95295.0
20170627:0300,28.1,17.35,0.0,0.0,0.0,359.2,3.72,226.0,95313.0
20170627:0400,27.3,18.05,0.0,0.0,0.0,357.4,3.66,234.0,95332.0
20170627:0500,26.53,18.85,40.0,132.55,29.0,355.8,3.52,248.0,95351.0
20170627:0600,26.8,18.55,229.0,466.6,96.0,354.8,3.17,268.0,95408.0
20170627:0700,30.5,16.45,440.0,630.49,136.0,368.6,2.97,239.0,95455.0
20170627:0800,33.92,13.3,641.0,718.69,166.0,371.8,3.72,227.0,95445.0
20170627:0900,35.86,11.45,815.0,782.31,182.0,379.8,4.9,212.0,95464.0
20170627:1000,37.27,10.15,943.0,821.42,190.0,387.0,5.03,203.0,95445.0
20170627:1100,38.41,9.35,1016.0,840.93,195.0,392.65,5.03,192.0,95398.0
20170627:1200,39.27,9.0,1019.0,827.36,205.0,397.05,5.03,181.0,95379.0
20170627:1300,39.84,8.85,965.0,812.69,202.0,399.85,5.03,174.0,95313.0
20170627:1400,40.15,8.95,852.0,780.47,193.0,400.85,5.03,168.0,95257.0
20170627:1500,40.23,9.2,690.0,724.36,178.0,400.25,5.1,163.0,95182.0
20170627:1600,40.0,9.45,486.0,603.03,163.0,397.65,5.31,160.0,95116.0
20170627:1700,39.52,9.6,281.0,484.8,115.0,392.85,5.45,159.0,95069.0
20170627:1800,38.71,9.8,92.0,306.36,49.0,387.0,5.17,160.0,95050.0
20170627:1900,37.19,10.6,0.0,0.0,0.0,380.8,4.28,162.0,95097.0
20170627:2000,35.61,11.45,0.0,0.0,0.0,376.4,3.79,163.0,95125.0
20170627:2100,34.25,12.2,0.0,0.0,0.0,373.4,3.66,167.0,95219.0
20170627:2200,33.0,12.8,0.0,0.0,0.0,373.4,3.66,174.0,95229.0
20170627:2300,31.81,13.25,0.0,0.0,0.0,367.0,3.66,181.0,95182.0
20170628:0000,30.63,13.65,0.0,0.0,0.0,360.4,3.52,191.0,95144.0
20170628:0100,29.57,14.0,0.0,0.0,0.0,361.65,3.24,204.0,95078.0
20170628:0200,28.48,14.4,0.0,0.0,0.0,355.8,3.1,217.0,95050.0
20170628:0300,27.55,14.7,0.0,0.0,0.0,353.6,3.17,226.0,95050.0
20170628:0400,26.7,14.95,0.0,0.0,0.0,349.4,3.24,240.0,95041.0
20170628:0500,25.87,15.2,25.0,24.42,23.0,345.6,3.31,253.0,95069.0
20170628:0600,26.14,14.75,229.0,475.32,94.0,347.2,2.97,250.0,95078.0
20170628:0700,31.19,11.7,437.0,617.15,140.0,351.4,1.31,217.0,95106.0
20170628:0800,34.3,9.4,636.0,704.39,171.0,358.0,2.69,169.0,95116.0
20170628:0900,36.44,9.2,801.0,738.38,204.0,366.0,4.55,166.0,95097.0
20170628:1000,38.0,8.4,922.0,760.68,225.0,374.0,5.24,171.0,95116.0
20170628:1100,39.17,7.15,999.0,794.01,224.0,381.0,5.03,176.0,95031.0
20170628:1200,40.02,6.35,1008.0,796.91,224.0,385.0,4.48,181.0,95003.0
20170628:1300,40.59,5.95,954.0,782.78,219.0,387.8,3.86,184.0,94928.0
20170628:1400,40.99,5.65,847.0,766.05,200.0,388.8,3.52,186.0,94852.0
20170628:1500,41.19,5.45,683.0,698.58,189.0,388.6,3.31,187.0,94787.0
20170628:1600,41.19,5.4,484.0,591.44,167.0,387.6,3.24,191.0,94730.0
20170628:1700,40.96,5.45,279.0,466.8,119.0,385.6,3.17,195.0,94702.0
20170628:1800,40.44,5.65,86.0,241.74,52.0,381.6,3.17,194.0,94683.0
20170628:1900,38.8,7.3,0.0,0.0,0.0,381.0,2.83,188.0,94692.0
20170628:2000,36.96,8.0,0.0,0.0,0.0,376.0,3.1,192.0,94730.0
20170628:2100,35.24,8.75,0.0,0.0,0.0,372.2,3.24,205.0,94805.0
20170628:2200,33.65,9.7,0.0,0.0,0.0,368.4,3.31,220.0,94805.0
20170628:2300,32.22,10.7,0.0,0.0,0.0,365.8,3.38,230.0,94824.0
20170629:0000,30.97,11.7,0.0,0.0,0.0,364.2,3.45,236.0,94777.0
20170629:0100,29.86,12.55,0.0,0.0,0.0,362.85,3.31,252.0,94749.0
20170629:0200,28.44,15.1,0.0,0.0,0.0,359.4,3.45,315.0,94787.0
20170629:0300,27.67,19.6,0.0,0.0,0.0,355.0,5.17,346.0,94862.0
20170629:0400,26.63,24.1,0.0,0.0,0.0,350.8,5.86,2.0,94956.0
20170629:0500,25.82,26.3,35.0,99.06,27.0,347.6,5.79,7.0,95003.0
20170629:0600,26.28,25.2,213.0,378.17,106.0,342.8,5.72,13.0,95041.0
20170629:0700,28.33,20.0,424.0,560.09,155.0,346.6,5.79,18.0,95069.0
20170629:0800,30.67,16.65,625.0,664.31,187.0,353.0,5.79,30.0,95059.0
20170629:0900,32.84,14.3,804.0,752.58,196.0,361.4,5.45,53.0,95059.0
20170629:1000,34.71,12.5,937.0,805.82,199.0,370.0,5.59,81.0,95059.0
20170629:1100,36.46,10.8,1009.0,824.96,204.0,377.4,5.86,102.0,94994.0
20170629:1200,38.07,9.25,1008.0,796.98,224.0,383.8,5.66,117.0,94946.0
20170629:1300,39.48,8.05,965.0,812.54,202.0,389.6,5.59,129.0,94871.0
20170629:1400,40.59,7.15,843.0,751.66,208.0,393.25,5.66,140.0,94787.0
20170629:1500,41.25,6.65,683.0,698.31,189.0,395.45,5.72,149.0,94711.0
20170629:1600,41.47,6.45,473.0,548.21,179.0,395.25,5.86,158.0,94645.0
20170629:1700,41.23,6.45,246.0,300.25,143.0,393.6,5.86,163.0,94598.0
20170629:1800,40.5,6.55,84.0,212.97,54.0,390.4,5.52,161.0,94580.0
20170629:1900,39.09,7.0,0.0,0.0,0.0,398.65,4.97,154.0,94598.0
20170629:2000,37.34,7.7,0.0,0.0,0.0,386.8,4.76,154.0,94636.0
20170629:2100,35.99,8.35,0.0,0.0,0.0,383.0,4.55,159.0,94692.0
20170629:2200,35.02,8.85,0.0,0.0,0.0,392.2,4.41,164.0,94655.0
20170629:2300,34.0,9.4,0.0,0.0,0.0,385.0,4.41,168.0,94664.0
20170630:0000,32.91,10.0,0.0,0.0,0.0,372.6,4.48,173.0,94645.0
20170630:0100,31.94,10.35,0.0,0.0,0.0,367.25,4.62,178.0,94589.0
20170630:0200,31.07,10.55,0.0,0.0,0.0,364.2,4.55,184.0,94570.0
20170630:0300,30.31,10.7,0.0,0.0,0.0,362.0,4.55,189.0,94551.0
20170630:0400,29.72,10.9,0.0,0.0,0.0,360.0,4.76,188.0,94542.0
20170630:0500,28.82,11.45,33.0,75.41,27.0,357.6,3.93,203.0,94570.0
20170630:0600,28.12,12.75,197.0,290.96,115.0,353.8,2.97,291.0,94617.0
20170630:0700,30.18,15.7,397.0,448.58,182.0,355.6,4.55,334.0,94702.0
20170630:0800,32.15,18.3,610.0,613.52,206.0,360.0,6.0,354.0,94711.0
20170630:0900,34.05,16.75,795.0,723.46,211.0,367.4,7.24,3.0,94711.0
20170630:1000,35.38,15.4,921.0,760.35,225.0,374.4,8.0,10.0,94711.0
20170630:1100,36.55,13.7,1020.0,855.94,185.0,381.0,7.86,20.0,94711.0
20170630:1200,37.55,12.4,996.0,766.56,242.0,388.2,7.45,26.0,94692.0
20170630:1300,38.27,11.6,886.0,603.78,319.0,397.65,6.9,32.0,94664.0
20170630:1400,38.7,11.1,838.0,737.31,215.0,397.25,6.28,37.0,94664.0
20170630:1500,38.81,10.8,672.0,658.51,206.0,401.85,5.93,40.0,94645.0
20170630:1600,36.68,7.43,457.0,484.58,197.0,387.07,7.44,46.0,94636.0
20170630:1700,35.98,9.05,256.0,343.75,138.0,384.27,7.38,47.0,94617.0
20170630:1800,35.28,10.68,78.0,170.2,54.0,381.48,7.31,43.0,94674.0
20170630:1900,34.59,12.3,0.0,0.0,0.0,378.68,7.24,19.0,94768.0
20170630:2000,33.89,13.92,0.0,0.0,0.0,375.89,7.17,13.0,94890.0
20170630:2100,33.19,15.54,0.0,0.0,0.0,373.09,7.1,6.0,95012.0
20170630:2200,32.5,17.16,0.0,0.0,0.0,370.3,7.04,0.0,95097.0
20170630:2300,31.8,18.79,0.0,0.0,0.0,367.51,6.97,356.0,95154.0
20160701:0000,31.1,20.41,0.0,0.0,0.0,364.71,6.9,12.0,95069.0
20160701:0100,30.41,22.03,0.0,0.0,0.0,361.92,6.83,18.0,95041.0
20160701:0200,29.71,23.65,0.0,0.0,0.0,359.12,6.77,17.0,95078.0
20160701:0300,29.02,25.27,0.0,0.0,0.0,356.33,6.7,13.0,95078.0
20160701:0400,28.32,26.9,0.0,0.0,0.0,353.54,6.63,8.0,95135.0
20160701:0500,27.62,28.52,39.0,168.8,26.0,350.74,6.56,6.0,95182.0
20160701:0600,26.93,30.14,217.0,418.66,100.0,347.95,6.49,8.0,95219.0
20160701:0700,26.23,31.76,434.0,620.3,138.0,345.15,6.43,22.0,95248.0
20160701:0800,32.0,25.55,636.0,714.14,167.0,366.2,7.24,31.0,95257.0
20160701:0900,34.22,21.6,808.0,766.89,190.0,375.6,7.45,38.0,95257.0
20160701:1000,36.28,17.95,943.0,822.42,191.0,385.6,7.1,43.0,95201.0
20160701:1100,38.02,15.0,1006.0,812.37,214.0,394.25,6.62,45.0,95182.0
20160701:1200,39.21,13.2,1016.0,815.58,214.0,400.45,6.07,45.0,95135.0
20160701:1300,40.07,11.5,968.0,815.67,202.0,405.05,5.52,41.0,95088.0
20160701:1400,40.55,10.2,859.0,796.27,186.0,406.05,4.97,35.0,95012.0
20160701:1500,40.75,9.6,696.0,738.7,173.0,405.45,4.76,31.0,94994.0
20160701:1600,40.62,9.4,501.0,659.34,147.0,402.65,4.55,29.0,94946.0
20160701:1700,40.26,9.5,285.0,494.86,115.0,399.05,4.34,29.0,94937.0
20160701:1800,39.66,9.8,88.0,255.16,52.0,394.85,4.28,32.0,94965.0
20160701:1900,38.22,10.25,0.0,0.0,0.0,389.2,3.52,14.0,94984.0
20160701:2000,36.68,11.05,0.0,0.0,0.0,383.2,3.24,21.0,95069.0
20160701:2100,35.15,12.1,0.0,0.0,0.0,378.6,3.1,29.0,95135.0
20160701:2200,33.61,13.5,0.0,0.0,0.0,373.6,2.97,34.0,95154.0
20160701:2300,32.12,15.2,0.0,0.0,0.0,370.2,3.17,27.0,95163.0
20160702:0000,30.77,16.7,0.0,0.0,0.0,367.0,3.86,10.0,95144.0
20160702:0100,29.64,17.65,0.0,0.0,0.0,363.45,4.41,4.0,95135.0
20160702:0200,28.86,18.25,0.0,0.0,0.0,360.4,4.69,7.0,95135.0
20160702:0300,28.26,19.65,0.0,0.0,0.0,358.2,5.03,11.0,95154.0
20160702:0400,27.57,23.25,0.0,0.0,0.0,355.6,5.03,11.0,95182.0
20160702:0500,26.8,28.05,38.0,158.6,26.0,353.2,4.9,12.0,95238.0
20160702:0600,27.17,30.3,213.0,402.56,101.0,352.6,4.55,21.0,95295.0
20160702:0700,29.64,27.45,433.0,619.62,138.0,360.6,4.97,29.0,95342.0
20160702:0800,31.95,25.2,638.0,725.82,162.0,369.0,5.24,40.0,95379.0
20160702:0900,33.94,22.55,807.0,766.34,190.0,379.0,4.69,50.0,95351.0
20160702:1000,35.84,19.6,932.0,792.25,208.0,389.2,4.07,59.0,95361.0
20160702:1100,37.39,16.8,1016.0,843.44,194.0,399.05,3.38,62.0,95332.0
20160702:1200,38.59,14.3,1027.0,846.23,195.0,406.85,2.76,57.0,95304.0
20160702:1300,39.5,12.5,973.0,831.67,192.0,411.85,2.62,49.0,95229.0
20160702:1400,40.09,11.55,855.0,782.02,194.0,413.65,2.48,46.0,95191.0
20160702:1500,40.4,11.05,689.0,711.76,185.0,413.45,2.14,39.0,95172.0
20160702:1600,40.48,10.75,485.0,588.46,169.0,411.65,1.72,34.0,95116.0
20160702:1700,40.36,10.55,251.0,317.26,142.0,408.25,1.38,34.0,95125.0
20160702:1800,40.06,10.5,78.0,163.11,55.0,402.65,1.17,49.0,95135.0
20160702:1900,39.24,12.3,0.0,0.0,0.0,401.85,1.38,105.0,95172.0
20160702:2000,38.22,12.5,0.0,0.0,0.0,403.05,1.24,101.0,95238.0
20160702:2100,36.61,14.1,0.0,0.0,0.0,405.65,2.0,117.0,95342.0
20160702:2200,34.7,16.85,0.0,0.0,0.0,389.4,2.07,142.0,95417.0
20160702:2300,33.12,19.9,0.0,0.0,0.0,382.0,1.52,161.0,95361.0
20160703:0000,32.94,19.65,0.0,0.0,0.0,377.4,0.83,55.0,95304.0
20160703:0100,30.29,22.4,0.0,0.0,0.0,373.65,3.17,46.0,95238.0
20160703:0200,29.35,24.4,0.0,0.0,0.0,370.8,4.21,52.0,95285.0
20160703:0300,28.37,27.7,0.0,0.0,0.0,368.6,3.52,61.0,95332.0
20160703:0400,27.1,31.8,0.0,0.0,0.0,366.0,1.72,68.0,95370.0
20160703:0500,27.27,31.75,37.0,161.59,25.0,364.2,1.31,46.0,95417.0
20160703:0600,26.33,33.9,212.0,400.82,101.0,365.0,2.69,45.0,95492.0
20160703:0700,29.3,28.05,424.0,585.3,146.0,365.6,3.66,41.0,95615.0
20160703:0800,31.1,26.45,627.0,687.16,177.0,373.2,3.86,68.0,95662.0
20160703:0900,32.87,24.45,806.0,765.81,190.0,383.0,4.07,92.0,95680.0
20160703:1000,34.59,22.4,957.0,869.37,163.0,392.4,4.48,109.0,95690.0
20160703:1100,36.1,20.55,1032.0,890.96,164.0,401.05,4.76,120.0,95624.0
20160703:1200,37.36,18.9,1037.0,877.92,174.0,407.45,4.83,126.0,95586.0
20160703:1300,38.28,17.55,988.0,878.58,163.0,412.45,4.76,128.0,95511.0
20160703:1400,38.93,16.4,859.0,796.19,186.0,416.25,4.69,130.0,95408.0
20160703:1500,39.19,15.7,700.0,752.65,167.0,420.65,4.69,133.0,95361.0
20160703:1600,39.24,15.35,490.0,612.63,161.0,421.25,4.69,137.0,95332.0
20160703:1700,38.86,15.45,266.0,392.97,131.0,415.45,4.97,137.0,95313.0
20160703:1800,38.17,15.9,80.0,184.58,54.0,405.45,5.45,129.0,95313.0
20160703:1900,37.37,15.75,0.0,0.0,0.0,406.45,5.66,130.0,95313.0
20160703:2000,35.95,17.5,0.0,0.0,0.0,399.05,5.52,117.0,95455.0
20160703:2100,34.63,18.85,0.0,0.0,0.0,396.05,5.79,115.0,95549.0
20160703:2200,33.46,19.9,0.0,0.0,0.0,392.8,5.86,116.0,95605.0
20160703:2300,32.27,20.95,0.0,0.0,0.0,384.8,5.45,111.0,95624.0
20160704:0000,31.13,21.9,0.0,0.0,0.0,380.4,4.69,100.0,95615.0
20160704:0100,30.3,22.35,0.0,0.0,0.0,388.25,4.34,100.0,95605.0
20160704:0200,29.32,23.05,0.0,0.0,0.0,376.8,4.28,107.0,95605.0
20160704:0300,28.46,23.85,0.0,0.0,0.0,371.6,4.0,119.0,95615.0
20160704:0400,27.71,24.6,0.0,0.0,0.0,369.0,4.28,132.0,95624.0
20160704:0500,27.0,25.8,31.0,96.14,24.0,363.6,4.28,147.0,95633.0
20160704:0600,27.27,25.95,176.0,206.81,119.0,360.6,3.93,167.0,95652.0
20160704:0700,29.67,24.15,156.0,4.22,154.0,365.6,4.76,155.0,95662.0
20160704:0800,31.93,21.75,329.0,50.47,296.0,371.2,6.21,169.0,95662.0
20160704:0900,34.04,18.25,352.0,18.67,337.0,378.4,7.1,178.0,95652.0
20160704:1000,35.84,15.1,359.0,7.67,352.0,386.2,7.24,179.0,95680.0
20160704:1100,37.31,13.45,944.0,655.13,306.0,393.25,6.69,174.0,95662.0
20160704:1200,38.43,12.55,1004.0,784.5,233.0,399.65,6.21,166.0,95596.0
20160704:1300,39.21,12.0,930.0,713.58,260.0,407.05,5.93,162.0,95511.0
20160704:1400,39.88,11.4,456.0,61.52,404.0,410.25,5.93,162.0,95436.0
20160704:1500,40.23,11.0,689.0,711.69,185.0,407.85,6.21,159.0,95361.0
20160704:1600,40.19,10.8,488.0,599.61,166.0,404.45,5.93,157.0,95313.0
20160704:1700,39.7,11.0,271.0,416.38,128.0,410.85,4.21,161.0,95285.0
20160704:1800,38.92,11.4,92.0,298.64,50.0,416.85,2.41,140.0,95313.0
20160704:1900,37.74,12.1,0.0,0.0,0.0,402.65,2.83,140.0,95351.0
20160704:2000,36.32,13.2,0.0,0.0,0.0,402.05,3.86,151.0,95426.0
20160704:2100,34.83,14.4,0.0,0.0,0.0,384.4,4.07,166.0,95511.0
20160704:2200,33.56,15.6,0.0,0.0,0.0,380.8,3.79,178.0,95492.0
20160704:2300,32.36,16.8,0.0,0.0,0.0,377.0,3.59,187.0,95473.0
20160705:0000,31.25,18.0,0.0,0.0,0.0,373.4,3.45,188.0,95492.0
20160705:0100,30.22,19.25,0.0,0.0,0.0,372.05,3.31,184.0,95436.0
20160705:0200,29.5,20.2,0.0,0.0,0.0,375.6,3.72,178.0,95398.0
20160705:0300,28.88,21.1,0.0,0.0,0.0,365.6,4.55,176.0,95361.0
20160705:0400,28.5,21.8,0.0,0.0,0.0,364.8,4.97,178.0,95342.0
20160705:0500,28.08,22.55,33.0,126.2,24.0,361.6,5.03,183.0,95361.0
20160705:0600,28.73,21.85,191.0,288.06,112.0,360.6,4.97,186.0,95398.0
20160705:0700,31.09,19.85,405.0,509.92,164.0,367.4,3.79,190.0,95445.0
20160705:0800,33.9,16.85,611.0,635.62,196.0,374.4,4.62,198.0,95502.0
20160705:0900,36.22,14.6,795.0,737.39,203.0,384.4,5.24,205.0,95521.0
20160705:1000,38.02,12.95,935.0,806.87,199.0,393.45,5.38,204.0,95473.0
20160705:1100,39.3,11.85,1015.0,843.38,194.0,402.25,5.38,193.0,95464.0
20160705:1200,40.29,10.9,1026.0,845.76,195.0,407.85,5.86,187.0,95436.0
20160705:1300,41.06,10.2,973.0,830.84,193.0,410.45,6.21,190.0,95370.0
20160705:1400,41.58,9.65,850.0,767.86,201.0,411.25,6.0,199.0,95304.0
20160705:1500,41.82,9.35,721.0,833.17,131.0,418.05,5.93,205.0,95257.0
20160705:1600,41.83,9.05,488.0,599.7,166.0,415.65,5.24,214.0,95191.0
20160705:1700,41.45,9.15,197.0,125.27,154.0,416.85,4.55,219.0,95154.0
20160705:1800,40.96,9.45,65.0,85.51,53.0,410.25,4.21,211.0,95144.0
20160705:1900,39.26,10.45,0.0,0.0,0.0,397.05,4.83,196.0,95135.0
20160705:2000,37.63,11.65,0.0,0.0,0.0,393.4,4.69,190.0,95182.0
20160705:2100,36.27,12.6,0.0,0.0,0.0,389.2,4.83,189.0,95238.0
20160705:2200,35.11,13.4,0.0,0.0,0.0,385.2,5.03,189.0,95238.0
20160705:2300,34.12,14.05,0.0,0.0,0.0,382.0,5.38,192.0,95191.0
20160706:0000,33.3,14.6,0.0,0.0,0.0,378.6,5.52,195.0,95210.0
20160706:0100,32.54,15.15,0.0,0.0,0.0,375.45,5.72,199.0,95135.0
20160706:0200,31.84,15.75,0.0,0.0,0.0,372.2,5.86,205.0,95116.0
20160706:0300,31.21,16.3,0.0,0.0,0.0,369.6,5.93,209.0,95116.0
20160706:0400,30.62,16.75,0.0,0.0,0.0,367.2,5.79,215.0,95116.0
20160706:0500,29.8,17.35,32.0,114.66,24.0,364.0,4.76,232.0,95172.0
20160706:0600,29.65,17.35,191.0,293.2,111.0,364.6,3.79,274.0,95229.0
20160706:0700,31.85,15.35,404.0,509.12,164.0,367.8,4.14,278.0,95323.0
20160706:0800,34.35,12.9,613.0,647.35,191.0,374.0,4.62,273.0,95342.0
20160706:0900,36.62,11.0,794.0,736.88,203.0,377.6,4.9,257.0,95351.0
20160706:1000,38.75,9.55,924.0,776.69,216.0,386.6,5.45,245.0,95332.0
20160706:1100,40.62,8.45,1003.0,811.88,213.0,393.05,6.07,239.0,95295.0
20160706:1200,41.98,7.75,1015.0,815.44,214.0,400.05,6.41,242.0,95238.0
20160706:1300,42.95,7.25,962.0,801.15,210.0,404.85,6.28,247.0,95172.0
20160706:1400,43.56,6.8,845.0,753.74,208.0,408.25,5.86,253.0,95116.0
20160706:1500,43.82,6.4,692.0,724.52,179.0,409.05,5.31,260.0,95031.0
20160706:1600,43.84,6.2,496.0,635.24,155.0,407.85,4.9,271.0,94994.0
20160706:1700,43.64,6.0,266.0,393.55,131.0,404.45,4.9,288.0,94956.0
20160706:1800,42.92,6.3,81.0,192.92,54.0,426.05,4.21,315.0,94965.0
20160706:1900,41.33,6.9,0.0,0.0,0.0,421.25,3.17,336.0,94994.0
20160706:2000,39.25,8.15,0.0,0.0,0.0,393.65,3.45,13.0,95069.0
20160706:2100,37.59,9.65,0.0,0.0,0.0,396.45,4.14,44.0,95144.0
20160706:2200,36.18,11.75,0.0,0.0,0.0,389.45,4.41,71.0,95210.0
20160706:2300,34.95,14.25,0.0,0.0,0.0,391.65,4.0,91.0,95182.0
20160707:0000,33.58,16.65,0.0,0.0,0.0,380.2,3.59,94.0,95191.0
20160707:0100,32.08,18.75,0.0,0.0,0.0,373.85,3.31,79.0,95172.0
20160707:0200,30.66,20.35,0.0,0.0,0.0,368.8,3.59,45.0,95172.0
20160707:0300,29.49,21.35,0.0,0.0,0.0,365.0,4.55,26.0,95191.0
20160707:0400,28.56,24.05,0.0,0.0,0.0,361.6,5.45,30.0,95257.0
20160707:0500,27.54,29.95,32.0,131.99,23.0,358.6,5.45,34.0,95323.0
20160707:0600,27.44,33.15,189.0,291.06,110.0,356.4,5.59,42.0,95389.0
20160707:0700,28.88,33.3,398.0,489.2,168.0,365.0,7.17,51.0,95426.0
20160707:0800,29.91,32.8,602.0,609.97,205.0,368.8,7.31,60.0,95483.0
20160707:0900,31.43,29.8,789.0,722.66,210.0,375.6,6.97,66.0,95483.0
20160707:1000,33.27,25.85,929.0,791.48,208.0,384.0,6.62,70.0,95521.0
20160707:1100,35.09,22.3,1014.0,843.09,194.0,394.05,6.34,76.0,95473.0
20160707:1200,36.62,19.6,1025.0,846.23,194.0,404.45,5.93,82.0,95426.0
20160707:1300,37.86,17.55,967.0,816.22,201.0,409.25,5.45,88.0,95379.0
20160707:1400,38.74,16.15,841.0,738.47,217.0,414.05,4.83,94.0,95332.0
20160707:1500,39.21,15.25,662.0,621.54,222.0,413.65,4.34,98.0,95295.0
20160707:1600,39.45,14.7,458.0,482.66,199.0,413.65,4.21,99.0,95266.0
20160707:1700,39.15,14.7,249.0,309.28,143.0,412.05,4.0,99.0,95229.0
20160707:1800,38.55,15.1,73.0,136.2,54.0,413.25,3.66,95.0,95257.0
20160707:1900,36.89,16.95,0.0,0.0,0.0,397.45,4.21,83.0,95266.0
20160707:2000,35.61,18.4,0.0,0.0,0.0,391.25,4.55,73.0,95389.0
20160707:2100,34.38,20.0,0.0,0.0,0.0,387.8,5.24,68.0,95455.0
20160707:2200,33.36,21.65,0.0,0.0,0.0,388.8,5.72,71.0,95521.0
20160707:2300,32.5,23.45,0.0,0.0,0.0,390.8,6.14,76.0,95464.0
20160708:0000,31.59,25.75,0.0,0.0,0.0,384.0,6.41,80.0,95511.0
20160708:0100,30.78,28.25,0.0,0.0,0.0,384.65,6.69,84.0,95455.0
20160708:0200,29.88,31.0,0.0,0.0,0.0,378.6,6.55,85.0,95455.0
20160708:0300,28.87,33.9,0.0,0.0,0.0,369.4,6.14,87.0,95483.0
20160708:0400,27.88,36.6,0.0,0.0,0.0,366.4,5.66,90.0,95530.0
20160708:0500,26.96,39.05,29.0,105.17,22.0,363.6,5.24,93.0,95586.0
20160708:0600,27.05,39.0,195.0,329.69,106.0,362.2,4.9,95.0,95662.0
20160708:0700,28.59,35.35,409.0,537.44,157.0,370.2,5.66,90.0,95699.0
20160708:0800,30.31,29.8,614.0,658.67,186.0,374.0,6.07,98.0,95756.0
20160708:0900,32.33,23.55,797.0,749.66,197.0,378.6,6.41,107.0,95765.0
20160708:1000,34.32,18.05,923.0,776.66,216.0,386.8,6.76,113.0,95756.0
20160708:1100,36.09,14.15,991.0,781.76,231.0,389.6,7.17,117.0,95737.0
20160708:1200,37.39,12.3,1025.0,846.5,194.0,393.65,7.45,119.0,95709.0
20160708:1300,38.3,11.9,967.0,816.41,201.0,401.05,7.31,119.0,95643.0
20160708:1400,38.84,12.05,845.0,752.83,209.0,404.45,7.03,118.0,95615.0
20160708:1500,39.13,12.45,692.0,724.85,179.0,407.05,6.62,115.0,95568.0
20160708:1600,39.09,12.9,490.0,611.54,162.0,407.25,6.34,112.0,95521.0
20160708:1700,38.72,13.5,272.0,423.54,127.0,411.45,6.41,108.0,95483.0
20160708:1800,37.93,14.2,80.0,194.3,53.0,401.85,6.41,106.0,95521.0
20160708:1900,36.21,15.15,0.0,0.0,0.0,389.65,6.28,98.0,95539.0
20160708:2000,34.89,16.4,0.0,0.0,0.0,392.0,6.48,94.0,95652.0
20160708:2100,33.61,17.75,0.0,0.0,0.0,386.8,6.28,93.0,95718.0
20160708:2200,32.41,19.2,0.0,0.0,0.0,379.4,5.17,90.0,95784.0
20160708:2300,31.32,20.7,0.0,0.0,0.0,380.8,4.0,75.0,95793.0
20160709:0000,30.08,22.55,0.0,0.0,0.0,370.6,3.72,59.0,95812.0
20160709:0100,29.15,24.2,0.0,0.0,0.0,372.05,4.21,66.0,95737.0
20160709:0200,28.38,25.7,0.0,0.0,0.0,365.6,4.9,78.0,95728.0
20160709:0300,27.71,27.1,0.0,0.0,0.0,363.2,5.24,86.0,95709.0
20160709:0400,27.0,28.55,0.0,0.0,0.0,360.4,5.1,90.0,95728.0
20160709:0500,26.33,29.9,31.0,138.71,22.0,357.4,4.76,93.0,95718.0
20160709:0600,26.57,29.5,200.0,368.78,101.0,355.6,4.28,92.0,95775.0
20160709:0700,28.71,28.15,414.0,568.88,148.0,364.0,4.9,97.0,95784.0
20160709:0800,30.84,25.5,623.0,696.76,171.0,369.8,5.45,110.0,95793.0
20160709:0900,32.98,21.9,805.0,777.99,183.0,378.8,6.28,117.0,95756.0
20160709:1000,34.85,17.95,947.0,851.97,172.0,386.8,6.97,120.0,95756.0
20160709:1100,36.17,17.0,1018.0,858.3,184.0,394.25,6.9,119.0,95737.0
20160709:1200,37.16,15.95,1030.0,862.07,184.0,400.25,6.34,115.0,95690.0
20160709:1300,38.02,14.7,993.0,894.45,154.0,405.45,5.93,112.0,95605.0
20160709:1400,38.58,13.85,850.0,767.23,202.0,408.25,5.86,109.0,95558.0
20160709:1500,38.87,13.4,685.0,698.24,191.0,409.05,6.0,106.0,95511.0
20160709:1600,38.79,13.35,455.0,473.85,201.0,405.25,6.21,105.0,95445.0
20160709:1700,38.32,13.6,267.0,400.69,130.0,401.25,6.0,102.0,95417.0
20160709:1800,37.55,14.25,80.0,187.94,54.0,402.45,5.79,92.0,95389.0
20160709:1900,35.99,16.05,0.0,0.0,0.0,391.0,5.03,118.0,95408.0
20160709:2000,34.74,17.3,0.0,0.0,0.0,386.4,4.0,105.0,95502.0
20160709:2100,33.5,18.7,0.0,0.0,0.0,382.6,3.79,87.0,95605.0
20160709:2200,32.34,20.25,0.0,0.0,0.0,380.0,3.86,88.0,95633.0
20160709:2300,31.23,21.7,0.0,0.0,0.0,376.4,3.72,104.0,95568.0
20160710:0000,30.21,23.1,0.0,0.0,0.0,371.8,3.79,126.0,95521.0
20160710:0100,29.25,24.4,0.0,0.0,0.0,368.25,3.79,140.0,95445.0
20160710:0200,28.25,25.75,0.0,0.0,0.0,365.2,3.24,143.0,95408.0
20160710:0300,27.11,27.5,0.0,0.0,0.0,361.8,2.76,138.0,95398.0
20160710:0400,25.99,29.5,0.0,0.0,0.0,359.0,2.48,140.0,95417.0
20160710:0500,25.06,31.3,27.0,94.97,21.0,356.8,2.28,154.0,95426.0
20160710:0600,25.43,30.5,185.0,288.47,108.0,356.6,2.07,167.0,95473.0
20160710:0700,28.23,27.5,401.0,516.87,160.0,364.4,1.66,162.0,95502.0
20160710:0800,31.96,21.2,615.0,670.15,181.0,372.2,2.62,170.0,95530.0
20160710:0900,34.18,18.6,791.0,735.02,204.0,381.4,3.45,175.0,95521.0
20160710:1000,36.02,16.35,926.0,790.99,207.0,390.8,3.86,176.0,95502.0
20160710:1100,37.42,14.55,1007.0,826.82,204.0,399.05,3.93,176.0,95464.0
20160710:1200,38.61,13.15,1024.0,846.08,194.0,406.45,4.0,182.0,95455.0
20160710:1300,39.55,12.15,972.0,831.8,192.0,411.05,4.0,190.0,95379.0
20160710:1400,40.22,11.5,845.0,753.25,209.0,413.65,4.0,198.0,95323.0
20160710:1500,40.61,11.05,684.0,698.52,190.0,414.05,4.0,204.0,95238.0
20160710:1600,40.68,10.8,476.0,556.33,178.0,415.45,3.86,208.0,95172.0
20160710:1700,40.49,10.8,295.0,568.27,101.0,415.25,3.86,205.0,95144.0
20160710:1800,39.99,11.0,63.0,79.92,52.0,406.85,3.93,198.0,95125.0
20160710:1900,38.55,12.15,0.0,0.0,0.0,406.25,3.86,194.0,95125.0
20160710:2000,37.0,13.2,0.0,0.0,0.0,396.25,4.07,189.0,95191.0
20160710:2100,35.62,14.0,0.0,0.0,0.0,391.45,4.55,192.0,95229.0
20160710:2200,34.48,14.55,0.0,0.0,0.0,387.8,4.76,200.0,95219.0
20160710:2300,33.46,14.95,0.0,0.0,0.0,383.2,4.97,207.0,95201.0
20160711:0000,32.57,15.25,0.0,0.0,0.0,379.0,5.24,212.0,95191.0
20160711:0100,31.77,15.45,0.0,0.0,0.0,375.45,5.24,218.0,95116.0
20160711:0200,30.99,15.75,0.0,0.0,0.0,372.6,4.97,225.0,95106.0
20160711:0300,30.17,16.25,0.0,0.0,0.0,369.8,4.83,231.0,95088.0
20160711:0400,29.43,16.8,0.0,0.0,0.0,366.8,4.9,235.0,95125.0
20160711:0500,28.77,17.3,25.0,81.4,20.0,363.6,4.97,239.0,95144.0
20160711:0600,29.19,16.8,183.0,282.63,108.0,362.6,4.97,245.0,95191.0
20160711:0700,31.82,14.45,395.0,496.86,164.0,366.0,5.1,255.0,95229.0
20160711:0800,34.55,12.2,607.0,645.01,190.0,372.4,6.0,258.0,95266.0
20160711:0900,36.94,10.5,785.0,720.8,210.0,380.6,6.69,254.0,95238.0
20160711:1000,39.11,9.25,921.0,776.18,216.0,389.4,7.45,251.0,95238.0
20160711:1100,40.81,8.5,995.0,796.36,222.0,397.45,7.93,254.0,95154.0
20160711:1200,42.18,7.9,1013.0,814.8,214.0,402.85,7.66,262.0,95125.0
20160711:1300,43.04,7.35,966.0,816.08,201.0,415.65,6.69,272.0,95041.0
20160711:1400,43.68,6.7,845.0,753.51,209.0,417.45,5.45,290.0,94984.0
20160711:1500,43.89,6.2,676.0,671.98,201.0,412.85,4.34,315.0,94918.0
20160711:1600,43.78,6.1,449.0,454.02,206.0,411.05,3.79,334.0,94871.0
20160711:1700,43.42,6.25,120.0,11.74,116.0,410.85,3.45,342.0,94852.0
20160711:1800,42.91,6.55,38.0,7.31,37.0,419.85,3.1,348.0,94843.0
20160711:1900,41.39,7.55,0.0,0.0,0.0,418.05,2.69,334.0,94862.0
20160711:2000,40.15,8.15,0.0,0.0,0.0,423.45,3.03,348.0,94909.0
20160711:2100,39.03,8.5,0.0,0.0,0.0,415.65,3.03,353.0,94994.0
20160711:2200,37.85,9.2,0.0,0.0,0.0,425.25,3.45,343.0,95069.0
20160711:2300,37.07,10.15,0.0,0.0,0.0,428.85,5.79,347.0,95069.0
20160712:0000,35.65,12.65,0.0,0.0,0.0,402.45,6.9,354.0,95097.0
20160712:0100,34.29,14.9,0.0,0.0,0.0,386.25,6.0,350.0,95050.0
20160712:0200,33.09,16.6,0.0,0.0,0.0,388.8,4.76,339.0,95012.0
20160712:0300,31.88,18.25,0.0,0.0,0.0,383.4,3.72,334.0,94965.0
20160712:0400,30.67,20.05,0.0,0.0,0.0,382.8,3.24,331.0,94984.0
20160712:0500,29.57,21.55,25.0,100.61,19.0,379.0,3.72,335.0,95022.0
20160712:0600,29.8,21.4,176.0,250.22,110.0,374.4,4.21,342.0,95069.0
20160712:0700,32.05,18.95,387.0,465.97,171.0,369.4,4.41,342.0,95125.0
20160712:0800,35.03,15.8,603.0,632.2,195.0,377.2,4.62,352.0,95125.0
20160712:0900,37.46,14.15,784.0,721.62,209.0,387.4,4.97,0.0,95135.0
20160712:1000,39.3,13.1,925.0,790.01,208.0,399.85,5.38,8.0,95144.0
20160712:1100,40.54,12.6,1006.0,826.69,204.0,410.25,5.24,12.0,95116.0
20160712:1200,41.47,11.9,1007.0,799.85,223.0,417.45,4.9,13.0,95059.0
20160712:1300,42.15,10.3,971.0,831.32,192.0,424.85,4.76,7.0,94984.0
20160712:1400,42.75,8.4,854.0,782.27,194.0,422.25,5.03,356.0,94937.0
20160712:1500,43.06,7.55,639.0,550.63,250.0,421.65,5.52,353.0,94881.0
20160712:1600,42.94,7.45,446.0,443.23,209.0,414.05,5.52,353.0,94834.0
20160712:1700,42.64,7.65,253.0,338.1,138.0,415.45,5.24,357.0,94796.0
20160712:1800,42.08,7.9,12.0,0.0,12.0,404.05,4.9,1.0,94815.0
20160712:1900,40.79,7.9,0.0,0.0,0.0,411.45,5.24,2.0,94824.0
20160712:2000,39.37,8.7,0.0,0.0,0.0,407.85,5.72,2.0,94928.0
20160712:2100,38.09,9.45,0.0,0.0,0.0,393.85,6.0,3.0,94994.0
20160712:2200,36.94,10.05,0.0,0.0,0.0,386.8,5.24,4.0,95041.0
20160712:2300,35.68,10.7,0.0,0.0,0.0,382.4,4.41,0.0,94994.0
20160713:0000,34.05,11.65,0.0,0.0,0.0,374.2,4.28,344.0,94994.0
20160713:0100,32.79,12.65,0.0,0.0,0.0,373.25,5.38,333.0,94984.0
20160713:0200,32.08,14.1,0.0,0.0,0.0,370.8,6.0,340.0,94984.0
20160713:0300,31.36,16.15,0.0,0.0,0.0,369.4,5.66,348.0,94975.0
20160713:0400,30.41,18.2,0.0,0.0,0.0,368.8,5.45,352.0,94984.0
20160713:0500,29.54,20.35,26.0,121.07,19.0,371.8,5.59,356.0,95003.0
20160713:0600,29.71,21.7,28.0,0.0,28.0,364.8,5.66,2.0,95078.0
20160713:0700,32.39,19.4,388.0,476.03,168.0,375.0,5.03,2.0,95097.0
20160713:0800,34.95,16.6,588.0,583.66,212.0,383.4,5.45,22.0,95125.0
20160713:0900,37.05,13.85,792.0,748.85,196.0,389.6,5.66,35.0,95106.0
20160713:1000,38.82,12.2,919.0,775.2,216.0,396.85,5.66,37.0,95154.0
20160713:1100,40.23,11.3,1011.0,842.64,194.0,404.65,5.31,36.0,95088.0
20160713:1200,41.22,10.7,1034.0,877.79,174.0,412.05,4.55,32.0,95050.0
20160713:1300,41.9,10.0,976.0,846.61,183.0,419.85,3.86,19.0,94994.0
20160713:1400,42.46,9.4,872.0,841.92,162.0,429.85,3.93,358.0,94946.0
20160713:1500,42.9,8.7,680.0,684.12,197.0,430.65,5.03,344.0,94918.0
20160713:1600,42.74,8.3,491.0,623.44,158.0,428.65,6.07,342.0,94899.0
20160713:1700,42.45,7.85,262.0,383.04,132.0,429.85,5.66,347.0,94881.0
20160713:1800,41.76,8.45,72.0,140.68,53.0,434.25,5.24,352.0,94890.0
20160713:1900,40.6,8.4,0.0,0.0,0.0,420.65,3.17,334.0,94918.0
20160713:2000,39.2,9.3,0.0,0.0,0.0,412.25,2.62,345.0,94946.0
20160713:2100,37.46,10.45,0.0,0.0,0.0,396.85,3.1,4.0,95012.0
20160713:2200,35.75,11.65,0.0,0.0,0.0,387.0,4.21,13.0,95031.0
20160713:2300,34.35,12.85,0.0,0.0,0.0,381.4,4.62,15.0,95088.0
20160714:0000,33.01,13.95,0.0,0.0,0.0,377.4,4.97,17.0,95078.0
20160714:0100,31.84,15.75,0.0,0.0,0.0,374.65,5.45,22.0,95069.0
20160714:0200,30.61,20.9,0.0,0.0,0.0,373.4,6.0,26.0,95106.0
20160714:0300,29.18,30.9,0.0,0.0,0.0,370.6,6.34,28.0,95106.0
20160714:0400,27.89,41.65,0.0,0.0,0.0,369.8,6.34,27.0,95172.0
20160714:0500,26.88,47.9,23.0,89.35,18.0,366.0,6.62,29.0,95210.0
20160714:0600,26.86,48.05,181.0,291.74,105.0,365.0,6.97,32.0,95323.0
20160714:0700,28.57,41.2,398.0,523.06,157.0,370.6,8.41,33.0,95351.0
20160714:0800,29.88,38.5,614.0,681.15,176.0,378.8,9.1,38.0,95370.0
20160714:0900,31.35,35.15,799.0,777.42,181.0,383.8,8.97,43.0,95398.0
20160714:1000,32.87,31.45,938.0,835.44,181.0,391.25,8.69,48.0,95398.0
20160714:1100,34.33,28.15,1021.0,874.11,174.0,398.65,8.28,51.0,95370.0
20160714:1200,35.52,25.6,1039.0,893.53,164.0,406.25,7.86,55.0,95313.0
20160714:1300,36.39,23.8,975.0,847.0,182.0,410.65,7.38,58.0,95248.0
20160714:1400,36.94,22.55,857.0,797.27,185.0,413.85,6.76,62.0,95201.0
20160714:1500,37.13,21.9,690.0,724.31,179.0,414.45,5.93,64.0,95135.0
20160714:1600,37.04,21.75,490.0,622.31,158.0,413.85,5.45,64.0,95116.0
20160714:1700,36.59,22.2,275.0,457.8,120.0,410.85,5.45,64.0,95088.0
20160714:1800,35.79,23.15,80.0,216.37,51.0,406.65,5.59,67.0,95125.0
20160714:1900,34.78,24.3,0.0,0.0,0.0,400.65,5.17,71.0,95154.0
20160714:2000,33.71,25.95,0.0,0.0,0.0,397.45,5.17,78.0,95219.0
20160714:2100,32.7,27.5,0.0,0.0,0.0,393.65,5.03,83.0,95295.0
20160714:2200,31.71,28.95,0.0,0.0,0.0,389.6,4.62,84.0,95323.0
20160714:2300,30.72,30.25,0.0,0.0,0.0,385.0,4.28,81.0,95313.0
20160715:0000,29.79,31.45,0.0,0.0,0.0,381.4,4.0,73.0,95323.0
20160715:0100,28.88,32.6,0.0,0.0,0.0,377.65,3.93,64.0,95285.0
20160715:0200,28.01,33.8,0.0,0.0,0.0,374.6,3.86,58.0,95285.0
20160715:0300,27.1,35.4,0.0,0.0,0.0,370.6,4.14,50.0,95313.0
20160715:0400,26.18,37.0,0.0,0.0,0.0,365.8,5.38,43.0,95342.0
20160715:0500,25.25,38.9,21.0,73.98,17.0,360.8,6.21,45.0,95455.0
20160715:0600,25.03,39.6,191.0,359.3,98.0,358.0,6.41,47.0,95539.0
20160715:0700,26.07,37.55,407.0,574.77,143.0,359.2,7.52,43.0,95586.0
20160715:0800,27.28,38.1,609.0,666.83,181.0,364.6,7.38,49.0,95605.0
20160715:0900,28.62,38.35,785.0,734.28,202.0,373.0,7.1,55.0,95605.0
20160715:1000,29.99,36.9,917.0,775.39,215.0,382.0,7.03,61.0,95624.0
20160715:1100,31.23,33.8,1004.0,826.13,204.0,390.65,6.97,66.0,95568.0
20160715:1200,32.29,30.45,1011.0,814.3,214.0,396.45,6.9,69.0,95558.0
20160715:1300,33.11,27.6,959.0,800.4,210.0,399.05,6.69,72.0,95530.0
20160715:1400,33.67,25.65,843.0,752.62,209.0,400.25,6.41,75.0,95473.0
20160715:1500,33.93,24.5,682.0,697.94,190.0,399.25,6.0,75.0,95426.0
20160715:1600,33.85,24.0,492.0,634.4,154.0,396.65,5.66,74.0,95426.0
20160715:1700,33.43,23.95,275.0,464.93,118.0,392.0,5.52,74.0,95398.0
20160715:1800,32.64,24.25,80.0,218.18,51.0,386.0,5.72,78.0,95455.0
20160715:1900,31.13,24.95,0.0,0.0,0.0,375.0,5.72,87.0,95455.0
20160715:2000,30.11,25.75,0.0,0.0,0.0,369.0,5.59,93.0,95539.0
20160715:2100,29.08,26.9,0.0,0.0,0.0,363.8,5.17,97.0,95633.0
20160715:2200,28.07,28.4,0.0,0.0,0.0,359.4,4.76,99.0,95633.0
20160715:2300,27.07,30.15,0.0,0.0,0.0,355.6,4.34,100.0,95671.0
20160716:0000,26.1,32.1,0.0,0.0,0.0,352.2,3.86,98.0,95624.0
20160716:0100,25.21,34.05,0.0,0.0,0.0,349.45,3.72,95.0,95605.0
20160716:0200,24.39,35.95,0.0,0.0,0.0,346.8,3.45,97.0,95605.0
20160716:0300,23.54,38.05,0.0,0.0,0.0,344.8,3.1,97.0,95586.0
20160716:0400,22.61,40.45,0.0,0.0,0.0,342.8,2.97,73.0,95615.0
20160716:0500,21.72,42.25,20.0,76.71,16.0,340.4,3.38,55.0,95643.0
20160716:0600,21.89,38.9,198.0,420.0,90.0,339.8,3.52,52.0,95718.0
20160716:0700,24.03,29.85,412.0,607.17,134.0,344.4,4.34,57.0,95756.0
20160716:0800,26.0,24.3,614.0,693.07,170.0,350.6,4.83,67.0,95793.0
20160716:0900,27.72,23.1,789.0,747.8,196.0,357.8,5.03,80.0,95812.0
20160716:1000,29.18,23.15,922.0,789.33,208.0,365.2,4.97,96.0,95793.0
20160716:1100,30.47,22.8,992.0,795.67,222.0,373.4,4.9,108.0,95784.0
20160716:1200,31.59,22.0,1011.0,814.75,214.0,380.2,4.62,114.0,95709.0
20160716:1300,32.51,21.05,959.0,800.83,210.0,386.4,4.41,116.0,95624.0
20160716:1400,33.19,20.3,847.0,767.35,201.0,390.0,4.14,117.0,95605.0
20160716:1500,33.56,19.85,689.0,724.11,179.0,391.45,3.79,114.0,95511.0
20160716:1600,33.65,19.7,494.0,646.6,150.0,390.4,3.59,108.0,95502.0
20160716:1700,33.47,19.8,279.0,492.99,113.0,387.2,3.59,101.0,95473.0
20160716:1800,32.96,20.25,82.0,250.53,49.0,382.2,3.86,100.0,95521.0
20160716:1900,31.68,21.15,0.0,0.0,0.0,372.8,4.48,110.0,95530.0
20160716:2000,30.78,22.15,0.0,0.0,0.0,369.4,4.76,117.0,95586.0
20160716:2100,29.75,23.5,0.0,0.0,0.0,366.6,5.31,121.0,95643.0
20160716:2200,28.7,25.2,0.0,0.0,0.0,363.6,5.24,122.0,95624.0
20160716:2300,27.69,27.2,0.0,0.0,0.0,360.8,4.83,122.0,95680.0
20160717:0000,26.7,29.4,0.0,0.0,0.0,358.6,4.21,121.0,95680.0
20160717:0100,25.74,31.8,0.0,0.0,0.0,356.05,3.59,121.0,95662.0
20160717:0200,24.81,34.35,0.0,0.0,0.0,353.6,3.31,121.0,95633.0
20160717:0300,23.94,37.0,0.0,0.0,0.0,351.2,3.31,121.0,95643.0
20160717:0400,23.15,39.6,0.0,0.0,0.0,349.2,3.38,122.0,95690.0
20160717:0500,22.42,41.9,20.0,99.61,15.0,346.8,3.24,120.0,95737.0
20160717:0600,22.56,41.6,196.0,418.91,89.0,346.2,2.9,116.0,95793.0
20160717:0700,24.42,35.8,411.0,606.93,134.0,347.2,3.52,102.0,95822.0
20160717:0800,26.2,30.8,620.0,717.85,161.0,353.4,4.48,109.0,95840.0
20160717:0900,28.16,27.15,788.0,747.48,196.0,360.4,5.24,112.0,95850.0
20160717:1000,29.88,24.4,916.0,774.54,216.0,368.4,5.93,112.0,95793.0
20160717:1100,31.21,21.9,997.0,810.69,213.0,375.0,6.07,108.0,95765.0
20160717:1200,32.3,19.65,999.0,784.54,232.0,379.8,6.0,105.0,95718.0
20160717:1300,33.22,17.7,953.0,785.25,219.0,382.4,5.86,103.0,95662.0
20160717:1400,33.89,16.25,842.0,752.43,209.0,383.6,5.72,101.0,95605.0
20160717:1500,34.29,15.2,681.0,697.82,190.0,383.2,5.72,98.0,95577.0
20160717:1600,34.34,14.5,488.0,623.15,157.0,381.2,5.72,94.0,95530.0
20160717:1700,34.0,14.1,275.0,473.68,116.0,377.2,5.66,90.0,95521.0
20160717:1800,33.26,13.85,79.0,229.98,49.0,372.4,5.59,85.0,95530.0
20160717:1900,31.89,14.5,0.0,0.0,0.0,363.8,4.76,88.0,95558.0
20160717:2000,30.74,14.75,0.0,0.0,0.0,359.2,4.55,90.0,95662.0
20160717:2100,29.58,15.05,0.0,0.0,0.0,355.4,4.41,95.0,95728.0
20160717:2200,28.45,15.6,0.0,0.0,0.0,351.6,4.0,99.0,95756.0
20160717:2300,27.37,16.3,0.0,0.0,0.0,348.6,3.38,98.0,95756.0
20160718:0000,26.28,17.2,0.0,0.0,0.0,346.0,2.97,93.0,95756.0
20160718:0100,25.19,18.45,0.0,0.0,0.0,344.25,2.69,84.0,95737.0
20160718:0200,24.16,19.65,0.0,0.0,0.0,342.8,2.69,76.0,95718.0
20160718:0300,23.2,20.95,0.0,0.0,0.0,341.0,2.69,71.0,95728.0
20160718:0400,22.33,22.35,0.0,0.0,0.0,339.6,2.62,66.0,95746.0
20160718:0500,21.57,23.75,18.0,82.96,14.0,338.2,2.69,59.0,95793.0
20160718:0600,21.75,23.9,189.0,378.43,93.0,338.0,2.62,57.0,95840.0
20160718:0700,24.81,20.85,407.0,593.53,137.0,340.6,3.24,71.0,95887.0
20160718:0800,27.21,18.9,612.0,691.04,171.0,346.0,4.28,87.0,95925.0
20160718:0900,29.15,17.4,786.0,747.17,195.0,353.4,4.55,97.0,95925.0
20160718:1000,30.99,15.25,915.0,774.14,216.0,361.8,4.69,101.0,95916.0
20160718:1100,32.42,13.75,997.0,811.26,213.0,369.6,4.41,101.0,95869.0
20160718:1200,33.64,12.9,1004.0,799.35,223.0,376.0,4.0,102.0,95831.0
20160718:1300,34.62,12.5,963.0,815.71,201.0,381.2,3.72,102.0,95737.0
20160718:1400,35.36,12.25,846.0,767.27,201.0,384.8,3.59,102.0,95671.0
20160718:1500,35.79,12.2,684.0,711.36,184.0,386.4,3.45,100.0,95615.0
20160718:1600,35.86,12.3,487.0,622.33,157.0,385.6,3.38,100.0,95577.0
20160718:1700,35.62,12.55,274.0,472.28,116.0,383.4,3.38,101.0,95568.0
20160718:1800,35.05,13.0,76.0,209.17,49.0,379.2,3.59,106.0,95577.0
20160718:1900,33.83,15.0,0.0,0.0,0.0,377.0,3.24,119.0,95586.0
20160718:2000,32.64,16.2,0.0,0.0,0.0,374.2,3.31,131.0,95662.0
20160718:2100,31.46,17.5,0.0,0.0,0.0,371.4,3.17,145.0,95709.0
20160718:2200,30.28,18.9,0.0,0.0,0.0,368.8,3.1,162.0,95690.0
20160718:2300,29.16,20.35,0.0,0.0,0.0,365.2,2.97,176.0,95699.0
20160719:0000,28.06,21.8,0.0,0.0,0.0,362.2,2.83,189.0,95662.0
20160719:0100,26.94,23.4,0.0,0.0,0.0,358.65,2.69,200.0,95596.0
20160719:0200,25.93,24.9,0.0,0.0,0.0,356.0,2.62,206.0,95586.0
20160719:0300,25.03,26.25,0.0,0.0,0.0,353.8,2.69,205.0,95577.0
20160719:0400,24.28,27.35,0.0,0.0,0.0,351.4,2.83,209.0,95586.0
20160719:0500,23.58,28.3,16.0,64.93,13.0,348.8,2.97,220.0,95624.0
20160719:0600,23.61,28.1,195.0,428.71,87.0,347.4,2.69,240.0,95671.0
20160719:0700,26.74,23.15,420.0,670.49,116.0,356.2,2.34,262.0,95709.0
20160719:0800,30.78,17.25,627.0,758.35,144.0,363.6,2.9,244.0,95718.0
20160719:0900,33.26,14.2,790.0,760.8,189.0,373.4,3.79,232.0,95690.0
20160719:1000,35.31,12.4,924.0,803.68,199.0,383.6,4.21,240.0,95699.0
20160719:1100,36.99,11.6,1001.0,826.35,203.0,392.4,3.72,257.0,95605.0
20160719:1200,38.21,11.5,1015.0,829.57,205.0,400.45,2.48,279.0,95549.0
20160719:1300,39.05,11.45,957.0,800.19,210.0,406.85,1.38,322.0,95426.0
20160719:1400,39.76,10.95,850.0,782.19,193.0,410.25,1.72,21.0,95370.0
20160719:1500,40.28,10.3,691.0,737.82,173.0,408.85,2.9,44.0,95266.0
20160719:1600,40.29,9.85,489.0,632.94,154.0,404.85,4.48,60.0,95229.0
20160719:1700,39.58,10.2,276.0,488.98,113.0,398.45,5.86,79.0,95210.0
20160719:1800,38.14,11.3,79.0,242.88,48.0,391.45,6.9,97.0,95219.0
20160719:1900,36.61,12.55,0.0,0.0,0.0,385.4,5.79,98.0,95295.0
20160719:2000,34.99,14.05,0.0,0.0,0.0,379.2,5.31,99.0,95370.0
20160719:2100,33.5,15.8,0.0,0.0,0.0,373.2,4.76,95.0,95455.0
20160719:2200,32.08,17.85,0.0,0.0,0.0,368.0,4.14,91.0,95558.0
20160719:2300,30.7,20.15,0.0,0.0,0.0,362.6,3.59,90.0,95549.0
20160720:0000,29.4,22.55,0.0,0.0,0.0,357.2,3.1,92.0,95568.0
20160720:0100,28.05,25.25,0.0,0.0,0.0,352.85,2.83,92.0,95530.0
20160720:0200,26.69,28.2,0.0,0.0,0.0,348.8,2.62,95.0,95539.0
20160720:0300,25.35,31.45,0.0,0.0,0.0,345.8,2.34,98.0,95558.0
20160720:0400,24.4,34.0,0.0,0.0,0.0,343.8,2.0,96.0,95539.0
20160720:0500,24.29,34.4,17.0,90.56,13.0,342.0,1.66,83.0,95586.0
20160720:0600,23.73,36.0,194.0,435.76,85.0,341.4,1.79,67.0,95615.0
20160720:0700,26.14,30.95,408.0,615.21,130.0,348.4,2.07,57.0,95652.0
20160720:0800,29.35,25.45,612.0,703.23,165.0,355.8,2.76,86.0,95699.0
20160720:0900,31.11,23.35,780.0,732.66,202.0,365.0,3.24,105.0,95699.0
20160720:1000,32.79,21.3,913.0,774.49,215.0,374.0,3.52,113.0,95756.0
20160720:1100,34.11,19.5,979.0,765.83,240.0,382.8,3.59,112.0,95633.0
20160720:1200,35.17,18.0,997.0,784.01,232.0,389.6,3.59,109.0,95633.0
20160720:1300,35.91,17.0,941.0,755.74,236.0,394.0,3.45,105.0,95577.0
20160720:1400,36.43,16.35,840.0,753.08,208.0,397.05,3.38,100.0,95530.0
20160720:1500,36.68,16.0,679.0,697.37,190.0,397.25,3.38,95.0,95511.0
20160720:1600,36.64,15.9,490.0,645.56,149.0,394.85,3.66,96.0,95436.0
20160720:1700,36.33,16.2,278.0,508.93,109.0,390.0,4.0,100.0,95436.0
20160720:1800,35.56,17.05,80.0,269.62,46.0,384.6,4.55,106.0,95426.0
20160720:1900,34.33,18.5,0.0,0.0,0.0,378.2,4.62,116.0,95436.0
20160720:2000,33.05,19.9,0.0,0.0,0.0,374.0,4.97,117.0,95492.0
20160720:2100,31.8,21.2,0.0,0.0,0.0,370.0,4.97,116.0,95568.0
20160720:2200,30.56,22.6,0.0,0.0,0.0,366.4,4.62,117.0,95596.0
20160720:2300,29.34,24.2,0.0,0.0,0.0,362.2,4.07,119.0,95596.0
20160721:0000,28.17,25.8,0.0,0.0,0.0,357.8,3.52,123.0,95605.0
20160721:0100,27.02,27.35,0.0,0.0,0.0,353.45,3.1,126.0,95596.0
20160721:0200,25.89,28.9,0.0,0.0,0.0,349.2,2.83,128.0,95605.0
20160721:0300,24.62,31.0,0.0,0.0,0.0,345.4,2.28,130.0,95615.0
20160721:0400,24.38,31.15,0.0,0.0,0.0,342.8,1.45,126.0,95643.0
20160721:0500,25.49,28.15,15.0,71.24,12.0,340.2,0.69,97.0,95671.0
20160721:0600,25.41,28.0,190.0,414.76,87.0,339.6,0.76,63.0,95709.0
20160721:0700,27.05,24.5,404.0,601.77,133.0,342.6,0.83,49.0,95728.0
20160721:0800,29.07,20.3,611.0,703.07,165.0,348.4,1.38,100.0,95775.0
20160721:0900,31.0,17.25,783.0,746.34,195.0,356.4,2.48,127.0,95775.0
20160721:1000,32.56,14.9,912.0,774.14,215.0,363.6,3.1,135.0,95784.0
20160721:1100,33.83,13.3,983.0,779.92,231.0,370.2,3.31,136.0,95699.0
20160721:1200,34.83,12.8,991.0,769.19,241.0,375.0,3.38,135.0,95652.0
20160721:1300,35.54,12.75,946.0,770.26,228.0,379.6,3.24,129.0,95577.0
20160721:1400,36.06,12.55,839.0,752.6,208.0,383.0,3.1,125.0,95530.0
20160721:1500,36.29,12.3,678.0,696.87,190.0,383.8,3.03,120.0,95492.0
20160721:1600,36.29,12.15,484.0,620.38,157.0,382.4,3.03,117.0,95426.0
20160721:1700,36.03,12.25,273.0,486.83,112.0,379.0,3.1,115.0,95408.0
20160721:1800,35.47,12.65,74.0,216.9,47.0,374.6,3.45,121.0,95417.0
20160721:1900,34.25,14.45,0.0,0.0,0.0,371.2,3.66,136.0,95398.0
20160721:2000,32.96,15.7,0.0,0.0,0.0,367.2,3.72,147.0,95473.0
20160721:2100,31.69,17.0,0.0,0.0,0.0,364.4,3.79,156.0,95521.0
20160721:2200,30.51,18.15,0.0,0.0,0.0,361.2,3.66,167.0,95511.0
20160721:2300,29.4,19.3,0.0,0.0,0.0,358.0,3.59,174.0,95502.0
20160722:0000,28.34,20.4,0.0,0.0,0.0,355.4,3.45,182.0,95502.0
20160722:0100,27.29,21.6,0.0,0.0,0.0,352.65,3.31,190.0,95473.0
20160722:0200,26.27,22.85,0.0,0.0,0.0,350.0,3.17,196.0,95455.0
20160722:0300,25.32,24.2,0.0,0.0,0.0,347.0,3.1,202.0,95464.0
20160722:0400,24.42,25.6,0.0,0.0,0.0,344.6,3.1,207.0,95473.0
20160722:0500,23.62,27.0,13.0,74.95,10.0,342.6,3.03,214.0,95521.0
20160722:0600,23.6,27.25,183.0,369.15,92.0,341.8,2.83,219.0,95539.0
20160722:0700,26.4,24.05,398.0,579.34,138.0,346.6,2.34,214.0,95596.0
20160722:0800,29.89,19.4,609.0,702.94,164.0,353.2,3.17,198.0,95605.0
20160722:0900,31.83,17.25,790.0,774.05,181.0,361.8,4.07,180.0,95605.0
20160722:1000,33.29,15.85,916.0,788.26,207.0,370.0,4.14,170.0,95605.0
20160722:1100,34.45,14.6,983.0,780.56,231.0,377.4,3.93,164.0,95558.0
20160722:1200,35.42,13.45,990.0,768.75,241.0,383.2,3.66,159.0,95502.0
20160722:1300,36.12,12.75,945.0,770.89,227.0,387.0,3.45,154.0,95445.0
20160722:1400,36.7,12.2,829.0,724.7,222.0,388.8,3.52,149.0,95379.0
20160722:1500,37.0,11.8,669.0,670.69,200.0,388.6,3.59,146.0,95332.0
20160722:1600,37.01,11.5,478.0,597.07,164.0,385.6,3.59,144.0,95295.0
20160722:1700,36.73,11.4,262.0,425.18,122.0,382.2,3.59,143.0,95219.0
20160722:1800,36.1,11.55,69.0,171.04,48.0,376.8,3.59,143.0,95248.0
20160722:1900,34.65,12.2,0.0,0.0,0.0,371.0,3.59,148.0,95229.0
20160722:2000,33.35,13.05,0.0,0.0,0.0,366.8,3.52,151.0,95332.0
20160722:2100,32.08,13.9,0.0,0.0,0.0,363.6,3.72,156.0,95361.0
20160722:2200,30.9,14.75,0.0,0.0,0.0,360.0,3.79,164.0,95408.0
20160722:2300,29.8,15.6,0.0,0.0,0.0,356.4,3.79,171.0,95313.0
20160723:0000,28.8,16.4,0.0,0.0,0.0,354.0,3.72,181.0,95379.0
20160723:0100,27.89,17.2,0.0,0.0,0.0,352.85,3.72,190.0,95276.0
20160723:0200,27.03,17.95,0.0,0.0,0.0,349.2,3.66,197.0,95248.0
20160723:0300,26.23,18.7,0.0,0.0,0.0,350.0,3.59,206.0,95276.0
20160723:0400,25.48,19.5,0.0,0.0,0.0,350.2,3.52,214.0,95285.0
20160723:0500,24.63,20.5,0.0,0.0,0.0,344.8,3.31,224.0,95342.0
20160723:0600,24.44,20.8,172.0,306.53,97.0,343.0,2.9,241.0,95389.0
20160723:0700,27.32,18.65,386.0,525.47,151.0,356.6,2.55,236.0,95417.0
20160723:0800,31.16,14.8,591.0,637.92,188.0,356.0,3.03,226.0,95436.0
20160723:0900,33.42,12.9,742.0,626.21,250.0,366.8,3.38,215.0,95426.0
20160723:1000,35.25,11.05,905.0,759.02,223.0,379.2,3.38,216.0,95417.0
20160723:1100,36.42,10.0,976.0,765.63,239.0,388.2,2.76,217.0,95370.0
20160723:1200,37.41,9.4,995.0,783.74,232.0,403.45,2.48,205.0,95285.0
20160723:1300,38.28,8.95,944.0,770.48,227.0,400.45,3.03,190.0,95201.0
20160723:1400,38.98,8.6,838.0,752.97,208.0,397.65,3.86,185.0,95163.0
20160723:1500,39.36,8.35,668.0,670.28,200.0,395.4,4.21,188.0,95125.0
20160723:1600,39.36,8.3,476.0,596.61,163.0,393.45,4.62,189.0,95088.0
20160723:1700,39.05,8.4,278.0,533.95,103.0,390.0,4.97,188.0,95050.0
20160723:1800,38.33,8.75,70.0,198.36,46.0,385.0,5.17,184.0,95031.0
20160723:1900,36.7,9.9,0.0,0.0,0.0,378.2,4.69,172.0,95050.0
20160723:2000,35.12,11.1,0.0,0.0,0.0,374.8,5.03,172.0,95106.0
20160723:2100,33.86,12.2,0.0,0.0,0.0,374.0,5.38,175.0,95172.0
20160723:2200,32.71,13.25,0.0,0.0,0.0,368.4,5.59,180.0,95191.0
20160723:2300,31.73,14.25,0.0,0.0,0.0,365.8,5.38,184.0,95154.0
20160724:0000,30.77,15.25,0.0,0.0,0.0,363.4,4.83,191.0,95154.0
20160724:0100,29.89,16.25,0.0,0.0,0.0,367.45,4.28,200.0,95125.0
20160724:0200,28.85,17.4,0.0,0.0,0.0,361.2,3.72,213.0,95116.0
20160724:0300,27.81,18.55,0.0,0.0,0.0,361.4,3.38,235.0,95116.0
20160724:0400,26.82,19.55,0.0,0.0,0.0,357.0,3.52,253.0,95125.0
20160724:0500,26.04,20.3,0.0,0.0,0.0,352.2,3.72,258.0,95182.0
20160724:0600,26.4,19.75,176.0,345.93,92.0,355.8,3.72,255.0,95191.0
20160724:0700,29.52,16.35,393.0,565.48,141.0,356.6,3.93,253.0,95219.0
20160724:0800,32.79,13.35,593.0,650.36,183.0,361.4,4.55,254.0,95238.0
20160724:0900,35.02,11.55,771.0,717.59,208.0,370.0,4.97,259.0,95238.0
20160724:1000,36.71,10.2,909.0,773.19,215.0,377.8,5.24,262.0,95266.0
20160724:1100,38.22,9.15,997.0,825.57,203.0,383.8,5.72,263.0,95201.0
20160724:1200,39.4,8.35,995.0,783.36,233.0,389.2,6.21,268.0,95163.0
20160724:1300,40.16,7.9,949.0,785.16,219.0,393.85,6.28,276.0,95097.0
20160724:1400,40.54,8.0,842.0,767.0,201.0,396.45,5.86,288.0,95059.0
20160724:1500,40.51,8.55,679.0,710.09,184.0,398.25,5.17,304.0,95022.0
20160724:1600,40.15,9.35,483.0,630.63,153.0,397.65,4.76,327.0,94994.0
20160724:1700,39.49,10.35,269.0,484.44,111.0,394.25,5.1,352.0,95012.0
20160724:1800,38.26,11.75,72.0,226.67,45.0,389.4,6.07,14.0,95031.0
20160724:1900,36.21,14.05,0.0,0.0,0.0,384.0,6.62,33.0,95069.0
20160724:2000,34.68,16.3,0.0,0.0,0.0,381.0,6.48,41.0,95144.0
20160724:2100,33.38,18.6,0.0,0.0,0.0,377.4,6.07,45.0,95229.0
20160724:2200,32.19,20.9,0.0,0.0,0.0,374.6,5.66,46.0,95285.0
20160724:2300,31.05,23.15,0.0,0.0,0.0,371.4,5.59,40.0,95238.0
20160725:0000,30.03,25.35,0.0,0.0,0.0,368.0,5.72,37.0,95285.0
20160725:0100,29.07,27.35,0.0,0.0,0.0,364.65,5.72,34.0,95248.0
20160725:0200,28.23,28.95,0.0,0.0,0.0,361.0,5.79,32.0,95238.0
20160725:0300,27.47,30.15,0.0,0.0,0.0,358.0,5.52,28.0,95266.0
20160725:0400,26.75,30.85,0.0,0.0,0.0,354.6,5.38,26.0,95304.0
20160725:0500,26.08,31.05,0.0,0.0,0.0,351.8,5.24,26.0,95342.0
20160725:0600,26.0,30.0,179.0,377.67,88.0,349.6,5.31,28.0,95379.0
20160725:0700,27.54,27.95,395.0,587.78,134.0,352.2,6.34,34.0,95426.0
20160725:0800,28.88,27.6,598.0,674.0,174.0,357.2,6.97,38.0,95445.0
20160725:0900,30.6,26.55,774.0,731.39,201.0,364.6,6.76,42.0,95445.0
20160725:1000,32.5,24.45,903.0,758.41,223.0,373.8,6.69,45.0,95455.0
20160725:1100,34.25,21.85,975.0,764.91,240.0,383.2,6.34,47.0,95417.0
20160725:1200,35.64,19.55,983.0,754.2,250.0,392.05,5.93,48.0,95379.0
20160725:1300,36.61,17.95,937.0,755.77,235.0,397.85,5.52,48.0,95332.0
20160725:1400,37.21,17.0,831.0,737.97,215.0,401.25,5.03,46.0,95304.0
20160725:1500,37.45,16.55,670.0,682.57,195.0,402.05,4.69,40.0,95266.0
20160725:1600,37.44,16.4,482.0,630.43,153.0,401.65,4.76,36.0,95248.0
20160725:1700,37.04,16.65,269.0,493.12,109.0,398.45,5.03,40.0,95219.0
20160725:1800,36.17,17.55,70.0,221.92,44.0,393.8,5.38,53.0,95248.0
20160725:1900,34.67,18.5,0.0,0.0,0.0,387.2,5.1,76.0,95276.0
20160725:2000,33.14,20.7,0.0,0.0,0.0,382.4,5.66,90.0,95361.0
20160725:2100,31.83,22.75,0.0,0.0,0.0,378.0,5.31,95.0,95436.0
20160725:2200,30.69,24.6,0.0,0.0,0.0,373.4,4.41,95.0,95511.0
20160725:2300,29.6,26.4,0.0,0.0,0.0,369.4,3.31,89.0,95492.0
20160726:0000,28.52,28.25,0.0,0.0,0.0,365.6,2.62,72.0,95492.0
20160726:0100,27.36,30.4,0.0,0.0,0.0,362.45,2.34,49.0,95483.0
20160726:0200,26.33,32.35,0.0,0.0,0.0,359.4,2.34,29.0,95464.0
20160726:0300,25.46,33.75,0.0,0.0,0.0,356.0,2.69,15.0,95473.0
20160726:0400,24.71,35.05,0.0,0.0,0.0,352.8,3.03,8.0,95492.0
20160726:0500,24.14,36.0,0.0,0.0,0.0,350.0,3.66,12.0,95502.0
20160726:0600,24.44,35.1,180.0,397.37,85.0,347.4,4.62,28.0,95586.0
20160726:0700,26.37,32.5,398.0,607.99,129.0,353.8,5.59,45.0,95662.0
20160726:0800,27.78,32.8,603.0,699.35,164.0,359.2,5.45,57.0,95699.0
20160726:0900,29.42,31.55,777.0,743.96,195.0,366.8,4.48,66.0,95718.0
20160726:1000,31.13,28.95,902.0,758.13,223.0,375.8,3.72,71.0,95699.0
20160726:1100,32.67,26.2,979.0,780.21,230.0,385.6,3.31,72.0,95652.0
20160726:1200,33.93,23.5,982.0,753.86,250.0,393.45,2.97,65.0,95633.0
20160726:1300,34.87,21.5,936.0,755.46,235.0,398.85,2.83,51.0,95549.0
20160726:1400,35.63,19.9,835.0,752.12,208.0,400.85,3.1,41.0,95492.0
20160726:1500,36.07,18.75,672.0,695.32,189.0,400.25,3.59,41.0,95417.0
20160726:1600,36.12,18.3,480.0,630.32,152.0,397.65,4.07,48.0,95408.0
20160726:1700,35.75,18.65,269.0,502.01,107.0,393.45,4.48,58.0,95370.0
20160726:1800,34.9,20.1,69.0,225.87,43.0,388.4,5.1,72.0,95417.0
20160726:1900,33.56,23.25,0.0,0.0,0.0,383.6,5.24,88.0,95426.0
20160726:2000,32.34,25.95,0.0,0.0,0.0,379.6,5.66,99.0,95530.0
20160726:2100,31.2,28.4,0.0,0.0,0.0,376.2,5.17,104.0,95596.0
20160726:2200,30.13,30.8,0.0,0.0,0.0,372.2,4.34,104.0,95605.0
20160726:2300,29.05,33.3,0.0,0.0,0.0,368.0,3.45,102.0,95615.0
20160727:0000,27.99,35.9,0.0,0.0,0.0,364.4,2.62,98.0,95624.0
20160727:0100,26.74,39.25,0.0,0.0,0.0,360.25,2.07,91.0,95577.0
20160727:0200,25.7,42.45,0.0,0.0,0.0,356.2,1.59,78.0,95568.0
20160727:0300,25.3,43.35,0.0,0.0,0.0,352.0,1.45,57.0,95568.0
20160727:0400,24.42,45.75,0.0,0.0,0.0,348.6,1.59,41.0,95596.0
20160727:0500,23.38,48.8,0.0,0.0,0.0,345.6,1.86,30.0,95596.0
20160727:0600,22.96,50.3,183.0,434.28,80.0,343.8,1.93,26.0,95662.0
20160727:0700,25.65,42.3,398.0,617.03,126.0,349.2,1.93,40.0,95652.0
20160727:0800,29.32,32.9,615.0,751.97,144.0,357.6,2.48,65.0,95680.0
20160727:0900,31.06,28.65,784.0,773.23,180.0,368.4,3.38,83.0,95671.0
20160727:1000,32.48,24.5,906.0,772.4,215.0,377.8,3.93,90.0,95699.0
20160727:1100,33.51,21.85,984.0,794.53,222.0,385.4,3.86,91.0,95652.0
20160727:1200,34.3,20.1,981.0,753.55,250.0,391.0,3.38,85.0,95596.0
20160727:1300,35.01,18.7,930.0,741.17,243.0,394.85,3.24,73.0,95521.0
20160727:1400,35.63,17.75,838.0,766.35,200.0,396.45,3.38,66.0,95473.0
20160727:1500,35.96,17.2,675.0,708.19,184.0,396.85,3.45,68.0,95408.0
20160727:1600,36.02,16.95,484.0,653.43,145.0,395.05,3.45,72.0,95370.0
20160727:1700,35.82,17.05,267.0,498.67,107.0,392.05,3.59,78.0,95370.0
20160727:1800,35.27,17.6,67.0,221.28,42.0,387.4,3.93,88.0,95370.0
20160727:1900,34.41,18.85,0.0,0.0,0.0,382.2,3.93,104.0,95370.0
20160727:2000,33.17,20.45,0.0,0.0,0.0,378.0,4.14,117.0,95445.0
20160727:2100,31.9,21.95,0.0,0.0,0.0,373.8,3.93,122.0,95521.0
20160727:2200,30.66,23.6,0.0,0.0,0.0,369.6,3.52,119.0,95539.0
20160727:2300,29.44,25.6,0.0,0.0,0.0,365.6,2.97,115.0,95586.0
20160728:0000,28.21,28.15,0.0,0.0,0.0,361.6,2.48,107.0,95596.0
20160728:0100,26.87,31.4,0.0,0.0,0.0,358.45,2.14,98.0,95568.0
20160728:0200,25.77,34.6,0.0,0.0,0.0,355.0,1.79,87.0,95577.0
20160728:0300,25.54,35.25,0.0,0.0,0.0,351.8,1.52,71.0,95549.0
20160728:0400,25.5,35.55,0.0,0.0,0.0,348.8,1.38,51.0,95586.0
20160728:0500,24.49,38.2,0.0,0.0,0.0,346.0,1.52,38.0,95624.0
20160728:0600,23.32,41.6,178.0,399.55,84.0,345.4,1.93,33.0,95662.0
20160728:0700,25.55,37.1,390.0,582.89,134.0,349.4,1.79,36.0,95718.0
20160728:0800,29.14,29.4,594.0,673.62,173.0,357.6,2.28,66.0,95737.0
20160728:0900,30.95,25.95,0.0,0.0,0.0,367.0,3.1,83.0,95765.0
20160728:1000,32.58,22.0,900.0,757.62,223.0,376.0,3.93,91.0,95784.0
20160728:1100,33.9,19.55,978.0,779.67,231.0,383.0,4.28,95.0,95728.0
20160728:1200,34.98,17.65,980.0,753.26,250.0,388.8,4.28,92.0,95680.0
20160728:1300,35.83,16.15,935.0,754.96,236.0,392.85,4.28,85.0,95605.0
20160728:1400,36.48,15.2,823.0,722.93,222.0,394.85,4.55,81.0,95539.0
20160728:1500,36.83,14.7,670.0,695.16,189.0,394.45,4.76,78.0,95473.0
20160728:1600,36.86,14.7,474.0,616.84,155.0,392.85,4.9,77.0,95426.0
20160728:1700,36.51,15.05,262.0,479.73,109.0,389.8,4.9,78.0,95417.0
20160728:1800,35.82,15.8,65.0,207.65,42.0,385.2,4.69,82.0,95426.0
20160728:1900,34.59,18.1,0.0,0.0,0.0,382.0,3.66,101.0,95436.0
20160728:2000,33.33,19.75,0.0,0.0,0.0,378.0,3.52,119.0,95483.0
20160728:2100,32.1,21.5,0.0,0.0,0.0,373.8,3.45,131.0,95539.0
20160728:2200,30.88,23.3,0.0,0.0,0.0,371.0,3.1,138.0,95549.0
20160728:2300,29.66,25.3,0.0,0.0,0.0,368.0,2.55,145.0,95577.0
20160729:0000,28.29,28.0,0.0,0.0,0.0,365.6,2.07,166.0,95577.0
20160729:0100,27.37,29.85,0.0,0.0,0.0,363.65,1.86,200.0,95539.0
20160729:0200,26.61,31.1,0.0,0.0,0.0,361.8,1.93,221.0,95511.0
20160729:0300,26.11,31.85,0.0,0.0,0.0,359.4,1.93,231.0,95502.0
20160729:0400,25.89,32.1,0.0,0.0,0.0,357.2,1.86,232.0,95502.0
20160729:0500,26.02,31.65,0.0,0.0,0.0,354.8,1.66,233.0,95530.0
20160729:0600,26.36,30.9,175.0,389.98,84.0,354.0,1.52,243.0,95539.0
20160729:0700,27.55,30.2,391.0,594.21,131.0,361.2,1.52,282.0,95596.0
20160729:0800,31.35,23.35,599.0,697.58,164.0,369.2,1.03,263.0,95633.0
20160729:0900,33.11,20.5,769.0,729.35,201.0,379.6,0.9,198.0,95633.0
20160729:1000,34.63,18.15,899.0,757.4,223.0,390.2,1.17,162.0,95643.0
20160729:1100,36.0,16.1,977.0,779.43,231.0,399.05,1.66,146.0,95596.0
20160729:1200,37.11,14.75,979.0,753.01,250.0,405.25,2.14,141.0,95549.0
20160729:1300,37.88,13.9,933.0,754.77,235.0,408.85,2.28,138.0,95455.0
20160729:1400,38.4,13.3,827.0,737.27,215.0,410.65,2.21,137.0,95417.0
20160729:1500,38.65,13.0,679.0,734.29,172.0,410.45,2.07,135.0,95351.0
20160729:1600,38.75,12.85,478.0,640.24,148.0,408.25,2.34,139.0,95304.0
20160729:1700,38.55,12.95,262.0,485.93,108.0,403.85,2.9,148.0,95257.0
20160729:1800,38.02,13.25,64.0,212.06,41.0,397.85,3.93,155.0,95266.0
20160729:1900,37.13,14.2,0.0,0.0,0.0,394.6,4.76,165.0,95257.0
20160729:2000,35.72,15.35,0.0,0.0,0.0,390.25,5.38,168.0,95323.0
20160729:2100,34.51,16.4,0.0,0.0,0.0,387.2,5.1,175.0,95370.0
20160729:2200,33.41,17.45,0.0,0.0,0.0,383.4,4.62,183.0,95389.0
20160729:2300,32.34,18.6,0.0,0.0,0.0,380.2,4.14,191.0,95436.0
20160730:0000,31.3,19.8,0.0,0.0,0.0,376.8,3.66,200.0,95445.0
20160730:0100,30.24,21.15,0.0,0.0,0.0,373.85,3.31,214.0,95389.0
20160730:0200,29.23,22.5,0.0,0.0,0.0,370.8,3.17,233.0,95398.0
20160730:0300,28.25,23.85,0.0,0.0,0.0,369.0,3.31,251.0,95379.0
20160730:0400,27.33,25.2,0.0,0.0,0.0,366.6,3.45,266.0,95389.0
20160730:0500,26.55,26.35,0.0,0.0,0.0,364.6,3.52,266.0,95436.0
20160730:0600,26.59,26.35,168.0,354.34,86.0,363.0,3.31,258.0,95455.0
20160730:0700,29.6,22.35,385.0,571.23,136.0,367.8,3.03,249.0,95492.0
20160730:0800,33.31,17.8,591.0,671.83,173.0,374.8,3.45,233.0,95549.0
20160730:0900,35.69,15.4,768.0,729.2,201.0,384.2,4.55,214.0,95539.0
20160730:1000,37.38,13.95,903.0,771.77,215.0,393.25,5.03,211.0,95539.0
20160730:1100,38.65,12.95,965.0,749.93,248.0,401.25,4.62,215.0,95492.0
20160730:1200,39.59,12.2,978.0,753.82,249.0,407.85,3.93,216.0,95408.0
20160730:1300,40.25,11.7,938.0,769.77,227.0,413.05,3.31,212.0,95370.0
20160730:1400,40.72,11.3,821.0,722.75,222.0,415.65,3.03,203.0,95304.0
20160730:1500,40.9,11.05,663.0,680.77,194.0,416.05,2.76,192.0,95238.0
20160730:1600,40.88,10.9,468.0,603.55,158.0,414.05,2.76,179.0,95210.0
20160730:1700,40.61,11.05,247.0,406.57,119.0,410.45,3.03,169.0,95172.0
20160730:1800,40.0,11.6,61.0,207.41,39.0,405.65,3.59,161.0,95191.0
20160730:1900,38.87,12.85,0.0,0.0,0.0,404.05,3.17,142.0,95201.0
20160730:2000,37.28,14.6,0.0,0.0,0.0,401.05,3.86,152.0,95285.0
20160730:2100,35.9,16.25,0.0,0.0,0.0,397.45,4.07,165.0,95379.0
20160730:2200,34.65,17.75,0.0,0.0,0.0,393.25,3.86,181.0,95408.0
20160730:2300,33.52,19.05,0.0,0.0,0.0,389.6,3.52,200.0,95426.0
20160731:0000,32.41,20.4,0.0,0.0,0.0,385.25,3.38,222.0,95417.0
20160731:0100,31.31,21.8,0.0,0.0,0.0,381.25,3.38,243.0,95379.0
20160731:0200,30.23,23.25,0.0,0.0,0.0,377.2,3.31,258.0,95370.0
20160731:0300,29.15,24.85,0.0,0.0,0.0,373.6,3.24,274.0,95351.0
20160731:0400,28.13,26.4,0.0,0.0,0.0,370.2,3.38,286.0,95361.0
20160731:0500,27.26,27.75,0.0,0.0,0.0,367.4,3.52,298.0,95398.0
20160731:0600,27.2,27.75,168.0,366.05,84.0,365.2,3.45,313.0,95445.0
20160731:0700,30.39,22.75,381.0,559.59,138.0,368.6,3.79,336.0,95502.0
20160731:0800,33.81,17.7,590.0,671.75,173.0,375.2,4.0,2.0,95549.0
20160731:0900,36.18,15.1,767.0,729.07,201.0,384.2,3.66,32.0,95558.0
20160731:1000,38.01,13.7,897.0,757.01,223.0,394.45,3.72,58.0,95549.0
20160731:1100,39.44,12.25,969.0,764.37,239.0,402.25,3.79,69.0,95530.0
20160731:1200,40.44,10.5,977.0,753.63,249.0,408.25,4.14,70.0,95473.0
20160731:1300,41.12,9.35,931.0,754.51,235.0,410.25,4.69,71.0,95417.0
20160731:1400,41.5,9.0,820.0,722.74,222.0,409.65,5.17,72.0,95361.0
20160731:1500,41.5,9.05,658.0,667.8,199.0,408.05,5.59,72.0,95313.0
20160731:1600,41.06,7.35,469.0,613.58,155.0,400.16,5.37,74.0,95295.0
20160731:1700,39.98,8.81,252.0,447.78,112.0,397.49,5.11,76.0,95285.0
20160731:1800,38.9,10.28,58.0,183.4,39.0,394.82,4.85,80.0,95295.0
20160731:1900,37.83,11.74,0.0,0.0,0.0,392.14,4.59,84.0,95295.0
20160731:2000,36.75,13.21,0.0,0.0,0.0,389.47,4.34,84.0,95398.0
20160731:2100,35.68,14.68,0.0,0.0,0.0,386.8,4.08,84.0,95473.0
20160731:2200,34.6,16.14,0.0,0.0,0.0,384.12,3.82,91.0,95511.0
20160731:2300,33.52,17.61,0.0,0.0,0.0,381.45,3.56,103.0,95502.0
20160801:0000,32.45,19.08,0.0,0.0,0.0,378.78,3.3,117.0,95464.0
20160801:0100,31.37,20.54,0.0,0.0,0.0,376.1,3.04,134.0,95417.0
20160801:0200,30.3,22.01,0.0,0.0,0.0,373.43,2.78,149.0,95398.0
20160801:0300,29.22,23.48,0.0,0.0,0.0,370.76,2.53,161.0,95445.0
20160801:0400,28.14,24.94,0.0,0.0,0.0,368.08,2.27,172.0,95473.0
20160801:0500,27.07,26.41,0.0,0.0,0.0,365.41,2.01,181.0,95539.0
20160801:0600,25.99,27.88,162.0,334.03,86.0,362.74,1.75,190.0,95596.0
20160801:0700,24.91,29.34,373.0,538.64,140.0,360.06,1.49,116.0,95662.0
20160801:0800,32.44,21.55,588.0,684.6,164.0,380.8,2.28,141.0,95709.0
20160801:0900,34.59,19.1,778.0,785.71,169.0,388.4,3.59,151.0,95699.0
20160801:1000,36.46,16.9,915.0,832.19,175.0,396.85,4.41,152.0,95737.0
20160801:1100,37.9,14.75,1000.0,871.12,169.0,404.85,4.55,150.0,95690.0
20160801:1200,38.98,12.7,1014.0,875.78,169.0,410.25,4.55,148.0,95652.0
20160801:1300,39.73,11.3,960.0,860.82,167.0,413.25,4.48,150.0,95577.0
20160801:1400,40.16,10.7,832.0,779.68,188.0,414.45,4.21,154.0,95521.0
20160801:1500,40.32,10.6,667.0,720.48,173.0,414.05,3.93,161.0,95417.0
20160801:1600,40.26,10.65,477.0,674.77,133.0,412.25,4.0,167.0,95361.0
20160801:1700,39.94,10.85,263.0,544.46,94.0,408.25,3.79,171.0,95342.0
20160801:1800,39.33,11.3,46.0,89.07,37.0,403.45,3.31,171.0,95351.0
20160801:1900,37.97,12.3,0.0,0.0,0.0,399.65,3.24,166.0,95389.0
20160801:2000,36.71,13.45,0.0,0.0,0.0,402.05,3.38,169.0,95483.0
20160801:2100,35.42,14.65,0.0,0.0,0.0,396.85,3.79,175.0,95539.0
20160801:2200,34.25,15.8,0.0,0.0,0.0,389.4,4.28,181.0,95549.0
20160801:2300,33.21,16.85,0.0,0.0,0.0,384.4,4.41,188.0,95530.0
20160802:0000,32.28,17.75,0.0,0.0,0.0,388.4,3.52,213.0,95539.0
20160802:0100,31.0,19.2,0.0,0.0,0.0,381.85,3.03,270.0,95539.0
20160802:0200,29.86,20.55,0.0,0.0,0.0,377.0,3.1,288.0,95530.0
20160802:0300,28.7,22.2,0.0,0.0,0.0,373.2,2.83,266.0,95521.0
20160802:0400,27.76,23.5,0.0,0.0,0.0,371.0,3.1,248.0,95511.0
20160802:0500,27.29,24.1,0.0,0.0,0.0,367.8,3.52,254.0,95539.0
20160802:0600,27.56,23.65,158.0,319.2,86.0,367.2,3.59,268.0,95577.0
20160802:0700,30.59,20.3,0.0,0.0,0.0,372.2,3.17,284.0,95605.0
20160802:0800,34.63,15.65,564.0,597.19,195.0,379.4,3.59,290.0,95624.0
20160802:0900,36.98,13.2,743.0,674.57,221.0,389.2,3.59,296.0,95615.0
20160802:1000,38.45,11.95,899.0,785.98,201.0,399.85,2.62,306.0,95596.0
20160802:1100,39.29,11.55,993.0,855.35,178.0,408.85,1.31,341.0,95586.0
20160802:1200,39.97,11.2,1007.0,859.2,179.0,417.65,1.52,18.0,95530.0
20160802:1300,40.65,10.9,949.0,829.43,186.0,419.85,2.55,11.0,95473.0
20160802:1400,40.96,10.85,826.0,764.11,196.0,425.05,3.45,5.0,95426.0
20160802:1500,40.31,11.3,633.0,605.34,219.0,424.25,3.93,26.0,95332.0
20160802:1600,39.74,12.05,465.0,624.3,148.0,423.65,3.45,64.0,95304.0
20160802:1700,38.88,13.0,224.0,321.36,125.0,438.45,2.76,82.0,95295.0
20160802:1800,38.73,12.9,57.0,203.25,37.0,413.65,2.28,117.0,95285.0
20160802:1900,38.59,12.1,0.0,0.0,0.0,412.25,1.03,57.0,95332.0
20160802:2000,37.4,13.4,0.0,0.0,0.0,403.65,1.45,160.0,95398.0
20160802:2100,35.88,14.95,0.0,0.0,0.0,408.65,2.41,186.0,95408.0
20160802:2200,34.41,16.85,0.0,0.0,0.0,406.65,2.0,198.0,95473.0
20160802:2300,33.81,17.35,0.0,0.0,0.0,394.85,0.21,191.0,95502.0
20160803:0000,31.3,20.3,0.0,0.0,0.0,388.0,2.14,28.0,95473.0
20160803:0100,30.48,20.6,0.0,0.0,0.0,379.65,3.45,40.0,95473.0
20160803:0200,29.63,21.95,0.0,0.0,0.0,377.8,3.66,47.0,95417.0
20160803:0300,28.97,22.55,0.0,0.0,0.0,376.8,4.0,42.0,95389.0
20160803:0400,28.3,21.8,0.0,0.0,0.0,367.4,4.62,34.0,95408.0
20160803:0500,27.68,21.1,0.0,0.0,0.0,363.8,5.24,32.0,95417.0
20160803:0600,27.43,22.85,161.0,353.31,82.0,359.8,5.66,36.0,95473.0
20160803:0700,28.92,24.3,0.0,0.0,0.0,359.4,5.52,34.0,95530.0
20160803:0800,30.47,25.85,575.0,645.64,177.0,363.6,5.86,39.0,95549.0
20160803:0900,32.24,25.25,754.0,714.51,202.0,371.6,5.86,46.0,95539.0
20160803:1000,34.01,23.5,898.0,785.89,201.0,381.8,6.0,53.0,95521.0
20160803:1100,35.62,20.75,992.0,855.34,178.0,391.8,5.93,59.0,95464.0
20160803:1200,36.86,18.0,1001.0,843.66,189.0,400.45,5.52,64.0,95455.0
20160803:1300,37.71,16.15,943.0,813.23,196.0,406.25,4.62,66.0,95379.0
20160803:1400,38.17,15.25,824.0,764.34,195.0,413.05,3.79,63.0,95313.0
20160803:1500,38.35,15.0,652.0,678.79,189.0,412.45,3.31,59.0,95266.0
20160803:1600,38.32,15.05,452.0,577.46,160.0,410.45,3.17,60.0,95210.0
20160803:1700,38.03,15.4,232.0,372.99,118.0,404.65,3.31,74.0,95191.0
20160803:1800,37.32,16.25,48.0,125.43,36.0,401.05,3.93,94.0,95191.0
20160803:1900,35.72,18.75,0.0,0.0,0.0,394.45,4.9,104.0,95248.0
20160803:2000,34.4,20.2,0.0,0.0,0.0,393.85,4.69,108.0,95342.0
20160803:2100,33.25,21.6,0.0,0.0,0.0,394.65,4.48,109.0,95426.0
20160803:2200,32.04,23.1,0.0,0.0,0.0,384.8,3.79,109.0,95379.0
20160803:2300,30.88,24.65,0.0,0.0,0.0,377.8,3.03,108.0,95455.0
20160804:0000,29.73,26.4,0.0,0.0,0.0,375.0,2.41,115.0,95436.0
20160804:0100,28.42,28.95,0.0,0.0,0.0,371.85,1.93,133.0,95436.0
20160804:0200,27.64,30.35,0.0,0.0,0.0,368.0,1.66,151.0,95342.0
20160804:0300,27.52,30.15,0.0,0.0,0.0,364.6,1.45,161.0,95351.0
20160804:0400,28.24,28.35,0.0,0.0,0.0,361.2,1.17,174.0,95351.0
20160804:0500,28.19,28.3,0.0,0.0,0.0,358.6,0.9,193.0,95379.0
20160804:0600,27.95,28.65,155.0,315.85,85.0,357.2,0.69,208.0,95417.0
20160804:0700,28.53,28.15,364.0,514.6,144.0,362.2,1.1,175.0,95455.0
20160804:0800,31.14,23.55,580.0,669.94,168.0,369.0,2.28,153.0,95502.0
20160804:0900,33.15,20.35,761.0,741.65,189.0,377.4,3.38,148.0,95483.0
20160804:1000,34.95,16.85,897.0,785.83,201.0,385.6,3.86,152.0,95511.0
20160804:1100,36.52,14.3,991.0,855.36,178.0,393.05,4.0,162.0,95436.0
20160804:1200,37.79,13.05,1005.0,859.34,179.0,399.25,3.86,176.0,95389.0
20160804:1300,38.77,12.3,941.0,813.39,195.0,405.05,3.45,191.0,95304.0
20160804:1400,39.38,11.7,822.0,763.42,195.0,407.65,3.03,203.0,95229.0
20160804:1500,39.94,11.2,647.0,665.97,194.0,412.05,2.97,208.0,95182.0
20160804:1600,40.11,10.9,76.0,0.0,76.0,407.45,2.69,211.0,95106.0
20160804:1700,39.94,10.75,192.0,194.63,133.0,405.25,2.21,228.0,95078.0
20160804:1800,39.54,10.85,51.0,172.29,35.0,412.85,1.17,245.0,95088.0
20160804:1900,38.62,11.55,0.0,0.0,0.0,409.65,1.1,229.0,95078.0
20160804:2000,37.48,12.55,0.0,0.0,0.0,423.05,1.93,173.0,95106.0
20160804:2100,35.87,14.35,0.0,0.0,0.0,405.65,1.72,89.0,95154.0
20160804:2200,34.0,17.4,0.0,0.0,0.0,388.6,4.14,61.0,95219.0
20160804:2300,32.63,20.2,0.0,0.0,0.0,383.4,4.76,67.0,95266.0
20160805:0000,31.52,21.9,0.0,0.0,0.0,381.4,3.79,89.0,95276.0
20160805:0100,30.48,23.0,0.0,0.0,0.0,380.65,3.17,118.0,95191.0
20160805:0200,29.32,24.2,0.0,0.0,0.0,371.6,2.9,148.0,95154.0
20160805:0300,28.07,25.95,0.0,0.0,0.0,369.6,2.34,180.0,95144.0
20160805:0400,26.87,28.1,0.0,0.0,0.0,359.8,2.0,232.0,95125.0
20160805:0500,25.91,29.4,0.0,0.0,0.0,354.0,2.69,280.0,95144.0
20160805:0600,25.62,30.1,153.0,314.14,84.0,351.0,3.31,311.0,95172.0
20160805:0700,29.0,25.6,366.0,533.1,139.0,356.4,4.48,344.0,95229.0
20160805:0800,31.84,23.2,572.0,643.84,177.0,363.2,6.41,4.0,95285.0
20160805:0900,34.14,20.45,752.0,714.34,202.0,373.2,6.55,15.0,95304.0
20160805:1000,35.94,17.65,886.0,756.4,217.0,383.8,5.79,21.0,95304.0
20160805:1100,37.2,15.55,974.0,808.01,207.0,390.8,4.76,22.0,95238.0
20160805:1200,38.17,13.35,982.0,796.96,217.0,394.85,4.14,16.0,95229.0
20160805:1300,38.93,11.4,919.0,753.53,229.0,398.05,4.07,10.0,95144.0
20160805:1400,39.5,9.8,812.0,735.71,209.0,398.05,4.21,8.0,95125.0
20160805:1500,39.73,8.7,641.0,653.15,198.0,395.85,4.48,10.0,95069.0
20160805:1600,39.62,8.2,448.0,576.61,159.0,390.6,4.83,14.0,95059.0
20160805:1700,39.09,8.25,232.0,399.26,112.0,385.0,5.17,18.0,95059.0
20160805:1800,38.18,9.0,44.0,122.26,33.0,379.4,5.24,24.0,95106.0
20160805:1900,36.69,10.6,0.0,0.0,0.0,375.0,4.21,35.0,95125.0
20160805:2000,35.26,12.3,0.0,0.0,0.0,373.2,4.0,51.0,95229.0
20160805:2100,33.9,14.2,0.0,0.0,0.0,371.6,4.07,61.0,95304.0
20160805:2200,32.6,16.45,0.0,0.0,0.0,369.6,3.86,62.0,95313.0
20160805:2300,31.36,18.75,0.0,0.0,0.0,366.8,3.38,53.0,95332.0
20160806:0000,30.15,21.0,0.0,0.0,0.0,363.6,3.24,34.0,95323.0
20160806:0100,29.04,23.15,0.0,0.0,0.0,360.25,3.72,17.0,95266.0
20160806:0200,28.22,24.9,0.0,0.0,0.0,356.4,4.55,12.0,95295.0
20160806:0300,27.69,26.25,0.0,0.0,0.0,355.2,5.79,14.0,95304.0
20160806:0400,27.08,30.55,0.0,0.0,0.0,355.0,6.9,19.0,95332.0
20160806:0500,26.14,38.6,0.0,0.0,0.0,354.2,7.1,23.0,95417.0
20160806:0600,25.86,42.75,160.0,376.73,78.0,353.4,7.1,23.0,95445.0
20160806:0700,27.67,39.75,374.0,584.77,126.0,359.8,8.0,25.0,95464.0
20160806:0800,29.66,35.55,577.0,668.28,168.0,367.0,8.62,34.0,95511.0
20160806:0900,31.68,30.9,759.0,741.6,189.0,376.4,8.55,44.0,95492.0
20160806:1000,33.59,25.9,900.0,800.5,193.0,386.0,8.0,54.0,95502.0
20160806:1100,35.25,21.65,999.0,886.09,159.0,395.05,7.03,64.0,95473.0
20160806:1200,36.53,18.4,991.0,827.3,198.0,401.65,6.14,76.0,95455.0
20160806:1300,37.44,16.1,938.0,812.76,195.0,406.25,5.45,88.0,95398.0
20160806:1400,37.96,14.65,823.0,777.63,187.0,408.25,4.9,96.0,95351.0
20160806:1500,38.13,13.95,654.0,703.92,178.0,408.05,4.34,98.0,95323.0
20160806:1600,38.01,13.75,453.0,609.39,149.0,406.05,3.79,95.0,95285.0
20160806:1700,37.67,13.9,230.0,396.12,112.0,401.65,3.45,89.0,95276.0
20160806:1800,37.13,14.4,42.0,114.94,32.0,396.65,3.38,79.0,95313.0
20160806:1900,36.07,16.15,0.0,0.0,0.0,406.25,3.66,70.0,95332.0
20160806:2000,34.9,17.6,0.0,0.0,0.0,392.0,4.21,67.0,95426.0
20160806:2100,33.8,19.15,0.0,0.0,0.0,389.2,4.76,66.0,95473.0
20160806:2200,32.8,20.65,0.0,0.0,0.0,386.8,4.97,72.0,95492.0
20160806:2300,31.8,21.9,0.0,0.0,0.0,384.8,4.97,82.0,95473.0
20160807:0000,30.78,22.8,0.0,0.0,0.0,382.8,4.55,88.0,95502.0
20160807:0100,29.53,23.9,0.0,0.0,0.0,374.45,3.86,82.0,95408.0
20160807:0200,28.48,25.15,0.0,0.0,0.0,373.8,3.66,65.0,95426.0
20160807:0300,27.41,27.2,0.0,0.0,0.0,369.2,4.62,42.0,95455.0
20160807:0400,26.16,30.45,0.0,0.0,0.0,360.6,5.52,37.0,95521.0
20160807:0500,24.99,32.8,0.0,0.0,0.0,357.2,5.66,37.0,95568.0
20160807:0600,24.62,32.0,158.0,375.57,77.0,353.4,5.66,39.0,95652.0
20160807:0700,26.02,26.85,367.0,551.64,134.0,357.4,7.03,42.0,95671.0
20160807:0800,27.74,24.6,576.0,668.29,168.0,363.0,7.17,45.0,95728.0
20160807:0900,29.71,24.8,757.0,740.3,189.0,378.2,7.03,51.0,95690.0
20160807:1000,31.39,24.9,893.0,784.66,201.0,384.2,6.83,58.0,95709.0
20160807:1100,32.86,23.95,977.0,822.87,198.0,394.45,6.28,65.0,95671.0
20160807:1200,33.99,22.9,990.0,827.46,198.0,395.85,5.66,70.0,95633.0
20160807:1300,34.79,22.2,932.0,797.73,204.0,406.45,5.24,75.0,95530.0
20160807:1400,35.34,21.65,817.0,763.43,194.0,407.45,4.76,81.0,95530.0
20160807:1500,35.49,21.5,651.0,703.15,177.0,410.45,4.21,84.0,95464.0
20160807:1600,35.44,21.55,431.0,521.72,172.0,409.05,3.66,84.0,95426.0
20160807:1700,35.16,21.95,226.0,386.25,112.0,405.85,3.38,79.0,95445.0
20160807:1800,34.61,22.95,40.0,119.12,30.0,401.05,3.72,69.0,95426.0
20160807:1900,33.15,25.95,0.0,0.0,0.0,394.25,4.62,66.0,95473.0
20160807:2000,32.31,27.6,0.0,0.0,0.0,391.2,4.83,67.0,95558.0
20160807:2100,31.35,29.35,0.0,0.0,0.0,388.0,4.76,74.0,95586.0
20160807:2200,30.38,31.1,0.0,0.0,0.0,384.0,4.69,80.0,95577.0
20160807:2300,29.42,32.95,0.0,0.0,0.0,380.2,4.69,86.0,95568.0
20160808:0000,28.52,35.1,0.0,0.0,0.0,377.2,4.62,88.0,95596.0
20160808:0100,27.64,37.7,0.0,0.0,0.0,374.25,4.41,90.0,95549.0
20160808:0200,26.8,40.5,0.0,0.0,0.0,372.4,4.07,92.0,95549.0
20160808:0300,26.0,43.2,0.0,0.0,0.0,370.8,3.72,92.0,95568.0
20160808:0400,25.22,45.6,0.0,0.0,0.0,367.0,3.38,89.0,95586.0
20160808:0500,24.48,47.7,0.0,0.0,0.0,363.8,3.17,82.0,95652.0
20160808:0600,24.26,48.0,157.0,379.08,76.0,362.6,2.97,75.0,95690.0
20160808:0700,26.48,39.15,371.0,582.43,126.0,367.4,3.79,90.0,95746.0
20160808:0800,28.51,33.2,577.0,679.8,163.0,374.2,4.41,99.0,95775.0
20160808:0900,30.41,29.7,756.0,740.33,189.0,382.6,4.83,101.0,95746.0
20160808:1000,32.08,27.5,907.0,830.12,176.0,391.25,5.45,107.0,95746.0
20160808:1100,33.27,25.25,981.0,838.85,188.0,399.25,5.24,112.0,95699.0
20160808:1200,34.22,23.65,989.0,826.62,199.0,405.85,4.76,116.0,95680.0
20160808:1300,34.79,22.85,940.0,827.7,186.0,413.25,4.14,119.0,95596.0
20160808:1400,35.34,22.1,820.0,777.48,187.0,413.05,3.52,118.0,95558.0
20160808:1500,35.55,21.75,649.0,702.45,177.0,414.85,2.97,114.0,95511.0
20160808:1600,35.55,21.65,443.0,583.07,155.0,418.85,2.76,106.0,95464.0
20160808:1700,35.31,21.85,229.0,417.35,107.0,413.45,2.97,95.0,95455.0
20160808:1800,34.44,23.15,41.0,136.12,30.0,410.65,2.9,90.0,95473.0
20160808:1900,33.92,22.75,0.0,0.0,0.0,402.65,4.55,98.0,95492.0
20160808:2000,33.01,23.45,0.0,0.0,0.0,399.05,5.17,103.0,95568.0
20160808:2100,32.0,23.9,0.0,0.0,0.0,395.85,5.52,111.0,95615.0
20160808:2200,31.08,23.85,0.0,0.0,0.0,395.85,5.52,120.0,95615.0
20160808:2300,30.13,24.0,0.0,0.0,0.0,385.8,5.31,130.0,95652.0
20160809:0000,29.17,24.55,0.0,0.0,0.0,377.4,4.97,137.0,95643.0
20160809:0100,28.3,25.45,0.0,0.0,0.0,371.65,4.48,144.0,95586.0
20160809:0200,27.47,26.55,0.0,0.0,0.0,369.2,4.0,150.0,95586.0
20160809:0300,26.63,27.85,0.0,0.0,0.0,365.4,3.52,156.0,95558.0
20160809:0400,25.8,29.3,0.0,0.0,0.0,362.4,3.1,161.0,95596.0
20160809:0500,24.98,30.95,0.0,0.0,0.0,359.8,2.76,164.0,95624.0
20160809:0600,24.57,31.9,151.0,344.87,78.0,359.0,2.41,159.0,95671.0
20160809:0700,26.82,28.25,371.0,592.0,123.0,361.0,2.69,144.0,95699.0
20160809:0800,29.02,25.1,582.0,704.56,154.0,367.2,3.66,144.0,95709.0
20160809:0900,30.93,22.6,763.0,767.84,176.0,375.8,4.41,145.0,95709.0
20160809:1000,32.74,19.95,901.0,814.32,185.0,388.2,4.9,149.0,95690.0
20160809:1100,34.23,18.25,980.0,837.96,189.0,395.25,5.17,151.0,95615.0
20160809:1200,35.3,17.65,982.0,811.15,208.0,399.65,5.17,153.0,95549.0
20160809:1300,36.13,17.25,938.0,827.04,186.0,405.05,5.1,158.0,95464.0
20160809:1400,36.58,17.0,813.0,762.11,194.0,414.65,4.62,166.0,95379.0
20160809:1500,36.78,16.75,643.0,688.39,182.0,419.65,4.0,178.0,95351.0
20160809:1600,36.81,16.7,441.0,582.06,155.0,414.45,4.14,187.0,95295.0
20160809:1700,36.6,16.9,222.0,390.45,109.0,406.85,4.28,192.0,95266.0
20160809:1800,36.04,17.5,37.0,115.98,28.0,400.05,4.21,189.0,95257.0
20160809:1900,35.25,18.45,0.0,0.0,0.0,399.85,4.41,166.0,95248.0
20160809:2000,34.04,20.0,0.0,0.0,0.0,392.45,5.24,164.0,95304.0
20160809:2100,33.0,21.2,0.0,0.0,0.0,388.8,5.93,167.0,95342.0
20160809:2200,32.1,22.3,0.0,0.0,0.0,385.2,6.34,171.0,95313.0
20160809:2300,31.3,23.25,0.0,0.0,0.0,381.6,6.55,174.0,95257.0
20160810:0000,30.53,24.35,0.0,0.0,0.0,378.2,6.48,176.0,95295.0
20160810:0100,29.77,25.45,0.0,0.0,0.0,374.85,6.34,179.0,95219.0
20160810:0200,29.04,26.5,0.0,0.0,0.0,371.6,6.14,182.0,95191.0
20160810:0300,28.31,27.55,0.0,0.0,0.0,368.2,5.86,184.0,95210.0
20160810:0400,27.58,28.6,0.0,0.0,0.0,365.0,5.31,188.0,95219.0
20160810:0500,26.9,29.5,0.0,0.0,0.0,362.4,4.76,193.0,95257.0
20160810:0600,26.77,29.4,140.0,276.62,82.0,364.6,4.34,197.0,95276.0
20160810:0700,28.63,26.3,278.0,213.34,189.0,374.2,4.83,189.0,95304.0
20160810:0800,30.75,22.25,598.0,780.61,125.0,372.8,6.0,186.0,95304.0
20160810:0900,33.01,18.95,348.0,26.21,328.0,382.8,6.9,185.0,95304.0
20160810:1000,35.17,16.65,358.0,10.25,349.0,389.6,7.59,186.0,95313.0
20160810:1100,36.66,15.4,144.0,0.0,144.0,404.45,8.14,193.0,95313.0
20160810:1200,37.88,14.2,263.0,0.0,263.0,410.05,7.86,201.0,95210.0
20160810:1300,38.93,13.05,699.0,286.5,439.0,422.65,7.24,209.0,95125.0
20160810:1400,39.65,12.25,802.0,733.15,208.0,431.85,6.69,223.0,95050.0
20160810:1500,39.52,12.0,645.0,701.28,177.0,433.45,5.66,252.0,95003.0
20160810:1600,38.87,12.05,334.0,216.9,228.0,429.45,6.62,256.0,94965.0
20160810:1700,37.52,13.9,239.0,520.2,90.0,435.65,4.97,243.0,95022.0
20160810:1800,37.14,14.2,37.0,134.58,27.0,424.45,2.34,180.0,95050.0
20160810:1900,36.22,15.95,0.0,0.0,0.0,418.65,3.93,177.0,95022.0
20160810:2000,35.08,17.65,0.0,0.0,0.0,411.25,3.72,158.0,95078.0
20160810:2100,34.19,18.65,0.0,0.0,0.0,409.65,3.93,157.0,95125.0
20160810:2200,33.14,19.75,0.0,0.0,0.0,399.45,3.93,182.0,95248.0
20160810:2300,32.08,21.8,0.0,0.0,0.0,411.05,1.03,240.0,95210.0
20160811:0000,31.23,22.45,0.0,0.0,0.0,413.25,3.31,10.0,95248.0
20160811:0100,30.23,25.35,0.0,0.0,0.0,392.65,4.48,40.0,95219.0
20160811:0200,29.09,28.1,0.0,0.0,0.0,380.4,4.07,68.0,95219.0
20160811:0300,28.31,29.7,0.0,0.0,0.0,389.4,2.97,98.0,95172.0
20160811:0400,27.08,32.6,0.0,0.0,0.0,385.6,2.14,140.0,95219.0
20160811:0500,26.53,33.15,0.0,0.0,0.0,383.0,2.69,158.0,95219.0
20160811:0600,27.44,30.1,35.0,0.0,35.0,397.65,3.86,165.0,95295.0
20160811:0700,28.77,26.9,203.0,55.36,180.0,411.45,4.14,177.0,95408.0
20160811:0800,30.66,24.2,229.0,8.27,224.0,414.45,4.48,186.0,95483.0
20160811:0900,32.19,21.9,106.0,0.0,106.0,413.45,4.34,197.0,95502.0
20160811:1000,33.3,20.35,704.0,341.14,405.0,432.05,4.0,196.0,95605.0
20160811:1100,34.13,19.65,808.0,428.23,405.0,440.25,3.31,171.0,95521.0
20160811:1200,34.9,18.7,702.0,237.63,476.0,433.45,4.14,128.0,95464.0
20160811:1300,35.59,18.05,527.0,86.12,449.0,432.85,6.34,110.0,95379.0
20160811:1400,36.63,16.75,690.0,433.11,340.0,417.85,6.97,115.0,95408.0
20160811:1500,36.8,16.1,450.0,186.48,326.0,427.25,6.14,119.0,95351.0
20160811:1600,36.37,16.6,438.0,590.57,151.0,430.45,4.28,91.0,95295.0
20160811:1700,33.31,23.95,20.0,0.0,20.0,435.25,3.59,8.0,95313.0
20160811:1800,32.05,26.95,3.0,0.0,3.0,426.45,0.76,112.0,95370.0
20160811:1900,31.55,30.0,0.0,0.0,0.0,408.05,4.41,81.0,95389.0
20160811:2000,30.75,31.7,0.0,0.0,0.0,407.85,4.41,66.0,95521.0
20160811:2100,29.69,34.55,0.0,0.0,0.0,409.25,5.72,45.0,95633.0
20160811:2200,28.79,37.2,0.0,0.0,0.0,400.05,5.66,41.0,95878.0
20160811:2300,27.87,39.95,0.0,0.0,0.0,395.25,5.17,43.0,95887.0
20160812:0000,27.02,42.65,0.0,0.0,0.0,391.85,5.31,49.0,95878.0
20160812:0100,26.15,46.1,0.0,0.0,0.0,388.45,5.17,52.0,95793.0
20160812:0200,25.22,50.0,0.0,0.0,0.0,377.2,5.79,47.0,95699.0
20160812:0300,24.56,52.95,0.0,0.0,0.0,373.2,6.14,40.0,95671.0
20160812:0400,23.9,55.8,0.0,0.0,0.0,372.4,6.14,38.0,95709.0
20160812:0500,23.12,59.8,0.0,0.0,0.0,381.6,5.52,39.0,95746.0
20160812:0600,22.54,64.25,151.0,389.0,71.0,385.0,4.14,50.0,95793.0
20160812:0700,24.46,56.05,363.0,577.75,124.0,371.6,5.03,35.0,95831.0
20160812:0800,26.18,50.5,571.0,676.82,163.0,372.8,6.34,49.0,95869.0
20160812:0900,28.11,43.1,758.0,766.92,175.0,383.4,6.62,65.0,95887.0
20160812:1000,29.41,38.8,892.0,798.81,193.0,395.65,6.14,72.0,95850.0
20160812:1100,30.79,35.05,975.0,837.6,188.0,397.25,5.86,74.0,95840.0
20160812:1200,31.78,32.25,993.0,857.38,179.0,397.85,5.72,74.0,95775.0
20160812:1300,32.81,29.55,928.0,810.99,195.0,404.45,5.31,70.0,95699.0
20160812:1400,33.47,27.85,811.0,775.47,186.0,404.25,5.24,62.0,95662.0
20160812:1500,33.75,26.1,640.0,698.89,177.0,406.45,5.24,59.0,95662.0
20160812:1600,33.23,26.45,389.0,401.52,195.0,405.85,5.17,67.0,95624.0
20160812:1700,32.26,27.55,152.0,107.06,122.0,410.85,4.76,64.0,95662.0
20160812:1800,31.59,28.45,28.0,74.09,23.0,409.45,4.76,75.0,95690.0
20160812:1900,30.86,29.0,0.0,0.0,0.0,397.45,5.72,71.0,95690.0
20160812:2000,29.83,32.2,0.0,0.0,0.0,386.8,5.38,74.0,95765.0
20160812:2100,28.9,35.5,0.0,0.0,0.0,379.6,4.76,73.0,95822.0
20160812:2200,27.93,38.75,0.0,0.0,0.0,371.2,4.21,71.0,95775.0
20160812:2300,27.19,41.25,0.0,0.0,0.0,376.6,4.07,75.0,95831.0
20160813:0000,26.23,44.1,0.0,0.0,0.0,367.4,4.28,80.0,95793.0
20160813:0100,25.34,46.9,0.0,0.0,0.0,363.65,4.07,82.0,95784.0
20160813:0200,24.43,50.0,0.0,0.0,0.0,359.8,3.79,78.0,95765.0
20160813:0300,23.56,53.2,0.0,0.0,0.0,356.0,3.72,72.0,95775.0
20160813:0400,22.76,56.4,0.0,0.0,0.0,352.0,3.59,65.0,95784.0
20160813:0500,22.04,59.45,0.0,0.0,0.0,348.8,3.45,61.0,95831.0
20160813:0600,21.86,60.6,150.0,387.94,71.0,346.4,3.31,60.0,95869.0
20160813:0700,23.5,54.4,364.0,587.5,122.0,346.2,4.9,70.0,95916.0
20160813:0800,25.02,47.45,572.0,690.24,157.0,351.2,6.14,78.0,95953.0
20160813:0900,26.63,40.85,753.0,752.6,182.0,357.4,6.55,83.0,95972.0
20160813:1000,28.34,35.0,890.0,799.01,192.0,364.0,6.69,86.0,95953.0
20160813:1100,29.93,30.1,958.0,792.07,215.0,370.6,6.76,86.0,95906.0
20160813:1200,31.23,26.05,976.0,810.38,208.0,375.4,6.76,85.0,95831.0
20160813:1300,32.22,22.85,916.0,780.57,212.0,378.4,6.69,83.0,95775.0
20160813:1400,32.83,21.0,805.0,760.19,194.0,379.2,6.55,80.0,95699.0
20160813:1500,33.09,20.5,637.0,698.55,176.0,378.6,6.48,76.0,95680.0
20160813:1600,32.96,20.7,436.0,610.07,143.0,376.2,6.55,75.0,95652.0
20160813:1700,32.44,21.55,211.0,379.07,106.0,372.2,6.48,76.0,95652.0
20160813:1800,31.5,23.2,27.0,78.17,22.0,368.2,6.28,78.0,95662.0
20160813:1900,29.98,27.1,0.0,0.0,0.0,362.6,5.31,83.0,95699.0
20160813:2000,29.05,29.3,0.0,0.0,0.0,364.6,4.9,84.0,95775.0
20160813:2100,28.06,31.7,0.0,0.0,0.0,360.4,4.48,85.0,95840.0
20160813:2200,27.09,34.1,0.0,0.0,0.0,358.0,4.0,87.0,95775.0
20160813:2300,26.14,36.55,0.0,0.0,0.0,354.8,3.38,85.0,95850.0
20160814:0000,25.19,39.0,0.0,0.0,0.0,352.6,3.1,76.0,95793.0
20160814:0100,24.3,41.45,0.0,0.0,0.0,349.85,3.03,66.0,95775.0
20160814:0200,23.48,43.8,0.0,0.0,0.0,346.8,3.17,55.0,95775.0
20160814:0300,22.76,45.95,0.0,0.0,0.0,344.4,3.38,47.0,95775.0
20160814:0400,22.13,47.95,0.0,0.0,0.0,342.2,3.66,42.0,95812.0
20160814:0500,21.62,49.6,0.0,0.0,0.0,340.4,3.93,44.0,95812.0
20160814:0600,21.65,49.65,147.0,376.94,71.0,339.2,4.14,52.0,95878.0
20160814:0700,24.03,43.8,364.0,597.35,119.0,347.4,4.48,60.0,95887.0
20160814:0800,25.88,42.0,571.0,688.74,158.0,354.0,5.79,73.0,95916.0
20160814:0900,27.71,38.9,764.0,795.03,162.0,362.0,6.34,80.0,95906.0
20160814:1000,29.49,33.0,894.0,814.14,184.0,369.8,6.76,82.0,95887.0
20160814:1100,31.02,27.1,967.0,822.24,197.0,376.4,6.69,80.0,95840.0
20160814:1200,32.27,22.65,979.0,825.62,198.0,379.8,6.41,78.0,95803.0
20160814:1300,33.21,19.65,929.0,825.64,186.0,382.0,6.21,75.0,95728.0
20160814:1400,33.82,17.85,807.0,773.59,187.0,382.0,6.14,73.0,95662.0
20160814:1500,34.06,16.95,638.0,710.46,171.0,380.2,6.14,73.0,95624.0
20160814:1600,33.96,16.75,440.0,643.19,133.0,377.4,6.21,74.0,95615.0
20160814:1700,33.4,17.3,213.0,416.52,99.0,373.4,6.21,76.0,95596.0
20160814:1800,32.5,18.5,26.0,82.83,21.0,368.0,5.86,79.0,95652.0
20160814:1900,30.89,22.65,0.0,0.0,0.0,368.6,4.9,83.0,95662.0
20160814:2000,29.88,24.4,0.0,0.0,0.0,365.0,4.41,84.0,95765.0
20160814:2100,28.83,26.5,0.0,0.0,0.0,362.4,4.0,88.0,95812.0
20160814:2200,27.77,28.8,0.0,0.0,0.0,360.2,3.59,96.0,95803.0
20160814:2300,26.79,31.15,0.0,0.0,0.0,357.8,3.17,102.0,95784.0
20160815:0000,25.74,33.7,0.0,0.0,0.0,354.4,2.62,98.0,95803.0
20160815:0100,24.5,37.1,0.0,0.0,0.0,351.85,2.0,75.0,95718.0
20160815:0200,23.59,39.5,0.0,0.0,0.0,349.2,2.28,41.0,95728.0
20160815:0300,22.85,41.45,0.0,0.0,0.0,347.4,2.62,30.0,95718.0
20160815:0400,22.14,43.6,0.0,0.0,0.0,345.2,2.83,38.0,95718.0
20160815:0500,21.59,45.4,0.0,0.0,0.0,343.4,3.1,55.0,95737.0
20160815:0600,21.53,46.0,144.0,365.72,71.0,341.8,3.17,64.0,95775.0
20160815:0700,24.31,39.6,354.0,553.42,128.0,345.6,3.38,61.0,95812.0
20160815:0800,27.03,33.9,566.0,675.55,162.0,353.0,4.07,65.0,95831.0
20160815:0900,29.01,31.3,746.0,738.41,188.0,362.6,4.21,73.0,95859.0
20160815:1000,30.76,27.7,883.0,783.4,201.0,372.8,4.48,78.0,95822.0
20160815:1100,32.33,23.6,960.0,806.55,206.0,381.4,4.41,82.0,95793.0
20160815:1200,33.65,20.4,0.0,0.0,0.0,388.2,4.28,84.0,95728.0
20160815:1300,34.73,18.1,917.0,795.23,203.0,392.85,4.07,86.0,95662.0
20160815:1400,35.47,16.7,800.0,759.6,193.0,395.45,3.86,88.0,95615.0
20160815:1500,35.87,16.0,635.0,710.33,170.0,395.45,3.86,92.0,95558.0
20160815:1600,35.92,15.75,428.0,596.71,145.0,393.45,3.93,98.0,95521.0
20160815:1700,35.57,15.9,206.0,381.02,103.0,388.4,4.21,102.0,95483.0
20160815:1800,34.82,16.3,23.0,70.56,19.0,382.2,4.21,106.0,95492.0
20160815:1900,33.19,18.9,0.0,0.0,0.0,375.6,3.66,110.0,95511.0
20160815:2000,31.99,20.15,0.0,0.0,0.0,370.4,3.59,112.0,95568.0
20160815:2100,30.8,21.6,0.0,0.0,0.0,366.2,3.38,116.0,95643.0
20160815:2200,29.66,23.2,0.0,0.0,0.0,363.4,3.1,124.0,95643.0
20160815:2300,28.52,24.95,0.0,0.0,0.0,361.4,2.83,131.0,95624.0
20160816:0000,27.34,27.0,0.0,0.0,0.0,358.8,2.55,140.0,95643.0
20160816:0100,26.11,29.45,0.0,0.0,0.0,357.05,2.21,151.0,95586.0
20160816:0200,25.45,30.85,0.0,0.0,0.0,355.6,1.86,164.0,95577.0
20160816:0300,25.63,30.2,0.0,0.0,0.0,354.0,1.52,184.0,95549.0
20160816:0400,26.2,28.75,0.0,0.0,0.0,352.8,1.38,200.0,95558.0
20160816:0500,26.05,28.8,0.0,0.0,0.0,351.2,1.24,210.0,95568.0
20160816:0600,26.09,28.6,135.0,308.73,74.0,350.0,1.1,210.0,95615.0
20160816:0700,27.76,26.4,354.0,563.23,125.0,355.4,0.9,198.0,95652.0
20160816:0800,29.84,23.05,564.0,675.71,161.0,362.2,1.24,160.0,95690.0
20160816:0900,32.19,19.35,744.0,737.27,188.0,371.2,2.14,149.0,95671.0
20160816:1000,34.09,17.0,891.0,813.58,184.0,380.6,2.83,152.0,95671.0
20160816:1100,35.55,15.85,959.0,805.85,207.0,389.0,3.03,157.0,95624.0
20160816:1200,36.58,15.15,965.0,794.86,216.0,396.45,2.97,161.0,95549.0
20160816:1300,37.29,14.6,910.0,779.24,212.0,401.25,2.69,164.0,95483.0
20160816:1400,37.75,14.15,797.0,758.15,193.0,404.65,2.28,170.0,95408.0
20160816:1500,37.99,13.75,625.0,682.66,180.0,404.65,1.93,178.0,95332.0
20160816:1600,38.09,13.45,420.0,573.06,150.0,402.65,1.93,184.0,95304.0
20160816:1700,37.92,13.5,202.0,378.45,101.0,400.05,2.21,183.0,95248.0
20160816:1800,37.53,13.65,24.0,113.32,18.0,401.25,2.76,177.0,95266.0
20160816:1900,36.43,15.65,0.0,0.0,0.0,406.65,3.66,172.0,95276.0
20160816:2000,35.21,17.05,0.0,0.0,0.0,405.85,3.79,174.0,95313.0
20160816:2100,33.86,18.55,0.0,0.0,0.0,388.0,3.1,189.0,95417.0
20160816:2200,32.54,20.05,0.0,0.0,0.0,384.2,2.55,211.0,95492.0
20160816:2300,31.25,21.65,0.0,0.0,0.0,382.0,2.48,224.0,95455.0
20160817:0000,29.96,23.25,0.0,0.0,0.0,376.0,2.55,236.0,95455.0
20160817:0100,28.75,24.75,0.0,0.0,0.0,373.25,2.55,256.0,95370.0
20160817:0200,27.5,26.35,0.0,0.0,0.0,368.8,2.55,284.0,95332.0
20160817:0300,26.3,27.95,0.0,0.0,0.0,365.4,2.76,306.0,95295.0
20160817:0400,25.54,29.0,0.0,0.0,0.0,362.4,3.24,322.0,95295.0
20160817:0500,25.14,29.9,0.0,0.0,0.0,361.4,3.86,336.0,95304.0
20160817:0600,25.39,30.5,133.0,301.7,74.0,363.0,4.14,346.0,95351.0
20160817:0700,27.83,31.05,343.0,511.37,136.0,365.6,4.28,350.0,95398.0
20160817:0800,30.73,27.3,560.0,662.44,166.0,376.2,4.55,359.0,95436.0
20160817:0900,33.1,23.35,698.0,595.3,250.0,385.0,4.48,15.0,95455.0
20160817:1000,34.6,20.7,845.0,683.65,252.0,397.85,3.59,36.0,95455.0
20160817:1100,35.61,19.05,978.0,868.52,169.0,409.05,2.28,49.0,95398.0
20160817:1200,36.21,18.1,984.0,856.03,179.0,420.25,1.03,39.0,95342.0
20160817:1300,36.83,17.1,923.0,824.78,186.0,434.85,0.48,298.0,95257.0
20160817:1400,37.64,15.8,773.0,688.75,226.0,425.65,1.93,273.0,95201.0
20160817:1500,38.19,14.95,655.0,813.53,127.0,421.05,3.1,282.0,95097.0
20160817:1600,38.36,14.6,378.0,403.88,189.0,418.85,3.66,283.0,95069.0
20160817:1700,38.08,14.75,216.0,493.63,86.0,411.45,4.41,293.0,95069.0
20160817:1800,37.23,15.65,18.0,61.06,15.0,413.25,3.86,298.0,95097.0
20160817:1900,36.22,15.45,0.0,0.0,0.0,406.25,3.17,274.0,95106.0
20160817:2000,35.69,15.95,0.0,0.0,0.0,411.85,3.31,268.0,95163.0
20160817:2100,34.9,16.5,0.0,0.0,0.0,406.65,4.0,266.0,95210.0
20160817:2200,33.8,17.6,0.0,0.0,0.0,399.45,4.41,276.0,95238.0
20160817:2300,32.5,19.3,0.0,0.0,0.0,388.65,4.34,291.0,95201.0
20160818:0000,31.2,21.9,0.0,0.0,0.0,384.8,3.86,310.0,95154.0
20160818:0100,29.88,25.05,0.0,0.0,0.0,379.45,3.52,320.0,95125.0
20160818:0200,28.76,28.05,0.0,0.0,0.0,376.0,3.45,325.0,95069.0
20160818:0300,27.77,30.9,0.0,0.0,0.0,372.0,3.38,324.0,95059.0
20160818:0400,26.87,33.45,0.0,0.0,0.0,369.6,3.38,321.0,95050.0
20160818:0500,26.1,35.65,0.0,0.0,0.0,369.2,3.45,320.0,95069.0
20160818:0600,25.92,36.75,122.0,232.51,77.0,366.2,3.66,325.0,95097.0
20160818:0700,28.49,32.05,332.0,461.55,146.0,370.8,3.86,342.0,95135.0
20160818:0800,31.55,26.65,546.0,612.02,183.0,381.0,4.07,1.0,95191.0
20160818:0900,33.6,22.65,737.0,723.07,194.0,388.8,3.59,21.0,95201.0
20160818:1000,35.1,20.2,887.0,811.99,184.0,400.05,2.34,26.0,95238.0
20160818:1100,36.28,18.5,971.0,851.88,179.0,409.85,1.24,7.0,95125.0
20160818:1200,37.5,16.6,987.0,871.67,169.0,419.05,1.86,306.0,95106.0
20160818:1300,38.31,15.4,915.0,808.9,194.0,431.25,2.76,296.0,95050.0
20160818:1400,38.88,14.6,788.0,742.77,200.0,426.45,3.31,295.0,94994.0
20160818:1500,39.24,13.75,622.0,693.38,174.0,426.85,3.72,294.0,94946.0
20160818:1600,39.19,13.45,411.0,557.35,152.0,419.05,3.86,298.0,94928.0
20160818:1700,38.88,13.6,184.0,296.43,107.0,410.45,3.86,308.0,94909.0
20160818:1800,38.22,14.2,17.0,66.3,14.0,404.65,3.59,323.0,94928.0
20160818:1900,37.09,15.15,0.0,0.0,0.0,401.65,2.28,350.0,94928.0
20160818:2000,36.0,16.35,0.0,0.0,0.0,397.85,2.28,35.0,94994.0
20160818:2100,34.65,18.15,0.0,0.0,0.0,394.6,3.38,70.0,95059.0
20160818:2200,33.24,21.5,0.0,0.0,0.0,391.45,4.41,92.0,95106.0
20160818:2300,31.96,25.2,0.0,0.0,0.0,388.0,4.28,106.0,95125.0
20160819:0000,30.81,28.25,0.0,0.0,0.0,382.6,3.59,118.0,95144.0
20160819:0100,29.73,30.75,0.0,0.0,0.0,378.25,2.9,122.0,95106.0
20160819:0200,28.42,33.9,0.0,0.0,0.0,376.6,2.07,117.0,95097.0
20160819:0300,28.42,34.0,0.0,0.0,0.0,374.6,1.31,99.0,95116.0
20160819:0400,28.38,33.85,0.0,0.0,0.0,372.2,1.17,55.0,95125.0
20160819:0500,26.35,38.6,0.0,0.0,0.0,368.2,1.79,37.0,95163.0
20160819:0600,25.29,41.2,133.0,323.74,71.0,369.6,2.41,43.0,95219.0
20160819:0700,27.7,35.8,332.0,468.61,144.0,370.2,2.69,58.0,95285.0
20160819:0800,30.62,30.05,547.0,623.89,178.0,377.4,3.79,74.0,95304.0
20160819:0900,32.62,26.5,740.0,736.64,188.0,386.4,4.41,87.0,95332.0
20160819:1000,34.62,23.05,886.0,812.4,184.0,395.25,5.03,97.0,95323.0
20160819:1100,36.31,20.2,969.0,852.45,178.0,404.45,5.24,106.0,95266.0
20160819:1200,37.53,18.3,980.0,855.39,179.0,412.05,4.9,112.0,95248.0
20160819:1300,38.35,17.1,918.0,823.37,186.0,417.65,4.21,115.0,95172.0
20160819:1400,38.84,16.35,798.0,785.8,178.0,422.85,3.45,120.0,95125.0
20160819:1500,39.1,15.85,616.0,679.49,179.0,423.25,2.97,124.0,95088.0
20160819:1600,39.16,15.7,408.0,557.04,151.0,424.25,2.9,124.0,95031.0
20160819:1700,38.96,15.8,184.0,316.29,103.0,416.65,3.45,124.0,95022.0
20160819:1800,38.3,16.4,15.0,48.43,13.0,412.25,4.14,121.0,95022.0
20160819:1900,37.11,16.95,0.0,0.0,0.0,404.65,4.69,117.0,95059.0
20160819:2000,35.9,18.25,0.0,0.0,0.0,403.65,4.69,112.0,95163.0
20160819:2100,34.7,19.6,0.0,0.0,0.0,396.6,4.55,109.0,95219.0
20160819:2200,33.55,20.9,0.0,0.0,0.0,392.45,4.34,112.0,95238.0
20160819:2300,32.46,22.25,0.0,0.0,0.0,388.25,3.93,117.0,95257.0
20160820:0000,31.39,23.65,0.0,0.0,0.0,383.4,3.45,125.0,95257.0
20160820:0100,30.37,25.1,0.0,0.0,0.0,382.25,3.03,141.0,95229.0
20160820:0200,29.61,26.2,0.0,0.0,0.0,390.25,2.97,157.0,95219.0
20160820:0300,28.76,27.45,0.0,0.0,0.0,378.4,3.1,172.0,95229.0
20160820:0400,28.15,28.4,0.0,0.0,0.0,384.2,3.1,183.0,95219.0
20160820:0500,27.32,29.8,0.0,0.0,0.0,375.0,2.97,189.0,95238.0
20160820:0600,26.79,31.05,130.0,316.65,70.0,380.4,2.34,185.0,95266.0
20160820:0700,29.12,27.2,281.0,265.42,175.0,387.2,2.21,148.0,95313.0
20160820:0800,32.52,21.5,561.0,685.02,157.0,390.0,2.69,136.0,95342.0
20160820:0900,34.62,18.75,738.0,735.59,188.0,393.0,3.38,138.0,95379.0
20160820:1000,36.65,16.5,879.0,796.61,192.0,401.85,4.21,146.0,95398.0
20160820:1100,38.4,14.8,962.0,835.79,188.0,409.25,5.03,154.0,95342.0
20160820:1200,39.74,13.6,962.0,809.12,206.0,418.65,5.45,160.0,95351.0
20160820:1300,40.6,12.75,891.0,748.87,227.0,425.45,5.38,165.0,95266.0
20160820:1400,41.19,12.1,748.0,634.61,249.0,424.05,5.17,169.0,95210.0
20160820:1500,41.34,11.8,572.0,535.87,229.0,428.65,4.9,170.0,95144.0
20160820:1600,41.25,11.7,429.0,679.1,118.0,423.85,4.97,165.0,95088.0
20160820:1700,40.84,12.0,171.0,257.57,106.0,418.25,4.97,153.0,95097.0
20160820:1800,39.89,12.85,11.0,0.0,11.0,420.05,4.21,135.0,95106.0
20160820:1900,38.46,12.35,0.0,0.0,0.0,419.85,4.28,131.0,95163.0
20160820:2000,36.81,13.85,0.0,0.0,0.0,399.05,4.62,139.0,95248.0
20160820:2100,35.64,14.85,0.0,0.0,0.0,401.05,4.21,149.0,95323.0
20160820:2200,34.51,15.85,0.0,0.0,0.0,395.8,3.59,154.0,95389.0
20160820:2300,33.44,16.95,0.0,0.0,0.0,396.45,2.97,160.0,95417.0
20160821:0000,32.12,18.55,0.0,0.0,0.0,387.8,2.55,186.0,95426.0
20160821:0100,31.06,19.7,0.0,0.0,0.0,386.65,2.9,222.0,95398.0
20160821:0200,29.98,20.85,0.0,0.0,0.0,381.0,2.9,236.0,95370.0
20160821:0300,29.09,21.9,0.0,0.0,0.0,381.0,2.76,231.0,95342.0
20160821:0400,28.41,22.65,0.0,0.0,0.0,375.8,2.9,229.0,95342.0
20160821:0500,27.71,23.5,0.0,0.0,0.0,376.2,2.9,248.0,95323.0
20160821:0600,26.98,24.7,121.0,256.07,73.0,378.0,2.76,280.0,95361.0
20160821:0700,29.16,24.45,330.0,477.93,140.0,376.4,2.83,349.0,95379.0
20160821:0800,33.22,19.8,550.0,646.19,170.0,384.0,3.31,3.0,95426.0
20160821:0900,35.83,16.85,736.0,735.9,187.0,402.25,3.59,21.0,95455.0
20160821:1000,37.39,14.95,763.0,487.99,343.0,410.05,3.17,40.0,95426.0
20160821:1100,38.57,13.7,898.0,663.3,285.0,416.45,2.48,59.0,95417.0
20160821:1200,39.43,12.85,944.0,763.77,232.0,419.45,2.07,86.0,95408.0
20160821:1300,39.98,12.3,819.0,564.32,320.0,423.65,2.07,108.0,95323.0
20160821:1400,40.46,11.85,621.0,328.0,364.0,433.05,2.0,121.0,95276.0
20160821:1500,40.56,11.75,606.0,664.1,183.0,431.45,1.79,127.0,95219.0
20160821:1600,39.61,13.15,376.0,444.47,174.0,424.05,1.52,128.0,95201.0
20160821:1700,39.74,12.9,81.0,8.05,79.0,436.65,1.52,60.0,95219.0
20160821:1800,39.06,13.2,0.0,0.0,0.0,437.25,2.41,46.0,95210.0
20160821:1900,38.19,13.65,0.0,0.0,0.0,413.65,3.31,59.0,95257.0
20160821:2000,36.94,15.0,0.0,0.0,0.0,402.25,3.45,60.0,95323.0
20160821:2100,35.75,16.35,0.0,0.0,0.0,398.65,3.52,63.0,95389.0
20160821:2200,34.53,17.6,0.0,0.0,0.0,390.85,3.31,64.0,95408.0
20160821:2300,33.36,18.8,0.0,0.0,0.0,390.8,2.97,62.0,95408.0
20160822:0000,32.0,20.35,0.0,0.0,0.0,385.2,2.69,50.0,95398.0
20160822:0100,30.66,22.0,0.0,0.0,0.0,384.65,2.62,22.0,95370.0
20160822:0200,29.82,23.0,0.0,0.0,0.0,379.4,4.14,9.0,95361.0
20160822:0300,28.8,27.3,0.0,0.0,0.0,377.8,5.66,19.0,95389.0
20160822:0400,27.69,35.05,0.0,0.0,0.0,374.4,5.86,25.0,95436.0
20160822:0500,26.86,40.15,0.0,0.0,0.0,371.0,5.93,26.0,95502.0
20160822:0600,26.54,41.3,123.0,275.05,72.0,363.6,6.48,30.0,95530.0
20160822:0700,28.0,38.65,334.0,505.42,134.0,366.8,7.17,31.0,95605.0
20160822:0800,29.65,34.05,548.0,646.38,169.0,373.2,8.28,39.0,95633.0
20160822:0900,31.44,29.45,739.0,749.67,181.0,381.4,8.34,44.0,95652.0
20160822:1000,33.15,25.75,881.0,811.51,184.0,389.6,8.07,48.0,95671.0
20160822:1100,34.67,23.0,963.0,851.19,178.0,399.45,7.72,52.0,95615.0
20160822:1200,35.84,21.2,984.0,887.06,159.0,406.05,7.38,56.0,95605.0
20160822:1300,36.64,20.15,930.0,884.59,150.0,408.65,7.17,59.0,95492.0
20160822:1400,37.26,19.4,785.0,768.53,185.0,414.25,7.03,63.0,95483.0
20160822:1500,37.49,19.15,596.0,639.04,191.0,415.25,6.69,66.0,95417.0
20160822:1600,37.22,19.6,382.0,481.23,165.0,413.05,6.14,68.0,95417.0
20160822:1700,36.65,20.35,165.0,253.4,103.0,412.05,5.72,69.0,95426.0
20160822:1800,35.76,21.6,0.0,0.0,0.0,408.25,5.17,64.0,95426.0
20160822:1900,34.36,23.2,0.0,0.0,0.0,396.85,4.62,50.0,95455.0
20160822:2000,33.36,25.0,0.0,0.0,0.0,393.25,4.9,47.0,95530.0
20160822:2100,32.44,26.65,0.0,0.0,0.0,392.0,5.1,46.0,95558.0
20160822:2200,31.55,28.05,0.0,0.0,0.0,388.25,5.17,48.0,95577.0
20160822:2300,30.62,29.6,0.0,0.0,0.0,382.4,5.24,52.0,95530.0
20160823:0000,29.72,31.3,0.0,0.0,0.0,378.0,5.31,53.0,95568.0
20160823:0100,28.85,33.25,0.0,0.0,0.0,374.85,5.1,52.0,95502.0
20160823:0200,28.1,35.2,0.0,0.0,0.0,374.6,4.9,48.0,95511.0
20160823:0300,27.31,37.35,0.0,0.0,0.0,370.0,4.76,42.0,95473.0
20160823:0400,26.63,39.35,0.0,0.0,0.0,369.8,4.76,36.0,95492.0
20160823:0500,25.96,41.4,0.0,0.0,0.0,364.6,4.9,35.0,95549.0
20160823:0600,25.73,42.35,125.0,305.37,69.0,363.6,5.72,40.0,95605.0
20160823:0700,27.04,39.65,341.0,553.49,123.0,365.8,6.62,47.0,95662.0
20160823:0800,28.54,36.2,549.0,658.56,164.0,370.8,7.1,55.0,95643.0
20160823:0900,30.28,32.0,733.0,735.26,187.0,377.2,7.03,63.0,95680.0
20160823:1000,32.02,27.85,865.0,766.56,208.0,385.0,7.03,69.0,95728.0
20160823:1100,33.61,24.35,936.0,774.79,223.0,392.05,6.97,73.0,95596.0
20160823:1200,34.96,21.55,935.0,748.01,241.0,398.05,6.83,76.0,95549.0
20160823:1300,35.97,19.65,883.0,747.26,226.0,401.45,6.69,77.0,95473.0
20160823:1400,36.57,18.5,765.0,712.25,211.0,403.45,6.34,77.0,95398.0
20160823:1500,36.75,17.95,603.0,675.66,177.0,403.05,6.07,74.0,95361.0
20160823:1600,36.56,18.0,402.0,592.43,137.0,400.05,6.0,71.0,95313.0
20160823:1700,35.96,18.8,178.0,357.24,92.0,395.45,6.0,71.0,95313.0
20160823:1800,34.95,20.35,0.0,0.0,0.0,389.8,5.59,74.0,95323.0
20160823:1900,33.05,23.1,0.0,0.0,0.0,382.0,5.03,81.0,95361.0
20160823:2000,31.93,25.4,0.0,0.0,0.0,379.2,4.76,83.0,95436.0
20160823:2100,30.86,27.8,0.0,0.0,0.0,377.0,4.55,85.0,95483.0
20160823:2200,29.86,30.05,0.0,0.0,0.0,375.6,4.34,87.0,95483.0
20160823:2300,28.91,32.2,0.0,0.0,0.0,373.8,4.21,86.0,95464.0
20160824:0000,27.99,34.25,0.0,0.0,0.0,370.8,3.93,81.0,95473.0
20160824:0100,27.08,36.3,0.0,0.0,0.0,366.45,3.66,76.0,95417.0
20160824:0200,26.14,38.4,0.0,0.0,0.0,361.2,3.38,69.0,95398.0
20160824:0300,25.21,40.55,0.0,0.0,0.0,356.6,3.31,63.0,95417.0
20160824:0400,24.34,42.5,0.0,0.0,0.0,352.6,3.38,62.0,95464.0
20160824:0500,23.55,44.1,0.0,0.0,0.0,349.8,3.38,61.0,95521.0
20160824:0600,23.17,44.55,127.0,341.89,65.0,348.0,3.38,58.0,95539.0
20160824:0700,25.25,38.1,340.0,551.0,124.0,351.4,4.34,65.0,95596.0
20160824:0800,26.75,35.5,551.0,669.13,161.0,357.8,6.0,80.0,95605.0
20160824:0900,27.98,34.4,727.0,720.8,193.0,364.0,6.34,87.0,95633.0
20160824:1000,29.41,32.2,858.0,751.85,215.0,370.6,6.48,92.0,95615.0
20160824:1100,30.78,29.6,923.0,744.92,239.0,377.8,6.62,95.0,95558.0
20160824:1200,31.89,27.3,933.0,747.7,241.0,383.8,6.34,97.0,95549.0
20160824:1300,32.71,25.5,886.0,762.03,218.0,388.4,6.0,98.0,95473.0
20160824:1400,33.32,24.05,770.0,738.21,198.0,390.4,5.66,99.0,95408.0
20160824:1500,33.54,23.25,596.0,661.71,181.0,390.6,5.31,100.0,95361.0
20160824:1600,33.44,23.0,392.0,556.78,145.0,387.8,4.9,99.0,95304.0
20160824:1700,32.96,23.4,175.0,350.61,92.0,383.0,4.62,98.0,95295.0
20160824:1800,32.12,24.6,0.0,0.0,0.0,376.8,4.41,98.0,95285.0
20160824:1900,30.96,26.35,0.0,0.0,0.0,371.6,4.28,105.0,95323.0
20160824:2000,29.9,28.25,0.0,0.0,0.0,369.6,4.41,109.0,95389.0
20160824:2100,28.8,30.45,0.0,0.0,0.0,367.2,4.69,113.0,95417.0
20160824:2200,27.75,32.75,0.0,0.0,0.0,365.0,4.76,116.0,95417.0
20160824:2300,26.75,35.0,0.0,0.0,0.0,362.6,4.48,120.0,95398.0
20160825:0000,25.86,37.05,0.0,0.0,0.0,360.4,3.86,123.0,95398.0
20160825:0100,24.98,39.1,0.0,0.0,0.0,359.05,3.24,125.0,95370.0
20160825:0200,24.14,41.0,0.0,0.0,0.0,357.0,2.9,125.0,95351.0
20160825:0300,23.33,42.75,0.0,0.0,0.0,354.0,2.83,125.0,95361.0
20160825:0400,22.57,44.2,0.0,0.0,0.0,351.4,2.9,124.0,95398.0
20160825:0500,21.84,45.5,0.0,0.0,0.0,348.8,2.83,120.0,95408.0
20160825:0600,21.46,45.75,125.0,334.62,65.0,346.4,2.69,117.0,95473.0
20160825:0700,23.73,38.65,340.0,561.32,121.0,350.4,3.1,119.0,95511.0
20160825:0800,25.89,33.6,549.0,669.45,160.0,355.4,3.93,129.0,95521.0
20160825:0900,27.81,29.45,729.0,734.72,186.0,362.2,4.69,136.0,95530.0
20160825:1000,29.49,24.9,866.0,780.46,200.0,369.4,5.17,140.0,95549.0
20160825:1100,30.83,22.05,932.0,773.9,223.0,375.6,5.24,145.0,95502.0
20160825:1200,31.88,20.6,930.0,747.43,240.0,381.2,4.9,149.0,95436.0
20160825:1300,32.71,19.8,883.0,760.93,218.0,385.4,4.55,152.0,95389.0
20160825:1400,33.26,19.4,763.0,724.27,204.0,387.4,4.14,153.0,95295.0
20160825:1500,33.5,19.3,592.0,660.51,180.0,388.2,3.72,153.0,95257.0
20160825:1600,33.46,19.4,390.0,566.08,141.0,385.2,3.52,150.0,95238.0
20160825:1700,33.09,19.85,175.0,378.24,87.0,380.8,3.72,145.0,95229.0
20160825:1800,32.39,20.8,0.0,0.0,0.0,375.2,4.41,141.0,95219.0
20160825:1900,31.36,23.0,0.0,0.0,0.0,371.6,4.48,140.0,95266.0
20160825:2000,30.38,24.55,0.0,0.0,0.0,371.4,4.76,141.0,95342.0
20160825:2100,29.4,26.3,0.0,0.0,0.0,368.2,4.83,147.0,95379.0
20160825:2200,28.49,28.05,0.0,0.0,0.0,366.2,4.69,154.0,95389.0
20160825:2300,27.57,29.85,0.0,0.0,0.0,364.2,4.41,158.0,95379.0
20160826:0000,26.7,31.65,0.0,0.0,0.0,362.0,4.07,159.0,95417.0
20160826:0100,25.87,33.4,0.0,0.0,0.0,361.25,4.07,157.0,95379.0
20160826:0200,25.08,35.2,0.0,0.0,0.0,358.6,3.93,158.0,95379.0
20160826:0300,24.36,36.95,0.0,0.0,0.0,357.4,3.59,161.0,95417.0
20160826:0400,23.69,38.8,0.0,0.0,0.0,356.6,3.38,162.0,95464.0
20160826:0500,23.07,40.8,0.0,0.0,0.0,355.4,3.31,160.0,95539.0
20160826:0600,22.66,42.45,122.0,321.56,65.0,349.2,3.17,159.0,95577.0
20160826:0700,24.66,38.5,336.0,548.58,123.0,355.4,3.17,149.0,95633.0
20160826:0800,26.84,33.55,541.0,643.91,168.0,359.0,4.41,149.0,95643.0
20160826:0900,28.81,29.35,724.0,720.25,193.0,366.8,5.24,149.0,95662.0
20160826:1000,30.42,26.65,854.0,751.69,214.0,375.4,5.24,147.0,95690.0
20160826:1100,31.66,24.35,919.0,743.98,239.0,383.2,5.03,144.0,95633.0
20160826:1200,32.7,22.3,923.0,733.1,248.0,388.4,4.69,142.0,95596.0
20160826:1300,33.46,20.8,875.0,746.1,225.0,392.4,4.28,141.0,95521.0
20160826:1400,33.97,19.8,760.0,723.28,204.0,394.25,3.86,142.0,95445.0
20160826:1500,34.13,19.4,599.0,696.44,167.0,393.6,3.38,140.0,95445.0
20160826:1600,34.04,19.4,393.0,596.27,133.0,391.6,3.1,138.0,95398.0
20160826:1700,33.71,19.75,169.0,358.82,87.0,387.6,3.38,134.0,95426.0
20160826:1800,33.06,20.55,0.0,0.0,0.0,381.6,3.93,132.0,95436.0
20160826:1900,32.02,22.6,0.0,0.0,0.0,378.4,4.28,134.0,95492.0
20160826:2000,30.94,24.75,0.0,0.0,0.0,375.6,4.41,139.0,95577.0
20160826:2100,29.93,27.05,0.0,0.0,0.0,375.2,4.48,146.0,95624.0
20160826:2200,28.95,29.3,0.0,0.0,0.0,370.8,4.41,154.0,95615.0
20160826:2300,28.02,31.3,0.0,0.0,0.0,368.4,4.21,161.0,95624.0
20160827:0000,27.15,33.1,0.0,0.0,0.0,365.8,4.07,166.0,95633.0
20160827:0100,26.33,34.7,0.0,0.0,0.0,363.45,3.86,170.0,95615.0
20160827:0200,25.54,36.15,0.0,0.0,0.0,360.4,3.66,173.0,95624.0
20160827:0300,24.78,37.55,0.0,0.0,0.0,358.6,3.38,174.0,95624.0
20160827:0400,24.0,39.15,0.0,0.0,0.0,356.6,3.03,176.0,95652.0
20160827:0500,23.17,41.15,0.0,0.0,0.0,354.8,2.62,185.0,95690.0
20160827:0600,22.69,42.4,118.0,302.48,65.0,356.4,2.34,191.0,95775.0
20160827:0700,24.77,38.5,332.0,538.31,124.0,364.8,1.66,193.0,95822.0
20160827:0800,27.97,31.4,542.0,654.59,164.0,367.8,2.48,181.0,95887.0
20160827:0900,29.8,28.6,726.0,732.94,187.0,382.2,3.38,174.0,95916.0
20160827:1000,31.34,26.1,829.0,680.45,251.0,389.0,3.66,170.0,95935.0
20160827:1100,32.57,24.05,917.0,743.56,239.0,394.85,3.59,166.0,95906.0
20160827:1200,33.58,22.1,925.0,747.04,239.0,401.85,3.59,161.0,95831.0
20160827:1300,34.36,20.3,872.0,745.05,225.0,404.05,3.52,158.0,95784.0
20160827:1400,34.84,19.15,752.0,707.98,210.0,403.45,3.45,157.0,95728.0
20160827:1500,35.06,18.55,588.0,669.62,175.0,402.25,3.17,156.0,95671.0
20160827:1600,34.97,18.4,389.0,594.68,132.0,398.25,2.97,156.0,95633.0
20160827:1700,34.68,18.45,166.0,361.07,85.0,396.25,2.97,155.0,95633.0
20160827:1800,34.09,18.75,0.0,0.0,0.0,390.0,3.59,153.0,95662.0
20160827:1900,33.05,20.05,0.0,0.0,0.0,387.4,3.66,153.0,95671.0
20160827:2000,32.04,21.1,0.0,0.0,0.0,384.8,4.07,157.0,95746.0
20160827:2100,31.05,22.35,0.0,0.0,0.0,383.0,4.21,164.0,95812.0
20160827:2200,30.08,23.85,0.0,0.0,0.0,378.6,4.14,173.0,95793.0
20160827:2300,29.17,25.45,0.0,0.0,0.0,373.0,4.14,183.0,95822.0
20160828:0000,28.29,27.15,0.0,0.0,0.0,368.2,3.93,193.0,95822.0
20160828:0100,27.48,28.8,0.0,0.0,0.0,366.65,3.86,200.0,95803.0
20160828:0200,26.71,30.45,0.0,0.0,0.0,364.6,3.72,206.0,95784.0
20160828:0300,26.0,32.1,0.0,0.0,0.0,362.4,3.79,212.0,95812.0
20160828:0400,25.43,33.5,0.0,0.0,0.0,363.2,3.79,217.0,95822.0
20160828:0500,24.86,34.9,0.0,0.0,0.0,360.2,3.79,221.0,95822.0
20160828:0600,24.67,35.5,118.0,311.84,64.0,360.4,3.72,228.0,95906.0
20160828:0700,26.75,32.0,330.0,535.77,124.0,358.6,3.45,233.0,95944.0
20160828:0800,29.6,26.85,535.0,630.62,172.0,367.0,4.14,229.0,96000.0
20160828:0900,31.82,23.3,716.0,706.18,198.0,382.8,4.69,221.0,96010.0
20160828:1000,33.44,20.9,841.0,722.18,229.0,386.8,4.62,223.0,96076.0
20160828:1100,34.72,19.1,920.0,758.58,230.0,395.05,4.14,233.0,95982.0
20160828:1200,35.74,17.8,907.0,703.23,263.0,401.25,3.79,242.0,95897.0
20160828:1300,36.44,16.75,855.0,702.45,247.0,402.05,3.45,249.0,95840.0
20160828:1400,36.92,15.85,797.0,877.57,128.0,404.45,3.1,253.0,95775.0
20160828:1500,37.14,15.15,607.0,761.62,140.0,403.85,2.9,255.0,95718.0
20160828:1600,37.12,14.75,381.0,569.81,137.0,401.45,2.69,252.0,95690.0
20160828:1700,36.9,14.65,173.0,440.74,76.0,397.85,2.62,242.0,95662.0
20160828:1800,36.35,15.15,0.0,0.0,0.0,392.25,2.97,220.0,95643.0
20160828:1900,34.9,16.9,0.0,0.0,0.0,386.2,3.66,213.0,95643.0
20160828:2000,33.66,18.7,0.0,0.0,0.0,382.2,4.07,211.0,95718.0
20160828:2100,32.47,20.55,0.0,0.0,0.0,379.2,4.14,214.0,95793.0
20160828:2200,31.32,22.35,0.0,0.0,0.0,375.6,4.0,217.0,95812.0
20160828:2300,30.29,24.1,0.0,0.0,0.0,373.0,4.0,218.0,95803.0
20160829:0000,29.31,25.95,0.0,0.0,0.0,369.6,4.0,217.0,95803.0
20160829:0100,28.47,27.7,0.0,0.0,0.0,369.25,4.0,221.0,95756.0
20160829:0200,27.66,29.4,0.0,0.0,0.0,364.4,4.0,230.0,95728.0
20160829:0300,26.9,30.85,0.0,0.0,0.0,361.8,4.14,242.0,95718.0
20160829:0400,26.23,32.0,0.0,0.0,0.0,359.2,4.41,251.0,95737.0
20160829:0500,25.67,32.85,0.0,0.0,0.0,356.2,4.69,256.0,95793.0
20160829:0600,25.53,32.8,115.0,303.89,63.0,353.8,4.97,259.0,95793.0
20160829:0700,27.63,28.45,327.0,525.37,126.0,356.2,5.1,261.0,95859.0
20160829:0800,30.47,23.4,530.0,616.98,176.0,362.6,6.0,260.0,95859.0
20160829:0900,32.94,19.75,714.0,705.29,198.0,371.4,6.76,258.0,95850.0
20160829:1000,34.9,17.9,844.0,735.76,222.0,380.4,7.1,261.0,95859.0
20160829:1100,36.41,16.25,908.0,728.52,247.0,388.4,6.34,266.0,95765.0
20160829:1200,37.5,14.2,915.0,731.5,247.0,396.05,4.62,270.0,95709.0
20160829:1300,37.96,12.75,862.0,730.33,232.0,407.05,2.76,271.0,95633.0
20160829:1400,38.17,12.15,745.0,706.16,209.0,403.85,1.72,276.0,95539.0
20160829:1500,38.31,11.75,578.0,654.63,179.0,405.45,1.17,287.0,95492.0
20160829:1600,38.23,11.6,376.0,568.12,135.0,401.25,0.83,304.0,95417.0
20160829:1700,37.95,11.65,155.0,324.4,85.0,396.25,0.41,342.0,95408.0
20160829:1800,37.5,11.95,0.0,0.0,0.0,389.8,0.48,106.0,95398.0
20160829:1900,36.41,13.15,0.0,0.0,0.0,385.8,1.93,111.0,95398.0
20160829:2000,34.96,14.6,0.0,0.0,0.0,381.6,2.28,121.0,95483.0
20160829:2100,33.33,16.4,0.0,0.0,0.0,378.0,2.55,137.0,95521.0
20160829:2200,31.85,18.35,0.0,0.0,0.0,374.4,3.1,161.0,95521.0
20160829:2300,30.76,20.1,0.0,0.0,0.0,371.4,3.86,186.0,95549.0
20160830:0000,29.85,21.5,0.0,0.0,0.0,368.2,4.55,203.0,95549.0
20160830:0100,29.05,22.6,0.0,0.0,0.0,365.25,4.9,216.0,95502.0
20160830:0200,28.36,23.5,0.0,0.0,0.0,363.6,5.03,225.0,95492.0
20160830:0300,27.67,24.55,0.0,0.0,0.0,359.6,4.97,233.0,95483.0
20160830:0400,26.95,25.6,0.0,0.0,0.0,356.8,4.76,239.0,95492.0
20160830:0500,26.24,26.65,0.0,0.0,0.0,354.0,4.69,245.0,95511.0
20160830:0600,25.9,27.05,111.0,278.01,64.0,352.4,4.62,250.0,95549.0
20160830:0700,28.36,23.6,321.0,504.38,129.0,357.2,4.69,243.0,95596.0
20160830:0800,31.46,19.2,525.0,605.02,179.0,364.2,5.45,237.0,95615.0
20160830:0900,34.07,16.2,724.0,745.54,180.0,373.4,6.14,230.0,95615.0
20160830:1000,35.88,14.6,847.0,749.45,215.0,382.4,6.55,228.0,95643.0
20160830:1100,37.15,13.5,910.0,742.55,238.0,390.8,6.14,229.0,95586.0
20160830:1200,38.1,12.55,928.0,774.24,223.0,397.25,5.45,227.0,95539.0
20160830:1300,38.63,11.75,873.0,772.42,209.0,403.65,4.55,222.0,95455.0
20160830:1400,38.84,11.4,750.0,733.11,196.0,412.65,3.86,216.0,95398.0
20160830:1500,38.89,11.25,577.0,665.26,174.0,404.65,3.52,211.0,95332.0
20160830:1600,38.76,11.3,354.0,473.65,155.0,403.05,3.66,205.0,95295.0
20160830:1700,38.26,11.5,146.0,283.79,86.0,400.85,4.0,200.0,95276.0
20160830:1800,37.3,12.05,0.0,0.0,0.0,401.05,3.72,199.0,95304.0
20160830:1900,36.11,12.45,0.0,0.0,0.0,393.6,4.07,196.0,95370.0
20160830:2000,34.96,13.4,0.0,0.0,0.0,401.05,4.34,195.0,95445.0
20160830:2100,33.69,14.7,0.0,0.0,0.0,389.2,4.76,196.0,95511.0
20160830:2200,32.63,16.0,0.0,0.0,0.0,384.0,5.03,199.0,95492.0
20160830:2300,31.94,17.1,0.0,0.0,0.0,390.8,5.66,203.0,95521.0
20160831:0000,31.02,18.25,0.0,0.0,0.0,378.6,5.45,214.0,95521.0
20160831:0100,29.88,19.35,0.0,0.0,0.0,366.45,4.55,239.0,95464.0
20160831:0200,28.73,20.35,0.0,0.0,0.0,364.0,4.07,268.0,95455.0
20160831:0300,27.65,21.4,0.0,0.0,0.0,360.2,3.86,280.0,95464.0
20160831:0400,26.84,22.3,0.0,0.0,0.0,361.8,3.66,277.0,95436.0
20160831:0500,26.01,23.25,0.0,0.0,0.0,354.2,3.72,275.0,95464.0
20160831:0600,25.69,23.55,109.0,269.47,64.0,356.6,3.72,276.0,95473.0
20160831:0700,27.88,21.15,317.0,493.76,130.0,356.6,2.83,269.0,95530.0
20160831:0800,31.86,16.15,526.0,615.82,175.0,363.2,3.03,271.0,95577.0
20160831:0900,34.39,13.65,702.0,677.48,209.0,372.6,3.31,266.0,95605.0
20160831:1000,36.18,12.15,835.0,721.63,228.0,382.4,4.0,250.0,95596.0
20160831:1100,37.39,11.35,903.0,727.89,246.0,391.6,4.83,242.0,95577.0
20160831:1200,38.25,10.85,905.0,715.95,255.0,406.65,5.1,242.0,95521.0
20160831:1300,38.82,10.5,851.0,714.45,239.0,416.25,4.97,244.0,95473.0
20160831:1400,38.56,10.95,661.0,477.22,302.0,415.25,4.83,247.0,95417.0
20160831:1500,38.04,11.0,341.0,86.38,289.0,410.65,3.38,258.0,95323.0
20160831:1600,38.81,3.72,385.0,658.63,111.0,404.89,0.36,270.0,95313.0
20160831:1700,37.45,7.7,124.0,169.08,89.0,399.9,0.99,208.0,95332.0
20160831:1800,36.08,11.67,0.0,0.0,0.0,394.9,1.61,178.0,95361.0
20160831:1900,34.71,15.64,0.0,0.0,0.0,389.91,2.24,220.0,95417.0
20160831:2000,33.34,19.62,0.0,0.0,0.0,384.92,2.87,186.0,95464.0
20160831:2100,31.98,23.59,0.0,0.0,0.0,379.93,3.49,29.0,95549.0
20160831:2200,30.61,27.56,0.0,0.0,0.0,374.94,4.12,19.0,95605.0
20160831:2300,29.24,31.54,0.0,0.0,0.0,369.94,4.74,15.0,95596.0
20130901:0000,27.87,35.51,0.0,0.0,0.0,364.95,5.37,18.0,95361.0
20130901:0100,26.5,39.48,0.0,0.0,0.0,359.96,5.99,16.0,95313.0
20130901:0200,25.14,43.45,0.0,0.0,0.0,354.97,6.62,14.0,95351.0
20130901:0300,23.77,47.43,0.0,0.0,0.0,349.97,7.25,13.0,95332.0
20130901:0400,22.4,51.4,0.0,0.0,0.0,344.98,7.87,12.0,95351.0
20130901:0500,21.03,55.37,0.0,0.0,0.0,339.99,8.5,11.0,95379.0
20130901:0600,19.66,59.35,112.0,293.42,63.0,335.0,9.12,9.0,95389.0
20130901:0700,18.3,63.32,323.0,522.8,125.0,330.01,9.75,9.0,95445.0
20130901:0800,23.61,48.75,544.0,689.51,151.0,350.6,8.97,16.0,95455.0
20130901:0900,25.35,44.3,739.0,810.77,149.0,359.0,8.76,24.0,95455.0
20130901:1000,27.0,41.05,887.0,889.25,139.0,366.8,8.07,31.0,95464.0
20130901:1100,28.48,37.5,969.0,930.63,129.0,375.2,7.24,34.0,95398.0
20130901:1200,29.71,33.6,981.0,949.47,119.0,382.2,6.69,34.0,95332.0
20130901:1300,30.68,29.85,802.0,582.54,303.0,385.4,6.41,32.0,95276.0
20130901:1400,31.37,27.1,710.0,616.8,246.0,393.45,6.28,30.0,95238.0
20130901:1500,31.65,25.2,550.0,576.42,203.0,389.4,6.41,29.0,95191.0
20130901:1600,31.5,24.0,359.0,516.81,144.0,381.4,6.48,30.0,95191.0
20130901:1700,30.98,23.65,149.0,333.32,80.0,374.6,6.62,32.0,95210.0
20130901:1800,30.11,24.35,0.0,0.0,0.0,368.6,6.14,35.0,95219.0
20130901:1900,29.02,27.05,0.0,0.0,0.0,369.0,5.24,36.0,95285.0
20130901:2000,28.29,27.85,0.0,0.0,0.0,368.8,4.97,40.0,95417.0
20130901:2100,27.4,29.0,0.0,0.0,0.0,361.2,4.34,38.0,95445.0
20130901:2200,26.54,30.15,0.0,0.0,0.0,358.4,4.34,29.0,95473.0
20130901:2300,25.74,31.5,0.0,0.0,0.0,356.0,5.79,21.0,95473.0
20130902:0000,24.93,35.15,0.0,0.0,0.0,361.0,7.31,23.0,95511.0
20130902:0100,24.34,40.2,0.0,0.0,0.0,373.65,7.72,26.0,95483.0
20130902:0200,23.58,44.8,0.0,0.0,0.0,366.8,7.72,30.0,95511.0
20130902:0300,22.82,47.9,0.0,0.0,0.0,371.0,7.31,33.0,95530.0
20130902:0400,21.98,49.9,0.0,0.0,0.0,353.6,6.41,30.0,95558.0
20130902:0500,21.31,51.8,0.0,0.0,0.0,349.6,5.86,26.0,95596.0
20130902:0600,20.89,53.5,103.0,236.46,64.0,344.6,5.31,22.0,95615.0
20130902:0700,22.42,51.6,323.0,530.82,123.0,355.2,6.34,23.0,95671.0
20130902:0800,23.8,49.2,551.0,728.82,137.0,366.0,6.55,32.0,95718.0
20130902:0900,25.11,48.05,733.0,795.1,156.0,375.8,6.28,44.0,95746.0
20130902:1000,26.31,45.6,884.0,889.18,138.0,381.8,5.72,52.0,95718.0
20130902:1100,27.42,42.2,936.0,832.05,187.0,386.2,4.97,52.0,95737.0
20130902:1200,28.0,39.65,814.0,498.27,363.0,399.85,4.41,49.0,95662.0
20130902:1300,28.75,36.2,813.0,620.97,283.0,405.85,4.14,46.0,95586.0
20130902:1400,29.21,33.95,542.0,228.37,371.0,405.45,4.0,45.0,95549.0
20130902:1500,29.41,32.95,549.0,586.82,198.0,401.65,3.86,46.0,95521.0
20130902:1600,29.32,32.8,323.0,366.66,172.0,396.65,3.79,45.0,95521.0
20130902:1700,28.97,33.25,161.0,469.04,66.0,399.25,3.72,47.0,95530.0
20130902:1800,28.49,34.2,0.0,0.0,0.0,395.25,3.59,51.0,95568.0
20130902:1900,27.84,37.05,0.0,0.0,0.0,390.0,3.93,59.0,95605.0
20130902:2000,27.52,37.95,0.0,0.0,0.0,398.45,3.45,63.0,95728.0
20130902:2100,26.96,39.4,0.0,0.0,0.0,390.25,2.62,68.0,95784.0
20130902:2200,26.18,41.45,0.0,0.0,0.0,377.6,2.07,73.0,95784.0
20130902:2300,25.38,43.7,0.0,0.0,0.0,375.4,1.79,71.0,95765.0
20130903:0000,24.47,46.5,0.0,0.0,0.0,370.0,1.72,62.0,95775.0
20130903:0100,23.8,48.35,0.0,0.0,0.0,372.25,2.0,48.0,95746.0
20130903:0200,23.17,50.1,0.0,0.0,0.0,365.8,2.34,43.0,95737.0
20130903:0300,22.87,50.95,0.0,0.0,0.0,371.0,2.9,44.0,95756.0
20130903:0400,22.62,52.05,0.0,0.0,0.0,371.4,3.66,45.0,95793.0
20130903:0500,22.14,54.8,0.0,0.0,0.0,367.6,3.93,44.0,95859.0
20130903:0600,21.77,57.95,107.0,276.32,62.0,362.4,3.59,42.0,95878.0
20130903:0700,22.75,62.85,323.0,541.6,120.0,362.0,4.28,55.0,95935.0
20130903:0800,24.06,60.85,543.0,701.3,146.0,375.0,4.97,70.0,95963.0
20130903:0900,25.25,57.35,735.0,809.78,149.0,379.2,4.76,80.0,96010.0
20130903:1000,26.29,53.45,878.0,872.41,148.0,384.2,4.14,79.0,96000.0
20130903:1100,27.16,50.1,948.0,880.02,158.0,390.4,3.86,73.0,95935.0
20130903:1200,28.26,45.95,745.0,362.39,418.0,406.05,3.86,66.0,95897.0
20130903:1300,28.84,43.05,801.0,595.06,295.0,405.65,3.72,58.0,95822.0
20130903:1400,29.15,40.1,68.0,0.0,68.0,398.05,3.79,51.0,95784.0
20130903:1500,29.42,37.85,67.0,0.0,67.0,405.45,3.86,49.0,95737.0
20130903:1600,29.3,37.2,155.0,12.27,150.0,405.05,3.79,51.0,95746.0
20130903:1700,28.71,36.55,98.0,80.8,82.0,396.25,3.52,49.0,95765.0
20130903:1800,28.17,37.25,0.0,0.0,0.0,384.0,2.55,66.0,95756.0
20130903:1900,27.5,39.55,0.0,0.0,0.0,393.0,2.55,64.0,95765.0
20130903:2000,26.88,41.3,0.0,0.0,0.0,376.6,3.24,71.0,95840.0
20130903:2100,26.23,42.3,0.0,0.0,0.0,378.2,3.66,70.0,95916.0
20130903:2200,25.38,44.4,0.0,0.0,0.0,369.2,3.1,69.0,95887.0
20130903:2300,24.48,47.6,0.0,0.0,0.0,362.8,2.55,68.0,95906.0
20130904:0000,23.58,51.55,0.0,0.0,0.0,363.4,1.79,73.0,95897.0
20130904:0100,22.64,57.4,0.0,0.0,0.0,357.45,1.17,77.0,95850.0
20130904:0200,22.9,54.55,0.0,0.0,0.0,351.8,0.76,64.0,95850.0
20130904:0300,22.78,54.5,0.0,0.0,0.0,350.2,0.62,25.0,95812.0
20130904:0400,22.41,55.95,0.0,0.0,0.0,348.2,0.9,24.0,95859.0
20130904:0500,20.11,65.9,0.0,0.0,0.0,347.2,1.72,51.0,95859.0
20130904:0600,19.46,69.15,112.0,342.09,57.0,346.0,2.41,65.0,95887.0
20130904:0700,22.13,63.5,337.0,638.35,99.0,351.8,1.1,90.0,95916.0
20130904:0800,24.81,52.35,558.0,783.53,116.0,357.4,1.93,113.0,95944.0
20130904:0900,26.39,47.4,749.0,870.32,121.0,367.2,1.93,135.0,95925.0
20130904:1000,27.78,42.35,885.0,904.74,130.0,376.8,1.52,143.0,95925.0
20130904:1100,28.95,38.15,961.0,929.43,129.0,386.8,1.38,137.0,95878.0
20130904:1200,29.98,34.55,972.0,948.33,119.0,394.45,1.52,129.0,95831.0
20130904:1300,30.83,31.6,893.0,879.46,148.0,399.05,1.86,130.0,95728.0
20130904:1400,31.29,29.85,784.0,911.48,108.0,400.85,1.52,135.0,95671.0
20130904:1500,31.25,29.55,569.0,696.29,158.0,411.45,1.59,148.0,95596.0
20130904:1600,31.58,28.8,287.0,257.87,183.0,403.65,2.41,164.0,95568.0
20130904:1700,30.82,29.7,40.0,0.0,40.0,400.45,3.17,165.0,95558.0
20130904:1800,30.3,30.7,0.0,0.0,0.0,398.85,3.38,156.0,95577.0
20130904:1900,28.61,37.4,0.0,0.0,0.0,393.25,3.38,130.0,95586.0
20130904:2000,27.69,40.15,0.0,0.0,0.0,384.6,3.03,55.0,95690.0
20130904:2100,24.39,58.25,0.0,0.0,0.0,392.6,6.48,14.0,95850.0
20130904:2200,22.88,67.3,0.0,0.0,0.0,390.4,5.93,4.0,95963.0
20130904:2300,22.42,69.6,0.0,0.0,0.0,392.0,2.48,8.0,95887.0
20130905:0000,22.38,69.9,0.0,0.0,0.0,381.6,1.1,87.0,95775.0
20130905:0100,22.26,70.6,0.0,0.0,0.0,371.45,1.86,149.0,95643.0
20130905:0200,21.82,70.85,0.0,0.0,0.0,355.6,2.62,176.0,95549.0
20130905:0300,21.44,70.85,0.0,0.0,0.0,352.0,2.97,180.0,95549.0
20130905:0400,21.03,71.4,0.0,0.0,0.0,350.8,2.97,180.0,95511.0
20130905:0500,20.57,72.4,0.0,0.0,0.0,349.0,2.9,184.0,95549.0
20130905:0600,20.24,73.55,110.0,340.28,56.0,348.0,2.69,193.0,95568.0
20130905:0700,21.61,71.65,337.0,655.27,94.0,352.4,2.21,146.0,95586.0
20130905:0800,24.02,58.2,561.0,805.9,108.0,362.4,3.17,152.0,95633.0
20130905:0900,25.97,50.8,753.0,895.11,109.0,372.8,4.0,159.0,95633.0
20130905:1000,27.86,44.35,895.0,948.1,106.0,375.6,4.62,166.0,95615.0
20130905:1100,29.57,38.7,972.0,973.57,103.0,385.2,4.83,174.0,95558.0
20130905:1200,31.24,33.55,978.0,977.06,102.0,389.8,4.9,183.0,95502.0
20130905:1300,32.57,29.4,904.0,927.91,121.0,394.8,4.9,192.0,95389.0
20130905:1400,33.59,26.15,765.0,852.31,136.0,397.85,4.83,202.0,95332.0
20130905:1500,34.17,23.9,577.0,748.82,138.0,398.45,4.76,210.0,95219.0
20130905:1600,34.4,22.5,358.0,591.54,122.0,396.85,4.69,214.0,95172.0
20130905:1700,34.11,22.65,135.0,328.27,73.0,393.45,4.07,212.0,95154.0
20130905:1800,32.78,25.9,0.0,0.0,0.0,387.4,3.24,198.0,95135.0
20130905:1900,31.53,28.05,0.0,0.0,0.0,382.6,3.86,185.0,95154.0
20130905:2000,30.28,29.55,0.0,0.0,0.0,377.2,4.55,182.0,95229.0
20130905:2100,29.27,30.5,0.0,0.0,0.0,373.2,5.17,184.0,95266.0
20130905:2200,28.49,31.4,0.0,0.0,0.0,369.6,5.59,188.0,95304.0
20130905:2300,27.7,32.8,0.0,0.0,0.0,368.4,5.31,191.0,95266.0
20130906:0000,27.06,33.75,0.0,0.0,0.0,366.8,5.52,190.0,95295.0
20130906:0100,26.24,35.0,0.0,0.0,0.0,357.45,5.38,189.0,95229.0
20130906:0200,25.47,36.15,0.0,0.0,0.0,352.8,5.24,192.0,95210.0
20130906:0300,24.81,37.0,0.0,0.0,0.0,349.6,5.03,199.0,95201.0
20130906:0400,24.26,37.55,0.0,0.0,0.0,346.4,4.97,209.0,95229.0
20130906:0500,23.81,37.9,0.0,0.0,0.0,344.6,5.03,218.0,95248.0
20130906:0600,23.61,37.9,85.0,146.87,62.0,343.2,4.83,226.0,95276.0
20130906:0700,25.58,36.9,296.0,422.96,140.0,351.2,4.9,216.0,95323.0
20130906:0800,28.73,29.55,528.0,660.62,158.0,358.0,5.79,213.0,95342.0
20130906:0900,31.67,23.75,725.0,793.23,156.0,367.0,7.03,210.0,95351.0
20130906:1000,34.08,19.85,875.0,886.92,139.0,378.0,7.86,212.0,95351.0
20130906:1100,35.86,17.25,955.0,928.13,129.0,386.8,8.28,217.0,95295.0
20130906:1200,37.18,15.15,971.0,964.64,109.0,394.45,8.28,224.0,95266.0
20130906:1300,38.03,13.65,895.0,911.37,129.0,397.85,8.28,229.0,95191.0
20130906:1400,38.48,12.7,749.0,804.87,158.0,400.05,8.07,234.0,95125.0
20130906:1500,38.5,12.35,564.0,705.97,153.0,402.65,7.59,239.0,95041.0
20130906:1600,38.31,12.2,344.0,534.77,133.0,398.65,6.9,241.0,95050.0
20130906:1700,37.44,12.25,126.0,287.7,73.0,394.6,5.93,243.0,95031.0
20130906:1800,36.0,13.5,0.0,0.0,0.0,406.85,3.72,243.0,95059.0
20130906:1900,35.07,12.0,0.0,0.0,0.0,395.85,4.28,211.0,95069.0
20130906:2000,33.57,13.4,0.0,0.0,0.0,382.6,4.34,206.0,95144.0
20130906:2100,32.13,15.3,0.0,0.0,0.0,369.8,4.69,206.0,95229.0
20130906:2200,31.03,17.3,0.0,0.0,0.0,365.8,5.03,203.0,95210.0
20130906:2300,30.2,19.25,0.0,0.0,0.0,363.8,5.45,202.0,95295.0
20130907:0000,29.46,21.1,0.0,0.0,0.0,363.8,5.66,201.0,95219.0
20130907:0100,28.79,22.65,0.0,0.0,0.0,361.25,5.79,203.0,95257.0
20130907:0200,28.21,23.8,0.0,0.0,0.0,357.8,5.79,207.0,95248.0
20130907:0300,27.65,24.8,0.0,0.0,0.0,356.8,5.66,212.0,95266.0
20130907:0400,27.13,25.65,0.0,0.0,0.0,354.4,5.45,217.0,95285.0
20130907:0500,26.58,26.55,0.0,0.0,0.0,351.0,5.17,221.0,95332.0
20130907:0600,26.28,27.05,97.0,245.95,59.0,349.8,4.83,222.0,95342.0
20130907:0700,27.59,27.3,310.0,504.37,125.0,351.6,3.24,233.0,95389.0
20130907:0800,31.1,22.1,529.0,673.81,153.0,359.0,3.45,222.0,95426.0
20130907:0900,34.05,18.55,715.0,763.49,169.0,369.8,4.21,206.0,95445.0
20130907:1000,36.36,15.7,863.0,854.44,156.0,381.6,5.24,192.0,95473.0
20130907:1100,37.98,13.1,938.0,877.97,159.0,391.2,6.83,179.0,95408.0
20130907:1200,38.84,11.4,947.0,896.05,149.0,400.65,7.59,171.0,95361.0
20130907:1300,39.18,10.65,873.0,845.77,165.0,403.05,7.59,165.0,95332.0
20130907:1400,39.44,9.95,733.0,759.75,178.0,395.65,7.66,161.0,95276.0
20130907:1500,39.36,9.35,553.0,678.14,161.0,393.25,7.66,159.0,95210.0
20130907:1600,38.99,8.95,343.0,553.67,127.0,386.8,7.52,158.0,95191.0
20130907:1700,38.25,8.9,137.0,417.74,62.0,380.6,6.9,157.0,95182.0
20130907:1800,36.67,9.7,0.0,0.0,0.0,375.6,4.97,154.0,95229.0
20130907:1900,34.97,10.7,0.0,0.0,0.0,368.2,4.55,154.0,95266.0
20130907:2000,33.5,11.65,0.0,0.0,0.0,362.4,4.07,150.0,95323.0
20130907:2100,32.19,12.6,0.0,0.0,0.0,358.4,4.0,146.0,95379.0
20130907:2200,31.06,13.4,0.0,0.0,0.0,356.6,4.21,139.0,95351.0
20130907:2300,30.13,14.05,0.0,0.0,0.0,355.2,4.48,133.0,95332.0
20130908:0000,29.33,14.65,0.0,0.0,0.0,354.8,4.62,132.0,95313.0
20130908:0100,28.62,15.1,0.0,0.0,0.0,358.45,4.55,139.0,95332.0
20130908:0200,27.96,15.55,0.0,0.0,0.0,360.4,4.34,145.0,95332.0
20130908:0300,27.33,16.05,0.0,0.0,0.0,359.6,4.14,148.0,95351.0
20130908:0400,26.62,16.7,0.0,0.0,0.0,353.8,4.0,148.0,95370.0
20130908:0500,25.92,17.5,0.0,0.0,0.0,354.4,3.86,149.0,95408.0
20130908:0600,25.41,18.4,84.0,150.93,61.0,356.0,3.59,153.0,95464.0
20130908:0700,27.36,17.85,313.0,534.62,118.0,369.2,3.59,162.0,95539.0
20130908:0800,30.28,14.7,518.0,634.97,165.0,369.2,4.14,168.0,95577.0
20130908:0900,32.7,12.55,744.0,883.7,114.0,389.6,4.97,165.0,95586.0
20130908:1000,34.63,11.6,847.0,808.49,180.0,393.6,5.59,167.0,95577.0
20130908:1100,36.62,10.9,935.0,877.29,159.0,407.85,6.48,175.0,95530.0
20130908:1200,38.53,10.2,944.0,895.78,149.0,406.85,7.45,181.0,95464.0
20130908:1300,39.91,9.6,879.0,876.86,148.0,410.05,8.21,185.0,95417.0
20130908:1400,40.46,9.3,737.0,788.52,164.0,411.45,8.28,185.0,95323.0
20130908:1500,40.66,9.15,581.0,822.48,109.0,408.45,7.66,184.0,95276.0
20130908:1600,40.47,9.1,312.0,414.89,152.0,405.25,6.9,181.0,95257.0
20130908:1700,39.9,9.2,111.0,223.09,72.0,401.25,5.66,177.0,95257.0
20130908:1800,38.11,10.25,0.0,0.0,0.0,397.65,3.93,165.0,95276.0
20130908:1900,36.5,11.7,0.0,0.0,0.0,397.45,3.86,146.0,95285.0
20130908:2000,35.6,12.35,0.0,0.0,0.0,417.25,3.79,140.0,95361.0
20130908:2100,34.38,13.35,0.0,0.0,0.0,400.85,3.72,139.0,95417.0
20130908:2200,33.05,14.4,0.0,0.0,0.0,400.05,2.48,166.0,95417.0
20130908:2300,31.07,17.1,0.0,0.0,0.0,392.45,1.86,264.0,95464.0
20130909:0000,30.03,20.8,0.0,0.0,0.0,394.45,4.34,323.0,95502.0
20130909:0100,28.69,27.4,0.0,0.0,0.0,385.05,5.17,344.0,95455.0
20130909:0200,27.79,32.6,0.0,0.0,0.0,395.8,4.9,348.0,95445.0
20130909:0300,26.76,37.85,0.0,0.0,0.0,385.4,5.24,342.0,95426.0
20130909:0400,25.81,43.55,0.0,0.0,0.0,373.0,6.0,344.0,95436.0
20130909:0500,25.02,47.7,0.0,0.0,0.0,355.0,6.0,356.0,95473.0
20130909:0600,24.65,49.1,80.0,139.74,59.0,352.0,5.72,14.0,95483.0
20130909:0700,26.25,36.75,321.0,595.57,105.0,351.6,4.48,29.0,95568.0
20130909:0800,29.35,25.9,467.0,447.8,219.0,362.8,4.48,48.0,95596.0
20130909:0900,32.35,16.75,695.0,706.39,193.0,369.6,4.83,72.0,95605.0
20130909:1000,34.42,12.95,845.0,807.28,181.0,379.6,5.03,101.0,95577.0
20130909:1100,36.12,11.7,927.0,860.78,168.0,383.4,5.66,125.0,95558.0
20130909:1200,37.67,10.85,926.0,846.94,177.0,388.2,6.62,140.0,95473.0
20130909:1300,38.92,9.9,870.0,860.09,156.0,391.6,7.59,151.0,95408.0
20130909:1400,39.63,8.85,713.0,715.27,196.0,395.05,8.07,160.0,95313.0
20130909:1500,39.65,8.55,529.0,610.91,181.0,398.65,8.07,166.0,95266.0
20130909:1600,39.3,8.85,284.0,307.0,167.0,399.25,7.66,169.0,95248.0
20130909:1700,38.61,9.5,124.0,358.71,63.0,396.65,6.69,168.0,95238.0
20130909:1800,37.16,10.65,0.0,0.0,0.0,399.05,4.62,164.0,95229.0
20130909:1900,35.57,12.05,0.0,0.0,0.0,395.65,4.07,143.0,95266.0
20130909:2000,34.2,13.35,0.0,0.0,0.0,389.4,4.0,124.0,95304.0
20130909:2100,32.91,14.8,0.0,0.0,0.0,396.85,4.48,113.0,95313.0
20130909:2200,31.81,15.85,0.0,0.0,0.0,389.25,4.97,119.0,95361.0
20130909:2300,31.09,16.65,0.0,0.0,0.0,375.2,5.24,139.0,95332.0
20130910:0000,30.55,17.75,0.0,0.0,0.0,381.0,4.97,158.0,95398.0
20130910:0100,29.17,20.35,0.0,0.0,0.0,371.65,3.1,180.0,95417.0
20130910:0200,27.71,24.25,0.0,0.0,0.0,378.8,1.24,228.0,95473.0
20130910:0300,27.67,24.15,0.0,0.0,0.0,373.8,0.97,332.0,95483.0
20130910:0400,25.4,29.8,0.0,0.0,0.0,365.4,2.0,10.0,95521.0
20130910:0500,24.35,33.9,0.0,0.0,0.0,354.2,3.03,11.0,95530.0
20130910:0600,23.6,37.8,103.0,357.75,50.0,344.8,3.72,7.0,95586.0
20130910:0700,23.65,50.3,288.0,418.75,137.0,351.8,8.97,38.0,95615.0
20130910:0800,25.04,47.3,548.0,792.14,111.0,350.0,9.1,42.0,95680.0
20130910:0900,26.87,40.1,685.0,677.62,205.0,357.4,8.69,48.0,95718.0
20130910:1000,28.61,32.9,727.0,481.72,332.0,360.2,7.72,55.0,95690.0
20130910:1100,30.21,27.25,924.0,860.14,168.0,368.6,6.83,64.0,95615.0
20130910:1200,31.46,23.6,957.0,961.21,110.0,376.2,6.14,72.0,95530.0
20130910:1300,32.6,20.65,834.0,752.49,212.0,381.4,5.72,80.0,95464.0
20130910:1400,33.4,18.25,721.0,756.74,177.0,379.2,5.45,87.0,95351.0
20130910:1500,33.78,16.5,537.0,659.75,164.0,377.8,5.17,91.0,95276.0
20130910:1600,33.8,15.3,331.0,555.05,122.0,374.2,4.97,92.0,95238.0
20130910:1700,33.4,14.7,68.0,36.31,62.0,368.4,4.9,90.0,95229.0
20130910:1800,32.27,15.2,0.0,0.0,0.0,363.4,4.07,81.0,95238.0
20130910:1900,31.08,17.0,0.0,0.0,0.0,360.6,3.86,80.0,95266.0
20130910:2000,29.82,18.0,0.0,0.0,0.0,356.2,4.0,76.0,95342.0
20130910:2100,28.63,19.1,0.0,0.0,0.0,352.6,4.0,75.0,95370.0
20130910:2200,27.52,20.25,0.0,0.0,0.0,349.0,4.0,73.0,95351.0
20130910:2300,26.5,21.65,0.0,0.0,0.0,346.0,4.0,69.0,95351.0
20130911:0000,25.6,23.35,0.0,0.0,0.0,344.2,4.0,63.0,95361.0
20130911:0100,24.78,25.55,0.0,0.0,0.0,343.45,4.07,57.0,95332.0
20130911:0200,24.06,28.1,0.0,0.0,0.0,342.8,4.0,52.0,95295.0
20130911:0300,23.36,30.7,0.0,0.0,0.0,342.2,3.79,49.0,95276.0
20130911:0400,22.66,33.2,0.0,0.0,0.0,341.0,3.59,44.0,95304.0
20130911:0500,22.02,35.5,0.0,0.0,0.0,340.2,3.59,36.0,95332.0
20130911:0600,21.7,37.0,74.0,116.43,57.0,339.0,3.72,33.0,95351.0
20130911:0700,24.19,36.4,295.0,463.06,129.0,356.8,4.76,50.0,95398.0
20130911:0800,26.26,33.4,520.0,669.7,152.0,355.0,5.79,59.0,95426.0
20130911:0900,28.24,31.65,702.0,746.43,175.0,368.0,6.28,68.0,95445.0
20130911:1000,30.3,28.85,853.0,852.7,156.0,381.4,6.55,73.0,95417.0
20130911:1100,32.07,25.75,936.0,908.64,140.0,383.4,6.69,77.0,95379.0
20130911:1200,33.54,22.6,954.0,961.34,110.0,386.8,6.9,82.0,95323.0
20130911:1300,34.51,20.15,876.0,906.47,130.0,388.25,6.9,88.0,95229.0
20130911:1400,34.92,18.85,716.0,755.37,176.0,390.2,6.97,94.0,95163.0
20130911:1500,35.0,18.2,532.0,657.7,163.0,389.4,6.9,96.0,95088.0
20130911:1600,34.73,17.8,290.0,365.66,154.0,385.6,6.76,98.0,95069.0
20130911:1700,34.11,17.65,101.0,218.15,66.0,380.8,6.34,96.0,95069.0
20130911:1800,32.88,18.5,0.0,0.0,0.0,375.0,4.97,86.0,95069.0
20130911:1900,31.47,19.6,0.0,0.0,0.0,366.8,4.41,86.0,95106.0
20130911:2000,30.18,21.0,0.0,0.0,0.0,361.6,4.14,74.0,95172.0
20130911:2100,28.94,22.75,0.0,0.0,0.0,357.4,4.28,63.0,95229.0
20130911:2200,27.84,24.45,0.0,0.0,0.0,355.2,4.28,60.0,95229.0
20130911:2300,26.94,25.65,0.0,0.0,0.0,355.6,4.28,59.0,95248.0
20130912:0000,26.07,26.3,0.0,0.0,0.0,352.4,4.14,61.0,95238.0
20130912:0100,25.32,26.55,0.0,0.0,0.0,351.85,3.79,62.0,95238.0
20130912:0200,24.5,26.8,0.0,0.0,0.0,349.0,3.38,60.0,95219.0
20130912:0300,23.68,27.4,0.0,0.0,0.0,345.8,3.24,53.0,95229.0
20130912:0400,22.98,28.0,0.0,0.0,0.0,345.0,3.38,47.0,95219.0
20130912:0500,22.29,28.85,0.0,0.0,0.0,339.0,3.66,37.0,95266.0
20130912:0600,21.95,29.4,26.0,0.0,26.0,335.8,3.93,35.0,95266.0
20130912:0700,24.01,29.2,323.0,645.42,93.0,338.4,4.83,54.0,95332.0
20130912:0800,26.6,26.4,509.0,632.2,163.0,350.2,6.0,63.0,95370.0
20130912:0900,28.77,24.1,737.0,891.07,110.0,357.2,6.62,71.0,95370.0
20130912:1000,30.73,21.3,832.0,791.63,187.0,361.4,6.69,76.0,95361.0
20130912:1100,32.48,18.8,943.0,941.47,121.0,370.6,6.62,80.0,95351.0
20130912:1200,33.85,16.7,916.0,844.92,177.0,376.2,6.62,86.0,95276.0
20130912:1300,34.87,15.0,831.0,765.28,204.0,382.4,6.48,90.0,95248.0
20130912:1400,35.41,13.65,692.0,683.69,206.0,383.8,6.0,93.0,95191.0
20130912:1500,35.61,12.75,562.0,813.75,109.0,388.4,5.66,95.0,95172.0
20130912:1600,35.48,12.05,295.0,405.67,146.0,381.2,5.38,94.0,95144.0
20130912:1700,35.06,11.8,107.0,302.07,60.0,375.8,5.17,85.0,95144.0
20130912:1800,33.5,13.05,0.0,0.0,0.0,370.6,4.76,60.0,95163.0
20130912:1900,32.19,14.45,0.0,0.0,0.0,366.8,4.07,54.0,95201.0
20130912:2000,30.73,15.85,0.0,0.0,0.0,364.0,4.97,46.0,95276.0
20130912:2100,29.46,18.0,0.0,0.0,0.0,361.8,5.66,44.0,95379.0
20130912:2200,28.29,21.55,0.0,0.0,0.0,361.4,6.07,42.0,95323.0
20130912:2300,27.32,25.45,0.0,0.0,0.0,361.0,6.0,43.0,95417.0
20130913:0000,26.46,27.95,0.0,0.0,0.0,359.0,5.59,47.0,95389.0
20130913:0100,25.84,28.7,0.0,0.0,0.0,364.65,5.31,51.0,95379.0
20130913:0200,25.05,28.95,0.0,0.0,0.0,354.4,5.03,54.0,95342.0
20130913:0300,24.32,29.05,0.0,0.0,0.0,349.2,4.9,55.0,95351.0
20130913:0400,23.61,29.0,0.0,0.0,0.0,347.0,4.83,55.0,95398.0
20130913:0500,22.92,29.15,0.0,0.0,0.0,345.6,4.69,54.0,95436.0
20130913:0600,22.35,30.3,63.0,63.51,54.0,342.0,4.55,51.0,95502.0
20130913:0700,23.5,47.0,320.0,643.69,92.0,341.8,6.34,45.0,95577.0
20130913:0800,24.86,52.25,507.0,631.13,163.0,349.0,7.72,54.0,95662.0
20130913:0900,26.36,49.0,701.0,760.09,168.0,365.0,7.93,66.0,95690.0
20130913:1000,28.11,41.8,839.0,821.32,172.0,373.2,7.66,74.0,95680.0
20130913:1100,29.7,35.85,905.0,827.48,185.0,381.6,7.1,78.0,95699.0
20130913:1200,31.1,31.4,950.0,970.96,104.0,393.65,6.62,79.0,95605.0
20130913:1300,32.18,28.2,648.0,316.34,390.0,401.45,6.21,80.0,95596.0
20130913:1400,32.94,25.9,715.0,782.43,162.0,402.65,6.0,80.0,95530.0
20130913:1500,33.25,24.4,266.0,38.02,245.0,406.65,6.07,81.0,95492.0
20130913:1600,33.07,23.25,124.0,5.52,122.0,407.25,6.28,81.0,95492.0
20130913:1700,32.65,21.85,46.0,6.63,45.0,403.85,6.21,79.0,95492.0
20130913:1800,31.72,21.55,0.0,0.0,0.0,397.45,5.17,71.0,95530.0
20130913:1900,30.82,21.25,0.0,0.0,0.0,388.6,4.34,70.0,95549.0
20130913:2000,29.74,21.4,0.0,0.0,0.0,378.2,4.55,64.0,95633.0
20130913:2100,28.68,21.9,0.0,0.0,0.0,369.6,4.69,62.0,95680.0
20130913:2200,27.64,23.15,0.0,0.0,0.0,362.6,4.83,63.0,95690.0
20130913:2300,26.6,25.5,0.0,0.0,0.0,355.4,4.83,64.0,95709.0
20130914:0000,25.62,28.6,0.0,0.0,0.0,350.2,4.69,63.0,95709.0
20130914:0100,24.74,32.4,0.0,0.0,0.0,349.25,4.55,61.0,95699.0
20130914:0200,23.8,37.1,0.0,0.0,0.0,342.8,4.34,62.0,95680.0
20130914:0300,22.91,42.3,0.0,0.0,0.0,338.6,3.93,62.0,95680.0
20130914:0400,22.01,49.4,0.0,0.0,0.0,336.4,3.66,55.0,95690.0
20130914:0500,21.15,59.1,0.0,0.0,0.0,334.8,3.72,46.0,95746.0
20130914:0600,20.62,69.5,51.0,28.67,47.0,334.4,4.14,43.0,95793.0
20130914:0700,21.96,79.65,302.0,536.88,113.0,341.2,4.62,42.0,95840.0
20130914:0800,23.95,69.85,508.0,642.98,159.0,349.2,5.45,54.0,95869.0
20130914:0900,26.02,58.9,699.0,759.89,168.0,359.0,5.52,66.0,95859.0
20130914:1000,28.1,48.9,831.0,805.54,179.0,369.6,5.24,73.0,95812.0
20130914:1100,29.94,41.35,941.0,957.24,111.0,380.0,4.83,79.0,95803.0
20130914:1200,31.5,35.5,938.0,941.35,121.0,389.4,4.41,85.0,95756.0
20130914:1300,32.72,31.35,855.0,870.88,148.0,400.45,4.14,90.0,95680.0
20130914:1400,33.56,28.4,707.0,765.68,169.0,398.45,3.93,93.0,95596.0
20130914:1500,34.04,26.55,501.0,580.48,183.0,400.65,4.0,96.0,95530.0
20130914:1600,34.17,25.3,305.0,502.94,125.0,397.25,4.34,101.0,95492.0
20130914:1700,33.8,25.15,98.0,281.17,57.0,390.6,4.62,106.0,95483.0
20130914:1800,32.71,26.7,0.0,0.0,0.0,384.0,3.79,101.0,95502.0
20130914:1900,31.35,31.25,0.0,0.0,0.0,381.8,3.52,91.0,95530.0
20130914:2000,30.37,33.95,0.0,0.0,0.0,384.6,3.79,84.0,95596.0
20130914:2100,29.28,37.7,0.0,0.0,0.0,380.0,3.79,79.0,95643.0
20130914:2200,28.15,42.2,0.0,0.0,0.0,374.0,3.72,72.0,95690.0
20130914:2300,27.03,47.05,0.0,0.0,0.0,368.6,3.72,59.0,95643.0
20130915:0000,26.12,51.2,0.0,0.0,0.0,370.6,3.93,48.0,95633.0
20130915:0100,25.35,54.75,0.0,0.0,0.0,368.45,4.07,47.0,95624.0
20130915:0200,24.68,57.9,0.0,0.0,0.0,362.8,4.07,53.0,95586.0
20130915:0300,24.09,60.4,0.0,0.0,0.0,359.2,4.07,60.0,95568.0
20130915:0400,23.52,62.7,0.0,0.0,0.0,353.8,3.93,65.0,95558.0
20130915:0500,22.84,65.45,0.0,0.0,0.0,347.8,3.59,68.0,95577.0
20130915:0600,22.21,68.05,66.0,94.65,53.0,343.2,3.17,69.0,95568.0
20130915:0700,24.05,65.75,223.0,180.08,160.0,350.6,3.24,79.0,95586.0
20130915:0800,26.92,52.7,424.0,344.13,238.0,359.6,3.59,93.0,95605.0
20130915:0900,29.47,39.65,465.0,166.6,349.0,372.4,3.79,114.0,95615.0
20130915:1000,31.77,28.25,819.0,774.83,194.0,384.2,3.86,145.0,95615.0
20130915:1100,33.82,20.8,889.0,795.15,202.0,392.6,4.55,173.0,95539.0
20130915:1200,35.48,15.9,910.0,859.5,167.0,395.65,5.59,185.0,95464.0
20130915:1300,36.69,12.85,837.0,823.02,172.0,398.25,6.48,185.0,95370.0
20130915:1400,37.11,11.45,637.0,544.04,257.0,398.85,6.34,182.0,95276.0
20130915:1500,37.32,10.75,519.0,675.46,152.0,390.6,6.14,179.0,95210.0
20130915:1600,37.22,10.4,325.0,656.93,93.0,387.0,5.86,177.0,95172.0
20130915:1700,36.72,10.45,34.0,0.0,34.0,379.4,5.17,176.0,95163.0
20130915:1800,34.92,11.4,0.0,0.0,0.0,372.0,3.79,171.0,95182.0
20130915:1900,33.64,12.35,0.0,0.0,0.0,370.8,3.24,167.0,95201.0
20130915:2000,32.26,13.3,0.0,0.0,0.0,364.0,3.24,165.0,95257.0
20130915:2100,30.94,14.35,0.0,0.0,0.0,360.0,3.24,167.0,95295.0
20130915:2200,29.71,15.5,0.0,0.0,0.0,357.0,3.24,168.0,95276.0
20130915:2300,28.59,16.65,0.0,0.0,0.0,353.4,3.31,170.0,95295.0
20130916:0000,27.55,17.8,0.0,0.0,0.0,350.0,3.38,174.0,95219.0
20130916:0100,26.61,18.75,0.0,0.0,0.0,347.05,3.52,180.0,95163.0
20130916:0200,25.7,19.45,0.0,0.0,0.0,344.6,3.52,189.0,95144.0
20130916:0300,24.7,20.2,0.0,0.0,0.0,341.6,3.31,198.0,95078.0
20130916:0400,23.82,20.6,0.0,0.0,0.0,338.8,3.31,207.0,95088.0
20130916:0500,23.07,20.9,0.0,0.0,0.0,336.6,3.31,223.0,95106.0
20130916:0600,22.4,21.2,67.0,110.99,52.0,334.2,3.31,257.0,95154.0
20130916:0700,23.93,21.4,303.0,563.83,107.0,336.8,3.59,317.0,95201.0
20130916:0800,28.15,18.05,506.0,654.09,154.0,341.8,3.1,334.0,95201.0
20130916:0900,32.32,13.85,663.0,650.09,212.0,353.6,2.48,355.0,95201.0
20130916:1000,34.26,11.05,686.0,416.76,351.0,369.6,0.9,17.0,95154.0
20130916:1100,35.69,9.6,803.0,563.4,318.0,378.6,1.31,138.0,95135.0
20130916:1200,37.21,8.3,862.0,721.29,241.0,381.8,2.83,152.0,95041.0
20130916:1300,38.38,7.4,747.0,562.09,295.0,379.6,4.14,157.0,95003.0
20130916:1400,38.92,7.0,633.0,543.03,256.0,380.4,4.9,162.0,94909.0
20130916:1500,38.89,6.9,331.0,126.2,263.0,387.2,5.03,168.0,94843.0
20130916:1600,38.31,7.1,262.0,324.35,149.0,397.85,5.03,181.0,94834.0
20130916:1700,37.52,7.55,40.0,7.35,39.0,396.45,3.93,197.0,94843.0
20130916:1800,35.86,8.8,0.0,0.0,0.0,390.6,2.97,228.0,94862.0
20130916:1900,34.09,10.6,0.0,0.0,0.0,367.2,2.9,249.0,94928.0
20130916:2000,31.94,16.85,0.0,0.0,0.0,364.2,6.62,294.0,95078.0
20130916:2100,30.66,23.1,0.0,0.0,0.0,369.2,7.52,308.0,95097.0
20130916:2200,29.85,25.95,0.0,0.0,0.0,368.6,7.45,308.0,95125.0
20130916:2300,29.27,26.7,0.0,0.0,0.0,368.8,6.76,307.0,95041.0
20130917:0000,28.52,27.55,0.0,0.0,0.0,366.4,5.72,306.0,95050.0
20130917:0100,27.73,28.55,0.0,0.0,0.0,368.25,5.17,301.0,95041.0
20130917:0200,27.02,29.45,0.0,0.0,0.0,367.4,4.97,297.0,94984.0
20130917:0300,26.29,30.4,0.0,0.0,0.0,361.6,5.03,293.0,94984.0
20130917:0400,25.52,31.5,0.0,0.0,0.0,353.4,5.31,289.0,95012.0
20130917:0500,24.75,32.75,0.0,0.0,0.0,348.4,5.31,289.0,95069.0
20130917:0600,24.06,33.9,87.0,293.39,48.0,344.6,5.24,292.0,95097.0
20130917:0700,25.53,31.2,294.0,521.17,114.0,346.8,5.1,290.0,95163.0
20130917:0800,27.87,26.85,501.0,640.18,158.0,350.6,5.1,302.0,95182.0
20130917:0900,30.38,23.55,680.0,714.72,186.0,360.2,4.21,321.0,95210.0
20130917:1000,32.16,22.05,809.0,759.09,201.0,371.4,2.97,351.0,95191.0
20130917:1100,33.3,21.0,877.0,778.86,209.0,383.0,1.86,11.0,95182.0
20130917:1200,34.15,19.65,873.0,765.09,217.0,393.05,0.97,7.0,95116.0
20130917:1300,34.9,17.7,820.0,791.03,187.0,399.25,0.97,290.0,95078.0
20130917:1400,35.55,16.05,686.0,733.33,180.0,406.85,2.0,273.0,95022.0
20130917:1500,35.82,15.2,487.0,574.63,180.0,404.65,3.03,269.0,94984.0
20130917:1600,35.82,14.75,291.0,491.86,122.0,400.05,4.28,265.0,94975.0
20130917:1700,35.3,14.45,89.0,297.67,50.0,388.6,5.45,262.0,94984.0
20130917:1800,34.13,14.8,0.0,0.0,0.0,384.0,5.38,259.0,95031.0
20130917:1900,32.69,15.05,0.0,0.0,0.0,373.6,5.93,260.0,95059.0
20130917:2000,31.71,16.6,0.0,0.0,0.0,371.8,5.66,261.0,95135.0
20130917:2100,30.71,18.35,0.0,0.0,0.0,370.2,5.1,266.0,95144.0
20130917:2200,29.68,20.0,0.0,0.0,0.0,368.6,4.69,271.0,95125.0
20130917:2300,28.61,21.4,0.0,0.0,0.0,364.6,4.62,273.0,95163.0
20130918:0000,27.62,22.8,0.0,0.0,0.0,364.2,4.9,268.0,95172.0
20130918:0100,26.67,24.45,0.0,0.0,0.0,362.65,5.38,273.0,95172.0
20130918:0200,25.67,26.3,0.0,0.0,0.0,355.0,5.1,290.0,95154.0
20130918:0300,25.1,27.85,0.0,0.0,0.0,361.0,4.41,318.0,95163.0
20130918:0400,24.61,31.05,0.0,0.0,0.0,357.6,4.55,344.0,95144.0
20130918:0500,24.35,34.5,0.0,0.0,0.0,369.2,4.34,348.0,95163.0
20130918:0600,24.05,36.95,43.0,15.3,41.0,369.0,3.79,338.0,95210.0
20130918:0700,25.61,40.2,271.0,402.21,133.0,373.6,3.86,18.0,95257.0
20130918:0800,26.75,40.3,405.0,301.85,244.0,397.45,4.28,21.0,95342.0
20130918:0900,27.75,39.95,658.0,649.18,211.0,402.85,3.59,13.0,95379.0
20130918:1000,28.47,39.65,726.0,523.77,308.0,403.45,3.17,19.0,95398.0
20130918:1100,29.0,36.0,348.0,9.36,340.0,415.85,2.14,337.0,95342.0
20130918:1200,29.76,28.95,320.0,3.51,317.0,416.05,2.28,296.0,95295.0
20130918:1300,30.21,27.0,295.0,3.77,292.0,411.45,2.41,253.0,95238.0
20130918:1400,30.78,25.55,366.0,58.33,326.0,406.45,3.72,243.0,95154.0
20130918:1500,31.07,24.4,234.0,24.54,221.0,399.05,4.28,234.0,95106.0
20130918:1600,30.84,24.3,231.0,227.29,154.0,402.65,4.28,227.0,95088.0
20130918:1700,30.41,24.75,48.0,31.73,44.0,406.85,4.0,218.0,95059.0
20130918:1800,29.92,25.6,0.0,0.0,0.0,401.05,3.66,207.0,95059.0
20130918:1900,28.33,30.35,0.0,0.0,0.0,395.65,4.21,203.0,95106.0
20130918:2000,27.47,31.6,0.0,0.0,0.0,375.0,4.21,206.0,95191.0
20130918:2100,26.78,32.35,0.0,0.0,0.0,374.4,4.83,214.0,95229.0
20130918:2200,26.13,33.6,0.0,0.0,0.0,372.4,5.38,229.0,95238.0
20130918:2300,25.24,37.55,0.0,0.0,0.0,368.4,5.17,254.0,95248.0
20130919:0000,24.61,41.05,0.0,0.0,0.0,371.8,3.93,283.0,95238.0
20130919:0100,23.57,47.4,0.0,0.0,0.0,363.65,3.24,326.0,95229.0
20130919:0200,22.42,57.95,0.0,0.0,0.0,365.6,4.69,359.0,95154.0
20130919:0300,21.05,68.5,0.0,0.0,0.0,349.6,5.24,6.0,95201.0
20130919:0400,20.3,73.2,0.0,0.0,0.0,352.4,5.17,6.0,95191.0
20130919:0500,19.86,75.1,0.0,0.0,0.0,345.0,5.1,7.0,95238.0
20130919:0600,19.75,74.65,80.0,256.9,47.0,345.2,5.03,13.0,95248.0
20130919:0700,20.69,66.4,291.0,528.15,111.0,340.2,5.17,2.0,95295.0
20130919:0800,22.46,58.1,507.0,689.33,141.0,345.6,5.79,8.0,95332.0
20130919:0900,24.31,51.0,682.0,742.09,173.0,353.8,5.86,20.0,95342.0
20130919:1000,25.71,45.75,808.0,772.21,194.0,363.8,5.24,24.0,95351.0
20130919:1100,26.74,41.1,866.0,762.5,217.0,373.4,4.21,19.0,95323.0
20130919:1200,27.69,37.15,865.0,763.37,216.0,379.6,3.79,11.0,95276.0
20130919:1300,28.44,34.4,776.0,675.27,241.0,381.6,3.52,6.0,95219.0
20130919:1400,28.81,32.85,460.0,171.71,343.0,388.4,3.38,2.0,95182.0
20130919:1500,28.97,31.9,456.0,483.77,202.0,389.4,3.45,360.0,95097.0
20130919:1600,28.91,31.5,291.0,545.0,109.0,379.8,3.66,2.0,95106.0
20130919:1700,28.4,32.15,59.0,90.85,48.0,382.8,3.93,6.0,95135.0
20130919:1800,27.64,34.05,0.0,0.0,0.0,374.8,4.0,16.0,95172.0
20130919:1900,26.78,37.2,0.0,0.0,0.0,367.2,3.1,27.0,95276.0
20130919:2000,26.05,40.1,0.0,0.0,0.0,365.4,2.55,31.0,95342.0
20130919:2100,25.34,43.0,0.0,0.0,0.0,366.6,2.34,30.0,95417.0
20130919:2200,24.36,46.75,0.0,0.0,0.0,354.2,2.34,28.0,95389.0
20130919:2300,23.4,50.55,0.0,0.0,0.0,352.0,2.28,32.0,95408.0
20130920:0000,22.46,54.5,0.0,0.0,0.0,349.2,2.21,40.0,95389.0
20130920:0100,21.54,58.65,0.0,0.0,0.0,347.05,2.14,43.0,95389.0
20130920:0200,20.62,63.1,0.0,0.0,0.0,345.0,2.0,36.0,95370.0
20130920:0300,19.82,67.2,0.0,0.0,0.0,342.6,2.0,19.0,95379.0
20130920:0400,19.16,70.6,0.0,0.0,0.0,340.4,2.28,0.0,95408.0
20130920:0500,18.62,73.35,0.0,0.0,0.0,338.4,2.69,351.0,95417.0
20130920:0600,18.35,74.45,80.0,261.5,47.0,335.8,3.03,351.0,95483.0
20130920:0700,20.3,68.35,291.0,537.68,109.0,340.6,3.24,13.0,95549.0
20130920:0800,22.81,59.15,502.0,675.53,145.0,347.4,3.79,33.0,95605.0
20130920:0900,24.5,53.7,679.0,740.63,173.0,356.0,3.79,52.0,95643.0
20130920:1000,25.83,48.25,805.0,771.34,194.0,364.8,3.17,63.0,95680.0
20130920:1100,26.73,42.85,858.0,747.8,224.0,376.6,2.48,67.0,95699.0
20130920:1200,27.3,39.45,838.0,692.27,252.0,386.4,2.07,67.0,95662.0
20130920:1300,27.48,37.8,736.0,572.17,285.0,394.65,1.79,67.0,95652.0
20130920:1400,27.6,36.95,546.0,345.64,312.0,402.25,1.59,67.0,95605.0
20130920:1500,27.7,36.15,424.0,386.24,223.0,396.65,1.52,57.0,95558.0
20130920:1600,27.82,35.4,184.0,103.32,150.0,395.65,1.66,56.0,95558.0
20130920:1700,27.75,35.15,64.0,146.42,47.0,386.4,1.79,67.0,95568.0
20130920:1800,27.36,36.0,0.0,0.0,0.0,377.8,1.79,91.0,95615.0
20130920:1900,27.02,37.1,0.0,0.0,0.0,376.0,2.28,131.0,95662.0
20130920:2000,26.18,39.5,0.0,0.0,0.0,367.8,2.69,140.0,95728.0
20130920:2100,25.31,41.95,0.0,0.0,0.0,362.8,2.69,135.0,95775.0
20130920:2200,24.38,44.3,0.0,0.0,0.0,358.2,2.69,120.0,95784.0
20130920:2300,23.51,46.45,0.0,0.0,0.0,356.4,2.83,108.0,95803.0
20130921:0000,22.73,48.35,0.0,0.0,0.0,357.0,2.62,102.0,95822.0
20130921:0100,21.8,51.0,0.0,0.0,0.0,349.65,2.28,95.0,95793.0
20130921:0200,20.77,54.4,0.0,0.0,0.0,344.4,1.93,82.0,95803.0
20130921:0300,19.88,57.75,0.0,0.0,0.0,342.2,1.86,71.0,95784.0
20130921:0400,19.25,60.25,0.0,0.0,0.0,340.4,1.79,61.0,95803.0
20130921:0500,18.64,62.9,0.0,0.0,0.0,338.2,1.93,53.0,95831.0
20130921:0600,18.19,65.2,77.0,250.17,46.0,341.0,2.07,51.0,95897.0
20130921:0700,20.1,62.1,0.0,0.0,0.0,339.6,2.62,64.0,95972.0
20130921:0800,22.91,51.2,497.0,661.63,149.0,346.0,3.38,85.0,96047.0
20130921:0900,24.82,44.4,676.0,740.67,172.0,355.8,4.0,103.0,96066.0
20130921:1000,26.35,39.8,806.0,785.72,186.0,363.4,4.21,112.0,96066.0
20130921:1100,27.62,36.4,854.0,747.24,223.0,373.0,3.86,116.0,96057.0
20130921:1200,28.5,33.85,853.0,747.55,223.0,377.8,3.24,117.0,95991.0
20130921:1300,29.04,31.6,803.0,786.84,186.0,383.6,2.21,108.0,95925.0
20130921:1400,29.21,30.2,667.0,728.51,177.0,399.65,1.52,90.0,95897.0
20130921:1500,29.28,29.9,492.0,674.77,144.0,392.45,1.24,75.0,95859.0
20130921:1600,29.27,29.7,285.0,567.52,101.0,395.25,1.1,78.0,95831.0
20130921:1700,29.02,30.0,69.0,233.98,43.0,378.6,1.31,86.0,95840.0
20130921:1800,28.59,30.75,0.0,0.0,0.0,369.2,1.72,89.0,95859.0
20130921:1900,27.84,32.75,0.0,0.0,0.0,371.8,2.21,99.0,95897.0
20130921:2000,27.08,34.1,0.0,0.0,0.0,366.6,2.62,115.0,95972.0
20130921:2100,26.34,35.3,0.0,0.0,0.0,371.0,2.97,135.0,96000.0
20130921:2200,25.46,36.6,0.0,0.0,0.0,364.0,3.24,149.0,96019.0
20130921:2300,24.55,37.85,0.0,0.0,0.0,357.0,3.38,160.0,95991.0
20130922:0000,23.65,39.15,0.0,0.0,0.0,351.2,3.17,168.0,96010.0
20130922:0100,22.77,40.75,0.0,0.0,0.0,348.05,2.83,177.0,95991.0
20130922:0200,21.84,42.8,0.0,0.0,0.0,345.8,2.41,189.0,95953.0
20130922:0300,20.88,45.4,0.0,0.0,0.0,344.2,2.07,208.0,95944.0
20130922:0400,20.08,47.75,0.0,0.0,0.0,340.6,1.86,233.0,95935.0
20130922:0500,19.72,48.55,0.0,0.0,0.0,341.2,1.79,257.0,95953.0
20130922:0600,19.5,49.05,76.0,263.12,44.0,337.4,1.66,283.0,95982.0
20130922:0700,20.69,47.95,283.0,512.33,112.0,344.0,1.59,251.0,96038.0
20130922:0800,24.4,37.65,494.0,661.03,148.0,348.0,1.79,223.0,96085.0
20130922:0900,26.47,33.35,666.0,711.25,184.0,356.8,2.69,197.0,96104.0
20130922:1000,28.09,30.3,794.0,755.72,200.0,364.8,3.24,192.0,96085.0
20130922:1100,29.35,28.1,841.0,716.99,238.0,372.2,3.31,198.0,96047.0
20130922:1200,30.32,26.15,839.0,717.54,237.0,378.0,2.9,214.0,95982.0
20130922:1300,30.9,24.5,789.0,756.39,199.0,381.2,2.62,236.0,95897.0
20130922:1400,31.26,23.35,670.0,754.3,166.0,388.25,2.41,246.0,95822.0
20130922:1500,31.61,22.1,495.0,712.28,131.0,388.4,2.34,252.0,95746.0
20130922:1600,31.66,21.3,272.0,513.56,108.0,379.4,2.21,259.0,95728.0
20130922:1700,31.36,21.2,70.0,292.08,39.0,379.4,1.72,248.0,95690.0
20130922:1800,30.68,22.15,0.0,0.0,0.0,379.0,1.93,200.0,95699.0
20130922:1900,29.55,25.65,0.0,0.0,0.0,383.4,3.59,168.0,95718.0
20130922:2000,28.47,29.15,0.0,0.0,0.0,382.2,4.69,161.0,95737.0
20130922:2100,27.2,32.65,0.0,0.0,0.0,363.4,5.1,155.0,95793.0
20130922:2200,26.18,35.9,0.0,0.0,0.0,362.0,5.03,152.0,95803.0
20130922:2300,25.24,38.3,0.0,0.0,0.0,357.6,4.62,151.0,95822.0
20130923:0000,24.32,39.7,0.0,0.0,0.0,352.4,4.14,149.0,95850.0
20130923:0100,23.54,40.4,0.0,0.0,0.0,355.65,3.79,147.0,95822.0
20130923:0200,22.73,41.1,0.0,0.0,0.0,353.2,3.31,145.0,95859.0
20130923:0300,21.83,42.45,0.0,0.0,0.0,346.0,2.9,143.0,95840.0
20130923:0400,20.95,44.15,0.0,0.0,0.0,343.0,2.62,136.0,95850.0
20130923:0500,20.23,45.7,0.0,0.0,0.0,346.6,2.55,126.0,95897.0
20130923:0600,19.59,47.3,75.0,268.22,43.0,341.6,2.62,120.0,95916.0
20130923:0700,20.9,45.35,283.0,531.14,107.0,345.8,2.83,120.0,95953.0
20130923:0800,22.89,41.35,497.0,685.42,140.0,351.6,3.93,131.0,95991.0
20130923:0900,24.47,38.55,671.0,739.42,172.0,357.0,4.83,137.0,96010.0
20130923:1000,26.13,34.8,791.0,754.91,200.0,363.8,5.31,141.0,95944.0
20130923:1100,27.51,31.8,847.0,746.22,222.0,369.4,5.31,145.0,95897.0
20130923:1200,28.5,30.1,835.0,717.23,236.0,370.6,4.97,147.0,95859.0
20130923:1300,29.15,29.05,789.0,769.46,192.0,374.4,4.41,150.0,95756.0
20130923:1400,29.48,28.45,665.0,753.35,165.0,376.2,3.93,150.0,95699.0
20130923:1500,29.37,28.55,448.0,519.43,185.0,387.0,3.52,143.0,95624.0
20130923:1600,28.93,29.3,276.0,569.25,97.0,379.2,3.31,137.0,95596.0
20130923:1700,28.12,31.05,58.0,177.95,40.0,389.6,3.72,128.0,95624.0
20130923:1800,27.67,31.8,0.0,0.0,0.0,382.2,4.14,122.0,95652.0
20130923:1900,27.36,31.6,0.0,0.0,0.0,373.6,4.34,126.0,95671.0
20130923:2000,26.54,33.2,0.0,0.0,0.0,370.2,4.9,126.0,95699.0
20130923:2100,25.59,35.1,0.0,0.0,0.0,363.0,5.31,131.0,95718.0
20130923:2200,24.7,37.05,0.0,0.0,0.0,358.4,5.31,138.0,95709.0
20130923:2300,23.78,39.15,0.0,0.0,0.0,347.2,5.03,145.0,95699.0
20130924:0000,23.01,41.05,0.0,0.0,0.0,346.0,4.69,152.0,95690.0
20130924:0100,22.25,43.25,0.0,0.0,0.0,343.05,4.28,156.0,95690.0
20130924:0200,21.48,45.7,0.0,0.0,0.0,338.8,3.79,159.0,95662.0
20130924:0300,20.85,47.95,0.0,0.0,0.0,343.6,3.38,159.0,95680.0
20130924:0400,20.09,50.7,0.0,0.0,0.0,337.4,2.97,161.0,95662.0
20130924:0500,19.46,53.2,0.0,0.0,0.0,342.2,2.62,162.0,95709.0
20130924:0600,18.69,56.3,73.0,256.48,43.0,336.0,2.28,168.0,95737.0
20130924:0700,19.97,55.05,280.0,519.87,109.0,342.6,2.21,160.0,95775.0
20130924:0800,22.78,45.9,484.0,632.92,156.0,346.0,3.03,155.0,95812.0
20130924:0900,24.72,39.9,660.0,709.84,183.0,357.0,4.0,154.0,95822.0
20130924:1000,26.28,34.95,779.0,725.92,213.0,363.4,4.34,152.0,95831.0
20130924:1100,27.41,32.15,829.0,703.8,242.0,368.6,4.55,146.0,95756.0
20130924:1200,28.34,30.1,822.0,689.28,249.0,374.4,4.48,143.0,95728.0
20130924:1300,28.71,29.05,780.0,754.21,198.0,384.0,3.66,142.0,95671.0
20130924:1400,28.73,28.75,656.0,737.24,170.0,392.6,3.17,138.0,95605.0
20130924:1500,28.68,28.75,477.0,667.87,142.0,377.2,3.03,136.0,95558.0
20130924:1600,28.55,28.9,258.0,474.88,111.0,393.85,3.1,134.0,95549.0
20130924:1700,28.12,29.7,60.0,249.55,36.0,372.0,3.03,133.0,95539.0
20130924:1800,27.41,31.2,0.0,0.0,0.0,367.8,2.62,132.0,95558.0
20130924:1900,26.91,31.4,0.0,0.0,0.0,363.0,2.9,132.0,95605.0
20130924:2000,26.07,33.25,0.0,0.0,0.0,361.6,3.1,138.0,95643.0
20130924:2100,25.23,35.15,0.0,0.0,0.0,357.8,3.38,143.0,95671.0
20130924:2200,24.36,37.05,0.0,0.0,0.0,351.8,3.72,149.0,95624.0
20130924:2300,23.54,38.6,0.0,0.0,0.0,346.0,4.0,156.0,95605.0
20130925:0000,22.77,39.65,0.0,0.0,0.0,341.2,4.0,163.0,95633.0
20130925:0100,22.01,40.5,0.0,0.0,0.0,338.85,3.72,172.0,95586.0
20130925:0200,21.22,41.55,0.0,0.0,0.0,334.8,3.38,183.0,95568.0
20130925:0300,20.47,42.65,0.0,0.0,0.0,332.8,3.24,190.0,95558.0
20130925:0400,19.78,43.7,0.0,0.0,0.0,331.2,3.17,193.0,95539.0
20130925:0500,19.21,44.5,0.0,0.0,0.0,331.4,3.17,195.0,95586.0
20130925:0600,18.64,45.5,70.0,244.3,42.0,329.8,2.97,202.0,95624.0
20130925:0700,20.06,46.2,276.0,508.47,110.0,337.6,1.59,194.0,95643.0
20130925:0800,23.53,36.05,484.0,643.93,152.0,345.6,2.21,179.0,95718.0
20130925:0900,25.66,31.15,657.0,709.94,182.0,364.6,2.97,171.0,95746.0
20130925:1000,27.29,28.4,775.0,725.07,212.0,378.2,3.38,170.0,95746.0
20130925:1100,28.54,26.75,826.0,703.2,242.0,379.6,3.24,169.0,95728.0
20130925:1200,29.59,25.1,823.0,702.2,242.0,385.6,3.1,172.0,95633.0
20130925:1300,30.29,23.55,776.0,753.15,198.0,378.8,2.48,183.0,95596.0
20130925:1400,30.7,22.65,648.0,720.94,176.0,377.8,2.34,201.0,95521.0
20130925:1500,30.85,22.15,431.0,485.06,190.0,393.6,2.41,217.0,95464.0
20130925:1600,30.8,22.0,262.0,528.48,101.0,388.6,2.55,223.0,95483.0
20130925:1700,30.57,21.95,55.0,219.3,35.0,374.8,2.41,226.0,95464.0
20130925:1800,29.7,23.25,0.0,0.0,0.0,368.6,1.86,206.0,95502.0
20130925:1900,28.75,25.7,0.0,0.0,0.0,363.0,2.9,239.0,95558.0
20130925:2000,27.78,27.5,0.0,0.0,0.0,363.2,3.1,236.0,95633.0
20130925:2100,26.65,29.7,0.0,0.0,0.0,354.8,3.45,235.0,95671.0
20130925:2200,25.67,31.75,0.0,0.0,0.0,352.0,3.66,233.0,95690.0
20130925:2300,24.77,33.7,0.0,0.0,0.0,349.8,3.72,232.0,95680.0
20130926:0000,23.95,35.55,0.0,0.0,0.0,347.4,3.79,236.0,95680.0
20130926:0100,23.21,37.35,0.0,0.0,0.0,346.25,3.72,245.0,95662.0
20130926:0200,22.55,39.0,0.0,0.0,0.0,344.2,3.79,254.0,95633.0
20130926:0300,22.01,40.4,0.0,0.0,0.0,343.2,3.93,260.0,95633.0
20130926:0400,21.51,41.65,0.0,0.0,0.0,341.4,4.0,265.0,95624.0
20130926:0500,21.11,42.7,0.0,0.0,0.0,340.4,4.07,267.0,95680.0
20130926:0600,20.79,43.5,69.0,249.47,41.0,339.4,4.14,268.0,95699.0
20130926:0700,22.39,42.15,270.0,487.69,112.0,342.2,3.86,268.0,95765.0
20130926:0800,25.55,34.45,393.0,313.9,232.0,349.0,4.41,266.0,95812.0
20130926:0900,28.29,28.65,651.0,695.07,188.0,358.4,4.83,262.0,95831.0
20130926:1000,30.35,24.6,763.0,695.79,225.0,368.0,5.1,261.0,95822.0
20130926:1100,31.87,21.8,831.0,729.24,228.0,376.6,4.9,264.0,95765.0
20130926:1200,32.96,19.95,814.0,687.34,248.0,382.6,4.83,264.0,95709.0
20130926:1300,33.68,18.7,776.0,766.53,191.0,386.4,4.83,262.0,95662.0
20130926:1400,34.07,17.9,647.0,733.67,170.0,389.8,4.69,262.0,95568.0
20130926:1500,34.13,17.45,464.0,650.29,144.0,385.8,4.48,264.0,95521.0
20130926:1600,33.97,17.25,257.0,523.78,100.0,384.2,4.48,266.0,95511.0
20130926:1700,32.98,18.4,50.0,197.13,33.0,376.4,3.93,268.0,95511.0
20130926:1800,31.85,19.65,0.0,0.0,0.0,372.8,2.69,256.0,95549.0
20130926:1900,30.85,20.2,0.0,0.0,0.0,365.8,3.72,246.0,95596.0
20130926:2000,29.66,21.8,0.0,0.0,0.0,361.6,3.86,246.0,95643.0
20130926:2100,28.58,23.35,0.0,0.0,0.0,359.4,4.0,246.0,95680.0
20130926:2200,27.57,24.9,0.0,0.0,0.0,356.0,4.21,247.0,95680.0
20130926:2300,26.69,26.25,0.0,0.0,0.0,352.4,4.55,249.0,95615.0
20130927:0000,25.93,27.4,0.0,0.0,0.0,350.0,4.69,252.0,95633.0
20130927:0100,25.23,28.4,0.0,0.0,0.0,347.25,4.76,255.0,95615.0
20130927:0200,24.54,29.4,0.0,0.0,0.0,345.0,4.69,256.0,95586.0
20130927:0300,23.82,30.5,0.0,0.0,0.0,342.2,4.48,255.0,95558.0
20130927:0400,23.17,31.4,0.0,0.0,0.0,340.0,4.41,253.0,95558.0
20130927:0500,22.63,31.95,0.0,0.0,0.0,338.2,4.34,251.0,95596.0
20130927:0600,22.28,31.9,64.0,209.39,41.0,336.4,4.41,252.0,95605.0
20130927:0700,24.02,29.7,265.0,466.63,115.0,340.2,4.21,260.0,95671.0
20130927:0800,27.4,23.35,473.0,617.44,158.0,346.0,4.76,256.0,95709.0
20130927:0900,30.49,18.65,648.0,693.68,188.0,355.4,5.59,248.0,95765.0
20130927:1000,32.68,16.05,769.0,723.45,212.0,364.8,6.48,243.0,95718.0
20130927:1100,34.24,14.5,832.0,743.4,220.0,372.6,7.17,241.0,95662.0
20130927:1200,35.21,13.55,819.0,713.86,234.0,378.4,7.38,240.0,95596.0
20130927:1300,35.89,12.85,767.0,751.09,197.0,381.6,7.38,240.0,95511.0
20130927:1400,36.2,12.5,638.0,718.72,174.0,382.6,7.31,239.0,95426.0
20130927:1500,36.19,12.35,454.0,623.82,150.0,381.8,7.45,236.0,95379.0
20130927:1600,35.87,12.4,246.0,481.62,104.0,381.2,7.59,234.0,95351.0
20130927:1700,35.03,12.9,48.0,209.14,31.0,376.8,6.62,232.0,95351.0
20130927:1800,33.33,14.2,0.0,0.0,0.0,369.0,5.38,228.0,95342.0
20130927:1900,32.19,14.3,0.0,0.0,0.0,362.0,5.38,223.0,95389.0
20130927:2000,31.04,15.3,0.0,0.0,0.0,358.6,5.45,220.0,95398.0
20130927:2100,30.04,16.3,0.0,0.0,0.0,355.0,5.66,220.0,95426.0
20130927:2200,29.14,17.25,0.0,0.0,0.0,351.8,5.79,226.0,95417.0
20130927:2300,28.34,18.2,0.0,0.0,0.0,349.0,5.86,232.0,95379.0
20130928:0000,27.61,19.2,0.0,0.0,0.0,346.8,5.93,238.0,95370.0
20130928:0100,26.84,20.35,0.0,0.0,0.0,345.05,5.79,245.0,95370.0
20130928:0200,26.07,21.6,0.0,0.0,0.0,343.4,5.66,252.0,95295.0
20130928:0300,25.38,22.75,0.0,0.0,0.0,341.4,5.52,256.0,95313.0
20130928:0400,24.79,23.8,0.0,0.0,0.0,340.4,5.52,259.0,95295.0
20130928:0500,24.29,24.65,0.0,0.0,0.0,338.8,5.72,261.0,95313.0
20130928:0600,23.93,25.3,62.0,204.79,40.0,337.2,5.86,265.0,95351.0
20130928:0700,25.38,24.15,262.0,464.1,114.0,341.4,5.38,264.0,95408.0
20130928:0800,28.11,20.45,465.0,593.21,164.0,346.8,5.93,262.0,95455.0
20130928:0900,30.88,17.2,637.0,666.57,197.0,354.8,6.41,260.0,95455.0
20130928:1000,33.27,14.8,757.0,695.31,224.0,363.2,6.48,256.0,95436.0
20130928:1100,35.11,13.2,801.0,660.11,260.0,371.0,6.83,251.0,95351.0
20130928:1200,36.21,12.35,815.0,712.47,234.0,376.2,8.28,246.0,95295.0
20130928:1300,36.87,11.2,771.0,779.25,183.0,378.8,9.38,243.0,95219.0
20130928:1400,37.15,10.6,640.0,744.13,163.0,378.6,10.0,244.0,95135.0
20130928:1500,37.07,10.8,439.0,574.05,162.0,377.2,10.48,246.0,95069.0
20130928:1600,36.61,10.95,217.0,331.1,121.0,374.0,10.41,247.0,95069.0
20130928:1700,35.71,11.6,41.0,157.17,29.0,370.6,8.83,246.0,95069.0
20130928:1800,34.19,12.85,0.0,0.0,0.0,367.6,7.31,243.0,95078.0
20130928:1900,33.29,14.25,0.0,0.0,0.0,367.6,6.41,242.0,95154.0
20130928:2000,32.15,15.3,0.0,0.0,0.0,364.4,6.14,238.0,95172.0
20130928:2100,31.09,16.6,0.0,0.0,0.0,361.0,6.14,234.0,95219.0
20130928:2200,30.23,17.9,0.0,0.0,0.0,359.6,6.69,233.0,95210.0
20130928:2300,29.68,18.75,0.0,0.0,0.0,358.4,7.24,235.0,95201.0
20130929:0000,29.24,19.2,0.0,0.0,0.0,358.2,7.45,237.0,95172.0
20130929:0100,28.69,19.7,0.0,0.0,0.0,357.85,7.31,238.0,95172.0
20130929:0200,28.07,20.25,0.0,0.0,0.0,357.6,6.9,239.0,95116.0
20130929:0300,27.47,20.75,0.0,0.0,0.0,359.4,6.62,240.0,95116.0
20130929:0400,26.91,21.2,0.0,0.0,0.0,356.6,6.48,241.0,95097.0
20130929:0500,26.42,21.6,0.0,0.0,0.0,356.8,6.34,244.0,95135.0
20130929:0600,25.95,22.05,58.0,171.45,40.0,357.6,6.21,247.0,95125.0
20130929:0700,26.99,21.5,182.0,123.29,143.0,351.6,5.31,253.0,95144.0
20130929:0800,29.23,18.5,428.0,453.82,199.0,360.2,6.0,259.0,95210.0
20130929:0900,31.29,16.3,687.0,876.68,111.0,364.4,6.41,258.0,95201.0
20130929:1000,33.25,14.85,706.0,554.26,283.0,368.6,6.62,254.0,95182.0
20130929:1100,34.88,13.5,658.0,327.27,391.0,379.8,6.76,248.0,95106.0
20130929:1200,35.89,12.0,834.0,785.04,197.0,390.8,7.72,244.0,95041.0
20130929:1300,36.23,10.65,548.0,225.26,379.0,396.25,8.97,245.0,95003.0
20130929:1400,36.29,9.65,510.0,339.4,294.0,395.05,9.52,244.0,94928.0
20130929:1500,36.08,9.35,387.0,383.04,204.0,387.0,9.66,245.0,94871.0
20130929:1600,35.59,9.55,249.0,571.84,86.0,371.4,9.31,247.0,94852.0
20130929:1700,34.58,10.35,22.0,14.0,21.0,372.6,7.59,250.0,94890.0
20130929:1800,33.06,11.8,0.0,0.0,0.0,378.2,6.07,255.0,94928.0
20130929:1900,32.01,12.35,0.0,0.0,0.0,378.0,4.62,264.0,94975.0
20130929:2000,30.54,14.35,0.0,0.0,0.0,374.6,3.66,283.0,95041.0
20130929:2100,29.22,17.8,0.0,0.0,0.0,377.2,3.24,310.0,95078.0
20130929:2200,28.45,22.4,0.0,0.0,0.0,389.0,3.52,333.0,95097.0
20130929:2300,27.83,27.7,0.0,0.0,0.0,386.4,4.34,346.0,95125.0
20130930:0000,27.37,31.9,0.0,0.0,0.0,386.8,5.72,357.0,95182.0
20130930:0100,26.47,35.15,0.0,0.0,0.0,383.45,6.21,4.0,95172.0
20130930:0200,25.11,39.3,0.0,0.0,0.0,367.2,5.86,4.0,95182.0
20130930:0300,23.88,43.7,0.0,0.0,0.0,357.6,5.52,0.0,95182.0
20130930:0400,22.9,46.95,0.0,0.0,0.0,350.6,5.38,355.0,95219.0
20130930:0500,22.1,48.05,0.0,0.0,0.0,345.4,5.17,352.0,95266.0
20130930:0600,21.5,47.2,25.0,0.0,25.0,341.2,4.97,351.0,95295.0
20130930:0700,22.42,42.75,257.0,462.22,112.0,338.8,5.52,350.0,95351.0
20130930:0800,23.98,37.35,444.0,524.15,181.0,340.4,6.34,354.0,95370.0
20130930:0900,25.81,33.35,627.0,651.47,201.0,344.2,6.14,357.0,95426.0
20130930:1000,27.55,29.15,746.0,680.49,229.0,350.8,5.31,358.0,95436.0
20130930:1100,28.98,25.05,784.0,631.71,271.0,358.0,4.0,356.0,95389.0
20130930:1200,30.09,22.1,779.0,630.46,270.0,365.0,2.76,345.0,95323.0
20130930:1300,30.97,20.2,740.0,705.23,214.0,370.0,2.28,320.0,95229.0
20130930:1400,31.68,19.05,623.0,713.83,172.0,372.2,2.48,297.0,95163.0
20130930:1500,32.14,18.6,441.0,627.95,144.0,371.4,2.97,284.0,95106.0
20130930:1600,32.48,9.43,235.0,496.14,96.0,370.13,3.27,278.0,95116.0
20130930:1700,31.38,15.01,35.0,150.3,25.0,369.28,3.26,274.0,95116.0
20130930:1800,30.28,20.59,0.0,0.0,0.0,368.42,3.26,271.0,95154.0
20130930:1900,29.18,26.17,0.0,0.0,0.0,367.56,3.26,274.0,95172.0
20130930:2000,28.08,31.75,0.0,0.0,0.0,366.7,3.25,273.0,95238.0
20130930:2100,26.98,37.33,0.0,0.0,0.0,365.85,3.25,267.0,95266.0
20130930:2200,25.88,42.91,0.0,0.0,0.0,364.99,3.25,264.0,95257.0
20130930:2300,24.78,48.49,0.0,0.0,0.0,364.13,3.24,265.0,95304.0
20111001:0000,23.68,54.07,0.0,0.0,0.0,363.27,3.24,55.0,96057.0
20111001:0100,22.57,59.65,0.0,0.0,0.0,362.42,3.24,55.0,96066.0
20111001:0200,21.47,65.23,0.0,0.0,0.0,361.56,3.23,40.0,96019.0
20111001:0300,20.37,70.81,0.0,0.0,0.0,360.7,3.23,50.0,95953.0
20111001:0400,19.27,76.39,0.0,0.0,0.0,359.84,3.23,63.0,95916.0
20111001:0500,18.17,81.96,0.0,0.0,0.0,358.99,3.22,62.0,95991.0
20111001:0600,17.07,87.54,61.0,259.9,35.0,358.13,3.22,61.0,96019.0
20111001:0700,15.97,93.12,283.0,642.97,83.0,357.27,3.22,51.0,96057.0
20111001:0800,19.36,76.1,376.0,284.63,234.0,355.8,3.93,53.0,96085.0
20111001:0900,20.62,68.45,553.0,410.29,286.0,364.6,4.21,64.0,96085.0
20111001:1000,21.61,63.75,449.0,88.59,382.0,368.2,5.03,67.0,96095.0
20111001:1100,21.79,65.1,76.0,0.0,76.0,376.0,5.59,61.0,96170.0
20111001:1200,21.88,66.75,76.0,0.0,76.0,381.8,4.97,62.0,96160.0
20111001:1300,21.77,66.9,87.0,0.0,87.0,393.85,3.79,72.0,96151.0
20111001:1400,22.04,65.2,65.0,0.0,65.0,386.6,2.9,87.0,96085.0
20111001:1500,21.94,65.3,58.0,0.0,58.0,387.8,2.34,99.0,96047.0
20111001:1600,21.79,65.95,120.0,32.69,111.0,390.05,1.59,121.0,95991.0
20111001:1700,21.55,67.0,24.0,48.66,21.0,376.2,1.24,135.0,95953.0
20111001:1800,21.02,72.15,0.0,0.0,0.0,364.4,1.24,65.0,95944.0
20111001:1900,19.65,81.75,0.0,0.0,0.0,363.4,1.59,20.0,96000.0
20111001:2000,19.31,85.45,0.0,0.0,0.0,357.0,1.93,354.0,96123.0
20111001:2100,19.19,87.0,0.0,0.0,0.0,369.4,1.59,17.0,96123.0
20111001:2200,18.97,88.1,0.0,0.0,0.0,365.8,2.07,52.0,96113.0
20111001:2300,18.58,89.4,0.0,0.0,0.0,361.6,2.69,58.0,96132.0
20111002:0000,18.27,90.3,0.0,0.0,0.0,365.8,2.83,66.0,96095.0
20111002:0100,17.85,91.7,0.0,0.0,0.0,359.65,2.69,67.0,96085.0
20111002:0200,17.47,92.95,0.0,0.0,0.0,356.2,2.55,58.0,96019.0
20111002:0300,17.19,93.7,0.0,0.0,0.0,354.0,2.55,52.0,96010.0
20111002:0400,16.93,94.15,0.0,0.0,0.0,352.2,2.48,47.0,96010.0
20111002:0500,16.82,94.3,0.0,0.0,0.0,357.2,2.14,38.0,96038.0
20111002:0600,16.61,95.2,48.0,123.04,36.0,350.0,2.0,30.0,96038.0
20111002:0700,17.4,89.9,249.0,424.8,118.0,339.4,2.69,16.0,96076.0
20111002:0800,18.75,81.05,501.0,810.52,99.0,340.4,4.21,31.0,96151.0
20111002:0900,20.05,72.5,689.0,906.49,102.0,349.0,5.66,38.0,96179.0
20111002:1000,20.94,67.6,635.0,383.91,346.0,369.4,4.83,39.0,96189.0
20111002:1100,21.82,62.0,863.0,888.79,148.0,384.6,4.0,36.0,96179.0
20111002:1200,22.73,56.4,834.0,807.16,189.0,380.6,3.72,33.0,96123.0
20111002:1300,23.49,52.1,789.0,895.46,129.0,383.2,3.72,31.0,96057.0
20111002:1400,23.97,49.15,659.0,886.68,107.0,387.4,3.86,32.0,95982.0
20111002:1500,24.09,48.3,448.0,690.56,128.0,376.0,4.0,33.0,95953.0
20111002:1600,23.78,48.3,211.0,380.88,108.0,366.8,4.21,32.0,95925.0
20111002:1700,22.89,54.0,4.0,0.0,4.0,345.8,3.86,35.0,95953.0
20111002:1800,21.44,62.95,0.0,0.0,0.0,344.0,3.45,37.0,96010.0
20111002:1900,20.37,70.5,0.0,0.0,0.0,334.0,3.38,34.0,96057.0
20111002:2000,19.7,75.0,0.0,0.0,0.0,337.0,3.03,39.0,96170.0
20111002:2100,18.96,79.55,0.0,0.0,0.0,335.4,2.48,38.0,96160.0
20111002:2200,18.29,83.3,0.0,0.0,0.0,333.8,2.34,39.0,96189.0
20111002:2300,17.64,86.4,0.0,0.0,0.0,330.8,2.28,38.0,96132.0
20111003:0000,17.09,88.9,0.0,0.0,0.0,330.4,2.28,30.0,96160.0
20111003:0100,16.56,91.0,0.0,0.0,0.0,328.05,2.28,18.0,96151.0
20111003:0200,16.11,92.4,0.0,0.0,0.0,325.8,2.41,5.0,96132.0
20111003:0300,15.76,93.1,0.0,0.0,0.0,324.2,2.48,355.0,96132.0
20111003:0400,15.5,93.3,0.0,0.0,0.0,323.0,2.62,348.0,96151.0
20111003:0500,15.31,93.1,0.0,0.0,0.0,322.2,2.69,346.0,96179.0
20111003:0600,15.19,92.65,50.0,147.37,36.0,321.6,2.76,347.0,96198.0
20111003:0700,16.53,90.75,277.0,637.95,82.0,322.8,2.34,6.0,96245.0
20111003:0800,19.06,78.4,498.0,809.28,99.0,328.8,2.83,25.0,96264.0
20111003:0900,20.72,67.45,685.0,904.83,102.0,336.6,3.1,44.0,96292.0
20111003:1000,22.06,58.5,818.0,959.66,99.0,344.4,3.31,55.0,96283.0
20111003:1100,23.13,53.1,885.0,983.02,98.0,350.4,3.59,61.0,96264.0
20111003:1200,23.84,49.3,875.0,969.89,104.0,370.6,4.21,58.0,96170.0
20111003:1300,24.01,48.1,793.0,926.81,114.0,385.6,4.28,57.0,96113.0
20111003:1400,24.17,47.6,626.0,763.87,154.0,371.6,4.14,60.0,96076.0
20111003:1500,24.1,47.9,450.0,728.29,116.0,380.6,3.93,63.0,96019.0
20111003:1600,23.74,49.5,20.0,0.0,20.0,382.8,3.66,66.0,96047.0
20111003:1700,23.19,52.85,22.0,76.94,18.0,360.4,3.03,69.0,96057.0
20111003:1800,22.16,59.0,0.0,0.0,0.0,355.4,2.34,68.0,96085.0
20111003:1900,21.64,64.6,0.0,0.0,0.0,354.4,1.72,73.0,96142.0
20111003:2000,20.44,75.3,0.0,0.0,0.0,345.2,1.45,74.0,96179.0
20111003:2100,19.88,73.85,0.0,0.0,0.0,337.6,1.24,76.0,96198.0
20111003:2200,19.61,72.35,0.0,0.0,0.0,341.8,1.17,74.0,96207.0
20111003:2300,19.71,68.8,0.0,0.0,0.0,333.0,1.03,79.0,96217.0
20111004:0000,19.73,67.3,0.0,0.0,0.0,332.0,0.76,73.0,96179.0
20111004:0100,19.33,68.8,0.0,0.0,0.0,331.65,0.62,63.0,96189.0
20111004:0200,18.9,70.45,0.0,0.0,0.0,329.2,0.62,61.0,96132.0
20111004:0300,18.55,71.85,0.0,0.0,0.0,332.4,0.62,55.0,96132.0
20111004:0400,18.23,73.15,0.0,0.0,0.0,331.2,0.55,36.0,96151.0
20111004:0500,17.86,74.6,0.0,0.0,0.0,327.4,0.76,20.0,96189.0
20111004:0600,16.96,78.4,45.0,118.99,34.0,325.6,1.17,21.0,96170.0
20111004:0700,17.04,81.9,271.0,607.41,87.0,325.0,1.1,4.0,96226.0
20111004:0800,19.6,69.3,488.0,769.32,111.0,330.2,1.1,50.0,96254.0
20111004:0900,21.19,60.4,676.0,876.69,114.0,338.8,1.59,93.0,96302.0
20111004:1000,22.44,55.4,814.0,957.57,100.0,346.4,2.0,102.0,96245.0
20111004:1100,23.54,48.55,880.0,982.81,97.0,359.8,2.48,101.0,96226.0
20111004:1200,24.26,41.75,873.0,980.1,98.0,365.4,2.76,102.0,96132.0
20111004:1300,24.64,38.35,787.0,924.23,114.0,363.8,2.76,103.0,96076.0
20111004:1400,24.9,36.1,638.0,836.51,125.0,363.8,2.69,100.0,96029.0
20111004:1500,24.86,35.05,447.0,738.15,112.0,377.6,2.69,97.0,95972.0
20111004:1600,24.71,34.7,104.0,19.17,99.0,364.6,2.76,90.0,95972.0
20111004:1700,24.13,36.7,20.0,84.75,16.0,353.2,2.83,85.0,95982.0
20111004:1800,23.11,40.65,0.0,0.0,0.0,348.2,2.83,81.0,96029.0
20111004:1900,22.28,42.45,0.0,0.0,0.0,345.2,2.97,84.0,96066.0
20111004:2000,21.28,45.0,0.0,0.0,0.0,337.6,3.03,89.0,96123.0
20111004:2100,20.27,47.7,0.0,0.0,0.0,333.2,2.97,97.0,96132.0
20111004:2200,19.31,50.85,0.0,0.0,0.0,332.0,2.76,108.0,96113.0
20111004:2300,18.28,55.9,0.0,0.0,0.0,329.2,2.41,116.0,96123.0
20111005:0000,17.21,63.2,0.0,0.0,0.0,323.0,1.93,124.0,96104.0
20111005:0100,17.73,56.0,0.0,0.0,0.0,324.25,1.31,124.0,96066.0
20111005:0200,18.58,48.35,0.0,0.0,0.0,325.0,0.55,81.0,96076.0
20111005:0300,17.8,52.8,0.0,0.0,0.0,329.0,1.1,7.0,96029.0
20111005:0400,15.5,67.6,0.0,0.0,0.0,326.8,1.86,357.0,96066.0
20111005:0500,14.69,73.0,0.0,0.0,0.0,328.8,2.14,355.0,96104.0
20111005:0600,14.57,75.45,45.0,133.53,33.0,338.6,2.21,3.0,96104.0
20111005:0700,15.78,73.2,262.0,559.71,94.0,334.8,2.07,20.0,96189.0
20111005:0800,18.59,57.8,474.0,712.49,127.0,340.8,2.34,39.0,96217.0
20111005:0900,20.4,48.4,661.0,829.5,132.0,346.6,2.21,57.0,96236.0
20111005:1000,21.61,44.1,803.0,928.55,114.0,350.2,1.72,73.0,96179.0
20111005:1100,22.81,40.0,864.0,934.7,123.0,365.4,1.59,78.0,96170.0
20111005:1200,23.45,38.3,798.0,729.8,224.0,356.0,1.59,56.0,96095.0
20111005:1300,24.16,36.2,729.0,722.66,206.0,365.0,2.34,37.0,96029.0
20111005:1400,24.24,35.4,629.0,819.9,130.0,363.6,2.76,38.0,95953.0
20111005:1500,24.26,35.0,427.0,656.91,132.0,370.0,2.9,41.0,95916.0
20111005:1600,24.07,35.25,172.0,218.78,116.0,360.4,3.24,45.0,95935.0
20111005:1700,23.51,36.8,16.0,47.12,14.0,351.4,3.52,50.0,95925.0
20111005:1800,22.63,40.35,0.0,0.0,0.0,346.0,3.17,56.0,95963.0
20111005:1900,21.92,43.7,0.0,0.0,0.0,341.2,3.17,62.0,96010.0
20111005:2000,21.01,47.3,0.0,0.0,0.0,336.4,3.24,67.0,96057.0
20111005:2100,20.09,50.9,0.0,0.0,0.0,330.6,3.24,70.0,96076.0
20111005:2200,19.14,54.9,0.0,0.0,0.0,324.4,3.1,69.0,96047.0
20111005:2300,18.3,59.1,0.0,0.0,0.0,327.8,2.76,62.0,96066.0
20111006:0000,17.3,64.8,0.0,0.0,0.0,320.8,2.41,47.0,96076.0
20111006:0100,16.37,70.2,0.0,0.0,0.0,315.65,2.41,31.0,96038.0
20111006:0200,15.65,74.75,0.0,0.0,0.0,316.6,2.48,20.0,96047.0
20111006:0300,15.02,79.3,0.0,0.0,0.0,313.2,2.62,16.0,96029.0
20111006:0400,14.42,83.7,0.0,0.0,0.0,308.4,2.69,16.0,96047.0
20111006:0500,13.92,86.95,0.0,0.0,0.0,307.2,2.69,15.0,96076.0
20111006:0600,13.62,88.5,43.0,126.06,32.0,305.6,2.83,10.0,96095.0
20111006:0700,15.24,82.3,261.0,568.36,92.0,309.4,3.1,22.0,96132.0
20111006:0800,18.18,66.45,466.0,686.0,134.0,314.6,3.52,32.0,96189.0
20111006:0900,20.28,53.7,651.0,799.2,144.0,321.2,3.59,45.0,96179.0
20111006:1000,21.75,47.6,782.0,862.73,145.0,329.2,3.72,51.0,96142.0
20111006:1100,23.01,41.55,855.0,917.85,131.0,335.4,4.0,55.0,96066.0
20111006:1200,24.02,35.9,821.0,819.4,180.0,342.2,4.21,61.0,96010.0
20111006:1300,24.61,33.05,757.0,841.17,152.0,349.2,4.41,64.0,95916.0
20111006:1400,24.91,31.55,544.0,506.65,238.0,345.4,4.55,64.0,95869.0
20111006:1500,24.93,30.85,431.0,706.7,117.0,344.2,4.69,65.0,95840.0
20111006:1600,24.53,31.55,213.0,509.58,85.0,339.0,4.83,64.0,95803.0
20111006:1700,23.82,33.4,9.0,0.0,9.0,335.4,4.69,64.0,95840.0
20111006:1800,22.76,36.6,0.0,0.0,0.0,331.2,3.79,61.0,95850.0
20111006:1900,21.81,39.75,0.0,0.0,0.0,323.6,3.45,60.0,95916.0
20111006:2000,20.76,43.65,0.0,0.0,0.0,319.8,3.1,60.0,95963.0
20111006:2100,19.65,48.05,0.0,0.0,0.0,315.6,2.83,60.0,95963.0
20111006:2200,18.54,52.9,0.0,0.0,0.0,312.4,2.55,57.0,95963.0
20111006:2300,17.42,58.55,0.0,0.0,0.0,309.8,2.34,50.0,95991.0
20111007:0000,16.42,63.75,0.0,0.0,0.0,307.4,2.28,39.0,95972.0
20111007:0100,15.58,68.1,0.0,0.0,0.0,305.6,2.34,26.0,95963.0
20111007:0200,14.86,72.1,0.0,0.0,0.0,303.6,2.55,15.0,95935.0
20111007:0300,14.17,76.35,0.0,0.0,0.0,301.8,2.55,10.0,95897.0
20111007:0400,13.62,79.8,0.0,0.0,0.0,299.8,2.62,4.0,95906.0
20111007:0500,13.2,82.4,0.0,0.0,0.0,298.8,2.9,355.0,95878.0
20111007:0600,12.88,84.0,41.0,118.16,31.0,297.0,3.1,348.0,95906.0
20111007:0700,14.59,75.9,252.0,526.29,97.0,299.6,2.9,339.0,95935.0
20111007:0800,18.91,56.75,460.0,671.7,137.0,305.4,3.17,350.0,95972.0
20111007:0900,21.64,45.9,633.0,738.52,167.0,314.6,3.52,11.0,95991.0
20111007:1000,23.28,36.35,766.0,815.34,167.0,324.0,3.66,33.0,95944.0
20111007:1100,24.51,29.75,832.0,851.16,164.0,329.6,3.79,49.0,95887.0
20111007:1200,25.38,26.35,825.0,849.59,164.0,333.0,4.0,55.0,95793.0
20111007:1300,25.98,24.35,740.0,793.28,173.0,334.4,4.14,58.0,95690.0
20111007:1400,26.26,23.35,606.0,757.53,152.0,334.6,4.28,57.0,95633.0
20111007:1500,26.23,23.15,408.0,602.85,143.0,333.2,4.34,53.0,95568.0
20111007:1600,25.85,23.95,199.0,434.19,92.0,330.4,4.48,48.0,95530.0
20111007:1700,25.07,26.1,0.0,0.0,0.0,326.4,4.34,45.0,95530.0
20111007:1800,23.74,29.7,0.0,0.0,0.0,323.2,3.45,46.0,95577.0
20111007:1900,22.46,33.95,0.0,0.0,0.0,319.0,2.9,57.0,95633.0
20111007:2000,21.38,37.45,0.0,0.0,0.0,315.6,2.34,62.0,95690.0
20111007:2100,19.94,44.8,0.0,0.0,0.0,312.0,1.52,74.0,95699.0
20111007:2200,20.69,39.4,0.0,0.0,0.0,309.4,0.55,68.0,95680.0
20111007:2300,20.19,40.75,0.0,0.0,0.0,306.8,0.9,314.0,95624.0
20111008:0000,16.84,52.35,0.0,0.0,0.0,304.6,2.41,309.0,95633.0
20111008:0100,15.95,55.1,0.0,0.0,0.0,302.4,2.97,305.0,95615.0
20111008:0200,14.91,59.55,0.0,0.0,0.0,300.2,3.03,298.0,95558.0
20111008:0300,14.32,62.15,0.0,0.0,0.0,299.2,3.31,297.0,95539.0
20111008:0400,14.09,63.2,0.0,0.0,0.0,298.4,3.66,299.0,95521.0
20111008:0500,14.2,62.6,0.0,0.0,0.0,303.6,4.21,303.0,95502.0
20111008:0600,14.66,59.8,13.0,0.0,13.0,313.2,4.69,307.0,95483.0
20111008:0700,16.77,51.95,247.0,504.04,100.0,322.0,4.41,301.0,95502.0
20111008:0800,20.03,40.95,329.0,198.85,234.0,332.8,4.9,303.0,95530.0
20111008:0900,23.34,31.1,622.0,710.68,176.0,331.6,5.31,308.0,95558.0
20111008:1000,25.75,24.3,787.0,908.42,123.0,332.8,5.59,330.0,95511.0
20111008:1100,26.89,21.85,846.0,915.73,131.0,337.6,6.07,356.0,95483.0
20111008:1200,27.16,22.85,691.0,462.69,333.0,343.0,6.69,11.0,95408.0
20111008:1300,26.86,26.35,735.0,792.67,172.0,351.0,7.59,18.0,95389.0
20111008:1400,25.0,34.35,495.0,381.72,268.0,350.4,8.48,18.0,95408.0
20111008:1500,24.12,40.05,180.0,16.1,173.0,359.4,8.0,26.0,95483.0
20111008:1600,23.41,43.85,196.0,438.53,90.0,365.2,7.38,32.0,95530.0
20111008:1700,22.49,46.55,0.0,0.0,0.0,344.2,6.76,39.0,95549.0
20111008:1800,21.61,48.3,0.0,0.0,0.0,345.8,5.59,42.0,95624.0
20111008:1900,21.22,44.4,0.0,0.0,0.0,329.2,4.34,42.0,95680.0
20111008:2000,20.42,45.3,0.0,0.0,0.0,326.8,3.72,37.0,95784.0
20111008:2100,19.34,48.5,0.0,0.0,0.0,316.4,3.59,34.0,95822.0
20111008:2200,18.36,52.1,0.0,0.0,0.0,313.8,3.86,33.0,95859.0
20111008:2300,17.53,55.1,0.0,0.0,0.0,314.2,4.55,35.0,95869.0
20111009:0000,16.63,56.8,0.0,0.0,0.0,306.4,5.1,38.0,95935.0
20111009:0100,15.81,56.6,0.0,0.0,0.0,302.6,5.03,40.0,95991.0
20111009:0200,14.96,57.2,0.0,0.0,0.0,299.0,4.07,36.0,95963.0
20111009:0300,14.08,60.1,0.0,0.0,0.0,294.8,3.31,26.0,95963.0
20111009:0400,13.34,63.9,0.0,0.0,0.0,291.8,3.24,13.0,96000.0
20111009:0500,12.75,67.75,0.0,0.0,0.0,288.8,3.38,4.0,96047.0
20111009:0600,12.28,70.85,37.0,113.5,28.0,286.4,3.52,356.0,96076.0
20111009:0700,13.57,63.4,243.0,491.79,101.0,283.0,3.79,351.0,96132.0
20111009:0800,16.15,48.85,444.0,619.51,150.0,285.0,4.48,359.0,96198.0
20111009:0900,18.35,36.75,615.0,695.39,181.0,290.8,4.83,12.0,96245.0
20111009:1000,20.01,30.0,741.0,752.22,194.0,298.6,4.55,20.0,96217.0
20111009:1100,21.28,27.2,801.0,771.16,202.0,305.6,4.07,21.0,96207.0
20111009:1200,22.34,25.65,793.0,769.39,201.0,311.6,3.72,19.0,96151.0
20111009:1300,23.14,24.75,713.0,732.54,196.0,317.0,3.52,16.0,96057.0
20111009:1400,23.71,24.2,585.0,711.82,165.0,319.2,3.52,14.0,96029.0
20111009:1500,23.92,24.3,395.0,585.83,143.0,320.4,3.66,14.0,95972.0
20111009:1600,23.77,24.95,191.0,434.55,88.0,320.2,3.93,14.0,96019.0
20111009:1700,23.15,26.7,0.0,0.0,0.0,317.6,3.93,16.0,96038.0
20111009:1800,21.92,30.2,0.0,0.0,0.0,314.2,3.38,22.0,96095.0
20111009:1900,20.87,33.3,0.0,0.0,0.0,311.8,2.55,31.0,96151.0
20111009:2000,19.84,37.25,0.0,0.0,0.0,311.2,2.21,35.0,96217.0
20111009:2100,18.57,46.45,0.0,0.0,0.0,311.2,1.38,23.0,96236.0
20111009:2200,18.55,43.35,0.0,0.0,0.0,311.2,1.17,323.0,96254.0
20111009:2300,16.71,49.65,0.0,0.0,0.0,310.8,2.0,296.0,96264.0
20111010:0000,16.03,49.6,0.0,0.0,0.0,309.8,2.69,299.0,96311.0
20111010:0100,15.42,51.5,0.0,0.0,0.0,308.2,3.17,314.0,96273.0
20111010:0200,14.98,54.5,0.0,0.0,0.0,306.2,3.72,329.0,96273.0
20111010:0300,14.64,58.55,0.0,0.0,0.0,304.0,4.0,346.0,96245.0
20111010:0400,14.31,62.4,0.0,0.0,0.0,302.6,4.0,358.0,96264.0
20111010:0500,13.95,65.3,0.0,0.0,0.0,300.8,3.72,0.0,96320.0
20111010:0600,13.53,67.4,35.0,104.45,27.0,299.4,3.52,355.0,96330.0
20111010:0700,14.72,61.85,242.0,507.33,97.0,299.0,3.03,351.0,96377.0
20111010:0800,18.0,48.7,440.0,617.35,149.0,304.2,3.59,2.0,96452.0
20111010:0900,20.39,39.3,615.0,707.36,176.0,313.0,3.79,14.0,96490.0
20111010:1000,21.92,34.5,737.0,752.01,193.0,321.6,3.24,18.0,96461.0
20111010:1100,23.15,31.3,801.0,785.58,194.0,328.8,3.17,17.0,96443.0
20111010:1200,24.16,29.5,788.0,768.49,200.0,334.4,3.45,18.0,96358.0
20111010:1300,24.88,29.05,717.0,760.06,184.0,338.4,3.72,19.0,96283.0
20111010:1400,25.3,29.5,580.0,708.91,165.0,340.6,4.07,21.0,96236.0
20111010:1500,25.37,30.9,390.0,582.87,142.0,341.0,4.41,23.0,96198.0
20111010:1600,24.95,33.55,184.0,413.12,88.0,339.6,4.83,26.0,96217.0
20111010:1700,24.13,37.35,0.0,0.0,0.0,337.0,4.83,29.0,96217.0
20111010:1800,23.05,41.4,0.0,0.0,0.0,334.2,3.86,36.0,96273.0
20111010:1900,22.19,45.2,0.0,0.0,0.0,332.6,3.31,42.0,96320.0
20111010:2000,21.3,48.4,0.0,0.0,0.0,330.4,2.48,40.0,96377.0
20111010:2100,20.29,52.25,0.0,0.0,0.0,327.6,2.0,18.0,96377.0
20111010:2200,19.21,56.4,0.0,0.0,0.0,324.6,2.14,353.0,96424.0
20111010:2300,18.28,60.2,0.0,0.0,0.0,321.8,2.34,341.0,96424.0
20111011:0000,17.52,63.3,0.0,0.0,0.0,319.8,2.69,346.0,96405.0
20111011:0100,16.99,65.2,0.0,0.0,0.0,318.05,3.1,357.0,96386.0
20111011:0200,16.57,66.3,0.0,0.0,0.0,316.6,3.66,6.0,96320.0
20111011:0300,16.12,68.05,0.0,0.0,0.0,315.2,3.86,8.0,96320.0
20111011:0400,15.64,70.75,0.0,0.0,0.0,313.8,3.86,7.0,96330.0
20111011:0500,15.19,73.8,0.0,0.0,0.0,313.0,3.72,2.0,96339.0
20111011:0600,14.79,76.5,35.0,121.84,26.0,311.8,3.59,358.0,96367.0
20111011:0700,15.86,72.8,241.0,516.18,95.0,311.0,3.66,1.0,96386.0
20111011:0800,18.53,61.35,439.0,628.03,145.0,316.6,4.21,14.0,96452.0
20111011:0900,20.82,52.05,618.0,734.09,165.0,325.0,4.34,29.0,96452.0
20111011:1000,22.62,45.1,737.0,765.73,186.0,334.4,3.66,39.0,96424.0
20111011:1100,23.93,40.25,797.0,784.55,194.0,342.8,2.83,44.0,96377.0
20111011:1200,24.8,36.75,797.0,813.61,178.0,349.0,2.0,43.0,96292.0
20111011:1300,25.4,34.65,712.0,759.23,183.0,353.0,1.45,37.0,96236.0
20111011:1400,25.82,33.25,578.0,721.43,159.0,353.8,1.38,31.0,96151.0
20111011:1500,26.02,32.55,388.0,591.69,139.0,352.8,1.66,31.0,96104.0
20111011:1600,25.95,32.6,180.0,408.32,87.0,348.8,2.0,35.0,96085.0
20111011:1700,25.55,33.5,0.0,0.0,0.0,343.8,2.34,43.0,96085.0
20111011:1800,24.66,35.75,0.0,0.0,0.0,339.8,2.34,56.0,96113.0
20111011:1900,23.64,39.5,0.0,0.0,0.0,338.2,2.62,61.0,96151.0
20111011:2000,22.63,42.65,0.0,0.0,0.0,335.4,2.55,58.0,96160.0
20111011:2100,21.56,46.35,0.0,0.0,0.0,332.6,2.34,51.0,96170.0
20111011:2200,20.45,50.65,0.0,0.0,0.0,329.6,2.28,38.0,96160.0
20111011:2300,19.4,55.25,0.0,0.0,0.0,327.6,2.28,31.0,96170.0
20111012:0000,18.44,60.0,0.0,0.0,0.0,325.6,2.28,21.0,96151.0
20111012:0100,17.55,64.75,0.0,0.0,0.0,323.65,2.21,13.0,96142.0
20111012:0200,16.81,68.85,0.0,0.0,0.0,322.0,2.21,4.0,96104.0
20111012:0300,16.16,72.4,0.0,0.0,0.0,320.0,2.34,354.0,96085.0
20111012:0400,15.59,75.45,0.0,0.0,0.0,318.6,2.41,349.0,96076.0
20111012:0500,15.09,78.0,0.0,0.0,0.0,316.8,2.48,344.0,96113.0
20111012:0600,14.67,80.0,32.0,112.5,24.0,316.0,2.62,338.0,96132.0
20111012:0700,15.8,76.35,244.0,564.58,86.0,317.0,2.21,345.0,96198.0
20111012:0800,19.61,59.05,448.0,688.37,128.0,323.0,1.86,356.0,96264.0
20111012:0900,21.84,48.95,621.0,762.8,153.0,332.2,0.97,11.0,96292.0
20111012:1000,23.27,41.6,737.0,779.63,179.0,342.2,0.07,332.0,96236.0
20111012:1100,24.31,38.5,792.0,783.54,193.0,349.4,0.28,144.0,96207.0
20111012:1200,25.12,35.95,792.0,811.66,178.0,354.2,0.55,107.0,96132.0
20111012:1300,25.8,33.7,707.0,756.95,183.0,356.8,0.9,102.0,96047.0
20111012:1400,26.25,32.1,567.0,692.48,168.0,356.8,1.17,96.0,96000.0
20111012:1500,26.42,31.15,381.0,579.05,140.0,354.6,1.52,93.0,95963.0
20111012:1600,26.32,31.0,175.0,403.25,85.0,350.2,2.0,93.0,95953.0
20111012:1700,25.89,31.65,0.0,0.0,0.0,345.2,2.48,96.0,95963.0
20111012:1800,25.07,33.25,0.0,0.0,0.0,340.8,2.55,105.0,96000.0
20111012:1900,24.25,35.75,0.0,0.0,0.0,339.8,2.83,108.0,96029.0
20111012:2000,23.32,37.5,0.0,0.0,0.0,337.6,2.76,117.0,96076.0
20111012:2100,22.29,39.4,0.0,0.0,0.0,333.6,2.55,131.0,96095.0
20111012:2200,21.22,41.4,0.0,0.0,0.0,330.0,2.34,148.0,96104.0
20111012:2300,20.14,43.4,0.0,0.0,0.0,326.2,2.28,168.0,96085.0
20111013:0000,19.09,45.55,0.0,0.0,0.0,323.2,2.21,190.0,96066.0
20111013:0100,18.13,47.65,0.0,0.0,0.0,320.25,2.14,213.0,96029.0
20111013:0200,17.33,49.65,0.0,0.0,0.0,318.0,2.21,242.0,96010.0
20111013:0300,16.69,51.25,0.0,0.0,0.0,316.8,2.41,270.0,95991.0
20111013:0400,16.14,52.95,0.0,0.0,0.0,315.6,2.69,286.0,95982.0
20111013:0500,15.54,55.05,0.0,0.0,0.0,314.4,2.9,296.0,96000.0
20111013:0600,14.91,57.4,30.0,102.44,23.0,313.6,2.97,302.0,95972.0
20111013:0700,16.08,55.25,236.0,520.17,92.0,315.0,2.34,307.0,96047.0
20111013:0800,20.48,41.3,430.0,613.13,147.0,320.0,2.28,314.0,96085.0
20111013:0900,23.15,34.6,600.0,690.23,179.0,329.2,1.93,311.0,96132.0
20111013:1000,24.22,33.6,729.0,762.8,186.0,338.6,0.83,307.0,96113.0
20111013:1100,25.02,32.25,783.0,768.07,199.0,346.0,0.21,334.0,96057.0
20111013:1200,25.75,30.25,778.0,780.45,191.0,351.0,0.07,241.0,96000.0
20111013:1300,26.32,28.6,698.0,741.54,188.0,353.2,0.07,270.0,95944.0
20111013:1400,26.69,27.5,565.0,703.28,163.0,353.4,0.14,321.0,95850.0
20111013:1500,26.84,26.9,376.0,575.79,139.0,351.2,0.34,11.0,95822.0
20111013:1600,26.72,26.85,172.0,407.04,83.0,347.6,0.41,29.0,95793.0
20111013:1700,26.41,27.3,0.0,0.0,0.0,342.0,0.48,73.0,95784.0
20111013:1800,25.82,28.45,0.0,0.0,0.0,337.8,1.17,120.0,95812.0
20111013:1900,25.0,30.6,0.0,0.0,0.0,336.6,1.72,137.0,95803.0
20111013:2000,23.95,32.65,0.0,0.0,0.0,334.4,2.0,158.0,95850.0
20111013:2100,22.68,35.15,0.0,0.0,0.0,331.6,2.14,174.0,95840.0
20111013:2200,21.49,37.65,0.0,0.0,0.0,328.6,2.28,192.0,95840.0
20111013:2300,20.47,39.8,0.0,0.0,0.0,325.6,2.48,210.0,95812.0
20111014:0000,19.6,41.8,0.0,0.0,0.0,322.8,2.69,225.0,95803.0
20111014:0100,18.82,43.85,0.0,0.0,0.0,320.25,2.9,238.0,95784.0
20111014:0200,18.06,46.0,0.0,0.0,0.0,317.8,3.1,252.0,95737.0
20111014:0300,17.29,48.45,0.0,0.0,0.0,316.2,3.17,267.0,95728.0
20111014:0400,16.63,50.85,0.0,0.0,0.0,314.0,3.31,277.0,95690.0
20111014:0500,16.06,53.15,0.0,0.0,0.0,312.2,3.45,283.0,95709.0
20111014:0600,15.62,55.25,28.0,91.56,22.0,310.2,3.59,288.0,95709.0
20111014:0700,16.63,54.45,232.0,507.71,93.0,312.0,2.62,298.0,95728.0
20111014:0800,20.55,42.65,432.0,635.05,141.0,317.0,2.41,308.0,95765.0
20111014:0900,23.76,34.35,600.0,702.6,174.0,326.2,2.07,323.0,95784.0
20111014:1000,25.47,30.5,721.0,747.22,192.0,336.0,1.45,332.0,95746.0
20111014:1100,26.46,27.55,744.0,654.59,249.0,345.0,0.97,333.0,95690.0
20111014:1200,27.16,24.65,688.0,514.86,303.0,352.2,1.03,331.0,95605.0
20111014:1300,27.71,22.7,742.0,936.69,102.0,352.8,1.17,343.0,95539.0
20111014:1400,28.04,21.45,596.0,871.19,102.0,358.8,1.45,358.0,95464.0
20111014:1500,28.15,20.8,402.0,754.22,95.0,351.4,1.59,9.0,95445.0
20111014:1600,27.94,20.65,133.0,172.76,96.0,348.6,1.52,19.0,95436.0
20111014:1700,27.52,21.1,0.0,0.0,0.0,345.2,1.24,42.0,95455.0
20111014:1800,26.59,22.5,0.0,0.0,0.0,336.8,1.38,83.0,95455.0
20111014:1900,25.64,25.4,0.0,0.0,0.0,340.2,1.72,135.0,95464.0
20111014:2000,24.35,28.15,0.0,0.0,0.0,341.6,1.72,152.0,95492.0
20111014:2100,23.11,31.1,0.0,0.0,0.0,340.6,1.52,169.0,95530.0
20111014:2200,22.25,33.2,0.0,0.0,0.0,338.4,1.17,197.0,95511.0
20111014:2300,21.15,35.65,0.0,0.0,0.0,337.2,1.38,239.0,95511.0
20111015:0000,19.75,38.45,0.0,0.0,0.0,334.2,2.21,265.0,95539.0
20111015:0100,19.1,39.25,0.0,0.0,0.0,330.25,2.97,277.0,95530.0
20111015:0200,18.45,40.35,0.0,0.0,0.0,322.6,3.59,287.0,95502.0
20111015:0300,18.24,40.35,0.0,0.0,0.0,321.8,4.14,295.0,95483.0
20111015:0400,18.01,40.7,0.0,0.0,0.0,313.6,4.62,299.0,95445.0
20111015:0500,17.85,41.2,0.0,0.0,0.0,315.8,4.76,302.0,95492.0
20111015:0600,17.31,42.8,27.0,95.69,21.0,311.0,4.55,306.0,95473.0
20111015:0700,17.97,41.9,226.0,487.63,94.0,309.6,4.0,320.0,95530.0
20111015:0800,20.5,36.2,421.0,597.97,149.0,312.2,4.41,353.0,95586.0
20111015:0900,22.53,32.55,593.0,688.6,178.0,319.0,5.93,28.0,95615.0
20111015:1000,23.92,29.6,716.0,747.13,190.0,325.4,7.03,43.0,95577.0
20111015:1100,25.07,26.95,783.0,795.17,185.0,331.6,6.97,45.0,95577.0
20111015:1200,25.89,25.4,782.0,824.56,169.0,335.6,6.55,43.0,95539.0
20111015:1300,26.35,24.5,692.0,752.83,181.0,338.0,6.21,41.0,95492.0
20111015:1400,26.55,23.6,558.0,712.89,157.0,340.4,5.86,38.0,95464.0
20111015:1500,26.39,22.9,366.0,571.41,136.0,336.0,5.66,36.0,95455.0
20111015:1600,25.82,22.8,160.0,371.92,82.0,331.4,5.79,35.0,95473.0
20111015:1700,24.72,23.75,0.0,0.0,0.0,325.8,5.52,36.0,95521.0
20111015:1800,23.25,25.75,0.0,0.0,0.0,320.8,5.59,37.0,95586.0
20111015:1900,22.14,28.15,0.0,0.0,0.0,315.8,5.93,30.0,95680.0
20111015:2000,21.18,29.45,0.0,0.0,0.0,311.6,5.31,29.0,95737.0
20111015:2100,20.3,30.6,0.0,0.0,0.0,307.8,4.83,26.0,95765.0
20111015:2200,19.4,31.8,0.0,0.0,0.0,303.2,4.62,24.0,95784.0
20111015:2300,18.53,33.15,0.0,0.0,0.0,299.8,4.76,22.0,95793.0
20111016:0000,17.72,34.7,0.0,0.0,0.0,297.0,5.31,22.0,95822.0
20111016:0100,16.91,36.85,0.0,0.0,0.0,293.8,5.72,23.0,95878.0
20111016:0200,16.14,39.5,0.0,0.0,0.0,291.8,5.66,23.0,95840.0
20111016:0300,15.46,42.55,0.0,0.0,0.0,290.2,5.52,22.0,95869.0
20111016:0400,14.9,45.65,0.0,0.0,0.0,290.0,5.38,24.0,95887.0
20111016:0500,14.33,48.95,0.0,0.0,0.0,289.8,5.17,28.0,95963.0
20111016:0600,13.72,52.8,24.0,66.83,20.0,289.6,4.69,29.0,96019.0
20111016:0700,14.57,53.65,232.0,553.1,84.0,293.2,4.28,27.0,96095.0
20111016:0800,16.14,54.85,417.0,595.82,148.0,296.6,4.62,40.0,96132.0
20111016:0900,17.53,55.25,589.0,687.82,177.0,302.4,4.07,53.0,96160.0
20111016:1000,18.96,50.55,704.0,717.05,202.0,309.2,3.38,62.0,96198.0
20111016:1100,20.15,45.4,761.0,735.43,211.0,317.2,2.76,63.0,96132.0
20111016:1200,21.09,40.1,760.0,761.77,197.0,321.2,2.34,55.0,96085.0
20111016:1300,21.8,35.65,679.0,722.23,192.0,325.4,2.41,40.0,96010.0
20111016:1400,22.26,32.5,547.0,684.62,165.0,325.4,2.62,29.0,95953.0
20111016:1500,22.42,30.75,359.0,557.76,137.0,323.4,2.69,23.0,95906.0
20111016:1600,22.24,29.95,160.0,399.36,78.0,317.6,2.83,24.0,95887.0
20111016:1700,21.77,30.25,0.0,0.0,0.0,310.8,2.97,32.0,95916.0
20111016:1800,20.84,32.35,0.0,0.0,0.0,307.4,2.62,48.0,95953.0
20111016:1900,19.73,36.1,0.0,0.0,0.0,304.6,2.41,61.0,96029.0
20111016:2000,18.77,39.3,0.0,0.0,0.0,302.2,2.07,82.0,96057.0
20111016:2100,17.62,43.5,0.0,0.0,0.0,301.0,1.86,117.0,96095.0
20111016:2200,16.55,47.7,0.0,0.0,0.0,299.2,2.14,158.0,96142.0
20111016:2300,15.63,51.4,0.0,0.0,0.0,297.2,2.48,188.0,96142.0
20111017:0000,14.78,54.7,0.0,0.0,0.0,296.4,2.62,212.0,96123.0
20111017:0100,14.06,57.5,0.0,0.0,0.0,295.2,2.62,236.0,96132.0
20111017:0200,13.36,60.3,0.0,0.0,0.0,293.8,2.69,260.0,96085.0
20111017:0300,12.74,62.5,0.0,0.0,0.0,291.8,2.9,288.0,96057.0
20111017:0400,12.24,63.1,0.0,0.0,0.0,290.2,3.31,310.0,96104.0
20111017:0500,11.84,62.55,0.0,0.0,0.0,287.4,3.52,325.0,96132.0
20111017:0600,11.5,62.4,23.0,70.21,19.0,285.8,3.52,339.0,96151.0
20111017:0700,12.8,57.05,221.0,491.6,91.0,285.2,3.38,7.0,96198.0
20111017:0800,15.53,48.1,414.0,593.68,148.0,289.2,3.59,26.0,96254.0
20111017:0900,17.8,41.4,582.0,671.94,182.0,295.8,3.52,47.0,96273.0
20111017:1000,19.55,36.6,700.0,715.39,202.0,303.6,3.52,66.0,96273.0
20111017:1100,20.8,33.35,756.0,734.19,210.0,310.2,3.1,78.0,96189.0
20111017:1200,21.58,30.9,764.0,790.79,183.0,315.4,2.41,80.0,96151.0
20111017:1300,22.09,29.05,670.0,707.63,196.0,318.0,2.14,78.0,96095.0
20111017:1400,22.43,27.9,542.0,682.95,164.0,318.4,2.14,81.0,96038.0
20111017:1500,22.52,27.2,357.0,564.08,135.0,316.8,2.28,88.0,96038.0
20111017:1600,22.25,27.5,154.0,378.13,78.0,313.8,2.41,95.0,96010.0
20111017:1700,21.7,28.55,0.0,0.0,0.0,309.4,2.48,104.0,96047.0
20111017:1800,20.7,30.75,0.0,0.0,0.0,306.6,2.48,114.0,96085.0
20111017:1900,19.58,33.9,0.0,0.0,0.0,304.0,2.76,106.0,96132.0
20111017:2000,18.58,36.55,0.0,0.0,0.0,301.4,2.76,111.0,96160.0
20111017:2100,17.51,39.65,0.0,0.0,0.0,298.6,2.69,111.0,96189.0
20111017:2200,16.43,43.1,0.0,0.0,0.0,296.2,2.48,111.0,96179.0
20111017:2300,15.26,47.25,0.0,0.0,0.0,293.2,2.07,111.0,96207.0
20111018:0000,14.39,50.75,0.0,0.0,0.0,291.0,1.59,110.0,96207.0
20111018:0100,14.79,49.35,0.0,0.0,0.0,289.4,1.1,103.0,96198.0
20111018:0200,14.57,50.25,0.0,0.0,0.0,288.0,1.03,85.0,96189.0
20111018:0300,13.05,56.05,0.0,0.0,0.0,286.2,1.38,73.0,96198.0
20111018:0400,11.73,61.6,0.0,0.0,0.0,284.6,1.72,77.0,96217.0
20111018:0500,10.92,65.45,0.0,0.0,0.0,283.0,1.79,86.0,96236.0
20111018:0600,10.6,67.15,20.0,55.48,17.0,281.2,1.59,97.0,96302.0
20111018:0700,11.36,65.7,219.0,497.56,89.0,281.8,1.31,88.0,96349.0
20111018:0800,14.26,53.85,410.0,593.79,146.0,286.2,1.52,110.0,96405.0
20111018:0900,16.52,46.0,581.0,684.63,176.0,293.0,2.55,125.0,96424.0
20111018:1000,18.26,40.65,695.0,715.17,200.0,299.2,3.59,126.0,96424.0
20111018:1100,19.49,37.25,748.0,718.07,217.0,304.8,3.93,122.0,96377.0
20111018:1200,20.33,34.3,754.0,774.96,188.0,308.0,3.93,115.0,96292.0
20111018:1300,20.95,31.55,666.0,706.35,196.0,309.4,3.93,109.0,96236.0
20111018:1400,21.3,29.45,534.0,666.65,168.0,308.8,3.93,105.0,96142.0
20111018:1500,21.33,28.3,348.0,542.21,137.0,306.6,4.07,102.0,96142.0
20111018:1600,21.0,28.55,150.0,376.21,76.0,302.6,4.14,103.0,96160.0
20111018:1700,20.17,30.8,0.0,0.0,0.0,298.8,3.86,106.0,96160.0
20111018:1800,19.03,34.3,0.0,0.0,0.0,295.0,3.38,104.0,96179.0
20111018:1900,17.92,39.15,0.0,0.0,0.0,292.8,3.24,94.0,96236.0
20111018:2000,17.0,42.75,0.0,0.0,0.0,291.2,3.17,91.0,96302.0
20111018:2100,16.06,46.35,0.0,0.0,0.0,289.0,3.03,91.0,96339.0
20111018:2200,15.14,49.75,0.0,0.0,0.0,287.4,2.9,89.0,96339.0
20111018:2300,14.25,52.9,0.0,0.0,0.0,285.0,2.9,89.0,96339.0
20111019:0000,13.38,55.85,0.0,0.0,0.0,283.0,2.76,87.0,96358.0
20111019:0100,12.52,58.85,0.0,0.0,0.0,281.6,2.55,83.0,96339.0
20111019:0200,11.7,61.8,0.0,0.0,0.0,281.6,2.34,71.0,96320.0
20111019:0300,11.01,64.4,0.0,0.0,0.0,280.0,2.28,55.0,96339.0
20111019:0400,10.46,66.55,0.0,0.0,0.0,278.0,2.41,44.0,96349.0
20111019:0500,10.0,68.4,0.0,0.0,0.0,276.4,2.62,38.0,96339.0
20111019:0600,9.58,70.3,15.0,19.55,14.0,274.6,2.9,30.0,96330.0
20111019:0700,10.63,67.55,209.0,437.84,96.0,275.0,2.69,33.0,96386.0
20111019:0800,14.57,53.0,400.0,557.66,154.0,280.2,3.1,47.0,96433.0
20111019:0900,17.1,45.85,584.0,711.11,166.0,288.6,3.72,67.0,96443.0
20111019:1000,18.84,39.85,691.0,713.52,200.0,304.2,4.28,83.0,96424.0
20111019:1100,20.14,35.35,735.0,690.9,227.0,310.6,4.34,94.0,96358.0
20111019:1200,21.13,32.8,729.0,702.47,219.0,312.2,4.14,101.0,96236.0
20111019:1300,21.86,31.25,653.0,677.8,205.0,317.8,3.86,106.0,96179.0
20111019:1400,22.25,30.35,532.0,679.43,162.0,316.2,3.66,110.0,96076.0
20111019:1500,22.33,30.15,342.0,527.57,139.0,315.4,3.59,111.0,96066.0
20111019:1600,22.06,31.15,160.0,503.98,63.0,313.8,3.59,109.0,96047.0
20111019:1700,21.28,33.6,0.0,0.0,0.0,310.6,3.1,104.0,96038.0
20111019:1800,20.1,36.95,0.0,0.0,0.0,307.0,2.76,92.0,96057.0
20111019:1900,18.9,40.9,0.0,0.0,0.0,304.4,2.69,86.0,96085.0
20111019:2000,17.96,44.0,0.0,0.0,0.0,304.6,2.76,77.0,96076.0
20111019:2100,17.19,46.7,0.0,0.0,0.0,312.6,2.69,70.0,96085.0
20111019:2200,16.41,49.6,0.0,0.0,0.0,311.4,2.76,66.0,96066.0
20111019:2300,15.66,52.45,0.0,0.0,0.0,310.6,2.69,65.0,96047.0
20111020:0000,14.99,55.15,0.0,0.0,0.0,312.6,2.62,62.0,96019.0
20111020:0100,14.59,56.85,0.0,0.0,0.0,321.65,2.55,52.0,96019.0
20111020:0200,14.18,58.35,0.0,0.0,0.0,318.2,2.69,40.0,95953.0
20111020:0300,13.8,59.7,0.0,0.0,0.0,319.8,2.62,34.0,95963.0
20111020:0400,13.45,61.0,0.0,0.0,0.0,319.6,2.55,29.0,95953.0
20111020:0500,13.11,62.2,0.0,0.0,0.0,316.8,2.62,21.0,95953.0
20111020:0600,12.73,63.65,22.0,145.2,15.0,317.0,2.48,17.0,95972.0
20111020:0700,13.07,64.35,206.0,435.53,95.0,302.4,1.86,32.0,96010.0
20111020:0800,16.28,52.3,401.0,578.12,148.0,301.2,2.0,47.0,96057.0
20111020:0900,18.48,45.8,515.0,469.15,241.0,304.4,2.41,62.0,96047.0
20111020:1000,20.2,38.4,687.0,711.86,200.0,310.8,2.62,65.0,96000.0
20111020:1100,21.51,31.5,743.0,730.44,209.0,312.6,2.48,59.0,95944.0
20111020:1200,22.52,26.8,749.0,787.07,181.0,318.0,2.48,51.0,95840.0
20111020:1300,23.33,23.5,656.0,703.68,194.0,319.0,2.62,47.0,95784.0
20111020:1400,23.77,21.75,527.0,677.56,161.0,315.6,2.9,53.0,95699.0
20111020:1500,23.85,21.1,341.0,546.7,133.0,313.8,3.1,66.0,95671.0
20111020:1600,23.53,21.45,143.0,371.76,73.0,310.8,3.31,78.0,95643.0
20111020:1700,22.59,23.1,0.0,0.0,0.0,306.8,3.1,89.0,95652.0
20111020:1800,21.15,25.85,0.0,0.0,0.0,303.2,3.1,96.0,95690.0
20111020:1900,19.86,30.65,0.0,0.0,0.0,300.4,3.31,93.0,95728.0
20111020:2000,18.71,33.8,0.0,0.0,0.0,297.6,3.03,98.0,95775.0
20111020:2100,17.54,37.3,0.0,0.0,0.0,294.8,2.69,103.0,95784.0
20111020:2200,16.31,41.25,0.0,0.0,0.0,292.6,2.34,104.0,95765.0
20111020:2300,15.05,46.0,0.0,0.0,0.0,289.8,1.72,103.0,95728.0
20111021:0000,16.03,43.0,0.0,0.0,0.0,288.0,1.03,75.0,95746.0
20111021:0100,14.1,49.35,0.0,0.0,0.0,285.6,1.66,15.0,95709.0
20111021:0200,12.79,53.5,0.0,0.0,0.0,283.8,3.03,0.0,95690.0
20111021:0300,12.15,55.55,0.0,0.0,0.0,282.6,3.45,358.0,95671.0
20111021:0400,11.81,56.6,0.0,0.0,0.0,280.8,3.59,359.0,95680.0
20111021:0500,11.57,57.35,0.0,0.0,0.0,280.8,3.59,1.0,95690.0
20111021:0600,11.39,58.15,17.0,66.31,14.0,280.4,3.66,5.0,95709.0
20111021:0700,12.8,55.35,201.0,425.25,94.0,283.2,3.93,15.0,95709.0
20111021:0800,16.03,46.0,397.0,575.91,147.0,291.0,4.55,27.0,95765.0
20111021:0900,18.55,39.9,495.0,417.07,253.0,301.0,5.52,44.0,95784.0
20111021:1000,20.13,33.8,675.0,685.2,209.0,312.6,5.86,60.0,95756.0
20111021:1100,21.49,28.2,755.0,788.33,182.0,319.2,5.86,67.0,95709.0
20111021:1200,22.34,26.3,773.0,894.99,131.0,332.2,5.59,69.0,95624.0
20111021:1300,23.02,26.15,578.0,458.47,279.0,332.2,5.38,70.0,95530.0
20111021:1400,23.28,27.7,482.0,507.65,210.0,343.8,5.66,70.0,95473.0
20111021:1500,23.2,30.6,333.0,523.67,136.0,344.0,5.93,69.0,95445.0
20111021:1600,22.68,34.85,143.0,401.78,69.0,345.8,6.07,67.0,95436.0
20111021:1700,21.73,40.4,0.0,0.0,0.0,334.0,5.38,63.0,95464.0
20111021:1800,20.6,46.8,0.0,0.0,0.0,332.8,5.1,60.0,95521.0
20111021:1900,19.48,52.2,0.0,0.0,0.0,316.6,4.21,60.0,95558.0
20111021:2000,18.61,57.4,0.0,0.0,0.0,316.0,4.07,54.0,95615.0
20111021:2100,17.81,61.75,0.0,0.0,0.0,315.4,3.86,46.0,95633.0
20111021:2200,17.15,65.4,0.0,0.0,0.0,316.2,3.72,37.0,95633.0
20111021:2300,16.58,68.35,0.0,0.0,0.0,316.6,3.66,30.0,95615.0
20111022:0000,16.07,71.05,0.0,0.0,0.0,314.8,3.93,26.0,95586.0
20111022:0100,15.67,73.65,0.0,0.0,0.0,314.05,4.41,26.0,95568.0
20111022:0200,15.24,78.35,0.0,0.0,0.0,313.2,4.97,29.0,95539.0
20111022:0300,14.68,86.65,0.0,0.0,0.0,311.8,5.24,31.0,95530.0
20111022:0400,14.2,93.15,0.0,0.0,0.0,310.6,5.31,32.0,95539.0
20111022:0500,13.97,96.25,0.0,0.0,0.0,311.4,5.38,32.0,95586.0
20111022:0600,14.12,97.55,11.0,23.67,10.0,336.4,5.72,32.0,95586.0
20111022:0700,15.18,91.45,172.0,253.67,109.0,369.6,7.52,41.0,95643.0
20111022:0800,16.2,83.75,428.0,771.11,96.0,382.2,7.1,45.0,95699.0
20111022:0900,17.65,74.25,608.0,876.08,103.0,362.8,6.69,48.0,95728.0
20111022:1000,19.51,63.45,734.0,934.83,102.0,353.6,6.14,53.0,95709.0
20111022:1100,21.05,55.75,794.0,958.99,101.0,346.0,5.72,57.0,95709.0
20111022:1200,22.17,50.65,772.0,910.24,123.0,353.6,5.59,62.0,95586.0
20111022:1300,22.65,48.85,700.0,921.58,103.0,370.0,5.45,64.0,95577.0
20111022:1400,22.91,47.9,527.0,713.11,148.0,351.8,5.17,65.0,95492.0
20111022:1500,22.84,47.6,361.0,725.87,91.0,353.8,4.83,64.0,95483.0
20111022:1600,22.53,48.3,130.0,321.99,72.0,350.4,4.69,62.0,95492.0
20111022:1700,21.83,50.8,0.0,0.0,0.0,344.2,4.21,62.0,95502.0
20111022:1800,20.79,54.85,0.0,0.0,0.0,337.6,3.52,62.0,95549.0
20111022:1900,20.04,58.65,0.0,0.0,0.0,332.0,3.72,51.0,95624.0
20111022:2000,19.2,62.75,0.0,0.0,0.0,331.8,3.59,46.0,95709.0
20111022:2100,18.35,67.1,0.0,0.0,0.0,330.0,3.38,41.0,95728.0
20111022:2200,17.54,71.35,0.0,0.0,0.0,325.2,3.17,35.0,95775.0
20111022:2300,16.73,75.55,0.0,0.0,0.0,321.0,2.9,25.0,95756.0
20111023:0000,16.02,79.4,0.0,0.0,0.0,318.2,2.9,13.0,95746.0
20111023:0100,15.42,82.6,0.0,0.0,0.0,318.05,2.9,5.0,95746.0
20111023:0200,14.9,85.25,0.0,0.0,0.0,317.2,2.97,2.0,95709.0
20111023:0300,14.47,87.4,0.0,0.0,0.0,316.4,3.03,358.0,95718.0
20111023:0400,14.02,88.75,0.0,0.0,0.0,311.6,3.17,356.0,95699.0
20111023:0500,13.68,89.45,0.0,0.0,0.0,309.0,3.24,359.0,95690.0
20111023:0600,13.37,90.1,10.0,0.0,10.0,310.2,3.03,356.0,95737.0
20111023:0700,14.5,86.5,195.0,420.31,92.0,312.4,3.38,3.0,95765.0
20111023:0800,17.0,73.75,381.0,529.3,155.0,317.6,3.66,16.0,95822.0
20111023:0900,19.23,65.25,561.0,677.61,173.0,326.0,3.86,35.0,95840.0
20111023:1000,20.67,59.5,685.0,751.48,180.0,333.6,3.66,54.0,95822.0
20111023:1100,21.81,53.95,779.0,913.11,123.0,340.8,3.24,72.0,95765.0
20111023:1200,22.74,49.4,718.0,723.87,205.0,342.4,2.83,89.0,95690.0
20111023:1300,23.41,45.7,635.0,672.92,202.0,346.4,2.62,104.0,95577.0
20111023:1400,23.79,43.2,459.0,451.45,221.0,346.2,2.48,112.0,95473.0
20111023:1500,23.79,42.35,283.0,318.11,166.0,351.6,2.34,117.0,95426.0
20111023:1600,23.49,43.05,127.0,317.92,71.0,353.4,2.28,123.0,95436.0
20111023:1700,22.96,45.15,0.0,0.0,0.0,351.4,2.14,131.0,95426.0
20111023:1800,22.28,48.1,0.0,0.0,0.0,354.4,2.28,129.0,95445.0
20111023:1900,21.28,51.2,0.0,0.0,0.0,345.8,2.21,142.0,95473.0
20111023:2000,20.58,54.45,0.0,0.0,0.0,349.8,2.48,153.0,95455.0
20111023:2100,20.15,57.0,0.0,0.0,0.0,364.0,2.76,154.0,95426.0
20111023:2200,19.52,60.35,0.0,0.0,0.0,354.4,2.9,167.0,95502.0
20111023:2300,19.05,62.9,0.0,0.0,0.0,357.2,2.83,173.0,95408.0
20111024:0000,18.65,64.95,0.0,0.0,0.0,357.4,2.9,181.0,95389.0
20111024:0100,18.48,65.7,0.0,0.0,0.0,368.25,2.62,185.0,95332.0
20111024:0200,18.28,66.35,0.0,0.0,0.0,371.6,2.55,191.0,95257.0
20111024:0300,17.82,68.05,0.0,0.0,0.0,372.4,3.03,210.0,95276.0
20111024:0400,16.99,72.65,0.0,0.0,0.0,374.4,3.1,234.0,95257.0
20111024:0500,16.42,75.95,0.0,0.0,0.0,374.8,2.9,261.0,95257.0
20111024:0600,16.05,77.8,0.0,0.0,0.0,371.0,2.69,289.0,95285.0
20111024:0700,16.17,78.75,145.0,144.78,110.0,368.4,2.34,317.0,95276.0
20111024:0800,16.53,75.8,144.0,2.36,143.0,372.4,1.52,345.0,95285.0
20111024:0900,17.36,71.8,147.0,0.0,147.0,356.4,0.07,282.0,95304.0
20111024:1000,18.54,67.95,725.0,931.21,103.0,357.0,1.24,209.0,95313.0
20111024:1100,19.67,63.45,651.0,497.05,296.0,353.0,2.41,221.0,95248.0
20111024:1200,20.66,57.35,496.0,183.14,367.0,354.2,3.79,236.0,95163.0
20111024:1300,21.22,53.95,690.0,916.84,104.0,367.4,4.34,234.0,95097.0
20111024:1400,21.63,51.3,372.0,212.26,261.0,365.0,4.69,234.0,95012.0
20111024:1500,21.49,51.85,296.0,390.45,154.0,381.8,5.17,240.0,95012.0
20111024:1600,20.98,54.95,125.0,330.97,68.0,372.6,5.31,247.0,94994.0
20111024:1700,20.34,59.65,0.0,0.0,0.0,364.0,4.07,253.0,95050.0
20111024:1800,19.66,64.1,0.0,0.0,0.0,356.8,3.24,246.0,95078.0
20111024:1900,19.0,69.15,0.0,0.0,0.0,344.8,2.83,248.0,95106.0
20111024:2000,18.25,72.6,0.0,0.0,0.0,334.2,2.83,252.0,95163.0
20111024:2100,17.4,75.5,0.0,0.0,0.0,323.4,2.97,244.0,95163.0
20111024:2200,16.6,77.45,0.0,0.0,0.0,316.4,3.24,236.0,95191.0
20111024:2300,15.9,78.55,0.0,0.0,0.0,310.6,3.52,238.0,95172.0
20111025:0000,15.33,79.3,0.0,0.0,0.0,307.6,3.59,241.0,95172.0
20111025:0100,14.81,80.15,0.0,0.0,0.0,306.2,3.59,245.0,95144.0
20111025:0200,14.39,80.9,0.0,0.0,0.0,305.4,3.72,247.0,95144.0
20111025:0300,14.03,81.7,0.0,0.0,0.0,305.4,3.79,251.0,95125.0
20111025:0400,13.62,83.35,0.0,0.0,0.0,306.0,3.38,254.0,95088.0
20111025:0500,13.14,85.65,0.0,0.0,0.0,306.4,3.1,253.0,95097.0
20111025:0600,12.72,87.2,0.0,0.0,0.0,305.0,3.03,253.0,95106.0
20111025:0700,13.69,85.1,207.0,566.24,72.0,315.8,3.03,245.0,95182.0
20111025:0800,16.35,73.3,402.0,676.56,118.0,320.2,3.31,229.0,95257.0
20111025:0900,18.78,61.75,577.0,785.99,133.0,332.8,4.34,217.0,95295.0
20111025:1000,20.49,54.35,695.0,823.93,148.0,332.8,5.17,219.0,95313.0
20111025:1100,21.94,49.3,659.0,530.98,282.0,339.6,5.72,228.0,95276.0
20111025:1200,23.13,45.2,757.0,905.57,123.0,345.6,6.14,235.0,95210.0
20111025:1300,23.82,42.15,632.0,696.2,190.0,353.2,6.34,240.0,95154.0
20111025:1400,24.04,40.45,504.0,667.0,158.0,359.4,6.07,245.0,95116.0
20111025:1500,23.94,40.2,234.0,166.84,174.0,371.6,5.17,244.0,95097.0
20111025:1600,23.57,41.7,93.0,124.73,72.0,370.6,3.72,239.0,95106.0
20111025:1700,22.44,48.25,0.0,0.0,0.0,359.4,2.28,226.0,95154.0
20111025:1800,21.35,54.5,0.0,0.0,0.0,358.2,2.14,218.0,95191.0
20111025:1900,20.61,59.7,0.0,0.0,0.0,363.2,2.14,226.0,95276.0
20111025:2000,19.94,63.7,0.0,0.0,0.0,361.8,2.14,225.0,95342.0
20111025:2100,19.24,68.35,0.0,0.0,0.0,363.2,1.93,229.0,95389.0
20111025:2200,18.35,73.5,0.0,0.0,0.0,350.2,1.72,247.0,95389.0
20111025:2300,18.08,75.15,0.0,0.0,0.0,370.0,1.72,275.0,95417.0
20111026:0000,17.7,76.1,0.0,0.0,0.0,364.6,2.0,308.0,95426.0
20111026:0100,17.22,76.15,0.0,0.0,0.0,353.85,2.83,336.0,95483.0
20111026:0200,16.36,78.6,0.0,0.0,0.0,334.6,3.66,357.0,95445.0
20111026:0300,15.42,81.95,0.0,0.0,0.0,320.2,4.07,7.0,95473.0
20111026:0400,14.68,84.4,0.0,0.0,0.0,313.4,4.0,14.0,95464.0
20111026:0500,14.17,85.8,0.0,0.0,0.0,311.2,3.86,13.0,95530.0
20111026:0600,13.77,86.45,0.0,0.0,0.0,311.2,3.86,12.0,95549.0
20111026:0700,15.11,80.55,193.0,467.97,83.0,333.0,4.28,25.0,95652.0
20111026:0800,16.64,71.35,392.0,636.8,127.0,336.2,4.9,36.0,95718.0
20111026:0900,18.37,62.75,558.0,712.98,158.0,338.8,5.1,50.0,95756.0
20111026:1000,20.0,56.55,676.0,762.33,173.0,336.2,4.97,61.0,95803.0
20111026:1100,21.32,52.2,744.0,828.83,159.0,334.4,4.69,69.0,95746.0
20111026:1200,22.34,48.95,744.0,870.87,138.0,337.8,4.21,80.0,95699.0
20111026:1300,23.05,46.45,642.0,750.04,169.0,340.8,3.86,94.0,95596.0
20111026:1400,23.49,44.8,505.0,691.82,149.0,342.8,3.79,104.0,95539.0
20111026:1500,23.52,44.5,320.0,562.39,120.0,343.0,3.79,109.0,95530.0
20111026:1600,23.14,45.65,131.0,455.7,56.0,340.6,3.72,110.0,95521.0
20111026:1700,22.05,50.35,0.0,0.0,0.0,338.6,3.24,104.0,95549.0
20111026:1800,20.76,55.95,0.0,0.0,0.0,335.2,3.24,100.0,95577.0
20111026:1900,20.02,59.4,0.0,0.0,0.0,332.6,2.97,108.0,95615.0
20111026:2000,19.16,63.35,0.0,0.0,0.0,330.8,2.83,110.0,95643.0
20111026:2100,18.32,67.15,0.0,0.0,0.0,328.4,2.62,114.0,95680.0
20111026:2200,17.5,71.05,0.0,0.0,0.0,325.6,2.41,117.0,95699.0
20111026:2300,16.63,75.25,0.0,0.0,0.0,323.8,2.21,117.0,95699.0
20111027:0000,15.88,77.9,0.0,0.0,0.0,321.0,2.14,108.0,95680.0
20111027:0100,15.21,79.05,0.0,0.0,0.0,316.85,2.28,93.0,95643.0
20111027:0200,14.59,80.25,0.0,0.0,0.0,318.0,2.28,89.0,95615.0
20111027:0300,14.06,81.05,0.0,0.0,0.0,312.2,1.93,103.0,95596.0
20111027:0400,14.03,79.2,0.0,0.0,0.0,311.0,1.66,116.0,95586.0
20111027:0500,13.69,79.35,0.0,0.0,0.0,309.6,1.66,107.0,95577.0
20111027:0600,13.25,80.0,0.0,0.0,0.0,307.6,1.79,99.0,95577.0
20111027:0700,13.9,79.45,191.0,474.77,81.0,307.8,1.59,106.0,95605.0
20111027:0800,16.7,68.9,383.0,610.91,131.0,312.2,1.79,114.0,95643.0
20111027:0900,19.51,56.7,550.0,698.21,161.0,322.4,2.83,130.0,95652.0
20111027:1000,21.63,49.65,668.0,745.7,179.0,328.6,3.93,146.0,95605.0
20111027:1100,23.35,43.6,727.0,781.05,179.0,335.2,4.83,157.0,95521.0
20111027:1200,24.74,38.6,731.0,838.61,151.0,339.2,5.1,166.0,95426.0
20111027:1300,25.78,34.6,630.0,719.96,179.0,343.0,5.17,172.0,95313.0
20111027:1400,26.51,30.85,492.0,650.37,160.0,344.2,5.24,179.0,95219.0
20111027:1500,26.8,28.1,289.0,412.3,144.0,343.4,5.45,184.0,95172.0
20111027:1600,26.55,27.3,91.0,136.76,69.0,343.0,5.24,188.0,95163.0
20111027:1700,25.08,30.35,0.0,0.0,0.0,340.0,4.07,185.0,95144.0
20111027:1800,23.59,33.8,0.0,0.0,0.0,337.0,3.86,186.0,95210.0
20111027:1900,22.88,36.6,0.0,0.0,0.0,332.6,3.66,189.0,95238.0
20111027:2000,21.91,38.9,0.0,0.0,0.0,329.4,3.59,187.0,95276.0
20111027:2100,20.9,41.65,0.0,0.0,0.0,326.0,3.31,181.0,95266.0
20111027:2200,19.84,45.0,0.0,0.0,0.0,325.0,3.03,170.0,95266.0
20111027:2300,18.86,47.8,0.0,0.0,0.0,322.0,3.1,159.0,95276.0
20111028:0000,18.03,50.5,0.0,0.0,0.0,323.4,3.03,151.0,95266.0
20111028:0100,17.51,52.1,0.0,0.0,0.0,331.45,3.1,143.0,95266.0
20111028:0200,17.08,53.0,0.0,0.0,0.0,334.0,3.17,142.0,95210.0
20111028:0300,16.63,53.45,0.0,0.0,0.0,330.6,3.24,143.0,95219.0
20111028:0400,16.42,52.45,0.0,0.0,0.0,334.0,3.59,143.0,95201.0
20111028:0500,16.26,51.7,0.0,0.0,0.0,336.6,3.79,144.0,95229.0
20111028:0600,15.92,52.3,0.0,0.0,0.0,334.8,3.59,146.0,95229.0
20111028:0700,16.7,50.9,126.0,105.12,102.0,350.6,3.59,134.0,95266.0
20111028:0800,18.08,46.85,207.0,51.36,186.0,351.8,3.45,132.0,95276.0
20111028:0900,19.76,42.6,244.0,18.07,234.0,358.0,3.79,131.0,95304.0
20111028:1000,20.57,41.35,85.0,0.0,85.0,345.4,3.45,120.0,95238.0
20111028:1100,20.73,44.6,396.0,68.82,348.0,371.6,3.31,98.0,95144.0
20111028:1200,20.83,47.55,64.0,0.0,64.0,361.4,3.79,64.0,95125.0
20111028:1300,19.43,59.85,591.0,588.19,225.0,352.4,4.97,32.0,95182.0
20111028:1400,18.56,67.45,493.0,673.35,152.0,358.4,6.34,26.0,95125.0
20111028:1500,18.3,68.65,334.0,704.4,89.0,350.6,7.38,32.0,95106.0
20111028:1600,17.45,75.2,123.0,445.21,53.0,351.8,7.72,35.0,95125.0
20111028:1700,16.89,77.35,0.0,0.0,0.0,339.8,6.76,38.0,95144.0
20111028:1800,16.23,80.15,0.0,0.0,0.0,335.2,5.86,32.0,95125.0
20111028:1900,16.02,86.45,0.0,0.0,0.0,319.4,4.48,63.0,95088.0
20111028:2000,15.57,88.3,0.0,0.0,0.0,317.8,3.66,56.0,95144.0
20111028:2100,14.94,90.95,0.0,0.0,0.0,307.4,2.76,48.0,95182.0
20111028:2200,14.47,92.8,0.0,0.0,0.0,316.2,2.14,29.0,95219.0
20111028:2300,13.94,94.0,0.0,0.0,0.0,311.8,2.0,12.0,95248.0
20111029:0000,13.44,94.9,0.0,0.0,0.0,308.0,2.14,7.0,95248.0
20111029:0100,13.07,95.35,0.0,0.0,0.0,301.6,2.55,6.0,95257.0
20111029:0200,13.02,95.25,0.0,0.0,0.0,303.2,3.52,357.0,95201.0
20111029:0300,13.34,95.0,0.0,0.0,0.0,325.8,4.07,355.0,95182.0
20111029:0400,13.5,94.95,0.0,0.0,0.0,332.2,4.07,350.0,95163.0
20111029:0500,13.53,95.05,0.0,0.0,0.0,331.2,4.07,345.0,95172.0
20111029:0600,13.59,95.15,0.0,0.0,0.0,333.4,3.79,340.0,95191.0
20111029:0700,13.97,92.1,164.0,311.25,94.0,332.0,5.31,354.0,95238.0
20111029:0800,14.94,87.25,313.0,315.92,185.0,348.0,5.72,2.0,95266.0
20111029:0900,16.14,79.65,251.0,23.66,238.0,354.2,4.41,353.0,95304.0
20111029:1000,17.31,71.2,659.0,744.26,177.0,362.2,4.14,327.0,95285.0
20111029:1100,18.27,63.75,591.0,389.45,321.0,344.8,4.83,318.0,95238.0
20111029:1200,18.92,58.9,616.0,480.08,288.0,354.0,5.31,322.0,95191.0
20111029:1300,19.45,56.05,617.0,703.75,182.0,348.0,5.52,323.0,95163.0
20111029:1400,19.23,57.9,489.0,672.74,151.0,341.6,5.72,325.0,95135.0
20111029:1500,18.85,60.25,311.0,575.58,113.0,330.2,5.79,328.0,95154.0
20111029:1600,18.4,62.95,105.0,279.83,62.0,342.6,5.1,331.0,95182.0
20111029:1700,17.5,68.7,0.0,0.0,0.0,347.6,3.79,332.0,95210.0
20111029:1800,16.61,73.55,0.0,0.0,0.0,336.8,3.72,327.0,95276.0
20111029:1900,16.33,78.15,0.0,0.0,0.0,339.2,3.24,322.0,95332.0
20111029:2000,15.74,80.55,0.0,0.0,0.0,327.8,3.59,318.0,95379.0
20111029:2100,15.08,82.3,0.0,0.0,0.0,312.8,3.93,317.0,95417.0
20111029:2200,14.75,82.35,0.0,0.0,0.0,318.8,4.21,319.0,95426.0
20111029:2300,14.4,82.0,0.0,0.0,0.0,316.2,4.41,323.0,95398.0
20111030:0000,13.94,82.45,0.0,0.0,0.0,309.2,4.41,326.0,95417.0
20111030:0100,13.51,83.1,0.0,0.0,0.0,305.8,4.48,325.0,95389.0
20111030:0200,13.15,83.85,0.0,0.0,0.0,301.2,4.76,325.0,95398.0
20111030:0300,12.98,84.5,0.0,0.0,0.0,302.6,5.1,327.0,95379.0
20111030:0400,12.82,85.15,0.0,0.0,0.0,300.6,5.31,327.0,95370.0
20111030:0500,12.65,85.3,0.0,0.0,0.0,297.2,5.52,328.0,95408.0
20111030:0600,12.47,85.2,0.0,0.0,0.0,295.0,5.59,329.0,95417.0
20111030:0700,12.95,81.75,181.0,465.05,78.0,295.0,5.24,329.0,95473.0
20111030:0800,14.71,75.6,370.0,592.79,132.0,297.6,5.45,333.0,95502.0
20111030:0900,16.48,70.0,538.0,693.0,160.0,303.2,5.31,338.0,95530.0
20111030:1000,17.9,65.7,658.0,756.72,171.0,309.0,4.41,337.0,95483.0
20111030:1100,19.0,61.55,725.0,822.76,158.0,316.4,3.66,332.0,95455.0
20111030:1200,19.88,57.0,701.0,773.12,176.0,323.6,3.38,323.0,95370.0
20111030:1300,20.7,51.85,623.0,744.26,166.0,340.6,3.86,318.0,95313.0
20111030:1400,21.14,49.2,438.0,473.45,202.0,355.8,4.14,324.0,95248.0
20111030:1500,21.19,49.25,278.0,405.57,140.0,368.8,4.34,334.0,95238.0
20111030:1600,20.66,54.25,109.0,346.26,57.0,361.6,3.66,346.0,95248.0
20111030:1700,19.57,62.05,0.0,0.0,0.0,368.2,2.76,355.0,95276.0
20111030:1800,18.61,68.7,0.0,0.0,0.0,366.8,2.28,350.0,95313.0
20111030:1900,17.37,76.5,0.0,0.0,0.0,330.0,2.34,342.0,95370.0
20111030:2000,16.28,81.35,0.0,0.0,0.0,321.0,2.55,333.0,95408.0
20111030:2100,15.36,84.7,0.0,0.0,0.0,315.2,2.69,328.0,95436.0
20111030:2200,14.64,86.65,0.0,0.0,0.0,312.4,3.03,327.0,95473.0
20111030:2300,14.17,87.3,0.0,0.0,0.0,311.2,3.38,329.0,95464.0
20111031:0000,13.84,87.1,0.0,0.0,0.0,310.0,3.79,334.0,95464.0
20111031:0100,13.58,86.6,0.0,0.0,0.0,306.6,4.07,340.0,95483.0
20111031:0200,13.52,85.7,0.0,0.0,0.0,313.0,4.28,344.0,95436.0
20111031:0300,13.38,86.0,0.0,0.0,0.0,311.4,4.34,347.0,95464.0
20111031:0400,13.16,87.05,0.0,0.0,0.0,309.6,4.41,349.0,95426.0
20111031:0500,13.04,87.9,0.0,0.0,0.0,313.0,4.28,349.0,95483.0
20111031:0600,12.76,88.95,0.0,0.0,0.0,304.6,4.28,345.0,95492.0
20111031:0700,13.53,86.35,177.0,458.61,77.0,313.4,4.28,340.0,95549.0
20111031:0800,15.46,78.8,364.0,578.18,134.0,310.0,4.62,345.0,95596.0
20111031:0900,17.2,71.55,536.0,705.38,154.0,321.0,5.1,357.0,95615.0
20111031:1000,18.49,66.6,653.0,755.26,170.0,328.8,5.03,6.0,95615.0
20111031:1100,19.57,61.1,709.0,775.17,178.0,329.6,4.69,6.0,95577.0
20111031:1200,20.36,57.05,585.0,414.85,305.0,365.0,4.69,7.0,95511.0
20111031:1300,20.47,56.1,373.0,103.28,310.0,385.4,4.62,8.0,95445.0
20111031:1400,20.51,56.15,278.0,76.83,240.0,398.85,4.34,6.0,95417.0
20111031:1500,20.36,57.3,266.0,359.49,145.0,394.05,4.07,4.0,95436.0
20111031:1600,19.46,79.67,87.0,170.34,62.0,367.77,2.64,1.0,95408.0
20111031:1700,18.85,77.1,0.0,0.0,0.0,361.38,2.68,349.0,95436.0
20111031:1800,18.24,74.53,0.0,0.0,0.0,355.0,2.71,333.0,95483.0
20111031:1900,17.63,71.96,0.0,0.0,0.0,348.61,2.75,337.0,95539.0
20111031:2000,17.02,69.39,0.0,0.0,0.0,342.23,2.79,335.0,95586.0
20111031:2100,16.41,66.82,0.0,0.0,0.0,335.84,2.83,328.0,95605.0
20111031:2200,15.8,64.25,0.0,0.0,0.0,329.45,2.87,322.0,95671.0
20111031:2300,15.19,61.68,0.0,0.0,0.0,323.07,2.91,324.0,95662.0
20171101:0000,14.58,59.11,0.0,0.0,0.0,316.68,2.95,249.0,95897.0
20171101:0100,13.97,56.54,0.0,0.0,0.0,310.3,2.99,260.0,95878.0
20171101:0200,13.36,53.97,0.0,0.0,0.0,303.91,3.03,269.0,95859.0
20171101:0300,12.75,51.4,0.0,0.0,0.0,297.52,3.07,280.0,95840.0
20171101:0400,12.13,48.83,0.0,0.0,0.0,291.14,3.11,288.0,95840.0
20171101:0500,11.52,46.26,0.0,0.0,0.0,284.75,3.15,293.0,95878.0
20171101:0600,10.91,43.69,0.0,0.0,0.0,278.37,3.19,291.0,95935.0
20171101:0700,10.3,41.12,188.0,587.12,62.0,271.98,3.23,289.0,96010.0
20171101:0800,14.51,38.35,386.0,710.48,106.0,290.4,2.55,278.0,96066.0
20171101:0900,19.36,28.0,562.0,827.67,117.0,296.6,2.34,263.0,96132.0
20171101:1000,22.31,23.45,679.0,859.2,133.0,304.6,2.62,248.0,96085.0
20171101:1100,24.12,20.8,720.0,813.62,166.0,312.2,2.76,241.0,96029.0
20171101:1200,25.33,18.85,700.0,778.11,178.0,318.0,2.69,240.0,95982.0
20171101:1300,26.13,17.5,637.0,815.19,143.0,321.8,2.69,237.0,95906.0
20171101:1400,26.55,16.65,504.0,788.58,117.0,323.2,2.83,234.0,95840.0
20171101:1500,26.63,16.25,321.0,693.73,90.0,322.2,2.97,230.0,95840.0
20171101:1600,26.27,16.4,114.0,467.11,47.0,319.0,2.9,224.0,95822.0
20171101:1700,24.8,18.0,0.0,0.0,0.0,314.8,2.69,207.0,95850.0
20171101:1800,22.96,20.35,0.0,0.0,0.0,310.6,2.76,206.0,95897.0
20171101:1900,21.86,22.25,0.0,0.0,0.0,309.2,2.76,207.0,95963.0
20171101:2000,20.44,24.5,0.0,0.0,0.0,306.0,2.9,210.0,96010.0
20171101:2100,19.16,26.85,0.0,0.0,0.0,302.8,3.03,212.0,96057.0
20171101:2200,18.01,29.25,0.0,0.0,0.0,300.0,3.17,216.0,96085.0
20171101:2300,16.94,31.75,0.0,0.0,0.0,297.0,3.17,222.0,96095.0
20171102:0000,15.92,34.35,0.0,0.0,0.0,294.8,3.17,230.0,96095.0
20171102:0100,14.95,37.1,0.0,0.0,0.0,292.4,3.1,241.0,96076.0
20171102:0200,14.05,39.8,0.0,0.0,0.0,290.2,3.1,253.0,96066.0
20171102:0300,13.21,42.45,0.0,0.0,0.0,288.2,3.1,265.0,96038.0
20171102:0400,12.46,44.85,0.0,0.0,0.0,286.6,3.17,275.0,96076.0
20171102:0500,11.7,47.25,0.0,0.0,0.0,284.6,3.17,282.0,96066.0
20171102:0600,10.99,49.6,0.0,0.0,0.0,283.0,3.24,286.0,96123.0
20171102:0700,10.53,50.05,184.0,573.03,63.0,283.6,2.83,300.0,96142.0
20171102:0800,13.92,40.65,382.0,706.97,106.0,286.6,1.79,302.0,96226.0
20171102:0900,19.17,28.9,555.0,809.36,123.0,292.6,1.1,293.0,96264.0
20171102:1000,21.57,25.4,678.0,874.18,126.0,301.0,1.03,211.0,96254.0
20171102:1100,23.24,23.05,719.0,827.39,159.0,308.2,2.21,192.0,96236.0
20171102:1200,24.5,20.7,691.0,761.85,183.0,312.4,2.9,195.0,96104.0
20171102:1300,25.42,18.65,632.0,813.89,142.0,315.8,3.17,197.0,96038.0
20171102:1400,25.92,17.35,494.0,757.72,125.0,317.0,3.24,200.0,95972.0
20171102:1500,26.03,16.85,315.0,676.88,92.0,316.4,3.17,199.0,95944.0
20171102:1600,25.69,17.15,110.0,442.28,48.0,315.2,3.17,195.0,95972.0
20171102:1700,24.19,19.3,0.0,0.0,0.0,311.6,2.83,177.0,95953.0
20171102:1800,22.49,22.15,0.0,0.0,0.0,308.6,3.03,170.0,95982.0
20171102:1900,21.39,24.85,0.0,0.0,0.0,307.2,3.52,170.0,96038.0
20171102:2000,20.16,27.8,0.0,0.0,0.0,304.2,3.72,176.0,96095.0
20171102:2100,19.07,30.65,0.0,0.0,0.0,301.2,3.79,185.0,96113.0
20171102:2200,18.08,33.3,0.0,0.0,0.0,298.8,3.79,195.0,96160.0
20171102:2300,17.17,35.8,0.0,0.0,0.0,296.2,3.79,206.0,96095.0
20171103:0000,16.35,38.05,0.0,0.0,0.0,294.6,3.72,217.0,96085.0
20171103:0100,15.56,40.2,0.0,0.0,0.0,292.6,3.52,230.0,96047.0
20171103:0200,14.8,42.25,0.0,0.0,0.0,291.0,3.45,239.0,96000.0
20171103:0300,14.09,44.1,0.0,0.0,0.0,289.4,3.38,243.0,95972.0
20171103:0400,13.49,45.7,0.0,0.0,0.0,289.6,3.38,246.0,95963.0
20171103:0500,13.01,46.8,0.0,0.0,0.0,291.6,3.52,250.0,95916.0
20171103:0600,12.61,47.5,0.0,0.0,0.0,293.6,3.93,265.0,95944.0
20171103:0700,13.14,46.55,178.0,544.06,65.0,290.2,4.07,277.0,96000.0
20171103:0800,16.13,37.9,376.0,693.05,108.0,292.2,3.86,283.0,96066.0
20171103:0900,19.69,29.55,551.0,807.76,123.0,297.8,3.86,278.0,96095.0
20171103:1000,22.22,24.3,659.0,808.05,152.0,305.6,3.79,265.0,96095.0
20171103:1100,24.15,20.5,695.0,750.62,190.0,312.2,4.0,250.0,96019.0
20171103:1200,25.53,17.85,663.0,675.93,215.0,318.2,4.34,239.0,95925.0
20171103:1300,26.42,16.1,624.0,797.45,147.0,323.2,4.83,231.0,95812.0
20171103:1400,26.81,15.15,493.0,769.74,121.0,322.8,5.1,227.0,95737.0
20171103:1500,26.76,14.95,309.0,662.59,93.0,322.0,5.24,224.0,95746.0
20171103:1600,26.21,15.5,106.0,437.91,46.0,317.4,4.83,223.0,95737.0
20171103:1700,24.54,17.35,0.0,0.0,0.0,314.2,3.66,220.0,95756.0
20171103:1800,22.89,19.4,0.0,0.0,0.0,310.0,3.31,223.0,95775.0
20171103:1900,21.42,21.45,0.0,0.0,0.0,306.4,3.31,222.0,95831.0
20171103:2000,20.21,23.2,0.0,0.0,0.0,304.0,3.38,224.0,95859.0
20171103:2100,19.18,24.7,0.0,0.0,0.0,302.4,3.59,222.0,95850.0
20171103:2200,18.4,25.7,0.0,0.0,0.0,300.0,4.0,218.0,95878.0
20171103:2300,17.77,26.45,0.0,0.0,0.0,298.4,4.34,218.0,95831.0
20171104:0000,17.23,27.1,0.0,0.0,0.0,296.4,4.62,221.0,95812.0
20171104:0100,16.66,27.95,0.0,0.0,0.0,294.4,4.69,226.0,95775.0
20171104:0200,16.07,28.95,0.0,0.0,0.0,292.0,4.69,231.0,95737.0
20171104:0300,15.44,30.0,0.0,0.0,0.0,290.4,4.69,238.0,95709.0
20171104:0400,14.83,31.0,0.0,0.0,0.0,288.4,4.69,246.0,95756.0
20171104:0500,14.25,31.85,0.0,0.0,0.0,286.4,4.76,253.0,95728.0
20171104:0600,13.74,32.5,0.0,0.0,0.0,284.8,4.83,260.0,95756.0
20171104:0700,14.3,33.7,175.0,543.49,64.0,285.8,4.62,253.0,95793.0
20171104:0800,17.04,27.95,371.0,689.32,107.0,288.6,4.62,251.0,95869.0
20171104:0900,20.37,22.2,549.0,821.34,117.0,294.6,5.45,244.0,95897.0
20171104:1000,22.99,18.15,669.0,870.98,126.0,302.4,6.28,236.0,95916.0
20171104:1100,25.09,14.65,718.0,858.32,144.0,309.0,6.83,229.0,95831.0
20171104:1200,26.65,11.85,718.0,903.14,123.0,314.2,7.38,226.0,95728.0
20171104:1300,27.61,10.35,631.0,842.99,130.0,319.2,7.72,224.0,95662.0
20171104:1400,28.02,9.65,491.0,781.83,116.0,319.2,7.86,224.0,95615.0
20171104:1500,27.92,9.45,306.0,660.23,93.0,318.6,7.66,223.0,95586.0
20171104:1600,27.19,9.75,102.0,418.13,46.0,318.2,6.55,219.0,95615.0
20171104:1700,25.3,11.05,0.0,0.0,0.0,313.0,5.52,212.0,95633.0
20171104:1800,23.57,12.55,0.0,0.0,0.0,309.2,5.31,209.0,95680.0
20171104:1900,22.46,13.8,0.0,0.0,0.0,306.2,5.93,209.0,95699.0
20171104:2000,21.53,15.0,0.0,0.0,0.0,303.8,6.07,209.0,95709.0
20171104:2100,20.76,15.95,0.0,0.0,0.0,302.2,6.0,211.0,95728.0
20171104:2200,20.04,16.7,0.0,0.0,0.0,302.0,5.79,216.0,95746.0
20171104:2300,19.32,17.35,0.0,0.0,0.0,300.4,5.59,224.0,95737.0
20171105:0000,18.63,17.9,0.0,0.0,0.0,299.6,5.52,231.0,95746.0
20171105:0100,17.96,18.35,0.0,0.0,0.0,298.2,5.38,237.0,95718.0
20171105:0200,17.27,18.9,0.0,0.0,0.0,296.2,5.1,246.0,95680.0
20171105:0300,16.42,19.65,0.0,0.0,0.0,295.0,4.83,261.0,95633.0
20171105:0400,15.59,20.4,0.0,0.0,0.0,291.8,4.83,274.0,95680.0
20171105:0500,15.09,20.65,0.0,0.0,0.0,295.4,4.83,275.0,95709.0
20171105:0600,14.67,20.95,0.0,0.0,0.0,292.8,4.62,273.0,95718.0
20171105:0700,15.19,20.55,111.0,104.6,90.0,305.4,4.07,277.0,95728.0
20171105:0800,17.51,17.7,389.0,838.43,71.0,298.4,3.52,283.0,95775.0
20171105:0900,20.63,14.6,455.0,436.71,227.0,305.4,3.59,298.0,95812.0
20171105:1000,22.57,14.4,552.0,452.01,272.0,310.2,3.1,310.0,95812.0
20171105:1100,23.81,14.75,654.0,634.82,232.0,315.0,2.34,312.0,95746.0
20171105:1200,24.78,14.25,738.0,1018.5,71.0,329.0,1.86,293.0,95652.0
20171105:1300,25.55,13.1,526.0,457.22,256.0,332.8,2.07,268.0,95568.0
20171105:1400,26.16,11.85,380.0,321.38,227.0,343.4,2.55,258.0,95511.0
20171105:1500,26.27,11.3,198.0,137.8,154.0,342.6,3.03,261.0,95483.0
20171105:1600,25.87,11.8,86.0,252.04,53.0,343.0,3.24,270.0,95492.0
20171105:1700,24.67,13.9,0.0,0.0,0.0,340.6,2.83,281.0,95492.0
20171105:1800,23.28,17.05,0.0,0.0,0.0,336.8,3.1,287.0,95558.0
20171105:1900,21.68,27.0,0.0,0.0,0.0,324.2,2.62,299.0,95568.0
20171105:2000,20.42,30.75,0.0,0.0,0.0,319.6,3.03,291.0,95605.0
20171105:2100,19.2,34.8,0.0,0.0,0.0,314.4,3.86,299.0,95643.0
20171105:2200,18.41,37.2,0.0,0.0,0.0,309.8,5.52,327.0,95756.0
20171105:2300,17.72,38.2,0.0,0.0,0.0,304.4,6.28,347.0,95756.0
20171106:0000,16.7,41.7,0.0,0.0,0.0,298.2,5.59,350.0,95765.0
20171106:0100,15.65,47.3,0.0,0.0,0.0,293.4,5.31,345.0,95756.0
20171106:0200,14.72,54.1,0.0,0.0,0.0,289.8,5.59,341.0,95728.0
20171106:0300,13.92,61.4,0.0,0.0,0.0,286.8,5.79,340.0,95746.0
20171106:0400,13.17,68.25,0.0,0.0,0.0,284.6,5.72,339.0,95746.0
20171106:0500,12.43,73.95,0.0,0.0,0.0,281.6,5.38,337.0,95737.0
20171106:0600,11.74,78.35,0.0,0.0,0.0,278.8,5.03,335.0,95756.0
20171106:0700,11.86,76.6,167.0,522.06,64.0,275.8,5.1,328.0,95793.0
20171106:0800,13.81,66.7,363.0,684.28,106.0,278.4,5.86,335.0,95859.0
20171106:0900,16.02,55.85,537.0,802.75,121.0,285.0,6.34,343.0,95906.0
20171106:1000,17.98,45.95,653.0,835.1,139.0,292.6,5.66,349.0,95822.0
20171106:1100,19.49,39.2,697.0,806.61,164.0,299.8,4.48,348.0,95803.0
20171106:1200,20.45,35.4,677.0,772.66,174.0,306.6,3.52,333.0,95652.0
20171106:1300,21.23,32.8,618.0,823.11,135.0,311.2,3.52,312.0,95596.0
20171106:1400,21.76,31.2,483.0,778.72,115.0,312.8,4.28,308.0,95502.0
20171106:1500,21.87,30.75,298.0,654.89,91.0,312.6,4.83,311.0,95502.0
20171106:1600,21.47,31.2,95.0,390.58,45.0,310.4,4.9,314.0,95483.0
20171106:1700,20.48,33.0,0.0,0.0,0.0,309.4,3.52,312.0,95483.0
20171106:1800,19.33,35.3,0.0,0.0,0.0,304.4,2.62,298.0,95511.0
20171106:1900,18.11,38.15,0.0,0.0,0.0,300.6,2.48,274.0,95511.0
20171106:2000,16.94,41.35,0.0,0.0,0.0,298.8,2.76,266.0,95558.0
20171106:2100,15.78,44.65,0.0,0.0,0.0,296.8,3.1,272.0,95586.0
20171106:2200,14.82,47.3,0.0,0.0,0.0,296.4,3.31,290.0,95624.0
20171106:2300,13.9,49.35,0.0,0.0,0.0,291.6,3.52,309.0,95652.0
20171107:0000,13.06,50.85,0.0,0.0,0.0,289.6,3.52,325.0,95680.0
20171107:0100,12.25,52.4,0.0,0.0,0.0,287.0,3.24,337.0,95643.0
20171107:0200,11.44,54.35,0.0,0.0,0.0,284.2,2.97,343.0,95624.0
20171107:0300,10.65,56.7,0.0,0.0,0.0,282.6,2.76,351.0,95652.0
20171107:0400,9.87,59.65,0.0,0.0,0.0,281.6,2.55,2.0,95633.0
20171107:0500,9.06,63.25,0.0,0.0,0.0,279.8,2.34,16.0,95690.0
20171107:0600,8.54,66.0,0.0,0.0,0.0,278.4,1.93,28.0,95680.0
20171107:0700,9.71,62.4,0.0,0.0,0.0,277.4,1.24,16.0,95775.0
20171107:0800,11.14,58.25,0.0,0.0,0.0,281.0,1.1,47.0,95850.0
20171107:0900,13.87,49.9,539.0,832.1,111.0,286.6,1.59,80.0,95925.0
20171107:1000,15.39,46.65,655.0,866.63,125.0,293.6,1.66,111.0,95944.0
20171107:1100,16.9,42.55,700.0,837.32,150.0,299.2,2.14,152.0,95887.0
20171107:1200,18.48,38.0,677.0,786.51,168.0,302.8,3.17,183.0,95812.0
20171107:1300,19.87,33.75,614.0,823.14,134.0,304.8,3.86,202.0,95718.0
20171107:1400,20.89,30.4,479.0,778.02,114.0,306.4,4.0,217.0,95680.0
20171107:1500,21.46,28.1,295.0,651.88,91.0,306.2,3.86,226.0,95680.0
20171107:1600,21.53,27.25,95.0,415.38,43.0,304.6,3.52,228.0,95671.0
20171107:1700,20.35,29.25,0.0,0.0,0.0,301.8,2.34,208.0,95699.0
20171107:1800,18.84,32.6,0.0,0.0,0.0,299.2,2.0,195.0,95765.0
20171107:1900,16.97,38.5,0.0,0.0,0.0,294.4,3.17,149.0,95840.0
20171107:2000,15.76,42.1,0.0,0.0,0.0,292.0,3.38,152.0,95887.0
20171107:2100,14.73,45.4,0.0,0.0,0.0,290.6,3.45,159.0,95935.0
20171107:2200,13.84,48.5,0.0,0.0,0.0,288.0,3.38,168.0,95963.0
20171107:2300,13.03,51.4,0.0,0.0,0.0,285.8,3.38,179.0,95944.0
20171108:0000,12.28,54.1,0.0,0.0,0.0,283.2,3.24,192.0,95991.0
20171108:0100,11.55,56.65,0.0,0.0,0.0,280.6,3.31,203.0,95963.0
20171108:0200,10.9,59.0,0.0,0.0,0.0,278.6,3.31,211.0,95963.0
20171108:0300,10.23,61.5,0.0,0.0,0.0,276.8,3.17,220.0,95925.0
20171108:0400,9.55,64.2,0.0,0.0,0.0,274.6,3.03,229.0,95935.0
20171108:0500,8.87,67.1,0.0,0.0,0.0,273.8,2.83,238.0,95944.0
20171108:0600,8.32,69.55,0.0,0.0,0.0,274.2,2.83,248.0,96010.0
20171108:0700,10.93,58.6,0.0,0.0,0.0,278.0,1.24,235.0,96057.0
20171108:0800,12.25,53.75,359.0,706.17,99.0,283.4,0.97,208.0,96132.0
20171108:0900,14.99,44.05,540.0,861.87,100.0,290.2,2.0,174.0,96170.0
20171108:1000,17.27,37.45,658.0,898.54,112.0,297.0,3.03,173.0,96142.0
20171108:1100,19.2,32.75,704.0,869.87,136.0,303.4,3.52,177.0,96095.0
20171108:1200,20.79,29.25,724.0,1014.96,71.0,308.8,3.86,180.0,96000.0
20171108:1300,22.02,26.65,630.0,917.99,98.0,313.4,4.28,180.0,95916.0
20171108:1400,22.72,25.1,420.0,506.68,184.0,317.6,4.69,179.0,95859.0
20171108:1500,22.84,24.6,288.0,626.06,94.0,320.2,4.9,179.0,95850.0
20171108:1600,22.45,25.1,97.0,490.01,37.0,323.2,4.9,176.0,95793.0
20171108:1700,21.1,27.4,0.0,0.0,0.0,321.8,4.28,164.0,95812.0
20171108:1800,19.82,29.85,0.0,0.0,0.0,318.6,4.34,161.0,95831.0
20171108:1900,18.51,33.35,0.0,0.0,0.0,306.6,4.07,163.0,95859.0
20171108:2000,17.65,35.15,0.0,0.0,0.0,304.0,3.66,173.0,95887.0
20171108:2100,16.82,36.9,0.0,0.0,0.0,300.6,3.31,184.0,95897.0
20171108:2200,16.02,38.55,0.0,0.0,0.0,297.6,3.31,194.0,95840.0
20171108:2300,15.32,39.85,0.0,0.0,0.0,296.2,3.52,200.0,95822.0
20171109:0000,14.7,40.8,0.0,0.0,0.0,295.2,3.66,205.0,95784.0
20171109:0100,14.09,41.6,0.0,0.0,0.0,294.0,3.52,216.0,95709.0
20171109:0200,13.48,42.35,0.0,0.0,0.0,295.8,3.31,233.0,95671.0
20171109:0300,12.79,43.3,0.0,0.0,0.0,295.6,3.17,258.0,95662.0
20171109:0400,12.04,44.55,0.0,0.0,0.0,295.8,3.03,272.0,95624.0
20171109:0500,11.51,45.3,0.0,0.0,0.0,301.4,2.97,268.0,95615.0
20171109:0600,10.87,46.4,0.0,0.0,0.0,290.0,2.97,262.0,95615.0
20171109:0700,11.06,46.2,164.0,610.02,50.0,302.8,3.24,301.0,95652.0
20171109:0800,13.89,38.4,100.0,0.0,100.0,323.6,3.31,308.0,95737.0
20171109:0900,17.09,31.9,363.0,205.25,259.0,310.2,3.31,315.0,95793.0
20171109:1000,19.32,28.0,629.0,785.06,155.0,330.8,3.45,319.0,95784.0
20171109:1100,21.13,24.95,684.0,804.17,162.0,343.8,3.93,330.0,95737.0
20171109:1200,22.61,21.95,540.0,365.83,306.0,334.4,3.66,342.0,95643.0
20171109:1300,23.33,21.1,596.0,774.32,150.0,347.8,2.62,351.0,95586.0
20171109:1400,23.38,21.35,396.0,419.47,202.0,356.2,1.24,344.0,95511.0
20171109:1500,23.34,21.6,303.0,772.25,66.0,357.6,1.72,20.0,95502.0
20171109:1600,22.98,22.2,94.0,484.15,36.0,335.6,3.24,28.0,95492.0
20171109:1700,21.2,24.8,0.0,0.0,0.0,321.0,3.66,38.0,95530.0
20171109:1800,19.51,27.35,0.0,0.0,0.0,313.2,3.45,44.0,95615.0
20171109:1900,17.98,29.0,0.0,0.0,0.0,306.0,3.1,44.0,95699.0
20171109:2000,16.77,30.75,0.0,0.0,0.0,304.8,3.1,29.0,95737.0
20171109:2100,15.65,31.7,0.0,0.0,0.0,302.8,3.45,25.0,95737.0
20171109:2200,14.73,32.35,0.0,0.0,0.0,299.0,4.28,18.0,95756.0
20171109:2300,14.03,34.45,0.0,0.0,0.0,303.4,4.62,21.0,95746.0
20171110:0000,13.41,39.25,0.0,0.0,0.0,305.4,4.83,18.0,95737.0
20171110:0100,12.85,46.1,0.0,0.0,0.0,306.2,4.97,18.0,95690.0
20171110:0200,12.25,52.5,0.0,0.0,0.0,309.2,5.03,24.0,95643.0
20171110:0300,11.63,57.55,0.0,0.0,0.0,319.6,5.17,28.0,95633.0
20171110:0400,10.9,62.3,0.0,0.0,0.0,315.8,5.31,26.0,95615.0
20171110:0500,10.44,65.05,0.0,0.0,0.0,328.0,5.31,24.0,95690.0
20171110:0600,10.01,66.95,0.0,0.0,0.0,327.4,5.38,24.0,95690.0
20171110:0700,10.5,63.3,35.0,0.0,35.0,311.0,6.14,9.0,95728.0
20171110:0800,11.26,57.15,44.0,0.0,44.0,311.4,7.52,5.0,95831.0
20171110:0900,11.83,53.75,71.0,0.0,71.0,312.2,8.14,2.0,95859.0
20171110:1000,11.75,56.3,69.0,0.0,69.0,325.2,8.0,1.0,95869.0
20171110:1100,11.46,60.45,123.0,0.0,123.0,333.4,7.1,354.0,95831.0
20171110:1200,11.0,65.1,329.0,39.31,304.0,338.0,5.86,348.0,95822.0
20171110:1300,11.51,62.5,317.0,61.13,282.0,337.2,5.17,354.0,95699.0
20171110:1400,12.15,58.0,175.0,6.53,172.0,336.2,4.97,3.0,95605.0
20171110:1500,13.3,49.8,293.0,707.24,78.0,331.4,5.72,12.0,95586.0
20171110:1600,13.44,49.75,83.0,341.19,43.0,327.8,4.76,15.0,95577.0
20171110:1700,12.88,51.8,0.0,0.0,0.0,312.8,4.83,4.0,95671.0
20171110:1800,12.25,52.0,0.0,0.0,0.0,298.0,5.93,356.0,95728.0
20171110:1900,11.65,51.2,0.0,0.0,0.0,297.0,6.41,352.0,95775.0
20171110:2000,11.4,51.0,0.0,0.0,0.0,307.4,7.1,342.0,95812.0
20171110:2100,10.75,51.7,0.0,0.0,0.0,290.4,8.76,340.0,95850.0
20171110:2200,9.9,57.2,0.0,0.0,0.0,276.4,9.45,345.0,95878.0
20171110:2300,9.36,62.3,0.0,0.0,0.0,280.8,9.45,348.0,95850.0
20171111:0000,9.13,64.9,0.0,0.0,0.0,288.0,9.59,349.0,95859.0
20171111:0100,9.03,67.25,0.0,0.0,0.0,287.6,9.86,350.0,95831.0
20171111:0200,8.87,69.55,0.0,0.0,0.0,273.4,9.86,350.0,95803.0
20171111:0300,8.99,69.7,0.0,0.0,0.0,279.4,9.72,348.0,95784.0
20171111:0400,8.98,69.85,0.0,0.0,0.0,269.0,9.72,346.0,95803.0
20171111:0500,9.02,71.25,0.0,0.0,0.0,265.2,9.79,345.0,95793.0
20171111:0600,9.27,72.3,0.0,0.0,0.0,270.4,9.93,344.0,95831.0
20171111:0700,10.13,71.8,146.0,466.78,62.0,269.8,10.69,345.0,95869.0
20171111:0800,11.68,65.95,345.0,685.95,100.0,274.6,10.0,346.0,95897.0
20171111:0900,13.2,59.8,532.0,887.58,89.0,280.0,12.21,349.0,95925.0
20171111:1000,14.46,54.05,664.0,989.75,74.0,284.2,12.55,351.0,95906.0
20171111:1100,15.67,48.55,723.0,1014.73,72.0,293.8,12.21,353.0,95878.0
20171111:1200,16.67,44.0,711.0,1010.53,72.0,290.4,11.79,356.0,95812.0
20171111:1300,17.86,36.75,629.0,975.22,74.0,295.4,12.0,6.0,95784.0
20171111:1400,18.2,34.7,449.0,686.17,136.0,343.8,10.97,4.0,95746.0
20171111:1500,17.79,37.2,243.0,381.82,128.0,347.0,9.66,359.0,95784.0
20171111:1600,17.15,41.2,73.0,243.97,45.0,342.0,8.55,351.0,95822.0
20171111:1700,16.19,45.75,0.0,0.0,0.0,346.8,8.28,344.0,95897.0
20171111:1800,15.06,49.65,0.0,0.0,0.0,319.0,8.48,344.0,95925.0
20171111:1900,14.15,52.95,0.0,0.0,0.0,295.6,8.28,347.0,95991.0
20171111:2000,13.36,55.3,0.0,0.0,0.0,287.0,8.0,346.0,96038.0
20171111:2100,12.76,57.95,0.0,0.0,0.0,286.2,7.72,346.0,96066.0
20171111:2200,12.25,60.65,0.0,0.0,0.0,283.6,7.52,345.0,96057.0
20171111:2300,11.72,63.25,0.0,0.0,0.0,282.0,7.03,342.0,96047.0
20171112:0000,11.13,66.1,0.0,0.0,0.0,277.2,6.69,337.0,96019.0
20171112:0100,10.56,68.95,0.0,0.0,0.0,275.0,6.48,332.0,96000.0
20171112:0200,10.11,71.5,0.0,0.0,0.0,274.8,6.48,330.0,95972.0
20171112:0300,9.73,73.75,0.0,0.0,0.0,274.0,6.55,328.0,95935.0
20171112:0400,9.46,75.65,0.0,0.0,0.0,274.8,6.62,327.0,95972.0
20171112:0500,9.2,77.35,0.0,0.0,0.0,275.4,6.62,325.0,95963.0
20171112:0600,8.99,78.55,0.0,0.0,0.0,275.4,6.76,326.0,95991.0
20171112:0700,9.49,76.45,146.0,504.23,57.0,275.2,6.97,331.0,96000.0
20171112:0800,11.28,69.45,343.0,695.84,97.0,278.4,6.69,335.0,96029.0
20171112:0900,13.54,60.8,514.0,807.5,114.0,284.4,7.59,344.0,96047.0
20171112:1000,15.51,53.9,633.0,859.32,124.0,292.8,7.45,354.0,95963.0
20171112:1100,16.96,49.1,686.0,863.86,135.0,298.0,7.03,7.0,95869.0
20171112:1200,17.92,46.2,664.0,812.69,153.0,303.2,6.34,17.0,95812.0
20171112:1300,18.54,44.25,597.0,830.73,127.0,306.4,5.72,21.0,95728.0
20171112:1400,18.87,43.05,463.0,783.48,108.0,308.2,5.31,23.0,95671.0
20171112:1500,18.85,42.75,280.0,649.99,86.0,309.6,4.9,25.0,95652.0
20171112:1600,18.45,44.55,83.0,400.4,38.0,307.0,3.66,30.0,95662.0
20171112:1700,17.14,51.2,0.0,0.0,0.0,304.2,2.07,39.0,95671.0
20171112:1800,16.08,62.55,0.0,0.0,0.0,303.2,0.97,47.0,95718.0
20171112:1900,16.07,55.05,0.0,0.0,0.0,300.0,0.55,334.0,95728.0
20171112:2000,14.61,64.55,0.0,0.0,0.0,298.2,1.17,269.0,95756.0
20171112:2100,12.8,73.15,0.0,0.0,0.0,296.4,2.14,263.0,95756.0
20171112:2200,12.09,73.05,0.0,0.0,0.0,294.8,2.76,265.0,95756.0
20171112:2300,11.1,76.9,0.0,0.0,0.0,292.2,3.1,268.0,95690.0
20171113:0000,10.16,80.5,0.0,0.0,0.0,290.2,3.38,272.0,95690.0
20171113:0100,9.65,80.45,0.0,0.0,0.0,287.2,3.72,280.0,95605.0
20171113:0200,9.27,79.1,0.0,0.0,0.0,283.8,4.07,286.0,95568.0
20171113:0300,8.88,77.6,0.0,0.0,0.0,281.4,4.28,286.0,95492.0
20171113:0400,8.61,76.0,0.0,0.0,0.0,278.6,4.41,285.0,95483.0
20171113:0500,8.3,75.25,0.0,0.0,0.0,276.6,4.55,285.0,95426.0
20171113:0600,7.99,75.2,0.0,0.0,0.0,274.8,4.62,286.0,95445.0
20171113:0700,8.43,70.7,143.0,502.69,56.0,272.8,4.69,290.0,95417.0
20171113:0800,10.99,59.0,335.0,668.76,101.0,274.4,4.55,296.0,95445.0
20171113:0900,14.52,44.95,504.0,777.01,122.0,278.4,4.76,305.0,95473.0
20171113:1000,17.2,34.95,594.0,706.78,178.0,284.2,5.1,311.0,95398.0
20171113:1100,18.71,29.45,671.0,815.24,154.0,288.4,5.31,318.0,95313.0
20171113:1200,19.68,26.45,649.0,764.47,171.0,291.4,5.03,322.0,95219.0
20171113:1300,20.33,24.3,587.0,798.22,138.0,293.4,4.83,319.0,95116.0
20171113:1400,20.65,23.35,450.0,724.23,124.0,293.4,4.83,310.0,95031.0
20171113:1500,20.6,23.7,274.0,625.36,89.0,292.2,4.9,295.0,94984.0
20171113:1600,19.94,26.3,78.0,363.29,38.0,290.8,4.62,281.0,94937.0
20171113:1700,18.04,32.0,0.0,0.0,0.0,288.0,4.48,276.0,94928.0
20171113:1800,16.52,36.8,0.0,0.0,0.0,286.6,4.62,273.0,94975.0
20171113:1900,15.82,39.7,0.0,0.0,0.0,288.0,4.69,291.0,95022.0
20171113:2000,15.12,42.15,0.0,0.0,0.0,286.4,5.66,307.0,95078.0
20171113:2100,14.62,43.0,0.0,0.0,0.0,282.8,6.41,317.0,95144.0
20171113:2200,13.88,42.5,0.0,0.0,0.0,278.0,6.48,319.0,95172.0
20171113:2300,12.97,43.55,0.0,0.0,0.0,273.2,6.41,321.0,95191.0
20171114:0000,12.22,48.1,0.0,0.0,0.0,279.4,6.69,326.0,95229.0
20171114:0100,11.25,57.0,0.0,0.0,0.0,270.2,6.28,336.0,95238.0
20171114:0200,10.45,65.5,0.0,0.0,0.0,281.2,5.72,346.0,95266.0
20171114:0300,9.52,72.45,0.0,0.0,0.0,273.4,5.24,345.0,95304.0
20171114:0400,8.69,76.6,0.0,0.0,0.0,267.2,5.1,335.0,95351.0
20171114:0500,7.97,78.45,0.0,0.0,0.0,260.6,5.38,329.0,95370.0
20171114:0600,7.39,78.2,0.0,0.0,0.0,257.6,5.52,329.0,95473.0
20171114:0700,7.78,68.95,138.0,477.47,57.0,258.8,5.79,342.0,95558.0
20171114:0800,9.35,60.65,329.0,652.62,103.0,254.4,5.59,339.0,95633.0
20171114:0900,11.27,48.45,500.0,774.71,122.0,257.6,6.34,341.0,95671.0
20171114:1000,12.71,39.6,618.0,824.1,136.0,263.2,6.14,341.0,95662.0
20171114:1100,13.77,36.0,663.0,797.71,160.0,267.2,5.66,333.0,95596.0
20171114:1200,14.63,34.35,645.0,763.87,170.0,270.6,5.86,326.0,95530.0
20171114:1300,15.2,33.45,583.0,797.41,137.0,277.2,6.48,325.0,95483.0
20171114:1400,15.45,32.55,449.0,737.84,119.0,287.4,7.1,327.0,95408.0
20171114:1500,15.38,32.35,264.0,566.0,98.0,296.4,7.31,328.0,95408.0
20171114:1600,14.98,32.95,75.0,342.87,38.0,279.0,6.76,328.0,95426.0
20171114:1700,13.96,35.35,0.0,0.0,0.0,274.0,4.83,323.0,95445.0
20171114:1800,12.94,37.8,0.0,0.0,0.0,270.8,4.21,321.0,95530.0
20171114:1900,12.13,39.2,0.0,0.0,0.0,268.6,4.34,340.0,95596.0
20171114:2000,11.34,40.1,0.0,0.0,0.0,265.8,5.1,348.0,95680.0
20171114:2100,10.59,40.4,0.0,0.0,0.0,262.2,5.72,353.0,95765.0
20171114:2200,9.77,40.9,0.0,0.0,0.0,258.6,5.45,355.0,95784.0
20171114:2300,8.84,42.25,0.0,0.0,0.0,254.2,4.83,353.0,95746.0
20171115:0000,7.94,44.0,0.0,0.0,0.0,255.0,4.34,346.0,95765.0
20171115:0100,7.14,45.75,0.0,0.0,0.0,249.8,4.62,340.0,95756.0
20171115:0200,6.69,47.3,0.0,0.0,0.0,249.4,5.24,338.0,95812.0
20171115:0300,6.45,50.75,0.0,0.0,0.0,249.8,5.86,335.0,95793.0
20171115:0400,6.2,56.45,0.0,0.0,0.0,247.6,6.14,331.0,95831.0
20171115:0500,5.86,62.5,0.0,0.0,0.0,245.8,6.28,331.0,95878.0
20171115:0600,5.47,68.1,0.0,0.0,0.0,244.8,6.14,328.0,95925.0
20171115:0700,5.68,70.45,135.0,481.26,55.0,244.0,6.07,328.0,96029.0
20171115:0800,7.61,62.95,323.0,639.02,104.0,246.8,6.14,331.0,96076.0
20171115:0900,10.08,52.75,490.0,743.41,130.0,253.0,6.76,339.0,96123.0
20171115:1000,12.3,44.05,607.0,793.16,146.0,259.6,6.21,346.0,96066.0
20171115:1100,14.1,36.7,655.0,781.51,165.0,265.8,5.1,349.0,95972.0
20171115:1200,15.32,31.6,630.0,719.53,185.0,271.0,4.21,356.0,95869.0
20171115:1300,16.05,28.5,570.0,751.54,152.0,274.0,3.45,358.0,95822.0
20171115:1400,16.37,26.7,443.0,722.25,122.0,275.6,2.62,342.0,95737.0
20171115:1500,16.5,25.4,269.0,618.92,89.0,275.0,2.48,314.0,95737.0
20171115:1600,16.33,25.1,74.0,340.22,38.0,272.0,2.97,294.0,95718.0
20171115:1700,15.17,27.05,0.0,0.0,0.0,268.8,2.83,284.0,95728.0
20171115:1800,13.77,29.9,0.0,0.0,0.0,267.0,3.03,282.0,95812.0
20171115:1900,12.47,33.1,0.0,0.0,0.0,265.8,3.03,281.0,95859.0
20171115:2000,11.24,35.9,0.0,0.0,0.0,264.0,3.38,279.0,95897.0
20171115:2100,10.28,38.0,0.0,0.0,0.0,262.4,3.79,281.0,95925.0
20171115:2200,9.5,39.35,0.0,0.0,0.0,260.8,4.14,285.0,95944.0
20171115:2300,8.78,40.05,0.0,0.0,0.0,258.8,4.41,291.0,95925.0
20171116:0000,8.02,40.85,0.0,0.0,0.0,257.0,4.41,298.0,95916.0
20171116:0100,7.24,42.35,0.0,0.0,0.0,255.4,4.28,303.0,95925.0
20171116:0200,6.46,44.6,0.0,0.0,0.0,253.8,4.14,304.0,95925.0
20171116:0300,5.69,47.3,0.0,0.0,0.0,252.0,3.93,303.0,95897.0
20171116:0400,4.93,49.9,0.0,0.0,0.0,250.4,3.79,297.0,95906.0
20171116:0500,4.27,51.55,0.0,0.0,0.0,248.4,3.79,289.0,95916.0
20171116:0600,3.84,51.7,0.0,0.0,0.0,247.0,3.93,281.0,95944.0
20171116:0700,3.8,58.45,130.0,460.59,55.0,246.6,3.72,283.0,95972.0
20171116:0800,6.96,45.3,320.0,636.88,104.0,248.4,3.52,281.0,96019.0
20171116:0900,11.11,32.55,489.0,757.35,125.0,253.6,3.66,280.0,96066.0
20171116:1000,14.03,27.2,599.0,775.62,151.0,260.2,3.86,280.0,96047.0
20171116:1100,15.96,26.75,651.0,781.09,164.0,266.4,3.93,283.0,95963.0
20171116:1200,17.24,25.95,626.0,718.52,184.0,271.6,3.86,286.0,95878.0
20171116:1300,18.05,24.3,563.0,735.78,156.0,275.2,3.45,287.0,95803.0
20171116:1400,18.46,22.85,435.0,692.73,129.0,277.0,2.97,287.0,95718.0
20171116:1500,18.51,22.15,265.0,606.65,90.0,276.8,2.48,289.0,95699.0
20171116:1600,18.13,22.55,71.0,327.52,37.0,274.4,1.93,288.0,95699.0
20171116:1700,17.03,24.75,0.0,0.0,0.0,270.8,1.66,272.0,95728.0
20171116:1800,15.33,29.15,0.0,0.0,0.0,268.6,2.21,264.0,95756.0
20171116:1900,13.63,35.55,0.0,0.0,0.0,268.0,2.83,269.0,95803.0
20171116:2000,12.01,40.45,0.0,0.0,0.0,265.8,3.1,284.0,95822.0
20171116:2100,10.62,44.05,0.0,0.0,0.0,263.4,3.24,296.0,95850.0
20171116:2200,9.41,46.4,0.0,0.0,0.0,261.8,3.31,303.0,95859.0
20171116:2300,8.37,47.5,0.0,0.0,0.0,259.8,3.38,311.0,95850.0
20171117:0000,7.59,46.9,0.0,0.0,0.0,258.4,3.45,320.0,95859.0
20171117:0100,7.06,44.45,0.0,0.0,0.0,256.8,3.66,332.0,95840.0
20171117:0200,6.75,40.55,0.0,0.0,0.0,254.8,3.86,339.0,95840.0
20171117:0300,6.29,38.9,0.0,0.0,0.0,253.8,3.93,343.0,95850.0
20171117:0400,5.73,39.2,0.0,0.0,0.0,252.4,3.79,343.0,95840.0
20171117:0500,5.23,40.8,0.0,0.0,0.0,252.0,3.79,346.0,95869.0
20171117:0600,4.86,43.2,0.0,0.0,0.0,251.0,3.72,352.0,95878.0
20171117:0700,4.87,46.55,128.0,470.34,53.0,252.6,3.31,349.0,95935.0
20171117:0800,7.48,42.1,316.0,634.65,103.0,255.6,2.62,354.0,95972.0
20171117:0900,11.99,33.0,488.0,769.35,121.0,261.4,2.41,10.0,96010.0
20171117:1000,14.52,32.55,602.0,804.83,140.0,268.6,2.48,39.0,95991.0
20171117:1100,15.84,32.85,651.0,795.1,158.0,276.0,2.21,64.0,95953.0
20171117:1200,16.69,30.25,627.0,732.13,179.0,281.4,1.52,72.0,95897.0
20171117:1300,17.27,28.0,563.0,748.82,151.0,284.2,0.9,64.0,95812.0
20171117:1400,17.65,26.6,440.0,733.32,118.0,285.0,0.76,38.0,95793.0
20171117:1500,17.74,26.0,262.0,604.48,89.0,283.8,0.62,20.0,95746.0
20171117:1600,17.54,25.95,70.0,333.65,36.0,281.2,0.28,14.0,95737.0
20171117:1700,17.02,27.05,0.0,0.0,0.0,277.8,0.62,134.0,95756.0
20171117:1800,15.97,30.1,0.0,0.0,0.0,276.0,1.24,150.0,95803.0
20171117:1900,14.23,40.25,0.0,0.0,0.0,276.0,1.52,164.0,95831.0
20171117:2000,12.74,44.55,0.0,0.0,0.0,273.8,1.79,188.0,95859.0
20171117:2100,11.52,47.35,0.0,0.0,0.0,271.8,2.07,215.0,95878.0
20171117:2200,10.57,48.35,0.0,0.0,0.0,270.0,2.48,239.0,95897.0
20171117:2300,9.73,48.6,0.0,0.0,0.0,268.0,2.97,256.0,95906.0
20171118:0000,8.75,49.4,0.0,0.0,0.0,266.8,3.24,264.0,95906.0
20171118:0100,7.82,50.0,0.0,0.0,0.0,265.0,3.38,269.0,95878.0
20171118:0200,7.04,49.95,0.0,0.0,0.0,263.4,3.52,275.0,95840.0
20171118:0300,6.4,49.2,0.0,0.0,0.0,261.6,3.59,283.0,95840.0
20171118:0400,5.84,48.1,0.0,0.0,0.0,259.6,3.72,290.0,95803.0
20171118:0500,5.3,47.1,0.0,0.0,0.0,257.6,3.79,294.0,95850.0
20171118:0600,4.78,47.0,0.0,0.0,0.0,255.6,3.86,297.0,95869.0
20171118:0700,4.73,47.5,126.0,480.45,51.0,255.2,3.59,300.0,95906.0
20171118:0800,7.33,39.55,314.0,644.35,100.0,257.0,3.03,302.0,95944.0
20171118:0900,11.6,29.45,486.0,781.47,116.0,261.6,2.48,304.0,95972.0
20171118:1000,14.81,23.45,601.0,818.55,134.0,268.4,2.14,303.0,95963.0
20171118:1100,16.6,20.7,643.0,778.39,163.0,275.0,1.59,290.0,95887.0
20171118:1200,17.59,19.4,623.0,731.01,178.0,279.8,1.38,262.0,95840.0
20171118:1300,18.23,18.8,563.0,761.9,146.0,282.2,1.52,248.0,95765.0
20171118:1400,18.57,18.45,435.0,716.97,122.0,282.6,1.66,246.0,95709.0
20171118:1500,18.58,18.3,261.0,612.64,87.0,281.6,1.52,248.0,95699.0
20171118:1600,18.3,18.6,68.0,319.71,36.0,279.4,1.24,239.0,95709.0
20171118:1700,17.38,20.3,0.0,0.0,0.0,275.8,1.59,210.0,95728.0
20171118:1800,15.87,23.25,0.0,0.0,0.0,274.0,2.0,210.0,95784.0
20171118:1900,14.38,27.7,0.0,0.0,0.0,274.0,2.14,203.0,95803.0
20171118:2000,12.94,31.75,0.0,0.0,0.0,272.2,2.07,221.0,95850.0
20171118:2100,11.62,35.4,0.0,0.0,0.0,271.2,2.21,237.0,95887.0
20171118:2200,10.5,38.05,0.0,0.0,0.0,270.2,2.48,252.0,95935.0
20171118:2300,9.38,40.55,0.0,0.0,0.0,268.2,2.55,269.0,95935.0
20171119:0000,8.34,42.65,0.0,0.0,0.0,267.0,2.76,292.0,95935.0
20171119:0100,7.3,45.0,0.0,0.0,0.0,264.2,2.97,310.0,95916.0
20171119:0200,6.33,47.6,0.0,0.0,0.0,262.2,3.1,321.0,95916.0
20171119:0300,5.64,50.1,0.0,0.0,0.0,261.2,3.17,325.0,95897.0
20171119:0400,5.13,52.8,0.0,0.0,0.0,259.8,3.17,327.0,95906.0
20171119:0500,4.65,56.05,0.0,0.0,0.0,260.0,3.1,328.0,95906.0
20171119:0600,4.22,59.7,0.0,0.0,0.0,258.0,3.1,331.0,95953.0
20171119:0700,4.56,64.15,119.0,432.02,53.0,257.6,2.83,344.0,95991.0
20171119:0800,7.08,56.75,308.0,629.86,101.0,260.6,2.14,352.0,96066.0
20171119:0900,11.91,42.0,482.0,780.94,115.0,266.8,2.28,15.0,96151.0
20171119:1000,14.58,35.9,607.0,865.88,116.0,274.4,2.9,37.0,96113.0
20171119:1100,16.11,32.85,654.0,839.66,139.0,281.4,3.24,53.0,96104.0
20171119:1200,16.9,31.45,634.0,789.23,156.0,286.4,3.03,53.0,96066.0
20171119:1300,17.4,31.0,570.0,806.21,131.0,290.0,2.76,51.0,96000.0
20171119:1400,17.63,31.25,439.0,757.88,110.0,291.0,2.62,54.0,95944.0
20171119:1500,17.62,31.75,261.0,624.26,85.0,290.8,2.55,59.0,95953.0
20171119:1600,17.28,33.0,67.0,325.28,35.0,288.8,2.34,67.0,95963.0
20171119:1700,16.3,35.7,0.0,0.0,0.0,285.0,1.93,90.0,95982.0
20171119:1800,15.33,38.4,0.0,0.0,0.0,283.0,1.72,106.0,96057.0
20171119:1900,14.07,43.5,0.0,0.0,0.0,281.4,1.72,105.0,96113.0
20171119:2000,12.97,47.85,0.0,0.0,0.0,278.6,1.24,106.0,96170.0
20171119:2100,13.42,45.2,0.0,0.0,0.0,276.8,0.62,100.0,96207.0
20171119:2200,13.05,46.4,0.0,0.0,0.0,274.4,0.28,11.0,96226.0
20171119:2300,12.56,47.9,0.0,0.0,0.0,272.2,0.9,324.0,96236.0
20171120:0000,10.39,55.65,0.0,0.0,0.0,270.0,1.59,322.0,96217.0
20171120:0100,8.39,63.75,0.0,0.0,0.0,268.2,2.28,324.0,96217.0
20171120:0200,7.25,68.85,0.0,0.0,0.0,267.0,2.62,324.0,96207.0
20171120:0300,6.48,72.4,0.0,0.0,0.0,265.4,2.83,323.0,96217.0
20171120:0400,5.85,75.5,0.0,0.0,0.0,263.4,3.03,322.0,96207.0
20171120:0500,5.19,78.75,0.0,0.0,0.0,261.8,3.24,323.0,96226.0
20171120:0600,4.5,81.35,0.0,0.0,0.0,259.8,3.31,326.0,96273.0
20171120:0700,4.55,80.8,119.0,468.34,49.0,257.6,3.17,336.0,96320.0
20171120:0800,6.96,68.4,304.0,627.29,100.0,259.8,2.48,342.0,96396.0
20171120:0900,12.04,47.9,475.0,763.17,119.0,265.2,2.21,359.0,96461.0
20171120:1000,14.97,38.7,596.0,832.09,127.0,272.2,2.07,33.0,96461.0
20171120:1100,16.2,34.15,647.0,822.84,145.0,278.6,2.34,67.0,96405.0
20171120:1200,16.98,30.1,627.0,773.27,161.0,282.0,2.48,68.0,96358.0
20171120:1300,17.49,27.45,557.0,760.41,145.0,283.0,2.55,64.0,96236.0
20171120:1400,17.78,26.0,424.0,687.9,127.0,282.6,2.62,62.0,96198.0
20171120:1500,17.76,25.5,254.0,585.82,90.0,280.8,2.69,64.0,96189.0
20171120:1600,17.36,26.25,63.0,289.38,35.0,277.8,2.62,72.0,96198.0
20171120:1700,16.12,28.9,0.0,0.0,0.0,274.4,2.41,87.0,96245.0
20171120:1800,14.87,31.9,0.0,0.0,0.0,271.4,2.48,99.0,96273.0
20171120:1900,13.67,35.7,0.0,0.0,0.0,270.2,2.69,105.0,96302.0
20171120:2000,12.5,39.2,0.0,0.0,0.0,267.4,2.69,113.0,96358.0
20171120:2100,11.26,43.3,0.0,0.0,0.0,265.0,2.41,124.0,96405.0
20171120:2200,10.01,48.0,0.0,0.0,0.0,263.0,1.86,136.0,96424.0
20171120:2300,11.13,44.4,0.0,0.0,0.0,261.0,1.1,139.0,96396.0
20171121:0000,10.98,45.1,0.0,0.0,0.0,258.4,0.34,118.0,96386.0
20171121:0100,10.58,46.55,0.0,0.0,0.0,257.2,0.34,346.0,96377.0
20171121:0200,10.13,48.15,0.0,0.0,0.0,255.4,1.1,331.0,96349.0
20171121:0300,7.02,59.6,0.0,0.0,0.0,254.2,2.0,336.0,96311.0
20171121:0400,5.02,68.35,0.0,0.0,0.0,253.4,2.76,343.0,96302.0
20171121:0500,4.26,71.9,0.0,0.0,0.0,252.4,2.9,344.0,96292.0
20171121:0600,3.63,74.9,0.0,0.0,0.0,250.2,2.9,344.0,96377.0
20171121:0700,3.38,75.55,115.0,444.65,50.0,250.2,3.17,351.0,96377.0
20171121:0800,6.02,62.75,286.0,522.06,118.0,254.2,2.76,1.0,96424.0
20171121:0900,11.0,44.5,461.0,706.19,134.0,257.0,3.1,21.0,96433.0
20171121:1000,13.81,36.65,583.0,785.31,143.0,262.2,3.59,47.0,96471.0
20171121:1100,15.23,31.5,639.0,805.74,150.0,269.8,3.72,66.0,96396.0
20171121:1200,16.13,27.85,627.0,787.06,155.0,279.4,3.45,81.0,96311.0
20171121:1300,16.73,25.65,567.0,819.75,125.0,278.8,3.52,85.0,96179.0
20171121:1400,17.07,24.8,454.0,884.79,74.0,279.4,3.66,74.0,96151.0
20171121:1500,17.03,25.0,241.0,499.9,102.0,278.6,3.72,66.0,96132.0
20171121:1600,16.52,26.3,66.0,346.51,33.0,275.2,3.66,69.0,96113.0
20171121:1700,15.0,29.7,0.0,0.0,0.0,274.4,3.17,78.0,96151.0
20171121:1800,13.74,33.05,0.0,0.0,0.0,274.2,3.17,90.0,96207.0
20171121:1900,12.81,36.7,0.0,0.0,0.0,282.4,2.69,101.0,96217.0
20171121:2000,11.89,39.75,0.0,0.0,0.0,282.2,2.55,92.0,96245.0
20171121:2100,11.02,42.85,0.0,0.0,0.0,288.2,2.21,74.0,96226.0
20171121:2200,10.19,46.0,0.0,0.0,0.0,293.4,2.0,67.0,96292.0
20171121:2300,9.77,47.7,0.0,0.0,0.0,305.4,2.14,53.0,96217.0
20171122:0000,9.5,49.1,0.0,0.0,0.0,319.0,1.93,44.0,96245.0
20171122:0100,10.45,45.9,0.0,0.0,0.0,315.05,0.55,17.0,96189.0
20171122:0200,9.3,50.3,0.0,0.0,0.0,318.2,1.24,18.0,96123.0
20171122:0300,8.96,51.1,0.0,0.0,0.0,319.8,2.55,38.0,96076.0
20171122:0400,8.82,53.5,0.0,0.0,0.0,329.4,2.69,61.0,96010.0
20171122:0500,8.52,54.75,0.0,0.0,0.0,315.8,2.83,51.0,96010.0
20171122:0600,8.55,54.2,0.0,0.0,0.0,325.8,3.1,41.0,95972.0
20171122:0700,9.33,54.25,40.0,0.0,40.0,330.6,4.07,37.0,95972.0
20171122:0800,10.0,52.4,295.0,609.22,101.0,317.0,4.48,49.0,96057.0
20171122:0900,11.11,51.8,338.0,234.95,230.0,315.2,4.34,58.0,96113.0
20171122:1000,12.48,48.45,553.0,669.67,180.0,313.4,4.21,66.0,96066.0
20171122:1100,13.66,45.55,604.0,674.09,197.0,313.4,4.28,67.0,96019.0
20171122:1200,14.54,43.55,668.0,995.24,74.0,309.0,4.55,65.0,95897.0
20171122:1300,15.13,42.1,467.0,424.86,239.0,296.4,4.62,68.0,95850.0
20171122:1400,15.35,41.7,436.0,783.98,101.0,292.8,4.34,74.0,95822.0
20171122:1500,15.03,43.0,220.0,376.45,116.0,287.2,4.14,79.0,95850.0
20171122:1600,14.24,46.15,44.0,85.28,36.0,293.6,4.07,78.0,95878.0
20171122:1700,12.96,51.5,0.0,0.0,0.0,282.6,3.24,75.0,95887.0
20171122:1800,11.81,56.8,0.0,0.0,0.0,279.8,2.83,68.0,95944.0
20171122:1900,10.7,60.8,0.0,0.0,0.0,279.2,2.41,53.0,95963.0
20171122:2000,9.95,64.6,0.0,0.0,0.0,277.8,2.0,53.0,96010.0
20171122:2100,9.03,69.85,0.0,0.0,0.0,276.4,1.66,44.0,96019.0
20171122:2200,8.09,75.5,0.0,0.0,0.0,275.2,1.45,23.0,96019.0
20171122:2300,7.61,76.4,0.0,0.0,0.0,273.8,1.45,0.0,96038.0
20171123:0000,6.73,79.85,0.0,0.0,0.0,273.0,2.0,338.0,96029.0
20171123:0100,6.27,81.15,0.0,0.0,0.0,272.4,2.62,323.0,96038.0
20171123:0200,5.8,83.0,0.0,0.0,0.0,273.8,3.03,320.0,96019.0
20171123:0300,5.36,84.55,0.0,0.0,0.0,270.0,3.45,321.0,95982.0
20171123:0400,5.26,83.95,0.0,0.0,0.0,268.6,3.72,321.0,95963.0
20171123:0500,5.12,83.55,0.0,0.0,0.0,269.4,3.79,320.0,95963.0
20171123:0600,4.76,83.95,0.0,0.0,0.0,265.6,3.72,317.0,95982.0
20171123:0700,5.07,82.2,109.0,443.78,47.0,264.2,3.59,308.0,96029.0
20171123:0800,7.27,69.65,280.0,526.79,114.0,265.0,3.38,306.0,96104.0
20171123:0900,11.02,53.35,464.0,758.21,118.0,269.8,3.17,307.0,96151.0
20171123:1000,13.71,43.9,594.0,875.83,109.0,276.4,3.1,306.0,96142.0
20171123:1100,15.54,37.75,673.0,997.12,74.0,282.4,3.38,301.0,96104.0
20171123:1200,17.0,32.45,624.0,801.26,148.0,287.6,3.59,301.0,96010.0
20171123:1300,18.08,27.8,558.0,803.07,129.0,290.4,3.52,304.0,95963.0
20171123:1400,18.67,24.5,424.0,724.32,116.0,292.4,3.17,309.0,95897.0
20171123:1500,18.88,22.55,251.0,604.59,85.0,291.0,2.69,312.0,95887.0
20171123:1600,18.62,22.05,59.0,270.31,34.0,288.8,2.07,313.0,95916.0
20171123:1700,17.59,23.55,0.0,0.0,0.0,285.0,1.38,304.0,95953.0
20171123:1800,15.91,28.8,0.0,0.0,0.0,283.4,1.52,291.0,96000.0
20171123:1900,14.06,31.3,0.0,0.0,0.0,279.0,1.86,300.0,96066.0
20171123:2000,12.58,33.0,0.0,0.0,0.0,276.4,2.34,311.0,96123.0
20171123:2100,11.27,35.35,0.0,0.0,0.0,274.0,2.48,318.0,96132.0
20171123:2200,10.16,37.55,0.0,0.0,0.0,272.4,2.62,323.0,96142.0
20171123:2300,9.3,39.05,0.0,0.0,0.0,270.2,3.03,322.0,96142.0
20171124:0000,8.35,40.9,0.0,0.0,0.0,268.4,3.31,324.0,96142.0
20171124:0100,7.39,42.85,0.0,0.0,0.0,266.2,3.45,326.0,96113.0
20171124:0200,6.69,44.25,0.0,0.0,0.0,264.0,3.45,328.0,96113.0
20171124:0300,6.21,45.25,0.0,0.0,0.0,262.0,3.45,332.0,96085.0
20171124:0400,5.83,46.4,0.0,0.0,0.0,261.2,3.59,334.0,96142.0
20171124:0500,5.52,47.65,0.0,0.0,0.0,260.4,3.66,334.0,96151.0
20171124:0600,5.23,49.05,0.0,0.0,0.0,260.2,3.66,337.0,96217.0
20171124:0700,5.76,50.6,106.0,439.5,46.0,264.0,3.66,346.0,96264.0
20171124:0800,7.98,44.3,297.0,667.03,89.0,267.0,2.9,353.0,96330.0
20171124:0900,12.19,33.8,460.0,757.07,117.0,272.8,2.62,10.0,96386.0
20171124:1000,14.91,29.0,584.0,842.73,120.0,279.4,2.55,34.0,96386.0
20171124:1100,16.35,27.8,639.0,849.84,131.0,286.2,2.28,56.0,96339.0
20171124:1200,17.26,27.9,614.0,769.4,159.0,291.0,2.0,64.0,96264.0
20171124:1300,17.87,28.5,549.0,770.91,139.0,294.2,1.93,69.0,96217.0
20171124:1400,18.15,29.15,420.0,708.82,120.0,295.4,1.79,74.0,96151.0
20171124:1500,18.11,29.9,249.0,604.47,84.0,294.8,1.45,80.0,96170.0
20171124:1600,17.83,30.8,59.0,284.91,33.0,293.2,1.24,88.0,96179.0
20171124:1700,17.0,33.25,0.0,0.0,0.0,289.2,1.66,112.0,96207.0
20171124:1800,15.85,37.1,0.0,0.0,0.0,287.4,1.86,129.0,96254.0
20171124:1900,14.52,45.65,0.0,0.0,0.0,284.8,2.21,146.0,96311.0
20171124:2000,13.3,51.85,0.0,0.0,0.0,282.2,2.14,168.0,96358.0
20171124:2100,12.07,58.3,0.0,0.0,0.0,280.4,2.07,193.0,96396.0
20171124:2200,11.01,63.8,0.0,0.0,0.0,278.2,2.21,216.0,96367.0
20171124:2300,10.2,68.05,0.0,0.0,0.0,276.4,2.69,234.0,96377.0
20171125:0000,9.42,72.35,0.0,0.0,0.0,276.0,3.03,249.0,96377.0
20171125:0100,8.57,77.25,0.0,0.0,0.0,273.8,3.1,261.0,96339.0
20171125:0200,7.8,81.8,0.0,0.0,0.0,272.0,3.24,270.0,96330.0
20171125:0300,7.1,84.75,0.0,0.0,0.0,270.6,3.38,274.0,96330.0
20171125:0400,6.6,86.25,0.0,0.0,0.0,269.2,3.52,278.0,96302.0
20171125:0500,6.24,86.95,0.0,0.0,0.0,268.2,3.66,282.0,96339.0
20171125:0600,5.99,87.05,0.0,0.0,0.0,267.2,3.79,285.0,96377.0
20171125:0700,5.11,88.1,96.0,344.91,50.0,268.0,3.31,296.0,96424.0
20171125:0800,7.53,76.55,290.0,638.38,93.0,269.8,2.69,297.0,96471.0
20171125:0900,11.91,57.75,456.0,755.82,116.0,274.6,2.28,299.0,96527.0
20171125:1000,15.12,46.2,574.0,809.16,131.0,282.0,2.07,294.0,96480.0
20171125:1100,16.72,40.35,639.0,865.74,124.0,289.2,1.79,272.0,96461.0
20171125:1200,17.74,37.8,604.0,738.85,169.0,293.8,2.14,254.0,96367.0
20171125:1300,18.52,35.25,540.0,740.22,148.0,296.0,2.76,246.0,96292.0
20171125:1400,18.91,33.35,413.0,681.14,126.0,296.4,2.9,248.0,96179.0
20171125:1500,18.93,32.35,261.0,725.69,64.0,294.4,2.69,251.0,96170.0
20171125:1600,18.53,32.55,65.0,410.53,28.0,291.4,2.48,249.0,96179.0
20171125:1700,17.18,35.55,0.0,0.0,0.0,287.2,2.55,238.0,96198.0
20171125:1800,15.6,39.45,0.0,0.0,0.0,286.0,2.83,241.0,96254.0
20171125:1900,14.4,41.0,0.0,0.0,0.0,280.2,3.1,254.0,96292.0
20171125:2000,13.25,43.3,0.0,0.0,0.0,279.2,3.45,260.0,96320.0
20171125:2100,12.34,45.1,0.0,0.0,0.0,279.2,3.79,262.0,96339.0
20171125:2200,11.92,46.65,0.0,0.0,0.0,289.6,4.07,262.0,96405.0
20171125:2300,11.26,49.75,0.0,0.0,0.0,280.6,4.34,263.0,96377.0
20171126:0000,10.75,53.05,0.0,0.0,0.0,285.6,4.41,266.0,96320.0
20171126:0100,10.31,55.9,0.0,0.0,0.0,290.0,4.48,269.0,96292.0
20171126:0200,10.01,57.9,0.0,0.0,0.0,293.2,4.69,271.0,96273.0
20171126:0300,9.57,59.45,0.0,0.0,0.0,289.2,4.76,272.0,96236.0
20171126:0400,8.92,60.65,0.0,0.0,0.0,275.8,4.83,275.0,96207.0
20171126:0500,8.27,60.3,0.0,0.0,0.0,266.0,4.9,276.0,96207.0
20171126:0600,7.73,58.05,0.0,0.0,0.0,262.4,4.9,278.0,96226.0
20171126:0700,8.46,49.55,65.0,92.13,53.0,277.2,4.97,280.0,96254.0
20171126:0800,10.21,39.45,269.0,510.8,113.0,268.6,4.69,280.0,96320.0
20171126:0900,13.39,28.4,418.0,570.88,163.0,273.2,4.76,278.0,96367.0
20171126:1000,16.75,20.35,479.0,437.14,241.0,283.8,4.55,279.0,96358.0
20171126:1100,19.42,15.25,622.0,800.61,148.0,289.8,4.07,289.0,96302.0
20171126:1200,21.45,12.55,605.0,752.26,164.0,294.8,3.52,306.0,96179.0
20171126:1300,22.79,11.35,538.0,739.48,148.0,300.4,3.1,324.0,96095.0
20171126:1400,23.52,11.55,422.0,748.4,108.0,305.2,2.97,337.0,96038.0
20171126:1500,23.73,12.25,219.0,399.9,111.0,307.6,2.83,344.0,96029.0
20171126:1600,23.22,13.3,57.0,291.82,31.0,308.2,2.07,348.0,96029.0
20171126:1700,21.79,15.0,0.0,0.0,0.0,306.4,2.0,340.0,96076.0
20171126:1800,19.88,17.55,0.0,0.0,0.0,306.0,2.76,345.0,96104.0
20171126:1900,18.73,22.15,0.0,0.0,0.0,306.4,4.69,4.0,96160.0
20171126:2000,17.73,24.9,0.0,0.0,0.0,302.0,5.59,10.0,96226.0
20171126:2100,16.73,27.45,0.0,0.0,0.0,298.2,5.72,12.0,96302.0
20171126:2200,15.73,29.85,0.0,0.0,0.0,293.2,5.66,13.0,96320.0
20171126:2300,14.77,32.8,0.0,0.0,0.0,288.6,5.45,14.0,96358.0
20171127:0000,13.9,36.8,0.0,0.0,0.0,285.4,5.31,14.0,96358.0
20171127:0100,13.08,43.4,0.0,0.0,0.0,283.6,5.52,17.0,96386.0
20171127:0200,12.15,55.4,0.0,0.0,0.0,282.4,5.59,20.0,96433.0
20171127:0300,11.15,70.05,0.0,0.0,0.0,281.2,5.59,19.0,96461.0
20171127:0400,10.23,81.1,0.0,0.0,0.0,278.6,5.45,16.0,96480.0
20171127:0500,9.45,87.0,0.0,0.0,0.0,274.8,5.45,14.0,96537.0
20171127:0600,8.8,89.1,0.0,0.0,0.0,271.0,5.45,15.0,96593.0
20171127:0700,8.71,85.85,93.0,369.57,46.0,267.0,5.86,16.0,96669.0
20171127:0800,9.78,77.35,275.0,572.35,102.0,266.2,5.79,21.0,96725.0
20171127:0900,11.52,64.2,444.0,723.66,123.0,269.2,6.62,28.0,96734.0
20171127:1000,13.19,52.7,548.0,718.4,159.0,273.2,6.62,36.0,96716.0
20171127:1100,14.37,48.3,616.0,783.97,154.0,278.6,6.07,42.0,96659.0
20171127:1200,15.21,45.5,568.0,613.23,210.0,283.4,5.31,42.0,96584.0
20171127:1300,15.73,43.1,576.0,953.7,75.0,288.0,4.69,41.0,96509.0
20171127:1400,15.92,41.7,434.0,835.19,85.0,294.0,4.28,42.0,96461.0
20171127:1500,15.75,41.35,259.0,729.26,63.0,295.0,3.93,46.0,96452.0
20171127:1600,15.25,42.75,61.0,362.96,29.0,293.8,3.45,54.0,96461.0
20171127:1700,14.28,46.25,0.0,0.0,0.0,297.2,2.55,67.0,96480.0
20171127:1800,13.24,50.5,0.0,0.0,0.0,288.8,2.41,76.0,96509.0
20171127:1900,12.33,56.05,0.0,0.0,0.0,284.4,2.48,76.0,96556.0
20171127:2000,11.38,60.8,0.0,0.0,0.0,282.6,2.34,79.0,96574.0
20171127:2100,10.36,66.45,0.0,0.0,0.0,277.8,2.21,86.0,96603.0
20171127:2200,9.36,72.65,0.0,0.0,0.0,279.2,2.0,96.0,96584.0
20171127:2300,8.28,79.95,0.0,0.0,0.0,272.2,1.86,105.0,96565.0
20171128:0000,8.37,80.9,0.0,0.0,0.0,269.8,1.31,111.0,96546.0
20171128:0100,8.99,78.55,0.0,0.0,0.0,266.4,0.76,126.0,96509.0
20171128:0200,8.64,81.25,0.0,0.0,0.0,265.0,0.28,168.0,96518.0
20171128:0300,8.32,83.5,0.0,0.0,0.0,262.4,0.48,279.0,96490.0
20171128:0400,8.04,85.15,0.0,0.0,0.0,266.8,1.03,298.0,96480.0
20171128:0500,7.86,86.45,0.0,0.0,0.0,270.8,0.9,292.0,96490.0
20171128:0600,7.79,87.8,0.0,0.0,0.0,273.4,0.69,262.0,96509.0
20171128:0700,7.72,83.8,0.0,0.0,0.0,278.2,1.1,348.0,96480.0
20171128:0800,8.5,81.75,282.0,655.14,86.0,284.0,0.62,26.0,96490.0
20171128:0900,10.22,76.75,455.0,808.11,99.0,285.4,0.97,106.0,96490.0
20171128:1000,12.2,70.6,579.0,885.65,102.0,290.4,1.86,143.0,96499.0
20171128:1100,13.73,62.75,637.0,894.91,112.0,293.8,2.48,168.0,96405.0
20171128:1200,15.01,55.0,620.0,842.72,130.0,298.6,3.03,187.0,96283.0
20171128:1300,15.96,49.0,551.0,829.29,117.0,302.6,3.59,202.0,96160.0
20171128:1400,16.62,45.65,419.0,747.09,108.0,303.2,4.07,211.0,96076.0
20171128:1500,16.84,44.35,223.0,441.02,105.0,303.2,4.21,211.0,96000.0
20171128:1600,16.51,45.15,49.0,183.21,33.0,300.0,3.93,208.0,95944.0
20171128:1700,15.36,48.8,0.0,0.0,0.0,298.4,3.31,205.0,95972.0
20171128:1800,14.32,52.4,0.0,0.0,0.0,295.8,3.45,208.0,95982.0
20171128:1900,13.44,54.75,0.0,0.0,0.0,292.6,3.66,213.0,95991.0
20171128:2000,12.73,57.5,0.0,0.0,0.0,292.0,4.21,221.0,96029.0
20171128:2100,12.16,59.7,0.0,0.0,0.0,291.0,4.55,226.0,96029.0
20171128:2200,11.61,61.8,0.0,0.0,0.0,289.8,4.69,230.0,96019.0
20171128:2300,11.14,63.4,0.0,0.0,0.0,290.2,4.76,235.0,95972.0
20171129:0000,10.73,64.45,0.0,0.0,0.0,290.0,4.9,240.0,95925.0
20171129:0100,10.36,65.1,0.0,0.0,0.0,287.4,5.1,245.0,95878.0
20171129:0200,10.07,65.3,0.0,0.0,0.0,288.0,5.24,250.0,95822.0
20171129:0300,9.74,65.75,0.0,0.0,0.0,284.4,5.52,254.0,95803.0
20171129:0400,9.48,66.25,0.0,0.0,0.0,282.0,5.93,258.0,95756.0
20171129:0500,9.33,66.5,0.0,0.0,0.0,281.4,6.28,260.0,95699.0
20171129:0600,9.23,66.75,0.0,0.0,0.0,281.0,6.48,260.0,95728.0
20171129:0700,9.35,65.05,0.0,0.0,0.0,281.0,6.55,258.0,95709.0
20171129:0800,11.04,57.9,292.0,763.16,66.0,282.6,6.55,259.0,95718.0
20171129:0900,13.65,48.25,452.0,806.75,99.0,285.6,7.52,258.0,95728.0
20171129:1000,16.15,40.25,579.0,899.64,97.0,291.0,8.21,254.0,95690.0
20171129:1100,18.11,34.8,630.0,876.59,118.0,295.8,8.83,251.0,95596.0
20171129:1200,19.67,30.85,610.0,811.47,140.0,300.4,9.17,249.0,95473.0
20171129:1300,20.72,28.25,571.0,951.18,75.0,304.2,9.66,244.0,95398.0
20171129:1400,21.23,26.8,426.0,805.23,92.0,307.0,9.86,242.0,95304.0
20171129:1500,21.27,26.3,242.0,596.7,83.0,310.8,9.59,240.0,95304.0
20171129:1600,20.57,27.25,53.0,242.51,32.0,310.6,8.62,236.0,95257.0
20171129:1700,19.27,29.3,0.0,0.0,0.0,304.8,8.34,234.0,95285.0
20171129:1800,18.42,30.6,0.0,0.0,0.0,303.6,8.48,233.0,95295.0
20171129:1900,17.69,31.8,0.0,0.0,0.0,303.2,8.28,231.0,95295.0
20171129:2000,17.03,32.95,0.0,0.0,0.0,301.0,8.48,233.0,95304.0
20171129:2100,16.46,34.1,0.0,0.0,0.0,299.4,8.69,238.0,95313.0
20171129:2200,15.94,35.35,0.0,0.0,0.0,296.8,8.62,241.0,95313.0
20171129:2300,15.48,36.65,0.0,0.0,0.0,297.0,8.62,243.0,95266.0
20171130:0000,15.17,37.75,0.0,0.0,0.0,301.6,8.76,245.0,95229.0
20171130:0100,14.77,39.2,0.0,0.0,0.0,294.8,8.62,246.0,95154.0
20171130:0200,14.4,40.55,0.0,0.0,0.0,292.6,8.55,248.0,95116.0
20171130:0300,14.07,41.7,0.0,0.0,0.0,291.8,8.41,249.0,95069.0
20171130:0400,13.75,42.75,0.0,0.0,0.0,289.8,8.28,250.0,95059.0
20171130:0500,13.42,43.85,0.0,0.0,0.0,288.6,8.21,251.0,95059.0
20171130:0600,13.1,44.95,0.0,0.0,0.0,288.2,8.14,251.0,95050.0
20171130:0700,13.31,44.25,87.0,389.16,41.0,288.4,8.21,251.0,95078.0
20171130:0800,14.43,41.15,254.0,491.2,110.0,289.8,7.59,251.0,95069.0
20171130:0900,16.21,36.65,420.0,639.6,142.0,295.8,8.28,250.0,95116.0
20171130:1000,17.85,32.9,570.0,866.75,108.0,307.4,8.9,251.0,95059.0
20171130:1100,19.47,29.55,649.0,988.67,74.0,313.2,9.17,251.0,95050.0
20171130:1200,20.76,26.95,631.0,923.69,98.0,315.6,9.31,250.0,94890.0
20171130:1300,21.68,25.1,569.0,950.61,75.0,329.8,9.59,247.0,94843.0
20171130:1400,22.18,24.4,376.0,532.18,156.0,335.4,9.59,245.0,94749.0
20171130:1500,22.35,24.35,217.0,414.37,107.0,341.2,9.31,247.0,94768.0
20171130:1600,22.19,19.41,46.0,151.24,33.0,331.2,7.12,248.0,94768.0
20171130:1700,21.04,24.94,0.0,0.0,0.0,328.91,6.79,248.0,94815.0
20171130:1800,19.88,30.48,0.0,0.0,0.0,326.62,6.46,246.0,94834.0
20171130:1900,18.73,36.02,0.0,0.0,0.0,324.33,6.13,243.0,94871.0
20171130:2000,17.57,41.55,0.0,0.0,0.0,322.04,5.8,257.0,94909.0
20171130:2100,16.42,47.09,0.0,0.0,0.0,319.75,5.47,294.0,94994.0
20171130:2200,15.26,52.62,0.0,0.0,0.0,317.46,5.14,315.0,95106.0
20171130:2300,14.11,58.16,0.0,0.0,0.0,315.17,4.82,317.0,95125.0
20161201:0000,12.95,63.69,0.0,0.0,0.0,312.88,4.49,65.0,96810.0
20161201:0100,11.8,69.23,0.0,0.0,0.0,310.59,4.16,59.0,96800.0
20161201:0200,10.64,74.76,0.0,0.0,0.0,308.3,3.83,59.0,96781.0
20161201:0300,9.49,80.3,0.0,0.0,0.0,306.01,3.5,63.0,96800.0
20161201:0400,8.33,85.83,0.0,0.0,0.0,303.72,3.17,74.0,96781.0
20161201:0500,7.18,91.37,0.0,0.0,0.0,301.43,2.84,80.0,96763.0
20161201:0600,6.02,96.91,0.0,0.0,0.0,299.14,2.51,67.0,96819.0
20161201:0700,4.87,100.0,50.0,53.35,44.0,296.85,2.19,47.0,96885.0
20161201:0800,8.46,79.75,244.0,469.77,109.0,301.8,2.55,57.0,96932.0
20161201:0900,9.86,71.45,241.0,74.59,209.0,297.2,3.31,77.0,96941.0
20161201:1000,11.15,65.85,434.0,346.74,251.0,310.8,3.52,93.0,96941.0
20161201:1100,12.31,61.0,477.0,346.69,277.0,308.4,3.24,107.0,96866.0
20161201:1200,13.41,55.6,639.0,1012.22,59.0,321.0,3.24,117.0,96800.0
20161201:1300,13.97,51.65,399.0,274.98,257.0,324.2,3.17,125.0,96659.0
20161201:1400,14.42,48.5,434.0,902.84,63.0,305.8,2.83,130.0,96621.0
20161201:1500,14.55,46.85,234.0,564.88,85.0,298.6,2.9,134.0,96584.0
20161201:1600,14.24,46.9,55.0,317.74,28.0,292.0,2.76,137.0,96565.0
20161201:1700,13.25,49.45,0.0,0.0,0.0,282.4,2.28,131.0,96565.0
20161201:1800,12.37,51.9,0.0,0.0,0.0,278.8,2.14,127.0,96621.0
20161201:1900,11.86,53.7,0.0,0.0,0.0,287.6,1.79,121.0,96631.0
20161201:2000,10.86,57.6,0.0,0.0,0.0,289.2,1.45,124.0,96687.0
20161201:2100,10.09,60.1,0.0,0.0,0.0,280.8,1.45,135.0,96640.0
20161201:2200,9.3,62.75,0.0,0.0,0.0,274.2,1.59,160.0,96640.0
20161201:2300,8.47,65.8,0.0,0.0,0.0,276.6,1.86,185.0,96621.0
20161202:0000,7.65,68.85,0.0,0.0,0.0,275.8,2.28,203.0,96603.0
20161202:0100,7.06,70.75,0.0,0.0,0.0,276.0,2.48,209.0,96556.0
20161202:0200,6.5,72.55,0.0,0.0,0.0,271.2,2.62,215.0,96499.0
20161202:0300,6.03,73.85,0.0,0.0,0.0,272.4,2.76,227.0,96443.0
20161202:0400,5.55,75.25,0.0,0.0,0.0,269.2,2.9,243.0,96396.0
20161202:0500,5.2,76.2,0.0,0.0,0.0,269.8,3.24,258.0,96377.0
20161202:0600,4.74,78.1,0.0,0.0,0.0,269.8,3.31,269.0,96386.0
20161202:0700,4.77,78.0,66.0,200.62,44.0,269.2,3.59,278.0,96386.0
20161202:0800,6.9,67.35,264.0,632.53,84.0,269.6,3.52,279.0,96424.0
20161202:0900,10.42,53.3,426.0,738.86,111.0,274.2,3.86,275.0,96461.0
20161202:1000,12.99,46.05,547.0,809.1,122.0,280.2,4.21,270.0,96414.0
20161202:1100,14.66,44.15,600.0,800.47,140.0,286.2,4.48,266.0,96302.0
20161202:1200,15.77,42.5,602.0,829.94,128.0,291.2,4.55,263.0,96217.0
20161202:1300,16.46,40.9,531.0,786.55,126.0,293.8,4.55,260.0,96095.0
20161202:1400,16.84,39.95,406.0,727.11,108.0,294.8,4.62,258.0,96010.0
20161202:1500,16.84,39.95,244.0,657.59,71.0,294.4,4.55,254.0,95972.0
20161202:1600,16.34,41.15,60.0,425.36,24.0,292.2,4.14,248.0,95944.0
20161202:1700,14.96,44.85,0.0,0.0,0.0,289.0,3.45,235.0,95944.0
20161202:1800,13.74,48.4,0.0,0.0,0.0,285.6,3.59,232.0,95944.0
20161202:1900,12.95,51.35,0.0,0.0,0.0,286.6,3.93,236.0,95935.0
20161202:2000,12.15,53.9,0.0,0.0,0.0,284.6,4.14,239.0,95953.0
20161202:2100,11.46,56.15,0.0,0.0,0.0,284.0,4.41,241.0,95944.0
20161202:2200,10.98,57.55,0.0,0.0,0.0,288.8,4.48,243.0,95944.0
20161202:2300,10.69,58.1,0.0,0.0,0.0,297.0,4.69,245.0,95944.0
20161203:0000,10.5,58.2,0.0,0.0,0.0,305.6,4.62,248.0,95925.0
20161203:0100,9.99,59.45,0.0,0.0,0.0,296.6,4.69,248.0,95878.0
20161203:0200,9.66,59.85,0.0,0.0,0.0,300.0,4.83,247.0,95869.0
20161203:0300,9.3,60.1,0.0,0.0,0.0,296.6,4.83,248.0,95840.0
20161203:0400,9.44,58.35,0.0,0.0,0.0,316.4,4.83,250.0,95812.0
20161203:0500,9.57,56.75,0.0,0.0,0.0,325.2,4.97,250.0,95812.0
20161203:0600,9.35,57.6,0.0,0.0,0.0,320.0,5.17,253.0,95822.0
20161203:0700,9.65,57.5,7.0,0.0,7.0,326.8,5.03,257.0,95831.0
20161203:0800,9.87,58.1,153.0,78.06,131.0,312.4,4.83,257.0,95897.0
20161203:0900,10.98,55.1,322.0,273.78,206.0,312.4,5.17,257.0,95906.0
20161203:1000,12.28,52.65,229.0,15.3,221.0,323.0,5.45,258.0,95925.0
20161203:1100,13.93,49.05,463.0,319.63,280.0,325.6,5.17,259.0,95803.0
20161203:1200,14.7,47.15,388.0,158.07,298.0,336.4,4.55,252.0,95690.0
20161203:1300,15.61,44.5,488.0,593.93,183.0,343.0,4.48,244.0,95615.0
20161203:1400,16.16,42.85,344.0,408.45,177.0,331.4,4.69,240.0,95549.0
20161203:1500,16.5,41.75,177.0,205.72,123.0,302.2,4.9,239.0,95539.0
20161203:1600,16.33,41.9,46.0,165.9,32.0,303.0,4.62,239.0,95539.0
20161203:1700,15.16,45.1,0.0,0.0,0.0,297.4,3.45,230.0,95568.0
20161203:1800,14.02,48.35,0.0,0.0,0.0,294.8,3.17,214.0,95605.0
20161203:1900,13.55,49.9,0.0,0.0,0.0,292.6,3.24,212.0,95643.0
20161203:2000,12.86,50.65,0.0,0.0,0.0,291.6,3.66,213.0,95690.0
20161203:2100,12.23,51.0,0.0,0.0,0.0,290.6,3.86,216.0,95699.0
20161203:2200,11.64,51.1,0.0,0.0,0.0,288.6,3.86,221.0,95690.0
20161203:2300,11.1,51.0,0.0,0.0,0.0,289.4,3.93,225.0,95671.0
20161204:0000,10.65,50.8,0.0,0.0,0.0,291.0,3.93,229.0,95680.0
20161204:0100,10.15,51.15,0.0,0.0,0.0,286.8,3.93,234.0,95709.0
20161204:0200,9.79,51.55,0.0,0.0,0.0,290.0,3.86,239.0,95662.0
20161204:0300,9.7,52.55,0.0,0.0,0.0,305.8,3.93,245.0,95680.0
20161204:0400,9.36,56.9,0.0,0.0,0.0,312.0,3.1,251.0,95624.0
20161204:0500,8.98,60.2,0.0,0.0,0.0,315.8,2.41,252.0,95633.0
20161204:0600,8.75,62.15,0.0,0.0,0.0,320.6,2.21,241.0,95662.0
20161204:0700,8.93,63.0,26.0,0.0,26.0,316.2,2.21,242.0,95699.0
20161204:0800,10.36,58.4,150.0,75.23,129.0,319.0,2.14,232.0,95793.0
20161204:0900,12.96,47.6,254.0,104.47,210.0,317.6,2.55,228.0,95831.0
20161204:1000,14.77,42.65,370.0,195.96,268.0,330.8,3.31,197.0,95840.0
20161204:1100,15.14,45.85,535.0,550.39,221.0,342.4,3.59,192.0,95793.0
20161204:1200,16.09,45.75,317.0,63.42,281.0,335.8,3.31,180.0,95690.0
20161204:1300,16.56,44.6,384.0,244.02,259.0,348.8,3.86,172.0,95615.0
20161204:1400,17.0,42.7,169.0,12.26,164.0,351.4,3.93,166.0,95596.0
20161204:1500,17.11,40.75,105.0,15.27,101.0,356.6,4.14,158.0,95568.0
20161204:1600,16.74,40.25,31.0,35.61,28.0,360.0,4.21,154.0,95586.0
20161204:1700,15.78,40.55,0.0,0.0,0.0,353.4,4.55,152.0,95586.0
20161204:1800,14.5,42.95,0.0,0.0,0.0,337.0,4.69,158.0,95662.0
20161204:1900,14.73,42.2,0.0,0.0,0.0,342.6,4.62,157.0,95690.0
20161204:2000,13.97,43.25,0.0,0.0,0.0,325.0,4.41,161.0,95709.0
20161204:2100,13.15,46.25,0.0,0.0,0.0,315.6,4.21,161.0,95728.0
20161204:2200,12.58,51.2,0.0,0.0,0.0,323.8,3.03,166.0,95737.0
20161204:2300,11.78,64.0,0.0,0.0,0.0,322.8,1.79,194.0,95690.0
20161205:0000,12.67,54.35,0.0,0.0,0.0,343.0,0.9,214.0,95737.0
20161205:0100,11.9,63.5,0.0,0.0,0.0,346.45,1.1,87.0,95699.0
20161205:0200,11.6,61.0,0.0,0.0,0.0,349.8,2.62,88.0,95652.0
20161205:0300,11.18,63.35,0.0,0.0,0.0,338.8,3.03,107.0,95643.0
20161205:0400,10.68,65.7,0.0,0.0,0.0,324.4,3.31,107.0,95643.0
20161205:0500,10.0,69.25,0.0,0.0,0.0,311.0,3.31,95.0,95671.0
20161205:0600,9.43,71.85,0.0,0.0,0.0,307.6,3.38,89.0,95718.0
20161205:0700,9.3,69.75,65.0,255.93,39.0,292.8,3.45,75.0,95765.0
20161205:0800,10.19,65.25,242.0,524.3,97.0,291.0,3.31,73.0,95822.0
20161205:0900,11.59,57.3,218.0,50.16,197.0,305.6,4.21,86.0,95897.0
20161205:1000,12.61,52.45,458.0,455.35,222.0,313.6,4.83,97.0,95869.0
20161205:1100,13.62,47.65,240.0,10.55,234.0,312.6,4.83,102.0,95775.0
20161205:1200,14.28,45.6,629.0,996.28,65.0,327.4,4.41,104.0,95709.0
20161205:1300,15.1,43.95,438.0,410.9,228.0,324.8,3.86,100.0,95643.0
20161205:1400,15.38,44.05,429.0,901.24,62.0,319.6,3.17,90.0,95615.0
20161205:1500,15.4,44.65,240.0,634.51,74.0,311.6,3.31,82.0,95633.0
20161205:1600,14.94,47.6,36.0,59.39,31.0,310.6,3.17,76.0,95662.0
20161205:1700,13.67,54.75,0.0,0.0,0.0,305.0,3.03,66.0,95709.0
20161205:1800,12.82,59.05,0.0,0.0,0.0,310.2,3.17,62.0,95765.0
20161205:1900,12.95,57.75,0.0,0.0,0.0,320.0,3.31,44.0,95812.0
20161205:2000,12.36,59.5,0.0,0.0,0.0,315.0,3.66,40.0,95831.0
20161205:2100,11.72,63.05,0.0,0.0,0.0,312.0,4.07,35.0,95840.0
20161205:2200,11.1,68.65,0.0,0.0,0.0,312.8,4.55,30.0,95869.0
20161205:2300,10.21,76.3,0.0,0.0,0.0,295.0,4.76,24.0,95831.0
20161206:0000,9.69,81.1,0.0,0.0,0.0,300.2,4.83,19.0,95840.0
20161206:0100,9.18,83.75,0.0,0.0,0.0,294.2,4.9,13.0,95831.0
20161206:0200,9.01,84.15,0.0,0.0,0.0,302.6,5.03,9.0,95840.0
20161206:0300,8.91,84.3,0.0,0.0,0.0,307.8,5.1,7.0,95822.0
20161206:0400,8.7,85.55,0.0,0.0,0.0,302.8,5.17,8.0,95793.0
20161206:0500,8.57,86.25,0.0,0.0,0.0,306.4,5.24,8.0,95793.0
20161206:0600,8.29,87.3,0.0,0.0,0.0,296.4,5.24,7.0,95840.0
20161206:0700,8.72,85.0,55.0,151.49,40.0,294.8,5.52,5.0,95878.0
20161206:0800,9.86,79.95,251.0,613.09,83.0,287.0,5.31,4.0,95944.0
20161206:0900,11.9,70.8,387.0,576.52,147.0,306.2,6.0,9.0,95944.0
20161206:1000,13.88,62.65,545.0,852.51,105.0,314.8,6.21,14.0,95982.0
20161206:1100,15.51,56.2,604.0,861.09,116.0,313.2,6.07,20.0,95935.0
20161206:1200,16.79,51.3,608.0,892.61,104.0,314.2,6.07,25.0,95822.0
20161206:1300,17.39,49.5,559.0,974.5,62.0,316.6,6.28,30.0,95746.0
20161206:1400,17.58,49.65,428.0,900.25,62.0,318.4,6.69,31.0,95718.0
20161206:1500,17.1,52.6,216.0,440.05,101.0,315.2,7.03,32.0,95746.0
20161206:1600,16.09,58.55,43.0,130.58,32.0,313.6,6.28,34.0,95765.0
20161206:1700,14.55,66.4,0.0,0.0,0.0,307.8,6.14,34.0,95850.0
20161206:1800,13.42,72.95,0.0,0.0,0.0,306.0,6.28,31.0,95925.0
20161206:1900,12.61,78.5,0.0,0.0,0.0,302.8,6.0,27.0,96010.0
20161206:2000,11.89,82.45,0.0,0.0,0.0,303.2,5.72,26.0,96038.0
20161206:2100,11.22,85.65,0.0,0.0,0.0,296.2,5.38,27.0,96019.0
20161206:2200,10.73,87.3,0.0,0.0,0.0,293.4,5.24,24.0,96047.0
20161206:2300,10.38,87.3,0.0,0.0,0.0,295.4,5.24,18.0,96038.0
20161207:0000,10.07,86.3,0.0,0.0,0.0,291.0,5.52,13.0,96029.0
20161207:0100,9.96,83.75,0.0,0.0,0.0,294.8,5.72,10.0,96029.0
20161207:0200,9.99,80.7,0.0,0.0,0.0,299.8,5.72,9.0,96010.0
20161207:0300,9.93,78.95,0.0,0.0,0.0,297.0,5.79,10.0,95991.0
20161207:0400,9.94,78.1,0.0,0.0,0.0,300.2,6.0,14.0,95963.0
20161207:0500,9.72,79.35,0.0,0.0,0.0,292.6,6.14,15.0,95935.0
20161207:0600,9.48,81.45,0.0,0.0,0.0,289.8,6.21,17.0,95972.0
20161207:0700,9.67,82.05,63.0,290.14,35.0,286.0,6.55,20.0,96010.0
20161207:0800,10.89,78.75,256.0,684.93,70.0,300.0,6.21,23.0,96076.0
20161207:0900,12.63,73.1,421.0,789.89,94.0,309.8,7.52,25.0,96085.0
20161207:1000,14.1,69.0,472.0,521.34,204.0,312.6,8.62,30.0,96095.0
20161207:1100,14.96,66.8,477.0,373.47,266.0,321.0,9.66,37.0,96047.0
20161207:1200,15.23,66.05,364.0,124.28,294.0,354.4,9.59,39.0,95972.0
20161207:1300,15.22,66.8,323.0,121.8,261.0,351.4,9.17,41.0,95916.0
20161207:1400,15.15,67.6,107.0,0.0,107.0,367.6,9.24,44.0,95878.0
20161207:1500,14.78,70.4,120.0,34.46,111.0,361.0,8.62,46.0,95897.0
20161207:1600,14.22,75.05,18.0,0.0,18.0,354.6,7.31,44.0,95935.0
20161207:1700,13.45,79.55,0.0,0.0,0.0,329.6,7.03,44.0,95972.0
20161207:1800,12.9,82.9,0.0,0.0,0.0,327.2,6.9,43.0,96057.0
20161207:1900,13.29,79.65,0.0,0.0,0.0,340.4,7.1,40.0,96104.0
20161207:2000,12.79,83.1,0.0,0.0,0.0,336.6,7.31,39.0,96170.0
20161207:2100,12.51,85.6,0.0,0.0,0.0,348.2,7.45,39.0,96179.0
20161207:2200,12.26,88.05,0.0,0.0,0.0,343.0,7.24,40.0,96179.0
20161207:2300,12.02,90.3,0.0,0.0,0.0,337.6,6.9,41.0,96160.0
20161208:0000,12.0,90.9,0.0,0.0,0.0,352.0,6.69,42.0,96170.0
20161208:0100,11.91,91.55,0.0,0.0,0.0,357.05,6.55,44.0,96189.0
20161208:0200,11.81,91.8,0.0,0.0,0.0,358.2,6.76,48.0,96198.0
20161208:0300,11.76,90.95,0.0,0.0,0.0,357.0,7.24,54.0,96207.0
20161208:0400,11.39,92.9,0.0,0.0,0.0,351.6,7.03,53.0,96217.0
20161208:0500,11.28,91.8,0.0,0.0,0.0,342.6,6.62,50.0,96217.0
20161208:0600,11.05,90.9,0.0,0.0,0.0,328.0,6.55,47.0,96254.0
20161208:0700,11.3,89.4,41.0,53.16,36.0,312.4,8.14,38.0,96302.0
20161208:0800,11.97,86.75,144.0,74.3,124.0,331.0,7.79,40.0,96358.0
20161208:0900,12.62,84.25,300.0,233.15,204.0,337.4,9.79,44.0,96396.0
20161208:1000,13.38,81.2,166.0,0.0,166.0,352.0,10.55,50.0,96424.0
20161208:1100,14.43,75.75,289.0,39.05,267.0,341.8,11.1,54.0,96358.0
20161208:1200,15.15,72.95,188.0,0.0,188.0,326.6,10.83,56.0,96302.0
20161208:1300,15.69,69.05,375.0,228.26,259.0,327.0,10.62,58.0,96273.0
20161208:1400,15.91,65.1,292.0,224.39,201.0,324.2,10.34,57.0,96245.0
20161208:1500,15.77,63.9,229.0,540.08,88.0,315.8,9.93,56.0,96264.0
20161208:1600,15.06,67.5,46.0,165.43,32.0,316.6,8.55,55.0,96311.0
20161208:1700,14.18,73.85,0.0,0.0,0.0,325.2,8.0,52.0,96349.0
20161208:1800,13.54,79.9,0.0,0.0,0.0,317.2,7.93,49.0,96452.0
20161208:1900,13.59,82.5,0.0,0.0,0.0,313.0,8.14,48.0,96499.0
20161208:2000,13.15,84.85,0.0,0.0,0.0,303.0,8.07,49.0,96565.0
20161208:2100,12.77,86.9,0.0,0.0,0.0,303.6,7.93,49.0,96593.0
20161208:2200,12.58,88.45,0.0,0.0,0.0,314.0,7.86,50.0,96650.0
20161208:2300,12.15,91.05,0.0,0.0,0.0,303.8,7.72,50.0,96621.0
20161209:0000,11.86,92.9,0.0,0.0,0.0,309.0,7.79,48.0,96631.0
20161209:0100,11.57,94.5,0.0,0.0,0.0,305.0,7.86,46.0,96603.0
20161209:0200,11.29,95.65,0.0,0.0,0.0,297.8,7.66,47.0,96621.0
20161209:0300,11.23,96.95,0.0,0.0,0.0,325.6,7.59,46.0,96593.0
20161209:0400,11.42,97.45,0.0,0.0,0.0,362.8,7.86,46.0,96612.0
20161209:0500,11.61,95.4,0.0,0.0,0.0,370.8,8.55,46.0,96603.0
20161209:0600,11.47,97.8,0.0,0.0,0.0,362.0,7.93,46.0,96659.0
20161209:0700,11.89,95.65,59.0,272.72,34.0,367.4,8.69,45.0,96678.0
20161209:0800,12.09,93.9,172.0,168.63,127.0,356.0,9.52,47.0,96744.0
20161209:0900,12.57,88.05,296.0,227.04,203.0,342.8,10.07,51.0,96781.0
20161209:1000,13.51,78.1,544.0,881.99,94.0,336.6,9.79,54.0,96800.0
20161209:1100,14.57,70.5,598.0,859.75,115.0,355.6,9.86,56.0,96763.0
20161209:1200,15.47,64.1,613.0,941.44,85.0,332.4,9.79,56.0,96650.0
20161209:1300,15.97,62.0,513.0,739.02,138.0,322.4,9.17,55.0,96612.0
20161209:1400,16.08,61.75,336.0,387.47,179.0,304.2,9.38,56.0,96574.0
20161209:1500,15.7,63.05,231.0,563.01,84.0,304.4,9.03,56.0,96565.0
20161209:1600,14.83,68.2,58.0,364.87,27.0,294.8,7.66,56.0,96621.0
20161209:1700,13.69,74.75,0.0,0.0,0.0,307.4,6.97,53.0,96631.0
20161209:1800,12.73,80.7,0.0,0.0,0.0,291.8,6.55,51.0,96697.0
20161209:1900,12.44,84.4,0.0,0.0,0.0,290.8,6.21,45.0,96753.0
20161209:2000,11.93,87.55,0.0,0.0,0.0,289.0,6.21,41.0,96772.0
20161209:2100,11.56,89.1,0.0,0.0,0.0,291.8,6.14,38.0,96772.0
20161209:2200,11.13,89.65,0.0,0.0,0.0,281.0,6.07,37.0,96763.0
20161209:2300,10.9,89.2,0.0,0.0,0.0,285.0,6.0,38.0,96725.0
20161210:0000,10.83,88.6,0.0,0.0,0.0,292.8,6.0,41.0,96725.0
20161210:0100,10.69,89.2,0.0,0.0,0.0,294.4,5.86,44.0,96716.0
20161210:0200,10.7,90.0,0.0,0.0,0.0,309.8,5.79,46.0,96697.0
20161210:0300,10.51,91.7,0.0,0.0,0.0,309.0,5.72,46.0,96687.0
20161210:0400,10.25,93.45,0.0,0.0,0.0,306.4,5.59,45.0,96659.0
20161210:0500,10.05,95.25,0.0,0.0,0.0,310.0,5.59,43.0,96659.0
20161210:0600,10.21,96.7,0.0,0.0,0.0,341.4,5.86,43.0,96678.0
20161210:0700,10.15,96.8,34.0,33.58,31.0,319.4,6.21,39.0,96734.0
20161210:0800,10.85,92.1,230.0,517.73,93.0,332.2,7.72,44.0,96772.0
20161210:0900,11.62,86.7,431.0,905.4,62.0,336.8,8.28,52.0,96791.0
20161210:1000,12.65,78.7,558.0,975.56,62.0,357.0,8.14,54.0,96810.0
20161210:1100,13.81,69.8,597.0,858.39,116.0,337.2,8.0,56.0,96734.0
20161210:1200,14.59,65.3,599.0,873.54,110.0,317.4,7.72,55.0,96621.0
20161210:1300,15.13,62.25,519.0,769.55,129.0,302.4,7.79,54.0,96509.0
20161210:1400,15.29,60.95,390.0,659.34,123.0,296.0,7.93,54.0,96480.0
20161210:1500,15.07,61.25,229.0,539.77,88.0,299.0,7.86,54.0,96490.0
20161210:1600,14.36,65.5,57.0,339.61,28.0,295.8,6.76,54.0,96518.0
20161210:1700,13.17,71.65,0.0,0.0,0.0,297.8,6.07,54.0,96574.0
20161210:1800,12.26,77.15,0.0,0.0,0.0,293.4,5.86,54.0,96593.0
20161210:1900,12.12,85.45,0.0,0.0,0.0,295.6,5.72,46.0,96650.0
20161210:2000,11.45,90.85,0.0,0.0,0.0,283.0,5.52,43.0,96669.0
20161210:2100,10.93,93.4,0.0,0.0,0.0,281.0,5.31,43.0,96669.0
20161210:2200,10.51,94.85,0.0,0.0,0.0,282.6,5.1,43.0,96687.0
20161210:2300,10.09,95.65,0.0,0.0,0.0,283.2,4.83,41.0,96650.0
20161211:0000,9.7,95.95,0.0,0.0,0.0,280.6,4.62,40.0,96640.0
20161211:0100,9.17,96.45,0.0,0.0,0.0,278.4,4.55,38.0,96584.0
20161211:0200,8.99,96.35,0.0,0.0,0.0,284.0,4.62,35.0,96565.0
20161211:0300,8.89,96.2,0.0,0.0,0.0,287.0,4.76,31.0,96509.0
20161211:0400,8.76,96.15,0.0,0.0,0.0,286.6,4.83,28.0,96480.0
20161211:0500,8.55,96.15,0.0,0.0,0.0,279.8,4.83,29.0,96480.0
20161211:0600,8.39,97.3,0.0,0.0,0.0,293.4,4.69,30.0,96509.0
20161211:0700,8.89,96.25,45.0,126.3,34.0,298.8,4.97,28.0,96527.0
20161211:0800,10.11,95.3,202.0,335.29,114.0,335.2,5.52,30.0,96574.0
20161211:0900,11.2,89.4,380.0,596.66,138.0,357.8,7.1,38.0,96612.0
20161211:1000,12.33,82.6,464.0,519.0,201.0,349.2,6.9,46.0,96584.0
20161211:1100,13.19,77.3,546.0,636.84,190.0,350.4,6.41,48.0,96546.0
20161211:1200,13.94,72.05,490.0,433.03,248.0,347.2,6.0,50.0,96452.0
20161211:1300,14.69,66.9,480.0,590.61,181.0,344.0,5.66,50.0,96339.0
20161211:1400,14.95,64.1,381.0,607.68,135.0,343.4,5.52,51.0,96283.0
20161211:1500,14.88,64.0,236.0,596.68,80.0,332.0,5.17,55.0,96273.0
20161211:1600,14.21,67.8,56.0,314.25,29.0,305.8,4.28,60.0,96273.0
20161211:1700,12.67,76.45,0.0,0.0,0.0,286.8,3.38,64.0,96283.0
20161211:1800,11.61,82.5,0.0,0.0,0.0,285.0,2.97,62.0,96320.0
20161211:1900,11.19,86.4,0.0,0.0,0.0,281.4,2.9,49.0,96349.0
20161211:2000,10.31,89.85,0.0,0.0,0.0,279.2,2.55,42.0,96405.0
20161211:2100,9.43,92.0,0.0,0.0,0.0,277.2,2.41,28.0,96405.0
20161211:2200,8.56,93.6,0.0,0.0,0.0,275.0,2.21,13.0,96433.0
20161211:2300,7.83,94.45,0.0,0.0,0.0,273.6,2.21,357.0,96424.0
20161212:0000,7.23,94.9,0.0,0.0,0.0,272.2,2.34,345.0,96414.0
20161212:0100,6.74,95.2,0.0,0.0,0.0,270.8,2.62,338.0,96358.0
20161212:0200,6.21,95.45,0.0,0.0,0.0,269.4,2.9,333.0,96377.0
20161212:0300,5.67,95.45,0.0,0.0,0.0,268.0,3.03,328.0,96311.0
20161212:0400,5.22,95.1,0.0,0.0,0.0,266.2,3.24,323.0,96311.0
20161212:0500,4.91,94.7,0.0,0.0,0.0,265.2,3.31,321.0,96320.0
20161212:0600,4.72,94.35,0.0,0.0,0.0,264.6,3.38,322.0,96367.0
20161212:0700,5.02,92.9,48.0,188.43,32.0,265.8,3.31,327.0,96386.0
20161212:0800,6.61,89.55,245.0,683.63,67.0,267.0,2.76,328.0,96461.0
20161212:0900,10.02,79.55,405.0,755.49,100.0,270.6,2.14,331.0,96490.0
20161212:1000,13.0,67.2,523.0,799.76,119.0,277.6,1.66,345.0,96480.0
20161212:1100,14.35,59.65,580.0,794.22,137.0,283.0,1.1,358.0,96386.0
20161212:1200,15.2,55.05,590.0,840.49,121.0,285.6,0.62,350.0,96311.0
20161212:1300,15.77,52.15,541.0,893.59,89.0,288.0,0.41,323.0,96245.0
20161212:1400,16.12,49.9,387.0,644.78,126.0,288.8,0.41,324.0,96160.0
20161212:1500,16.22,48.4,253.0,756.37,55.0,288.2,0.41,357.0,96170.0
20161212:1600,16.02,48.75,57.0,323.55,29.0,286.0,0.48,39.0,96160.0
20161212:1700,15.18,54.05,0.0,0.0,0.0,282.2,0.83,90.0,96179.0
20161212:1800,13.38,70.4,0.0,0.0,0.0,281.2,1.03,105.0,96179.0
20161212:1900,12.95,63.75,0.0,0.0,0.0,279.0,0.9,137.0,96236.0
20161212:2000,12.61,64.45,0.0,0.0,0.0,279.4,0.69,163.0,96245.0
20161212:2100,12.12,66.65,0.0,0.0,0.0,280.0,0.69,220.0,96283.0
20161212:2200,11.55,68.8,0.0,0.0,0.0,281.0,1.1,264.0,96320.0
20161212:2300,9.77,75.95,0.0,0.0,0.0,282.4,1.59,294.0,96311.0
20161213:0000,8.18,81.45,0.0,0.0,0.0,276.0,2.07,311.0,96320.0
20161213:0100,6.92,84.8,0.0,0.0,0.0,268.4,2.34,323.0,96292.0
20161213:0200,6.13,85.95,0.0,0.0,0.0,265.0,2.62,338.0,96292.0
20161213:0300,5.51,86.55,0.0,0.0,0.0,264.0,2.62,336.0,96311.0
20161213:0400,5.13,86.45,0.0,0.0,0.0,262.6,2.83,337.0,96283.0
20161213:0500,4.75,86.75,0.0,0.0,0.0,261.6,3.1,344.0,96273.0
20161213:0600,4.38,87.5,0.0,0.0,0.0,260.8,3.1,346.0,96302.0
20161213:0700,4.28,88.0,47.0,193.24,31.0,260.2,3.03,353.0,96386.0
20161213:0800,5.69,86.75,235.0,611.51,77.0,262.6,2.55,2.0,96433.0
20161213:0900,9.68,75.55,414.0,828.51,81.0,267.2,2.28,20.0,96499.0
20161213:1000,12.59,62.85,507.0,724.69,142.0,272.8,2.69,46.0,96499.0
20161213:1100,14.05,56.75,620.0,1004.22,61.0,280.6,3.38,64.0,96452.0
20161213:1200,14.93,51.8,620.0,1004.88,60.0,285.6,3.72,72.0,96367.0
20161213:1300,15.47,48.2,554.0,973.28,62.0,288.0,3.86,75.0,96292.0
20161213:1400,15.63,46.9,405.0,753.34,100.0,288.2,4.14,79.0,96236.0
20161213:1500,15.43,47.8,230.0,541.56,88.0,291.2,4.28,84.0,96245.0
20161213:1600,14.63,53.75,56.0,297.98,30.0,289.0,3.72,84.0,96273.0
20161213:1700,12.98,62.8,0.0,0.0,0.0,282.6,3.52,79.0,96273.0
20161213:1800,11.82,69.55,0.0,0.0,0.0,284.0,3.59,75.0,96330.0
20161213:1900,11.32,71.7,0.0,0.0,0.0,280.4,3.31,73.0,96367.0
20161213:2000,10.57,75.95,0.0,0.0,0.0,283.2,3.52,68.0,96405.0
20161213:2100,9.88,80.35,0.0,0.0,0.0,282.8,3.72,62.0,96424.0
20161213:2200,9.25,84.6,0.0,0.0,0.0,282.4,3.79,56.0,96461.0
20161213:2300,8.61,87.9,0.0,0.0,0.0,277.0,3.93,48.0,96424.0
20161214:0000,8.0,90.0,0.0,0.0,0.0,269.0,4.14,40.0,96396.0
20161214:0100,7.52,91.1,0.0,0.0,0.0,265.8,4.21,36.0,96367.0
20161214:0200,7.12,91.95,0.0,0.0,0.0,268.2,3.86,37.0,96414.0
20161214:0300,6.74,92.35,0.0,0.0,0.0,266.4,4.14,31.0,96386.0
20161214:0400,6.63,91.65,0.0,0.0,0.0,266.6,4.9,24.0,96292.0
20161214:0500,6.81,90.35,0.0,0.0,0.0,280.2,5.03,28.0,96292.0
20161214:0600,6.86,89.8,0.0,0.0,0.0,290.2,4.9,33.0,96292.0
20161214:0700,6.96,88.9,33.0,49.53,29.0,290.0,5.45,30.0,96320.0
20161214:0800,7.78,85.7,127.0,50.69,114.0,291.8,5.66,31.0,96358.0
20161214:0900,9.5,78.25,231.0,87.45,196.0,294.8,6.0,34.0,96367.0
20161214:1000,11.04,71.25,313.0,111.49,257.0,297.0,6.62,41.0,96367.0
20161214:1100,12.25,65.45,442.0,298.76,276.0,308.6,6.83,46.0,96311.0
20161214:1200,13.13,60.9,420.0,242.52,285.0,312.0,6.76,52.0,96226.0
20161214:1300,13.69,57.85,468.0,542.25,194.0,315.6,6.55,56.0,96123.0
20161214:1400,13.8,57.45,345.0,427.11,172.0,318.2,6.55,55.0,96113.0
20161214:1500,13.62,58.6,209.0,384.42,108.0,314.2,6.55,51.0,96076.0
20161214:1600,13.05,62.7,51.0,215.76,32.0,321.4,5.93,47.0,96095.0
20161214:1700,12.01,69.15,0.0,0.0,0.0,315.8,5.31,47.0,96076.0
20161214:1800,11.24,74.7,0.0,0.0,0.0,315.6,5.1,42.0,96104.0
20161214:1900,10.99,76.35,0.0,0.0,0.0,323.8,5.03,40.0,96160.0
20161214:2000,10.48,79.9,0.0,0.0,0.0,316.8,4.83,41.0,96179.0
20161214:2100,9.94,83.5,0.0,0.0,0.0,309.6,4.41,42.0,96189.0
20161214:2200,9.23,87.95,0.0,0.0,0.0,295.2,3.86,45.0,96189.0
20161214:2300,8.84,90.75,0.0,0.0,0.0,305.4,3.66,42.0,96170.0
20161215:0000,8.4,93.3,0.0,0.0,0.0,300.8,3.45,35.0,96151.0
20161215:0100,8.52,93.4,0.0,0.0,0.0,325.65,3.38,28.0,96123.0
20161215:0200,8.54,93.55,0.0,0.0,0.0,328.2,3.52,24.0,96123.0
20161215:0300,8.8,92.55,0.0,0.0,0.0,344.0,3.66,19.0,96085.0
20161215:0400,9.01,91.6,0.0,0.0,0.0,349.6,3.59,13.0,96076.0
20161215:0500,8.83,92.2,0.0,0.0,0.0,332.8,3.66,5.0,96085.0
20161215:0600,8.96,91.05,0.0,0.0,0.0,342.2,3.66,1.0,96123.0
20161215:0700,9.41,89.3,49.0,266.54,28.0,341.0,3.72,357.0,96151.0
20161215:0800,10.08,84.8,246.0,754.04,54.0,328.6,4.0,356.0,96207.0
20161215:0900,10.88,77.7,417.0,870.48,70.0,319.6,4.28,10.0,96207.0
20161215:1000,12.06,70.95,530.0,860.31,99.0,288.6,3.86,24.0,96217.0
20161215:1100,13.34,64.95,618.0,1004.13,61.0,282.8,3.38,31.0,96123.0
20161215:1200,14.33,59.6,601.0,906.24,97.0,287.0,2.76,32.0,96038.0
20161215:1300,14.93,54.75,488.0,629.46,170.0,290.0,2.21,37.0,95935.0
20161215:1400,15.21,51.3,404.0,740.13,104.0,292.6,1.79,40.0,95925.0
20161215:1500,15.25,49.45,254.0,755.61,55.0,304.0,1.59,35.0,95906.0
20161215:1600,14.98,50.15,62.0,393.45,27.0,306.8,1.59,39.0,95897.0
20161215:1700,14.31,54.6,0.0,0.0,0.0,316.0,1.66,53.0,95916.0
20161215:1800,13.71,59.55,0.0,0.0,0.0,327.0,1.59,63.0,95925.0
20161215:1900,12.64,70.4,0.0,0.0,0.0,319.0,1.24,53.0,95963.0
20161215:2000,11.84,76.45,0.0,0.0,0.0,320.4,0.97,36.0,96010.0
20161215:2100,11.08,76.35,0.0,0.0,0.0,309.6,1.1,339.0,96057.0
20161215:2200,10.53,76.35,0.0,0.0,0.0,320.2,2.41,299.0,96132.0
20161215:2300,9.94,79.6,0.0,0.0,0.0,325.4,3.59,301.0,96066.0
20161216:0000,9.73,79.1,0.0,0.0,0.0,329.4,4.0,312.0,96076.0
20161216:0100,9.48,78.05,0.0,0.0,0.0,323.45,3.86,325.0,96019.0
20161216:0200,8.99,79.3,0.0,0.0,0.0,308.2,3.52,334.0,96019.0
20161216:0300,8.51,81.15,0.0,0.0,0.0,303.6,3.38,334.0,95982.0
20161216:0400,7.81,83.75,0.0,0.0,0.0,287.4,3.38,331.0,95953.0
20161216:0500,7.16,85.8,0.0,0.0,0.0,280.8,3.72,330.0,95916.0
20161216:0600,6.6,86.9,0.0,0.0,0.0,276.0,3.93,338.0,95925.0
20161216:0700,6.14,89.1,43.0,182.07,29.0,267.4,3.31,338.0,95935.0
20161216:0800,6.96,85.05,234.0,652.48,69.0,264.8,2.83,335.0,95991.0
20161216:0900,9.22,74.05,402.0,780.61,92.0,267.6,2.34,344.0,96000.0
20161216:1000,11.15,64.95,526.0,844.34,104.0,273.6,1.79,6.0,95982.0
20161216:1100,12.33,59.65,589.0,855.75,115.0,277.2,0.76,6.0,95878.0
20161216:1200,13.27,54.3,588.0,840.31,121.0,281.2,0.97,266.0,95822.0
20161216:1300,14.02,48.8,532.0,845.2,105.0,283.0,1.79,255.0,95728.0
20161216:1400,14.32,45.9,350.0,448.58,168.0,283.2,1.72,250.0,95671.0
20161216:1500,14.36,44.5,193.0,280.21,119.0,284.2,1.59,252.0,95662.0
20161216:1600,14.13,45.25,55.0,244.59,33.0,278.8,1.59,260.0,95671.0
20161216:1700,13.3,50.7,0.0,0.0,0.0,280.4,1.72,255.0,95690.0
20161216:1800,11.89,61.3,0.0,0.0,0.0,274.4,1.93,266.0,95728.0
20161216:1900,10.52,72.0,0.0,0.0,0.0,278.0,1.79,278.0,95746.0
20161216:2000,9.26,76.75,0.0,0.0,0.0,269.8,1.93,296.0,95784.0
20161216:2100,8.21,79.9,0.0,0.0,0.0,270.4,2.14,307.0,95775.0
20161216:2200,7.33,83.05,0.0,0.0,0.0,272.0,2.07,310.0,95812.0
20161216:2300,6.9,83.6,0.0,0.0,0.0,275.4,1.86,317.0,95784.0
20161217:0000,7.01,80.8,0.0,0.0,0.0,275.4,1.66,337.0,95793.0
20161217:0100,6.96,79.2,0.0,0.0,0.0,278.4,1.66,358.0,95803.0
20161217:0200,6.4,80.85,0.0,0.0,0.0,285.2,1.93,16.0,95784.0
20161217:0300,5.7,83.3,0.0,0.0,0.0,284.8,2.21,24.0,95775.0
20161217:0400,5.0,85.05,0.0,0.0,0.0,272.8,2.55,25.0,95784.0
20161217:0500,4.4,86.3,0.0,0.0,0.0,263.2,3.03,28.0,95822.0
20161217:0600,3.85,87.9,0.0,0.0,0.0,259.2,3.1,30.0,95850.0
20161217:0700,3.69,89.35,50.0,346.31,24.0,261.2,2.76,19.0,95916.0
20161217:0800,5.02,87.65,223.0,569.21,80.0,263.6,2.55,27.0,96010.0
20161217:0900,8.63,74.55,398.0,763.17,96.0,270.0,3.03,41.0,96085.0
20161217:1000,11.0,64.8,527.0,860.21,98.0,276.4,3.93,54.0,96085.0
20161217:1100,12.47,59.35,588.0,855.03,115.0,279.8,4.62,71.0,96038.0
20161217:1200,13.26,55.4,603.0,921.77,91.0,281.2,5.03,85.0,95963.0
20161217:1300,13.72,51.45,526.0,813.34,115.0,281.8,5.38,89.0,95887.0
20161217:1400,13.94,49.3,409.0,768.04,97.0,279.4,5.72,90.0,95850.0
20161217:1500,13.8,49.25,245.0,649.26,73.0,275.6,6.0,93.0,95887.0
20161217:1600,13.19,52.25,65.0,428.45,26.0,276.8,5.59,95.0,95916.0
20161217:1700,11.78,59.55,0.0,0.0,0.0,275.4,4.62,96.0,95991.0
20161217:1800,10.69,66.1,0.0,0.0,0.0,277.0,4.34,93.0,96076.0
20161217:1900,10.34,70.6,0.0,0.0,0.0,288.0,4.83,86.0,96142.0
20161217:2000,9.67,76.65,0.0,0.0,0.0,288.2,5.1,83.0,96198.0
20161217:2100,9.07,83.1,0.0,0.0,0.0,290.8,4.97,82.0,96207.0
20161217:2200,8.34,90.0,0.0,0.0,0.0,280.4,4.69,82.0,96254.0
20161217:2300,7.81,93.8,0.0,0.0,0.0,282.4,4.55,79.0,96226.0
20161218:0000,7.46,95.95,0.0,0.0,0.0,286.4,4.48,74.0,96217.0
20161218:0100,7.19,97.45,0.0,0.0,0.0,292.8,4.48,70.0,96198.0
20161218:0200,6.89,98.55,0.0,0.0,0.0,293.4,4.55,68.0,96179.0
20161218:0300,6.72,99.1,0.0,0.0,0.0,302.6,4.55,66.0,96198.0
20161218:0400,6.63,99.45,0.0,0.0,0.0,320.2,4.62,63.0,96170.0
20161218:0500,6.56,99.45,0.0,0.0,0.0,326.6,4.76,59.0,96151.0
20161218:0600,6.43,99.45,0.0,0.0,0.0,326.4,4.97,56.0,96160.0
20161218:0700,6.6,99.3,5.0,0.0,5.0,319.2,5.03,54.0,96170.0
20161218:0800,7.06,98.85,20.0,0.0,20.0,325.0,5.72,57.0,96198.0
20161218:0900,8.07,94.9,234.0,98.88,195.0,329.6,6.48,62.0,96198.0
20161218:1000,9.66,85.4,455.0,516.34,198.0,328.6,7.31,68.0,96198.0
20161218:1100,11.39,72.65,591.0,872.23,109.0,294.8,8.21,74.0,96057.0
20161218:1200,12.54,65.3,577.0,792.41,137.0,289.0,8.34,75.0,95935.0
20161218:1300,13.38,60.1,324.0,126.6,260.0,293.2,8.48,76.0,95831.0
20161218:1400,13.79,57.55,298.0,238.43,201.0,298.8,8.69,77.0,95756.0
20161218:1500,13.67,57.7,236.0,568.0,85.0,297.6,8.83,77.0,95662.0
20161218:1600,13.07,60.3,64.0,390.47,28.0,293.8,8.28,76.0,95633.0
20161218:1700,11.86,66.25,0.0,0.0,0.0,288.4,7.38,73.0,95605.0
20161218:1800,11.03,71.15,0.0,0.0,0.0,294.8,7.45,76.0,95615.0
20161218:1900,10.75,74.25,0.0,0.0,0.0,304.6,7.38,79.0,95652.0
20161218:2000,10.02,80.2,0.0,0.0,0.0,300.0,6.76,79.0,95643.0
20161218:2100,9.64,83.95,0.0,0.0,0.0,315.0,6.28,76.0,95652.0
20161218:2200,9.1,87.95,0.0,0.0,0.0,305.8,5.79,71.0,95652.0
20161218:2300,8.6,91.65,0.0,0.0,0.0,301.0,5.24,69.0,95521.0
20161219:0000,8.17,94.45,0.0,0.0,0.0,301.8,4.9,68.0,95492.0
20161219:0100,7.9,95.95,0.0,0.0,0.0,308.8,4.48,62.0,95408.0
20161219:0200,7.49,97.0,0.0,0.0,0.0,296.6,3.86,57.0,95370.0
20161219:0300,7.27,97.55,0.0,0.0,0.0,306.2,3.38,53.0,95332.0
20161219:0400,7.01,98.25,0.0,0.0,0.0,308.8,2.9,54.0,95276.0
20161219:0500,6.71,98.7,0.0,0.0,0.0,309.6,2.48,62.0,95191.0
20161219:0600,6.28,99.4,0.0,0.0,0.0,309.0,1.52,73.0,95172.0
20161219:0700,6.71,97.05,46.0,320.87,23.0,267.2,0.28,155.0,95172.0
20161219:0800,6.23,96.75,171.0,229.68,114.0,257.6,1.66,229.0,95219.0
20161219:0900,9.27,80.95,315.0,340.8,181.0,258.2,3.52,226.0,95229.0
20161219:1000,11.41,61.85,517.0,811.09,114.0,260.2,5.66,235.0,95248.0
20161219:1100,12.82,48.6,567.0,760.7,147.0,263.6,7.17,239.0,95135.0
20161219:1200,13.6,44.4,581.0,808.72,132.0,266.8,8.55,241.0,95097.0
20161219:1300,14.05,44.95,515.0,753.14,134.0,271.4,9.31,245.0,95012.0
20161219:1400,14.19,45.7,402.0,711.59,112.0,273.0,9.79,251.0,95012.0
20161219:1500,14.12,44.55,248.0,663.25,71.0,281.4,10.21,256.0,95059.0
20161219:1600,13.57,45.8,66.0,395.92,29.0,280.4,9.59,261.0,95144.0
20161219:1700,12.53,49.45,0.0,0.0,0.0,280.4,8.14,265.0,95201.0
20161219:1800,11.67,52.0,0.0,0.0,0.0,273.6,7.72,266.0,95276.0
20161219:1900,11.32,49.9,0.0,0.0,0.0,269.4,7.66,265.0,95332.0
20161219:2000,10.66,52.9,0.0,0.0,0.0,267.2,7.79,269.0,95445.0
20161219:2100,9.88,58.2,0.0,0.0,0.0,266.4,8.0,273.0,95521.0
20161219:2200,9.11,63.8,0.0,0.0,0.0,265.2,7.79,277.0,95586.0
20161219:2300,8.5,67.55,0.0,0.0,0.0,263.6,7.52,279.0,95662.0
20161220:0000,8.09,69.75,0.0,0.0,0.0,262.2,7.03,281.0,95680.0
20161220:0100,7.73,71.75,0.0,0.0,0.0,261.4,6.34,280.0,95699.0
20161220:0200,7.31,74.0,0.0,0.0,0.0,260.0,5.93,277.0,95765.0
20161220:0300,6.78,76.5,0.0,0.0,0.0,259.0,5.72,276.0,95746.0
20161220:0400,6.3,78.55,0.0,0.0,0.0,257.2,5.79,276.0,95775.0
20161220:0500,5.89,79.9,0.0,0.0,0.0,255.8,5.72,276.0,95756.0
20161220:0600,5.6,80.6,0.0,0.0,0.0,255.2,5.72,274.0,95822.0
20161220:0700,5.61,79.75,36.0,142.65,26.0,256.8,5.66,272.0,95859.0
20161220:0800,6.81,73.35,222.0,599.73,74.0,258.0,5.59,273.0,95944.0
20161220:0900,9.19,62.9,389.0,734.55,101.0,262.2,6.07,275.0,96000.0
20161220:1000,11.48,54.7,513.0,796.21,118.0,268.4,6.9,275.0,96029.0
20161220:1100,13.24,49.0,567.0,761.22,147.0,274.2,7.38,274.0,95916.0
20161220:1200,14.52,44.7,577.0,792.45,137.0,278.6,7.79,273.0,95869.0
20161220:1300,15.3,42.25,518.0,768.28,129.0,283.2,8.21,276.0,95775.0
20161220:1400,15.71,41.3,398.0,685.68,118.0,282.6,8.41,281.0,95746.0
20161220:1500,15.89,39.55,251.0,675.41,70.0,299.4,8.28,284.0,95765.0
20161220:1600,15.57,40.0,66.0,379.75,30.0,310.4,7.31,286.0,95784.0
20161220:1700,14.68,42.95,0.0,0.0,0.0,316.0,5.86,288.0,95831.0
20161220:1800,14.23,45.1,0.0,0.0,0.0,330.6,5.38,292.0,95887.0
20161220:1900,13.33,49.3,0.0,0.0,0.0,304.8,5.03,286.0,95982.0
20161220:2000,12.35,54.25,0.0,0.0,0.0,293.2,5.24,288.0,96057.0
20161220:2100,11.23,60.6,0.0,0.0,0.0,281.0,5.38,292.0,96123.0
20161220:2200,10.25,66.4,0.0,0.0,0.0,276.2,5.24,294.0,96123.0
20161220:2300,9.37,71.2,0.0,0.0,0.0,273.4,5.31,296.0,96160.0
20161221:0000,8.62,75.1,0.0,0.0,0.0,270.2,5.45,300.0,96151.0
20161221:0100,8.0,78.2,0.0,0.0,0.0,267.4,5.45,304.0,96179.0
20161221:0200,7.45,80.7,0.0,0.0,0.0,265.0,5.24,305.0,96198.0
20161221:0300,6.88,83.1,0.0,0.0,0.0,263.0,4.97,304.0,96170.0
20161221:0400,6.34,84.85,0.0,0.0,0.0,261.4,4.97,304.0,96217.0
20161221:0500,5.86,85.7,0.0,0.0,0.0,258.8,5.03,304.0,96198.0
20161221:0600,5.44,85.55,0.0,0.0,0.0,256.6,5.03,304.0,96264.0
20161221:0700,5.37,83.75,34.0,131.19,25.0,254.4,5.17,309.0,96292.0
20161221:0800,6.4,76.4,221.0,594.76,75.0,253.8,5.03,311.0,96311.0
20161221:0900,8.84,64.4,382.0,690.43,112.0,256.8,5.45,316.0,96358.0
20161221:1000,11.02,56.0,509.0,779.11,123.0,263.0,6.34,327.0,96367.0
20161221:1100,12.57,49.35,567.0,761.58,147.0,268.6,6.28,336.0,96264.0
20161221:1200,13.69,44.6,581.0,808.45,132.0,274.8,5.86,340.0,96179.0
20161221:1300,14.45,41.8,510.0,726.01,142.0,277.6,5.59,342.0,96104.0
20161221:1400,14.88,39.95,295.0,224.79,203.0,281.4,5.24,344.0,96057.0
20161221:1500,15.02,38.75,189.0,241.45,124.0,285.4,4.69,348.0,96029.0
20161221:1600,14.97,37.4,44.0,83.13,36.0,286.0,3.59,349.0,96038.0
20161221:1700,14.27,39.55,0.0,0.0,0.0,308.6,2.07,346.0,96057.0
20161221:1800,13.5,44.05,0.0,0.0,0.0,316.8,2.21,332.0,96123.0
20161221:1900,13.07,45.0,0.0,0.0,0.0,327.8,3.31,338.0,96179.0
20161221:2000,12.28,49.45,0.0,0.0,0.0,312.0,4.48,343.0,96236.0
20161221:2100,11.79,53.95,0.0,0.0,0.0,318.6,5.24,348.0,96302.0
20161221:2200,10.91,58.75,0.0,0.0,0.0,300.2,5.31,346.0,96311.0
20161221:2300,9.75,64.45,0.0,0.0,0.0,277.2,5.24,340.0,96349.0
20161222:0000,8.77,69.9,0.0,0.0,0.0,269.8,5.59,339.0,96358.0
20161222:0100,8.09,74.0,0.0,0.0,0.0,270.4,5.79,340.0,96377.0
20161222:0200,7.48,76.95,0.0,0.0,0.0,267.6,5.59,341.0,96424.0
20161222:0300,6.98,79.1,0.0,0.0,0.0,263.8,5.59,341.0,96443.0
20161222:0400,6.68,81.1,0.0,0.0,0.0,263.8,5.45,340.0,96461.0
20161222:0500,6.52,83.55,0.0,0.0,0.0,266.6,5.1,339.0,96452.0
20161222:0600,6.47,85.15,0.0,0.0,0.0,267.2,5.03,336.0,96518.0
20161222:0700,7.09,84.2,31.0,104.18,24.0,274.6,5.66,339.0,96574.0
20161222:0800,8.26,80.05,222.0,618.16,71.0,267.8,5.79,345.0,96612.0
20161222:0900,10.54,70.0,389.0,745.87,98.0,282.8,6.14,351.0,96669.0
20161222:1000,12.5,61.35,520.0,840.61,104.0,296.4,7.59,360.0,96697.0
20161222:1100,13.86,53.35,515.0,545.95,214.0,298.6,7.93,10.0,96621.0
20161222:1200,14.68,49.3,559.0,705.49,167.0,354.8,7.24,8.0,96546.0
20161222:1300,14.89,49.0,202.0,7.88,198.0,362.2,6.83,5.0,96499.0
20161222:1400,14.94,50.1,152.0,4.87,150.0,359.0,6.69,2.0,96490.0
20161222:1500,14.92,50.7,200.0,292.04,121.0,354.6,6.48,6.0,96490.0
20161222:1600,14.91,50.6,64.0,296.68,35.0,353.6,5.66,12.0,96527.0
20161222:1700,14.14,53.35,0.0,0.0,0.0,329.4,3.72,16.0,96565.0
20161222:1800,13.2,56.95,0.0,0.0,0.0,317.6,3.24,20.0,96631.0
20161222:1900,13.04,57.65,0.0,0.0,0.0,335.2,3.52,25.0,96678.0
20161222:2000,11.89,62.55,0.0,0.0,0.0,301.6,3.72,30.0,96753.0
20161222:2100,10.64,68.8,0.0,0.0,0.0,281.6,3.66,28.0,96828.0
20161222:2200,9.61,75.05,0.0,0.0,0.0,278.0,3.45,16.0,96866.0
20161222:2300,8.69,81.4,0.0,0.0,0.0,272.4,3.79,7.0,96828.0
20161223:0000,8.03,86.2,0.0,0.0,0.0,270.0,4.41,4.0,96857.0
20161223:0100,7.63,87.75,0.0,0.0,0.0,268.2,4.9,6.0,96828.0
20161223:0200,7.42,86.75,0.0,0.0,0.0,266.8,5.1,9.0,96876.0
20161223:0300,7.23,84.85,0.0,0.0,0.0,266.4,5.17,11.0,96866.0
20161223:0400,7.04,83.85,0.0,0.0,0.0,266.6,5.24,13.0,96904.0
20161223:0500,6.81,84.35,0.0,0.0,0.0,267.0,5.24,15.0,96932.0
20161223:0600,6.57,85.4,0.0,0.0,0.0,266.0,5.17,17.0,96979.0
20161223:0700,6.46,85.5,23.0,0.0,23.0,265.4,4.97,15.0,97036.0
20161223:0800,7.38,81.9,221.0,616.88,71.0,266.4,4.62,16.0,97148.0
20161223:0900,9.71,71.1,390.0,760.27,94.0,275.2,4.69,22.0,97214.0
20161223:1000,11.8,63.25,517.0,825.19,109.0,285.4,5.17,33.0,97233.0
20161223:1100,13.05,59.85,611.0,990.42,65.0,299.4,5.24,45.0,97158.0
20161223:1200,14.09,57.7,591.0,856.09,115.0,303.6,5.31,54.0,97101.0
20161223:1300,14.83,54.45,527.0,800.7,120.0,317.2,5.72,59.0,97017.0
20161223:1400,14.99,52.8,299.0,233.35,203.0,341.2,5.72,60.0,97007.0
20161223:1500,14.84,52.75,264.0,768.62,55.0,362.0,5.72,58.0,97036.0
20161223:1600,14.63,53.45,47.0,80.52,39.0,360.2,5.66,57.0,97064.0
20161223:1700,14.12,55.65,0.0,0.0,0.0,347.4,4.9,60.0,97073.0
20161223:1800,13.2,59.6,0.0,0.0,0.0,316.4,4.14,65.0,97139.0
20161223:1900,12.72,61.85,0.0,0.0,0.0,314.4,3.72,69.0,97195.0
20161223:2000,11.72,66.6,0.0,0.0,0.0,298.2,3.24,70.0,97224.0
20161223:2100,10.65,72.15,0.0,0.0,0.0,285.8,2.76,69.0,97261.0
20161223:2200,9.59,78.45,0.0,0.0,0.0,283.4,2.21,61.0,97261.0
20161223:2300,8.53,84.1,0.0,0.0,0.0,277.0,2.14,36.0,97261.0
20161224:0000,7.81,86.55,0.0,0.0,0.0,276.4,2.76,10.0,97252.0
20161224:0100,7.05,88.6,0.0,0.0,0.0,270.0,3.17,359.0,97233.0
20161224:0200,6.77,89.45,0.0,0.0,0.0,275.8,3.45,357.0,97233.0
20161224:0300,6.8,89.65,0.0,0.0,0.0,287.6,3.59,358.0,97224.0
20161224:0400,6.83,89.55,0.0,0.0,0.0,290.8,3.79,360.0,97195.0
20161224:0500,7.18,87.8,0.0,0.0,0.0,309.6,3.93,3.0,97177.0
20161224:0600,7.38,85.65,0.0,0.0,0.0,313.4,4.0,6.0,97205.0
20161224:0700,6.87,85.0,23.0,0.0,23.0,290.0,4.21,6.0,97243.0
20161224:0800,7.89,79.45,182.0,318.0,105.0,291.8,3.93,8.0,97308.0
20161224:0900,10.2,69.1,394.0,787.39,88.0,287.8,4.14,15.0,97355.0
20161224:1000,12.28,60.9,459.0,550.5,187.0,294.0,4.55,25.0,97402.0
20161224:1100,13.8,55.2,580.0,823.43,126.0,303.2,4.62,34.0,97318.0
20161224:1200,14.82,51.3,589.0,840.98,121.0,301.4,4.34,41.0,97261.0
20161224:1300,15.53,48.2,536.0,848.43,104.0,298.0,3.93,44.0,97158.0
20161224:1400,15.96,45.8,273.0,157.53,208.0,305.6,3.79,44.0,97139.0
20161224:1500,15.97,45.2,235.0,497.41,99.0,296.6,3.86,44.0,97101.0
20161224:1600,15.61,46.6,73.0,425.6,30.0,298.4,3.86,44.0,97158.0
20161224:1700,14.38,51.75,0.0,0.0,0.0,295.4,3.24,49.0,97177.0
20161224:1800,13.1,57.85,0.0,0.0,0.0,286.0,3.24,52.0,97214.0
20161224:1900,12.28,61.6,0.0,0.0,0.0,283.0,3.24,49.0,97243.0
20161224:2000,11.28,66.8,0.0,0.0,0.0,279.4,3.24,45.0,97280.0
20161224:2100,10.31,71.85,0.0,0.0,0.0,277.2,3.17,39.0,97290.0
20161224:2200,9.37,76.85,0.0,0.0,0.0,274.4,3.03,29.0,97308.0
20161224:2300,8.49,81.65,0.0,0.0,0.0,271.8,3.1,17.0,97308.0
20161225:0000,7.7,85.85,0.0,0.0,0.0,268.8,3.17,5.0,97299.0
20161225:0100,7.06,87.7,0.0,0.0,0.0,266.8,3.38,357.0,97261.0
20161225:0200,6.52,88.55,0.0,0.0,0.0,264.4,3.72,352.0,97233.0
20161225:0300,6.11,88.55,0.0,0.0,0.0,262.6,4.0,349.0,97224.0
20161225:0400,5.75,87.85,0.0,0.0,0.0,261.6,4.07,348.0,97205.0
20161225:0500,5.4,86.9,0.0,0.0,0.0,259.6,4.07,349.0,97214.0
20161225:0600,5.08,86.2,0.0,0.0,0.0,258.6,4.07,351.0,97214.0
20161225:0700,5.04,85.7,23.0,0.0,23.0,258.0,4.07,355.0,97233.0
20161225:0800,6.22,81.1,217.0,601.12,72.0,258.6,3.86,359.0,97290.0
20161225:0900,9.17,67.85,363.0,600.49,130.0,262.4,3.59,6.0,97308.0
20161225:1000,11.85,57.2,504.0,763.37,127.0,269.2,3.17,17.0,97318.0
20161225:1100,13.52,51.15,599.0,921.08,91.0,275.2,2.48,34.0,97243.0
20161225:1200,14.48,46.35,521.0,547.49,216.0,280.8,1.72,48.0,97167.0
20161225:1300,15.08,42.15,461.0,495.92,208.0,283.6,1.66,46.0,97064.0
20161225:1400,15.49,39.8,288.0,193.26,208.0,284.8,2.21,39.0,97026.0
20161225:1500,15.53,39.15,233.0,479.99,101.0,283.6,2.21,38.0,96988.0
20161225:1600,15.22,39.7,71.0,359.92,34.0,281.6,1.59,38.0,96951.0
20161225:1700,14.51,41.85,0.0,0.0,0.0,277.4,0.76,63.0,96960.0
20161225:1800,13.72,45.55,0.0,0.0,0.0,274.8,0.28,117.0,96988.0
20161225:1900,12.85,47.35,0.0,0.0,0.0,272.8,0.34,353.0,97045.0
20161225:2000,11.6,54.2,0.0,0.0,0.0,271.2,1.03,281.0,97054.0
20161225:2100,9.36,64.8,0.0,0.0,0.0,269.4,1.93,285.0,97083.0
20161225:2200,8.28,66.25,0.0,0.0,0.0,267.4,2.55,291.0,97101.0
20161225:2300,7.19,70.15,0.0,0.0,0.0,265.8,2.83,295.0,97092.0
20161226:0000,6.13,75.0,0.0,0.0,0.0,263.8,2.97,299.0,97083.0
20161226:0100,5.13,80.2,0.0,0.0,0.0,262.0,3.03,300.0,97054.0
20161226:0200,4.34,84.5,0.0,0.0,0.0,259.6,3.17,300.0,97036.0
20161226:0300,3.84,86.35,0.0,0.0,0.0,257.8,3.31,305.0,97007.0
20161226:0400,3.55,86.3,0.0,0.0,0.0,256.4,3.45,309.0,96988.0
20161226:0500,3.25,86.5,0.0,0.0,0.0,255.2,3.59,311.0,96988.0
20161226:0600,2.94,86.8,0.0,0.0,0.0,254.4,3.66,313.0,97036.0
20161226:0700,2.92,85.9,22.0,0.0,22.0,253.6,3.45,318.0,97064.0
20161226:0800,4.09,80.3,216.0,603.19,71.0,254.6,2.97,321.0,97101.0
20161226:0900,7.76,62.3,382.0,714.81,105.0,258.6,2.34,324.0,97158.0
20161226:1000,11.49,48.05,510.0,793.95,118.0,265.2,1.72,332.0,97186.0
20161226:1100,13.29,42.25,573.0,791.94,136.0,272.2,0.9,332.0,97130.0
20161226:1200,14.3,39.05,577.0,778.08,143.0,278.0,0.55,265.0,97036.0
20161226:1300,15.04,36.05,515.0,727.64,143.0,281.0,0.76,234.0,96970.0
20161226:1400,15.42,34.1,406.0,688.55,120.0,282.2,0.76,235.0,96913.0
20161226:1500,15.51,33.3,253.0,621.65,81.0,281.0,0.69,249.0,96857.0
20161226:1600,15.31,33.4,72.0,344.02,36.0,279.0,0.41,268.0,96866.0
20161226:1700,14.75,34.8,0.0,0.0,0.0,275.6,0.28,152.0,96838.0
20161226:1800,13.58,48.3,0.0,0.0,0.0,273.6,0.76,140.0,96866.0
20161226:1900,12.18,49.0,0.0,0.0,0.0,271.4,0.83,109.0,96904.0
20161226:2000,11.52,46.65,0.0,0.0,0.0,270.0,0.9,121.0,96951.0
20161226:2100,11.02,46.6,0.0,0.0,0.0,268.6,0.97,135.0,96979.0
20161226:2200,10.61,47.45,0.0,0.0,0.0,267.4,0.83,157.0,96979.0
20161226:2300,10.15,49.25,0.0,0.0,0.0,265.6,0.83,193.0,96988.0
20161227:0000,9.78,50.65,0.0,0.0,0.0,264.4,0.83,236.0,96970.0
20161227:0100,9.51,51.55,0.0,0.0,0.0,263.0,0.83,283.0,96941.0
20161227:0200,9.12,52.85,0.0,0.0,0.0,262.2,1.1,312.0,96941.0
20161227:0300,7.41,59.6,0.0,0.0,0.0,261.0,1.59,321.0,96923.0
20161227:0400,5.49,67.85,0.0,0.0,0.0,259.8,2.07,325.0,96923.0
20161227:0500,4.16,73.65,0.0,0.0,0.0,258.8,2.34,328.0,96932.0
20161227:0600,3.22,77.05,0.0,0.0,0.0,257.6,2.48,334.0,96970.0
20161227:0700,2.47,80.75,21.0,0.0,21.0,257.2,2.55,333.0,97026.0
20161227:0800,3.37,80.2,217.0,613.38,70.0,257.8,2.21,334.0,97064.0
20161227:0900,7.22,65.5,383.0,728.47,101.0,261.2,1.38,343.0,97130.0
20161227:1000,10.83,49.55,513.0,810.18,113.0,267.2,1.17,22.0,97148.0
20161227:1100,12.37,45.5,571.0,776.88,142.0,273.2,1.03,67.0,97101.0
20161227:1200,13.32,42.8,588.0,825.29,127.0,277.8,0.9,102.0,97017.0
20161227:1300,13.9,40.7,523.0,757.17,135.0,280.6,0.83,117.0,96923.0
20161227:1400,14.22,39.3,408.0,690.84,120.0,281.4,0.9,117.0,96847.0
20161227:1500,14.28,38.8,257.0,635.66,80.0,280.2,1.03,113.0,96828.0
20161227:1600,14.08,39.25,74.0,356.56,36.0,278.2,1.24,114.0,96810.0
20161227:1700,13.36,41.45,0.0,0.0,0.0,274.6,1.79,117.0,96819.0
20161227:1800,12.28,44.95,0.0,0.0,0.0,273.0,2.07,124.0,96857.0
20161227:1900,11.27,48.3,0.0,0.0,0.0,271.4,2.0,122.0,96894.0
20161227:2000,10.12,53.9,0.0,0.0,0.0,270.0,1.93,129.0,96923.0
20161227:2100,8.84,62.0,0.0,0.0,0.0,268.0,1.66,145.0,96923.0
20161227:2200,8.61,60.7,0.0,0.0,0.0,266.0,1.31,174.0,96932.0
20161227:2300,8.7,58.75,0.0,0.0,0.0,264.8,1.17,217.0,96923.0
20161228:0000,7.68,63.05,0.0,0.0,0.0,263.2,1.45,260.0,96941.0
20161228:0100,6.17,69.8,0.0,0.0,0.0,262.0,1.86,289.0,96923.0
20161228:0200,4.82,76.0,0.0,0.0,0.0,260.8,2.34,304.0,96904.0
20161228:0300,4.02,79.45,0.0,0.0,0.0,259.6,2.69,316.0,96904.0
20161228:0400,3.36,81.9,0.0,0.0,0.0,258.2,2.9,324.0,96894.0
20161228:0500,2.83,83.45,0.0,0.0,0.0,257.2,3.03,333.0,96885.0
20161228:0600,2.42,84.25,0.0,0.0,0.0,256.0,3.1,342.0,96923.0
20161228:0700,2.17,85.25,22.0,0.0,22.0,255.2,2.97,346.0,96970.0
20161228:0800,3.27,82.85,216.0,610.82,70.0,256.0,2.55,355.0,97036.0
20161228:0900,7.13,64.35,385.0,744.53,97.0,260.0,2.28,14.0,97054.0
20161228:1000,10.46,52.35,518.0,840.4,103.0,265.6,2.9,43.0,97111.0
20161228:1100,12.02,47.7,581.0,823.21,126.0,270.8,3.86,62.0,97064.0
20161228:1200,13.03,43.05,589.0,825.73,127.0,275.2,4.48,71.0,97007.0
20161228:1300,13.67,40.15,524.0,757.21,135.0,277.2,4.76,75.0,96923.0
20161228:1400,13.96,39.45,407.0,678.62,123.0,278.2,4.9,77.0,96904.0
20161228:1500,13.9,40.1,257.0,624.31,82.0,278.0,5.1,76.0,96857.0
20161228:1600,13.42,42.25,75.0,349.98,37.0,275.8,5.1,75.0,96904.0
20161228:1700,12.19,46.8,0.0,0.0,0.0,272.4,4.21,73.0,96923.0
20161228:1800,11.17,51.25,0.0,0.0,0.0,275.0,4.14,70.0,96979.0
20161228:1900,10.46,53.55,0.0,0.0,0.0,269.4,3.86,66.0,97064.0
20161228:2000,9.67,57.45,0.0,0.0,0.0,271.8,3.45,66.0,97092.0
20161228:2100,8.73,61.95,0.0,0.0,0.0,266.4,3.17,60.0,97083.0
20161228:2200,7.91,66.15,0.0,0.0,0.0,265.4,3.31,52.0,97120.0
20161228:2300,7.13,70.75,0.0,0.0,0.0,262.4,3.45,45.0,97130.0
20161229:0000,6.44,75.85,0.0,0.0,0.0,260.4,3.59,40.0,97130.0
20161229:0100,5.85,81.15,0.0,0.0,0.0,261.2,3.59,34.0,97111.0
20161229:0200,5.31,85.4,0.0,0.0,0.0,258.2,3.66,30.0,97101.0
20161229:0300,4.98,87.25,0.0,0.0,0.0,259.4,3.79,26.0,97092.0
20161229:0400,4.74,88.3,0.0,0.0,0.0,260.2,3.79,23.0,97064.0
20161229:0500,4.45,89.05,0.0,0.0,0.0,256.6,3.93,21.0,97036.0
20161229:0600,4.3,89.4,0.0,0.0,0.0,258.8,3.93,21.0,97092.0
20161229:0700,4.19,89.15,21.0,0.0,21.0,253.8,3.66,13.0,97120.0
20161229:0800,5.21,87.35,213.0,587.03,73.0,260.0,3.17,11.0,97158.0
20161229:0900,8.21,75.6,385.0,742.32,98.0,265.8,2.97,16.0,97195.0
20161229:1000,10.86,65.25,513.0,809.7,113.0,271.6,3.31,33.0,97243.0
20161229:1100,12.35,59.8,495.0,464.46,238.0,282.6,3.66,59.0,97177.0
20161229:1200,13.17,54.5,561.0,692.2,173.0,280.0,3.38,68.0,97120.0
20161229:1300,13.59,50.5,517.0,716.33,148.0,283.4,2.76,66.0,96988.0
20161229:1400,13.87,47.6,409.0,678.23,124.0,288.2,2.21,58.0,96941.0
20161229:1500,14.03,45.3,261.0,637.72,81.0,276.8,2.21,43.0,96923.0
20161229:1600,13.9,44.25,76.0,343.4,38.0,274.6,2.34,34.0,96894.0
20161229:1700,13.07,46.2,0.0,0.0,0.0,267.4,1.86,34.0,96913.0
20161229:1800,12.15,49.2,0.0,0.0,0.0,263.8,1.38,27.0,96932.0
20161229:1900,10.71,56.15,0.0,0.0,0.0,262.0,1.31,337.0,96970.0
20161229:2000,9.25,58.55,0.0,0.0,0.0,259.2,1.93,309.0,96979.0
20161229:2100,8.18,59.75,0.0,0.0,0.0,255.8,2.69,304.0,96988.0
20161229:2200,6.88,63.45,0.0,0.0,0.0,253.2,3.1,308.0,96970.0
20161229:2300,5.74,67.0,0.0,0.0,0.0,251.0,3.24,312.0,97007.0
20161230:0000,4.94,69.75,0.0,0.0,0.0,248.8,3.45,317.0,96998.0
20161230:0100,4.48,71.35,0.0,0.0,0.0,247.0,3.66,327.0,96979.0
20161230:0200,4.23,72.65,0.0,0.0,0.0,245.4,3.93,337.0,96998.0
20161230:0300,4.03,73.95,0.0,0.0,0.0,244.0,4.14,345.0,96970.0
20161230:0400,3.82,74.45,0.0,0.0,0.0,243.0,4.28,354.0,96988.0
20161230:0500,3.67,74.15,0.0,0.0,0.0,242.8,4.28,4.0,96988.0
20161230:0600,3.49,75.1,0.0,0.0,0.0,242.6,4.41,11.0,97045.0
20161230:0700,3.18,77.35,21.0,0.0,21.0,242.8,4.21,5.0,97073.0
20161230:0800,4.21,74.7,214.0,600.71,71.0,243.0,4.07,7.0,97130.0
20161230:0900,7.17,64.3,385.0,742.48,98.0,246.6,4.21,13.0,97195.0
20161230:1000,9.52,57.4,513.0,809.19,113.0,253.2,5.17,25.0,97186.0
20161230:1100,11.03,50.8,573.0,777.91,142.0,257.4,5.45,35.0,97139.0
20161230:1200,12.04,46.45,585.0,795.86,138.0,262.2,5.03,42.0,97064.0
20161230:1300,12.66,44.1,521.0,729.74,144.0,264.8,4.62,47.0,96970.0
20161230:1400,12.98,43.0,413.0,694.29,120.0,266.2,4.34,51.0,96941.0
20161230:1500,12.88,43.55,260.0,615.58,85.0,266.8,4.28,54.0,96913.0
20161230:1600,12.35,46.35,77.0,327.97,40.0,265.4,4.14,58.0,96932.0
20161230:1700,11.03,52.35,0.0,0.0,0.0,263.4,3.31,64.0,96951.0
20161230:1800,9.76,59.05,0.0,0.0,0.0,261.2,3.24,68.0,96998.0
20161230:1900,8.98,64.55,0.0,0.0,0.0,260.0,3.1,70.0,97045.0
20161230:2000,8.03,71.3,0.0,0.0,0.0,258.6,2.9,70.0,97092.0
20161230:2100,7.08,78.25,0.0,0.0,0.0,257.6,2.48,68.0,97120.0
20161230:2200,6.04,85.6,0.0,0.0,0.0,259.2,2.0,61.0,97130.0
20161230:2300,5.67,86.55,0.0,0.0,0.0,254.8,1.52,50.0,97139.0
20161231:0000,6.66,82.2,0.0,0.0,0.0,255.0,1.03,26.0,97139.0
20161231:0100,6.53,83.1,0.0,0.0,0.0,253.2,0.97,349.0,97073.0
20161231:0200,5.75,85.8,0.0,0.0,0.0,252.6,1.24,326.0,97083.0
20161231:0300,3.75,90.85,0.0,0.0,0.0,251.4,1.86,319.0,97017.0
20161231:0400,2.15,94.05,0.0,0.0,0.0,250.4,2.41,314.0,96998.0
20161231:0500,1.33,95.35,0.0,0.0,0.0,249.8,2.83,311.0,96979.0
20161231:0600,0.68,95.95,0.0,0.0,0.0,248.2,3.03,310.0,96998.0
20161231:0700,0.4,93.95,19.0,0.0,19.0,247.6,3.1,317.0,97045.0
20161231:0800,1.9,91.65,187.0,378.61,97.0,248.2,2.9,317.0,97111.0
20161231:0900,5.77,79.3,370.0,649.32,119.0,251.8,2.69,318.0,97167.0
20161231:1000,9.39,62.5,514.0,810.53,113.0,258.2,2.48,321.0,97139.0
20161231:1100,10.95,53.25,577.0,792.96,137.0,264.6,1.86,314.0,97101.0
20161231:1200,11.84,46.85,580.0,765.69,149.0,269.0,1.45,296.0,96979.0
20161231:1300,12.54,42.5,523.0,729.42,145.0,271.0,1.45,287.0,96904.0
20161231:1400,12.98,40.25,409.0,655.79,131.0,271.6,1.52,286.0,96819.0
20161231:1500,13.12,39.4,258.0,583.1,91.0,270.8,1.38,293.0,96810.0
20161231:1600,11.77,41.08,79.0,339.0,40.0,264.09,1.28,298.0,96772.0
20161231:1700,11.07,44.2,0.0,0.0,0.0,263.15,1.47,280.0,96800.0
20161231:1800,10.37,47.32,0.0,0.0,0.0,262.21,1.67,231.0,96810.0
20161231:1900,9.68,50.44,0.0,0.0,0.0,261.27,1.86,252.0,96857.0
20161231:2000,8.98,53.56,0.0,0.0,0.0,260.33,2.05,260.0,96876.0
20161231:2100,8.28,56.67,0.0,0.0,0.0,259.4,2.24,271.0,96894.0
20161231:2200,7.59,59.79,0.0,0.0,0.0,258.46,2.44,281.0,96894.0
20161231:2300,6.89,62.91,0.0,0.0,0.0,257.52,2.63,286.0,96894.0
