time(UTC),T2m,RH,G(h),Gb(n),Gd(h),IR(h),WS10m,WD10m,SP
20080101:0000,9.88,81.48,0.0,0.0,0.0,309.8,2.6,238.0,102047.0
20080101:0100,9.25,84.69,0.0,0.0,0.0,311.34,2.49,235.0,102037.0
20080101:0200,8.62,87.9,0.0,0.0,0.0,312.89,2.38,228.0,102017.0
20080101:0300,7.99,91.11,0.0,0.0,0.0,314.43,2.27,224.0,101997.0
20080101:0400,7.36,94.33,0.0,0.0,0.0,315.98,2.17,224.0,101967.0
20080101:0500,6.73,97.54,0.0,0.0,0.0,317.52,2.06,224.0,101977.0
20080101:0600,6.1,100.0,0.0,0.0,0.0,319.06,1.95,222.0,101987.0
20080101:0700,5.47,100.0,0.0,0.0,0.0,320.61,1.84,228.0,102027.0
20080101:0800,8.52,93.1,66.0,10.51,64.0,335.6,2.0,228.0,102047.0
20080101:0900,9.49,89.9,64.0,0.0,64.0,315.8,2.28,233.0,102097.0
20080101:1000,10.32,84.25,67.0,0.0,67.0,319.6,3.03,248.0,102087.0
20080101:1100,11.23,79.15,100.0,0.0,100.0,314.6,3.17,260.0,102037.0
20080101:1200,11.56,76.2,200.0,7.99,196.0,339.4,3.24,272.0,101977.0
20080101:1300,11.77,74.2,74.0,0.0,74.0,322.8,3.45,278.0,101888.0
20080101:1400,11.92,72.3,69.0,0.0,69.0,341.8,3.17,280.0,101848.0
20080101:1500,11.85,72.1,196.0,484.95,80.0,343.6,2.62,281.0,101808.0
20080101:1600,11.59,73.5,46.0,300.09,23.0,329.6,1.66,276.0,101808.0
20080101:1700,10.58,80.3,0.0,0.0,0.0,294.8,0.69,235.0,101778.0
20080101:1800,8.9,87.25,0.0,0.0,0.0,287.4,1.03,179.0,101788.0
20080101:1900,7.75,89.05,0.0,0.0,0.0,283.2,1.31,183.0,101788.0
20080101:2000,6.01,93.5,0.0,0.0,0.0,272.4,1.72,183.0,101758.0
20080101:2100,4.98,94.7,0.0,0.0,0.0,266.4,1.86,181.0,101758.0
20080101:2200,4.42,94.1,0.0,0.0,0.0,262.2,2.07,176.0,101728.0
20080101:2300,4.38,92.25,0.0,0.0,0.0,259.2,2.34,174.0,101708.0
20080102:0000,4.43,90.2,0.0,0.0,0.0,257.2,2.62,175.0,101679.0
20080102:0100,4.23,89.05,0.0,0.0,0.0,252.0,2.76,176.0,101629.0
20080102:0200,3.93,88.45,0.0,0.0,0.0,247.2,2.9,176.0,101609.0
20080102:0300,3.6,88.55,0.0,0.0,0.0,243.2,2.97,176.0,101559.0
20080102:0400,3.26,88.6,0.0,0.0,0.0,239.2,3.03,177.0,101509.0
20080102:0500,2.96,88.25,0.0,0.0,0.0,236.6,3.1,178.0,101519.0
20080102:0600,2.74,87.1,0.0,0.0,0.0,235.8,3.17,178.0,101509.0
20080102:0700,2.86,84.75,0.0,0.0,0.0,237.2,3.17,179.0,101509.0
20080102:0800,3.9,81.8,160.0,568.05,52.0,240.4,2.97,178.0,101539.0
20080102:0900,6.84,74.3,320.0,749.58,71.0,245.2,2.83,176.0,101509.0
20080102:1000,10.02,63.6,440.0,810.14,87.0,252.0,2.62,176.0,101499.0
20080102:1100,12.46,53.2,492.0,753.5,120.0,259.0,2.34,183.0,101370.0
20080102:1200,13.87,47.15,521.0,866.3,86.0,263.6,2.28,198.0,101280.0
20080102:1300,14.93,43.1,473.0,855.64,79.0,268.4,2.41,219.0,101121.0
20080102:1400,15.36,41.35,377.0,877.4,51.0,270.4,2.28,234.0,101081.0
20080102:1500,15.17,44.75,216.0,662.72,56.0,272.8,1.38,235.0,101012.0
20080102:1600,14.17,56.55,45.0,240.6,26.0,268.8,0.97,204.0,101002.0
20080102:1700,11.25,63.8,0.0,0.0,0.0,270.4,1.72,186.0,101002.0
20080102:1800,9.01,68.45,0.0,0.0,0.0,274.4,2.21,194.0,100992.0
20080102:1900,9.17,69.9,0.0,0.0,0.0,316.8,2.28,201.0,101032.0
20080102:2000,9.59,70.85,0.0,0.0,0.0,345.6,2.48,211.0,101032.0
20080102:2100,9.63,72.25,0.0,0.0,0.0,338.0,2.83,183.0,100972.0
20080102:2200,10.33,66.7,0.0,0.0,0.0,349.4,3.79,185.0,100862.0
20080102:2300,10.84,63.05,0.0,0.0,0.0,337.2,4.07,200.0,100842.0
20080103:0000,11.05,62.7,0.0,0.0,0.0,328.2,3.86,208.0,100823.0
20080103:0100,10.88,64.5,0.0,0.0,0.0,313.45,3.66,207.0,100803.0
20080103:0200,10.58,66.5,0.0,0.0,0.0,310.6,3.52,204.0,100753.0
20080103:0300,10.63,68.2,0.0,0.0,0.0,324.6,3.52,202.0,100693.0
20080103:0400,10.62,71.45,0.0,0.0,0.0,328.2,3.31,198.0,100633.0
20080103:0500,10.66,70.6,0.0,0.0,0.0,328.0,3.1,194.0,100594.0
20080103:0600,10.63,70.35,0.0,0.0,0.0,323.0,3.1,187.0,100604.0
20080103:0700,10.74,73.0,0.0,0.0,0.0,320.6,3.17,183.0,100564.0
20080103:0800,11.13,72.65,129.0,262.96,79.0,298.8,3.38,179.0,100564.0
20080103:0900,12.8,68.35,145.0,24.06,137.0,314.0,3.52,178.0,100494.0
20080103:1000,14.42,63.55,158.0,4.58,156.0,304.6,3.79,176.0,100434.0
20080103:1100,15.89,57.35,325.0,153.58,249.0,315.4,4.55,177.0,100315.0
20080103:1200,16.43,54.5,206.0,9.93,201.0,320.2,4.76,174.0,100176.0
20080103:1300,17.12,50.3,366.0,335.25,211.0,326.6,4.9,175.0,100056.0
20080103:1400,17.24,47.95,114.0,0.0,114.0,330.6,5.1,179.0,99966.0
20080103:1500,17.05,44.55,71.0,0.0,71.0,329.2,4.9,180.0,99887.0
20080103:1600,16.53,42.05,26.0,24.58,24.0,343.4,4.48,181.0,99877.0
20080103:1700,15.75,43.05,0.0,0.0,0.0,346.4,4.21,176.0,99837.0
20080103:1800,14.86,47.15,0.0,0.0,0.0,346.4,3.59,181.0,99817.0
20080103:1900,14.45,49.65,0.0,0.0,0.0,348.8,3.03,211.0,99907.0
20080103:2000,13.08,63.0,0.0,0.0,0.0,343.0,3.52,248.0,100056.0
20080103:2100,11.9,75.8,0.0,0.0,0.0,344.6,3.72,222.0,100156.0
20080103:2200,10.72,82.7,0.0,0.0,0.0,348.8,4.28,190.0,100136.0
20080103:2300,10.13,78.8,0.0,0.0,0.0,336.8,4.28,181.0,100106.0
20080104:0000,9.51,79.7,0.0,0.0,0.0,325.8,3.93,173.0,100036.0
20080104:0100,9.08,78.8,0.0,0.0,0.0,319.45,3.79,175.0,99996.0
20080104:0200,8.76,76.15,0.0,0.0,0.0,308.0,3.52,179.0,99966.0
20080104:0300,8.71,75.05,0.0,0.0,0.0,309.8,3.24,179.0,99976.0
20080104:0400,8.69,74.6,0.0,0.0,0.0,316.6,3.03,175.0,99976.0
20080104:0500,8.54,75.05,0.0,0.0,0.0,314.6,2.97,170.0,99966.0
20080104:0600,8.46,75.15,0.0,0.0,0.0,317.0,2.9,171.0,100026.0
20080104:0700,8.86,81.3,0.0,0.0,0.0,325.2,2.28,173.0,100096.0
20080104:0800,9.11,82.75,100.0,94.6,82.0,333.2,2.21,173.0,100176.0
20080104:0900,10.15,80.8,226.0,207.18,157.0,317.0,2.0,179.0,100235.0
20080104:1000,11.46,73.35,267.0,116.61,216.0,321.8,2.48,195.0,100305.0
20080104:1100,12.39,66.55,178.0,4.03,176.0,301.4,3.45,231.0,100325.0
20080104:1200,12.53,64.4,149.0,0.0,149.0,305.0,3.79,253.0,100325.0
20080104:1300,11.64,69.3,167.0,4.31,165.0,320.0,3.86,267.0,100335.0
20080104:1400,10.83,76.35,193.0,55.86,172.0,310.4,3.52,272.0,100385.0
20080104:1500,10.61,77.35,127.0,77.19,108.0,311.0,3.24,267.0,100454.0
20080104:1600,10.3,81.1,39.0,107.33,30.0,310.6,3.17,263.0,100584.0
20080104:1700,9.43,86.85,0.0,0.0,0.0,295.2,2.69,258.0,100703.0
20080104:1800,8.92,90.15,0.0,0.0,0.0,291.2,2.76,255.0,100783.0
20080104:1900,8.46,92.75,0.0,0.0,0.0,287.0,2.48,245.0,100902.0
20080104:2000,8.19,93.1,0.0,0.0,0.0,295.8,2.41,238.0,101012.0
20080104:2100,7.9,92.75,0.0,0.0,0.0,294.6,2.34,230.0,101071.0
20080104:2200,7.67,92.3,0.0,0.0,0.0,298.0,2.28,235.0,101111.0
20080104:2300,7.44,91.7,0.0,0.0,0.0,291.4,2.34,239.0,101151.0
20080105:0000,7.65,91.05,0.0,0.0,0.0,305.2,2.28,232.0,101231.0
20080105:0100,7.94,90.2,0.0,0.0,0.0,319.65,2.07,226.0,101320.0
20080105:0200,8.08,89.55,0.0,0.0,0.0,320.6,2.0,226.0,101340.0
20080105:0300,8.08,89.25,0.0,0.0,0.0,316.2,2.14,229.0,101350.0
20080105:0400,7.98,90.75,0.0,0.0,0.0,311.8,2.28,230.0,101380.0
20080105:0500,7.92,91.6,0.0,0.0,0.0,309.4,2.07,233.0,101470.0
20080105:0600,8.0,91.9,0.0,0.0,0.0,317.2,2.0,228.0,101549.0
20080105:0700,8.29,91.8,0.0,0.0,0.0,318.4,1.93,230.0,101599.0
20080105:0800,8.89,91.95,27.0,0.0,27.0,320.0,1.79,225.0,101659.0
20080105:0900,10.4,87.6,94.0,0.0,94.0,314.4,1.93,234.0,101748.0
20080105:1000,11.8,79.4,72.0,0.0,72.0,322.2,2.55,255.0,101798.0
20080105:1100,12.58,72.45,101.0,0.0,101.0,318.2,3.72,278.0,101788.0
20080105:1200,13.04,68.5,133.0,0.0,133.0,327.2,3.93,282.0,101768.0
20080105:1300,13.34,65.6,231.0,40.74,212.0,322.0,4.0,283.0,101768.0
20080105:1400,13.41,64.05,129.0,2.64,128.0,314.6,3.93,286.0,101738.0
20080105:1500,13.2,64.9,62.0,0.0,62.0,322.8,3.31,283.0,101788.0
20080105:1600,12.69,67.9,49.0,219.9,30.0,311.6,2.48,276.0,101858.0
20080105:1700,11.74,71.65,0.0,0.0,0.0,299.8,2.07,256.0,101907.0
20080105:1800,10.6,77.2,0.0,0.0,0.0,288.4,1.93,228.0,101967.0
20080105:1900,9.34,82.65,0.0,0.0,0.0,284.4,1.79,204.0,102047.0
20080105:2000,8.03,87.3,0.0,0.0,0.0,275.8,2.07,192.0,102107.0
20080105:2100,7.27,89.95,0.0,0.0,0.0,279.8,2.21,188.0,102117.0
20080105:2200,6.58,91.25,0.0,0.0,0.0,273.0,2.28,184.0,102126.0
20080105:2300,6.19,91.2,0.0,0.0,0.0,273.0,2.34,183.0,102117.0
20080106:0000,5.94,91.15,0.0,0.0,0.0,276.0,2.34,184.0,102126.0
20080106:0100,5.61,91.25,0.0,0.0,0.0,274.0,2.41,188.0,102136.0
20080106:0200,5.52,90.05,0.0,0.0,0.0,271.6,2.48,192.0,102107.0
20080106:0300,5.64,88.75,0.0,0.0,0.0,278.8,2.48,190.0,102087.0
20080106:0400,5.33,89.25,0.0,0.0,0.0,268.0,2.55,188.0,102067.0
20080106:0500,5.2,88.8,0.0,0.0,0.0,267.4,2.62,185.0,102077.0
20080106:0600,5.0,88.55,0.0,0.0,0.0,265.6,2.69,182.0,102087.0
20080106:0700,4.89,88.1,0.0,0.0,0.0,267.6,2.69,182.0,102117.0
20080106:0800,5.9,85.0,164.0,613.04,47.0,269.0,2.48,184.0,102166.0
20080106:0900,9.26,77.1,324.0,762.71,69.0,272.2,2.07,186.0,102176.0
20080106:1000,12.71,66.9,446.0,828.35,82.0,279.2,1.66,192.0,102256.0
20080106:1100,14.97,51.2,520.0,879.82,81.0,286.2,1.52,214.0,102196.0
20080106:1200,15.96,47.45,535.0,899.99,77.0,292.8,1.86,249.0,102087.0
20080106:1300,16.4,48.95,482.0,860.13,79.0,296.2,2.21,273.0,102007.0
20080106:1400,16.32,51.75,370.0,754.0,83.0,298.2,2.48,292.0,102017.0
20080106:1500,15.73,56.95,196.0,406.06,94.0,298.6,2.07,303.0,101997.0
20080106:1600,14.9,63.3,56.0,325.74,27.0,300.4,1.24,310.0,102027.0
20080106:1700,13.53,72.1,0.0,0.0,0.0,294.2,0.62,303.0,102037.0
20080106:1800,12.69,72.75,0.0,0.0,0.0,292.4,0.69,218.0,102117.0
20080106:1900,10.77,79.7,0.0,0.0,0.0,292.8,1.38,196.0,102166.0
20080106:2000,8.91,86.55,0.0,0.0,0.0,293.0,1.93,186.0,102206.0
20080106:2100,8.0,89.65,0.0,0.0,0.0,292.8,2.07,181.0,102196.0
20080106:2200,7.34,91.65,0.0,0.0,0.0,291.6,2.0,179.0,102206.0
20080106:2300,6.9,92.5,0.0,0.0,0.0,290.4,1.93,179.0,102236.0
20080107:0000,6.57,93.3,0.0,0.0,0.0,290.6,2.0,176.0,102216.0
20080107:0100,6.33,93.6,0.0,0.0,0.0,289.4,2.07,175.0,102196.0
20080107:0200,6.13,93.6,0.0,0.0,0.0,287.8,2.07,175.0,102176.0
20080107:0300,5.9,93.8,0.0,0.0,0.0,287.2,2.0,176.0,102176.0
20080107:0400,5.69,94.0,0.0,0.0,0.0,286.8,1.93,179.0,102156.0
20080107:0500,5.57,93.75,0.0,0.0,0.0,285.8,2.0,179.0,102126.0
20080107:0600,5.55,94.0,0.0,0.0,0.0,288.4,2.07,176.0,102156.0
20080107:0700,5.65,92.25,0.0,0.0,0.0,285.4,2.0,177.0,102166.0
20080107:0800,6.78,91.65,161.0,569.78,52.0,288.2,1.59,179.0,102226.0
20080107:0900,11.59,85.4,325.0,763.84,69.0,290.0,1.1,185.0,102246.0
20080107:1000,14.82,68.55,447.0,828.36,82.0,295.8,1.1,191.0,102226.0
20080107:1100,15.89,63.9,525.0,897.0,76.0,301.0,0.76,246.0,102156.0
20080107:1200,16.48,63.7,531.0,869.15,87.0,304.8,1.31,310.0,102107.0
20080107:1300,16.56,65.3,394.0,412.07,200.0,306.0,1.86,328.0,102027.0
20080107:1400,16.19,68.5,341.0,550.71,130.0,306.4,2.0,341.0,101987.0
20080107:1500,15.54,72.75,225.0,626.37,66.0,305.4,1.86,356.0,102027.0
20080107:1600,14.55,79.35,57.0,294.35,30.0,304.0,1.45,5.0,102007.0
20080107:1700,13.35,85.65,0.0,0.0,0.0,302.6,1.17,16.0,102057.0
20080107:1800,12.53,90.3,0.0,0.0,0.0,316.8,0.62,50.0,102077.0
20080107:1900,12.47,89.85,0.0,0.0,0.0,315.4,0.28,113.0,102126.0
20080107:2000,11.68,92.65,0.0,0.0,0.0,314.8,0.9,158.0,102117.0
20080107:2100,10.15,96.8,0.0,0.0,0.0,329.0,1.17,173.0,102136.0
20080107:2200,9.0,99.05,0.0,0.0,0.0,316.6,1.38,175.0,102156.0
20080107:2300,8.66,99.0,0.0,0.0,0.0,328.6,1.31,173.0,102117.0
20080108:0000,8.21,99.25,0.0,0.0,0.0,316.6,1.38,174.0,102047.0
20080108:0100,8.38,98.95,0.0,0.0,0.0,325.85,1.45,175.0,102007.0
20080108:0200,8.27,99.05,0.0,0.0,0.0,320.8,1.59,173.0,101957.0
20080108:0300,8.06,99.1,0.0,0.0,0.0,318.8,1.66,171.0,101927.0
20080108:0400,8.04,98.8,0.0,0.0,0.0,328.8,1.66,170.0,101947.0
20080108:0500,8.06,98.25,0.0,0.0,0.0,329.8,1.66,171.0,101947.0
20080108:0600,7.83,98.15,0.0,0.0,0.0,320.0,1.66,172.0,102017.0
20080108:0700,8.28,95.35,0.0,0.0,0.0,340.0,1.52,168.0,102007.0
20080108:0800,9.0,93.1,66.0,10.42,64.0,350.2,1.38,171.0,102027.0
20080108:0900,10.47,89.85,313.0,669.5,88.0,332.4,1.03,170.0,102057.0
20080108:1000,12.12,86.35,437.0,753.49,104.0,336.4,0.69,135.0,102057.0
20080108:1100,13.79,79.1,485.0,672.96,147.0,333.2,0.76,85.0,101977.0
20080108:1200,14.88,74.5,471.0,559.56,184.0,331.2,0.9,43.0,101878.0
20080108:1300,15.27,73.2,422.0,522.02,175.0,325.2,1.31,16.0,101808.0
20080108:1400,15.36,73.35,349.0,588.5,122.0,329.0,1.52,11.0,101748.0
20080108:1500,14.95,75.4,219.0,549.55,78.0,338.2,1.72,20.0,101728.0
20080108:1600,14.12,80.15,45.0,116.41,34.0,338.2,1.66,31.0,101748.0
20080108:1700,12.91,86.4,0.0,0.0,0.0,317.6,1.59,43.0,101758.0
20080108:1800,11.99,92.15,0.0,0.0,0.0,314.2,1.17,72.0,101818.0
20080108:1900,11.56,91.9,0.0,0.0,0.0,306.8,1.1,101.0,101808.0
20080108:2000,10.69,94.35,0.0,0.0,0.0,310.2,1.17,132.0,101798.0
20080108:2100,9.83,96.2,0.0,0.0,0.0,308.6,1.24,146.0,101778.0
20080108:2200,9.35,97.1,0.0,0.0,0.0,322.8,1.24,156.0,101788.0
20080108:2300,8.8,97.35,0.0,0.0,0.0,315.4,1.31,160.0,101768.0
20080109:0000,8.34,97.25,0.0,0.0,0.0,313.4,1.38,162.0,101768.0
20080109:0100,7.96,96.85,0.0,0.0,0.0,311.65,1.38,165.0,101778.0
20080109:0200,7.67,96.45,0.0,0.0,0.0,310.4,1.38,168.0,101748.0
20080109:0300,7.39,96.35,0.0,0.0,0.0,307.8,1.45,171.0,101748.0
20080109:0400,7.36,96.15,0.0,0.0,0.0,310.6,1.52,170.0,101708.0
20080109:0500,7.87,94.8,0.0,0.0,0.0,327.2,1.52,170.0,101708.0
20080109:0600,8.03,94.05,0.0,0.0,0.0,324.6,1.59,172.0,101748.0
20080109:0700,7.74,94.3,0.0,0.0,0.0,307.0,1.52,174.0,101768.0
20080109:0800,8.32,94.15,77.0,25.97,72.0,302.4,1.31,175.0,101818.0
20080109:0900,11.67,83.95,222.0,183.92,160.0,306.6,0.97,177.0,101838.0
20080109:1000,14.02,75.55,365.0,394.71,190.0,308.6,0.55,191.0,101947.0
20080109:1100,15.43,70.2,430.0,432.48,212.0,315.8,0.34,303.0,101868.0
20080109:1200,16.21,68.45,406.0,320.35,241.0,314.8,1.1,330.0,101798.0
20080109:1300,16.27,70.0,417.0,487.79,185.0,322.4,1.72,345.0,101728.0
20080109:1400,15.81,74.6,288.0,283.21,178.0,324.8,2.07,359.0,101679.0
20080109:1500,14.98,81.2,109.0,23.13,103.0,324.8,2.07,10.0,101689.0
20080109:1600,14.15,86.7,55.0,205.49,35.0,326.0,1.59,13.0,101738.0
20080109:1700,13.1,92.15,0.0,0.0,0.0,319.6,1.31,11.0,101778.0
20080109:1800,12.12,97.3,0.0,0.0,0.0,324.4,0.83,13.0,101848.0
20080109:1900,11.2,96.4,0.0,0.0,0.0,316.6,0.97,72.0,101898.0
20080109:2000,10.97,97.05,0.0,0.0,0.0,322.8,0.97,100.0,101898.0
20080109:2100,10.77,97.9,0.0,0.0,0.0,328.4,0.9,118.0,101907.0
20080109:2200,10.48,98.35,0.0,0.0,0.0,321.2,0.97,141.0,101907.0
20080109:2300,9.67,98.95,0.0,0.0,0.0,323.8,1.1,151.0,101878.0
20080110:0000,9.27,99.1,0.0,0.0,0.0,334.4,1.17,153.0,101858.0
20080110:0100,8.7,99.2,0.0,0.0,0.0,320.65,1.31,155.0,101858.0
20080110:0200,8.43,98.9,0.0,0.0,0.0,316.8,1.38,156.0,101818.0
20080110:0300,8.38,98.35,0.0,0.0,0.0,322.2,1.38,156.0,101828.0
20080110:0400,8.08,97.3,0.0,0.0,0.0,311.2,1.52,158.0,101798.0
20080110:0500,7.69,96.5,0.0,0.0,0.0,304.4,1.66,162.0,101788.0
20080110:0600,7.46,95.65,0.0,0.0,0.0,305.2,1.66,165.0,101838.0
20080110:0700,7.64,93.75,0.0,0.0,0.0,305.0,1.59,167.0,101858.0
20080110:0800,8.22,93.85,159.0,527.71,57.0,299.2,1.24,170.0,101917.0
20080110:0900,11.83,82.1,337.0,839.63,53.0,302.2,0.9,181.0,101947.0
20080110:1000,14.22,72.95,430.0,699.04,119.0,299.6,0.48,226.0,102007.0
20080110:1100,15.42,67.45,503.0,743.11,127.0,300.8,0.41,284.0,101927.0
20080110:1200,16.17,65.95,458.0,490.99,204.0,304.6,0.83,327.0,101868.0
20080110:1300,16.44,66.8,501.0,913.91,64.0,309.2,1.38,342.0,101768.0
20080110:1400,16.13,70.65,388.0,805.28,73.0,309.4,1.72,358.0,101738.0
20080110:1500,15.52,76.15,200.0,369.86,103.0,321.6,1.93,14.0,101738.0
20080110:1600,14.56,83.75,64.0,319.27,32.0,306.6,1.59,17.0,101788.0
20080110:1700,13.38,90.3,0.0,0.0,0.0,309.0,1.31,17.0,101788.0
20080110:1800,12.33,95.9,0.0,0.0,0.0,307.6,0.69,9.0,101858.0
20080110:1900,12.66,95.5,0.0,0.0,0.0,306.8,0.34,324.0,101868.0
20080110:2000,12.15,97.85,0.0,0.0,0.0,304.6,0.48,230.0,101868.0
20080110:2100,10.02,99.6,0.0,0.0,0.0,302.2,1.1,198.0,101888.0
20080110:2200,8.85,99.8,0.0,0.0,0.0,312.4,1.38,185.0,101888.0
20080110:2300,8.45,99.7,0.0,0.0,0.0,317.6,1.45,180.0,101917.0
20080111:0000,8.77,98.25,0.0,0.0,0.0,330.0,1.52,180.0,101838.0
20080111:0100,8.94,96.3,0.0,0.0,0.0,327.45,1.66,180.0,101828.0
20080111:0200,8.88,94.2,0.0,0.0,0.0,322.2,1.79,178.0,101808.0
20080111:0300,8.88,91.65,0.0,0.0,0.0,327.2,1.93,176.0,101758.0
20080111:0400,8.67,90.0,0.0,0.0,0.0,316.6,2.14,175.0,101708.0
20080111:0500,8.5,88.15,0.0,0.0,0.0,317.4,2.28,176.0,101669.0
20080111:0600,8.07,88.65,0.0,0.0,0.0,305.2,2.41,178.0,101669.0
20080111:0700,7.55,89.2,0.0,0.0,0.0,303.2,2.69,180.0,101708.0
20080111:0800,8.1,87.25,123.0,200.86,84.0,297.4,2.62,182.0,101728.0
20080111:0900,9.98,81.05,234.0,220.92,159.0,303.0,2.48,185.0,101778.0
20080111:1000,12.56,72.4,322.0,235.14,217.0,306.8,2.21,191.0,101818.0
20080111:1100,14.51,63.75,522.0,834.65,98.0,300.0,2.14,194.0,101718.0
20080111:1200,15.77,58.15,539.0,856.28,94.0,304.2,2.14,197.0,101599.0
20080111:1300,16.61,55.0,494.0,850.65,85.0,299.6,2.0,203.0,101460.0
20080111:1400,17.07,53.2,386.0,761.39,86.0,296.2,1.52,221.0,101380.0
20080111:1500,16.91,54.55,237.0,637.22,68.0,303.8,1.1,267.0,101350.0
20080111:1600,16.07,61.0,65.0,290.72,35.0,319.0,0.97,308.0,101350.0
20080111:1700,14.6,73.1,0.0,0.0,0.0,320.0,0.9,306.0,101350.0
20080111:1800,13.46,75.45,0.0,0.0,0.0,315.8,0.83,256.0,101380.0
20080111:1900,11.25,83.6,0.0,0.0,0.0,303.2,1.52,221.0,101400.0
20080111:2000,9.94,87.85,0.0,0.0,0.0,297.2,1.86,208.0,101440.0
20080111:2100,9.0,89.0,0.0,0.0,0.0,286.0,2.21,193.0,101440.0
20080111:2200,8.69,87.6,0.0,0.0,0.0,283.8,2.62,183.0,101450.0
20080111:2300,8.62,84.6,0.0,0.0,0.0,279.2,2.97,183.0,101400.0
20080112:0000,8.76,80.95,0.0,0.0,0.0,273.8,3.24,186.0,101410.0
20080112:0100,8.82,77.85,0.0,0.0,0.0,270.2,3.31,188.0,101390.0
20080112:0200,8.94,75.15,0.0,0.0,0.0,271.6,3.45,189.0,101390.0
20080112:0300,9.9,69.6,0.0,0.0,0.0,313.4,3.59,194.0,101380.0
20080112:0400,9.95,70.05,0.0,0.0,0.0,310.6,3.45,210.0,101340.0
20080112:0500,10.09,77.6,0.0,0.0,0.0,340.6,3.66,240.0,101430.0
20080112:0600,9.71,89.25,0.0,0.0,0.0,355.4,2.83,261.0,101539.0
20080112:0700,9.9,91.9,0.0,0.0,0.0,353.6,2.34,278.0,101639.0
20080112:0800,10.19,88.5,87.0,41.0,79.0,326.2,1.93,276.0,101728.0
20080112:0900,11.37,83.6,221.0,170.16,163.0,299.6,2.07,283.0,101808.0
20080112:1000,12.3,68.95,375.0,417.15,188.0,286.6,3.1,291.0,101878.0
20080112:1100,12.92,60.55,339.0,160.75,257.0,286.4,3.45,289.0,101858.0
20080112:1200,13.23,57.15,465.0,503.69,202.0,280.2,3.66,286.0,101808.0
20080112:1300,13.36,54.85,478.0,744.5,118.0,278.2,3.72,285.0,101758.0
20080112:1400,13.1,53.55,380.0,707.91,99.0,285.0,3.59,283.0,101738.0
20080112:1500,12.85,53.2,235.0,592.75,76.0,294.0,3.45,280.0,101748.0
20080112:1600,12.14,58.3,52.0,112.98,40.0,280.4,2.62,279.0,101768.0
20080112:1700,10.89,64.7,0.0,0.0,0.0,267.4,2.21,270.0,101798.0
20080112:1800,9.64,72.85,0.0,0.0,0.0,259.2,2.0,253.0,101848.0
20080112:1900,8.75,75.7,0.0,0.0,0.0,261.2,1.93,236.0,101898.0
20080112:2000,7.76,79.75,0.0,0.0,0.0,258.6,1.79,221.0,101898.0
20080112:2100,6.72,83.8,0.0,0.0,0.0,262.2,1.79,208.0,101937.0
20080112:2200,5.66,87.25,0.0,0.0,0.0,260.2,1.86,198.0,101898.0
20080112:2300,4.99,89.15,0.0,0.0,0.0,260.4,1.93,192.0,101927.0
20080113:0000,4.5,90.1,0.0,0.0,0.0,257.6,2.0,189.0,101898.0
20080113:0100,4.2,90.35,0.0,0.0,0.0,256.6,2.14,187.0,101888.0
20080113:0200,3.99,90.0,0.0,0.0,0.0,255.4,2.21,185.0,101868.0
20080113:0300,3.81,89.2,0.0,0.0,0.0,253.8,2.34,184.0,101828.0
20080113:0400,3.65,88.4,0.0,0.0,0.0,252.6,2.41,182.0,101788.0
20080113:0500,3.47,87.6,0.0,0.0,0.0,250.2,2.48,181.0,101778.0
20080113:0600,3.28,86.75,0.0,0.0,0.0,248.8,2.55,180.0,101798.0
20080113:0700,3.44,86.8,0.0,0.0,0.0,249.2,2.55,184.0,101808.0
20080113:0800,4.5,85.0,166.0,580.95,52.0,247.8,2.28,184.0,101798.0
20080113:0900,8.28,76.25,331.0,753.69,73.0,250.0,1.79,184.0,101788.0
20080113:1000,11.49,62.9,458.0,833.08,83.0,254.8,1.38,188.0,101808.0
20080113:1100,13.23,47.85,533.0,868.56,88.0,260.0,1.24,216.0,101698.0
20080113:1200,14.12,43.2,545.0,859.54,94.0,263.0,1.24,250.0,101619.0
20080113:1300,14.59,41.65,500.0,853.27,85.0,265.4,1.31,275.0,101499.0
20080113:1400,14.73,42.1,390.0,752.6,89.0,266.4,1.17,302.0,101470.0
20080113:1500,14.38,45.35,246.0,667.06,65.0,266.8,1.1,348.0,101450.0
20080113:1600,13.46,52.95,75.0,393.4,32.0,265.8,1.17,25.0,101460.0
20080113:1700,11.88,61.05,0.0,0.0,0.0,263.0,1.38,65.0,101460.0
20080113:1800,10.0,66.7,0.0,0.0,0.0,262.6,1.59,110.0,101489.0
20080113:1900,8.28,71.95,0.0,0.0,0.0,264.0,1.52,162.0,101479.0
20080113:2000,6.28,81.7,0.0,0.0,0.0,264.8,1.93,173.0,101509.0
20080113:2100,5.23,87.55,0.0,0.0,0.0,265.4,2.07,173.0,101479.0
20080113:2200,4.89,89.25,0.0,0.0,0.0,264.8,2.21,174.0,101529.0
20080113:2300,4.98,88.35,0.0,0.0,0.0,263.6,2.41,175.0,101519.0
20080114:0000,5.03,88.05,0.0,0.0,0.0,263.0,2.62,174.0,101519.0
20080114:0100,5.06,87.25,0.0,0.0,0.0,262.6,2.83,174.0,101499.0
20080114:0200,5.06,85.85,0.0,0.0,0.0,262.2,2.97,173.0,101470.0
20080114:0300,5.08,84.05,0.0,0.0,0.0,262.0,3.1,174.0,101460.0
20080114:0400,5.11,81.85,0.0,0.0,0.0,261.8,3.1,175.0,101460.0
20080114:0500,5.11,79.9,0.0,0.0,0.0,261.6,3.17,176.0,101450.0
20080114:0600,5.1,78.25,0.0,0.0,0.0,260.8,3.24,177.0,101499.0
20080114:0700,5.05,78.1,0.0,0.0,0.0,262.0,3.24,176.0,101509.0
20080114:0800,6.02,75.95,165.0,552.12,56.0,260.6,3.1,176.0,101549.0
20080114:0900,9.0,69.95,302.0,540.88,116.0,263.8,2.83,175.0,101549.0
20080114:1000,12.44,61.8,458.0,818.42,88.0,270.2,2.76,177.0,101579.0
20080114:1100,14.87,54.35,538.0,886.01,82.0,276.2,2.83,183.0,101529.0
20080114:1200,16.43,49.5,533.0,781.26,121.0,282.6,2.97,190.0,101440.0
20080114:1300,17.34,45.85,498.0,823.67,95.0,288.4,2.76,196.0,101320.0
20080114:1400,17.76,44.25,374.0,632.7,119.0,292.8,2.48,197.0,101280.0
20080114:1500,17.62,47.2,247.0,644.8,70.0,294.0,1.93,186.0,101280.0
20080114:1600,16.61,51.75,78.0,400.19,33.0,291.4,1.86,165.0,101280.0
20080114:1700,14.6,55.8,0.0,0.0,0.0,286.2,2.34,161.0,101320.0
20080114:1800,12.29,63.5,0.0,0.0,0.0,283.2,2.62,166.0,101360.0
20080114:1900,11.06,70.9,0.0,0.0,0.0,282.0,2.34,177.0,101430.0
20080114:2000,9.73,76.1,0.0,0.0,0.0,281.0,2.41,186.0,101440.0
20080114:2100,8.86,78.85,0.0,0.0,0.0,281.2,2.48,191.0,101499.0
20080114:2200,8.31,80.75,0.0,0.0,0.0,285.4,2.48,194.0,101559.0
20080114:2300,8.19,80.8,0.0,0.0,0.0,295.4,2.41,197.0,101599.0
20080115:0000,8.05,81.55,0.0,0.0,0.0,297.6,2.41,200.0,101599.0
20080115:0100,7.9,82.7,0.0,0.0,0.0,300.0,2.48,195.0,101549.0
20080115:0200,7.58,83.95,0.0,0.0,0.0,296.2,2.41,195.0,101589.0
20080115:0300,7.26,84.7,0.0,0.0,0.0,293.6,2.41,194.0,101589.0
20080115:0400,7.14,85.45,0.0,0.0,0.0,306.8,2.48,192.0,101599.0
20080115:0500,6.93,87.1,0.0,0.0,0.0,310.4,2.69,187.0,101629.0
20080115:0600,7.24,87.05,0.0,0.0,0.0,329.2,2.76,184.0,101679.0
20080115:0700,7.72,88.85,0.0,0.0,0.0,328.8,2.28,193.0,101728.0
20080115:0800,8.2,89.05,36.0,0.0,36.0,336.0,2.14,197.0,101798.0
20080115:0900,8.99,88.55,224.0,173.63,164.0,345.6,2.21,197.0,101848.0
20080115:1000,10.28,85.4,313.0,195.97,224.0,350.0,2.21,197.0,101907.0
20080115:1100,12.73,75.6,503.0,692.33,145.0,332.2,2.21,210.0,101858.0
20080115:1200,14.17,68.65,280.0,52.82,252.0,306.6,3.17,248.0,101738.0
20080115:1300,14.73,65.85,349.0,215.33,243.0,304.0,3.66,269.0,101659.0
20080115:1400,14.62,66.85,293.0,248.65,192.0,317.8,3.59,281.0,101649.0
20080115:1500,14.25,69.5,168.0,147.62,127.0,312.0,3.38,289.0,101649.0
20080115:1600,13.44,74.65,85.0,475.58,30.0,310.6,2.34,288.0,101639.0
20080115:1700,12.44,79.3,0.0,0.0,0.0,300.0,1.72,264.0,101639.0
20080115:1800,11.51,84.8,0.0,0.0,0.0,313.4,1.66,226.0,101708.0
20080115:1900,10.29,87.35,0.0,0.0,0.0,294.2,1.66,215.0,101748.0
20080115:2000,9.19,91.0,0.0,0.0,0.0,300.2,1.86,207.0,101768.0
20080115:2100,8.11,93.2,0.0,0.0,0.0,286.0,2.14,192.0,101768.0
20080115:2200,7.57,92.85,0.0,0.0,0.0,282.8,2.41,184.0,101758.0
20080115:2300,7.34,91.0,0.0,0.0,0.0,279.0,2.62,184.0,101689.0
20080116:0000,7.1,87.9,0.0,0.0,0.0,267.2,2.69,192.0,101619.0
20080116:0100,6.97,83.95,0.0,0.0,0.0,263.0,2.9,197.0,101599.0
20080116:0200,6.86,80.9,0.0,0.0,0.0,262.2,3.1,194.0,101539.0
20080116:0300,6.92,78.7,0.0,0.0,0.0,265.6,3.1,195.0,101509.0
20080116:0400,6.78,77.85,0.0,0.0,0.0,262.4,3.17,196.0,101489.0
20080116:0500,6.8,76.55,0.0,0.0,0.0,266.6,3.31,194.0,101450.0
20080116:0600,7.18,73.7,0.0,0.0,0.0,282.6,3.38,196.0,101450.0
20080116:0700,7.38,72.25,0.0,0.0,0.0,271.0,3.59,195.0,101460.0
20080116:0800,8.79,69.75,27.0,0.0,27.0,294.6,3.59,197.0,101450.0
20080116:0900,11.09,65.25,247.0,250.47,160.0,306.6,3.52,203.0,101420.0
20080116:1000,13.18,58.45,455.0,775.78,101.0,292.6,4.34,211.0,101370.0
20080116:1100,14.53,56.75,465.0,513.84,198.0,290.6,5.03,226.0,101260.0
20080116:1200,15.41,55.55,341.0,135.1,269.0,300.6,5.38,240.0,101231.0
20080116:1300,15.8,55.5,398.0,351.27,224.0,304.2,5.66,251.0,101121.0
20080116:1400,15.86,55.6,180.0,21.98,171.0,309.0,7.45,260.0,101121.0
20080116:1500,15.34,60.8,133.0,46.26,120.0,336.8,6.21,259.0,101081.0
20080116:1600,14.77,62.8,35.0,8.41,34.0,335.0,5.72,256.0,101111.0
20080116:1700,13.8,67.85,0.0,0.0,0.0,335.0,5.93,260.0,101101.0
20080116:1800,12.17,85.65,0.0,0.0,0.0,328.0,6.9,264.0,101231.0
20080116:1900,11.09,91.1,0.0,0.0,0.0,325.4,6.0,267.0,101310.0
20080116:2000,11.51,89.9,0.0,0.0,0.0,346.8,6.34,287.0,101410.0
20080116:2100,11.53,83.65,0.0,0.0,0.0,328.0,5.17,297.0,101519.0
20080116:2200,11.19,77.0,0.0,0.0,0.0,287.6,3.86,290.0,101589.0
20080116:2300,10.86,74.8,0.0,0.0,0.0,290.2,2.97,277.0,101669.0
20080117:0000,10.3,73.9,0.0,0.0,0.0,282.4,2.83,273.0,101698.0
20080117:0100,9.76,72.2,0.0,0.0,0.0,273.8,2.83,275.0,101689.0
20080117:0200,9.26,71.55,0.0,0.0,0.0,271.6,2.83,277.0,101748.0
20080117:0300,8.86,72.6,0.0,0.0,0.0,273.6,2.76,276.0,101768.0
20080117:0400,8.42,74.75,0.0,0.0,0.0,271.0,2.69,267.0,101788.0
20080117:0500,8.06,77.55,0.0,0.0,0.0,276.2,2.62,258.0,101818.0
20080117:0600,7.75,79.35,0.0,0.0,0.0,271.0,2.55,253.0,101858.0
20080117:0700,8.29,77.05,0.0,0.0,0.0,269.8,2.41,252.0,101878.0
20080117:0800,8.67,81.1,171.0,575.32,55.0,269.6,2.14,257.0,101967.0
20080117:0900,11.73,78.25,323.0,650.0,96.0,272.4,1.86,264.0,102047.0
20080117:1000,13.55,66.5,279.0,113.39,227.0,283.0,3.17,282.0,102107.0
20080117:1100,14.17,59.65,406.0,304.46,247.0,288.4,3.79,290.0,102097.0
20080117:1200,14.7,57.15,263.0,35.46,244.0,293.2,4.28,290.0,102057.0
20080117:1300,14.83,56.05,501.0,780.34,112.0,296.4,4.62,288.0,101997.0
20080117:1400,14.57,56.4,367.0,540.31,144.0,304.4,5.03,284.0,101987.0
20080117:1500,14.08,60.7,207.0,298.89,122.0,317.8,4.55,280.0,102017.0
20080117:1600,13.36,68.4,87.0,409.13,37.0,304.2,3.59,275.0,102057.0
20080117:1700,12.25,75.6,0.0,0.0,0.0,300.0,3.24,269.0,102057.0
20080117:1800,11.23,82.05,0.0,0.0,0.0,281.4,3.1,265.0,102067.0
20080117:1900,10.77,84.65,0.0,0.0,0.0,280.8,2.97,261.0,102107.0
20080117:2000,9.99,86.8,0.0,0.0,0.0,283.4,2.62,253.0,102117.0
20080117:2100,9.33,87.2,0.0,0.0,0.0,280.4,2.21,237.0,102136.0
20080117:2200,8.68,88.05,0.0,0.0,0.0,282.6,2.0,219.0,102126.0
20080117:2300,8.2,88.8,0.0,0.0,0.0,288.4,2.14,215.0,102176.0
20080118:0000,8.04,88.35,0.0,0.0,0.0,289.0,2.48,218.0,102166.0
20080118:0100,8.19,87.3,0.0,0.0,0.0,291.0,2.62,221.0,102176.0
20080118:0200,8.37,85.85,0.0,0.0,0.0,292.8,2.62,221.0,102107.0
20080118:0300,8.46,84.15,0.0,0.0,0.0,291.8,2.55,227.0,102117.0
20080118:0400,8.62,81.75,0.0,0.0,0.0,290.8,2.62,227.0,102087.0
20080118:0500,9.02,79.55,0.0,0.0,0.0,308.8,2.62,230.0,102067.0
20080118:0600,9.22,78.9,0.0,0.0,0.0,305.8,2.9,243.0,102166.0
20080118:0700,9.32,77.55,0.0,0.0,0.0,294.6,2.97,246.0,102226.0
20080118:0800,10.4,79.35,59.0,0.0,59.0,314.2,3.24,254.0,102296.0
20080118:0900,12.69,76.45,324.0,637.78,100.0,328.0,3.1,264.0,102355.0
20080118:1000,13.89,76.2,153.0,2.17,152.0,318.0,4.0,275.0,102415.0
20080118:1100,14.84,73.35,146.0,0.0,146.0,334.4,4.76,290.0,102405.0
20080118:1200,15.41,70.95,145.0,0.0,145.0,332.4,4.55,296.0,102405.0
20080118:1300,15.5,71.3,194.0,5.98,191.0,344.0,4.34,300.0,102336.0
20080118:1400,15.31,73.75,137.0,2.4,136.0,344.0,4.0,302.0,102345.0
20080118:1500,14.9,76.9,126.0,27.8,118.0,331.8,3.59,300.0,102375.0
20080118:1600,14.3,81.45,58.0,79.64,48.0,324.2,2.83,292.0,102425.0
20080118:1700,13.29,87.8,0.0,0.0,0.0,323.4,2.28,284.0,102445.0
20080118:1800,12.19,93.25,0.0,0.0,0.0,302.4,1.93,270.0,102574.0
20080118:1900,11.25,95.95,0.0,0.0,0.0,299.8,1.52,258.0,102634.0
20080118:2000,10.53,97.35,0.0,0.0,0.0,296.6,1.31,235.0,102664.0
20080118:2100,9.78,98.4,0.0,0.0,0.0,296.0,1.31,211.0,102714.0
20080118:2200,8.84,99.05,0.0,0.0,0.0,299.0,1.52,200.0,102714.0
20080118:2300,8.44,99.45,0.0,0.0,0.0,313.0,1.66,197.0,102744.0
20080119:0000,8.08,99.65,0.0,0.0,0.0,311.6,1.72,190.0,102694.0
20080119:0100,8.04,99.45,0.0,0.0,0.0,323.85,1.72,182.0,102674.0
20080119:0200,8.24,99.2,0.0,0.0,0.0,337.4,1.72,181.0,102704.0
20080119:0300,8.1,98.4,0.0,0.0,0.0,331.6,1.72,183.0,102684.0
20080119:0400,7.8,97.9,0.0,0.0,0.0,330.0,1.72,183.0,102674.0
20080119:0500,7.53,98.3,0.0,0.0,0.0,321.0,1.66,183.0,102674.0
20080119:0600,7.16,98.8,0.0,0.0,0.0,313.2,1.66,181.0,102724.0
20080119:0700,7.76,97.1,0.0,0.0,0.0,315.0,1.72,189.0,102744.0
20080119:0800,8.25,95.75,152.0,365.94,77.0,301.6,1.66,191.0,102793.0
20080119:0900,10.9,90.4,276.0,353.8,151.0,302.8,1.31,197.0,102823.0
20080119:1000,13.77,79.05,338.0,246.0,224.0,307.8,1.1,208.0,102853.0
20080119:1100,15.3,71.4,545.0,843.2,100.0,299.8,0.41,184.0,102793.0
20080119:1200,16.15,67.1,562.0,850.62,101.0,305.0,0.69,40.0,102744.0
20080119:1300,16.48,65.55,517.0,829.63,98.0,306.8,1.52,26.0,102674.0
20080119:1400,16.47,65.3,410.0,748.43,96.0,309.8,2.0,22.0,102634.0
20080119:1500,15.96,68.25,268.0,686.64,68.0,314.2,2.14,20.0,102654.0
20080119:1600,15.06,75.7,94.0,441.95,37.0,308.6,1.72,20.0,102674.0
20080119:1700,13.79,83.55,0.0,0.0,0.0,299.6,1.45,30.0,102694.0
20080119:1800,12.43,91.95,0.0,0.0,0.0,297.8,0.97,62.0,102714.0
20080119:1900,11.66,92.25,0.0,0.0,0.0,290.6,0.83,109.0,102714.0
20080119:2000,11.06,93.45,0.0,0.0,0.0,290.4,0.97,146.0,102714.0
20080119:2100,9.28,96.6,0.0,0.0,0.0,288.0,1.31,162.0,102714.0
20080119:2200,7.82,98.6,0.0,0.0,0.0,287.2,1.59,167.0,102714.0
20080119:2300,6.87,99.25,0.0,0.0,0.0,287.2,1.66,165.0,102724.0
20080120:0000,6.3,99.3,0.0,0.0,0.0,288.8,1.66,164.0,102694.0
20080120:0100,6.02,99.5,0.0,0.0,0.0,298.8,1.59,164.0,102654.0
20080120:0200,5.84,99.05,0.0,0.0,0.0,299.6,1.66,162.0,102644.0
20080120:0300,5.71,98.3,0.0,0.0,0.0,307.6,1.66,160.0,102624.0
20080120:0400,5.9,98.15,0.0,0.0,0.0,304.6,1.72,158.0,102584.0
20080120:0500,5.78,98.3,0.0,0.0,0.0,306.8,1.86,157.0,102584.0
20080120:0600,5.59,98.25,0.0,0.0,0.0,303.8,1.86,157.0,102574.0
20080120:0700,6.65,98.4,0.0,0.0,0.0,326.2,2.0,162.0,102574.0
20080120:0800,7.6,94.05,177.0,594.87,54.0,331.8,1.86,165.0,102594.0
20080120:0900,10.18,86.45,345.0,762.31,74.0,305.8,1.52,162.0,102634.0
20080120:1000,13.29,76.55,476.0,841.26,84.0,289.0,0.97,149.0,102694.0
20080120:1100,15.54,67.8,551.0,861.21,94.0,285.4,0.69,80.0,102634.0
20080120:1200,16.69,62.7,565.0,851.17,101.0,292.0,1.31,49.0,102584.0
20080120:1300,17.16,61.55,521.0,831.97,98.0,294.8,1.86,44.0,102475.0
20080120:1400,17.17,62.3,416.0,765.87,92.0,296.8,2.21,46.0,102445.0
20080120:1500,16.73,65.85,270.0,675.04,71.0,296.6,2.28,49.0,102385.0
20080120:1600,15.78,73.15,97.0,445.53,38.0,294.8,1.86,53.0,102405.0
20080120:1700,14.44,79.25,0.0,0.0,0.0,290.8,1.79,70.0,102405.0
20080120:1800,12.86,87.15,0.0,0.0,0.0,286.0,1.52,107.0,102415.0
20080120:1900,11.65,89.4,0.0,0.0,0.0,283.2,1.52,136.0,102425.0
20080120:2000,10.06,92.4,0.0,0.0,0.0,281.2,1.72,156.0,102445.0
20080120:2100,8.53,95.05,0.0,0.0,0.0,280.0,1.79,160.0,102435.0
20080120:2200,7.48,95.95,0.0,0.0,0.0,278.2,1.79,162.0,102475.0
20080120:2300,6.73,95.8,0.0,0.0,0.0,277.2,1.72,162.0,102485.0
20080121:0000,6.14,95.65,0.0,0.0,0.0,276.4,1.72,162.0,102455.0
20080121:0100,5.72,95.9,0.0,0.0,0.0,275.6,1.79,162.0,102435.0
20080121:0200,5.44,96.15,0.0,0.0,0.0,274.8,1.86,162.0,102445.0
20080121:0300,5.24,96.2,0.0,0.0,0.0,274.4,1.86,164.0,102385.0
20080121:0400,5.1,95.9,0.0,0.0,0.0,273.2,1.93,166.0,102385.0
20080121:0500,5.05,95.35,0.0,0.0,0.0,272.4,2.0,169.0,102385.0
20080121:0600,5.11,94.25,0.0,0.0,0.0,271.4,2.14,171.0,102405.0
20080121:0700,5.59,92.25,0.0,0.0,0.0,269.4,2.28,174.0,102405.0
20080121:0800,6.98,89.95,179.0,594.19,55.0,269.6,2.07,175.0,102455.0
20080121:0900,10.8,82.75,347.0,763.01,74.0,272.4,1.59,175.0,102485.0
20080121:1000,14.67,72.4,476.0,825.82,89.0,278.8,1.1,181.0,102515.0
20080121:1100,16.84,59.95,554.0,862.01,94.0,284.8,0.62,215.0,102485.0
20080121:1200,17.8,56.05,569.0,853.4,101.0,289.2,0.76,291.0,102425.0
20080121:1300,18.1,56.5,0.0,0.0,0.0,291.2,1.31,324.0,102326.0
20080121:1400,17.96,58.7,0.0,0.0,0.0,291.8,1.52,340.0,102276.0
20080121:1500,17.42,62.95,276.0,693.75,69.0,290.4,1.31,357.0,102246.0
20080121:1600,16.45,70.9,101.0,456.14,39.0,288.6,1.1,19.0,102246.0
20080121:1700,14.98,79.05,0.0,0.0,0.0,283.2,0.97,40.0,102266.0
20080121:1800,13.82,83.0,0.0,0.0,0.0,277.8,0.62,108.0,102296.0
20080121:1900,13.41,85.5,0.0,0.0,0.0,277.0,0.83,209.0,102336.0
20080121:2000,10.17,92.2,0.0,0.0,0.0,276.0,1.52,203.0,102336.0
20080121:2100,8.45,94.25,0.0,0.0,0.0,275.4,1.86,196.0,102355.0
20080121:2200,7.25,95.5,0.0,0.0,0.0,274.6,2.07,191.0,102365.0
20080121:2300,6.44,96.05,0.0,0.0,0.0,273.4,2.0,189.0,102326.0
20080122:0000,5.78,96.05,0.0,0.0,0.0,272.2,1.86,190.0,102286.0
20080122:0100,5.3,95.8,0.0,0.0,0.0,271.6,1.72,198.0,102286.0
20080122:0200,5.03,95.45,0.0,0.0,0.0,271.4,1.66,209.0,102266.0
20080122:0300,4.89,95.25,0.0,0.0,0.0,272.4,1.86,209.0,102266.0
20080122:0400,5.01,94.8,0.0,0.0,0.0,275.2,1.93,206.0,102226.0
20080122:0500,5.21,94.5,0.0,0.0,0.0,281.8,1.93,206.0,102206.0
20080122:0600,5.35,93.95,0.0,0.0,0.0,286.4,1.86,207.0,102266.0
20080122:0700,5.83,91.45,0.0,0.0,0.0,283.6,1.93,214.0,102276.0
20080122:0800,7.77,89.7,72.0,9.49,70.0,301.2,1.45,225.0,102286.0
20080122:0900,11.12,83.4,101.0,0.0,101.0,312.4,1.24,269.0,102365.0
20080122:1000,13.45,80.45,86.0,0.0,86.0,337.2,2.34,292.0,102405.0
20080122:1100,14.29,74.75,0.0,0.0,0.0,348.8,3.31,285.0,102375.0
20080122:1200,14.88,71.4,0.0,0.0,0.0,338.8,3.52,290.0,102276.0
20080122:1300,15.15,69.5,0.0,0.0,0.0,329.4,3.59,298.0,102216.0
20080122:1400,15.22,68.3,0.0,0.0,0.0,316.2,3.45,288.0,102136.0
20080122:1500,15.07,68.75,0.0,0.0,0.0,310.8,3.38,277.0,102037.0
20080122:1600,14.39,73.9,0.0,0.0,0.0,296.4,2.9,280.0,101997.0
20080122:1700,13.02,82.25,0.0,0.0,0.0,294.8,2.55,282.0,102017.0
20080122:1800,11.97,88.8,0.0,0.0,0.0,299.0,2.34,276.0,102117.0
20080122:1900,11.01,93.6,0.0,0.0,0.0,298.2,2.14,254.0,102156.0
20080122:2000,10.2,95.05,0.0,0.0,0.0,291.4,2.34,245.0,102136.0
20080122:2100,9.81,95.35,0.0,0.0,0.0,286.6,2.41,245.0,102156.0
20080122:2200,9.56,95.65,0.0,0.0,0.0,288.6,2.28,244.0,102166.0
20080122:2300,9.4,95.45,0.0,0.0,0.0,295.8,2.21,243.0,102216.0
20080123:0000,9.36,94.9,0.0,0.0,0.0,302.8,2.07,246.0,102186.0
20080123:0100,9.42,93.8,0.0,0.0,0.0,310.45,1.86,255.0,102186.0
20080123:0200,9.17,94.2,0.0,0.0,0.0,306.2,1.66,262.0,102176.0
20080123:0300,9.3,94.5,0.0,0.0,0.0,313.4,1.24,275.0,102176.0
20080123:0400,9.86,92.6,0.0,0.0,0.0,302.4,0.83,267.0,102166.0
20080123:0500,10.39,91.4,0.0,0.0,0.0,312.0,0.07,209.0,102156.0
20080123:0600,9.62,92.95,0.0,0.0,0.0,309.0,0.62,103.0,102196.0
20080123:0700,9.95,89.6,0.0,0.0,0.0,318.4,0.83,47.0,102206.0
20080123:0800,9.97,90.05,0.0,0.0,0.0,321.0,1.31,18.0,102296.0
20080123:0900,12.33,80.95,0.0,0.0,0.0,318.4,2.48,7.0,102355.0
20080123:1000,12.82,69.0,0.0,0.0,0.0,295.4,3.86,9.0,102365.0
20080123:1100,13.14,63.45,0.0,0.0,0.0,292.0,4.0,5.0,102375.0
20080123:1200,13.28,59.55,0.0,0.0,0.0,283.6,3.93,4.0,102336.0
20080123:1300,13.27,59.15,0.0,0.0,0.0,286.4,3.72,6.0,102296.0
20080123:1400,13.1,60.0,0.0,0.0,0.0,285.0,3.31,12.0,102286.0
20080123:1500,12.74,61.25,0.0,0.0,0.0,285.6,2.76,17.0,102266.0
20080123:1600,12.23,62.85,0.0,0.0,0.0,295.4,2.0,22.0,102276.0
20080123:1700,11.48,66.85,0.0,0.0,0.0,288.0,1.24,26.0,102296.0
20080123:1800,10.27,75.55,0.0,0.0,0.0,275.0,0.9,44.0,102316.0
20080123:1900,10.25,76.2,0.0,0.0,0.0,284.6,0.83,318.0,102365.0
20080123:2000,10.3,75.95,0.0,0.0,0.0,279.8,0.62,301.0,102355.0
20080123:2100,10.14,77.05,0.0,0.0,0.0,296.4,0.41,289.0,102395.0
20080123:2200,9.92,78.15,0.0,0.0,0.0,295.4,0.48,264.0,102385.0
20080123:2300,9.68,79.45,0.0,0.0,0.0,302.0,0.48,252.0,102425.0
20080124:0000,9.13,82.0,0.0,0.0,0.0,312.0,0.62,242.0,102445.0
20080124:0100,8.63,84.4,0.0,0.0,0.0,304.0,0.76,238.0,102435.0
20080124:0200,8.23,86.9,0.0,0.0,0.0,314.2,0.76,229.0,102435.0
20080124:0300,7.99,88.5,0.0,0.0,0.0,314.4,0.69,211.0,102425.0
20080124:0400,7.81,89.8,0.0,0.0,0.0,317.6,0.69,191.0,102385.0
20080124:0500,7.38,90.5,0.0,0.0,0.0,295.6,0.83,188.0,102415.0
20080124:0600,7.35,91.05,0.0,0.0,0.0,317.6,0.76,178.0,102455.0
20080124:0700,9.88,73.85,0.0,0.0,0.0,318.8,0.55,75.0,102475.0
20080124:0800,9.29,79.35,183.0,581.27,58.0,313.2,0.76,96.0,102525.0
20080124:0900,11.16,71.0,354.0,755.63,78.0,293.2,1.17,68.0,102574.0
20080124:1000,12.36,60.45,483.0,815.25,94.0,293.8,2.83,61.0,102584.0
20080124:1100,12.76,58.25,562.0,848.81,101.0,281.4,2.83,58.0,102564.0
20080124:1200,13.17,56.65,578.0,841.33,108.0,278.6,2.83,50.0,102515.0
20080124:1300,13.28,56.2,534.0,822.7,104.0,278.2,2.83,42.0,102425.0
20080124:1400,13.19,56.15,423.0,715.16,110.0,276.0,3.03,37.0,102415.0
20080124:1500,12.78,56.85,288.0,701.33,71.0,276.2,3.17,38.0,102425.0
20080124:1600,12.07,59.15,105.0,388.67,48.0,268.2,2.83,40.0,102465.0
20080124:1700,10.75,64.0,0.0,0.0,0.0,264.6,2.41,44.0,102535.0
20080124:1800,9.76,67.85,0.0,0.0,0.0,258.8,2.07,55.0,102604.0
20080124:1900,8.9,71.3,0.0,0.0,0.0,255.6,1.66,71.0,102664.0
20080124:2000,8.73,71.1,0.0,0.0,0.0,253.2,1.45,90.0,102704.0
20080124:2100,7.87,75.05,0.0,0.0,0.0,252.4,1.38,111.0,102724.0
20080124:2200,6.54,80.6,0.0,0.0,0.0,251.0,1.45,130.0,102704.0
20080124:2300,5.12,85.75,0.0,0.0,0.0,250.2,1.59,142.0,102724.0
20080125:0000,4.01,89.65,0.0,0.0,0.0,250.0,1.59,150.0,102744.0
20080125:0100,3.2,92.1,0.0,0.0,0.0,248.8,1.59,155.0,102754.0
20080125:0200,2.47,93.55,0.0,0.0,0.0,248.4,1.66,158.0,102744.0
20080125:0300,1.86,94.2,0.0,0.0,0.0,248.0,1.66,158.0,102764.0
20080125:0400,1.83,94.6,0.0,0.0,0.0,262.6,1.52,157.0,102744.0
20080125:0500,1.44,94.75,0.0,0.0,0.0,253.2,1.59,160.0,102773.0
20080125:0600,1.17,94.2,0.0,0.0,0.0,251.0,1.59,162.0,102823.0
20080125:0700,1.11,94.7,0.0,0.0,0.0,257.0,1.59,161.0,102833.0
20080125:0800,3.37,92.95,191.0,639.48,52.0,264.8,1.24,160.0,102893.0
20080125:0900,8.56,76.55,343.0,660.44,100.0,268.4,0.9,161.0,102923.0
20080125:1000,10.66,69.05,473.0,741.39,117.0,263.4,0.62,98.0,102933.0
20080125:1100,11.66,65.8,547.0,757.64,133.0,265.0,1.24,49.0,102893.0
20080125:1200,12.34,61.8,579.0,825.33,115.0,284.4,1.66,36.0,102843.0
20080125:1300,12.61,59.75,491.0,598.41,176.0,283.2,1.86,33.0,102764.0
20080125:1400,12.63,59.35,320.0,246.91,211.0,283.0,2.07,34.0,102744.0
20080125:1500,12.32,60.15,235.0,325.69,133.0,282.2,2.28,37.0,102724.0
20080125:1600,11.76,62.1,91.0,212.9,59.0,270.6,2.14,39.0,102793.0
20080125:1700,10.57,67.0,0.0,0.0,0.0,267.8,1.93,46.0,102803.0
20080125:1800,9.44,71.85,0.0,0.0,0.0,259.0,1.86,63.0,102873.0
20080125:1900,8.63,76.05,0.0,0.0,0.0,258.0,1.66,70.0,102893.0
20080125:2000,8.32,77.1,0.0,0.0,0.0,257.0,1.31,90.0,102953.0
20080125:2100,7.53,80.1,0.0,0.0,0.0,255.8,1.24,128.0,102913.0
20080125:2200,5.36,87.6,0.0,0.0,0.0,255.2,1.59,149.0,102933.0
20080125:2300,3.84,92.9,0.0,0.0,0.0,254.0,1.72,150.0,102913.0
20080126:0000,2.83,95.55,0.0,0.0,0.0,253.8,1.59,150.0,102923.0
20080126:0100,2.29,96.7,0.0,0.0,0.0,265.4,1.52,150.0,102903.0
20080126:0200,2.23,96.75,0.0,0.0,0.0,275.6,1.45,150.0,102833.0
20080126:0300,2.17,95.9,0.0,0.0,0.0,274.6,1.52,151.0,102863.0
20080126:0400,1.83,95.4,0.0,0.0,0.0,270.4,1.52,153.0,102813.0
20080126:0500,1.63,94.9,0.0,0.0,0.0,270.8,1.59,155.0,102833.0
20080126:0600,1.56,94.2,0.0,0.0,0.0,280.8,1.66,160.0,102853.0
20080126:0700,1.85,98.4,0.0,0.0,0.0,300.8,2.14,171.0,102863.0
20080126:0800,2.62,95.8,187.0,573.3,61.0,289.6,2.0,173.0,102893.0
20080126:0900,5.71,89.1,356.0,731.03,85.0,290.0,1.52,173.0,102903.0
20080126:1000,9.81,75.5,485.0,786.28,105.0,274.8,0.97,167.0,102933.0
20080126:1100,12.07,62.45,554.0,774.77,128.0,265.0,0.62,103.0,102873.0
20080126:1200,13.3,53.65,586.0,843.0,109.0,269.4,1.17,55.0,102783.0
20080126:1300,13.82,51.25,540.0,809.16,111.0,272.2,1.72,35.0,102684.0
20080126:1400,13.83,52.15,417.0,640.02,132.0,273.8,2.14,27.0,102654.0
20080126:1500,13.34,56.2,253.0,406.95,124.0,276.4,2.41,27.0,102644.0
20080126:1600,12.47,64.1,100.0,266.25,59.0,281.0,2.07,27.0,102714.0
20080126:1700,11.16,72.2,0.0,0.0,0.0,276.8,1.79,36.0,102754.0
20080126:1800,9.88,81.1,0.0,0.0,0.0,271.2,1.31,57.0,102843.0
20080126:1900,9.09,85.65,0.0,0.0,0.0,270.4,0.83,78.0,102873.0
20080126:2000,8.79,85.45,0.0,0.0,0.0,266.2,0.83,134.0,102883.0
20080126:2100,7.09,90.25,0.0,0.0,0.0,264.8,1.24,161.0,102853.0
20080126:2200,5.44,94.0,0.0,0.0,0.0,265.8,1.52,166.0,102873.0
20080126:2300,4.24,96.1,0.0,0.0,0.0,261.0,1.59,164.0,102853.0
20080127:0000,3.41,96.75,0.0,0.0,0.0,261.2,1.66,161.0,102833.0
20080127:0100,2.73,96.65,0.0,0.0,0.0,258.0,1.66,161.0,102793.0
20080127:0200,2.37,96.7,0.0,0.0,0.0,262.6,1.72,161.0,102793.0
20080127:0300,2.05,96.35,0.0,0.0,0.0,258.6,1.72,164.0,102793.0
20080127:0400,1.82,96.55,0.0,0.0,0.0,260.0,1.66,164.0,102793.0
20080127:0500,1.77,96.8,0.0,0.0,0.0,265.8,1.66,161.0,102813.0
20080127:0600,1.55,96.5,0.0,0.0,0.0,257.6,1.72,159.0,102853.0
20080127:0700,1.73,95.55,22.0,256.14,11.0,261.6,1.79,158.0,102893.0
20080127:0800,3.57,94.55,187.0,557.82,63.0,265.4,1.31,153.0,102913.0
20080127:0900,9.03,81.5,359.0,730.77,86.0,267.8,0.9,141.0,102933.0
20080127:1000,11.48,73.3,494.0,818.11,96.0,273.8,0.9,87.0,102953.0
20080127:1100,12.85,67.3,577.0,869.29,96.0,277.2,1.52,57.0,102903.0
20080127:1200,13.66,63.6,590.0,844.55,109.0,275.6,1.93,40.0,102863.0
20080127:1300,13.98,63.1,532.0,750.91,131.0,279.0,2.34,31.0,102754.0
20080127:1400,13.82,64.65,441.0,750.23,104.0,284.8,2.48,28.0,102744.0
20080127:1500,13.36,66.75,301.0,710.64,73.0,279.2,2.41,30.0,102724.0
20080127:1600,12.59,70.55,124.0,513.62,43.0,277.8,2.14,33.0,102764.0
20080127:1700,11.36,76.4,0.0,0.0,0.0,273.0,1.72,37.0,102813.0
20080127:1800,9.97,84.25,0.0,0.0,0.0,267.6,1.17,51.0,102853.0
20080127:1900,9.05,86.9,0.0,0.0,0.0,267.0,1.03,79.0,102873.0
20080127:2000,8.63,87.5,0.0,0.0,0.0,265.4,0.97,132.0,102853.0
20080127:2100,6.84,92.55,0.0,0.0,0.0,263.6,1.31,166.0,102833.0
20080127:2200,5.34,96.2,0.0,0.0,0.0,262.4,1.45,170.0,102793.0
20080127:2300,4.29,97.5,0.0,0.0,0.0,261.6,1.45,166.0,102803.0
20080128:0000,3.39,98.25,0.0,0.0,0.0,265.8,1.45,166.0,102773.0
20080128:0100,2.68,98.7,0.0,0.0,0.0,268.4,1.52,170.0,102764.0
20080128:0200,2.37,98.7,0.0,0.0,0.0,270.0,1.66,174.0,102714.0
20080128:0300,2.26,98.55,0.0,0.0,0.0,272.4,1.66,178.0,102684.0
20080128:0400,2.14,98.8,0.0,0.0,0.0,271.6,1.66,179.0,102624.0
20080128:0500,1.94,98.9,0.0,0.0,0.0,269.4,1.59,177.0,102604.0
20080128:0600,1.77,98.75,0.0,0.0,0.0,267.0,1.66,178.0,102624.0
20080128:0700,1.75,95.95,22.0,221.22,12.0,260.8,1.79,177.0,102644.0
20080128:0800,3.48,94.05,192.0,582.47,61.0,260.2,1.31,173.0,102664.0
20080128:0900,8.95,84.05,364.0,748.93,82.0,261.0,0.69,170.0,102724.0
20080128:1000,11.94,74.4,498.0,820.8,96.0,265.2,0.28,152.0,102714.0
20080128:1100,13.48,69.6,581.0,870.92,96.0,267.0,0.21,210.0,102614.0
20080128:1200,14.63,65.1,595.0,845.97,110.0,270.8,0.41,323.0,102535.0
20080128:1300,15.27,62.4,555.0,844.0,101.0,272.6,1.17,3.0,102375.0
20080128:1400,15.3,61.9,448.0,767.99,100.0,273.8,1.79,17.0,102355.0
20080128:1500,14.79,63.65,303.0,702.13,75.0,273.2,1.93,25.0,102336.0
20080128:1600,13.78,68.9,128.0,532.67,42.0,271.4,1.72,31.0,102365.0
20080128:1700,12.32,74.75,0.0,0.0,0.0,267.2,1.59,45.0,102375.0
20080128:1800,10.55,84.1,0.0,0.0,0.0,262.2,1.17,91.0,102385.0
20080128:1900,9.11,87.8,0.0,0.0,0.0,260.8,1.1,141.0,102365.0
20080128:2000,7.6,91.2,0.0,0.0,0.0,259.4,1.31,151.0,102375.0
20080128:2100,6.05,94.85,0.0,0.0,0.0,259.2,1.52,153.0,102385.0
20080128:2200,4.61,97.0,0.0,0.0,0.0,259.0,1.66,158.0,102385.0
20080128:2300,3.71,96.95,0.0,0.0,0.0,258.8,1.72,159.0,102385.0
20080129:0000,3.13,96.45,0.0,0.0,0.0,259.0,1.86,158.0,102345.0
20080129:0100,2.79,96.25,0.0,0.0,0.0,259.0,1.93,158.0,102286.0
20080129:0200,2.68,95.9,0.0,0.0,0.0,258.2,2.0,159.0,102296.0
20080129:0300,2.68,95.0,0.0,0.0,0.0,258.2,2.07,161.0,102236.0
20080129:0400,2.74,93.45,0.0,0.0,0.0,257.2,2.14,164.0,102226.0
20080129:0500,2.92,90.45,0.0,0.0,0.0,256.4,2.28,168.0,102226.0
20080129:0600,3.1,86.4,0.0,0.0,0.0,256.0,2.41,169.0,102256.0
20080129:0700,3.17,86.3,25.0,273.34,12.0,256.2,2.48,167.0,102286.0
20080129:0800,5.14,80.1,196.0,593.13,61.0,256.4,2.41,168.0,102286.0
20080129:0900,9.37,74.25,368.0,750.83,83.0,259.0,2.07,167.0,102345.0
20080129:1000,13.91,63.65,501.0,821.28,96.0,264.6,1.66,169.0,102336.0
20080129:1100,16.98,51.0,582.0,856.36,102.0,270.8,1.31,174.0,102316.0
20080129:1200,18.51,41.0,599.0,847.29,110.0,275.6,1.45,191.0,102266.0
20080129:1300,19.19,39.0,556.0,830.46,106.0,278.6,1.24,207.0,102166.0
20080129:1400,19.41,38.65,455.0,783.18,97.0,281.0,0.83,223.0,102126.0
20080129:1500,19.09,42.2,308.0,705.93,76.0,282.2,0.28,312.0,102126.0
20080129:1600,18.13,51.3,131.0,526.56,44.0,282.0,0.97,5.0,102136.0
20080129:1700,16.31,61.35,0.0,0.0,0.0,277.6,0.69,7.0,102166.0
20080129:1800,15.07,63.6,0.0,0.0,0.0,272.4,0.28,174.0,102236.0
20080129:1900,10.11,80.3,0.0,0.0,0.0,270.8,1.52,180.0,102266.0
20080129:2000,7.61,84.5,0.0,0.0,0.0,269.6,1.93,177.0,102296.0
20080129:2100,6.21,84.95,0.0,0.0,0.0,268.2,2.14,178.0,102326.0
20080129:2200,5.59,83.4,0.0,0.0,0.0,266.6,2.21,181.0,102345.0
20080129:2300,5.32,78.8,0.0,0.0,0.0,264.8,2.34,182.0,102385.0
20080130:0000,5.1,74.55,0.0,0.0,0.0,263.6,2.48,183.0,102365.0
20080130:0100,4.96,72.5,0.0,0.0,0.0,262.0,2.48,184.0,102355.0
20080130:0200,4.84,70.95,0.0,0.0,0.0,260.8,2.55,185.0,102365.0
20080130:0300,4.67,70.0,0.0,0.0,0.0,260.0,2.55,185.0,102336.0
20080130:0400,4.5,69.5,0.0,0.0,0.0,259.0,2.62,185.0,102345.0
20080130:0500,4.29,69.3,0.0,0.0,0.0,258.2,2.62,185.0,102336.0
20080130:0600,4.09,69.3,0.0,0.0,0.0,257.6,2.62,183.0,102395.0
20080130:0700,4.01,70.65,25.0,219.95,14.0,257.2,2.55,181.0,102405.0
20080130:0800,5.4,72.3,200.0,607.63,60.0,257.8,2.21,183.0,102465.0
20080130:0900,9.36,68.6,371.0,752.51,83.0,262.2,1.66,188.0,102485.0
20080130:1000,13.3,56.25,505.0,823.64,96.0,269.6,1.17,203.0,102505.0
20080130:1100,15.32,45.2,587.0,857.83,103.0,276.0,0.9,263.0,102445.0
20080130:1200,16.17,46.55,604.0,848.5,111.0,280.4,1.52,312.0,102375.0
20080130:1300,16.29,51.95,561.0,831.7,107.0,285.0,2.07,330.0,102296.0
20080130:1400,15.78,60.8,406.0,511.78,170.0,290.8,2.41,340.0,102216.0
20080130:1500,15.04,69.55,268.0,414.91,130.0,287.6,2.41,346.0,102206.0
20080130:1600,13.99,78.95,115.0,301.74,64.0,294.2,1.93,349.0,102196.0
20080130:1700,12.72,86.9,0.0,0.0,0.0,293.8,1.45,351.0,102246.0
20080130:1800,11.27,95.8,0.0,0.0,0.0,290.6,0.83,352.0,102296.0
20080130:1900,11.22,93.1,0.0,0.0,0.0,279.0,0.14,6.0,102296.0
20080130:2000,10.74,95.15,0.0,0.0,0.0,275.8,0.48,155.0,102296.0
20080130:2100,10.15,96.05,0.0,0.0,0.0,284.8,0.9,160.0,102306.0
20080130:2200,8.93,97.05,0.0,0.0,0.0,291.4,1.03,166.0,102336.0
20080130:2300,7.84,97.65,0.0,0.0,0.0,282.2,1.1,178.0,102355.0
20080131:0000,6.93,98.0,0.0,0.0,0.0,288.0,1.17,191.0,102345.0
20080131:0100,6.03,98.65,0.0,0.0,0.0,288.6,1.24,199.0,102336.0
20080131:0200,5.94,98.6,0.0,0.0,0.0,301.6,1.24,204.0,102316.0
20080131:0300,5.89,97.6,0.0,0.0,0.0,309.2,1.31,203.0,102316.0
20080131:0400,6.31,96.05,0.0,0.0,0.0,320.6,1.38,200.0,102266.0
20080131:0500,6.93,94.8,0.0,0.0,0.0,334.6,1.31,196.0,102256.0
20080131:0600,7.09,93.65,0.0,0.0,0.0,331.6,1.31,197.0,102256.0
20080131:0700,7.09,94.75,23.0,133.18,16.0,329.4,0.97,200.0,102266.0
20080131:0800,8.03,94.1,118.0,72.87,101.0,302.8,0.69,213.0,102326.0
20080131:0900,11.06,89.2,279.0,256.52,180.0,327.0,0.76,271.0,102365.0
20080131:1000,12.28,80.05,360.0,229.96,245.0,303.0,1.17,313.0,102355.0
20080131:1100,13.4,72.65,472.0,385.57,253.0,304.2,1.72,323.0,102316.0
20080131:1200,13.76,70.0,329.0,71.8,287.0,322.6,2.07,329.0,102206.0
20080131:1300,13.9,69.65,315.0,81.83,270.0,315.6,2.34,334.0,102117.0
20080131:1400,13.85,69.85,357.0,307.4,214.0,322.8,2.62,343.0,102057.0
20080131:1500,13.18,74.15,265.0,377.32,138.0,319.8,2.55,356.0,102047.0
20080131:1600,10.64,86.85,101.0,167.78,72.0,297.51,1.14,10.0,102077.0
20080131:1700,10.31,87.37,0.0,0.0,0.0,296.65,1.21,23.0,102097.0
20080131:1800,9.99,87.89,0.0,0.0,0.0,295.78,1.29,50.0,102117.0
20080131:1900,9.66,88.41,0.0,0.0,0.0,294.91,1.37,110.0,102136.0
20080131:2000,9.33,88.92,0.0,0.0,0.0,294.05,1.44,155.0,102136.0
20080131:2100,9.0,89.44,0.0,0.0,0.0,293.18,1.52,167.0,102146.0
20080131:2200,8.67,89.96,0.0,0.0,0.0,292.31,1.6,171.0,102126.0
20080131:2300,8.35,90.48,0.0,0.0,0.0,291.45,1.67,172.0,102136.0
20160201:0000,8.02,91.0,0.0,0.0,0.0,290.58,1.75,186.0,102744.0
20160201:0100,7.69,91.51,0.0,0.0,0.0,289.71,1.83,189.0,102714.0
20160201:0200,7.36,92.03,0.0,0.0,0.0,288.85,1.9,191.0,102654.0
20160201:0300,7.03,92.55,0.0,0.0,0.0,287.98,1.98,192.0,102654.0
20160201:0400,6.71,93.07,0.0,0.0,0.0,287.11,2.05,193.0,102664.0
20160201:0500,6.38,93.59,0.0,0.0,0.0,286.25,2.13,192.0,102654.0
20160201:0600,6.05,94.11,0.0,0.0,0.0,285.38,2.21,191.0,102654.0
20160201:0700,5.72,94.62,26.0,163.04,17.0,284.51,2.28,188.0,102684.0
20160201:0800,8.4,87.9,200.0,558.68,68.0,288.6,1.52,191.0,102724.0
20160201:0900,13.03,73.0,370.0,703.92,96.0,291.0,1.1,198.0,102744.0
20160201:1000,15.1,60.75,512.0,823.91,97.0,297.4,1.31,243.0,102754.0
20160201:1100,16.16,57.75,591.0,846.41,107.0,301.0,1.17,270.0,102694.0
20160201:1200,16.96,55.65,615.0,870.99,102.0,301.2,1.1,306.0,102624.0
20160201:1300,17.39,54.85,569.0,835.72,106.0,302.8,1.38,332.0,102545.0
20160201:1400,17.46,55.4,464.0,771.37,102.0,303.6,1.59,342.0,102505.0
20160201:1500,17.14,57.5,313.0,660.62,88.0,302.6,1.59,347.0,102515.0
20160201:1600,16.38,62.45,136.0,464.11,54.0,300.2,1.52,350.0,102525.0
20160201:1700,15.16,70.85,0.0,0.0,0.0,296.2,1.31,358.0,102574.0
20160201:1800,13.42,83.8,0.0,0.0,0.0,291.2,0.83,25.0,102594.0
20160201:1900,13.23,82.5,0.0,0.0,0.0,289.4,0.62,110.0,102614.0
20160201:2000,12.55,84.8,0.0,0.0,0.0,287.8,0.83,144.0,102624.0
20160201:2100,11.01,88.9,0.0,0.0,0.0,286.4,1.1,158.0,102614.0
20160201:2200,9.31,92.7,0.0,0.0,0.0,285.4,1.45,163.0,102644.0
20160201:2300,7.89,95.5,0.0,0.0,0.0,284.0,1.72,168.0,102604.0
20160202:0000,7.05,96.4,0.0,0.0,0.0,283.0,1.86,170.0,102584.0
20160202:0100,6.56,95.95,0.0,0.0,0.0,281.6,1.86,171.0,102535.0
20160202:0200,6.27,95.35,0.0,0.0,0.0,280.2,1.86,171.0,102475.0
20160202:0300,6.11,95.2,0.0,0.0,0.0,279.8,1.93,169.0,102405.0
20160202:0400,6.02,95.0,0.0,0.0,0.0,279.6,1.93,168.0,102385.0
20160202:0500,6.0,94.55,0.0,0.0,0.0,279.2,1.93,168.0,102375.0
20160202:0600,5.98,93.9,0.0,0.0,0.0,279.4,1.93,169.0,102405.0
20160202:0700,6.12,93.7,29.0,207.11,17.0,281.8,1.72,169.0,102445.0
20160202:0800,8.21,90.8,205.0,584.93,65.0,284.2,1.45,166.0,102455.0
20160202:0900,13.57,72.35,371.0,692.75,99.0,289.0,1.24,162.0,102475.0
20160202:1000,17.03,58.55,513.0,810.06,102.0,295.4,0.97,147.0,102455.0
20160202:1100,19.11,51.3,596.0,849.36,107.0,301.2,0.62,125.0,102385.0
20160202:1200,20.33,48.0,620.0,873.45,102.0,305.8,0.34,39.0,102306.0
20160202:1300,20.87,47.35,571.0,822.35,112.0,308.2,0.9,18.0,102146.0
20160202:1400,20.99,48.05,471.0,787.88,98.0,308.8,1.38,31.0,102097.0
20160202:1500,20.6,51.15,319.0,676.09,86.0,308.2,1.86,35.0,102047.0
20160202:1600,19.44,60.3,140.0,476.34,54.0,306.2,1.72,35.0,102037.0
20160202:1700,17.78,68.7,0.0,0.0,0.0,301.6,1.72,40.0,102057.0
20160202:1800,16.03,78.7,0.0,0.0,0.0,296.2,1.24,63.0,102067.0
20160202:1900,15.28,78.9,0.0,0.0,0.0,297.0,0.97,130.0,102126.0
20160202:2000,12.94,84.65,0.0,0.0,0.0,297.2,1.45,160.0,102156.0
20160202:2100,10.76,89.35,0.0,0.0,0.0,296.4,1.86,168.0,102156.0
20160202:2200,9.53,91.25,0.0,0.0,0.0,295.8,2.0,167.0,102126.0
20160202:2300,9.05,90.25,0.0,0.0,0.0,294.2,2.14,169.0,102097.0
20160203:0000,9.07,86.1,0.0,0.0,0.0,292.2,2.28,171.0,102027.0
20160203:0100,9.04,80.95,0.0,0.0,0.0,291.0,2.34,174.0,102017.0
20160203:0200,8.78,79.0,0.0,0.0,0.0,289.4,2.34,177.0,101957.0
20160203:0300,8.58,77.85,0.0,0.0,0.0,288.2,2.55,179.0,101947.0
20160203:0400,8.53,76.8,0.0,0.0,0.0,286.6,2.76,180.0,101907.0
20160203:0500,8.52,76.1,0.0,0.0,0.0,285.0,2.76,183.0,101888.0
20160203:0600,8.5,76.05,0.0,0.0,0.0,284.2,2.55,195.0,101927.0
20160203:0700,8.7,76.5,31.0,197.47,19.0,283.4,2.41,218.0,101987.0
20160203:0800,10.48,75.25,204.0,544.33,72.0,293.8,2.21,233.0,102087.0
20160203:0900,14.17,66.15,373.0,681.63,103.0,312.4,2.14,248.0,102146.0
20160203:1000,15.78,69.65,512.0,782.6,112.0,312.8,2.83,270.0,102156.0
20160203:1100,16.86,68.15,587.0,788.35,130.0,330.2,2.97,283.0,102136.0
20160203:1200,17.33,66.8,612.0,812.17,127.0,319.8,3.24,296.0,102047.0
20160203:1300,17.41,66.35,495.0,483.7,223.0,330.4,3.66,307.0,101997.0
20160203:1400,16.83,69.4,259.0,69.1,226.0,313.8,3.86,317.0,101977.0
20160203:1500,15.89,75.35,130.0,8.6,127.0,321.2,3.45,322.0,102007.0
20160203:1600,15.01,80.25,50.0,0.0,50.0,318.2,3.24,326.0,102077.0
20160203:1700,13.99,84.05,0.0,0.0,0.0,325.0,2.55,332.0,102146.0
20160203:1800,12.91,90.15,0.0,0.0,0.0,317.0,1.86,334.0,102226.0
20160203:1900,12.81,92.6,0.0,0.0,0.0,333.8,1.03,320.0,102296.0
20160203:2000,12.33,95.1,0.0,0.0,0.0,343.0,0.97,306.0,102345.0
20160203:2100,11.45,97.2,0.0,0.0,0.0,327.4,1.17,312.0,102415.0
20160203:2200,10.97,96.85,0.0,0.0,0.0,336.6,1.03,333.0,102425.0
20160203:2300,10.97,98.05,0.0,0.0,0.0,346.4,0.9,31.0,102465.0
20160204:0000,11.16,97.45,0.0,0.0,0.0,348.6,1.45,65.0,102435.0
20160204:0100,11.36,95.9,0.0,0.0,0.0,356.45,2.55,60.0,102445.0
20160204:0200,11.51,92.2,0.0,0.0,0.0,360.2,4.07,61.0,102455.0
20160204:0300,11.45,87.9,0.0,0.0,0.0,358.2,4.41,58.0,102505.0
20160204:0400,11.18,85.4,0.0,0.0,0.0,353.0,4.41,56.0,102545.0
20160204:0500,11.0,83.0,0.0,0.0,0.0,347.2,4.21,57.0,102634.0
20160204:0600,10.88,80.15,0.0,0.0,0.0,342.4,3.86,61.0,102734.0
20160204:0700,11.22,74.25,23.0,62.8,19.0,346.8,3.79,60.0,102813.0
20160204:0800,11.48,72.4,125.0,77.32,106.0,331.8,2.9,63.0,102903.0
20160204:0900,11.97,67.75,224.0,90.08,188.0,321.0,2.76,64.0,102973.0
20160204:1000,12.78,59.1,225.0,19.42,215.0,343.6,3.1,64.0,103012.0
20160204:1100,13.38,55.3,517.0,491.67,230.0,335.2,3.38,55.0,103032.0
20160204:1200,13.43,54.8,620.0,828.17,122.0,328.6,3.52,50.0,102983.0
20160204:1300,13.66,54.25,558.0,721.91,149.0,310.2,3.38,50.0,102883.0
20160204:1400,13.6,54.05,471.0,734.78,117.0,290.2,3.17,46.0,102843.0
20160204:1500,13.17,54.5,326.0,671.84,89.0,286.4,3.1,44.0,102833.0
20160204:1600,12.52,56.05,146.0,467.31,58.0,280.8,2.97,45.0,102833.0
20160204:1700,11.38,61.35,0.0,0.0,0.0,268.2,2.41,47.0,102823.0
20160204:1800,10.2,66.55,0.0,0.0,0.0,265.0,2.14,57.0,102863.0
20160204:1900,9.6,70.35,0.0,0.0,0.0,260.0,1.93,75.0,102923.0
20160204:2000,9.04,72.1,0.0,0.0,0.0,255.8,1.52,88.0,102963.0
20160204:2100,8.55,74.45,0.0,0.0,0.0,252.6,1.31,111.0,103022.0
20160204:2200,7.25,80.4,0.0,0.0,0.0,249.8,1.52,127.0,102953.0
20160204:2300,5.74,86.4,0.0,0.0,0.0,247.8,1.79,139.0,102983.0
20160205:0000,4.68,89.85,0.0,0.0,0.0,246.8,1.93,151.0,102923.0
20160205:0100,3.86,92.2,0.0,0.0,0.0,246.2,2.0,158.0,102863.0
20160205:0200,3.37,92.6,0.0,0.0,0.0,245.4,2.0,160.0,102793.0
20160205:0300,3.0,92.65,0.0,0.0,0.0,245.8,1.93,158.0,102714.0
20160205:0400,2.71,92.85,0.0,0.0,0.0,247.4,1.93,157.0,102644.0
20160205:0500,2.78,92.2,0.0,0.0,0.0,249.6,2.0,157.0,102584.0
20160205:0600,2.78,91.8,0.0,0.0,0.0,247.4,2.14,156.0,102584.0
20160205:0700,2.42,92.45,34.0,194.89,21.0,247.2,2.21,160.0,102594.0
20160205:0800,4.4,83.9,206.0,509.88,79.0,244.8,1.86,158.0,102564.0
20160205:0900,8.6,66.0,364.0,587.67,127.0,247.6,1.59,151.0,102574.0
20160205:1000,12.02,46.7,506.0,715.08,135.0,253.8,1.45,125.0,102564.0
20160205:1100,14.14,35.7,597.0,791.08,132.0,261.4,1.72,107.0,102465.0
20160205:1200,15.63,31.9,628.0,845.53,116.0,270.4,1.86,98.0,102326.0
20160205:1300,16.54,30.75,579.0,797.11,124.0,276.8,1.79,85.0,102196.0
20160205:1400,17.06,31.0,486.0,794.25,100.0,283.6,1.93,70.0,102126.0
20160205:1500,16.82,34.3,314.0,566.04,112.0,290.2,2.48,58.0,102087.0
20160205:1600,15.87,43.75,151.0,483.82,58.0,287.6,2.48,61.0,102117.0
20160205:1700,14.4,51.7,0.0,0.0,0.0,284.6,2.55,76.0,102126.0
20160205:1800,13.0,57.2,0.0,0.0,0.0,277.8,2.41,100.0,102136.0
20160205:1900,11.47,59.7,0.0,0.0,0.0,270.4,2.34,132.0,102166.0
20160205:2000,9.73,64.15,0.0,0.0,0.0,271.6,2.48,145.0,102146.0
20160205:2100,8.94,62.6,0.0,0.0,0.0,280.0,2.62,152.0,102136.0
20160205:2200,8.48,57.8,0.0,0.0,0.0,277.2,2.9,156.0,102126.0
20160205:2300,8.38,52.2,0.0,0.0,0.0,279.4,3.1,159.0,102107.0
20160206:0000,8.69,47.35,0.0,0.0,0.0,286.2,3.24,162.0,102087.0
20160206:0100,9.08,42.85,0.0,0.0,0.0,292.2,3.45,164.0,102077.0
20160206:0200,9.55,39.7,0.0,0.0,0.0,300.6,3.59,165.0,102037.0
20160206:0300,9.88,38.35,0.0,0.0,0.0,300.8,3.79,168.0,101997.0
20160206:0400,10.07,38.1,0.0,0.0,0.0,305.4,3.79,168.0,101987.0
20160206:0500,10.08,38.8,0.0,0.0,0.0,304.4,3.93,169.0,101977.0
20160206:0600,9.79,40.65,0.0,0.0,0.0,291.2,3.93,170.0,102037.0
20160206:0700,10.02,42.45,37.0,229.21,21.0,300.6,3.86,173.0,102047.0
20160206:0800,11.03,44.6,127.0,71.29,109.0,312.6,3.72,174.0,102097.0
20160206:0900,12.69,45.05,254.0,142.51,196.0,316.8,3.45,174.0,102117.0
20160206:1000,14.61,42.4,479.0,573.86,179.0,320.4,3.93,177.0,102087.0
20160206:1100,16.2,41.1,397.0,163.87,300.0,325.8,4.0,182.0,102097.0
20160206:1200,17.52,40.4,445.0,231.23,304.0,333.6,3.93,189.0,101987.0
20160206:1300,18.43,39.8,399.0,193.01,288.0,341.0,3.52,194.0,101898.0
20160206:1400,18.85,39.45,233.0,34.68,216.0,338.0,3.03,198.0,101838.0
20160206:1500,18.75,41.25,114.0,2.77,113.0,341.4,2.28,197.0,101798.0
20160206:1600,18.04,43.95,90.0,56.08,79.0,343.2,1.93,189.0,101788.0
20160206:1700,16.91,44.75,0.0,0.0,0.0,343.2,2.21,181.0,101758.0
20160206:1800,15.67,44.65,0.0,0.0,0.0,341.4,2.9,171.0,101748.0
20160206:1900,15.38,41.75,0.0,0.0,0.0,336.6,3.45,171.0,101728.0
20160206:2000,14.64,42.1,0.0,0.0,0.0,319.8,3.59,172.0,101728.0
20160206:2100,13.92,42.9,0.0,0.0,0.0,308.6,3.79,173.0,101728.0
20160206:2200,13.21,43.45,0.0,0.0,0.0,297.8,4.0,173.0,101659.0
20160206:2300,12.67,43.7,0.0,0.0,0.0,288.0,4.21,174.0,101698.0
20160207:0000,12.29,43.9,0.0,0.0,0.0,285.4,4.34,175.0,101669.0
20160207:0100,12.04,44.25,0.0,0.0,0.0,284.2,4.48,176.0,101599.0
20160207:0200,11.85,44.95,0.0,0.0,0.0,283.6,4.62,175.0,101519.0
20160207:0300,11.65,46.0,0.0,0.0,0.0,281.8,4.62,175.0,101430.0
20160207:0400,11.44,47.0,0.0,0.0,0.0,283.8,4.55,175.0,101370.0
20160207:0500,11.36,47.6,0.0,0.0,0.0,292.2,4.41,176.0,101330.0
20160207:0600,11.14,48.45,0.0,0.0,0.0,293.6,4.21,179.0,101310.0
20160207:0700,11.79,46.8,27.0,54.8,23.0,292.2,4.48,179.0,101280.0
20160207:0800,12.71,48.05,81.0,3.91,80.0,308.0,4.28,186.0,101300.0
20160207:0900,13.96,49.95,71.0,0.0,71.0,313.4,3.59,187.0,101310.0
20160207:1000,15.26,50.4,172.0,1.9,171.0,313.6,3.59,192.0,101300.0
20160207:1100,15.49,56.0,68.0,0.0,68.0,331.4,3.52,205.0,101270.0
20160207:1200,14.55,67.2,57.0,0.0,57.0,354.6,4.76,242.0,101270.0
20160207:1300,13.12,91.1,126.0,0.0,126.0,361.0,6.97,271.0,101280.0
20160207:1400,12.36,85.8,400.0,372.09,216.0,347.0,6.14,282.0,101410.0
20160207:1500,13.47,70.1,179.0,49.3,161.0,326.4,6.07,283.0,101489.0
20160207:1600,13.89,59.2,89.0,49.98,79.0,314.2,5.86,288.0,101599.0
20160207:1700,12.98,56.25,0.0,0.0,0.0,288.6,5.31,291.0,101669.0
20160207:1800,12.33,54.65,0.0,0.0,0.0,282.0,4.55,290.0,101798.0
20160207:1900,11.9,53.4,0.0,0.0,0.0,291.2,3.86,302.0,101927.0
20160207:2000,11.56,52.85,0.0,0.0,0.0,290.8,2.97,297.0,101987.0
20160207:2100,10.94,56.45,0.0,0.0,0.0,292.8,2.34,282.0,102057.0
20160207:2200,9.76,61.9,0.0,0.0,0.0,268.4,2.21,258.0,102037.0
20160207:2300,8.82,67.5,0.0,0.0,0.0,267.8,2.28,238.0,102107.0
20160208:0000,8.25,71.35,0.0,0.0,0.0,271.2,2.48,225.0,102037.0
20160208:0100,7.83,72.05,0.0,0.0,0.0,267.8,2.62,220.0,102037.0
20160208:0200,7.56,69.8,0.0,0.0,0.0,264.8,2.76,219.0,102027.0
20160208:0300,7.62,66.5,0.0,0.0,0.0,265.8,2.9,223.0,101997.0
20160208:0400,7.83,65.25,0.0,0.0,0.0,268.2,3.03,229.0,101987.0
20160208:0500,8.01,66.2,0.0,0.0,0.0,271.6,3.03,233.0,102037.0
20160208:0600,8.28,66.75,0.0,0.0,0.0,286.6,2.97,232.0,102107.0
20160208:0700,7.77,78.2,19.0,0.0,19.0,280.6,2.69,217.0,102136.0
20160208:0800,9.68,75.1,112.0,34.67,103.0,293.0,2.34,219.0,102216.0
20160208:0900,12.92,61.1,343.0,431.72,164.0,303.6,2.62,231.0,102266.0
20160208:1000,14.48,56.75,528.0,762.9,123.0,297.4,3.86,253.0,102306.0
20160208:1100,15.19,56.65,493.0,369.77,271.0,303.4,4.48,264.0,102316.0
20160208:1200,15.78,56.2,563.0,535.23,232.0,313.8,4.9,270.0,102226.0
20160208:1300,16.36,53.55,532.0,548.16,212.0,309.0,5.52,274.0,102196.0
20160208:1400,16.59,52.2,259.0,54.13,232.0,331.0,5.1,276.0,102186.0
20160208:1500,16.33,54.2,292.0,381.86,151.0,322.2,4.34,278.0,102156.0
20160208:1600,15.73,62.2,159.0,460.8,65.0,300.2,2.97,282.0,102186.0
20160208:1700,14.53,71.45,0.0,0.0,0.0,293.0,2.21,280.0,102216.0
20160208:1800,13.19,80.8,0.0,0.0,0.0,288.0,1.72,255.0,102236.0
20160208:1900,12.11,83.5,0.0,0.0,0.0,291.2,1.79,227.0,102286.0
20160208:2000,10.77,86.7,0.0,0.0,0.0,287.4,1.79,204.0,102306.0
20160208:2100,9.27,89.9,0.0,0.0,0.0,284.4,2.0,187.0,102276.0
20160208:2200,8.38,90.9,0.0,0.0,0.0,283.8,2.07,181.0,102306.0
20160208:2300,7.82,90.85,0.0,0.0,0.0,281.2,2.28,180.0,102306.0
20160209:0000,7.6,89.6,0.0,0.0,0.0,280.8,2.41,182.0,102196.0
20160209:0100,7.65,87.6,0.0,0.0,0.0,282.8,2.55,184.0,102136.0
20160209:0200,7.49,86.65,0.0,0.0,0.0,278.2,2.62,185.0,102077.0
20160209:0300,7.32,86.1,0.0,0.0,0.0,276.6,2.62,187.0,102007.0
20160209:0400,7.25,85.6,0.0,0.0,0.0,278.2,2.62,188.0,101997.0
20160209:0500,7.15,85.55,0.0,0.0,0.0,275.2,2.76,187.0,101997.0
20160209:0600,7.02,85.75,0.0,0.0,0.0,272.2,2.9,182.0,101977.0
20160209:0700,7.26,82.6,47.0,288.8,24.0,270.4,3.03,182.0,101907.0
20160209:0800,9.14,76.85,227.0,585.04,73.0,270.0,2.76,185.0,101917.0
20160209:0900,13.03,65.15,229.0,78.84,196.0,272.6,2.62,190.0,101937.0
20160209:1000,16.83,51.3,501.0,614.95,172.0,278.2,2.69,198.0,101878.0
20160209:1100,19.42,39.45,623.0,828.55,122.0,283.6,3.45,215.0,101828.0
20160209:1200,20.93,35.4,623.0,745.02,159.0,290.0,4.0,237.0,101718.0
20160209:1300,21.68,35.3,458.0,304.35,279.0,295.0,4.48,255.0,101579.0
20160209:1400,21.63,38.85,310.0,123.24,248.0,299.4,4.62,270.0,101499.0
20160209:1500,20.7,46.2,233.0,152.65,176.0,300.8,4.0,277.0,101470.0
20160209:1600,19.68,51.3,110.0,105.8,88.0,300.4,3.79,272.0,101479.0
20160209:1700,18.22,51.75,0.0,0.0,0.0,296.0,3.72,261.0,101470.0
20160209:1800,16.85,51.6,0.0,0.0,0.0,291.0,3.86,254.0,101539.0
20160209:1900,16.04,51.7,0.0,0.0,0.0,299.4,4.55,249.0,101539.0
20160209:2000,15.47,50.75,0.0,0.0,0.0,290.8,4.9,241.0,101479.0
20160209:2100,15.18,49.3,0.0,0.0,0.0,294.0,5.1,241.0,101499.0
20160209:2200,14.76,48.3,0.0,0.0,0.0,283.6,5.31,241.0,101470.0
20160209:2300,14.37,48.45,0.0,0.0,0.0,284.8,5.1,244.0,101430.0
20160210:0000,14.02,50.75,0.0,0.0,0.0,289.8,5.17,242.0,101400.0
20160210:0100,13.71,54.1,0.0,0.0,0.0,294.8,4.69,241.0,101430.0
20160210:0200,13.43,58.15,0.0,0.0,0.0,294.8,4.62,244.0,101390.0
20160210:0300,13.23,62.55,0.0,0.0,0.0,296.6,4.83,243.0,101310.0
20160210:0400,13.23,66.3,0.0,0.0,0.0,304.6,4.83,243.0,101350.0
20160210:0500,13.28,69.4,0.0,0.0,0.0,305.8,4.9,245.0,101320.0
20160210:0600,13.59,71.0,0.0,0.0,0.0,322.6,5.1,248.0,101370.0
20160210:0700,14.2,71.3,50.0,288.85,26.0,327.4,5.17,249.0,101410.0
20160210:0800,14.94,71.65,220.0,498.19,87.0,315.8,5.31,252.0,101460.0
20160210:0900,16.09,69.7,413.0,766.8,89.0,342.0,5.66,255.0,101509.0
20160210:1000,16.94,67.35,502.0,604.6,176.0,335.6,6.97,264.0,101509.0
20160210:1100,17.71,64.15,288.0,27.91,271.0,335.2,7.59,270.0,101509.0
20160210:1200,18.19,61.35,491.0,302.93,301.0,341.6,6.97,272.0,101420.0
20160210:1300,18.65,58.45,399.0,170.45,298.0,342.6,6.62,272.0,101280.0
20160210:1400,18.94,55.8,497.0,733.15,125.0,332.2,6.62,270.0,101260.0
20160210:1500,18.88,56.85,355.0,701.88,90.0,332.4,5.93,268.0,101201.0
20160210:1600,18.36,61.1,172.0,519.18,62.0,331.8,4.69,262.0,101181.0
20160210:1700,17.41,63.25,0.0,0.0,0.0,322.6,4.34,247.0,101181.0
20160210:1800,16.37,65.3,0.0,0.0,0.0,317.2,4.14,234.0,101171.0
20160210:1900,15.87,66.45,0.0,0.0,0.0,310.4,4.14,234.0,101181.0
20160210:2000,15.48,66.6,0.0,0.0,0.0,308.4,4.34,235.0,101161.0
20160210:2100,15.19,66.85,0.0,0.0,0.0,307.6,4.34,238.0,101171.0
20160210:2200,14.96,67.85,0.0,0.0,0.0,308.4,4.28,240.0,101141.0
20160210:2300,14.69,69.25,0.0,0.0,0.0,307.0,4.0,239.0,101141.0
20160211:0000,14.23,71.35,0.0,0.0,0.0,306.0,3.66,235.0,101101.0
20160211:0100,13.81,73.35,0.0,0.0,0.0,305.0,3.66,233.0,101091.0
20160211:0200,13.65,74.6,0.0,0.0,0.0,307.0,3.86,235.0,101071.0
20160211:0300,13.83,74.9,0.0,0.0,0.0,315.2,4.07,237.0,101051.0
20160211:0400,14.03,75.35,0.0,0.0,0.0,319.2,4.14,238.0,101091.0
20160211:0500,14.03,76.6,0.0,0.0,0.0,317.2,4.0,236.0,101081.0
20160211:0600,14.03,77.4,0.0,0.0,0.0,319.8,3.86,234.0,101091.0
20160211:0700,14.73,76.5,52.0,288.62,27.0,322.2,3.93,236.0,101101.0
20160211:0800,15.95,73.4,237.0,605.67,73.0,334.2,4.0,240.0,101131.0
20160211:0900,17.44,68.6,357.0,445.39,167.0,337.6,4.21,242.0,101141.0
20160211:1000,18.68,64.45,552.0,813.32,110.0,337.8,4.97,250.0,101161.0
20160211:1100,19.25,62.25,615.0,756.45,151.0,343.0,5.72,258.0,101131.0
20160211:1200,19.51,61.1,498.0,311.88,301.0,346.8,6.07,262.0,101032.0
20160211:1300,19.45,62.15,569.0,639.9,187.0,348.4,6.0,263.0,100922.0
20160211:1400,19.2,64.0,466.0,568.67,175.0,344.2,5.72,265.0,100932.0
20160211:1500,17.89,73.05,151.0,13.1,146.0,359.4,4.9,268.0,100922.0
20160211:1600,16.82,79.2,117.0,111.21,93.0,361.0,4.9,263.0,100952.0
20160211:1700,15.75,84.4,0.0,0.0,0.0,366.8,4.9,261.0,100992.0
20160211:1800,15.31,84.9,0.0,0.0,0.0,358.0,4.14,250.0,101022.0
20160211:1900,15.72,77.8,0.0,0.0,0.0,336.6,3.66,245.0,101051.0
20160211:2000,15.48,76.8,0.0,0.0,0.0,324.0,4.14,248.0,101081.0
20160211:2100,15.41,75.5,0.0,0.0,0.0,328.0,4.48,244.0,101121.0
20160211:2200,15.36,74.5,0.0,0.0,0.0,331.0,4.41,242.0,101081.0
20160211:2300,15.44,73.4,0.0,0.0,0.0,341.0,4.34,244.0,101111.0
20160212:0000,15.33,73.35,0.0,0.0,0.0,335.2,4.41,244.0,101091.0
20160212:0100,15.15,74.45,0.0,0.0,0.0,330.85,4.48,245.0,101071.0
20160212:0200,15.06,75.6,0.0,0.0,0.0,333.0,4.48,245.0,101111.0
20160212:0300,14.97,76.55,0.0,0.0,0.0,336.0,4.55,246.0,101131.0
20160212:0400,14.82,77.5,0.0,0.0,0.0,332.2,4.48,249.0,101081.0
20160212:0500,14.62,78.65,0.0,0.0,0.0,328.4,4.41,251.0,101042.0
20160212:0600,14.51,79.35,0.0,0.0,0.0,328.0,4.34,248.0,101121.0
20160212:0700,14.65,75.9,48.0,188.4,31.0,322.8,4.14,235.0,101121.0
20160212:0800,15.4,73.45,143.0,80.1,121.0,322.8,4.14,239.0,101121.0
20160212:0900,16.74,67.75,307.0,241.46,203.0,321.6,4.55,240.0,101081.0
20160212:1000,17.84,62.1,502.0,569.59,190.0,317.2,5.52,249.0,101051.0
20160212:1100,18.5,57.95,485.0,310.77,293.0,336.4,5.66,251.0,101022.0
20160212:1200,19.44,52.95,513.0,339.56,297.0,331.0,5.59,253.0,100952.0
20160212:1300,20.41,48.2,597.0,734.94,155.0,320.6,5.59,260.0,100862.0
20160212:1400,20.81,46.7,375.0,244.16,249.0,322.8,5.79,266.0,100823.0
20160212:1500,20.59,48.0,242.0,152.89,183.0,327.2,5.31,264.0,100842.0
20160212:1600,19.93,51.05,132.0,172.92,94.0,332.0,4.9,262.0,100842.0
20160212:1700,19.06,50.45,0.0,0.0,0.0,348.6,4.97,258.0,100882.0
20160212:1800,18.21,50.0,0.0,0.0,0.0,344.2,5.1,255.0,100882.0
20160212:1900,18.1,51.1,0.0,0.0,0.0,354.6,4.76,252.0,100932.0
20160212:2000,17.8,52.5,0.0,0.0,0.0,358.0,4.9,249.0,100912.0
20160212:2100,17.42,55.7,0.0,0.0,0.0,359.6,5.24,247.0,100882.0
20160212:2200,16.4,65.15,0.0,0.0,0.0,354.8,5.59,247.0,100803.0
20160212:2300,15.7,71.9,0.0,0.0,0.0,340.2,5.31,244.0,100783.0
20160213:0000,15.6,73.55,0.0,0.0,0.0,340.0,5.24,242.0,100723.0
20160213:0100,15.92,73.35,0.0,0.0,0.0,354.45,5.45,243.0,100713.0
20160213:0200,16.12,73.45,0.0,0.0,0.0,354.0,5.59,246.0,100693.0
20160213:0300,16.21,73.3,0.0,0.0,0.0,354.0,5.72,248.0,100633.0
20160213:0400,16.16,74.35,0.0,0.0,0.0,351.6,5.66,249.0,100594.0
20160213:0500,16.2,75.45,0.0,0.0,0.0,358.4,5.59,249.0,100594.0
20160213:0600,16.34,75.4,0.0,0.0,0.0,363.6,5.52,247.0,100604.0
20160213:0700,16.99,72.4,32.0,31.94,29.0,360.8,5.52,247.0,100643.0
20160213:0800,17.45,71.8,147.0,86.14,123.0,369.0,5.66,249.0,100673.0
20160213:0900,18.21,70.0,354.0,400.09,180.0,360.4,5.66,249.0,100713.0
20160213:1000,18.92,67.0,513.0,595.89,184.0,351.2,6.48,255.0,100743.0
20160213:1100,19.42,64.3,657.0,899.91,97.0,359.6,6.55,261.0,100703.0
20160213:1200,19.94,60.8,549.0,427.71,275.0,350.0,7.03,263.0,100683.0
20160213:1300,20.45,56.8,491.0,351.56,278.0,341.0,6.97,264.0,100613.0
20160213:1400,20.33,55.3,477.0,582.24,174.0,340.8,6.62,263.0,100604.0
20160213:1500,20.02,55.5,329.0,476.85,143.0,347.8,6.0,264.0,100594.0
20160213:1600,19.55,57.8,91.0,26.82,85.0,336.4,5.1,265.0,100604.0
20160213:1700,18.7,59.65,0.0,0.0,0.0,353.0,5.17,261.0,100604.0
20160213:1800,17.76,60.9,0.0,0.0,0.0,340.2,5.03,255.0,100643.0
20160213:1900,18.03,58.0,0.0,0.0,0.0,365.2,4.62,247.0,100643.0
20160213:2000,17.5,58.25,0.0,0.0,0.0,345.2,4.97,246.0,100673.0
20160213:2100,17.12,59.0,0.0,0.0,0.0,341.4,5.38,244.0,100663.0
20160213:2200,16.97,59.35,0.0,0.0,0.0,346.2,5.59,244.0,100623.0
20160213:2300,16.76,60.1,0.0,0.0,0.0,342.6,5.52,242.0,100554.0
20160214:0000,16.38,61.45,0.0,0.0,0.0,327.4,5.31,241.0,100464.0
20160214:0100,15.99,62.9,0.0,0.0,0.0,318.05,5.31,244.0,100395.0
20160214:0200,15.81,63.1,0.0,0.0,0.0,324.8,5.31,244.0,100345.0
20160214:0300,15.62,63.25,0.0,0.0,0.0,325.4,5.45,244.0,100295.0
20160214:0400,15.54,63.65,0.0,0.0,0.0,332.6,5.79,246.0,100215.0
20160214:0500,15.33,65.3,0.0,0.0,0.0,324.4,5.93,248.0,100136.0
20160214:0600,15.28,66.5,0.0,0.0,0.0,327.4,6.07,249.0,100166.0
20160214:0700,15.65,65.85,44.0,92.12,35.0,330.2,6.14,250.0,100126.0
20160214:0800,16.04,66.55,47.0,0.0,47.0,335.0,6.21,250.0,100136.0
20160214:0900,16.68,65.6,80.0,0.0,80.0,353.0,6.07,249.0,100096.0
20160214:1000,16.54,67.85,114.0,0.0,114.0,367.2,6.9,253.0,100086.0
20160214:1100,17.05,65.75,217.0,1.6,216.0,354.2,6.76,255.0,100006.0
20160214:1200,17.02,63.85,554.0,429.37,277.0,331.4,7.52,259.0,99887.0
20160214:1300,16.48,68.9,56.0,0.0,56.0,329.8,6.48,265.0,99837.0
20160214:1400,14.61,75.2,221.0,15.25,213.0,319.8,6.28,264.0,99787.0
20160214:1500,14.01,75.15,342.0,522.54,136.0,311.2,6.0,256.0,99748.0
20160214:1600,14.25,69.1,197.0,632.58,53.0,318.2,4.55,233.0,99718.0
20160214:1700,14.21,64.65,0.0,0.0,0.0,306.0,5.38,239.0,99688.0
20160214:1800,13.85,59.75,0.0,0.0,0.0,330.8,5.03,229.0,99608.0
20160214:1900,12.63,67.35,0.0,0.0,0.0,330.0,5.93,239.0,99648.0
20160214:2000,11.29,73.85,0.0,0.0,0.0,313.8,6.69,242.0,99688.0
20160214:2100,10.61,75.45,0.0,0.0,0.0,313.2,6.62,246.0,99777.0
20160214:2200,10.61,67.65,0.0,0.0,0.0,310.8,6.69,247.0,99777.0
20160214:2300,10.19,59.45,0.0,0.0,0.0,298.4,6.97,253.0,99777.0
20160215:0000,9.47,60.15,0.0,0.0,0.0,293.4,7.17,255.0,99797.0
20160215:0100,8.66,69.4,0.0,0.0,0.0,283.2,6.69,259.0,99807.0
20160215:0200,8.03,75.5,0.0,0.0,0.0,277.6,6.41,256.0,99837.0
20160215:0300,7.96,75.05,0.0,0.0,0.0,290.4,6.34,251.0,99907.0
20160215:0400,7.97,73.9,0.0,0.0,0.0,289.8,6.48,251.0,99907.0
20160215:0500,8.09,74.4,0.0,0.0,0.0,314.2,6.14,252.0,99976.0
20160215:0600,8.15,77.05,0.0,0.0,0.0,318.4,6.0,252.0,100026.0
20160215:0700,7.51,86.2,6.0,0.0,6.0,305.8,5.45,262.0,100086.0
20160215:0800,7.96,87.15,59.0,0.0,59.0,294.2,4.69,260.0,100156.0
20160215:0900,8.92,84.6,79.0,0.0,79.0,326.0,4.83,265.0,100235.0
20160215:1000,9.02,84.2,178.0,0.0,178.0,324.8,5.93,273.0,100315.0
20160215:1100,9.6,79.8,191.0,0.0,191.0,308.2,5.45,274.0,100355.0
20160215:1200,10.24,78.3,65.0,0.0,65.0,320.0,4.9,283.0,100365.0
20160215:1300,10.22,74.9,138.0,0.0,138.0,334.0,4.97,298.0,100395.0
20160215:1400,8.73,82.5,85.0,0.0,85.0,321.8,4.34,311.0,100414.0
20160215:1500,8.09,88.1,70.0,0.0,70.0,328.8,3.52,319.0,100534.0
20160215:1600,7.74,93.1,38.0,0.0,38.0,327.8,2.41,318.0,100633.0
20160215:1700,7.52,91.55,0.0,0.0,0.0,335.0,2.07,302.0,100743.0
20160215:1800,7.38,93.65,0.0,0.0,0.0,334.6,1.66,284.0,100842.0
20160215:1900,7.65,92.5,0.0,0.0,0.0,330.8,1.72,305.0,100942.0
20160215:2000,7.79,93.65,0.0,0.0,0.0,337.4,1.52,298.0,100992.0
20160215:2100,7.85,94.0,0.0,0.0,0.0,336.6,1.38,296.0,101061.0
20160215:2200,7.72,94.6,0.0,0.0,0.0,334.6,1.66,333.0,101042.0
20160215:2300,7.77,94.45,0.0,0.0,0.0,329.2,1.79,345.0,101141.0
20160216:0000,8.04,91.55,0.0,0.0,0.0,335.8,1.93,343.0,101151.0
20160216:0100,8.1,93.65,0.0,0.0,0.0,336.65,2.55,343.0,101151.0
20160216:0200,8.23,92.9,0.0,0.0,0.0,341.8,3.45,353.0,101171.0
20160216:0300,7.96,88.75,0.0,0.0,0.0,339.8,4.55,5.0,101191.0
20160216:0400,8.0,89.25,0.0,0.0,0.0,323.0,3.79,4.0,101241.0
20160216:0500,8.08,90.45,0.0,0.0,0.0,329.0,3.52,357.0,101310.0
20160216:0600,8.21,89.6,0.0,0.0,0.0,328.4,3.72,353.0,101370.0
20160216:0700,8.19,84.35,45.0,66.37,38.0,322.4,3.03,357.0,101430.0
20160216:0800,8.83,82.85,119.0,20.63,113.0,315.6,3.17,358.0,101509.0
20160216:0900,9.57,78.85,236.0,64.76,207.0,302.0,3.59,357.0,101579.0
20160216:1000,9.93,76.3,263.0,26.53,248.0,308.6,3.86,355.0,101659.0
20160216:1100,10.4,73.75,330.0,47.18,300.0,326.4,3.93,353.0,101689.0
20160216:1200,10.54,72.75,389.0,93.24,328.0,336.0,4.07,355.0,101649.0
20160216:1300,10.63,71.45,180.0,0.0,180.0,332.4,4.28,356.0,101649.0
20160216:1400,9.81,71.6,196.0,5.62,193.0,322.6,4.28,356.0,101649.0
20160216:1500,9.96,71.65,177.0,24.84,167.0,322.4,3.59,357.0,101708.0
20160216:1600,9.45,72.55,91.0,21.23,86.0,307.6,3.1,355.0,101778.0
20160216:1700,9.05,73.2,7.0,0.0,7.0,303.8,2.34,352.0,101838.0
20160216:1800,8.64,72.4,0.0,0.0,0.0,296.4,1.66,333.0,101917.0
20160216:1900,8.43,74.5,0.0,0.0,0.0,304.2,1.38,294.0,101967.0
20160216:2000,7.92,79.0,0.0,0.0,0.0,308.2,1.24,265.0,102057.0
20160216:2100,7.33,83.85,0.0,0.0,0.0,303.8,1.31,242.0,102077.0
20160216:2200,7.13,86.05,0.0,0.0,0.0,310.8,1.38,227.0,102126.0
20160216:2300,6.84,87.8,0.0,0.0,0.0,303.2,1.59,215.0,102156.0
20160217:0000,6.74,89.05,0.0,0.0,0.0,305.6,1.72,209.0,102156.0
20160217:0100,6.55,90.05,0.0,0.0,0.0,301.8,1.79,210.0,102126.0
20160217:0200,6.42,90.3,0.0,0.0,0.0,299.0,1.79,212.0,102097.0
20160217:0300,6.48,89.55,0.0,0.0,0.0,307.2,1.79,214.0,102087.0
20160217:0400,6.47,88.95,0.0,0.0,0.0,307.2,1.86,216.0,102047.0
20160217:0500,6.3,88.6,0.0,0.0,0.0,299.2,1.86,217.0,102027.0
20160217:0600,6.31,87.9,0.0,0.0,0.0,304.6,1.79,214.0,102057.0
20160217:0700,5.52,91.3,63.0,219.23,39.0,295.2,1.79,210.0,102047.0
20160217:0800,6.6,87.9,273.0,721.71,60.0,291.2,1.86,210.0,102126.0
20160217:0900,8.28,81.05,446.0,785.04,91.0,298.8,1.79,221.0,102136.0
20160217:1000,9.28,72.45,544.0,654.39,171.0,305.2,2.28,269.0,102126.0
20160217:1100,10.22,62.65,664.0,843.13,124.0,308.4,2.48,289.0,102057.0
20160217:1200,11.24,55.85,690.0,866.69,119.0,297.8,2.69,300.0,101927.0
20160217:1300,11.77,51.85,650.0,865.63,110.0,294.8,2.69,305.0,101808.0
20160217:1400,11.9,49.9,522.0,704.68,143.0,315.4,2.55,304.0,101768.0
20160217:1500,11.71,50.1,371.0,619.6,119.0,294.0,2.21,301.0,101748.0
20160217:1600,11.48,51.05,196.0,513.75,73.0,284.2,1.86,300.0,101758.0
20160217:1700,10.78,56.35,18.0,105.64,13.0,275.0,1.1,306.0,101758.0
20160217:1800,10.02,59.6,0.0,0.0,0.0,267.0,0.07,236.0,101808.0
20160217:1900,7.92,74.35,0.0,0.0,0.0,258.2,1.1,199.0,101808.0
20160217:2000,6.09,82.8,0.0,0.0,0.0,255.0,1.66,197.0,101838.0
20160217:2100,4.91,87.2,0.0,0.0,0.0,254.8,1.93,192.0,101838.0
20160217:2200,4.53,88.65,0.0,0.0,0.0,264.8,2.0,182.0,101788.0
20160217:2300,4.5,87.9,0.0,0.0,0.0,267.8,2.14,178.0,101788.0
20160218:0000,4.39,85.8,0.0,0.0,0.0,260.8,2.34,178.0,101798.0
20160218:0100,4.36,82.45,0.0,0.0,0.0,256.8,2.55,179.0,101708.0
20160218:0200,4.34,78.7,0.0,0.0,0.0,252.0,2.76,184.0,101669.0
20160218:0300,4.46,74.1,0.0,0.0,0.0,250.4,2.9,190.0,101639.0
20160218:0400,4.81,70.0,0.0,0.0,0.0,255.2,2.97,195.0,101629.0
20160218:0500,4.97,68.55,0.0,0.0,0.0,255.4,3.03,194.0,101599.0
20160218:0600,5.02,68.55,0.0,0.0,0.0,256.8,3.1,191.0,101639.0
20160218:0700,4.94,71.05,77.0,378.71,34.0,256.8,3.1,189.0,101589.0
20160218:0800,7.25,67.75,263.0,597.82,84.0,257.8,2.83,189.0,101689.0
20160218:0900,10.65,56.6,444.0,744.52,104.0,262.6,2.9,198.0,101639.0
20160218:1000,12.58,52.5,590.0,842.36,106.0,266.6,3.59,226.0,101639.0
20160218:1100,13.69,47.95,662.0,812.28,138.0,273.4,4.07,251.0,101549.0
20160218:1200,14.42,44.5,496.0,251.72,329.0,284.6,3.79,258.0,101460.0
20160218:1300,14.89,43.2,469.0,254.64,309.0,295.4,3.52,265.0,101340.0
20160218:1400,15.11,42.9,341.0,130.95,270.0,309.2,3.17,274.0,101251.0
20160218:1500,14.66,46.6,325.0,369.95,173.0,316.4,2.76,300.0,101280.0
20160218:1600,13.89,53.2,151.0,184.94,106.0,310.2,2.41,319.0,101290.0
20160218:1700,12.83,60.45,18.0,78.47,14.0,307.4,1.72,331.0,101380.0
20160218:1800,11.82,65.4,0.0,0.0,0.0,306.4,1.31,344.0,101440.0
20160218:1900,10.66,77.05,0.0,0.0,0.0,298.6,1.1,326.0,101529.0
20160218:2000,11.39,70.0,0.0,0.0,0.0,296.2,0.28,301.0,101569.0
20160218:2100,11.02,72.0,0.0,0.0,0.0,297.0,0.48,161.0,101599.0
20160218:2200,10.03,76.6,0.0,0.0,0.0,294.8,0.97,159.0,101629.0
20160218:2300,8.4,82.55,0.0,0.0,0.0,284.2,1.31,158.0,101619.0
20160219:0000,7.1,86.9,0.0,0.0,0.0,283.4,1.45,151.0,101639.0
20160219:0100,6.3,89.2,0.0,0.0,0.0,281.8,1.59,142.0,101579.0
20160219:0200,5.61,91.15,0.0,0.0,0.0,283.0,1.72,142.0,101559.0
20160219:0300,5.48,91.85,0.0,0.0,0.0,292.2,1.72,144.0,101539.0
20160219:0400,5.26,91.3,0.0,0.0,0.0,284.8,1.79,146.0,101529.0
20160219:0500,4.97,90.6,0.0,0.0,0.0,278.8,1.86,146.0,101549.0
20160219:0600,4.63,89.7,0.0,0.0,0.0,271.6,1.93,147.0,101609.0
20160219:0700,4.94,85.3,60.0,135.96,44.0,270.4,2.0,144.0,101639.0
20160219:0800,7.76,76.2,242.0,427.96,112.0,271.8,1.72,137.0,101708.0
20160219:0900,11.52,62.3,386.0,435.84,185.0,277.6,1.59,120.0,101768.0
20160219:1000,13.87,49.9,576.0,752.78,140.0,283.6,1.93,98.0,101758.0
20160219:1100,15.44,44.95,678.0,861.88,118.0,282.0,2.41,85.0,101738.0
20160219:1200,16.44,44.25,697.0,853.24,127.0,285.6,2.9,70.0,101708.0
20160219:1300,16.83,46.05,661.0,870.68,110.0,285.8,3.59,60.0,101629.0
20160219:1400,16.64,50.85,556.0,825.2,105.0,286.4,4.34,52.0,101569.0
20160219:1500,15.84,58.75,397.0,727.7,95.0,287.0,4.97,52.0,101579.0
20160219:1600,14.76,67.3,208.0,562.25,69.0,285.6,5.03,54.0,101579.0
20160219:1700,13.45,72.6,21.0,91.56,16.0,283.2,4.76,57.0,101639.0
20160219:1800,12.14,77.7,0.0,0.0,0.0,279.2,4.0,63.0,101728.0
20160219:1900,11.69,83.3,0.0,0.0,0.0,280.4,3.52,68.0,101808.0
20160219:2000,11.0,86.85,0.0,0.0,0.0,279.0,3.38,71.0,101868.0
20160219:2100,10.44,88.6,0.0,0.0,0.0,283.4,3.31,73.0,101937.0
20160219:2200,10.03,89.85,0.0,0.0,0.0,288.4,3.24,77.0,101967.0
20160219:2300,9.58,90.9,0.0,0.0,0.0,287.6,3.17,79.0,101997.0
20160220:0000,9.17,91.75,0.0,0.0,0.0,293.8,2.97,83.0,102027.0
20160220:0100,8.54,92.7,0.0,0.0,0.0,285.4,2.83,91.0,102047.0
20160220:0200,8.07,93.0,0.0,0.0,0.0,290.8,2.62,99.0,102047.0
20160220:0300,7.75,92.45,0.0,0.0,0.0,295.6,2.34,109.0,102087.0
20160220:0400,7.73,91.6,0.0,0.0,0.0,312.4,2.07,114.0,102126.0
20160220:0500,7.02,91.7,0.0,0.0,0.0,286.4,2.21,118.0,102176.0
20160220:0600,7.56,89.05,0.0,0.0,0.0,321.8,2.21,113.0,102226.0
20160220:0700,7.69,89.85,82.0,360.98,38.0,293.2,2.41,113.0,102286.0
20160220:0800,10.07,83.8,272.0,603.55,86.0,289.8,2.0,109.0,102395.0
20160220:0900,12.42,76.2,452.0,734.32,110.0,307.6,2.55,93.0,102415.0
20160220:1000,13.52,72.95,601.0,846.14,107.0,304.6,3.59,78.0,102445.0
20160220:1100,14.79,69.05,684.0,863.38,119.0,319.2,4.41,74.0,102365.0
20160220:1200,15.85,64.9,702.0,854.81,127.0,291.0,4.69,72.0,102306.0
20160220:1300,16.57,61.8,666.0,872.36,110.0,292.2,4.76,72.0,102206.0
20160220:1400,16.96,60.7,558.0,813.25,110.0,288.8,4.83,68.0,102107.0
20160220:1500,16.75,62.0,404.0,744.39,92.0,288.8,4.97,64.0,102087.0
20160220:1600,15.79,65.8,215.0,589.39,67.0,288.0,4.9,61.0,102047.0
20160220:1700,14.42,71.15,24.0,120.2,17.0,285.8,4.69,62.0,102037.0
20160220:1800,12.92,77.25,0.0,0.0,0.0,283.2,4.0,69.0,102077.0
20160220:1900,12.36,81.1,0.0,0.0,0.0,281.4,3.52,75.0,102107.0
20160220:2000,11.48,86.0,0.0,0.0,0.0,278.2,3.24,84.0,102146.0
20160220:2100,10.56,88.2,0.0,0.0,0.0,275.4,2.9,97.0,102176.0
20160220:2200,9.71,87.55,0.0,0.0,0.0,272.2,2.69,104.0,102186.0
20160220:2300,9.1,85.1,0.0,0.0,0.0,269.8,2.55,109.0,102216.0
20160221:0000,8.55,82.65,0.0,0.0,0.0,269.6,2.34,119.0,102266.0
20160221:0100,8.02,80.75,0.0,0.0,0.0,276.8,2.07,140.0,102336.0
20160221:0200,7.56,78.75,0.0,0.0,0.0,281.4,2.0,145.0,102276.0
20160221:0300,7.21,76.35,0.0,0.0,0.0,279.8,2.0,146.0,102296.0
20160221:0400,6.98,73.05,0.0,0.0,0.0,279.8,2.14,143.0,102276.0
20160221:0500,7.04,70.45,0.0,0.0,0.0,291.0,1.93,154.0,102266.0
20160221:0600,7.12,69.9,0.0,0.0,0.0,293.2,2.07,163.0,102336.0
20160221:0700,7.39,72.0,34.0,7.93,33.0,283.4,2.28,158.0,102345.0
20160221:0800,10.34,66.85,71.0,0.0,71.0,286.8,2.28,153.0,102365.0
20160221:0900,14.38,56.35,97.0,0.0,97.0,297.0,2.41,154.0,102415.0
20160221:1000,17.38,45.45,118.0,0.0,118.0,312.2,2.83,156.0,102385.0
20160221:1100,18.61,42.95,200.0,0.0,200.0,335.2,3.38,154.0,102385.0
20160221:1200,19.6,42.45,143.0,0.0,143.0,350.0,3.66,158.0,102286.0
20160221:1300,20.53,41.25,183.0,0.0,183.0,353.2,3.86,162.0,102166.0
20160221:1400,20.45,42.5,229.0,12.61,222.0,355.4,3.52,160.0,102156.0
20160221:1500,19.74,45.95,103.0,0.0,103.0,360.0,3.31,155.0,102107.0
20160221:1600,18.68,49.6,89.0,7.84,87.0,363.0,2.69,152.0,102117.0
20160221:1700,17.55,53.6,15.0,16.17,14.0,359.6,2.07,151.0,102146.0
20160221:1800,16.13,57.85,0.0,0.0,0.0,354.6,2.14,163.0,102166.0
20160221:1900,16.15,44.45,0.0,0.0,0.0,358.6,2.9,152.0,102146.0
20160221:2000,15.81,44.3,0.0,0.0,0.0,363.4,3.1,142.0,102057.0
20160221:2100,15.32,45.55,0.0,0.0,0.0,357.2,2.83,150.0,101987.0
20160221:2200,14.75,47.25,0.0,0.0,0.0,358.0,2.83,174.0,101967.0
20160221:2300,14.33,47.3,0.0,0.0,0.0,349.8,2.76,175.0,101947.0
20160222:0000,13.76,48.1,0.0,0.0,0.0,336.0,2.83,171.0,101858.0
20160222:0100,13.57,47.4,0.0,0.0,0.0,340.65,3.03,175.0,101818.0
20160222:0200,13.8,44.15,0.0,0.0,0.0,336.8,3.17,174.0,101758.0
20160222:0300,14.47,39.5,0.0,0.0,0.0,337.6,3.38,170.0,101738.0
20160222:0400,15.23,35.95,0.0,0.0,0.0,338.6,3.66,166.0,101689.0
20160222:0500,16.0,32.8,0.0,0.0,0.0,347.4,3.93,160.0,101649.0
20160222:0600,16.43,31.1,0.0,0.0,0.0,352.0,3.86,163.0,101619.0
20160222:0700,15.57,37.65,44.0,22.99,41.0,347.8,3.03,178.0,101629.0
20160222:0800,15.62,44.3,69.0,0.0,69.0,333.6,2.9,178.0,101659.0
20160222:0900,17.13,48.4,427.0,562.13,160.0,340.0,2.41,171.0,101649.0
20160222:1000,19.57,40.15,65.0,0.0,65.0,318.6,2.55,183.0,101559.0
20160222:1100,20.24,40.8,235.0,3.01,233.0,326.0,2.34,173.0,101529.0
20160222:1200,21.53,35.65,64.0,0.0,64.0,331.0,1.59,173.0,101420.0
20160222:1300,21.99,35.6,142.0,0.0,142.0,342.4,1.24,222.0,101440.0
20160222:1400,22.16,37.4,162.0,0.0,162.0,354.2,1.45,264.0,101330.0
20160222:1500,21.91,40.85,100.0,0.0,100.0,343.8,1.1,298.0,101260.0
20160222:1600,21.37,46.5,146.0,123.63,114.0,336.8,0.55,351.0,101211.0
20160222:1700,20.1,66.55,21.0,30.56,19.0,329.8,0.48,95.0,101251.0
20160222:1800,18.42,60.5,0.0,0.0,0.0,315.6,0.97,156.0,101290.0
20160222:1900,18.16,62.6,0.0,0.0,0.0,307.8,0.97,190.0,101360.0
20160222:2000,14.94,74.35,0.0,0.0,0.0,303.2,1.59,247.0,101440.0
20160222:2100,13.31,81.9,0.0,0.0,0.0,309.6,2.34,269.0,101509.0
20160222:2200,12.82,85.5,0.0,0.0,0.0,310.0,2.62,270.0,101619.0
20160222:2300,12.42,86.6,0.0,0.0,0.0,301.0,2.69,264.0,101698.0
20160223:0000,12.17,86.75,0.0,0.0,0.0,307.2,3.24,273.0,101708.0
20160223:0100,12.24,89.35,0.0,0.0,0.0,313.25,3.79,281.0,101748.0
20160223:0200,12.13,93.35,0.0,0.0,0.0,317.4,3.59,276.0,101768.0
20160223:0300,12.24,93.5,0.0,0.0,0.0,337.2,3.17,270.0,101778.0
20160223:0400,12.1,92.5,0.0,0.0,0.0,331.0,2.9,263.0,101778.0
20160223:0500,11.8,90.95,0.0,0.0,0.0,319.2,2.76,260.0,101768.0
20160223:0600,11.44,89.95,0.0,0.0,0.0,317.4,2.34,259.0,101818.0
20160223:0700,11.17,87.55,69.0,118.61,53.0,295.2,1.86,247.0,101848.0
20160223:0800,13.08,80.15,263.0,456.91,116.0,299.4,1.72,257.0,101917.0
20160223:0900,14.65,72.0,429.0,552.47,164.0,310.8,2.83,278.0,101947.0
20160223:1000,15.7,67.25,521.0,468.27,241.0,304.4,3.38,287.0,101927.0
20160223:1100,16.35,63.1,484.0,221.38,336.0,309.0,3.38,293.0,101907.0
20160223:1200,16.96,59.6,469.0,171.87,351.0,312.0,3.59,296.0,101858.0
20160223:1300,17.14,59.0,509.0,305.74,310.0,312.6,3.93,296.0,101798.0
20160223:1400,16.86,60.85,427.0,281.99,268.0,307.2,4.21,293.0,101788.0
20160223:1500,16.6,62.2,384.0,563.23,141.0,304.0,4.0,292.0,101778.0
20160223:1600,15.95,64.6,207.0,441.62,91.0,300.6,3.52,288.0,101838.0
20160223:1700,14.9,69.85,30.0,115.89,22.0,293.6,2.76,277.0,101868.0
20160223:1800,13.49,75.15,0.0,0.0,0.0,284.0,2.69,263.0,101907.0
20160223:1900,12.55,78.35,0.0,0.0,0.0,283.0,2.69,257.0,101957.0
20160223:2000,11.77,80.85,0.0,0.0,0.0,280.8,2.48,248.0,102007.0
20160223:2100,10.93,83.15,0.0,0.0,0.0,277.8,2.34,238.0,102007.0
20160223:2200,10.29,83.4,0.0,0.0,0.0,278.4,2.21,225.0,102057.0
20160223:2300,9.69,82.9,0.0,0.0,0.0,274.8,2.14,212.0,102007.0
20160224:0000,8.92,83.6,0.0,0.0,0.0,272.6,2.14,202.0,102007.0
20160224:0100,8.28,83.6,0.0,0.0,0.0,272.0,2.21,194.0,101977.0
20160224:0200,7.71,83.45,0.0,0.0,0.0,270.6,2.28,186.0,101957.0
20160224:0300,7.25,83.05,0.0,0.0,0.0,273.4,2.21,182.0,101878.0
20160224:0400,6.73,83.3,0.0,0.0,0.0,268.4,2.28,181.0,101828.0
20160224:0500,6.39,83.05,0.0,0.0,0.0,267.6,2.28,180.0,101818.0
20160224:0600,6.19,83.05,0.0,0.0,0.0,267.2,2.34,179.0,101838.0
20160224:0700,6.69,82.2,98.0,387.5,44.0,267.0,2.28,182.0,101838.0
20160224:0800,10.31,74.25,289.0,606.73,91.0,268.8,1.86,183.0,101838.0
20160224:0900,14.69,59.0,470.0,730.83,116.0,273.8,1.52,185.0,101828.0
20160224:1000,16.82,43.45,616.0,822.96,120.0,279.8,1.66,209.0,101768.0
20160224:1100,17.98,40.45,702.0,854.07,127.0,284.6,1.38,234.0,101698.0
20160224:1200,18.83,39.55,712.0,813.06,150.0,288.2,1.03,266.0,101589.0
20160224:1300,19.38,39.7,687.0,878.9,111.0,290.6,1.03,308.0,101440.0
20160224:1400,19.55,40.6,574.0,804.36,117.0,291.2,1.38,341.0,101320.0
20160224:1500,19.17,43.35,420.0,741.65,97.0,291.2,1.86,2.0,101251.0
20160224:1600,18.11,49.95,228.0,581.63,73.0,290.0,1.79,12.0,101221.0
20160224:1700,16.52,60.35,35.0,165.28,23.0,288.2,1.52,18.0,101201.0
20160224:1800,14.87,69.5,0.0,0.0,0.0,287.2,1.03,22.0,101211.0
20160224:1900,14.7,68.2,0.0,0.0,0.0,284.4,0.55,166.0,101221.0
20160224:2000,11.77,81.15,0.0,0.0,0.0,286.2,1.52,189.0,101231.0
20160224:2100,9.89,86.95,0.0,0.0,0.0,284.6,1.93,187.0,101171.0
20160224:2200,8.95,87.3,0.0,0.0,0.0,280.2,2.07,183.0,101241.0
20160224:2300,8.6,83.6,0.0,0.0,0.0,277.6,2.28,192.0,101251.0
20160225:0000,8.65,76.15,0.0,0.0,0.0,276.2,2.55,200.0,101211.0
20160225:0100,8.67,69.2,0.0,0.0,0.0,271.2,2.76,201.0,101201.0
20160225:0200,8.66,62.9,0.0,0.0,0.0,265.6,2.97,206.0,101171.0
20160225:0300,8.72,57.4,0.0,0.0,0.0,263.6,3.17,214.0,101121.0
20160225:0400,9.18,52.1,0.0,0.0,0.0,265.4,3.66,224.0,101131.0
20160225:0500,9.69,51.45,0.0,0.0,0.0,266.4,4.0,233.0,101121.0
20160225:0600,9.89,57.0,0.0,0.0,0.0,272.6,4.14,232.0,101161.0
20160225:0700,10.55,61.55,101.0,389.23,45.0,285.4,4.0,226.0,101181.0
20160225:0800,12.15,66.15,83.0,0.0,83.0,310.0,3.66,232.0,101211.0
20160225:0900,13.49,65.9,70.0,0.0,70.0,328.4,4.55,237.0,101211.0
20160225:1000,14.52,64.8,86.0,0.0,86.0,324.4,6.14,259.0,101241.0
20160225:1100,14.82,69.95,469.0,182.89,345.0,321.0,6.41,268.0,101280.0
20160225:1200,15.03,72.8,361.0,45.99,329.0,309.2,6.14,272.0,101241.0
20160225:1300,15.3,68.9,134.0,0.0,134.0,305.6,6.34,275.0,101171.0
20160225:1400,14.61,64.55,95.0,0.0,95.0,307.2,6.83,278.0,101201.0
20160225:1500,13.89,67.9,68.0,0.0,68.0,310.0,6.41,281.0,101201.0
20160225:1600,13.64,67.5,67.0,0.0,67.0,310.0,5.45,283.0,101280.0
20160225:1700,12.97,70.7,21.0,13.13,20.0,306.6,4.48,281.0,101330.0
20160225:1800,12.15,73.75,0.0,0.0,0.0,300.8,3.66,271.0,101390.0
20160225:1900,11.87,73.9,0.0,0.0,0.0,300.0,3.31,262.0,101450.0
20160225:2000,11.43,75.5,0.0,0.0,0.0,298.8,3.03,246.0,101460.0
20160225:2100,11.07,76.95,0.0,0.0,0.0,305.8,2.62,236.0,101460.0
20160225:2200,10.49,79.5,0.0,0.0,0.0,296.2,2.48,227.0,101479.0
20160225:2300,10.07,81.05,0.0,0.0,0.0,298.4,2.48,221.0,101479.0
20160226:0000,9.55,82.5,0.0,0.0,0.0,291.6,2.48,216.0,101420.0
20160226:0100,9.07,83.35,0.0,0.0,0.0,287.2,2.55,211.0,101380.0
20160226:0200,8.73,82.9,0.0,0.0,0.0,287.4,2.69,205.0,101390.0
20160226:0300,8.21,82.6,0.0,0.0,0.0,272.8,2.9,200.0,101320.0
20160226:0400,7.83,81.75,0.0,0.0,0.0,270.0,2.97,199.0,101290.0
20160226:0500,7.77,80.15,0.0,0.0,0.0,278.0,2.97,199.0,101221.0
20160226:0600,7.47,80.2,0.0,0.0,0.0,270.6,2.97,198.0,101241.0
20160226:0700,8.42,77.0,109.0,444.62,43.0,292.0,2.83,204.0,101221.0
20160226:0800,10.65,70.95,304.0,652.35,85.0,289.0,2.69,208.0,101270.0
20160226:0900,13.22,60.65,483.0,749.12,113.0,300.4,3.52,223.0,101231.0
20160226:1000,14.57,55.6,528.0,450.77,252.0,289.8,3.86,237.0,101201.0
20160226:1100,15.58,51.85,407.0,93.74,343.0,297.2,3.79,247.0,101091.0
20160226:1200,16.65,46.1,638.0,528.2,268.0,289.8,4.34,254.0,100982.0
20160226:1300,17.24,44.0,641.0,657.81,204.0,300.6,4.21,265.0,100813.0
20160226:1400,17.1,46.3,435.0,275.71,276.0,332.8,3.72,285.0,100693.0
20160226:1500,16.55,51.95,383.0,500.46,161.0,320.8,3.31,297.0,100604.0
20160226:1600,15.68,59.5,240.0,623.91,69.0,292.6,2.69,308.0,100564.0
20160226:1700,14.58,68.0,37.0,125.47,27.0,296.2,1.79,316.0,100464.0
20160226:1800,13.23,76.05,0.0,0.0,0.0,288.2,1.03,335.0,100464.0
20160226:1900,12.65,77.45,0.0,0.0,0.0,299.8,0.55,92.0,100395.0
20160226:2000,10.7,86.45,0.0,0.0,0.0,303.2,1.52,131.0,100255.0
20160226:2100,10.13,86.25,0.0,0.0,0.0,308.2,1.86,140.0,100126.0
20160226:2200,9.78,83.65,0.0,0.0,0.0,306.6,2.0,149.0,100026.0
20160226:2300,9.83,76.45,0.0,0.0,0.0,306.8,2.14,161.0,99937.0
20160227:0000,10.09,65.45,0.0,0.0,0.0,300.8,2.55,165.0,99847.0
20160227:0100,11.43,50.65,0.0,0.0,0.0,315.25,3.24,164.0,99708.0
20160227:0200,12.24,44.9,0.0,0.0,0.0,319.8,3.93,168.0,99588.0
20160227:0300,12.74,42.85,0.0,0.0,0.0,321.0,4.55,173.0,99449.0
20160227:0400,12.75,43.1,0.0,0.0,0.0,325.2,3.79,202.0,99479.0
20160227:0500,11.04,62.1,0.0,0.0,0.0,328.8,4.07,256.0,99538.0
20160227:0600,9.21,87.5,0.0,0.0,0.0,330.4,4.07,242.0,99618.0
20160227:0700,9.57,82.3,46.0,6.53,45.0,337.0,4.41,219.0,99638.0
20160227:0800,9.38,75.7,140.0,20.56,133.0,328.6,4.69,208.0,99658.0
20160227:0900,9.55,67.9,115.0,0.0,115.0,318.0,4.34,201.0,99598.0
20160227:1000,10.64,61.3,395.0,137.74,310.0,312.0,4.07,202.0,99578.0
20160227:1100,12.44,51.25,624.0,525.09,263.0,297.8,6.14,232.0,99509.0
20160227:1200,13.62,44.0,0.0,0.0,0.0,295.8,6.97,247.0,99469.0
20160227:1300,13.79,40.25,138.0,0.0,138.0,290.6,7.24,252.0,99439.0
20160227:1400,12.55,45.1,531.0,566.32,202.0,304.8,7.24,253.0,99439.0
20160227:1500,11.53,51.25,39.0,0.0,39.0,302.0,6.21,257.0,99409.0
20160227:1600,11.19,51.65,231.0,518.28,87.0,295.6,5.93,260.0,99469.0
20160227:1700,10.53,53.65,48.0,276.35,25.0,284.6,5.1,258.0,99509.0
20160227:1800,9.76,55.25,0.0,0.0,0.0,287.6,4.55,254.0,99578.0
20160227:1900,9.39,54.3,0.0,0.0,0.0,276.0,3.93,242.0,99558.0
20160227:2000,8.84,53.2,0.0,0.0,0.0,262.4,4.0,240.0,99638.0
20160227:2100,8.25,52.65,0.0,0.0,0.0,259.2,3.79,238.0,99648.0
20160227:2200,7.98,52.25,0.0,0.0,0.0,275.6,3.59,233.0,99628.0
20160227:2300,7.24,54.35,0.0,0.0,0.0,253.8,3.31,224.0,99578.0
20160228:0000,6.47,56.85,0.0,0.0,0.0,245.8,3.1,218.0,99568.0
20160228:0100,6.07,58.55,0.0,0.0,0.0,259.6,3.17,218.0,99578.0
20160228:0200,5.85,60.65,0.0,0.0,0.0,266.2,3.1,221.0,99588.0
20160228:0300,5.69,63.6,0.0,0.0,0.0,275.8,3.03,222.0,99578.0
20160228:0400,5.66,68.3,0.0,0.0,0.0,289.6,3.17,215.0,99509.0
20160228:0500,5.53,74.15,0.0,0.0,0.0,297.4,3.24,216.0,99538.0
20160228:0600,5.24,79.6,0.0,0.0,0.0,293.2,3.1,218.0,99638.0
20160228:0700,6.52,73.5,122.0,507.16,42.0,292.0,3.79,231.0,99718.0
20160228:0800,7.33,71.4,146.0,23.17,138.0,291.2,3.66,226.0,99807.0
20160228:0900,8.39,65.7,137.0,0.0,137.0,294.6,4.34,230.0,99787.0
20160228:1000,9.78,59.05,241.0,6.43,237.0,296.0,4.83,250.0,99767.0
20160228:1100,11.12,51.75,617.0,491.15,277.0,284.6,5.03,261.0,99698.0
20160228:1200,12.07,47.75,0.0,0.0,0.0,283.6,5.03,266.0,99678.0
20160228:1300,12.39,46.35,624.0,570.39,240.0,271.8,5.59,268.0,99658.0
20160228:1400,11.72,50.3,53.0,0.0,53.0,284.8,5.66,267.0,99658.0
20160228:1500,10.94,57.75,358.0,365.38,193.0,281.6,5.93,267.0,99708.0
20160228:1600,7.91,80.72,145.0,78.13,123.0,298.91,5.68,258.0,99738.0
20160228:1700,8.07,79.95,40.0,115.3,30.0,300.26,5.43,261.0,99877.0
20160228:1800,8.23,79.18,0.0,0.0,0.0,301.62,5.18,260.0,99927.0
20160228:1900,8.38,78.4,0.0,0.0,0.0,302.97,4.94,246.0,99976.0
20160228:2000,8.54,77.63,0.0,0.0,0.0,304.33,4.69,252.0,100076.0
20160228:2100,8.7,76.86,0.0,0.0,0.0,305.68,4.44,249.0,100136.0
20160228:2200,8.86,76.08,0.0,0.0,0.0,307.03,4.2,253.0,100156.0
20160228:2300,9.02,75.31,0.0,0.0,0.0,308.39,3.95,259.0,100215.0
20180301:0000,9.18,74.54,0.0,0.0,0.0,309.74,3.7,188.0,99648.0
20180301:0100,9.33,73.77,0.0,0.0,0.0,311.1,3.46,208.0,99698.0
20180301:0200,9.49,72.99,0.0,0.0,0.0,312.45,3.21,211.0,99748.0
20180301:0300,9.65,72.22,0.0,0.0,0.0,313.8,2.96,191.0,99658.0
20180301:0400,9.81,71.45,0.0,0.0,0.0,315.16,2.72,181.0,99638.0
20180301:0500,9.97,70.67,0.0,0.0,0.0,316.51,2.47,177.0,99578.0
20180301:0600,10.13,69.9,0.0,0.0,0.0,317.87,2.22,168.0,99519.0
20180301:0700,10.28,69.13,118.0,400.09,53.0,319.22,1.98,169.0,99449.0
20180301:0800,12.86,65.0,172.0,54.27,153.0,302.0,2.55,170.0,99419.0
20180301:0900,16.61,52.9,309.0,119.98,248.0,300.6,3.03,171.0,99359.0
20180301:1000,19.14,43.1,336.0,59.03,299.0,306.2,4.28,175.0,99339.0
20180301:1100,21.06,39.55,103.0,0.0,103.0,306.6,4.41,183.0,99310.0
20180301:1200,22.46,37.05,710.0,709.72,203.0,310.2,4.07,200.0,99230.0
20180301:1300,23.2,35.05,481.0,205.12,342.0,314.0,3.93,240.0,99220.0
20180301:1400,20.99,49.55,112.0,0.0,112.0,322.2,3.24,271.0,99210.0
20180301:1500,20.89,49.0,66.0,0.0,66.0,328.0,2.41,282.0,99329.0
20180301:1600,20.06,54.65,154.0,98.14,126.0,336.8,2.48,220.0,99270.0
20180301:1700,19.32,56.65,38.0,77.59,31.0,326.6,2.0,186.0,99300.0
20180301:1800,17.76,59.95,0.0,0.0,0.0,324.0,2.55,184.0,99389.0
20180301:1900,16.53,59.55,0.0,0.0,0.0,321.0,3.03,183.0,99449.0
20180301:2000,15.86,57.4,0.0,0.0,0.0,308.4,3.31,195.0,99519.0
20180301:2100,15.64,55.25,0.0,0.0,0.0,314.8,3.52,209.0,99638.0
20180301:2200,15.32,54.85,0.0,0.0,0.0,302.6,3.86,221.0,99748.0
20180301:2300,15.4,54.75,0.0,0.0,0.0,301.4,4.48,232.0,99797.0
20180302:0000,15.96,54.15,0.0,0.0,0.0,301.0,5.59,242.0,99877.0
20180302:0100,15.92,55.05,0.0,0.0,0.0,297.2,6.14,246.0,99966.0
20180302:0200,15.53,56.25,0.0,0.0,0.0,295.2,6.14,246.0,99976.0
20180302:0300,15.07,57.4,0.0,0.0,0.0,293.2,5.86,247.0,100026.0
20180302:0400,14.6,59.1,0.0,0.0,0.0,290.8,5.31,248.0,100076.0
20180302:0500,14.08,60.8,0.0,0.0,0.0,289.8,4.62,247.0,100116.0
20180302:0600,13.5,63.7,0.0,0.0,0.0,290.6,3.79,246.0,100166.0
20180302:0700,13.35,68.8,108.0,269.09,63.0,292.6,3.03,244.0,100195.0
20180302:0800,14.72,69.05,263.0,318.37,150.0,295.0,2.21,245.0,100265.0
20180302:0900,16.49,60.8,237.0,31.17,221.0,295.6,2.34,241.0,100305.0
20180302:1000,17.78,56.05,565.0,519.3,237.0,299.4,2.41,234.0,100335.0
20180302:1100,19.01,51.4,504.0,218.02,351.0,312.8,2.28,235.0,100305.0
20180302:1200,20.14,47.15,272.0,5.56,268.0,318.2,1.72,239.0,100185.0
20180302:1300,20.97,42.85,278.0,10.26,271.0,325.8,2.14,252.0,100076.0
20180302:1400,20.93,44.35,178.0,0.0,178.0,343.2,1.59,267.0,100016.0
20180302:1500,20.42,50.05,196.0,21.76,186.0,346.2,0.69,346.0,100016.0
20180302:1600,19.78,57.9,93.0,3.46,92.0,355.4,0.76,40.0,100006.0
20180302:1700,18.99,62.6,55.0,266.83,30.0,338.0,1.31,59.0,99957.0
20180302:1800,17.16,71.95,0.0,0.0,0.0,346.4,1.59,92.0,99957.0
20180302:1900,16.0,76.5,0.0,0.0,0.0,334.0,1.03,74.0,100006.0
20180302:2000,14.51,83.2,0.0,0.0,0.0,329.2,1.86,134.0,100036.0
20180302:2100,13.76,83.9,0.0,0.0,0.0,341.6,2.0,158.0,100046.0
20180302:2200,13.09,83.85,0.0,0.0,0.0,335.8,2.07,172.0,99996.0
20180302:2300,12.79,82.9,0.0,0.0,0.0,341.8,1.93,169.0,99927.0
20180303:0000,12.42,83.1,0.0,0.0,0.0,339.6,2.07,168.0,100056.0
20180303:0100,12.21,83.9,0.0,0.0,0.0,345.05,1.59,193.0,100066.0
20180303:0200,12.15,83.5,0.0,0.0,0.0,333.0,2.28,268.0,100146.0
20180303:0300,12.32,86.1,0.0,0.0,0.0,336.2,2.55,258.0,100056.0
20180303:0400,11.95,87.35,0.0,0.0,0.0,322.0,2.69,205.0,100026.0
20180303:0500,11.81,85.3,0.0,0.0,0.0,338.2,2.76,191.0,100046.0
20180303:0600,11.42,82.0,0.0,0.0,0.0,311.8,2.97,201.0,100046.0
20180303:0700,12.39,76.45,107.0,226.69,68.0,308.4,2.9,212.0,100106.0
20180303:0800,15.07,73.45,291.0,427.99,137.0,306.0,2.83,229.0,100185.0
20180303:0900,17.81,65.55,494.0,673.44,145.0,303.4,3.52,250.0,100265.0
20180303:1000,18.68,62.1,618.0,677.16,187.0,306.0,4.69,262.0,100345.0
20180303:1100,19.27,58.4,699.0,704.86,201.0,312.4,4.97,267.0,100325.0
20180303:1200,19.65,56.05,650.0,496.16,291.0,325.6,4.48,272.0,100295.0
20180303:1300,19.8,56.1,633.0,555.03,252.0,320.0,3.86,285.0,100195.0
20180303:1400,19.38,60.05,599.0,771.27,138.0,314.8,3.52,304.0,100176.0
20180303:1500,18.49,66.45,266.0,97.11,221.0,323.6,3.1,323.0,100146.0
20180303:1600,17.25,72.35,122.0,27.33,114.0,312.0,2.07,334.0,100136.0
20180303:1700,16.4,75.7,32.0,30.88,29.0,340.2,0.62,3.0,100116.0
20180303:1800,15.74,79.1,0.0,0.0,0.0,342.0,0.97,98.0,100116.0
20180303:1900,14.63,83.05,0.0,0.0,0.0,325.0,1.52,129.0,100056.0
20180303:2000,13.41,87.95,0.0,0.0,0.0,310.8,1.79,129.0,99976.0
20180303:2100,12.78,89.75,0.0,0.0,0.0,322.2,1.52,140.0,99947.0
20180303:2200,12.21,90.4,0.0,0.0,0.0,321.6,1.79,124.0,99817.0
20180303:2300,12.25,89.35,0.0,0.0,0.0,334.8,1.79,110.0,99708.0
20180304:0000,12.08,88.75,0.0,0.0,0.0,329.4,2.07,100.0,99628.0
20180304:0100,11.48,88.95,0.0,0.0,0.0,307.0,2.07,100.0,99529.0
20180304:0200,11.12,88.35,0.0,0.0,0.0,299.0,1.45,107.0,99419.0
20180304:0300,10.29,90.55,0.0,0.0,0.0,300.0,1.17,276.0,99349.0
20180304:0400,10.19,93.7,0.0,0.0,0.0,315.6,2.28,291.0,99429.0
20180304:0500,10.66,96.75,0.0,0.0,0.0,316.0,2.76,299.0,99519.0
20180304:0600,11.34,98.2,0.0,0.0,0.0,350.2,2.34,303.0,99578.0
20180304:0700,11.78,98.05,12.0,0.0,12.0,358.6,1.59,294.0,99628.0
20180304:0800,11.97,96.8,83.0,0.0,83.0,356.4,2.14,284.0,99728.0
20180304:0900,11.75,95.45,140.0,0.0,140.0,361.4,2.9,278.0,99797.0
20180304:1000,12.01,94.5,121.0,0.0,121.0,360.6,2.76,266.0,99787.0
20180304:1100,12.84,89.65,254.0,2.81,252.0,356.8,2.28,246.0,99787.0
20180304:1200,14.83,74.45,483.0,152.44,372.0,351.0,3.17,250.0,99678.0
20180304:1300,16.43,62.65,635.0,552.97,253.0,328.0,5.17,274.0,99628.0
20180304:1400,16.75,60.15,545.0,546.65,216.0,334.2,5.66,281.0,99608.0
20180304:1500,16.62,61.65,463.0,806.79,86.0,310.6,4.48,285.0,99628.0
20180304:1600,16.12,65.5,117.0,20.25,111.0,308.8,3.38,290.0,99658.0
20180304:1700,15.08,71.55,5.0,0.0,5.0,329.0,2.97,285.0,99738.0
20180304:1800,13.82,78.15,0.0,0.0,0.0,329.8,2.97,257.0,99748.0
20180304:1900,13.19,81.65,0.0,0.0,0.0,337.2,2.14,203.0,99777.0
20180304:2000,12.58,84.65,0.0,0.0,0.0,329.2,3.1,228.0,99847.0
20180304:2100,12.59,82.5,0.0,0.0,0.0,330.2,3.86,237.0,99857.0
20180304:2200,12.71,79.55,0.0,0.0,0.0,321.0,4.48,245.0,99877.0
20180304:2300,12.77,76.85,0.0,0.0,0.0,326.4,4.9,249.0,99927.0
20180305:0000,12.86,72.8,0.0,0.0,0.0,335.6,4.9,249.0,99917.0
20180305:0100,12.5,69.25,0.0,0.0,0.0,303.2,4.76,247.0,99887.0
20180305:0200,12.22,65.75,0.0,0.0,0.0,295.8,4.62,244.0,99897.0
20180305:0300,11.88,62.5,0.0,0.0,0.0,285.2,4.34,238.0,99827.0
20180305:0400,11.47,61.6,0.0,0.0,0.0,276.4,3.86,227.0,99807.0
20180305:0500,10.7,63.05,0.0,0.0,0.0,279.6,3.17,204.0,99777.0
20180305:0600,10.42,62.55,0.0,0.0,0.0,290.2,3.17,187.0,99777.0
20180305:0700,10.33,75.35,18.0,0.0,18.0,310.2,3.24,173.0,99718.0
20180305:0800,12.46,67.25,153.0,21.64,145.0,311.4,4.48,197.0,99757.0
20180305:0900,14.13,64.45,198.0,7.57,194.0,310.6,5.45,216.0,99767.0
20180305:1000,14.9,62.9,641.0,724.21,173.0,344.0,4.9,220.0,99767.0
20180305:1100,16.38,54.55,745.0,829.61,151.0,310.2,6.97,245.0,99748.0
20180305:1200,16.88,51.2,669.0,524.09,285.0,303.4,7.59,258.0,99638.0
20180305:1300,17.1,49.4,699.0,745.16,181.0,311.2,7.31,259.0,99519.0
20180305:1400,16.08,56.9,185.0,0.0,185.0,329.4,5.59,253.0,99429.0
20180305:1500,15.01,67.5,103.0,0.0,103.0,347.4,3.45,237.0,99399.0
20180305:1600,13.55,85.15,26.0,0.0,26.0,350.0,2.97,240.0,99379.0
20180305:1700,12.79,87.95,25.0,0.0,25.0,351.2,2.41,223.0,99339.0
20180305:1800,12.33,88.25,0.0,0.0,0.0,347.6,3.66,186.0,99409.0
20180305:1900,13.0,83.25,0.0,0.0,0.0,346.4,4.83,224.0,99409.0
20180305:2000,13.15,76.2,0.0,0.0,0.0,337.4,5.72,234.0,99459.0
20180305:2100,13.02,69.45,0.0,0.0,0.0,311.0,6.21,244.0,99509.0
20180305:2200,12.62,63.9,0.0,0.0,0.0,289.0,6.55,245.0,99628.0
20180305:2300,12.43,60.55,0.0,0.0,0.0,282.4,6.62,244.0,99668.0
20180306:0000,12.46,59.9,0.0,0.0,0.0,282.4,6.76,244.0,99728.0
20180306:0100,12.4,60.65,0.0,0.0,0.0,286.6,6.76,247.0,99757.0
20180306:0200,12.42,61.6,0.0,0.0,0.0,294.4,6.76,250.0,99767.0
20180306:0300,12.36,63.5,0.0,0.0,0.0,306.4,6.97,255.0,99767.0
20180306:0400,12.17,65.8,0.0,0.0,0.0,314.8,6.76,259.0,99767.0
20180306:0500,11.94,68.05,0.0,0.0,0.0,309.4,6.34,260.0,99817.0
20180306:0600,11.8,69.95,0.0,0.0,0.0,318.6,6.0,259.0,99877.0
20180306:0700,11.74,71.2,150.0,524.88,52.0,297.4,5.45,254.0,99957.0
20180306:0800,12.48,70.8,350.0,672.62,98.0,305.8,4.62,252.0,100036.0
20180306:0900,13.43,65.75,535.0,771.04,124.0,298.8,6.41,260.0,100096.0
20180306:1000,14.34,59.3,582.0,488.42,264.0,305.2,6.55,265.0,100126.0
20180306:1100,15.12,52.75,657.0,506.43,292.0,314.8,6.48,268.0,100146.0
20180306:1200,15.78,47.85,559.0,252.29,373.0,297.0,6.34,269.0,100126.0
20180306:1300,16.09,47.55,550.0,294.51,344.0,293.8,5.79,272.0,100036.0
20180306:1400,15.98,51.25,573.0,593.42,211.0,307.0,5.31,278.0,100006.0
20180306:1500,15.45,60.2,412.0,482.14,183.0,298.4,4.83,284.0,99957.0
20180306:1600,14.69,68.1,228.0,336.05,126.0,318.4,4.14,284.0,100036.0
20180306:1700,13.98,72.65,58.0,176.95,39.0,309.2,3.24,276.0,100056.0
20180306:1800,13.3,73.95,0.0,0.0,0.0,312.2,2.28,262.0,100116.0
20180306:1900,13.61,67.95,0.0,0.0,0.0,328.0,2.34,230.0,100136.0
20180306:2000,12.71,69.1,0.0,0.0,0.0,307.6,2.34,216.0,100185.0
20180306:2100,12.26,71.3,0.0,0.0,0.0,328.2,2.14,218.0,100195.0
20180306:2200,11.52,77.55,0.0,0.0,0.0,335.4,1.86,191.0,100126.0
20180306:2300,11.03,84.15,0.0,0.0,0.0,343.8,1.66,166.0,100106.0
20180307:0000,10.65,86.7,0.0,0.0,0.0,345.2,1.79,172.0,100106.0
20180307:0100,10.38,92.3,0.0,0.0,0.0,344.85,1.86,191.0,100116.0
20180307:0200,10.54,91.0,0.0,0.0,0.0,344.2,2.14,202.0,100126.0
20180307:0300,10.57,90.8,0.0,0.0,0.0,342.0,2.14,224.0,100096.0
20180307:0400,10.84,91.05,0.0,0.0,0.0,351.2,2.69,252.0,100116.0
20180307:0500,10.96,92.0,0.0,0.0,0.0,350.4,3.31,263.0,100176.0
20180307:0600,11.33,91.05,0.0,0.0,0.0,352.2,4.34,270.0,100285.0
20180307:0700,11.66,88.85,56.0,5.22,55.0,355.0,3.66,259.0,100395.0
20180307:0800,12.23,89.15,332.0,537.34,128.0,349.6,3.59,259.0,100544.0
20180307:0900,13.14,85.35,338.0,130.11,268.0,318.6,4.21,264.0,100613.0
20180307:1000,14.06,75.55,122.0,0.0,122.0,304.8,4.83,276.0,100693.0
20180307:1100,14.67,66.85,673.0,541.74,280.0,308.8,5.38,285.0,100783.0
20180307:1200,14.55,62.5,648.0,432.76,327.0,320.0,5.38,289.0,100832.0
20180307:1300,14.62,60.2,690.0,663.58,223.0,304.0,4.97,289.0,100773.0
20180307:1400,14.65,58.2,615.0,737.71,162.0,299.6,4.28,288.0,100803.0
20180307:1500,14.32,55.5,405.0,440.72,194.0,299.2,3.66,284.0,100862.0
20180307:1600,13.96,54.45,245.0,420.07,116.0,285.0,2.9,278.0,100872.0
20180307:1700,13.28,58.55,52.0,108.36,40.0,279.0,1.79,283.0,100942.0
20180307:1800,12.18,66.25,0.0,0.0,0.0,277.8,1.17,267.0,100972.0
20180307:1900,11.63,72.5,0.0,0.0,0.0,281.4,0.55,163.0,101012.0
20180307:2000,9.51,82.7,0.0,0.0,0.0,274.2,1.24,147.0,100992.0
20180307:2100,7.94,88.35,0.0,0.0,0.0,272.4,1.66,158.0,101032.0
20180307:2200,7.04,90.5,0.0,0.0,0.0,268.8,2.07,154.0,100962.0
20180307:2300,6.72,91.1,0.0,0.0,0.0,272.0,2.0,152.0,100902.0
20180308:0000,6.71,91.7,0.0,0.0,0.0,283.0,1.93,153.0,100882.0
20180308:0100,7.05,90.45,0.0,0.0,0.0,290.8,2.14,153.0,100832.0
20180308:0200,7.36,88.65,0.0,0.0,0.0,293.4,2.34,157.0,100743.0
20180308:0300,7.71,86.55,0.0,0.0,0.0,305.8,2.41,160.0,100653.0
20180308:0400,7.71,86.55,0.0,0.0,0.0,298.2,2.41,163.0,100633.0
20180308:0500,8.13,85.0,0.0,0.0,0.0,314.0,2.41,165.0,100673.0
20180308:0600,9.09,80.8,0.0,0.0,0.0,338.0,2.34,170.0,100663.0
20180308:0700,9.44,80.9,23.0,0.0,23.0,337.8,2.14,171.0,100723.0
20180308:0800,10.49,82.1,109.0,0.0,109.0,354.2,2.34,174.0,100832.0
20180308:0900,10.84,90.05,131.0,0.0,131.0,355.8,2.76,163.0,100842.0
20180308:1000,12.15,89.15,215.0,1.51,214.0,357.6,3.17,163.0,100823.0
20180308:1100,14.84,80.8,354.0,32.87,330.0,357.6,2.97,174.0,100832.0
20180308:1200,17.17,73.6,294.0,8.04,288.0,357.2,3.38,190.0,100832.0
20180308:1300,18.9,67.4,334.0,28.25,314.0,353.6,3.24,211.0,100753.0
20180308:1400,19.1,67.9,330.0,63.1,291.0,364.2,2.62,252.0,100703.0
20180308:1500,17.46,78.25,162.0,4.14,160.0,365.0,3.03,287.0,100723.0
20180308:1600,16.28,85.75,137.0,38.63,125.0,361.8,2.28,278.0,100832.0
20180308:1700,15.75,89.85,6.0,0.0,6.0,348.6,2.07,258.0,100862.0
20180308:1800,15.05,90.95,0.0,0.0,0.0,336.8,1.93,234.0,100902.0
20180308:1900,14.85,90.05,0.0,0.0,0.0,344.6,1.66,205.0,100982.0
20180308:2000,13.58,92.1,0.0,0.0,0.0,323.8,1.93,206.0,101051.0
20180308:2100,12.4,92.9,0.0,0.0,0.0,317.0,2.14,202.0,101081.0
20180308:2200,11.8,93.1,0.0,0.0,0.0,322.0,2.21,198.0,101131.0
20180308:2300,11.49,92.4,0.0,0.0,0.0,315.4,2.41,199.0,101131.0
20180309:0000,11.4,91.2,0.0,0.0,0.0,311.0,2.55,201.0,101141.0
20180309:0100,11.23,90.7,0.0,0.0,0.0,305.4,2.62,204.0,101151.0
20180309:0200,11.23,90.0,0.0,0.0,0.0,309.6,2.62,206.0,101161.0
20180309:0300,11.08,89.7,0.0,0.0,0.0,308.2,2.62,206.0,101121.0
20180309:0400,10.67,89.7,0.0,0.0,0.0,301.6,2.55,201.0,101181.0
20180309:0500,10.1,90.35,0.0,0.0,0.0,299.0,2.55,197.0,101221.0
20180309:0600,9.63,90.7,0.0,0.0,0.0,297.6,2.55,193.0,101221.0
20180309:0700,11.06,90.15,165.0,540.47,56.0,301.6,2.34,191.0,101260.0
20180309:0800,13.99,86.8,371.0,715.96,92.0,306.8,2.0,189.0,101300.0
20180309:0900,17.28,72.9,558.0,815.78,111.0,309.2,1.79,194.0,101300.0
20180309:1000,19.25,57.8,707.0,895.35,111.0,309.0,1.86,218.0,101280.0
20180309:1100,20.6,48.5,790.0,911.78,120.0,309.0,1.93,251.0,101270.0
20180309:1200,21.39,45.0,762.0,744.62,203.0,312.6,1.93,275.0,101201.0
20180309:1300,21.79,44.15,754.0,869.07,135.0,309.0,2.0,299.0,101091.0
20180309:1400,21.57,47.25,649.0,856.84,116.0,306.4,2.14,335.0,101051.0
20180309:1500,20.73,53.7,483.0,777.35,105.0,307.6,2.07,12.0,100982.0
20180309:1600,19.83,60.3,284.0,646.19,81.0,309.0,1.86,42.0,101002.0
20180309:1700,18.63,69.0,80.0,374.7,36.0,313.4,1.79,65.0,100942.0
20180309:1800,17.28,72.3,0.0,0.0,0.0,309.0,2.14,84.0,100932.0
20180309:1900,16.48,76.5,0.0,0.0,0.0,310.8,2.07,105.0,100962.0
20180309:2000,15.16,79.5,0.0,0.0,0.0,313.2,2.21,131.0,100952.0
20180309:2100,13.71,83.95,0.0,0.0,0.0,315.4,2.28,153.0,100952.0
20180309:2200,13.1,84.45,0.0,0.0,0.0,316.4,2.28,170.0,101042.0
20180309:2300,13.12,81.8,0.0,0.0,0.0,316.4,2.48,198.0,101061.0
20180310:0000,13.07,81.3,0.0,0.0,0.0,316.6,2.76,207.0,101081.0
20180310:0100,12.97,80.85,0.0,0.0,0.0,319.85,2.83,200.0,101061.0
20180310:0200,12.81,80.05,0.0,0.0,0.0,325.6,2.69,191.0,101012.0
20180310:0300,12.41,80.4,0.0,0.0,0.0,321.2,2.62,182.0,100902.0
20180310:0400,12.22,79.9,0.0,0.0,0.0,325.8,2.62,177.0,100922.0
20180310:0500,12.29,78.45,0.0,0.0,0.0,333.2,2.76,176.0,100892.0
20180310:0600,12.38,77.2,0.0,0.0,0.0,333.0,2.9,174.0,100892.0
20180310:0700,13.16,74.3,46.0,0.0,46.0,323.8,2.97,171.0,100922.0
20180310:0800,15.82,70.65,100.0,0.0,100.0,321.8,2.76,170.0,100942.0
20180310:0900,19.42,60.95,272.0,43.41,248.0,325.4,2.83,171.0,100982.0
20180310:1000,21.9,51.45,475.0,211.78,333.0,329.0,3.52,174.0,100932.0
20180310:1100,23.66,46.4,558.0,263.69,363.0,334.4,3.93,178.0,100823.0
20180310:1200,24.98,43.25,589.0,297.95,364.0,336.6,3.86,180.0,100733.0
20180310:1300,25.72,41.85,633.0,484.33,286.0,343.8,3.59,176.0,100574.0
20180310:1400,25.97,41.8,458.0,247.6,303.0,347.6,3.52,167.0,100474.0
20180310:1500,25.55,45.35,283.0,102.05,233.0,359.6,3.38,157.0,100355.0
20180310:1600,25.17,46.3,123.0,18.89,117.0,356.8,3.38,144.0,100265.0
20180310:1700,24.12,46.65,61.0,140.81,44.0,356.6,3.17,133.0,100185.0
20180310:1800,22.13,47.85,0.0,0.0,0.0,342.2,3.1,137.0,100156.0
20180310:1900,20.89,45.05,0.0,0.0,0.0,329.6,3.45,157.0,100185.0
20180310:2000,20.82,39.55,0.0,0.0,0.0,326.2,4.14,168.0,100195.0
20180310:2100,20.49,39.05,0.0,0.0,0.0,326.4,4.34,221.0,100395.0
20180310:2200,18.27,54.55,0.0,0.0,0.0,331.6,4.76,267.0,100554.0
20180310:2300,16.7,66.75,0.0,0.0,0.0,321.4,4.07,263.0,100613.0
20180311:0000,16.13,69.55,0.0,0.0,0.0,326.2,3.45,256.0,100653.0
20180311:0100,15.81,70.9,0.0,0.0,0.0,336.65,2.69,243.0,100613.0
20180311:0200,15.03,75.05,0.0,0.0,0.0,326.8,2.41,234.0,100663.0
20180311:0300,14.53,78.4,0.0,0.0,0.0,343.6,2.48,239.0,100633.0
20180311:0400,14.08,85.65,0.0,0.0,0.0,360.6,2.28,237.0,100653.0
20180311:0500,13.56,90.95,0.0,0.0,0.0,357.6,2.07,190.0,100623.0
20180311:0600,13.25,92.5,0.0,0.0,0.0,351.8,1.86,181.0,100623.0
20180311:0700,14.03,79.9,27.0,0.0,27.0,347.8,3.03,186.0,100623.0
20180311:0800,15.24,77.0,380.0,702.89,99.0,329.4,2.34,207.0,100693.0
20180311:0900,16.37,68.65,216.0,7.17,212.0,323.2,3.66,249.0,100773.0
20180311:1000,16.14,69.95,705.0,839.57,138.0,328.0,4.41,248.0,100783.0
20180311:1100,17.64,55.75,440.0,84.66,377.0,309.2,6.21,257.0,100723.0
20180311:1200,17.98,48.5,481.0,117.17,392.0,325.2,6.55,265.0,100703.0
20180311:1300,18.12,46.45,534.0,234.52,365.0,306.4,6.69,266.0,100653.0
20180311:1400,18.17,46.15,604.0,635.01,204.0,304.4,6.28,264.0,100613.0
20180311:1500,18.17,45.0,478.0,700.92,132.0,294.8,5.93,265.0,100633.0
20180311:1600,17.55,49.45,276.0,532.56,105.0,298.2,4.83,266.0,100643.0
20180311:1700,16.76,51.3,84.0,362.84,39.0,303.0,4.76,260.0,100713.0
20180311:1800,15.76,49.75,0.0,0.0,0.0,291.6,4.62,246.0,100763.0
20180311:1900,15.5,47.65,0.0,0.0,0.0,289.0,4.14,241.0,100803.0
20180311:2000,14.97,48.05,0.0,0.0,0.0,287.8,4.07,240.0,100842.0
20180311:2100,14.63,49.3,0.0,0.0,0.0,292.4,4.55,239.0,100912.0
20180311:2200,14.45,50.55,0.0,0.0,0.0,292.2,5.17,237.0,100962.0
20180311:2300,14.25,52.7,0.0,0.0,0.0,293.2,5.72,235.0,100972.0
20180312:0000,14.05,55.35,0.0,0.0,0.0,291.4,6.14,236.0,101012.0
20180312:0100,13.93,56.65,0.0,0.0,0.0,287.2,6.34,242.0,100972.0
20180312:0200,13.82,56.05,0.0,0.0,0.0,288.4,6.34,248.0,100972.0
20180312:0300,13.7,54.5,0.0,0.0,0.0,297.8,6.28,252.0,100952.0
20180312:0400,13.38,54.25,0.0,0.0,0.0,281.8,5.86,254.0,101012.0
20180312:0500,13.22,53.4,0.0,0.0,0.0,295.6,6.0,259.0,101051.0
20180312:0600,12.97,54.85,0.0,0.0,0.0,299.0,5.66,261.0,101131.0
20180312:0700,12.94,59.9,180.0,553.32,60.0,299.8,5.24,261.0,101241.0
20180312:0800,13.81,60.05,384.0,701.51,100.0,284.4,4.55,256.0,101340.0
20180312:0900,14.65,55.3,566.0,778.17,128.0,284.4,5.86,257.0,101360.0
20180312:1000,15.37,53.55,712.0,852.74,132.0,292.8,6.21,262.0,101440.0
20180312:1100,16.05,51.4,789.0,850.75,152.0,292.6,7.17,269.0,101400.0
20180312:1200,16.57,51.4,786.0,777.53,192.0,296.0,6.97,273.0,101340.0
20180312:1300,16.63,54.85,602.0,367.02,336.0,297.0,6.48,278.0,101300.0
20180312:1400,16.42,58.8,493.0,296.63,305.0,298.6,6.14,282.0,101260.0
20180312:1500,16.04,61.75,501.0,812.43,97.0,297.0,5.79,283.0,101260.0
20180312:1600,15.34,65.6,228.0,261.93,143.0,292.6,5.31,284.0,101290.0
20180312:1700,14.32,71.8,55.0,62.85,47.0,286.0,4.21,284.0,101350.0
20180312:1800,13.15,75.65,0.0,0.0,0.0,284.4,3.86,278.0,101430.0
20180312:1900,13.02,71.9,0.0,0.0,0.0,283.4,2.83,274.0,101499.0
20180312:2000,12.14,75.55,0.0,0.0,0.0,279.8,2.21,249.0,101559.0
20180312:2100,11.13,76.85,0.0,0.0,0.0,275.4,2.21,228.0,101579.0
20180312:2200,10.09,78.5,0.0,0.0,0.0,273.6,2.28,218.0,101629.0
20180312:2300,9.43,78.0,0.0,0.0,0.0,272.4,2.48,213.0,101579.0
20180313:0000,9.05,75.7,0.0,0.0,0.0,271.8,2.55,209.0,101599.0
20180313:0100,8.74,73.9,0.0,0.0,0.0,272.6,2.62,205.0,101539.0
20180313:0200,8.4,73.1,0.0,0.0,0.0,271.0,2.62,201.0,101539.0
20180313:0300,8.07,73.25,0.0,0.0,0.0,271.2,2.69,200.0,101489.0
20180313:0400,7.86,73.65,0.0,0.0,0.0,272.2,2.69,198.0,101460.0
20180313:0500,7.72,74.25,0.0,0.0,0.0,275.0,2.62,195.0,101460.0
20180313:0600,7.75,75.3,0.0,0.0,0.0,282.0,2.62,195.0,101460.0
20180313:0700,8.74,78.15,164.0,382.92,79.0,274.6,2.21,192.0,101479.0
20180313:0800,12.45,69.6,374.0,639.17,112.0,278.6,2.0,196.0,101519.0
20180313:0900,15.2,57.7,556.0,741.43,135.0,286.4,2.21,217.0,101509.0
20180313:1000,16.7,53.45,620.0,534.33,254.0,292.6,3.03,254.0,101479.0
20180313:1100,17.62,55.85,542.0,216.37,379.0,303.0,3.59,267.0,101440.0
20180313:1200,17.94,60.5,494.0,132.76,392.0,331.0,4.69,276.0,101410.0
20180313:1300,17.77,62.75,211.0,0.0,211.0,350.6,4.62,280.0,101390.0
20180313:1400,17.44,66.55,143.0,0.0,143.0,363.2,3.72,281.0,101350.0
20180313:1500,17.58,66.0,119.0,0.0,119.0,353.8,3.59,281.0,101330.0
20180313:1600,17.08,67.5,90.0,0.0,90.0,338.0,2.76,279.0,101310.0
20180313:1700,16.39,70.95,62.0,99.59,49.0,350.4,2.14,272.0,101320.0
20180313:1800,15.68,72.95,0.0,0.0,0.0,358.8,1.66,271.0,101320.0
20180313:1900,15.05,79.7,0.0,0.0,0.0,330.2,0.55,232.0,101310.0
20180313:2000,14.77,77.75,0.0,0.0,0.0,320.0,0.62,180.0,101350.0
20180313:2100,12.92,86.4,0.0,0.0,0.0,320.6,1.1,176.0,101360.0
20180313:2200,11.51,91.7,0.0,0.0,0.0,320.6,1.59,178.0,101370.0
20180313:2300,11.25,93.2,0.0,0.0,0.0,332.8,1.66,175.0,101360.0
20180314:0000,10.8,94.1,0.0,0.0,0.0,323.0,1.79,175.0,101340.0
20180314:0100,10.63,93.9,0.0,0.0,0.0,325.25,1.79,178.0,101260.0
20180314:0200,10.51,93.0,0.0,0.0,0.0,320.4,1.93,181.0,101241.0
20180314:0300,10.72,91.15,0.0,0.0,0.0,327.6,1.93,183.0,101161.0
20180314:0400,10.84,90.05,0.0,0.0,0.0,333.4,1.86,185.0,101161.0
20180314:0500,10.61,90.7,0.0,0.0,0.0,325.6,1.93,183.0,101181.0
20180314:0600,10.53,90.65,0.0,0.0,0.0,326.2,2.0,182.0,101181.0
20180314:0700,11.4,89.1,137.0,180.54,96.0,311.6,1.66,181.0,101181.0
20180314:0800,14.83,80.8,386.0,677.15,105.0,322.0,1.38,187.0,101211.0
20180314:0900,17.38,67.45,568.0,764.69,130.0,317.8,1.45,208.0,101181.0
20180314:1000,18.65,61.9,702.0,793.04,155.0,328.4,3.17,257.0,101211.0
20180314:1100,19.2,60.2,690.0,523.8,293.0,329.6,3.86,272.0,101161.0
20180314:1200,19.63,59.65,443.0,76.36,384.0,339.0,3.66,281.0,101071.0
20180314:1300,19.97,59.6,659.0,506.2,288.0,334.6,2.55,279.0,100922.0
20180314:1400,20.19,59.7,447.0,197.99,320.0,338.8,1.24,285.0,100803.0
20180314:1500,20.22,60.45,225.0,25.77,212.0,347.0,1.03,329.0,100713.0
20180314:1600,19.38,65.6,173.0,78.48,147.0,358.2,1.52,355.0,100633.0
20180314:1700,17.84,75.5,75.0,179.44,51.0,346.4,1.59,349.0,100594.0
20180314:1800,16.49,81.95,0.0,0.0,0.0,356.2,1.31,26.0,100594.0
20180314:1900,15.73,85.35,0.0,0.0,0.0,347.0,1.31,67.0,100604.0
20180314:2000,14.8,89.5,0.0,0.0,0.0,326.8,1.45,102.0,100584.0
20180314:2100,13.83,90.7,0.0,0.0,0.0,318.4,1.72,137.0,100544.0
20180314:2200,12.95,91.35,0.0,0.0,0.0,323.0,2.0,159.0,100454.0
20180314:2300,12.71,90.8,0.0,0.0,0.0,340.0,2.0,169.0,100404.0
20180315:0000,12.36,88.45,0.0,0.0,0.0,321.6,2.28,185.0,100345.0
20180315:0100,12.51,82.8,0.0,0.0,0.0,319.65,2.69,187.0,100315.0
20180315:0200,13.09,76.7,0.0,0.0,0.0,340.6,2.76,185.0,100285.0
20180315:0300,13.39,73.1,0.0,0.0,0.0,345.8,2.9,185.0,100195.0
20180315:0400,13.51,70.85,0.0,0.0,0.0,340.6,3.1,181.0,100195.0
20180315:0500,13.82,68.2,0.0,0.0,0.0,349.4,3.17,182.0,100126.0
20180315:0600,14.19,66.1,0.0,0.0,0.0,348.6,3.17,185.0,100116.0
20180315:0700,14.84,68.3,146.0,215.31,96.0,326.6,2.69,186.0,100126.0
20180315:0800,17.63,65.95,209.0,57.14,185.0,314.8,2.21,185.0,100156.0
20180315:0900,20.42,56.6,326.0,88.28,275.0,333.4,2.14,206.0,100176.0
20180315:1000,21.28,53.8,358.0,50.39,323.0,348.2,2.41,240.0,100275.0
20180315:1100,21.34,52.5,237.0,0.0,237.0,352.6,3.1,262.0,100245.0
20180315:1200,20.15,61.0,307.0,7.72,301.0,363.6,3.31,282.0,100205.0
20180315:1300,19.33,68.5,183.0,0.0,183.0,362.2,3.03,286.0,100185.0
20180315:1400,18.32,72.6,124.0,0.0,124.0,364.0,3.17,298.0,100166.0
20180315:1500,16.86,77.6,87.0,0.0,87.0,365.6,3.31,302.0,100176.0
20180315:1600,15.85,79.3,61.0,0.0,61.0,362.6,2.83,292.0,100195.0
20180315:1700,15.31,80.95,47.0,21.91,44.0,360.4,2.62,284.0,100225.0
20180315:1800,14.59,85.25,0.0,0.0,0.0,355.6,2.69,278.0,100275.0
20180315:1900,14.0,94.15,0.0,0.0,0.0,358.0,1.59,238.0,100315.0
20180315:2000,13.78,94.3,0.0,0.0,0.0,354.8,1.93,253.0,100414.0
20180315:2100,13.57,93.65,0.0,0.0,0.0,355.6,2.07,256.0,100424.0
20180315:2200,13.26,94.05,0.0,0.0,0.0,353.4,1.59,229.0,100414.0
20180315:2300,13.03,94.35,0.0,0.0,0.0,352.0,1.45,209.0,100404.0
20180316:0000,13.1,91.15,0.0,0.0,0.0,350.0,1.38,211.0,100375.0
20180316:0100,12.58,94.9,0.0,0.0,0.0,348.65,1.52,216.0,100335.0
20180316:0200,12.35,94.5,0.0,0.0,0.0,340.4,1.38,221.0,100295.0
20180316:0300,12.44,92.75,0.0,0.0,0.0,342.0,1.1,239.0,100225.0
20180316:0400,12.16,92.9,0.0,0.0,0.0,340.4,1.1,244.0,100265.0
20180316:0500,11.73,94.15,0.0,0.0,0.0,342.8,1.24,248.0,100265.0
20180316:0600,11.55,94.45,0.0,0.0,0.0,345.4,1.45,249.0,100265.0
20180316:0700,12.12,89.25,89.0,21.06,84.0,335.8,1.38,252.0,100295.0
20180316:0800,13.38,81.95,179.0,21.17,170.0,339.0,1.79,267.0,100345.0
20180316:0900,13.64,75.05,149.0,0.0,149.0,344.4,2.62,268.0,100345.0
20180316:1000,13.79,67.5,64.0,0.0,64.0,344.8,4.0,268.0,100385.0
20180316:1100,13.26,69.95,258.0,1.3,257.0,347.4,4.48,270.0,100355.0
20180316:1200,12.63,72.75,131.0,0.0,131.0,346.6,4.48,270.0,100305.0
20180316:1300,12.13,76.2,76.0,0.0,76.0,344.0,3.93,267.0,100235.0
20180316:1400,11.78,79.95,77.0,0.0,77.0,342.4,3.59,264.0,100205.0
20180316:1500,11.75,80.0,135.0,0.0,135.0,335.6,3.31,260.0,100185.0
20180316:1600,11.43,82.25,103.0,2.96,102.0,337.2,3.24,259.0,100195.0
20180316:1700,11.06,83.85,81.0,206.94,52.0,337.2,3.17,257.0,100235.0
20180316:1800,10.69,84.35,0.0,0.0,0.0,335.4,2.83,250.0,100255.0
20180316:1900,10.83,83.55,0.0,0.0,0.0,327.0,2.41,247.0,100285.0
20180316:2000,10.68,83.4,0.0,0.0,0.0,324.4,2.34,240.0,100315.0
20180316:2100,10.44,83.3,0.0,0.0,0.0,316.4,2.41,240.0,100335.0
20180316:2200,9.87,83.35,0.0,0.0,0.0,291.6,2.83,243.0,100325.0
20180316:2300,9.53,83.95,0.0,0.0,0.0,295.0,2.97,244.0,100325.0
20180317:0000,9.38,85.05,0.0,0.0,0.0,302.6,2.9,238.0,100305.0
20180317:0100,9.23,85.15,0.0,0.0,0.0,298.8,3.1,235.0,100265.0
20180317:0200,9.02,85.3,0.0,0.0,0.0,289.2,3.24,236.0,100225.0
20180317:0300,9.11,84.25,0.0,0.0,0.0,297.0,3.45,240.0,100176.0
20180317:0400,9.2,84.7,0.0,0.0,0.0,307.6,3.66,248.0,100195.0
20180317:0500,9.36,85.8,0.0,0.0,0.0,323.8,3.79,252.0,100215.0
20180317:0600,9.4,86.7,0.0,0.0,0.0,318.2,3.86,249.0,100295.0
20180317:0700,9.82,87.1,163.0,255.66,101.0,322.4,3.93,255.0,100315.0
20180317:0800,10.77,80.25,411.0,709.01,106.0,301.0,4.62,249.0,100345.0
20180317:0900,12.15,68.0,528.0,520.79,222.0,286.4,4.76,251.0,100345.0
20180317:1000,13.15,57.6,261.0,4.26,258.0,300.0,5.86,265.0,100365.0
20180317:1100,13.55,55.75,608.0,294.25,381.0,305.2,6.55,270.0,100375.0
20180317:1200,13.43,60.65,212.0,0.0,212.0,319.4,6.28,265.0,100315.0
20180317:1300,14.05,59.05,575.0,273.88,371.0,318.2,6.55,263.0,100215.0
20180317:1400,14.53,54.6,437.0,160.89,332.0,304.4,6.55,264.0,100166.0
20180317:1500,14.33,56.5,462.0,537.93,185.0,294.8,6.14,262.0,100096.0
20180317:1600,14.29,56.55,303.0,591.99,101.0,296.2,5.59,259.0,100106.0
20180317:1700,14.11,58.2,102.0,404.76,44.0,312.4,4.28,251.0,100066.0
20180317:1800,13.55,58.2,0.0,0.0,0.0,302.8,3.93,237.0,100046.0
20180317:1900,13.59,51.65,0.0,0.0,0.0,312.2,4.48,235.0,100096.0
20180317:2000,13.2,53.5,0.0,0.0,0.0,339.4,5.38,237.0,100126.0
20180317:2100,12.8,57.05,0.0,0.0,0.0,338.4,5.52,237.0,100096.0
20180317:2200,12.74,58.45,0.0,0.0,0.0,341.6,5.17,235.0,100046.0
20180317:2300,13.06,56.05,0.0,0.0,0.0,349.6,5.1,232.0,99937.0
20180318:0000,13.5,52.8,0.0,0.0,0.0,343.2,5.17,232.0,99887.0
20180318:0100,13.67,51.65,0.0,0.0,0.0,335.25,5.03,230.0,99817.0
20180318:0200,13.57,51.9,0.0,0.0,0.0,331.2,4.55,225.0,99728.0
20180318:0300,13.43,53.7,0.0,0.0,0.0,350.0,4.55,228.0,99638.0
20180318:0400,12.65,61.9,0.0,0.0,0.0,352.8,4.69,229.0,99648.0
20180318:0500,12.49,65.3,0.0,0.0,0.0,352.8,4.34,225.0,99588.0
20180318:0600,11.88,70.85,0.0,0.0,0.0,346.2,3.66,220.0,99588.0
20180318:0700,11.74,77.7,18.0,0.0,18.0,343.2,3.79,236.0,99598.0
20180318:0800,11.98,83.05,140.0,2.3,139.0,354.0,3.86,261.0,99738.0
20180318:0900,11.52,91.35,274.0,27.01,258.0,359.4,4.48,297.0,99847.0
20180318:1000,11.2,90.2,445.0,121.36,359.0,342.0,3.31,312.0,99986.0
20180318:1100,12.0,82.9,504.0,135.33,399.0,337.4,2.76,302.0,100026.0
20180318:1200,13.37,70.15,685.0,433.15,343.0,321.6,3.66,290.0,100056.0
20180318:1300,13.83,64.45,424.0,72.12,370.0,314.2,3.72,290.0,100026.0
20180318:1400,13.9,63.45,482.0,242.28,323.0,303.8,3.52,288.0,100036.0
20180318:1500,13.29,66.2,333.0,154.33,253.0,322.4,3.52,288.0,100036.0
20180318:1600,12.12,75.5,214.0,162.57,158.0,329.2,3.38,286.0,100066.0
20180318:1700,10.85,85.85,41.0,6.83,40.0,343.4,3.52,268.0,100136.0
20180318:1800,10.06,88.2,0.0,0.0,0.0,333.0,3.31,250.0,100225.0
20180318:1900,9.71,81.8,0.0,0.0,0.0,332.0,3.17,256.0,100335.0
20180318:2000,9.21,81.55,0.0,0.0,0.0,306.8,2.69,242.0,100385.0
20180318:2100,8.81,82.1,0.0,0.0,0.0,288.6,2.55,237.0,100464.0
20180318:2200,8.43,82.85,0.0,0.0,0.0,283.0,2.55,232.0,100524.0
20180318:2300,7.78,84.6,0.0,0.0,0.0,268.4,2.62,229.0,100544.0
20180319:0000,7.28,86.0,0.0,0.0,0.0,265.0,2.62,227.0,100574.0
20180319:0100,7.03,86.5,0.0,0.0,0.0,265.6,2.76,226.0,100594.0
20180319:0200,6.89,85.95,0.0,0.0,0.0,263.2,2.97,224.0,100613.0
20180319:0300,6.99,84.35,0.0,0.0,0.0,269.0,3.17,219.0,100604.0
20180319:0400,6.93,82.1,0.0,0.0,0.0,266.4,3.03,224.0,100633.0
20180319:0500,7.17,81.3,0.0,0.0,0.0,286.8,2.9,237.0,100673.0
20180319:0600,7.75,79.95,11.0,0.0,11.0,304.2,3.03,240.0,100693.0
20180319:0700,9.15,85.35,218.0,601.24,66.0,293.4,3.1,239.0,100753.0
20180319:0800,10.99,80.65,412.0,660.95,121.0,298.2,3.93,245.0,100763.0
20180319:0900,12.53,70.1,565.0,629.45,189.0,294.0,5.17,262.0,100793.0
20180319:1000,13.57,59.65,399.0,68.69,350.0,299.6,5.66,267.0,100842.0
20180319:1100,14.03,55.7,663.0,394.72,355.0,294.8,5.86,267.0,100803.0
20180319:1200,14.55,52.95,635.0,312.46,387.0,298.8,6.34,269.0,100793.0
20180319:1300,14.61,52.65,571.0,257.76,377.0,303.4,6.14,267.0,100693.0
20180319:1400,14.71,52.6,489.0,245.5,327.0,300.6,5.86,268.0,100604.0
20180319:1500,14.71,54.1,506.0,711.06,135.0,303.4,5.1,267.0,100524.0
20180319:1600,14.15,59.65,157.0,37.39,144.0,311.4,3.52,265.0,100444.0
20180319:1700,13.46,65.2,108.0,414.58,46.0,327.0,2.76,266.0,100434.0
20180319:1800,12.63,71.2,0.0,0.0,0.0,326.4,1.93,262.0,100345.0
20180319:1900,12.35,66.2,0.0,0.0,0.0,297.2,2.76,206.0,100305.0
20180319:2000,11.98,64.9,0.0,0.0,0.0,298.2,3.03,223.0,100315.0
20180319:2100,11.65,67.2,0.0,0.0,0.0,304.0,3.79,238.0,100355.0
20180319:2200,11.08,78.5,0.0,0.0,0.0,334.0,4.28,235.0,100275.0
20180319:2300,10.39,86.35,0.0,0.0,0.0,336.0,4.41,219.0,100185.0
20180320:0000,10.73,81.85,0.0,0.0,0.0,346.0,4.9,222.0,100086.0
20180320:0100,10.63,87.8,0.0,0.0,0.0,347.05,5.93,241.0,100026.0
20180320:0200,10.4,91.8,0.0,0.0,0.0,359.0,7.03,271.0,100046.0
20180320:0300,9.91,87.2,0.0,0.0,0.0,338.2,5.38,294.0,100146.0
20180320:0400,9.38,84.0,0.0,0.0,0.0,324.8,4.48,292.0,100215.0
20180320:0500,8.66,82.05,0.0,0.0,0.0,294.4,3.79,283.0,100295.0
20180320:0600,8.34,81.0,13.0,0.0,13.0,301.2,3.59,278.0,100345.0
20180320:0700,8.71,74.55,211.0,480.7,87.0,293.6,4.48,272.0,100395.0
20180320:0800,9.56,67.55,425.0,682.67,121.0,277.2,4.62,272.0,100474.0
20180320:0900,10.29,54.75,169.0,0.0,169.0,282.2,6.34,276.0,100534.0
20180320:1000,10.69,51.8,330.0,20.89,315.0,277.6,6.62,274.0,100564.0
20180320:1100,11.32,49.25,164.0,0.0,164.0,281.6,7.03,275.0,100564.0
20180320:1200,11.79,46.75,732.0,505.14,329.0,273.6,7.24,279.0,100613.0
20180320:1300,12.01,45.35,338.0,17.19,325.0,268.0,7.03,282.0,100594.0
20180320:1400,11.87,46.0,330.0,36.17,306.0,282.6,6.83,285.0,100633.0
20180320:1500,11.43,47.05,180.0,1.9,179.0,277.2,6.55,285.0,100683.0
20180320:1600,10.9,48.55,272.0,356.24,147.0,281.0,5.72,283.0,100743.0
20180320:1700,10.3,50.9,113.0,425.82,48.0,268.4,4.69,278.0,100842.0
20180320:1800,9.4,53.85,0.0,0.0,0.0,267.0,3.66,277.0,100952.0
20180320:1900,8.75,56.25,0.0,0.0,0.0,260.8,2.76,274.0,101002.0
20180320:2000,8.02,62.4,0.0,0.0,0.0,262.8,2.07,258.0,101071.0
20180320:2100,7.16,67.75,0.0,0.0,0.0,261.0,1.86,248.0,101121.0
20180320:2200,6.46,70.55,0.0,0.0,0.0,259.2,1.79,246.0,101091.0
20180320:2300,5.82,74.45,0.0,0.0,0.0,257.8,1.66,239.0,101111.0
20180321:0000,5.12,78.75,0.0,0.0,0.0,255.8,1.52,229.0,101131.0
20180321:0100,4.87,81.1,0.0,0.0,0.0,266.2,1.31,226.0,101101.0
20180321:0200,4.38,82.85,0.0,0.0,0.0,259.4,1.38,225.0,101091.0
20180321:0300,5.0,80.65,0.0,0.0,0.0,283.4,1.03,231.0,101101.0
20180321:0400,5.57,79.65,0.0,0.0,0.0,300.6,0.69,230.0,101101.0
20180321:0500,5.55,81.85,0.0,0.0,0.0,298.6,0.55,253.0,101161.0
20180321:0600,5.11,85.6,11.0,0.0,11.0,288.2,0.9,226.0,101201.0
20180321:0700,6.15,91.55,131.0,72.22,112.0,309.8,0.41,269.0,101290.0
20180321:0800,7.86,83.55,201.0,26.65,189.0,310.0,1.03,304.0,101340.0
20180321:0900,8.32,82.8,574.0,622.69,196.0,300.2,1.66,311.0,101350.0
20180321:1000,9.53,82.8,484.0,155.01,372.0,315.0,2.28,322.0,101320.0
20180321:1100,9.79,83.7,217.0,0.0,217.0,334.0,2.9,336.0,101310.0
20180321:1200,9.36,81.35,105.0,0.0,105.0,325.8,3.31,350.0,101310.0
20180321:1300,9.73,81.7,71.0,0.0,71.0,305.6,3.24,0.0,101300.0
20180321:1400,9.13,81.75,125.0,0.0,125.0,308.0,3.31,360.0,101280.0
20180321:1500,8.69,75.3,190.0,3.78,188.0,320.2,3.52,353.0,101320.0
20180321:1600,8.2,78.65,115.0,2.82,114.0,317.4,3.52,350.0,101370.0
20180321:1700,7.9,78.95,81.0,122.01,62.0,327.6,3.24,347.0,101450.0
20180321:1800,7.58,74.6,0.0,0.0,0.0,316.0,2.97,343.0,101499.0
20180321:1900,6.7,81.5,0.0,0.0,0.0,308.6,1.45,285.0,101549.0
20180321:2000,5.97,85.7,0.0,0.0,0.0,291.4,1.52,283.0,101569.0
20180321:2100,5.31,88.9,0.0,0.0,0.0,278.0,1.93,282.0,101599.0
20180321:2200,5.29,89.5,0.0,0.0,0.0,297.8,2.41,281.0,101529.0
20180321:2300,4.97,89.85,0.0,0.0,0.0,278.4,2.76,280.0,101569.0
20180322:0000,4.84,89.85,0.0,0.0,0.0,270.8,2.83,288.0,101549.0
20180322:0100,5.38,91.35,0.0,0.0,0.0,308.8,3.17,293.0,101529.0
20180322:0200,5.44,93.55,0.0,0.0,0.0,304.2,4.28,304.0,101460.0
20180322:0300,5.65,91.9,0.0,0.0,0.0,313.6,4.48,313.0,101499.0
20180322:0400,5.5,91.95,0.0,0.0,0.0,311.0,4.28,320.0,101489.0
20180322:0500,5.42,92.65,0.0,0.0,0.0,303.2,3.79,311.0,101470.0
20180322:0600,5.47,92.6,4.0,0.0,4.0,312.8,4.07,302.0,101470.0
20180322:0700,6.95,87.1,21.0,0.0,21.0,332.4,3.1,319.0,101499.0
20180322:0800,7.81,82.15,176.0,10.98,171.0,309.6,4.07,325.0,101539.0
20180322:0900,8.56,73.75,91.0,0.0,91.0,299.4,4.62,333.0,101549.0
20180322:1000,9.33,66.95,94.0,0.0,94.0,305.2,4.9,335.0,101559.0
20180322:1100,9.93,62.6,75.0,0.0,75.0,301.6,5.38,331.0,101589.0
20180322:1200,9.98,62.55,168.0,0.0,168.0,307.6,5.38,329.0,101539.0
20180322:1300,10.21,62.3,545.0,197.65,394.0,302.0,5.17,327.0,101479.0
20180322:1400,10.3,62.4,638.0,613.02,227.0,319.4,5.17,323.0,101450.0
20180322:1500,9.75,65.3,173.0,1.88,172.0,296.0,5.03,318.0,101460.0
20180322:1600,9.06,67.95,147.0,19.6,140.0,292.8,4.69,310.0,101450.0
20180322:1700,8.29,73.4,10.0,0.0,10.0,296.8,4.34,300.0,101509.0
20180322:1800,7.08,77.1,0.0,0.0,0.0,281.4,3.45,295.0,101519.0
20180322:1900,6.33,85.5,0.0,0.0,0.0,277.0,3.31,266.0,101569.0
20180322:2000,5.91,87.55,0.0,0.0,0.0,280.6,3.1,251.0,101559.0
20180322:2100,5.73,86.6,0.0,0.0,0.0,279.8,3.03,244.0,101549.0
20180322:2200,5.73,84.85,0.0,0.0,0.0,284.2,3.03,247.0,101549.0
20180322:2300,5.71,83.15,0.0,0.0,0.0,280.8,3.24,243.0,101519.0
20180323:0000,5.73,82.1,0.0,0.0,0.0,286.2,3.38,239.0,101470.0
20180323:0100,5.77,81.65,0.0,0.0,0.0,291.8,3.59,241.0,101400.0
20180323:0200,5.6,80.55,0.0,0.0,0.0,287.6,3.66,234.0,101320.0
20180323:0300,5.02,77.3,0.0,0.0,0.0,265.2,3.59,220.0,101231.0
20180323:0400,4.44,71.85,0.0,0.0,0.0,244.0,3.59,212.0,101131.0
20180323:0500,4.34,67.9,0.0,0.0,0.0,245.0,3.52,213.0,101091.0
20180323:0600,4.72,68.05,24.0,58.37,20.0,252.2,3.52,217.0,101061.0
20180323:0700,6.52,67.85,241.0,632.85,68.0,265.4,3.31,224.0,101071.0
20180323:0800,9.63,63.45,448.0,742.97,106.0,273.4,3.52,239.0,101071.0
20180323:0900,11.97,59.05,639.0,851.41,114.0,269.6,5.31,258.0,101051.0
20180323:1000,13.11,58.25,449.0,105.24,372.0,308.6,6.34,267.0,101051.0
20180323:1100,13.96,56.0,474.0,86.52,405.0,294.6,7.24,273.0,100962.0
20180323:1200,14.49,53.3,787.0,634.71,273.0,317.4,7.66,276.0,100862.0
20180323:1300,14.8,50.9,757.0,677.39,237.0,304.2,7.45,278.0,100753.0
20180323:1400,14.68,51.3,665.0,701.88,192.0,296.4,6.69,280.0,100703.0
20180323:1500,14.52,51.9,528.0,747.72,128.0,294.6,6.34,280.0,100643.0
20180323:1600,14.13,57.55,337.0,702.2,84.0,277.8,5.86,281.0,100604.0
20180323:1700,13.39,70.95,123.0,469.67,47.0,278.4,5.03,279.0,100594.0
20180323:1800,12.39,76.95,0.0,0.0,0.0,280.8,4.55,272.0,100564.0
20180323:1900,11.87,75.2,0.0,0.0,0.0,277.6,4.07,260.0,100564.0
20180323:2000,11.41,71.5,0.0,0.0,0.0,275.4,3.59,247.0,100554.0
20180323:2100,10.97,68.0,0.0,0.0,0.0,280.4,3.45,234.0,100534.0
20180323:2200,10.55,65.65,0.0,0.0,0.0,278.2,3.59,227.0,100434.0
20180323:2300,10.49,64.95,0.0,0.0,0.0,290.6,3.66,223.0,100355.0
20180324:0000,10.72,66.8,0.0,0.0,0.0,297.4,3.93,224.0,100275.0
20180324:0100,11.3,69.35,0.0,0.0,0.0,314.85,4.21,230.0,100156.0
20180324:0200,11.52,74.55,0.0,0.0,0.0,322.8,4.21,235.0,100106.0
20180324:0300,11.51,80.15,0.0,0.0,0.0,338.0,4.0,230.0,99976.0
20180324:0400,11.47,85.0,0.0,0.0,0.0,354.0,4.0,230.0,99897.0
20180324:0500,11.16,90.4,0.0,0.0,0.0,355.0,4.34,228.0,99777.0
20180324:0600,11.78,85.7,17.0,0.0,17.0,360.8,4.97,228.0,99708.0
20180324:0700,12.34,79.75,21.0,0.0,21.0,351.0,4.76,229.0,99678.0
20180324:0800,12.92,77.5,60.0,0.0,60.0,344.2,5.38,238.0,99618.0
20180324:0900,12.86,81.35,163.0,0.0,163.0,344.0,5.24,235.0,99519.0
20180324:1000,12.74,87.1,100.0,0.0,100.0,350.6,5.03,235.0,99469.0
20180324:1100,12.12,90.1,105.0,0.0,105.0,359.2,6.07,253.0,99479.0
20180324:1200,11.33,85.75,289.0,2.46,287.0,351.6,7.66,266.0,99638.0
20180324:1300,11.49,74.7,271.0,1.3,270.0,336.0,7.93,272.0,99668.0
20180324:1400,11.77,63.65,206.0,0.0,206.0,304.4,8.69,282.0,99668.0
20180324:1500,11.79,65.2,379.0,219.26,261.0,293.2,7.72,283.0,99678.0
20180324:1600,11.45,62.45,224.0,151.36,169.0,289.0,7.31,275.0,99728.0
20180324:1700,11.24,58.05,121.0,424.67,51.0,294.0,7.52,269.0,99767.0
20180324:1800,10.51,57.45,0.0,0.0,0.0,293.6,6.97,258.0,99847.0
20180324:1900,9.32,64.95,0.0,0.0,0.0,288.4,6.97,267.0,99947.0
20180324:2000,7.87,82.85,0.0,0.0,0.0,285.2,6.69,258.0,99947.0
20180324:2100,7.97,85.85,0.0,0.0,0.0,316.2,6.9,251.0,99976.0
20180324:2200,8.06,86.65,0.0,0.0,0.0,334.4,7.31,253.0,99957.0
20180324:2300,8.26,86.7,0.0,0.0,0.0,312.2,7.24,255.0,99867.0
20180325:0000,8.46,86.6,0.0,0.0,0.0,295.6,7.45,255.0,99827.0
20180325:0100,8.71,86.05,0.0,0.0,0.0,316.05,8.07,259.0,99797.0
20180325:0200,8.91,86.85,0.0,0.0,0.0,324.8,8.48,264.0,99738.0
20180325:0300,8.87,87.4,0.0,0.0,0.0,317.2,9.1,267.0,99718.0
20180325:0400,9.36,82.45,0.0,0.0,0.0,306.0,8.83,269.0,99787.0
20180325:0500,9.86,74.4,0.0,0.0,0.0,314.0,8.28,278.0,99807.0
20180325:0600,10.13,71.7,12.0,0.0,12.0,325.0,7.79,285.0,99897.0
20180325:0700,9.7,85.45,99.0,10.58,96.0,329.8,7.31,291.0,99996.0
20180325:0800,10.04,84.45,115.0,0.0,115.0,332.4,7.24,298.0,100076.0
20180325:0900,10.55,85.55,153.0,0.0,153.0,336.0,5.93,299.0,100116.0
20180325:1000,10.88,82.0,145.0,0.0,145.0,333.2,6.97,304.0,100235.0
20180325:1100,12.06,77.0,411.0,39.71,379.0,318.0,7.03,304.0,100265.0
20180325:1200,11.38,82.35,674.0,355.91,383.0,327.8,6.62,300.0,100325.0
20180325:1300,12.34,77.5,457.0,89.04,388.0,332.0,6.55,296.0,100305.0
20180325:1400,11.89,81.3,456.0,166.01,343.0,338.8,6.0,296.0,100315.0
20180325:1500,11.37,81.9,376.0,210.59,262.0,331.4,5.86,293.0,100335.0
20180325:1600,11.09,83.05,271.0,313.84,156.0,330.8,5.1,289.0,100404.0
20180325:1700,10.67,83.45,81.0,89.38,66.0,326.8,5.03,290.0,100454.0
20180325:1800,9.81,85.8,0.0,0.0,0.0,322.2,4.55,288.0,100524.0
20180325:1900,9.38,87.45,0.0,0.0,0.0,308.6,3.1,293.0,100613.0
20180325:2000,9.05,88.1,0.0,0.0,0.0,305.4,2.62,282.0,100663.0
20180325:2100,8.46,90.1,0.0,0.0,0.0,299.2,2.34,276.0,100733.0
20180325:2200,8.01,93.0,0.0,0.0,0.0,296.0,2.28,271.0,100713.0
20180325:2300,7.9,93.95,0.0,0.0,0.0,308.6,2.21,274.0,100763.0
20180326:0000,7.26,94.3,0.0,0.0,0.0,288.4,2.28,273.0,100793.0
20180326:0100,7.32,95.35,0.0,0.0,0.0,317.45,2.34,275.0,100852.0
20180326:0200,7.43,95.4,0.0,0.0,0.0,319.6,2.55,280.0,100912.0
20180326:0300,7.75,96.2,0.0,0.0,0.0,337.0,2.76,284.0,100922.0
20180326:0400,8.02,96.65,0.0,0.0,0.0,342.4,2.83,289.0,101012.0
20180326:0500,8.18,96.8,0.0,0.0,0.0,344.8,2.9,298.0,101051.0
20180326:0600,8.19,94.3,18.0,0.0,18.0,345.6,2.69,312.0,101141.0
20180326:0700,8.46,94.15,51.0,0.0,51.0,345.0,2.34,320.0,101251.0
20180326:0800,8.72,95.1,136.0,0.0,136.0,345.2,2.28,318.0,101370.0
20180326:0900,8.99,93.9,325.0,49.15,294.0,348.6,2.28,309.0,101440.0
20180326:1000,9.86,90.75,271.0,2.68,269.0,346.2,2.55,293.0,101509.0
20180326:1100,10.53,91.4,145.0,0.0,145.0,334.8,2.62,282.0,101519.0
20180326:1200,12.11,87.65,337.0,8.52,330.0,314.6,2.97,289.0,101489.0
20180326:1300,12.6,84.3,611.0,298.03,379.0,318.6,3.45,294.0,101519.0
20180326:1400,12.73,82.5,456.0,160.82,346.0,307.4,3.45,292.0,101499.0
20180326:1500,12.79,80.65,178.0,1.84,177.0,324.2,3.79,289.0,101529.0
20180326:1600,12.24,80.05,334.0,633.38,100.0,312.4,3.72,287.0,101539.0
20180326:1700,11.81,79.1,121.0,362.98,59.0,314.4,3.52,285.0,101609.0
20180326:1800,10.99,81.9,0.0,0.0,0.0,296.2,2.83,273.0,101659.0
20180326:1900,10.49,80.2,0.0,0.0,0.0,294.2,2.21,259.0,101728.0
20180326:2000,9.7,84.1,0.0,0.0,0.0,286.8,2.21,231.0,101758.0
20180326:2100,9.11,86.6,0.0,0.0,0.0,291.2,2.41,223.0,101828.0
20180326:2200,8.44,88.15,0.0,0.0,0.0,276.4,2.55,229.0,101838.0
20180326:2300,8.06,88.7,0.0,0.0,0.0,274.4,2.55,240.0,101888.0
20180327:0000,8.09,88.15,0.0,0.0,0.0,284.6,2.55,241.0,101848.0
20180327:0100,7.87,89.0,0.0,0.0,0.0,279.8,2.41,231.0,101828.0
20180327:0200,7.5,90.2,0.0,0.0,0.0,279.0,2.34,220.0,101818.0
20180327:0300,7.35,89.75,0.0,0.0,0.0,287.4,2.28,217.0,101758.0
20180327:0400,7.2,88.0,0.0,0.0,0.0,288.4,2.28,219.0,101778.0
20180327:0500,7.44,85.65,0.0,0.0,0.0,303.0,2.14,214.0,101798.0
20180327:0600,7.11,85.35,51.0,257.55,28.0,287.0,2.14,205.0,101848.0
20180327:0700,9.11,84.05,254.0,588.98,81.0,284.2,1.59,210.0,101907.0
20180327:0800,12.58,70.35,469.0,760.43,104.0,289.0,1.66,234.0,101937.0
20180327:0900,14.12,66.4,653.0,835.7,122.0,288.8,2.41,278.0,101927.0
20180327:1000,15.05,62.1,785.0,855.4,144.0,301.8,2.9,293.0,101947.0
20180327:1100,15.78,58.5,762.0,565.04,302.0,309.4,3.38,297.0,101937.0
20180327:1200,16.24,56.35,579.0,185.41,426.0,308.0,3.45,298.0,101888.0
20180327:1300,16.5,54.75,758.0,647.09,252.0,307.0,3.45,298.0,101848.0
20180327:1400,16.6,53.8,694.0,768.27,166.0,301.4,3.45,298.0,101818.0
20180327:1500,16.45,53.8,523.0,677.53,152.0,298.6,3.1,295.0,101818.0
20180327:1600,15.94,57.1,346.0,690.05,89.0,293.6,2.55,295.0,101878.0
20180327:1700,15.13,64.4,130.0,443.12,53.0,288.4,1.79,293.0,101937.0
20180327:1800,13.86,71.25,0.0,0.0,0.0,286.4,1.72,276.0,101937.0
20180327:1900,12.3,84.45,0.0,0.0,0.0,284.0,2.07,243.0,101997.0
20180327:2000,11.15,87.65,0.0,0.0,0.0,282.4,2.34,229.0,102027.0
20180327:2100,10.32,87.7,0.0,0.0,0.0,281.6,2.48,216.0,101997.0
20180327:2200,9.7,86.7,0.0,0.0,0.0,282.8,2.41,207.0,101957.0
20180327:2300,9.06,86.0,0.0,0.0,0.0,279.0,2.34,200.0,101888.0
20180328:0000,8.48,85.65,0.0,0.0,0.0,279.2,2.34,196.0,101898.0
20180328:0100,7.93,85.65,0.0,0.0,0.0,279.0,2.34,191.0,101838.0
20180328:0200,7.55,85.3,0.0,0.0,0.0,279.6,2.41,189.0,101788.0
20180328:0300,7.36,84.2,0.0,0.0,0.0,280.8,2.48,188.0,101718.0
20180328:0400,7.23,83.0,0.0,0.0,0.0,280.0,2.55,186.0,101698.0
20180328:0500,7.13,82.15,0.0,0.0,0.0,280.4,2.62,183.0,101679.0
20180328:0600,7.23,81.65,55.0,264.64,30.0,281.0,2.76,182.0,101679.0
20180328:0700,9.98,77.9,260.0,602.48,80.0,283.6,2.41,181.0,101698.0
20180328:0800,14.66,68.7,471.0,746.65,109.0,290.0,2.07,185.0,101679.0
20180328:0900,18.04,53.2,653.0,820.32,128.0,297.6,2.21,196.0,101629.0
20180328:1000,19.94,46.35,797.0,886.33,129.0,304.6,2.34,220.0,101569.0
20180328:1100,21.11,43.75,877.0,911.85,131.0,310.0,2.48,250.0,101499.0
20180328:1200,21.81,43.4,918.0,1015.74,76.0,313.4,2.69,272.0,101430.0
20180328:1300,22.02,43.9,841.0,916.71,121.0,315.8,2.9,289.0,101340.0
20180328:1400,21.81,45.3,726.0,890.67,111.0,315.8,2.76,303.0,101241.0
20180328:1500,21.19,47.95,540.0,744.58,130.0,314.8,2.28,324.0,101141.0
20180328:1600,20.32,52.35,346.0,676.61,92.0,313.0,1.59,347.0,101101.0
20180328:1700,19.19,60.4,132.0,435.74,55.0,309.6,1.03,10.0,101081.0
20180328:1800,17.63,72.35,0.0,0.0,0.0,304.6,0.83,58.0,101051.0
20180328:1900,15.56,76.85,0.0,0.0,0.0,300.2,1.31,141.0,101061.0
20180328:2000,13.67,82.4,0.0,0.0,0.0,299.2,1.79,154.0,101042.0
20180328:2100,12.01,86.65,0.0,0.0,0.0,298.6,2.14,164.0,101022.0
20180328:2200,10.92,89.8,0.0,0.0,0.0,299.4,2.28,171.0,101002.0
20180328:2300,10.61,89.6,0.0,0.0,0.0,297.8,2.41,175.0,100972.0
20180329:0000,10.68,87.0,0.0,0.0,0.0,296.8,2.62,178.0,100912.0
20180329:0100,10.63,83.35,0.0,0.0,0.0,295.4,2.76,187.0,100892.0
20180329:0200,10.65,79.9,0.0,0.0,0.0,294.8,2.83,191.0,100872.0
20180329:0300,10.44,79.1,0.0,0.0,0.0,293.8,2.76,189.0,100783.0
20180329:0400,10.1,79.9,0.0,0.0,0.0,291.4,2.76,187.0,100793.0
20180329:0500,9.73,81.1,0.0,0.0,0.0,288.6,2.83,183.0,100753.0
20180329:0600,9.53,82.4,53.0,190.72,34.0,286.6,2.9,182.0,100773.0
20180329:0700,11.52,78.95,255.0,533.28,93.0,285.6,2.48,186.0,100842.0
20180329:0800,15.41,72.65,457.0,659.66,134.0,289.4,2.0,191.0,100872.0
20180329:0900,19.02,63.4,647.0,783.49,142.0,299.2,1.52,203.0,100892.0
20180329:1000,20.95,52.25,788.0,848.35,145.0,314.6,1.59,235.0,100862.0
20180329:1100,21.81,46.3,853.0,824.72,175.0,328.8,2.28,265.0,100823.0
20180329:1200,22.14,45.6,894.0,925.98,123.0,339.0,2.62,287.0,100773.0
20180329:1300,21.76,49.8,376.0,27.89,354.0,338.2,3.03,313.0,100683.0
20180329:1400,20.66,56.75,729.0,899.55,105.0,340.8,3.1,320.0,100653.0
20180329:1500,19.72,61.85,531.0,697.16,145.0,335.4,2.76,319.0,100584.0
20180329:1600,19.0,65.8,347.0,668.71,94.0,323.6,1.93,319.0,100584.0
20180329:1700,18.07,71.6,127.0,361.84,62.0,320.8,1.17,335.0,100613.0
20180329:1800,16.68,78.3,0.0,0.0,0.0,311.2,0.83,360.0,100643.0
20180329:1900,16.07,81.3,0.0,0.0,0.0,318.4,0.41,93.0,100673.0
20180329:2000,14.13,88.8,0.0,0.0,0.0,319.6,1.38,134.0,100683.0
20180329:2100,13.48,89.4,0.0,0.0,0.0,328.0,1.72,147.0,100683.0
20180329:2200,12.9,90.3,0.0,0.0,0.0,325.8,1.86,158.0,100673.0
20180329:2300,12.25,91.45,0.0,0.0,0.0,322.8,1.86,164.0,100613.0
20180330:0000,11.56,92.1,0.0,0.0,0.0,316.8,1.93,172.0,100604.0
20180330:0100,10.93,91.5,0.0,0.0,0.0,304.6,2.07,174.0,100564.0
20180330:0200,10.59,90.1,0.0,0.0,0.0,302.4,2.21,177.0,100524.0
20180330:0300,10.7,86.05,0.0,0.0,0.0,309.6,2.28,187.0,100504.0
20180330:0400,10.97,81.85,0.0,0.0,0.0,317.4,2.14,199.0,100524.0
20180330:0500,11.49,78.7,0.0,0.0,0.0,336.8,2.07,214.0,100514.0
20180330:0600,11.57,79.35,8.0,0.0,8.0,332.4,1.93,207.0,100544.0
20180330:0700,13.01,80.1,25.0,0.0,25.0,352.4,1.59,208.0,100613.0
20180330:0800,14.93,74.9,86.0,0.0,86.0,347.0,1.52,224.0,100663.0
20180330:0900,15.67,73.9,406.0,132.5,320.0,350.8,1.38,236.0,100683.0
20180330:1000,16.36,71.65,491.0,140.39,384.0,350.6,1.45,251.0,100713.0
20180330:1100,17.0,72.9,301.0,3.63,298.0,344.6,1.79,271.0,100673.0
20180330:1200,16.87,77.75,96.0,0.0,96.0,346.8,2.07,295.0,100643.0
20180330:1300,16.26,82.9,109.0,0.0,109.0,352.6,2.41,305.0,100564.0
20180330:1400,14.96,93.95,212.0,0.0,212.0,355.4,2.07,306.0,100494.0
20180330:1500,14.64,94.85,393.0,233.53,263.0,355.6,2.41,293.0,100454.0
20180330:1600,14.38,92.7,169.0,34.1,156.0,355.8,2.14,286.0,100444.0
20180330:1700,14.22,90.4,81.0,60.26,70.0,344.4,2.21,274.0,100494.0
20180330:1800,13.87,87.65,0.0,0.0,0.0,344.4,1.93,266.0,100534.0
20180330:1900,13.21,84.1,0.0,0.0,0.0,309.2,2.28,267.0,100564.0
20180330:2000,12.56,83.85,0.0,0.0,0.0,309.0,2.28,244.0,100633.0
20180330:2100,11.66,83.55,0.0,0.0,0.0,285.2,2.62,227.0,100703.0
20180330:2200,10.81,82.45,0.0,0.0,0.0,279.0,2.97,219.0,100683.0
20180330:2300,10.35,78.45,0.0,0.0,0.0,278.2,3.38,216.0,100713.0
20180331:0000,10.27,74.5,0.0,0.0,0.0,279.2,3.59,214.0,100713.0
20180331:0100,10.38,71.9,0.0,0.0,0.0,280.8,3.93,217.0,100673.0
20180331:0200,10.62,71.25,0.0,0.0,0.0,284.4,4.07,218.0,100623.0
20180331:0300,10.58,72.1,0.0,0.0,0.0,275.2,4.14,219.0,100604.0
20180331:0400,11.07,71.05,0.0,0.0,0.0,298.4,4.48,227.0,100604.0
20180331:0500,11.69,67.65,0.0,0.0,0.0,308.6,5.38,239.0,100604.0
20180331:0600,11.88,65.45,54.0,127.43,40.0,306.2,5.79,248.0,100663.0
20180331:0700,12.53,63.95,249.0,417.57,118.0,296.2,5.93,252.0,100713.0
20180331:0800,13.1,66.65,365.0,262.44,234.0,295.8,5.72,253.0,100763.0
20180331:0900,13.55,69.85,377.0,84.16,322.0,328.4,7.72,265.0,100832.0
20180331:1000,13.83,73.7,713.0,558.5,285.0,344.0,7.45,270.0,100932.0
20180331:1100,14.55,71.7,371.0,16.87,357.0,318.6,7.17,274.0,100972.0
20180331:1200,15.12,60.15,750.0,467.95,357.0,309.2,7.59,281.0,100982.0
20180331:1300,15.15,51.35,838.0,848.51,163.0,312.0,7.31,284.0,100982.0
20180331:1400,15.02,48.1,673.0,641.49,224.0,294.4,6.83,286.0,100982.0
20180331:1500,14.61,47.05,507.0,553.94,197.0,289.2,6.34,287.0,101071.0
20180331:1600,11.34,55.11,320.0,460.77,143.0,268.32,3.68,286.0,101131.0
20180331:1700,11.31,57.66,103.0,140.21,77.0,270.58,3.56,281.0,101211.0
20180331:1800,11.28,60.2,0.0,0.0,0.0,272.84,3.43,266.0,101260.0
20180331:1900,11.25,62.75,0.0,0.0,0.0,275.1,3.31,245.0,101350.0
20180331:2000,11.22,65.29,0.0,0.0,0.0,277.36,3.18,220.0,101420.0
20180331:2100,11.19,67.84,0.0,0.0,0.0,279.62,3.05,205.0,101489.0
20180331:2200,11.17,70.38,0.0,0.0,0.0,281.88,2.93,197.0,101499.0
20180331:2300,11.14,72.93,0.0,0.0,0.0,284.14,2.8,194.0,101509.0
20060401:0000,11.11,75.48,0.0,0.0,0.0,286.41,2.67,172.0,101380.0
20060401:0100,11.08,78.02,0.0,0.0,0.0,288.67,2.55,172.0,101320.0
20060401:0200,11.05,80.57,0.0,0.0,0.0,290.93,2.42,173.0,101290.0
20060401:0300,11.02,83.11,0.0,0.0,0.0,293.19,2.3,174.0,101231.0
20060401:0400,11.0,85.66,0.0,0.0,0.0,295.45,2.17,174.0,101231.0
20060401:0500,10.97,88.2,0.0,0.0,0.0,297.71,2.04,175.0,101231.0
20060401:0600,10.94,90.75,51.0,86.99,41.0,299.97,1.92,178.0,101241.0
20060401:0700,10.91,93.29,233.0,326.38,129.0,302.23,1.79,178.0,101260.0
20060401:0800,17.71,71.2,473.0,674.8,133.0,306.0,1.59,185.0,101260.0
20060401:0900,22.19,58.0,650.0,744.72,160.0,316.0,0.9,215.0,101300.0
20060401:1000,24.32,46.65,794.0,824.17,159.0,322.0,1.03,290.0,101300.0
20060401:1100,25.07,45.8,871.0,849.22,163.0,328.8,1.79,322.0,101260.0
20060401:1200,25.22,46.7,740.0,456.51,355.0,329.0,2.28,332.0,101241.0
20060401:1300,25.18,47.05,824.0,820.0,169.0,330.0,2.28,332.0,101201.0
20060401:1400,24.99,47.0,708.0,780.94,159.0,328.4,2.34,328.0,101181.0
20060401:1500,24.4,47.8,539.0,696.83,147.0,325.4,2.14,322.0,101241.0
20060401:1600,23.59,50.05,336.0,560.73,119.0,322.2,1.38,314.0,101260.0
20060401:1700,22.5,56.65,101.0,132.76,76.0,318.6,0.9,337.0,101280.0
20060401:1800,20.8,64.6,0.0,0.0,0.0,314.0,1.1,349.0,101280.0
20060401:1900,18.03,75.2,0.0,0.0,0.0,301.4,0.34,349.0,101330.0
20060401:2000,17.32,76.45,0.0,0.0,0.0,299.2,0.76,171.0,101390.0
20060401:2100,14.75,87.0,0.0,0.0,0.0,306.2,1.59,178.0,101400.0
20060401:2200,13.61,90.3,0.0,0.0,0.0,309.8,1.93,181.0,101410.0
20060401:2300,12.69,92.75,0.0,0.0,0.0,304.4,2.0,180.0,101430.0
20060402:0000,12.13,93.9,0.0,0.0,0.0,305.6,2.0,177.0,101420.0
20060402:0100,11.71,93.95,0.0,0.0,0.0,301.6,2.07,176.0,101340.0
20060402:0200,11.25,93.75,0.0,0.0,0.0,295.8,2.07,175.0,101340.0
20060402:0300,10.81,93.1,0.0,0.0,0.0,292.6,2.0,175.0,101310.0
20060402:0400,10.47,92.3,0.0,0.0,0.0,295.4,1.86,174.0,101350.0
20060402:0500,10.25,91.65,0.0,0.0,0.0,302.8,1.72,180.0,101400.0
20060402:0600,10.36,89.8,69.0,216.63,43.0,304.4,1.66,188.0,101410.0
20060402:0700,13.61,85.1,243.0,358.54,127.0,298.8,1.31,192.0,101460.0
20060402:0800,18.77,65.0,335.0,182.89,242.0,303.6,1.03,229.0,101440.0
20060402:0900,21.05,51.4,423.0,140.41,330.0,311.0,2.14,271.0,101499.0
20060402:1000,22.01,45.7,703.0,529.35,293.0,321.8,3.59,277.0,101549.0
20060402:1100,22.52,45.6,809.0,647.19,267.0,327.8,4.0,282.0,101539.0
20060402:1200,22.68,47.0,791.0,572.72,306.0,330.4,4.0,288.0,101529.0
20060402:1300,22.61,48.9,818.0,790.52,184.0,329.6,3.79,294.0,101509.0
20060402:1400,22.23,51.5,703.0,752.1,172.0,326.4,3.38,299.0,101499.0
20060402:1500,21.72,53.9,524.0,620.76,173.0,322.2,2.76,305.0,101499.0
20060402:1600,20.92,57.75,319.0,451.48,143.0,320.6,2.07,317.0,101509.0
20060402:1700,19.81,63.45,121.0,240.63,75.0,316.4,1.38,330.0,101529.0
20060402:1800,18.29,72.15,0.0,0.0,0.0,312.2,1.03,339.0,101569.0
20060402:1900,16.71,81.65,0.0,0.0,0.0,305.6,0.28,22.0,101589.0
20060402:2000,15.4,86.85,0.0,0.0,0.0,299.8,0.83,158.0,101629.0
20060402:2100,15.4,85.0,0.0,0.0,0.0,301.2,0.83,174.0,101649.0
20060402:2200,14.8,86.2,0.0,0.0,0.0,296.2,0.9,167.0,101689.0
20060402:2300,13.24,89.95,0.0,0.0,0.0,293.2,1.17,153.0,101649.0
20060403:0000,12.36,91.1,0.0,0.0,0.0,292.0,1.24,137.0,101679.0
20060403:0100,11.67,91.3,0.0,0.0,0.0,290.2,1.45,129.0,101639.0
20060403:0200,11.26,90.45,0.0,0.0,0.0,288.2,1.59,133.0,101649.0
20060403:0300,10.64,90.35,0.0,0.0,0.0,286.8,1.72,145.0,101609.0
20060403:0400,9.92,90.65,0.0,0.0,0.0,285.0,1.86,156.0,101569.0
20060403:0500,9.25,91.25,0.0,0.0,0.0,284.2,1.86,161.0,101599.0
20060403:0600,8.89,91.75,73.0,223.9,45.0,283.2,1.66,156.0,101609.0
20060403:0700,12.59,89.8,261.0,438.51,117.0,294.0,1.03,125.0,101609.0
20060403:0800,17.24,65.85,462.0,584.66,162.0,291.8,1.31,91.0,101589.0
20060403:0900,19.22,57.4,555.0,406.5,284.0,297.6,2.07,67.0,101589.0
20060403:1000,20.64,51.0,672.0,441.84,328.0,304.6,2.62,63.0,101589.0
20060403:1100,21.65,47.2,870.0,819.09,181.0,315.6,3.03,63.0,101549.0
20060403:1200,22.2,45.7,588.0,178.77,436.0,326.2,3.31,60.0,101450.0
20060403:1300,22.27,47.0,786.0,676.88,241.0,335.4,3.59,56.0,101390.0
20060403:1400,21.95,50.35,598.0,416.08,303.0,333.6,3.79,58.0,101310.0
20060403:1500,21.69,52.85,491.0,487.43,214.0,328.6,3.59,58.0,101251.0
20060403:1600,20.9,56.9,261.0,208.85,179.0,326.2,3.38,55.0,101231.0
20060403:1700,19.36,65.0,82.0,46.39,73.0,327.4,2.83,56.0,101221.0
20060403:1800,17.78,72.1,0.0,0.0,0.0,324.4,2.69,66.0,101211.0
20060403:1900,16.43,80.0,0.0,0.0,0.0,316.0,2.55,81.0,101201.0
20060403:2000,15.65,83.7,0.0,0.0,0.0,315.2,2.28,107.0,101201.0
20060403:2100,14.74,88.0,0.0,0.0,0.0,313.8,1.93,124.0,101201.0
20060403:2200,13.84,91.0,0.0,0.0,0.0,315.8,1.66,127.0,101181.0
20060403:2300,13.29,92.6,0.0,0.0,0.0,324.2,1.52,125.0,101161.0
20060404:0000,12.79,93.55,0.0,0.0,0.0,320.0,1.59,126.0,101161.0
20060404:0100,12.34,94.1,0.0,0.0,0.0,320.65,1.66,131.0,101071.0
20060404:0200,11.76,94.55,0.0,0.0,0.0,312.6,1.79,130.0,101042.0
20060404:0300,11.35,93.95,0.0,0.0,0.0,309.2,1.93,129.0,100972.0
20060404:0400,10.93,93.25,0.0,0.0,0.0,305.4,1.93,129.0,100962.0
20060404:0500,10.39,92.65,0.0,0.0,0.0,297.8,2.07,129.0,100922.0
20060404:0600,10.3,90.8,78.0,246.04,46.0,297.0,2.07,132.0,100902.0
20060404:0700,14.05,81.55,267.0,450.19,117.0,298.0,1.72,134.0,100902.0
20060404:0800,18.73,66.55,470.0,596.9,161.0,304.6,1.66,127.0,100902.0
20060404:0900,22.3,54.15,657.0,721.38,173.0,313.2,1.72,113.0,100892.0
20060404:1000,24.74,43.7,803.0,812.76,167.0,320.6,1.79,113.0,100872.0
20060404:1100,26.37,39.15,884.0,852.24,164.0,328.2,1.66,112.0,100793.0
20060404:1200,27.45,36.35,880.0,808.32,190.0,333.2,1.52,92.0,100683.0
20060404:1300,28.09,34.65,834.0,822.72,169.0,335.2,1.93,71.0,100594.0
20060404:1400,28.13,35.55,714.0,768.33,167.0,338.0,2.76,60.0,100504.0
20060404:1500,27.4,40.75,545.0,688.14,152.0,337.2,3.1,60.0,100434.0
20060404:1600,26.52,47.3,341.0,543.73,126.0,335.8,2.83,70.0,100355.0
20060404:1700,25.44,55.4,141.0,370.89,68.0,333.4,2.62,84.0,100305.0
20060404:1800,24.16,59.75,0.0,0.0,0.0,329.0,2.76,104.0,100265.0
20060404:1900,22.46,67.9,0.0,0.0,0.0,329.0,2.76,122.0,100225.0
20060404:2000,20.77,67.3,0.0,0.0,0.0,328.2,2.97,142.0,100245.0
20060404:2100,20.42,55.75,0.0,0.0,0.0,329.2,3.38,155.0,100255.0
20060404:2200,21.12,40.3,0.0,0.0,0.0,339.8,3.72,164.0,100176.0
20060404:2300,20.98,35.65,0.0,0.0,0.0,338.0,3.93,170.0,100146.0
20060405:0000,21.15,34.15,0.0,0.0,0.0,357.6,3.93,180.0,100205.0
20060405:0100,20.63,36.45,0.0,0.0,0.0,365.85,3.52,202.0,100166.0
20060405:0200,19.11,45.7,0.0,0.0,0.0,358.2,3.52,255.0,100285.0
20060405:0300,17.75,57.45,0.0,0.0,0.0,355.6,2.69,252.0,100345.0
20060405:0400,16.88,66.15,0.0,0.0,0.0,345.0,1.86,226.0,100315.0
20060405:0500,16.06,69.8,0.0,0.0,0.0,333.4,2.07,233.0,100335.0
20060405:0600,15.54,74.4,37.0,7.41,36.0,326.6,2.0,245.0,100345.0
20060405:0700,17.14,77.0,118.0,8.88,115.0,333.6,1.24,271.0,100375.0
20060405:0800,19.39,65.8,397.0,314.06,233.0,327.2,1.52,286.0,100404.0
20060405:0900,20.83,58.7,585.0,468.04,269.0,335.8,1.66,287.0,100414.0
20060405:1000,22.34,50.35,780.0,724.79,210.0,330.0,2.34,296.0,100345.0
20060405:1100,23.24,44.25,863.0,775.55,205.0,331.6,3.03,303.0,100295.0
20060405:1200,23.44,41.35,830.0,651.16,272.0,336.8,3.66,308.0,100245.0
20060405:1300,22.93,42.15,660.0,350.03,376.0,336.2,4.41,310.0,100245.0
20060405:1400,21.82,45.4,377.0,55.96,337.0,329.2,4.76,305.0,100255.0
20060405:1500,20.79,47.35,343.0,113.26,278.0,329.4,4.48,296.0,100265.0
20060405:1600,19.72,49.4,137.0,5.02,135.0,330.8,4.0,290.0,100295.0
20060405:1700,18.43,53.9,90.0,65.12,77.0,337.2,3.24,291.0,100335.0
20060405:1800,17.3,57.8,0.0,0.0,0.0,331.4,2.55,271.0,100375.0
20060405:1900,16.32,62.95,0.0,0.0,0.0,328.4,1.66,249.0,100454.0
20060405:2000,15.9,68.6,0.0,0.0,0.0,332.2,1.31,235.0,100514.0
20060405:2100,15.48,69.55,0.0,0.0,0.0,336.0,1.03,196.0,100524.0
20060405:2200,14.99,72.6,0.0,0.0,0.0,340.0,1.17,178.0,100484.0
20060405:2300,14.52,74.3,0.0,0.0,0.0,337.8,1.45,173.0,100484.0
20060406:0000,14.21,76.0,0.0,0.0,0.0,338.2,1.52,177.0,100464.0
20060406:0100,13.94,77.3,0.0,0.0,0.0,337.65,1.59,195.0,100444.0
20060406:0200,13.85,77.8,0.0,0.0,0.0,340.4,1.59,203.0,100424.0
20060406:0300,13.97,76.0,0.0,0.0,0.0,341.2,1.66,212.0,100395.0
20060406:0400,14.05,72.95,0.0,0.0,0.0,338.6,1.79,225.0,100385.0
20060406:0500,14.07,69.3,0.0,0.0,0.0,331.8,2.0,237.0,100404.0
20060406:0600,13.73,68.2,65.0,92.88,52.0,309.4,2.28,242.0,100424.0
20060406:0700,15.55,63.15,288.0,522.34,109.0,294.4,2.21,253.0,100474.0
20060406:0800,17.37,51.3,498.0,687.36,136.0,304.2,4.14,265.0,100514.0
20060406:0900,18.25,53.55,678.0,766.94,157.0,298.0,4.97,272.0,100554.0
20060406:1000,18.95,54.9,723.0,544.11,293.0,304.0,5.24,279.0,100594.0
20060406:1100,19.69,52.7,891.0,853.31,164.0,310.6,5.45,284.0,100604.0
20060406:1200,19.69,53.95,853.0,706.81,245.0,328.4,5.52,287.0,100584.0
20060406:1300,19.46,56.0,836.0,807.96,178.0,319.2,5.38,289.0,100594.0
20060406:1400,19.0,57.25,708.0,727.35,186.0,330.0,5.1,290.0,100604.0
20060406:1500,18.47,61.2,508.0,521.99,207.0,323.0,4.62,287.0,100633.0
20060406:1600,17.97,64.2,302.0,336.74,167.0,319.8,4.21,278.0,100693.0
20060406:1700,17.42,66.9,156.0,469.3,61.0,312.2,3.79,272.0,100703.0
20060406:1800,16.53,72.6,0.0,0.0,0.0,325.8,2.97,271.0,100773.0
20060406:1900,15.23,82.45,0.0,0.0,0.0,302.6,2.41,275.0,100852.0
20060406:2000,14.48,87.7,0.0,0.0,0.0,300.8,2.0,258.0,100932.0
20060406:2100,13.77,90.75,0.0,0.0,0.0,305.2,1.79,226.0,100972.0
20060406:2200,12.94,91.65,0.0,0.0,0.0,299.8,1.79,197.0,100992.0
20060406:2300,12.1,92.65,0.0,0.0,0.0,296.4,1.86,184.0,100972.0
20060407:0000,11.4,93.05,0.0,0.0,0.0,293.0,1.93,180.0,100952.0
20060407:0100,10.86,92.85,0.0,0.0,0.0,291.4,2.0,179.0,100922.0
20060407:0200,10.4,92.1,0.0,0.0,0.0,289.2,2.0,181.0,100912.0
20060407:0300,10.15,90.4,0.0,0.0,0.0,289.8,2.07,184.0,100902.0
20060407:0400,9.94,88.25,0.0,0.0,0.0,288.0,2.14,187.0,100942.0
20060407:0500,9.75,86.45,0.0,0.0,0.0,287.6,2.14,186.0,100952.0
20060407:0600,9.86,84.85,93.0,296.85,50.0,287.2,2.07,185.0,100992.0
20060407:0700,13.28,78.45,298.0,558.49,104.0,291.6,1.45,188.0,101042.0
20060407:0800,17.04,57.45,503.0,689.18,137.0,296.6,1.38,219.0,101081.0
20060407:0900,18.47,49.7,682.0,768.19,157.0,302.4,2.62,266.0,101091.0
20060407:1000,19.42,47.85,811.0,799.67,176.0,306.4,2.9,281.0,101121.0
20060407:1100,20.17,46.55,832.0,663.97,264.0,310.0,3.1,289.0,101101.0
20060407:1200,20.7,45.65,885.0,794.53,199.0,314.0,3.45,294.0,101081.0
20060407:1300,20.85,45.8,811.0,719.38,223.0,314.8,3.79,299.0,101071.0
20060407:1400,20.39,49.65,702.0,699.53,198.0,315.2,3.93,306.0,101032.0
20060407:1500,19.58,55.15,529.0,592.03,186.0,311.0,3.79,309.0,101032.0
20060407:1600,18.64,59.65,359.0,604.54,115.0,307.2,3.31,307.0,101032.0
20060407:1700,17.59,64.2,150.0,394.72,69.0,304.4,2.48,300.0,101071.0
20060407:1800,16.42,70.65,0.0,0.0,0.0,301.2,1.24,294.0,101111.0
20060407:1900,15.17,80.45,0.0,0.0,0.0,295.2,0.41,258.0,101141.0
20060407:2000,13.77,85.85,0.0,0.0,0.0,293.0,0.97,162.0,101171.0
20060407:2100,12.46,89.7,0.0,0.0,0.0,290.6,1.31,158.0,101171.0
20060407:2200,11.56,91.95,0.0,0.0,0.0,294.6,1.52,172.0,101161.0
20060407:2300,10.55,94.0,0.0,0.0,0.0,286.4,1.72,177.0,101161.0
20060408:0000,9.79,95.15,0.0,0.0,0.0,285.4,1.66,175.0,101141.0
20060408:0100,9.19,95.6,0.0,0.0,0.0,284.4,1.59,173.0,101111.0
20060408:0200,8.65,95.75,0.0,0.0,0.0,283.4,1.45,172.0,101051.0
20060408:0300,8.27,95.7,0.0,0.0,0.0,283.6,1.45,170.0,101091.0
20060408:0400,7.83,96.1,0.0,0.0,0.0,283.2,1.52,169.0,101111.0
20060408:0500,7.45,96.6,0.0,0.0,0.0,284.4,1.59,166.0,101121.0
20060408:0600,7.66,96.75,96.0,287.23,53.0,285.8,1.45,165.0,101161.0
20060408:0700,12.67,87.9,303.0,562.5,105.0,289.0,0.69,146.0,101161.0
20060408:0800,15.98,74.75,505.0,679.84,141.0,297.2,0.83,106.0,101141.0
20060408:0900,18.08,66.45,687.0,770.93,157.0,300.8,1.1,66.0,101111.0
20060408:1000,19.81,59.55,828.0,847.32,152.0,307.2,1.86,46.0,101111.0
20060408:1100,20.94,56.9,904.0,870.89,156.0,312.8,2.55,38.0,101061.0
20060408:1200,21.48,56.95,899.0,826.26,183.0,317.0,3.31,34.0,100982.0
20060408:1300,21.41,59.3,851.0,841.16,161.0,320.2,3.93,35.0,100912.0
20060408:1400,20.92,62.7,729.0,786.72,160.0,321.8,4.28,39.0,100852.0
20060408:1500,20.23,66.1,559.0,704.41,149.0,321.8,4.21,45.0,100842.0
20060408:1600,19.62,68.25,360.0,595.63,118.0,322.0,3.38,51.0,100813.0
20060408:1700,18.97,70.25,149.0,360.62,74.0,319.8,2.41,59.0,100813.0
20060408:1800,17.84,75.5,0.0,0.0,0.0,317.4,2.0,61.0,100803.0
20060408:1900,16.14,83.65,0.0,0.0,0.0,311.0,2.28,75.0,100773.0
20060408:2000,15.38,87.9,0.0,0.0,0.0,309.8,2.07,96.0,100763.0
20060408:2100,14.54,92.15,0.0,0.0,0.0,311.2,1.86,117.0,100773.0
20060408:2200,13.69,94.25,0.0,0.0,0.0,309.8,1.79,133.0,100753.0
20060408:2300,13.12,93.95,0.0,0.0,0.0,312.0,1.79,137.0,100713.0
20060409:0000,12.89,90.85,0.0,0.0,0.0,315.8,1.79,142.0,100653.0
20060409:0100,12.63,85.25,0.0,0.0,0.0,306.2,2.07,148.0,100594.0
20060409:0200,12.63,77.0,0.0,0.0,0.0,302.4,2.41,152.0,100554.0
20060409:0300,12.94,66.85,0.0,0.0,0.0,299.4,2.69,157.0,100544.0
20060409:0400,13.6,56.25,0.0,0.0,0.0,297.2,2.97,165.0,100554.0
20060409:0500,14.17,51.85,0.0,0.0,0.0,296.4,2.97,172.0,100584.0
20060409:0600,14.38,54.9,91.0,207.1,59.0,296.4,2.76,179.0,100604.0
20060409:0700,15.43,60.4,297.0,501.99,118.0,299.0,2.0,183.0,100633.0
20060409:0800,19.67,50.0,501.0,642.92,154.0,305.2,1.93,186.0,100663.0
20060409:0900,23.21,39.8,537.0,310.93,322.0,314.4,2.21,184.0,100643.0
20060409:1000,25.49,34.25,788.0,701.2,226.0,320.4,2.55,179.0,100564.0
20060409:1100,27.14,30.9,844.0,678.45,259.0,327.6,2.14,171.0,100464.0
20060409:1200,28.41,28.45,887.0,780.77,208.0,335.2,1.93,155.0,100355.0
20060409:1300,29.44,26.3,817.0,720.38,224.0,337.6,1.59,156.0,100265.0
20060409:1400,30.27,24.5,332.0,24.79,314.0,338.4,0.83,109.0,100096.0
20060409:1500,29.78,27.05,411.0,225.76,279.0,342.4,2.28,33.0,100066.0
20060409:1600,27.42,39.1,218.0,83.14,184.0,352.0,1.72,8.0,100156.0
20060409:1700,25.32,50.2,50.0,0.0,50.0,363.2,1.38,292.0,100126.0
20060409:1800,23.3,57.1,0.0,0.0,0.0,367.8,1.38,293.0,100235.0
20060409:1900,21.98,68.6,0.0,0.0,0.0,374.0,1.03,337.0,100215.0
20060409:2000,20.86,67.9,0.0,0.0,0.0,371.0,2.14,110.0,100176.0
20060409:2100,20.97,57.85,0.0,0.0,0.0,368.8,2.9,140.0,100176.0
20060409:2200,22.76,37.25,0.0,0.0,0.0,368.4,3.93,157.0,100255.0
20060409:2300,24.16,25.0,0.0,0.0,0.0,370.2,4.62,171.0,100305.0
20060410:0000,24.47,21.75,0.0,0.0,0.0,375.4,5.38,169.0,100365.0
20060410:0100,23.55,24.65,0.0,0.0,0.0,370.85,3.93,207.0,100464.0
20060410:0200,20.8,39.1,0.0,0.0,0.0,357.8,3.17,252.0,100454.0
20060410:0300,19.23,49.75,0.0,0.0,0.0,359.8,2.55,243.0,100434.0
20060410:0400,17.96,63.05,0.0,0.0,0.0,355.4,1.86,274.0,100414.0
20060410:0500,16.77,73.6,0.0,0.0,0.0,351.2,2.0,277.0,100464.0
20060410:0600,16.39,79.6,19.0,0.0,19.0,348.4,2.55,262.0,100544.0
20060410:0700,17.82,73.7,66.0,0.0,66.0,352.2,1.31,242.0,100643.0
20060410:0800,19.44,63.9,103.0,0.0,103.0,356.2,0.48,302.0,100613.0
20060410:0900,20.67,61.55,612.0,494.68,268.0,356.4,1.17,308.0,100633.0
20060410:1000,21.44,61.35,782.0,674.45,239.0,367.0,1.45,311.0,100633.0
20060410:1100,22.47,60.45,171.0,0.0,171.0,368.6,2.48,312.0,100623.0
20060410:1200,21.76,64.35,242.0,0.0,242.0,371.8,3.03,330.0,100604.0
20060410:1300,20.75,67.75,268.0,1.21,267.0,371.0,2.97,341.0,100643.0
20060410:1400,20.06,68.6,121.0,0.0,121.0,367.2,2.83,336.0,100703.0
20060410:1500,19.13,70.65,141.0,0.0,141.0,370.2,1.31,336.0,100813.0
20060410:1600,19.18,70.55,145.0,7.29,142.0,368.8,2.07,73.0,100832.0
20060410:1700,18.55,73.7,60.0,4.68,59.0,362.2,2.28,34.0,100793.0
20060410:1800,17.24,80.0,0.0,0.0,0.0,356.2,2.34,23.0,100763.0
20060410:1900,16.2,84.65,0.0,0.0,0.0,356.4,2.07,49.0,100743.0
20060410:2000,15.68,87.25,0.0,0.0,0.0,354.0,1.72,40.0,100813.0
20060410:2100,15.27,89.2,0.0,0.0,0.0,352.4,1.38,45.0,100912.0
20060410:2200,14.94,90.9,0.0,0.0,0.0,349.8,1.03,55.0,100922.0
20060410:2300,14.67,92.3,0.0,0.0,0.0,352.0,1.59,76.0,100892.0
20060411:0000,14.46,93.65,0.0,0.0,0.0,349.6,2.07,73.0,100862.0
20060411:0100,14.07,96.3,0.0,0.0,0.0,338.05,2.55,58.0,100832.0
20060411:0200,13.78,97.85,0.0,0.0,0.0,331.6,2.69,49.0,100823.0
20060411:0300,13.79,97.8,0.0,0.0,0.0,348.2,2.83,52.0,100832.0
20060411:0400,13.81,96.7,0.0,0.0,0.0,364.2,2.55,51.0,100852.0
20060411:0500,13.83,94.7,0.0,0.0,0.0,368.8,2.62,49.0,100922.0
20060411:0600,13.93,93.3,25.0,0.0,25.0,370.6,2.48,45.0,101012.0
20060411:0700,14.64,90.35,58.0,0.0,58.0,366.4,3.52,42.0,101081.0
20060411:0800,14.95,86.25,127.0,0.0,127.0,369.4,4.21,43.0,101171.0
20060411:0900,15.11,82.75,126.0,0.0,126.0,370.6,4.41,45.0,101221.0
20060411:1000,15.84,77.75,221.0,0.0,221.0,358.6,4.28,47.0,101270.0
20060411:1100,16.33,74.8,274.0,0.0,274.0,360.0,4.0,46.0,101260.0
20060411:1200,16.83,71.55,182.0,0.0,182.0,359.2,3.93,46.0,101330.0
20060411:1300,17.66,67.65,379.0,21.72,361.0,354.4,4.14,41.0,101360.0
20060411:1400,17.48,67.75,374.0,46.49,340.0,355.0,4.34,42.0,101350.0
20060411:1500,16.89,68.05,421.0,239.02,280.0,347.8,4.28,45.0,101320.0
20060411:1600,16.24,69.15,265.0,181.07,190.0,350.4,4.34,49.0,101320.0
20060411:1700,15.42,71.2,160.0,402.43,73.0,327.4,4.07,55.0,101350.0
20060411:1800,14.61,73.95,0.0,0.0,0.0,339.4,3.24,62.0,101390.0
20060411:1900,13.21,77.45,0.0,0.0,0.0,309.4,2.14,66.0,101420.0
20060411:2000,12.92,79.4,0.0,0.0,0.0,310.2,1.66,65.0,101470.0
20060411:2100,12.28,84.05,0.0,0.0,0.0,298.0,1.45,57.0,101509.0
20060411:2200,11.78,85.75,0.0,0.0,0.0,293.2,1.45,62.0,101470.0
20060411:2300,11.4,87.1,0.0,0.0,0.0,289.4,1.52,78.0,101470.0
20060412:0000,11.05,88.55,0.0,0.0,0.0,287.8,1.52,100.0,101479.0
20060412:0100,10.31,91.35,0.0,0.0,0.0,286.4,1.52,125.0,101420.0
20060412:0200,9.63,93.9,0.0,0.0,0.0,284.0,1.45,137.0,101360.0
20060412:0300,8.99,96.3,0.0,0.0,0.0,287.0,1.31,141.0,101300.0
20060412:0400,8.28,97.6,0.0,0.0,0.0,288.6,1.31,144.0,101280.0
20060412:0500,7.84,97.6,0.0,0.0,0.0,292.8,1.31,146.0,101270.0
20060412:0600,8.52,95.4,117.0,355.73,57.0,306.6,1.1,142.0,101280.0
20060412:0700,12.03,86.45,323.0,586.49,106.0,288.0,0.97,143.0,101280.0
20060412:0800,14.29,74.25,529.0,713.41,135.0,284.8,0.69,133.0,101251.0
20060412:0900,16.23,62.5,707.0,790.81,151.0,288.0,0.34,42.0,101241.0
20060412:1000,17.77,53.55,844.0,852.07,152.0,294.4,1.59,10.0,101260.0
20060412:1100,18.61,50.4,928.0,907.1,137.0,297.6,2.69,15.0,101260.0
20060412:1200,18.92,48.95,921.0,860.44,165.0,298.8,3.31,20.0,101221.0
20060412:1300,18.94,48.0,873.0,875.5,145.0,298.6,3.52,22.0,101191.0
20060412:1400,18.63,47.65,749.0,818.89,148.0,298.2,3.45,24.0,101151.0
20060412:1500,18.22,47.2,576.0,735.9,140.0,297.0,2.97,26.0,101141.0
20060412:1600,17.67,47.4,375.0,623.8,115.0,294.6,2.48,28.0,101121.0
20060412:1700,16.84,49.85,167.0,443.13,70.0,291.6,2.14,35.0,101111.0
20060412:1800,15.58,56.75,0.0,0.0,0.0,287.6,1.86,36.0,101101.0
20060412:1900,14.28,64.9,0.0,0.0,0.0,284.2,1.86,46.0,101111.0
20060412:2000,13.12,72.55,0.0,0.0,0.0,281.4,1.72,48.0,101181.0
20060412:2100,12.4,76.55,0.0,0.0,0.0,279.2,1.31,60.0,101260.0
20060412:2200,11.91,79.3,0.0,0.0,0.0,277.6,0.9,132.0,101320.0
20060412:2300,10.41,85.65,0.0,0.0,0.0,278.0,1.24,171.0,101310.0
20060413:0000,10.37,84.65,0.0,0.0,0.0,280.2,0.97,173.0,101350.0
20060413:0100,10.53,83.2,0.0,0.0,0.0,279.2,0.83,173.0,101360.0
20060413:0200,10.55,82.1,0.0,0.0,0.0,279.8,0.83,176.0,101360.0
20060413:0300,9.79,84.1,0.0,0.0,0.0,276.8,1.03,172.0,101330.0
20060413:0400,9.5,84.55,0.0,0.0,0.0,275.2,0.97,168.0,101350.0
20060413:0500,9.62,83.5,0.0,0.0,0.0,273.6,0.9,164.0,101400.0
20060413:0600,9.4,84.2,75.0,57.71,65.0,272.4,0.9,160.0,101470.0
20060413:0700,12.23,81.85,228.0,154.93,170.0,284.8,0.69,81.0,101519.0
20060413:0800,14.24,66.95,386.0,219.29,264.0,288.0,1.93,65.0,101509.0
20060413:0900,15.37,58.9,435.0,118.84,351.0,297.6,2.0,62.0,101519.0
20060413:1000,16.5,53.65,679.0,386.24,364.0,295.6,2.21,53.0,101539.0
20060413:1100,17.48,49.7,881.0,750.73,224.0,296.2,2.62,44.0,101509.0
20060413:1200,18.11,47.25,894.0,766.87,218.0,298.6,3.03,40.0,101479.0
20060413:1300,18.4,46.3,875.0,875.08,145.0,298.6,3.31,38.0,101430.0
20060413:1400,18.41,46.25,751.0,820.11,147.0,297.6,3.66,39.0,101400.0
20060413:1500,18.03,47.45,582.0,751.27,135.0,296.6,3.93,41.0,101380.0
20060413:1600,17.3,49.95,379.0,636.66,112.0,295.0,4.07,45.0,101370.0
20060413:1700,16.24,54.05,168.0,437.74,71.0,291.8,3.93,52.0,101400.0
20060413:1800,14.97,59.9,0.0,0.0,0.0,288.0,2.97,59.0,101450.0
20060413:1900,13.76,67.1,0.0,0.0,0.0,281.0,2.07,66.0,101479.0
20060413:2000,12.82,72.55,0.0,0.0,0.0,277.2,1.86,85.0,101519.0
20060413:2100,11.82,77.6,0.0,0.0,0.0,274.6,1.86,104.0,101539.0
20060413:2200,10.89,81.45,0.0,0.0,0.0,272.6,1.86,119.0,101539.0
20060413:2300,9.85,85.6,0.0,0.0,0.0,271.0,1.86,130.0,101529.0
20060414:0000,8.9,88.75,0.0,0.0,0.0,270.0,1.93,136.0,101499.0
20060414:0100,8.26,89.85,0.0,0.0,0.0,268.8,2.0,139.0,101440.0
20060414:0200,7.72,90.4,0.0,0.0,0.0,266.6,2.0,144.0,101380.0
20060414:0300,7.3,90.55,0.0,0.0,0.0,265.4,2.0,148.0,101360.0
20060414:0400,7.12,90.1,0.0,0.0,0.0,264.2,2.07,147.0,101360.0
20060414:0500,7.02,89.35,0.0,0.0,0.0,264.0,2.28,141.0,101340.0
20060414:0600,7.6,86.55,128.0,399.23,57.0,264.6,2.28,143.0,101350.0
20060414:0700,11.41,76.45,332.0,594.21,107.0,268.4,1.86,143.0,101350.0
20060414:0800,15.94,56.45,535.0,704.94,140.0,275.4,1.93,131.0,101340.0
20060414:0900,19.32,42.15,623.0,486.98,277.0,284.0,1.93,124.0,101350.0
20060414:1000,21.88,37.45,852.0,853.56,153.0,293.0,1.72,129.0,101330.0
20060414:1100,23.79,35.05,879.0,735.58,233.0,302.4,1.45,127.0,101251.0
20060414:1200,25.05,33.15,712.0,331.32,419.0,311.4,1.52,114.0,101151.0
20060414:1300,25.9,31.35,836.0,737.29,219.0,317.8,1.45,96.0,101071.0
20060414:1400,26.3,30.0,742.0,775.35,169.0,326.2,2.0,80.0,100992.0
20060414:1500,26.13,30.0,581.0,738.08,140.0,338.4,2.48,70.0,100962.0
20060414:1600,25.18,35.15,382.0,639.92,112.0,336.8,2.9,63.0,100942.0
20060414:1700,23.64,43.55,171.0,441.42,72.0,332.8,2.97,73.0,100932.0
20060414:1800,22.2,47.2,0.0,0.0,0.0,322.0,2.97,94.0,100922.0
20060414:1900,20.8,47.1,0.0,0.0,0.0,316.0,2.9,112.0,100942.0
20060414:2000,19.8,43.2,0.0,0.0,0.0,319.0,3.24,135.0,101012.0
20060414:2100,20.14,33.65,0.0,0.0,0.0,318.0,3.86,151.0,101051.0
20060414:2200,20.34,32.15,0.0,0.0,0.0,320.6,4.62,158.0,101022.0
20060414:2300,20.64,31.45,0.0,0.0,0.0,327.8,5.52,163.0,101012.0
20060415:0000,21.04,31.0,0.0,0.0,0.0,337.4,6.34,169.0,100952.0
20060415:0100,21.23,30.9,0.0,0.0,0.0,349.05,6.48,172.0,100922.0
20060415:0200,20.98,31.4,0.0,0.0,0.0,348.4,6.62,173.0,100902.0
20060415:0300,20.44,32.55,0.0,0.0,0.0,329.0,6.48,173.0,100962.0
20060415:0400,19.99,33.6,0.0,0.0,0.0,324.6,6.34,174.0,101012.0
20060415:0500,19.61,34.8,0.0,0.0,0.0,323.4,6.21,174.0,101081.0
20060415:0600,19.55,36.55,73.0,38.39,66.0,328.0,6.0,175.0,101101.0
20060415:0700,20.77,36.75,264.0,248.11,169.0,329.2,5.38,177.0,101171.0
20060415:0800,22.42,34.6,349.0,136.46,272.0,323.4,5.38,181.0,101221.0
20060415:0900,24.31,31.85,397.0,74.22,344.0,334.6,4.9,189.0,101260.0
20060415:1000,25.64,30.75,768.0,587.43,285.0,346.0,3.79,195.0,101290.0
20060415:1100,26.58,30.3,708.0,331.36,416.0,351.4,2.69,203.0,101280.0
20060415:1200,27.5,29.4,684.0,280.69,435.0,342.4,1.72,216.0,101211.0
20060415:1300,28.05,29.15,777.0,567.04,301.0,342.2,1.03,265.0,101161.0
20060415:1400,27.47,32.25,695.0,613.62,240.0,342.2,1.79,319.0,101091.0
20060415:1500,25.81,40.15,426.0,233.35,286.0,341.8,3.1,343.0,101022.0
20060415:1600,23.34,52.15,115.0,0.0,115.0,341.0,3.1,360.0,101022.0
20060415:1700,20.85,63.1,147.0,251.16,90.0,335.8,2.76,12.0,101061.0
20060415:1800,19.0,70.9,0.0,0.0,0.0,330.2,1.45,35.0,101121.0
20060415:1900,18.34,74.15,0.0,0.0,0.0,321.2,1.38,42.0,101161.0
20060415:2000,17.24,82.7,0.0,0.0,0.0,316.0,0.62,74.0,101231.0
20060415:2100,17.13,78.8,0.0,0.0,0.0,318.6,0.55,243.0,101370.0
20060415:2200,15.69,85.6,0.0,0.0,0.0,327.6,1.45,198.0,101390.0
20060415:2300,15.3,85.0,0.0,0.0,0.0,326.8,2.07,180.0,101420.0
20060416:0000,15.08,82.15,0.0,0.0,0.0,329.2,2.07,185.0,101420.0
20060416:0100,14.63,81.5,0.0,0.0,0.0,330.65,1.66,201.0,101410.0
20060416:0200,14.08,83.15,0.0,0.0,0.0,331.8,1.38,218.0,101410.0
20060416:0300,13.7,83.35,0.0,0.0,0.0,330.8,1.45,216.0,101370.0
20060416:0400,13.3,83.85,0.0,0.0,0.0,329.2,1.38,210.0,101360.0
20060416:0500,13.15,84.75,0.0,0.0,0.0,331.2,1.24,218.0,101350.0
20060416:0600,13.34,85.75,34.0,0.0,34.0,323.8,1.17,216.0,101400.0
20060416:0700,16.9,70.25,347.0,632.97,102.0,316.6,0.76,142.0,101410.0
20060416:0800,19.07,60.9,549.0,735.74,131.0,333.2,1.17,130.0,101380.0
20060416:0900,21.25,50.95,508.0,215.98,353.0,325.8,1.24,112.0,101310.0
20060416:1000,23.29,44.8,775.0,599.66,280.0,326.6,1.59,88.0,101221.0
20060416:1100,24.82,41.45,125.0,0.0,125.0,334.2,2.07,57.0,101101.0
20060416:1200,25.22,41.4,485.0,59.56,432.0,341.6,3.03,40.0,101002.0
20060416:1300,24.78,44.9,817.0,669.84,253.0,346.0,3.93,39.0,100922.0
20060416:1400,23.56,50.4,445.0,103.5,368.0,354.8,4.28,37.0,100783.0
20060416:1500,22.41,55.6,450.0,285.53,278.0,351.6,4.21,44.0,100673.0
20060416:1600,21.57,58.85,204.0,49.18,183.0,343.2,3.86,52.0,100613.0
20060416:1700,20.54,63.45,78.0,13.07,75.0,348.2,3.03,39.0,100604.0
20060416:1800,18.84,71.3,0.0,0.0,0.0,348.0,2.34,16.0,100623.0
20060416:1900,17.41,80.5,0.0,0.0,0.0,347.6,1.66,338.0,100683.0
20060416:2000,16.51,83.75,0.0,0.0,0.0,355.8,2.62,308.0,100862.0
20060416:2100,15.75,85.55,0.0,0.0,0.0,351.0,2.9,297.0,101022.0
20060416:2200,15.14,87.85,0.0,0.0,0.0,332.0,2.83,278.0,101121.0
20060416:2300,14.71,90.45,0.0,0.0,0.0,320.8,1.93,268.0,101101.0
20060417:0000,14.34,91.95,0.0,0.0,0.0,325.2,1.31,218.0,101022.0
20060417:0100,14.0,92.7,0.0,0.0,0.0,329.45,1.38,221.0,100932.0
20060417:0200,13.89,92.05,0.0,0.0,0.0,332.8,1.31,242.0,100882.0
20060417:0300,13.64,93.25,0.0,0.0,0.0,332.6,1.52,261.0,100862.0
20060417:0400,13.59,94.0,0.0,0.0,0.0,339.0,1.59,265.0,100862.0
20060417:0500,13.61,95.15,0.0,0.0,0.0,345.0,1.59,270.0,100852.0
20060417:0600,14.07,96.25,20.0,0.0,20.0,353.0,1.86,283.0,100862.0
20060417:0700,15.51,85.1,46.0,0.0,46.0,348.2,3.03,293.0,100842.0
20060417:0800,16.53,76.75,139.0,0.0,139.0,345.0,4.14,300.0,100872.0
20060417:0900,16.95,74.4,312.0,18.03,299.0,361.6,4.55,300.0,100832.0
20060417:1000,17.21,73.85,441.0,55.51,395.0,367.2,4.41,300.0,100823.0
20060417:1100,17.88,70.8,137.0,0.0,137.0,353.0,4.55,302.0,100743.0
20060417:1200,17.36,72.35,227.0,0.0,227.0,361.2,4.28,303.0,100713.0
20060417:1300,16.94,74.15,395.0,26.05,373.0,361.0,3.59,306.0,100633.0
20060417:1400,17.05,73.9,269.0,4.02,266.0,361.2,2.69,311.0,100613.0
20060417:1500,17.2,72.95,202.0,1.65,201.0,350.2,2.21,302.0,100613.0
20060417:1600,16.9,74.3,156.0,9.31,152.0,337.8,2.62,294.0,100594.0
20060417:1700,15.94,81.45,87.0,21.53,82.0,336.0,2.9,269.0,100643.0
20060417:1800,14.75,88.9,0.0,0.0,0.0,341.0,3.52,265.0,100693.0
20060417:1900,13.9,91.05,0.0,0.0,0.0,338.6,4.14,270.0,100703.0
20060417:2000,13.46,92.1,0.0,0.0,0.0,321.8,4.07,274.0,100733.0
20060417:2100,13.12,93.7,0.0,0.0,0.0,349.4,4.28,278.0,100783.0
20060417:2200,13.03,94.1,0.0,0.0,0.0,338.6,3.79,278.0,100723.0
20060417:2300,12.68,93.4,0.0,0.0,0.0,313.6,3.38,274.0,100703.0
20060418:0000,12.51,91.1,0.0,0.0,0.0,313.6,3.45,266.0,100713.0
20060418:0100,12.11,89.6,0.0,0.0,0.0,311.65,3.45,266.0,100643.0
20060418:0200,11.87,88.3,0.0,0.0,0.0,319.0,3.59,272.0,100673.0
20060418:0300,11.85,88.0,0.0,0.0,0.0,323.4,3.66,275.0,100673.0
20060418:0400,11.72,89.3,0.0,0.0,0.0,324.8,3.86,281.0,100743.0
20060418:0500,11.69,92.05,0.0,0.0,0.0,344.6,2.97,287.0,100773.0
20060418:0600,12.05,94.95,59.0,5.11,58.0,361.8,2.62,311.0,100823.0
20060418:0700,12.8,92.85,128.0,2.53,127.0,366.0,2.48,332.0,100892.0
20060418:0800,13.58,87.0,149.0,0.0,149.0,336.6,3.24,351.0,100942.0
20060418:0900,13.84,82.4,117.0,0.0,117.0,340.8,3.72,0.0,101032.0
20060418:1000,15.85,74.95,374.0,20.44,357.0,318.2,3.66,7.0,101091.0
20060418:1100,16.91,69.45,685.0,280.93,435.0,331.8,3.66,4.0,101101.0
20060418:1200,17.14,67.0,766.0,418.96,391.0,329.0,3.79,5.0,101121.0
20060418:1300,17.39,63.45,703.0,381.37,380.0,325.0,3.66,11.0,101121.0
20060418:1400,17.36,57.25,636.0,431.39,313.0,322.0,3.38,18.0,101121.0
20060418:1500,17.23,54.7,582.0,699.95,157.0,308.6,2.97,23.0,101081.0
20060418:1600,16.99,53.55,323.0,321.82,184.0,307.4,2.76,27.0,101091.0
20060418:1700,16.25,55.75,143.0,195.84,97.0,302.8,2.41,29.0,101081.0
20060418:1800,15.19,62.95,0.0,0.0,0.0,303.8,1.86,30.0,101091.0
20060418:1900,14.43,67.75,0.0,0.0,0.0,308.6,1.31,63.0,101151.0
20060418:2000,13.24,77.35,0.0,0.0,0.0,296.0,1.17,97.0,101201.0
20060418:2100,12.09,80.95,0.0,0.0,0.0,285.0,1.31,116.0,101231.0
20060418:2200,10.98,85.5,0.0,0.0,0.0,280.8,1.45,133.0,101241.0
20060418:2300,9.91,89.2,0.0,0.0,0.0,282.6,1.66,148.0,101211.0
20060419:0000,9.39,90.7,0.0,0.0,0.0,288.8,1.79,150.0,101201.0
20060419:0100,9.28,90.85,0.0,0.0,0.0,295.6,1.86,147.0,101161.0
20060419:0200,9.27,90.15,0.0,0.0,0.0,297.0,1.93,142.0,101091.0
20060419:0300,9.25,89.1,0.0,0.0,0.0,295.8,2.07,141.0,101051.0
20060419:0400,9.23,87.95,0.0,0.0,0.0,296.4,2.07,143.0,101002.0
20060419:0500,9.15,86.9,0.0,0.0,0.0,295.0,2.07,144.0,101022.0
20060419:0600,9.73,84.6,149.0,430.5,63.0,294.6,1.86,142.0,101022.0
20060419:0700,12.98,74.6,346.0,563.63,121.0,289.6,1.59,139.0,101042.0
20060419:0800,16.45,56.55,568.0,768.12,123.0,296.0,1.59,119.0,101032.0
20060419:0900,18.67,46.0,731.0,783.07,161.0,297.0,1.66,101.0,101002.0
20060419:1000,20.31,42.5,831.0,735.53,217.0,304.6,1.79,76.0,101002.0
20060419:1100,21.37,41.05,632.0,200.52,453.0,318.6,2.28,50.0,100942.0
20060419:1200,21.79,41.45,748.0,379.89,407.0,323.6,3.17,42.0,100902.0
20060419:1300,21.4,44.35,256.0,0.0,256.0,320.6,3.72,41.0,100862.0
20060419:1400,20.36,48.4,287.0,6.66,282.0,339.2,4.07,46.0,100823.0
20060419:1500,19.91,49.75,93.0,0.0,93.0,337.0,3.24,53.0,100922.0
20060419:1600,18.98,53.4,127.0,0.0,127.0,350.6,1.52,53.0,101042.0
20060419:1700,16.75,73.7,70.0,4.21,69.0,357.8,0.34,312.0,101032.0
20060419:1800,15.95,79.75,0.0,0.0,0.0,353.0,1.17,72.0,101002.0
20060419:1900,15.37,82.15,0.0,0.0,0.0,335.2,1.86,117.0,101012.0
20060419:2000,14.6,85.25,0.0,0.0,0.0,316.2,1.86,150.0,101061.0
20060419:2100,13.63,88.9,0.0,0.0,0.0,312.2,1.86,162.0,101111.0
20060419:2200,12.47,92.45,0.0,0.0,0.0,306.8,1.79,165.0,101121.0
20060419:2300,11.37,95.0,0.0,0.0,0.0,301.0,1.66,166.0,101121.0
20060420:0000,10.56,96.0,0.0,0.0,0.0,297.0,1.59,169.0,101081.0
20060420:0100,10.09,95.8,0.0,0.0,0.0,295.8,1.59,174.0,101071.0
20060420:0200,9.81,95.2,0.0,0.0,0.0,295.6,1.72,183.0,101071.0
20060420:0300,9.59,94.95,0.0,0.0,0.0,295.4,1.79,192.0,101071.0
20060420:0400,9.53,94.6,0.0,0.0,0.0,295.8,1.93,201.0,101091.0
20060420:0500,9.62,93.85,0.0,0.0,0.0,294.8,2.0,206.0,101131.0
20060420:0600,10.43,94.65,147.0,377.52,70.0,294.8,1.72,209.0,101161.0
20060420:0700,13.97,88.5,354.0,587.93,117.0,297.8,1.17,221.0,101201.0
20060420:0800,16.2,78.75,563.0,727.36,139.0,303.4,1.24,260.0,101221.0
20060420:0900,17.68,68.65,734.0,785.04,160.0,309.4,1.66,289.0,101201.0
20060420:1000,18.7,62.75,853.0,794.99,187.0,326.2,2.21,308.0,101181.0
20060420:1100,19.28,59.85,791.0,472.43,368.0,325.4,2.76,320.0,101141.0
20060420:1200,19.7,58.45,872.0,657.68,280.0,317.6,3.1,328.0,101101.0
20060420:1300,19.66,58.25,875.0,816.01,180.0,321.0,3.17,331.0,101091.0
20060420:1400,19.59,56.95,748.0,749.96,183.0,322.0,2.97,333.0,101111.0
20060420:1500,19.12,58.4,525.0,477.23,233.0,318.6,3.03,341.0,101101.0
20060420:1600,18.45,60.1,218.0,59.52,192.0,318.6,2.76,347.0,101131.0
20060420:1700,17.55,63.65,136.0,145.76,101.0,313.8,1.93,352.0,101151.0
20060420:1800,16.62,69.0,0.0,0.0,0.0,307.6,0.9,349.0,101161.0
20060420:1900,15.6,73.2,0.0,0.0,0.0,310.0,0.34,123.0,101171.0
20060420:2000,14.15,79.55,0.0,0.0,0.0,299.6,0.83,167.0,101201.0
20060420:2100,13.09,83.25,0.0,0.0,0.0,302.8,1.17,176.0,101260.0
20060420:2200,11.78,88.25,0.0,0.0,0.0,295.6,1.38,173.0,101270.0
20060420:2300,10.62,92.1,0.0,0.0,0.0,293.6,1.59,169.0,101251.0
20060421:0000,9.99,93.65,0.0,0.0,0.0,292.8,1.72,168.0,101211.0
20060421:0100,9.6,94.3,0.0,0.0,0.0,292.0,1.79,169.0,101191.0
20060421:0200,9.32,94.45,0.0,0.0,0.0,290.4,1.86,170.0,101161.0
20060421:0300,9.11,94.55,0.0,0.0,0.0,290.8,1.86,170.0,101111.0
20060421:0400,8.99,94.2,0.0,0.0,0.0,290.8,1.93,169.0,101111.0
20060421:0500,8.85,93.75,0.0,0.0,0.0,289.4,2.0,168.0,101091.0
20060421:0600,9.84,90.65,152.0,398.86,69.0,288.6,1.79,168.0,101151.0
20060421:0700,14.13,78.1,362.0,614.33,112.0,293.8,1.38,164.0,101141.0
20060421:0800,18.1,59.05,567.0,729.81,139.0,296.4,1.1,156.0,101161.0
20060421:0900,20.0,48.4,746.0,815.65,147.0,302.6,0.69,152.0,101141.0
20060421:1000,21.23,44.35,884.0,890.98,135.0,309.0,0.48,41.0,101171.0
20060421:1100,22.19,42.35,961.0,928.71,127.0,312.6,1.52,23.0,101091.0
20060421:1200,22.72,41.45,951.0,880.81,156.0,315.0,2.48,26.0,101051.0
20060421:1300,22.77,42.1,896.0,879.38,145.0,315.8,3.17,31.0,100972.0
20060421:1400,22.35,44.6,775.0,840.35,140.0,315.8,3.93,36.0,100912.0
20060421:1500,21.57,48.35,602.0,757.14,137.0,315.0,4.21,43.0,100862.0
20060421:1600,20.65,52.7,314.0,273.22,194.0,314.8,4.21,52.0,100872.0
20060421:1700,19.69,56.85,185.0,428.49,81.0,321.0,3.31,64.0,100852.0
20060421:1800,18.7,61.15,0.0,0.0,0.0,317.2,2.34,80.0,100832.0
20060421:1900,17.86,65.7,0.0,0.0,0.0,311.8,2.28,95.0,100783.0
20060421:2000,16.73,71.0,0.0,0.0,0.0,305.6,2.28,108.0,100823.0
20060421:2100,15.36,76.1,0.0,0.0,0.0,298.2,2.34,124.0,100823.0
20060421:2200,13.98,79.7,0.0,0.0,0.0,296.8,2.34,136.0,100832.0
20060421:2300,13.36,76.7,0.0,0.0,0.0,296.0,2.48,144.0,100783.0
20060422:0000,13.25,69.2,0.0,0.0,0.0,297.6,2.62,150.0,100753.0
20060422:0100,13.58,60.2,0.0,0.0,0.0,304.8,2.83,153.0,100723.0
20060422:0200,14.96,50.25,0.0,0.0,0.0,325.2,3.03,161.0,100743.0
20060422:0300,16.53,44.55,0.0,0.0,0.0,333.6,3.45,164.0,100713.0
20060422:0400,17.88,42.9,0.0,0.0,0.0,346.0,4.07,171.0,100713.0
20060422:0500,18.36,48.2,0.0,0.0,0.0,347.8,4.28,176.0,100753.0
20060422:0600,18.56,53.3,103.0,84.84,85.0,348.0,4.07,178.0,100803.0
20060422:0700,19.32,51.4,57.0,0.0,57.0,339.8,3.79,178.0,100882.0
20060422:0800,20.52,51.3,220.0,6.78,216.0,343.8,3.86,186.0,100972.0
20060422:0900,21.26,50.95,407.0,71.86,354.0,354.8,3.72,192.0,101051.0
20060422:1000,21.62,51.5,567.0,164.79,428.0,362.8,3.45,195.0,101022.0
20060422:1100,21.19,55.15,928.0,816.12,193.0,367.8,3.17,190.0,100972.0
20060422:1200,20.76,60.5,544.0,97.24,456.0,366.6,2.0,189.0,100892.0
20060422:1300,20.44,66.6,898.0,879.38,145.0,362.8,0.41,262.0,100793.0
20060422:1400,20.58,65.25,773.0,824.68,148.0,361.6,1.93,35.0,100723.0
20060422:1500,20.59,66.05,598.0,730.02,148.0,356.2,3.17,36.0,100633.0
20060422:1600,20.11,67.8,370.0,486.87,155.0,350.0,4.41,52.0,100643.0
20060422:1700,18.94,72.35,181.0,387.28,86.0,344.8,4.83,63.0,100633.0
20060422:1800,17.84,74.15,0.0,0.0,0.0,339.2,4.55,72.0,100653.0
20060422:1900,17.14,72.6,0.0,0.0,0.0,331.0,3.03,77.0,100653.0
20060422:2000,16.94,70.95,0.0,0.0,0.0,334.0,3.03,82.0,100673.0
20060422:2100,16.54,70.7,0.0,0.0,0.0,325.4,2.76,96.0,100643.0
20060422:2200,15.63,74.0,0.0,0.0,0.0,313.4,2.48,111.0,100584.0
20060422:2300,14.58,78.35,0.0,0.0,0.0,313.0,2.28,115.0,100494.0
20060423:0000,13.66,81.05,0.0,0.0,0.0,304.4,2.34,115.0,100444.0
20060423:0100,13.12,80.55,0.0,0.0,0.0,304.4,2.48,117.0,100375.0
20060423:0200,12.68,78.55,0.0,0.0,0.0,300.2,2.62,120.0,100355.0
20060423:0300,12.34,75.75,0.0,0.0,0.0,297.4,2.69,121.0,100265.0
20060423:0400,12.17,72.2,0.0,0.0,0.0,295.8,2.62,127.0,100255.0
20060423:0500,12.05,69.7,0.0,0.0,0.0,296.4,2.48,136.0,100245.0
20060423:0600,12.9,68.2,141.0,259.08,85.0,302.2,2.21,138.0,100255.0
20060423:0700,17.0,59.6,336.0,444.01,152.0,299.8,1.45,133.0,100275.0
20060423:0800,20.73,46.95,558.0,665.79,163.0,307.6,1.31,100.0,100295.0
20060423:0900,22.98,41.0,732.0,744.01,181.0,312.8,2.21,70.0,100265.0
20060423:1000,24.61,37.05,876.0,843.71,162.0,319.4,3.17,77.0,100195.0
20060423:1100,26.19,32.05,956.0,896.88,146.0,324.4,3.66,94.0,100106.0
20060423:1200,27.56,27.65,951.0,865.2,166.0,330.6,3.93,98.0,100006.0
20060423:1300,28.37,25.25,896.0,864.29,154.0,334.8,3.93,91.0,99927.0
20060423:1400,28.84,24.0,763.0,780.2,170.0,336.0,4.07,84.0,99847.0
20060423:1500,28.71,24.6,587.0,677.26,168.0,335.0,4.21,71.0,99807.0
20060423:1600,26.39,37.7,381.0,529.32,146.0,333.6,4.28,56.0,99777.0
20060423:1700,24.48,49.95,158.0,229.96,101.0,329.0,3.52,60.0,99807.0
20060423:1800,22.67,59.35,12.0,45.73,10.0,326.8,3.03,69.0,99817.0
20060423:1900,20.57,72.1,0.0,0.0,0.0,326.0,2.9,80.0,99887.0
20060423:2000,19.47,77.4,0.0,0.0,0.0,323.0,2.83,90.0,99937.0
20060423:2100,18.4,80.6,0.0,0.0,0.0,319.4,2.69,99.0,99986.0
20060423:2200,17.39,81.25,0.0,0.0,0.0,315.2,2.55,112.0,100016.0
20060423:2300,16.55,79.2,0.0,0.0,0.0,311.4,2.55,126.0,100036.0
20060424:0000,15.96,75.0,0.0,0.0,0.0,308.6,2.55,137.0,99966.0
20060424:0100,15.57,68.7,0.0,0.0,0.0,305.8,2.62,145.0,99947.0
20060424:0200,15.18,62.1,0.0,0.0,0.0,303.2,2.62,150.0,99897.0
20060424:0300,14.51,59.45,0.0,0.0,0.0,301.0,2.55,153.0,99877.0
20060424:0400,13.85,59.0,0.0,0.0,0.0,299.6,2.48,152.0,99897.0
20060424:0500,13.32,61.25,0.0,0.0,0.0,298.4,2.41,151.0,99937.0
20060424:0600,13.92,64.5,131.0,186.3,90.0,297.2,2.21,151.0,99966.0
20060424:0700,18.2,58.35,325.0,382.75,165.0,303.8,1.66,169.0,100026.0
20060424:0800,22.46,47.0,515.0,492.8,221.0,311.6,0.9,210.0,100046.0
20060424:0900,24.48,39.65,699.0,624.01,235.0,318.8,0.76,288.0,100066.0
20060424:1000,25.45,39.35,845.0,738.54,218.0,324.8,1.1,6.0,100046.0
20060424:1100,26.15,39.55,928.0,800.58,203.0,327.8,2.14,24.0,99966.0
20060424:1200,26.35,40.65,876.0,645.34,289.0,331.4,2.97,22.0,99907.0
20060424:1300,25.87,44.3,647.0,260.26,423.0,331.6,3.66,17.0,99857.0
20060424:1400,24.99,49.1,602.0,329.3,351.0,333.0,3.86,21.0,99827.0
20060424:1500,24.21,53.2,553.0,544.39,215.0,336.6,3.79,28.0,99777.0
20060424:1600,23.22,57.5,366.0,448.11,166.0,333.2,3.38,30.0,99787.0
20060424:1700,21.87,62.7,161.0,235.59,102.0,338.2,2.34,20.0,99817.0
20060424:1800,20.71,68.1,15.0,64.43,12.0,353.0,1.17,7.0,99867.0
20060424:1900,20.19,75.0,0.0,0.0,0.0,352.0,0.41,99.0,99917.0
20060424:2000,18.86,75.8,0.0,0.0,0.0,324.0,1.38,156.0,99937.0
20060424:2100,18.78,68.65,0.0,0.0,0.0,328.8,2.76,161.0,99976.0
20060424:2200,19.94,61.55,0.0,0.0,0.0,337.8,3.86,164.0,100036.0
20060424:2300,20.67,58.3,0.0,0.0,0.0,342.2,4.55,178.0,100086.0
20060425:0000,19.42,64.5,0.0,0.0,0.0,343.2,3.38,214.0,100156.0
20060425:0100,18.25,70.9,0.0,0.0,0.0,348.05,2.9,234.0,100185.0
20060425:0200,17.7,74.1,0.0,0.0,0.0,355.2,2.41,238.0,100205.0
20060425:0300,17.08,79.1,0.0,0.0,0.0,351.2,1.79,257.0,100176.0
20060425:0400,16.59,81.85,0.0,0.0,0.0,353.8,1.66,293.0,100205.0
20060425:0500,15.87,87.1,0.0,0.0,0.0,346.2,1.52,294.0,100215.0
20060425:0600,15.91,88.65,44.0,0.0,44.0,341.0,1.1,287.0,100295.0
20060425:0700,17.55,78.1,75.0,0.0,75.0,347.0,1.31,7.0,100404.0
20060425:0800,18.28,76.65,252.0,18.34,241.0,355.4,1.17,24.0,100504.0
20060425:0900,19.03,74.15,93.0,0.0,93.0,360.4,0.9,65.0,100464.0
20060425:1000,20.66,66.8,196.0,0.0,196.0,362.4,1.79,121.0,100494.0
20060425:1100,21.93,60.35,368.0,8.81,360.0,359.6,1.72,97.0,100404.0
20060425:1200,22.31,59.35,625.0,175.47,465.0,366.8,2.69,24.0,100365.0
20060425:1300,20.03,73.4,280.0,1.16,279.0,369.0,3.45,10.0,100355.0
20060425:1400,19.39,76.65,271.0,2.62,269.0,362.8,3.79,13.0,100375.0
20060425:1500,19.7,75.0,122.0,0.0,122.0,359.8,3.86,13.0,100375.0
20060425:1600,18.35,79.05,177.0,15.6,170.0,353.8,3.45,18.0,100375.0
20060425:1700,17.55,86.65,76.0,3.95,75.0,363.8,2.28,0.0,100454.0
20060425:1800,16.87,90.95,18.0,101.27,13.0,360.2,1.72,359.0,100454.0
20060425:1900,16.19,93.9,0.0,0.0,0.0,343.8,1.31,13.0,100444.0
20060425:2000,15.65,96.7,0.0,0.0,0.0,335.4,1.38,8.0,100544.0
20060425:2100,15.26,98.15,0.0,0.0,0.0,340.6,1.31,353.0,100584.0
20060425:2200,15.08,98.25,0.0,0.0,0.0,345.4,1.38,354.0,100524.0
20060425:2300,15.0,98.35,0.0,0.0,0.0,353.4,1.45,352.0,100564.0
20060426:0000,14.91,98.45,0.0,0.0,0.0,359.6,1.59,352.0,100564.0
20060426:0100,14.83,98.75,0.0,0.0,0.0,364.65,1.86,358.0,100554.0
20060426:0200,14.8,98.75,0.0,0.0,0.0,372.8,2.07,9.0,100574.0
20060426:0300,14.94,97.35,0.0,0.0,0.0,383.2,1.93,4.0,100564.0
20060426:0400,14.91,97.5,0.0,0.0,0.0,380.8,2.0,1.0,100594.0
20060426:0500,14.79,97.55,0.0,0.0,0.0,378.4,2.69,4.0,100643.0
20060426:0600,14.75,96.1,55.0,0.0,55.0,383.8,3.72,16.0,100733.0
20060426:0700,15.44,94.85,80.0,0.0,80.0,386.0,4.14,26.0,100793.0
20060426:0800,15.28,92.3,99.0,0.0,99.0,381.4,5.38,29.0,100862.0
20060426:0900,15.69,89.1,150.0,0.0,150.0,371.6,5.24,31.0,100922.0
20060426:1000,17.27,85.45,527.0,112.39,431.0,347.6,4.69,25.0,100932.0
20060426:1100,17.95,80.75,333.0,3.3,330.0,360.8,4.97,21.0,100952.0
20060426:1200,17.85,79.3,213.0,0.0,213.0,372.0,5.52,18.0,100942.0
20060426:1300,17.88,79.25,88.0,0.0,88.0,358.8,5.24,15.0,100942.0
20060426:1400,17.94,78.7,69.0,0.0,69.0,356.8,4.9,14.0,100932.0
20060426:1500,17.8,78.85,77.0,0.0,77.0,350.0,4.48,14.0,100962.0
20060426:1600,17.47,80.15,128.0,0.0,128.0,340.2,4.07,12.0,101022.0
20060426:1700,16.76,82.75,165.0,238.74,104.0,347.2,3.66,10.0,101042.0
20060426:1800,15.94,86.05,17.0,57.5,14.0,340.0,2.97,7.0,101111.0
20060426:1900,15.28,86.65,0.0,0.0,0.0,335.0,1.86,354.0,101171.0
20060426:2000,14.65,90.8,0.0,0.0,0.0,322.0,1.52,338.0,101241.0
20060426:2100,14.15,93.85,0.0,0.0,0.0,329.0,1.17,322.0,101330.0
20060426:2200,13.65,96.5,0.0,0.0,0.0,337.8,0.97,297.0,101300.0
20060426:2300,13.08,96.95,0.0,0.0,0.0,328.6,1.03,268.0,101330.0
20060427:0000,12.7,97.3,0.0,0.0,0.0,328.4,1.24,250.0,101290.0
20060427:0100,12.33,96.45,0.0,0.0,0.0,324.45,1.38,241.0,101300.0
20060427:0200,12.14,96.75,0.0,0.0,0.0,323.8,1.52,235.0,101300.0
20060427:0300,12.17,96.75,0.0,0.0,0.0,329.4,1.59,234.0,101251.0
20060427:0400,12.33,96.7,0.0,0.0,0.0,335.0,1.59,236.0,101260.0
20060427:0500,12.5,96.45,0.0,0.0,0.0,339.6,1.66,238.0,101270.0
20060427:0600,13.3,94.55,86.0,21.61,81.0,342.6,1.72,245.0,101290.0
20060427:0700,14.76,90.0,221.0,70.02,191.0,340.8,2.69,268.0,101330.0
20060427:0800,16.19,80.85,334.0,79.2,286.0,342.6,3.1,288.0,101310.0
20060427:0900,17.49,72.95,539.0,226.03,369.0,333.2,3.52,305.0,101310.0
20060427:1000,18.38,67.4,686.0,335.01,399.0,337.8,3.66,316.0,101310.0
20060427:1100,18.97,64.3,222.0,0.0,222.0,327.4,3.66,325.0,101270.0
20060427:1200,19.03,64.25,351.0,5.46,346.0,342.0,3.66,327.0,101260.0
20060427:1300,19.02,64.4,564.0,143.03,440.0,342.2,3.45,331.0,101241.0
20060427:1400,19.12,64.9,772.0,782.07,171.0,338.4,3.1,335.0,101191.0
20060427:1500,18.98,66.05,612.0,747.56,143.0,333.6,2.83,342.0,101141.0
20060427:1600,18.43,68.15,408.0,622.15,126.0,330.8,2.28,353.0,101121.0
20060427:1700,17.93,70.25,197.0,430.18,86.0,331.2,1.66,11.0,101101.0
20060427:1800,17.12,75.25,20.0,90.96,15.0,321.6,1.24,43.0,101091.0
20060427:1900,16.34,81.45,0.0,0.0,0.0,319.6,1.66,79.0,101101.0
20060427:2000,15.46,85.15,0.0,0.0,0.0,319.0,1.72,119.0,101091.0
20060427:2100,14.48,88.1,0.0,0.0,0.0,312.0,1.86,144.0,101101.0
20060427:2200,13.36,91.15,0.0,0.0,0.0,304.6,1.72,157.0,101071.0
20060427:2300,12.38,93.4,0.0,0.0,0.0,301.6,1.52,159.0,101071.0
20060428:0000,11.61,94.45,0.0,0.0,0.0,301.4,1.52,157.0,101012.0
20060428:0100,11.06,94.7,0.0,0.0,0.0,301.4,1.59,159.0,100962.0
20060428:0200,10.66,94.75,0.0,0.0,0.0,300.6,1.66,166.0,100902.0
20060428:0300,10.51,94.5,0.0,0.0,0.0,306.0,1.66,170.0,100862.0
20060428:0400,10.62,94.3,0.0,0.0,0.0,317.6,1.52,170.0,100823.0
20060428:0500,10.72,94.15,0.0,0.0,0.0,324.8,1.38,170.0,100793.0
20060428:0600,11.97,92.25,119.0,93.61,97.0,333.6,0.97,167.0,100793.0
20060428:0700,16.05,77.45,194.0,34.74,179.0,322.8,0.28,196.0,100823.0
20060428:0800,17.67,69.7,122.0,0.0,122.0,342.2,0.83,351.0,100832.0
20060428:0900,18.52,63.5,751.0,761.76,176.0,343.8,1.52,354.0,100852.0
20060428:1000,19.03,59.65,616.0,216.5,430.0,344.2,1.86,360.0,100852.0
20060428:1100,19.35,59.2,493.0,56.84,441.0,344.8,1.86,8.0,100793.0
20060428:1200,19.8,58.5,666.0,221.08,463.0,334.6,1.79,13.0,100743.0
20060428:1300,19.89,58.35,658.0,269.28,424.0,343.8,2.14,24.0,100713.0
20060428:1400,20.17,57.25,685.0,510.06,292.0,344.6,2.55,31.0,100723.0
20060428:1500,19.6,57.3,571.0,581.43,205.0,337.6,3.17,32.0,100663.0
20060428:1600,18.73,58.6,401.0,577.33,138.0,341.2,3.59,39.0,100623.0
20060428:1700,17.83,62.55,206.0,483.61,80.0,337.8,3.45,50.0,100643.0
20060428:1800,16.87,68.75,24.0,121.2,17.0,329.6,2.9,54.0,100653.0
20060428:1900,15.85,75.55,0.0,0.0,0.0,310.0,2.0,49.0,100713.0
20060428:2000,14.9,82.05,0.0,0.0,0.0,307.4,2.0,56.0,100783.0
20060428:2100,13.98,87.75,0.0,0.0,0.0,301.4,2.0,61.0,100842.0
20060428:2200,13.33,89.9,0.0,0.0,0.0,298.6,1.93,64.0,100842.0
20060428:2300,12.97,90.55,0.0,0.0,0.0,298.2,1.86,72.0,100862.0
20060429:0000,12.78,90.95,0.0,0.0,0.0,300.6,1.72,84.0,100832.0
20060429:0100,12.44,92.2,0.0,0.0,0.0,298.8,1.52,107.0,100803.0
20060429:0200,11.15,96.7,0.0,0.0,0.0,298.4,1.45,138.0,100813.0
20060429:0300,10.63,97.9,0.0,0.0,0.0,311.8,1.45,156.0,100753.0
20060429:0400,10.47,98.8,0.0,0.0,0.0,318.4,1.59,168.0,100753.0
20060429:0500,10.25,99.4,0.0,0.0,0.0,335.4,1.59,173.0,100783.0
20060429:0600,10.83,96.75,184.0,448.51,77.0,328.8,1.45,171.0,100793.0
20060429:0700,12.95,91.25,392.0,632.17,117.0,329.6,0.97,160.0,100842.0
20060429:0800,15.63,70.1,597.0,754.91,135.0,344.0,0.97,101.0,100852.0
20060429:0900,17.21,61.05,771.0,822.48,148.0,323.8,2.14,73.0,100842.0
20060429:1000,18.18,57.25,902.0,878.7,145.0,330.0,2.21,62.0,100813.0
20060429:1100,19.14,53.9,955.0,849.49,176.0,311.2,2.34,51.0,100773.0
20060429:1200,19.69,51.6,980.0,916.06,137.0,322.4,2.48,45.0,100713.0
20060429:1300,20.03,50.0,913.0,881.8,145.0,317.0,2.62,41.0,100663.0
20060429:1400,20.16,48.8,797.0,859.57,133.0,315.6,2.69,38.0,100633.0
20060429:1500,19.96,48.45,623.0,777.43,132.0,313.0,2.76,36.0,100604.0
20060429:1600,19.47,49.15,424.0,685.88,110.0,312.8,2.69,41.0,100613.0
20060429:1700,18.71,51.1,213.0,524.65,75.0,309.2,2.41,47.0,100673.0
20060429:1800,17.59,57.9,26.0,132.17,18.0,307.2,1.66,55.0,100663.0
20060429:1900,16.66,66.45,0.0,0.0,0.0,298.0,1.52,72.0,100683.0
20060429:2000,15.47,73.5,0.0,0.0,0.0,298.0,1.17,106.0,100723.0
20060429:2100,14.1,79.35,0.0,0.0,0.0,292.4,1.24,147.0,100773.0
20060429:2200,12.59,85.05,0.0,0.0,0.0,291.2,1.52,167.0,100753.0
20060429:2300,11.44,88.2,0.0,0.0,0.0,288.8,1.59,172.0,100743.0
20060430:0000,10.47,90.85,0.0,0.0,0.0,289.6,1.59,171.0,100733.0
20060430:0100,9.75,92.25,0.0,0.0,0.0,287.0,1.66,169.0,100703.0
20060430:0200,9.19,93.15,0.0,0.0,0.0,285.8,1.72,167.0,100673.0
20060430:0300,8.8,93.45,0.0,0.0,0.0,284.8,1.79,167.0,100643.0
20060430:0400,8.47,93.95,0.0,0.0,0.0,283.6,1.79,168.0,100663.0
20060430:0500,8.2,94.15,0.0,0.0,0.0,283.0,1.79,169.0,100653.0
20060430:0600,9.59,92.45,189.0,471.0,75.0,282.8,1.31,167.0,100683.0
20060430:0700,15.56,70.8,398.0,648.15,114.0,288.2,0.76,167.0,100743.0
20060430:0800,18.37,51.6,600.0,756.29,135.0,296.2,0.28,145.0,100753.0
20060430:0900,19.84,44.35,773.0,823.66,147.0,301.8,0.28,18.0,100753.0
20060430:1000,20.91,41.9,914.0,912.24,126.0,306.0,0.76,359.0,100703.0
20060430:1100,21.77,40.15,983.0,932.4,126.0,312.2,1.38,357.0,100673.0
20060430:1200,22.37,38.7,982.0,916.26,137.0,311.8,1.86,357.0,100663.0
20060430:1300,22.63,38.35,915.0,882.15,145.0,315.2,2.34,3.0,100643.0
20060430:1400,22.46,39.1,799.0,859.98,133.0,313.6,2.76,16.0,100594.0
20060430:1500,21.96,40.55,629.0,792.26,127.0,310.4,2.97,29.0,100584.0
20060430:1600,19.44,50.77,426.0,686.89,110.0,301.77,2.31,43.0,100594.0
20060430:1700,18.6,54.03,213.0,508.45,78.0,299.96,2.25,61.0,100604.0
20060430:1800,17.76,57.28,28.0,142.2,19.0,298.15,2.19,79.0,100594.0
20060430:1900,16.93,60.53,0.0,0.0,0.0,296.35,2.14,103.0,100604.0
20060430:2000,16.09,63.78,0.0,0.0,0.0,294.54,2.08,122.0,100643.0
20060430:2100,15.25,67.03,0.0,0.0,0.0,292.73,2.02,137.0,100673.0
20060430:2200,14.41,70.28,0.0,0.0,0.0,290.92,1.97,144.0,100623.0
20060430:2300,13.57,73.54,0.0,0.0,0.0,289.11,1.91,146.0,100633.0
20120501:0000,12.73,76.79,0.0,0.0,0.0,287.3,1.85,184.0,101350.0
20120501:0100,11.89,80.04,0.0,0.0,0.0,285.48,1.79,179.0,101330.0
20120501:0200,11.06,83.29,0.0,0.0,0.0,283.67,1.74,169.0,101280.0
20120501:0300,10.22,86.54,0.0,0.0,0.0,281.86,1.68,167.0,101241.0
20120501:0400,9.38,89.8,0.0,0.0,0.0,280.05,1.62,171.0,101280.0
20120501:0500,8.54,93.05,13.0,0.0,13.0,278.24,1.56,172.0,101290.0
20120501:0600,7.7,96.3,190.0,442.23,80.0,276.43,1.51,171.0,101320.0
20120501:0700,6.86,99.55,398.0,623.51,121.0,274.62,1.45,177.0,101370.0
20120501:0800,15.31,56.95,595.0,718.98,149.0,285.0,0.55,215.0,101350.0
20120501:0900,16.3,53.85,753.0,742.55,185.0,290.6,0.41,320.0,101320.0
20120501:1000,17.22,52.6,837.0,669.18,256.0,292.6,1.17,359.0,101290.0
20120501:1100,17.99,51.85,885.0,643.43,291.0,295.2,1.93,2.0,101280.0
20120501:1200,18.56,51.3,918.0,725.67,246.0,300.4,2.48,4.0,101221.0
20120501:1300,18.3,54.1,885.0,783.71,198.0,316.0,3.59,14.0,101151.0
20120501:1400,17.83,58.1,764.0,733.7,193.0,304.0,4.14,23.0,101091.0
20120501:1500,17.23,60.55,605.0,686.86,167.0,303.4,4.07,31.0,101101.0
20120501:1600,16.74,61.6,408.0,579.15,139.0,303.0,3.59,43.0,101111.0
20120501:1700,16.13,63.15,203.0,406.76,93.0,301.0,3.24,51.0,101101.0
20120501:1800,15.19,67.5,27.0,87.23,21.0,299.4,2.48,54.0,101111.0
20120501:1900,13.92,74.25,0.0,0.0,0.0,296.0,2.07,53.0,101191.0
20120501:2000,13.17,79.1,0.0,0.0,0.0,293.8,1.72,66.0,101221.0
20120501:2100,12.58,81.9,0.0,0.0,0.0,293.2,1.59,92.0,101270.0
20120501:2200,11.85,85.5,0.0,0.0,0.0,296.4,1.72,121.0,101231.0
20120501:2300,11.26,88.5,0.0,0.0,0.0,304.6,1.86,133.0,101201.0
20120502:0000,10.92,90.2,0.0,0.0,0.0,312.4,1.79,144.0,101131.0
20120502:0100,10.36,92.0,0.0,0.0,0.0,303.6,1.59,147.0,101061.0
20120502:0200,10.29,93.4,0.0,0.0,0.0,320.0,1.31,148.0,101002.0
20120502:0300,10.28,94.05,0.0,0.0,0.0,324.6,1.24,155.0,101012.0
20120502:0400,10.04,94.55,0.0,0.0,0.0,315.0,1.45,156.0,101032.0
20120502:0500,9.93,94.35,13.0,0.0,13.0,316.6,1.72,157.0,101022.0
20120502:0600,11.31,93.25,185.0,381.0,89.0,323.0,1.45,151.0,101071.0
20120502:0700,14.65,83.1,390.0,570.24,135.0,308.2,0.76,106.0,101101.0
20120502:0800,16.93,72.4,588.0,680.64,164.0,313.6,1.31,87.0,101131.0
20120502:0900,18.69,66.85,756.0,744.19,185.0,323.6,2.0,70.0,101101.0
20120502:1000,20.07,64.35,878.0,781.3,198.0,328.2,2.34,61.0,101121.0
20120502:1100,21.17,63.0,943.0,798.82,204.0,332.0,2.41,53.0,101071.0
20120502:1200,21.88,62.7,905.0,685.44,269.0,338.2,2.69,36.0,101012.0
20120502:1300,22.12,63.35,887.0,783.24,199.0,346.2,3.66,23.0,100962.0
20120502:1400,20.73,70.4,766.0,733.23,194.0,354.6,4.0,20.0,100932.0
20120502:1500,19.61,73.95,600.0,661.28,177.0,356.0,3.45,43.0,100902.0
20120502:1600,19.33,74.25,397.0,516.44,156.0,341.4,3.17,60.0,100962.0
20120502:1700,19.05,75.6,92.0,10.99,89.0,336.0,1.59,66.0,101032.0
20120502:1800,17.71,86.3,18.0,13.98,17.0,349.4,1.24,354.0,101002.0
20120502:1900,15.48,91.95,0.0,0.0,0.0,334.8,2.55,38.0,101012.0
20120502:2000,14.78,94.3,0.0,0.0,0.0,334.2,2.14,57.0,101081.0
20120502:2100,14.49,94.75,0.0,0.0,0.0,335.4,1.66,80.0,101121.0
20120502:2200,14.29,96.0,0.0,0.0,0.0,344.4,1.66,95.0,101121.0
20120502:2300,14.12,96.65,0.0,0.0,0.0,343.2,1.66,100.0,101121.0
20120503:0000,13.79,97.6,0.0,0.0,0.0,335.4,0.97,94.0,101061.0
20120503:0100,13.4,98.3,0.0,0.0,0.0,335.25,0.48,163.0,100992.0
20120503:0200,13.08,97.8,0.0,0.0,0.0,331.4,0.69,222.0,100882.0
20120503:0300,12.21,98.8,0.0,0.0,0.0,326.8,1.1,221.0,100872.0
20120503:0400,11.81,98.75,0.0,0.0,0.0,332.0,1.31,222.0,100932.0
20120503:0500,12.1,98.3,2.0,0.0,2.0,344.6,1.45,232.0,100972.0
20120503:0600,13.61,97.2,69.0,3.92,68.0,351.6,1.24,234.0,101032.0
20120503:0700,15.28,92.6,246.0,93.33,204.0,336.6,1.79,243.0,101101.0
20120503:0800,16.63,89.9,293.0,35.17,271.0,349.8,1.79,257.0,101091.0
20120503:0900,17.86,85.55,302.0,9.1,295.0,350.6,2.14,291.0,101071.0
20120503:1000,18.92,79.85,299.0,2.29,297.0,347.6,3.38,306.0,101081.0
20120503:1100,19.35,77.0,109.0,0.0,109.0,345.2,3.79,312.0,101042.0
20120503:1200,18.82,80.15,86.0,0.0,86.0,353.2,3.72,317.0,101002.0
20120503:1300,18.7,79.6,87.0,0.0,87.0,355.8,3.31,324.0,101022.0
20120503:1400,18.16,80.8,78.0,0.0,78.0,352.4,3.1,330.0,100972.0
20120503:1500,18.03,79.75,103.0,0.0,103.0,362.8,2.83,330.0,100992.0
20120503:1600,17.47,79.9,132.0,0.0,132.0,345.0,2.62,328.0,100982.0
20120503:1700,16.95,79.3,83.0,3.63,82.0,347.0,2.14,324.0,100982.0
20120503:1800,16.16,80.7,26.0,53.9,22.0,341.0,1.52,320.0,100962.0
20120503:1900,15.21,82.3,0.0,0.0,0.0,336.0,1.03,290.0,101022.0
20120503:2000,14.5,89.25,0.0,0.0,0.0,325.4,0.69,254.0,101032.0
20120503:2100,13.89,91.45,0.0,0.0,0.0,332.0,0.9,218.0,101101.0
20120503:2200,13.27,93.8,0.0,0.0,0.0,327.0,1.1,190.0,101061.0
20120503:2300,12.48,95.4,0.0,0.0,0.0,316.2,1.45,174.0,101091.0
20120504:0000,12.07,96.0,0.0,0.0,0.0,315.6,1.72,182.0,101032.0
20120504:0100,11.81,95.95,0.0,0.0,0.0,312.25,1.93,186.0,100992.0
20120504:0200,11.62,95.5,0.0,0.0,0.0,309.2,2.07,180.0,100972.0
20120504:0300,11.26,95.45,0.0,0.0,0.0,303.4,2.14,175.0,100902.0
20120504:0400,10.9,95.85,0.0,0.0,0.0,303.4,2.21,174.0,100922.0
20120504:0500,10.94,95.3,15.0,0.0,15.0,303.8,2.34,174.0,100892.0
20120504:0600,11.77,94.7,193.0,402.82,89.0,306.0,2.21,175.0,100922.0
20120504:0700,16.13,81.55,398.0,583.05,134.0,303.2,1.52,193.0,100932.0
20120504:0800,19.09,58.55,600.0,708.65,155.0,310.2,1.52,228.0,100952.0
20120504:0900,20.32,48.35,731.0,650.47,229.0,312.6,2.69,269.0,100962.0
20120504:1000,21.0,47.55,780.0,508.94,335.0,316.6,3.31,279.0,100982.0
20120504:1100,21.44,47.85,957.0,831.17,185.0,323.2,3.59,285.0,100932.0
20120504:1200,21.54,49.4,934.0,754.79,231.0,324.4,3.79,293.0,100892.0
20120504:1300,21.19,52.2,900.0,814.15,182.0,328.0,4.07,301.0,100842.0
20120504:1400,20.51,55.05,782.0,777.05,173.0,331.0,4.07,301.0,100832.0
20120504:1500,19.72,58.25,611.0,688.34,168.0,332.0,3.52,300.0,100852.0
20120504:1600,19.05,60.85,392.0,477.73,167.0,334.4,3.03,293.0,100862.0
20120504:1700,18.38,63.5,204.0,374.51,100.0,329.2,2.41,285.0,100892.0
20120504:1800,17.49,68.65,25.0,39.01,22.0,319.8,1.38,281.0,100902.0
20120504:1900,16.28,72.45,0.0,0.0,0.0,316.8,0.55,273.0,100922.0
20120504:2000,15.08,81.65,0.0,0.0,0.0,318.0,0.9,180.0,100962.0
20120504:2100,14.19,84.15,0.0,0.0,0.0,321.8,1.24,166.0,101032.0
20120504:2200,13.9,85.55,0.0,0.0,0.0,335.0,1.72,169.0,101002.0
20120504:2300,13.63,86.65,0.0,0.0,0.0,330.6,2.0,164.0,101022.0
20120505:0000,13.09,88.75,0.0,0.0,0.0,317.0,2.14,164.0,100962.0
20120505:0100,12.78,89.65,0.0,0.0,0.0,315.45,2.21,167.0,100942.0
20120505:0200,12.44,90.35,0.0,0.0,0.0,309.0,2.28,169.0,100902.0
20120505:0300,12.08,90.65,0.0,0.0,0.0,303.6,2.34,171.0,100902.0
20120505:0400,11.97,90.25,0.0,0.0,0.0,308.6,2.28,179.0,100942.0
20120505:0500,11.84,89.75,6.0,0.0,6.0,309.0,2.28,182.0,100952.0
20120505:0600,13.17,87.05,189.0,363.76,94.0,318.8,1.86,190.0,100962.0
20120505:0700,16.25,90.2,392.0,542.3,145.0,329.4,1.72,174.0,101002.0
20120505:0800,18.76,70.75,514.0,406.12,258.0,340.6,1.59,183.0,101012.0
20120505:0900,20.22,60.3,250.0,1.29,249.0,347.2,1.31,198.0,100992.0
20120505:1000,21.59,53.5,362.0,11.41,352.0,336.0,1.31,251.0,100972.0
20120505:1100,22.44,52.05,445.0,30.09,417.0,334.2,1.93,300.0,100902.0
20120505:1200,21.89,55.5,941.0,770.57,222.0,357.0,3.24,324.0,100803.0
20120505:1300,20.02,59.45,735.0,393.85,387.0,357.6,3.52,332.0,100733.0
20120505:1400,18.09,69.15,614.0,322.09,361.0,364.6,2.28,341.0,100733.0
20120505:1500,17.87,71.3,478.0,280.41,297.0,352.2,1.24,359.0,100753.0
20120505:1600,17.48,70.25,115.0,0.0,115.0,361.0,1.03,60.0,100743.0
20120505:1700,17.13,73.2,36.0,0.0,36.0,359.2,1.31,73.0,100753.0
20120505:1800,16.55,77.15,14.0,0.0,14.0,359.4,1.38,55.0,100783.0
20120505:1900,15.86,72.9,0.0,0.0,0.0,342.6,1.38,55.0,100852.0
20120505:2000,15.17,77.25,0.0,0.0,0.0,342.4,1.17,32.0,100932.0
20120505:2100,14.72,80.15,0.0,0.0,0.0,341.2,0.97,118.0,100992.0
20120505:2200,14.09,84.4,0.0,0.0,0.0,344.0,1.24,153.0,100932.0
20120505:2300,13.86,86.75,0.0,0.0,0.0,348.6,0.97,166.0,100952.0
20120506:0000,13.52,88.45,0.0,0.0,0.0,338.8,1.52,175.0,100942.0
20120506:0100,13.53,89.0,0.0,0.0,0.0,348.85,1.79,168.0,100872.0
20120506:0200,13.53,88.75,0.0,0.0,0.0,349.0,2.07,168.0,100852.0
20120506:0300,13.57,88.85,0.0,0.0,0.0,351.4,2.14,176.0,100892.0
20120506:0400,12.95,93.3,0.0,0.0,0.0,338.6,2.14,181.0,100902.0
20120506:0500,12.9,92.0,23.0,62.64,19.0,339.0,1.93,178.0,100872.0
20120506:0600,14.0,92.0,82.0,7.57,80.0,342.8,1.45,186.0,100932.0
20120506:0700,16.57,85.75,222.0,52.39,198.0,346.8,0.83,214.0,100982.0
20120506:0800,17.23,76.0,171.0,0.0,171.0,355.0,1.24,264.0,101022.0
20120506:0900,17.47,77.4,404.0,54.13,362.0,366.2,1.38,271.0,101061.0
20120506:1000,17.69,78.55,623.0,211.81,437.0,367.2,1.59,278.0,101032.0
20120506:1100,18.43,74.75,126.0,0.0,126.0,362.0,2.34,277.0,101091.0
20120506:1200,19.35,69.75,205.0,0.0,205.0,348.8,4.0,283.0,101091.0
20120506:1300,19.18,69.25,327.0,4.52,323.0,347.0,5.17,285.0,101091.0
20120506:1400,19.03,67.95,581.0,257.86,378.0,332.6,5.17,286.0,101131.0
20120506:1500,18.67,68.7,345.0,67.97,301.0,321.4,4.83,288.0,101141.0
20120506:1600,18.12,70.75,216.0,37.88,198.0,325.2,4.28,291.0,101191.0
20120506:1700,17.19,74.85,117.0,35.4,107.0,320.2,3.52,292.0,101241.0
20120506:1800,16.23,80.05,42.0,182.36,27.0,318.8,2.41,282.0,101300.0
20120506:1900,15.28,86.15,0.0,0.0,0.0,319.8,1.79,263.0,101380.0
20120506:2000,14.43,90.6,0.0,0.0,0.0,306.6,1.59,230.0,101460.0
20120506:2100,13.59,93.8,0.0,0.0,0.0,310.4,1.59,205.0,101519.0
20120506:2200,12.84,94.8,0.0,0.0,0.0,307.0,1.59,193.0,101509.0
20120506:2300,12.05,96.05,0.0,0.0,0.0,300.6,1.66,185.0,101519.0
20120507:0000,11.37,97.15,0.0,0.0,0.0,301.2,1.66,185.0,101509.0
20120507:0100,10.81,97.45,0.0,0.0,0.0,297.8,1.66,187.0,101489.0
20120507:0200,10.27,97.5,0.0,0.0,0.0,294.8,1.59,187.0,101460.0
20120507:0300,9.7,97.85,0.0,0.0,0.0,292.6,1.59,185.0,101450.0
20120507:0400,9.05,98.55,0.0,0.0,0.0,288.8,1.59,181.0,101499.0
20120507:0500,8.86,97.95,30.0,134.4,21.0,293.8,1.59,179.0,101539.0
20120507:0600,10.66,94.9,207.0,453.39,86.0,295.8,1.24,182.0,101579.0
20120507:0700,15.19,76.75,408.0,599.23,132.0,292.0,1.03,229.0,101619.0
20120507:0800,16.73,68.9,611.0,724.52,151.0,297.0,1.17,278.0,101629.0
20120507:0900,17.89,63.95,779.0,789.27,165.0,300.8,1.52,310.0,101659.0
20120507:1000,18.8,60.9,897.0,813.7,181.0,304.2,1.86,333.0,101639.0
20120507:1100,19.47,58.9,967.0,846.94,176.0,307.0,2.28,352.0,101599.0
20120507:1200,19.79,58.35,975.0,864.03,166.0,311.2,2.69,2.0,101629.0
20120507:1300,19.86,58.45,915.0,845.69,165.0,311.4,2.83,11.0,101629.0
20120507:1400,19.73,58.95,796.0,808.68,158.0,316.4,2.83,13.0,101589.0
20120507:1500,19.47,59.6,630.0,743.93,147.0,311.0,2.62,17.0,101589.0
20120507:1600,19.03,61.2,430.0,632.72,128.0,308.6,2.34,26.0,101569.0
20120507:1700,18.34,64.4,225.0,481.02,88.0,304.8,1.93,38.0,101579.0
20120507:1800,17.32,71.55,41.0,164.9,27.0,300.2,1.38,44.0,101569.0
20120507:1900,15.71,81.35,0.0,0.0,0.0,294.4,1.17,45.0,101609.0
20120507:2000,14.55,88.5,0.0,0.0,0.0,289.4,0.76,91.0,101689.0
20120507:2100,13.19,92.4,0.0,0.0,0.0,287.0,1.03,149.0,101738.0
20120507:2200,11.68,95.5,0.0,0.0,0.0,285.4,1.45,165.0,101768.0
20120507:2300,10.5,97.45,0.0,0.0,0.0,284.2,1.66,167.0,101718.0
20120508:0000,9.68,98.0,0.0,0.0,0.0,282.8,1.72,167.0,101669.0
20120508:0100,9.12,97.65,0.0,0.0,0.0,282.0,1.72,167.0,101619.0
20120508:0200,8.75,97.35,0.0,0.0,0.0,281.4,1.79,168.0,101549.0
20120508:0300,8.48,97.1,0.0,0.0,0.0,280.4,1.86,170.0,101529.0
20120508:0400,8.26,96.8,0.0,0.0,0.0,279.8,1.86,171.0,101519.0
20120508:0500,8.11,96.8,29.0,100.02,22.0,281.4,1.86,170.0,101509.0
20120508:0600,10.04,93.75,207.0,441.38,88.0,282.4,1.45,167.0,101519.0
20120508:0700,15.02,80.8,417.0,634.95,123.0,288.2,1.1,163.0,101549.0
20120508:0800,18.51,62.4,613.0,725.2,151.0,291.4,0.55,144.0,101579.0
20120508:0900,20.44,47.95,781.0,789.9,165.0,298.8,0.14,80.0,101569.0
20120508:1000,21.68,42.95,904.0,829.12,173.0,304.8,0.76,351.0,101529.0
20120508:1100,22.45,41.95,969.0,847.62,176.0,308.6,1.52,355.0,101489.0
20120508:1200,22.82,42.6,977.0,863.66,167.0,311.6,2.0,4.0,101450.0
20120508:1300,22.87,44.3,916.0,846.44,164.0,313.2,2.34,13.0,101400.0
20120508:1400,22.69,46.2,793.0,793.05,166.0,314.6,2.41,23.0,101360.0
20120508:1500,22.28,48.15,632.0,744.9,147.0,315.0,2.41,29.0,101320.0
20120508:1600,21.6,50.85,432.0,632.08,129.0,314.4,2.21,39.0,101300.0
20120508:1700,20.79,55.8,226.0,473.62,90.0,312.2,1.79,52.0,101320.0
20120508:1800,19.66,64.5,46.0,194.23,29.0,310.2,1.59,66.0,101300.0
20120508:1900,18.61,73.9,0.0,0.0,0.0,306.2,1.17,105.0,101310.0
20120508:2000,16.6,81.25,0.0,0.0,0.0,302.6,1.52,150.0,101330.0
20120508:2100,14.9,87.0,0.0,0.0,0.0,302.2,1.86,158.0,101360.0
20120508:2200,13.6,90.55,0.0,0.0,0.0,301.6,1.93,159.0,101390.0
20120508:2300,12.54,93.55,0.0,0.0,0.0,302.4,1.72,161.0,101350.0
20120509:0000,11.82,95.15,0.0,0.0,0.0,304.8,1.66,159.0,101310.0
20120509:0100,11.44,95.9,0.0,0.0,0.0,308.0,1.72,158.0,101300.0
20120509:0200,11.3,96.15,0.0,0.0,0.0,311.0,1.79,162.0,101260.0
20120509:0300,11.25,96.25,0.0,0.0,0.0,313.4,1.86,166.0,101251.0
20120509:0400,11.22,96.05,0.0,0.0,0.0,313.0,1.93,169.0,101211.0
20120509:0500,11.25,95.75,35.0,164.56,23.0,315.0,1.86,170.0,101241.0
20120509:0600,12.93,92.25,165.0,187.32,114.0,318.0,1.52,172.0,101270.0
20120509:0700,17.91,78.95,282.0,146.12,214.0,325.6,0.97,175.0,101280.0
20120509:0800,21.54,65.65,376.0,109.52,306.0,333.2,0.34,195.0,101350.0
20120509:0900,23.33,53.85,610.0,321.1,359.0,332.0,0.41,329.0,101370.0
20120509:1000,24.3,52.75,690.0,311.32,415.0,340.4,0.97,1.0,101380.0
20120509:1100,24.92,53.0,536.0,78.97,462.0,347.8,1.72,12.0,101360.0
20120509:1200,25.1,54.05,936.0,740.92,240.0,353.0,2.41,18.0,101340.0
20120509:1300,25.04,54.5,873.0,712.38,239.0,349.2,2.83,24.0,101330.0
20120509:1400,24.85,54.0,739.0,617.22,250.0,343.2,2.97,30.0,101330.0
20120509:1500,24.46,53.5,596.0,603.45,202.0,339.4,2.83,39.0,101330.0
20120509:1600,23.92,54.25,434.0,633.54,129.0,334.0,2.41,49.0,101330.0
20120509:1700,23.17,59.1,229.0,476.74,91.0,331.2,1.79,57.0,101340.0
20120509:1800,22.08,66.05,44.0,155.33,30.0,327.6,1.52,64.0,101360.0
20120509:1900,19.88,79.0,0.0,0.0,0.0,321.4,1.38,67.0,101370.0
20120509:2000,18.7,82.5,0.0,0.0,0.0,317.8,1.1,114.0,101430.0
20120509:2100,17.27,87.35,0.0,0.0,0.0,316.8,1.24,139.0,101450.0
20120509:2200,16.08,89.6,0.0,0.0,0.0,316.6,1.45,150.0,101489.0
20120509:2300,14.95,91.85,0.0,0.0,0.0,315.8,1.72,154.0,101519.0
20120510:0000,13.96,94.1,0.0,0.0,0.0,315.6,1.79,156.0,101440.0
20120510:0100,13.15,96.2,0.0,0.0,0.0,315.05,1.72,155.0,101420.0
20120510:0200,12.57,97.15,0.0,0.0,0.0,314.4,1.66,154.0,101380.0
20120510:0300,12.16,97.4,0.0,0.0,0.0,314.2,1.66,153.0,101390.0
20120510:0400,11.88,97.25,0.0,0.0,0.0,314.0,1.66,153.0,101430.0
20120510:0500,11.73,97.0,34.0,118.78,25.0,313.6,1.66,154.0,101430.0
20120510:0600,13.8,94.2,215.0,462.12,88.0,314.4,1.31,147.0,101509.0
20120510:0700,19.19,79.35,422.0,639.35,123.0,316.2,0.69,129.0,101519.0
20120510:0800,22.14,67.35,617.0,726.81,151.0,324.2,0.62,72.0,101569.0
20120510:0900,23.94,60.1,781.0,776.03,173.0,330.6,1.31,45.0,101579.0
20120510:1000,25.12,55.8,902.0,813.62,182.0,335.8,2.14,37.0,101579.0
20120510:1100,25.8,54.15,967.0,832.08,186.0,339.6,2.76,38.0,101559.0
20120510:1200,26.11,53.85,980.0,864.12,167.0,342.0,3.1,40.0,101549.0
20120510:1300,26.21,54.2,919.0,846.91,164.0,343.4,3.31,44.0,101549.0
20120510:1400,26.04,55.0,797.0,794.83,166.0,343.4,3.45,46.0,101529.0
20120510:1500,25.6,56.05,635.0,746.89,146.0,343.0,3.31,49.0,101509.0
20120510:1600,24.93,58.4,436.0,635.02,129.0,340.0,2.97,51.0,101519.0
20120510:1700,23.9,63.9,232.0,486.69,90.0,335.8,2.48,50.0,101539.0
20120510:1800,22.46,71.4,47.0,172.57,31.0,331.8,2.14,49.0,101579.0
20120510:1900,20.61,78.25,0.0,0.0,0.0,324.6,2.0,61.0,101599.0
20120510:2000,19.49,83.65,0.0,0.0,0.0,319.6,1.52,94.0,101629.0
20120510:2100,18.56,86.3,0.0,0.0,0.0,317.8,1.52,117.0,101669.0
20120510:2200,17.51,88.8,0.0,0.0,0.0,317.2,1.72,127.0,101629.0
20120510:2300,16.51,90.75,0.0,0.0,0.0,316.6,1.79,133.0,101649.0
20120511:0000,15.44,93.05,0.0,0.0,0.0,316.4,1.79,138.0,101649.0
20120511:0100,14.49,95.15,0.0,0.0,0.0,316.05,1.66,140.0,101609.0
20120511:0200,13.84,95.85,0.0,0.0,0.0,315.4,1.66,143.0,101619.0
20120511:0300,13.38,96.0,0.0,0.0,0.0,315.4,1.66,147.0,101629.0
20120511:0400,13.02,96.2,0.0,0.0,0.0,315.4,1.66,149.0,101639.0
20120511:0500,12.77,96.2,37.0,152.8,25.0,315.2,1.59,149.0,101669.0
20120511:0600,14.59,93.6,219.0,472.42,88.0,316.2,1.17,138.0,101708.0
20120511:0700,19.92,80.05,427.0,651.27,121.0,321.4,0.9,90.0,101758.0
20120511:0800,22.42,69.8,619.0,727.74,151.0,328.2,1.93,54.0,101788.0
20120511:0900,23.76,65.7,787.0,790.89,166.0,332.6,2.76,52.0,101808.0
20120511:1000,24.76,61.6,908.0,829.12,173.0,336.0,3.17,51.0,101848.0
20120511:1100,25.54,57.1,973.0,847.82,176.0,337.4,3.72,52.0,101818.0
20120511:1200,25.95,53.75,986.0,880.86,156.0,338.4,4.0,51.0,101818.0
20120511:1300,25.98,52.1,916.0,830.96,174.0,337.8,4.14,50.0,101778.0
20120511:1400,25.72,51.5,798.0,794.49,166.0,336.2,4.14,50.0,101758.0
20120511:1500,25.12,52.65,637.0,746.4,147.0,333.2,4.0,50.0,101768.0
20120511:1600,24.23,55.4,439.0,636.51,130.0,329.6,3.59,51.0,101738.0
20120511:1700,23.11,60.15,236.0,496.53,90.0,324.6,2.9,50.0,101748.0
20120511:1800,21.6,66.55,48.0,167.92,32.0,319.0,2.48,54.0,101748.0
20120511:1900,19.73,72.5,0.0,0.0,0.0,310.6,2.28,58.0,101788.0
20120511:2000,18.48,79.15,0.0,0.0,0.0,306.6,1.72,70.0,101828.0
20120511:2100,18.11,78.8,0.0,0.0,0.0,304.2,1.24,92.0,101878.0
20120511:2200,17.05,83.5,0.0,0.0,0.0,303.4,1.03,112.0,101858.0
20120511:2300,16.5,83.75,0.0,0.0,0.0,302.0,0.83,124.0,101878.0
20120512:0000,16.65,82.35,0.0,0.0,0.0,301.8,0.62,136.0,101868.0
20120512:0100,16.31,83.35,0.0,0.0,0.0,301.4,0.62,140.0,101848.0
20120512:0200,15.1,86.5,0.0,0.0,0.0,300.6,0.97,138.0,101838.0
20120512:0300,13.45,90.4,0.0,0.0,0.0,300.4,1.38,140.0,101828.0
20120512:0400,12.39,92.55,0.0,0.0,0.0,300.0,1.66,147.0,101838.0
20120512:0500,11.68,94.05,39.0,160.08,26.0,299.8,1.86,154.0,101838.0
20120512:0600,13.49,93.75,223.0,493.41,85.0,301.2,1.31,152.0,101858.0
20120512:0700,18.99,76.15,427.0,642.0,124.0,308.2,0.83,152.0,101848.0
20120512:0800,21.58,64.2,621.0,728.75,151.0,315.4,0.41,117.0,101878.0
20120512:0900,23.4,57.1,784.0,776.53,173.0,322.2,1.1,35.0,101858.0
20120512:1000,24.5,54.45,905.0,814.22,182.0,327.8,2.14,25.0,101878.0
20120512:1100,25.0,54.2,969.0,831.7,186.0,330.8,2.76,23.0,101858.0
20120512:1200,25.09,55.15,982.0,864.74,166.0,332.8,3.1,23.0,101848.0
20120512:1300,24.98,55.55,912.0,816.21,182.0,333.8,3.24,25.0,101848.0
20120512:1400,24.61,55.9,800.0,795.45,166.0,332.6,3.31,28.0,101818.0
20120512:1500,23.88,57.55,632.0,720.1,158.0,332.0,3.24,31.0,101808.0
20120512:1600,22.98,60.1,438.0,625.71,133.0,327.4,2.9,33.0,101798.0
20120512:1700,21.9,64.1,234.0,472.49,94.0,323.2,2.21,37.0,101788.0
20120512:1800,20.66,71.15,49.0,163.56,33.0,317.6,1.45,43.0,101808.0
20120512:1900,18.71,82.15,0.0,0.0,0.0,310.2,1.17,55.0,101798.0
20120512:2000,17.58,88.2,0.0,0.0,0.0,304.6,0.83,99.0,101808.0
20120512:2100,16.3,91.9,0.0,0.0,0.0,302.6,0.97,155.0,101878.0
20120512:2200,14.59,94.7,0.0,0.0,0.0,301.6,1.72,170.0,101858.0
20120512:2300,13.81,95.15,0.0,0.0,0.0,302.0,1.93,172.0,101798.0
20120513:0000,13.18,95.15,0.0,0.0,0.0,303.2,1.86,174.0,101768.0
20120513:0100,12.61,95.7,0.0,0.0,0.0,304.8,1.45,173.0,101689.0
20120513:0200,12.49,95.0,0.0,0.0,0.0,306.4,1.17,166.0,101649.0
20120513:0300,12.02,95.25,0.0,0.0,0.0,307.8,1.24,162.0,101599.0
20120513:0400,11.55,94.5,0.0,0.0,0.0,308.6,1.59,159.0,101559.0
20120513:0500,11.71,92.25,37.0,107.4,28.0,309.2,1.86,163.0,101599.0
20120513:0600,13.8,90.05,214.0,411.36,98.0,311.0,1.38,166.0,101609.0
20120513:0700,19.18,73.05,417.0,584.39,140.0,316.8,0.62,143.0,101619.0
20120513:0800,22.02,58.85,613.0,689.63,167.0,324.2,0.55,101.0,101609.0
20120513:0900,23.89,51.45,781.0,762.29,180.0,330.2,0.83,70.0,101569.0
20120513:1000,25.36,46.1,901.0,799.42,190.0,335.8,1.24,47.0,101479.0
20120513:1100,26.35,44.05,971.0,832.63,186.0,341.2,1.72,30.0,101410.0
20120513:1200,26.81,44.0,984.0,864.58,167.0,344.8,2.0,25.0,101360.0
20120513:1300,27.07,44.5,913.0,816.05,182.0,347.0,2.07,26.0,101320.0
20120513:1400,26.91,45.9,788.0,751.34,188.0,348.2,2.41,27.0,101231.0
20120513:1500,26.28,48.55,609.0,628.82,194.0,348.8,2.41,36.0,101251.0
20120513:1600,25.69,50.95,411.0,496.51,168.0,346.4,1.93,48.0,101221.0
20120513:1700,24.98,55.75,229.0,422.06,103.0,345.2,1.52,49.0,101151.0
20120513:1800,23.74,63.85,48.0,139.52,34.0,343.8,1.38,44.0,101141.0
20120513:1900,22.26,76.2,0.0,0.0,0.0,339.2,1.03,45.0,101121.0
20120513:2000,21.05,79.2,0.0,0.0,0.0,334.6,0.83,103.0,101131.0
20120513:2100,19.32,85.35,0.0,0.0,0.0,332.8,1.24,157.0,101131.0
20120513:2200,18.21,87.75,0.0,0.0,0.0,334.2,1.59,168.0,101101.0
20120513:2300,17.55,88.9,0.0,0.0,0.0,330.8,1.31,156.0,101061.0
20120514:0000,17.67,87.85,0.0,0.0,0.0,328.4,0.76,104.0,101061.0
20120514:0100,16.64,91.5,0.0,0.0,0.0,327.25,1.86,37.0,101071.0
20120514:0200,17.03,92.15,0.0,0.0,0.0,331.2,1.24,70.0,101091.0
20120514:0300,16.87,92.95,0.0,0.0,0.0,329.0,0.55,102.0,101101.0
20120514:0400,16.57,93.9,0.0,0.0,0.0,326.6,0.69,146.0,101061.0
20120514:0500,16.13,94.05,26.0,23.18,24.0,331.0,0.62,114.0,101022.0
20120514:0600,16.92,93.65,84.0,3.52,83.0,330.0,1.17,46.0,101071.0
20120514:0700,19.02,86.85,422.0,596.71,138.0,333.4,2.55,30.0,101131.0
20120514:0800,20.02,81.35,615.0,689.36,168.0,343.8,2.41,46.0,101161.0
20120514:0900,21.15,74.85,753.0,667.16,226.0,354.4,2.48,48.0,101161.0
20120514:1000,22.21,70.05,903.0,799.32,191.0,347.8,2.83,40.0,101121.0
20120514:1100,22.89,66.6,966.0,816.66,195.0,348.0,3.31,35.0,101091.0
20120514:1200,23.25,63.4,979.0,848.6,176.0,349.0,3.52,34.0,101111.0
20120514:1300,23.37,60.85,920.0,831.53,174.0,349.4,3.38,37.0,101081.0
20120514:1400,23.34,59.1,785.0,737.43,195.0,350.6,3.24,40.0,101051.0
20120514:1500,23.2,58.0,401.0,123.93,319.0,349.8,3.1,43.0,101022.0
20120514:1600,22.72,59.0,217.0,30.53,202.0,346.8,2.9,46.0,101002.0
20120514:1700,21.86,62.2,171.0,139.65,129.0,342.6,2.62,48.0,100972.0
20120514:1800,20.59,68.25,42.0,68.07,35.0,342.2,2.34,46.0,100972.0
20120514:1900,18.54,74.9,0.0,0.0,0.0,327.0,2.07,57.0,100982.0
20120514:2000,17.67,79.6,0.0,0.0,0.0,323.6,1.86,71.0,100992.0
20120514:2100,16.87,85.15,0.0,0.0,0.0,321.8,1.66,87.0,101032.0
20120514:2200,16.25,87.7,0.0,0.0,0.0,319.8,1.59,121.0,101022.0
20120514:2300,15.46,91.0,0.0,0.0,0.0,319.6,1.79,143.0,100982.0
20120515:0000,14.77,93.65,0.0,0.0,0.0,318.8,1.31,140.0,100902.0
20120515:0100,14.31,94.65,0.0,0.0,0.0,319.25,1.24,125.0,100892.0
20120515:0200,14.39,93.1,0.0,0.0,0.0,318.8,1.45,107.0,100882.0
20120515:0300,15.21,88.9,0.0,0.0,0.0,317.8,1.72,86.0,100952.0
20120515:0400,15.43,88.15,0.0,0.0,0.0,316.6,1.72,85.0,101002.0
20120515:0500,15.19,88.8,43.0,146.55,30.0,313.6,1.52,118.0,101051.0
20120515:0600,15.73,89.25,223.0,447.01,95.0,314.4,1.1,131.0,101091.0
20120515:0700,18.74,76.7,428.0,621.58,131.0,317.4,0.76,102.0,101131.0
20120515:0800,20.6,66.9,623.0,716.85,157.0,322.6,1.1,43.0,101151.0
20120515:0900,21.95,58.85,789.0,778.41,173.0,326.6,2.28,36.0,101171.0
20120515:1000,22.82,52.7,909.0,814.96,182.0,329.4,3.1,40.0,101181.0
20120515:1100,23.31,49.55,973.0,832.51,186.0,330.6,3.38,42.0,101151.0
20120515:1200,23.69,48.6,986.0,864.36,167.0,331.4,3.38,41.0,101171.0
20120515:1300,23.81,48.9,921.0,831.41,174.0,332.2,3.45,37.0,101161.0
20120515:1400,23.61,49.7,804.0,795.96,166.0,332.0,3.66,35.0,101141.0
20120515:1500,23.03,51.1,641.0,735.67,153.0,330.2,3.79,38.0,101131.0
20120515:1600,22.28,53.05,447.0,640.61,131.0,327.4,3.59,46.0,101141.0
20120515:1700,21.43,55.95,239.0,468.74,97.0,324.0,2.97,53.0,101161.0
20120515:1800,20.33,61.95,55.0,180.43,36.0,320.0,2.14,57.0,101191.0
20120515:1900,18.69,69.35,0.0,0.0,0.0,311.8,1.86,68.0,101221.0
20120515:2000,17.54,77.65,0.0,0.0,0.0,308.0,1.45,96.0,101251.0
20120515:2100,16.49,81.65,0.0,0.0,0.0,306.4,1.31,132.0,101320.0
20120515:2200,15.22,87.4,0.0,0.0,0.0,305.8,1.59,150.0,101300.0
20120515:2300,14.19,90.8,0.0,0.0,0.0,305.4,1.72,150.0,101290.0
20120516:0000,13.31,93.5,0.0,0.0,0.0,305.0,1.45,146.0,101280.0
20120516:0100,12.87,93.95,0.0,0.0,0.0,306.0,1.24,138.0,101260.0
20120516:0200,12.77,92.15,0.0,0.0,0.0,307.0,1.52,130.0,101260.0
20120516:0300,12.89,89.45,0.0,0.0,0.0,307.4,1.72,132.0,101241.0
20120516:0400,12.82,88.05,0.0,0.0,0.0,307.0,1.66,133.0,101280.0
20120516:0500,12.84,86.5,46.0,164.78,31.0,306.2,1.72,125.0,101270.0
20120516:0600,14.79,83.35,228.0,475.05,91.0,308.0,1.45,105.0,101320.0
20120516:0700,18.65,71.2,433.0,633.86,129.0,314.4,1.66,65.0,101350.0
20120516:0800,20.37,66.1,621.0,704.4,162.0,319.2,2.62,53.0,101400.0
20120516:0900,21.53,63.15,786.0,763.18,181.0,324.2,3.38,51.0,101440.0
20120516:1000,22.37,60.9,905.0,799.26,191.0,328.8,4.0,50.0,101450.0
20120516:1100,22.9,58.8,969.0,816.67,196.0,331.6,4.41,50.0,101450.0
20120516:1200,23.17,56.75,982.0,848.5,177.0,333.2,4.55,49.0,101460.0
20120516:1300,23.16,55.55,912.0,801.31,191.0,333.6,4.62,49.0,101460.0
20120516:1400,22.94,55.1,797.0,765.88,182.0,332.6,4.69,50.0,101440.0
20120516:1500,22.44,55.75,636.0,708.27,165.0,330.8,4.55,52.0,101430.0
20120516:1600,21.68,57.95,431.0,561.42,153.0,328.0,4.41,54.0,101440.0
20120516:1700,20.66,62.15,237.0,445.74,101.0,323.8,4.0,56.0,101450.0
20120516:1800,19.35,68.55,61.0,232.03,36.0,319.2,3.1,54.0,101440.0
20120516:1900,17.55,77.6,0.0,0.0,0.0,312.6,2.76,58.0,101479.0
20120516:2000,16.53,82.8,0.0,0.0,0.0,307.6,2.62,66.0,101489.0
20120516:2100,15.82,86.3,0.0,0.0,0.0,306.0,2.48,74.0,101539.0
20120516:2200,15.21,89.4,0.0,0.0,0.0,313.6,2.41,79.0,101549.0
20120516:2300,14.91,90.45,0.0,0.0,0.0,328.0,2.41,82.0,101539.0
20120517:0000,14.69,91.15,0.0,0.0,0.0,330.4,2.28,84.0,101450.0
20120517:0100,14.31,91.85,0.0,0.0,0.0,318.85,2.28,87.0,101430.0
20120517:0200,13.76,93.05,0.0,0.0,0.0,308.0,2.34,95.0,101380.0
20120517:0300,13.18,94.25,0.0,0.0,0.0,302.0,2.34,100.0,101330.0
20120517:0400,12.69,95.0,0.0,0.0,0.0,302.6,2.41,101.0,101270.0
20120517:0500,12.41,94.7,45.0,139.39,32.0,302.2,2.41,104.0,101221.0
20120517:0600,14.15,90.45,233.0,495.94,89.0,306.2,2.07,104.0,101201.0
20120517:0700,17.35,77.8,425.0,587.98,142.0,319.4,2.07,101.0,101151.0
20120517:0800,19.8,66.85,619.0,690.54,168.0,320.4,2.07,89.0,101171.0
20120517:0900,22.19,58.1,782.0,749.33,187.0,331.8,2.28,81.0,101121.0
20120517:1000,24.42,51.7,891.0,754.59,216.0,332.2,2.55,72.0,101042.0
20120517:1100,25.98,48.1,959.0,786.13,214.0,341.2,2.97,62.0,100962.0
20120517:1200,26.88,46.5,940.0,727.44,249.0,346.4,3.31,52.0,100932.0
20120517:1300,26.95,47.4,898.0,756.9,216.0,346.0,3.59,45.0,100902.0
20120517:1400,26.46,50.15,780.0,709.83,209.0,345.6,3.72,44.0,100862.0
20120517:1500,25.84,52.95,609.0,607.54,204.0,344.6,3.45,47.0,100832.0
20120517:1600,25.0,56.2,394.0,404.38,193.0,343.6,2.83,53.0,100813.0
20120517:1700,24.38,59.4,218.0,322.21,119.0,345.6,2.07,64.0,100803.0
20120517:1800,23.34,65.25,41.0,45.39,36.0,339.6,2.0,63.0,100753.0
20120517:1900,21.55,71.0,0.0,0.0,0.0,333.0,1.1,73.0,100763.0
20120517:2000,20.51,77.05,0.0,0.0,0.0,331.4,0.76,108.0,100733.0
20120517:2100,18.89,84.6,0.0,0.0,0.0,329.4,1.24,134.0,100763.0
20120517:2200,17.91,87.75,0.0,0.0,0.0,330.6,1.31,148.0,100753.0
20120517:2300,17.56,88.95,0.0,0.0,0.0,342.6,1.17,166.0,100703.0
20120518:0000,16.68,92.75,0.0,0.0,0.0,348.8,1.31,167.0,100683.0
20120518:0100,15.99,95.25,0.0,0.0,0.0,346.45,1.72,152.0,100594.0
20120518:0200,15.96,95.2,0.0,0.0,0.0,351.0,1.72,153.0,100554.0
20120518:0300,16.23,92.6,0.0,0.0,0.0,352.4,1.86,154.0,100454.0
20120518:0400,16.64,86.8,0.0,0.0,0.0,354.8,2.07,159.0,100424.0
20120518:0500,17.07,79.45,27.0,10.48,26.0,351.2,2.34,165.0,100424.0
20120518:0600,18.3,71.15,112.0,20.53,106.0,353.2,2.34,161.0,100454.0
20120518:0700,19.72,71.65,162.0,4.14,160.0,352.6,1.59,155.0,100434.0
20120518:0800,23.36,58.25,372.0,93.2,311.0,354.8,1.59,150.0,100434.0
20120518:0900,26.47,47.3,560.0,216.27,388.0,363.0,2.07,146.0,100395.0
20120518:1000,28.85,39.7,833.0,593.97,301.0,374.8,2.55,153.0,100395.0
20120518:1100,30.46,36.1,695.0,238.2,469.0,380.8,2.14,188.0,100345.0
20120518:1200,30.18,38.25,260.0,0.0,260.0,395.05,1.38,253.0,100345.0
20120518:1300,29.16,44.5,585.0,146.3,453.0,399.25,1.45,331.0,100295.0
20120518:1400,27.68,52.05,760.0,644.07,241.0,387.4,3.72,316.0,100265.0
20120518:1500,24.81,62.85,614.0,621.04,199.0,381.2,3.93,299.0,100355.0
20120518:1600,23.86,65.1,428.0,531.16,163.0,369.0,1.72,300.0,100444.0
20120518:1700,23.6,65.9,228.0,368.49,114.0,368.8,1.03,316.0,100504.0
20120518:1800,22.87,69.1,53.0,124.4,39.0,362.4,1.59,310.0,100464.0
20120518:1900,20.65,77.85,0.0,0.0,0.0,352.8,1.17,309.0,100524.0
20120518:2000,19.9,83.05,0.0,0.0,0.0,350.8,0.55,240.0,100564.0
20120518:2100,18.72,88.75,0.0,0.0,0.0,341.0,0.97,167.0,100574.0
20120518:2200,17.68,91.85,0.0,0.0,0.0,339.8,1.31,168.0,100623.0
20120518:2300,16.71,94.3,0.0,0.0,0.0,337.2,1.59,172.0,100554.0
20120519:0000,16.05,95.6,0.0,0.0,0.0,333.2,1.66,169.0,100464.0
20120519:0100,15.47,96.35,0.0,0.0,0.0,327.85,1.72,169.0,100434.0
20120519:0200,14.89,96.75,0.0,0.0,0.0,322.0,1.72,170.0,100414.0
20120519:0300,14.3,97.0,0.0,0.0,0.0,318.8,1.66,177.0,100404.0
20120519:0400,13.99,96.4,0.0,0.0,0.0,318.4,1.52,190.0,100454.0
20120519:0500,14.17,94.7,50.0,164.17,34.0,324.2,1.59,211.0,100484.0
20120519:0600,16.41,92.0,187.0,217.67,123.0,325.8,1.17,210.0,100534.0
20120519:0700,21.31,75.2,416.0,536.65,156.0,338.0,0.83,223.0,100584.0
20120519:0800,23.17,65.2,544.0,429.97,262.0,343.0,1.03,286.0,100604.0
20120519:0900,24.4,57.15,544.0,190.84,392.0,348.4,2.07,298.0,100613.0
20120519:1000,25.16,50.65,571.0,134.93,450.0,358.0,2.62,300.0,100633.0
20120519:1100,25.63,47.45,375.0,7.37,368.0,360.8,2.76,305.0,100574.0
20120519:1200,25.61,47.05,429.0,21.01,409.0,368.6,2.97,314.0,100574.0
20120519:1300,25.05,48.15,591.0,151.64,454.0,368.8,3.31,316.0,100584.0
20120519:1400,24.11,50.0,305.0,6.19,300.0,372.4,3.38,314.0,100514.0
20120519:1500,22.95,52.8,209.0,1.49,208.0,370.2,2.97,310.0,100504.0
20120519:1600,22.09,54.85,137.0,0.0,137.0,368.4,2.41,308.0,100484.0
20120519:1700,21.19,57.15,50.0,0.0,50.0,364.0,2.21,308.0,100534.0
20120519:1800,20.34,60.25,25.0,0.0,25.0,363.0,1.66,284.0,100574.0
20120519:1900,19.32,61.7,0.0,0.0,0.0,361.2,0.83,56.0,100564.0
20120519:2000,18.55,66.2,0.0,0.0,0.0,352.4,1.1,110.0,100604.0
20120519:2100,17.76,75.1,0.0,0.0,0.0,354.8,1.03,120.0,100643.0
20120519:2200,17.81,76.35,0.0,0.0,0.0,369.2,0.55,146.0,100623.0
20120519:2300,17.34,81.25,0.0,0.0,0.0,370.6,0.83,118.0,100554.0
20120520:0000,17.49,77.4,0.0,0.0,0.0,362.4,0.48,218.0,100574.0
20120520:0100,16.69,83.75,0.0,0.0,0.0,360.65,1.31,275.0,100534.0
20120520:0200,16.39,86.6,0.0,0.0,0.0,378.0,1.66,279.0,100514.0
20120520:0300,15.84,90.25,0.0,0.0,0.0,373.0,1.52,234.0,100554.0
20120520:0400,15.73,89.85,0.0,0.0,0.0,372.4,1.66,226.0,100564.0
20120520:0500,15.58,88.15,8.0,0.0,8.0,373.2,2.14,231.0,100544.0
20120520:0600,15.88,82.55,36.0,0.0,36.0,371.0,2.14,229.0,100574.0
20120520:0700,16.44,79.55,39.0,0.0,39.0,373.6,2.0,232.0,100604.0
20120520:0800,16.29,74.75,60.0,0.0,60.0,371.8,2.55,246.0,100604.0
20120520:0900,16.4,73.25,144.0,0.0,144.0,368.0,2.28,242.0,100633.0
20120520:1000,16.69,71.55,124.0,0.0,124.0,360.0,2.83,242.0,100643.0
20120520:1100,16.86,66.9,155.0,0.0,155.0,365.2,2.83,238.0,100613.0
20120520:1200,17.89,54.35,153.0,0.0,153.0,352.6,4.0,245.0,100633.0
20120520:1300,17.92,53.7,285.0,0.0,285.0,345.8,4.0,250.0,100554.0
20120520:1400,18.96,49.7,353.0,19.79,337.0,348.4,5.52,269.0,100534.0
20120520:1500,18.91,54.6,213.0,1.49,212.0,327.6,5.59,281.0,100484.0
20120520:1600,18.44,59.15,257.0,65.67,224.0,325.6,5.31,285.0,100484.0
20120520:1700,17.67,62.35,250.0,478.44,100.0,304.2,4.83,286.0,100514.0
20120520:1800,16.8,65.95,70.0,264.47,39.0,300.0,3.93,282.0,100564.0
20120520:1900,16.08,63.6,0.0,0.0,0.0,301.8,3.86,266.0,100594.0
20120520:2000,15.82,57.75,0.0,0.0,0.0,297.4,3.66,256.0,100633.0
20120520:2100,15.64,52.0,0.0,0.0,0.0,292.4,3.86,250.0,100713.0
20120520:2200,15.44,47.55,0.0,0.0,0.0,291.0,4.55,251.0,100793.0
20120520:2300,15.15,47.65,0.0,0.0,0.0,296.0,4.69,248.0,100773.0
20120521:0000,14.79,49.2,0.0,0.0,0.0,297.2,4.76,244.0,100743.0
20120521:0100,14.45,52.75,0.0,0.0,0.0,310.45,4.62,247.0,100713.0
20120521:0200,14.21,57.3,0.0,0.0,0.0,316.0,5.03,254.0,100693.0
20120521:0300,13.78,63.95,0.0,0.0,0.0,323.6,4.97,252.0,100683.0
20120521:0400,13.56,67.25,0.0,0.0,0.0,315.4,4.76,249.0,100693.0
20120521:0500,13.59,69.25,58.0,236.92,34.0,337.8,5.17,255.0,100743.0
20120521:0600,13.12,75.6,71.0,0.0,71.0,313.0,4.97,257.0,100783.0
20120521:0700,14.01,69.55,388.0,410.39,188.0,314.2,6.07,259.0,100852.0
20120521:0800,14.49,70.05,467.0,238.48,310.0,309.6,6.28,262.0,100942.0
20120521:0900,15.42,67.55,344.0,17.53,330.0,312.0,6.34,262.0,100992.0
20120521:1000,16.52,64.95,292.0,1.11,291.0,312.2,6.69,265.0,101022.0
20120521:1100,17.19,64.45,708.0,253.2,467.0,330.4,6.76,271.0,101051.0
20120521:1200,17.91,58.85,789.0,382.51,424.0,318.4,6.83,275.0,101042.0
20120521:1300,18.25,53.35,928.0,832.43,174.0,329.2,6.97,276.0,101091.0
20120521:1400,18.38,48.5,812.0,797.7,166.0,324.0,6.9,278.0,101081.0
20120521:1500,18.48,46.85,636.0,683.61,176.0,323.6,6.41,280.0,101101.0
20120521:1600,18.17,49.15,456.0,634.53,136.0,314.0,6.0,282.0,101121.0
20120521:1700,17.5,54.95,255.0,500.7,97.0,300.8,5.17,278.0,101201.0
20120521:1800,16.67,61.5,65.0,192.46,42.0,296.0,3.79,264.0,101221.0
20120521:1900,15.87,58.2,0.0,0.0,0.0,291.8,3.31,242.0,101260.0
20120521:2000,15.16,58.1,0.0,0.0,0.0,288.2,2.76,219.0,101280.0
20120521:2100,14.5,58.6,0.0,0.0,0.0,290.8,2.62,212.0,101320.0
20120521:2200,13.78,59.35,0.0,0.0,0.0,287.4,2.62,212.0,101380.0
20120521:2300,13.23,58.95,0.0,0.0,0.0,287.6,2.76,212.0,101390.0
20120522:0000,12.88,57.1,0.0,0.0,0.0,287.2,2.97,212.0,101350.0
20120522:0100,12.73,54.8,0.0,0.0,0.0,286.0,3.17,213.0,101320.0
20120522:0200,12.69,52.4,0.0,0.0,0.0,285.6,3.31,217.0,101320.0
20120522:0300,12.61,51.1,0.0,0.0,0.0,285.6,3.31,223.0,101310.0
20120522:0400,12.57,51.25,0.0,0.0,0.0,286.2,3.31,225.0,101260.0
20120522:0500,12.53,55.15,55.0,184.31,36.0,286.6,3.31,226.0,101270.0
20120522:0600,14.01,56.15,239.0,485.13,94.0,288.0,3.17,229.0,101340.0
20120522:0700,16.95,51.4,444.0,650.76,126.0,293.6,2.97,232.0,101340.0
20120522:0800,19.02,44.85,629.0,706.64,163.0,299.4,3.93,256.0,101350.0
20120522:0900,20.27,42.2,792.0,765.33,180.0,303.8,5.17,273.0,101350.0
20120522:1000,21.0,40.9,921.0,831.4,173.0,309.4,5.66,277.0,101380.0
20120522:1100,21.53,39.9,985.0,848.08,177.0,311.6,5.79,280.0,101390.0
20120522:1200,21.81,40.0,998.0,881.5,156.0,313.6,5.86,284.0,101390.0
20120522:1300,21.78,42.0,929.0,832.51,174.0,315.8,5.66,287.0,101400.0
20120522:1400,21.45,45.3,805.0,768.08,182.0,316.2,5.24,290.0,101390.0
20120522:1500,20.93,48.85,645.0,711.74,165.0,315.2,4.62,293.0,101410.0
20120522:1600,20.29,51.5,455.0,622.46,140.0,313.2,3.93,293.0,101430.0
20120522:1700,19.45,54.65,255.0,491.24,99.0,310.2,3.03,292.0,101460.0
20120522:1800,18.45,60.15,69.0,221.75,42.0,306.4,1.79,283.0,101479.0
20120522:1900,16.98,65.15,0.0,0.0,0.0,299.8,1.59,247.0,101529.0
20120522:2000,15.69,71.0,0.0,0.0,0.0,294.6,1.86,207.0,101519.0
20120522:2100,14.37,76.5,0.0,0.0,0.0,292.4,2.07,192.0,101559.0
20120522:2200,13.19,81.2,0.0,0.0,0.0,290.8,2.0,187.0,101509.0
20120522:2300,12.25,84.95,0.0,0.0,0.0,289.6,1.93,185.0,101509.0
20120523:0000,11.49,87.7,0.0,0.0,0.0,289.2,1.86,186.0,101519.0
20120523:0100,11.02,87.75,0.0,0.0,0.0,289.8,1.79,188.0,101489.0
20120523:0200,10.77,85.8,0.0,0.0,0.0,291.0,1.79,189.0,101470.0
20120523:0300,10.6,83.6,0.0,0.0,0.0,292.0,1.86,184.0,101479.0
20120523:0400,10.47,81.85,0.0,0.0,0.0,292.8,2.0,180.0,101470.0
20120523:0500,10.47,81.2,59.0,219.5,36.0,292.8,2.0,177.0,101489.0
20120523:0600,12.65,81.0,242.0,496.1,93.0,295.2,1.52,175.0,101519.0
20120523:0700,18.11,54.65,446.0,651.16,127.0,302.6,1.31,187.0,101569.0
20120523:0800,20.4,42.8,634.0,720.64,158.0,309.6,1.1,208.0,101579.0
20120523:0900,21.69,41.65,802.0,794.41,166.0,316.2,0.76,270.0,101599.0
20120523:1000,22.59,41.05,921.0,830.6,173.0,321.0,1.52,324.0,101559.0
20120523:1100,23.17,40.4,985.0,848.35,176.0,324.0,2.28,336.0,101579.0
20120523:1200,23.44,39.8,999.0,881.67,156.0,325.2,2.76,341.0,101569.0
20120523:1300,23.51,39.6,940.0,864.57,155.0,325.8,2.9,345.0,101599.0
20120523:1400,23.4,39.8,819.0,812.43,159.0,325.8,2.97,350.0,101559.0
20120523:1500,23.04,40.7,657.0,753.09,148.0,324.8,2.76,354.0,101559.0
20120523:1600,22.49,42.35,462.0,647.92,133.0,322.8,2.41,360.0,101559.0
20120523:1700,21.6,45.55,259.0,503.85,98.0,320.0,1.93,8.0,101549.0
20120523:1800,20.32,53.65,73.0,250.05,42.0,315.6,1.52,24.0,101589.0
20120523:1900,18.58,62.15,0.0,0.0,0.0,309.4,1.31,60.0,101609.0
20120523:2000,17.04,72.95,0.0,0.0,0.0,304.0,1.24,97.0,101629.0
20120523:2100,15.93,75.25,0.0,0.0,0.0,301.2,1.31,131.0,101669.0
20120523:2200,14.66,79.7,0.0,0.0,0.0,299.6,1.59,157.0,101669.0
20120523:2300,13.46,84.05,0.0,0.0,0.0,299.0,1.79,167.0,101659.0
20120524:0000,12.56,87.0,0.0,0.0,0.0,299.0,1.79,165.0,101629.0
20120524:0100,11.99,88.2,0.0,0.0,0.0,299.6,1.72,159.0,101589.0
20120524:0200,11.58,88.15,0.0,0.0,0.0,299.8,1.79,155.0,101549.0
20120524:0300,11.35,87.3,0.0,0.0,0.0,301.0,1.79,154.0,101559.0
20120524:0400,11.28,85.55,0.0,0.0,0.0,301.8,1.86,153.0,101539.0
20120524:0500,11.36,84.0,59.0,206.79,37.0,303.2,1.86,154.0,101559.0
20120524:0600,13.85,81.5,243.0,497.16,93.0,306.2,1.38,149.0,101549.0
20120524:0700,19.07,53.3,447.0,651.66,127.0,312.4,1.24,121.0,101569.0
20120524:0800,21.05,49.4,641.0,748.29,146.0,319.4,1.93,96.0,101559.0
20120524:0900,22.39,47.9,802.0,794.79,165.0,325.8,2.9,78.0,101539.0
20120524:1000,23.27,46.7,922.0,830.95,173.0,330.6,3.24,66.0,101519.0
20120524:1100,23.91,46.35,986.0,848.66,176.0,334.6,3.38,59.0,101450.0
20120524:1200,24.34,46.35,1000.0,880.83,157.0,338.0,3.66,53.0,101420.0
20120524:1300,24.42,47.25,936.0,848.17,165.0,340.0,3.93,49.0,101380.0
20120524:1400,24.21,48.65,820.0,812.43,159.0,340.4,4.14,50.0,101340.0
20120524:1500,23.75,50.4,659.0,752.95,149.0,341.4,4.14,52.0,101300.0
20120524:1600,23.08,52.65,463.0,649.68,132.0,348.6,4.0,55.0,101280.0
20120524:1700,22.18,55.8,262.0,513.25,97.0,335.2,3.72,54.0,101260.0
20120524:1800,20.91,61.55,72.0,221.94,44.0,331.2,2.83,53.0,101290.0
20120524:1900,19.17,69.4,0.0,0.0,0.0,325.4,2.21,55.0,101270.0
20120524:2000,18.13,75.05,0.0,0.0,0.0,320.2,1.93,68.0,101320.0
20120524:2100,17.11,81.0,0.0,0.0,0.0,318.0,1.86,81.0,101320.0
20120524:2200,16.52,82.95,0.0,0.0,0.0,316.0,1.72,95.0,101320.0
20120524:2300,16.02,84.75,0.0,0.0,0.0,314.2,1.66,105.0,101270.0
20120525:0000,15.46,86.75,0.0,0.0,0.0,312.6,1.66,116.0,101211.0
20120525:0100,14.8,89.1,0.0,0.0,0.0,311.25,1.52,126.0,101161.0
20120525:0200,13.99,91.5,0.0,0.0,0.0,309.6,1.52,134.0,101121.0
20120525:0300,13.18,93.65,0.0,0.0,0.0,309.0,1.52,144.0,101101.0
20120525:0400,12.46,95.25,0.0,0.0,0.0,308.4,1.52,150.0,101071.0
20120525:0500,12.06,95.9,59.0,203.88,37.0,308.2,1.45,149.0,101061.0
20120525:0600,14.52,91.65,243.0,491.75,94.0,309.8,0.83,123.0,101071.0
20120525:0700,19.15,74.1,445.0,640.06,130.0,317.8,0.83,83.0,101071.0
20120525:0800,21.24,65.75,639.0,733.66,153.0,325.4,1.45,50.0,101081.0
20120525:0900,22.74,60.25,803.0,793.98,166.0,331.4,2.14,40.0,101042.0
20120525:1000,23.78,56.65,918.0,815.82,182.0,336.0,2.9,34.0,100992.0
20120525:1100,24.32,55.45,987.0,847.95,177.0,340.2,3.38,34.0,100972.0
20120525:1200,24.53,55.15,1000.0,881.07,156.0,343.8,3.52,34.0,100982.0
20120525:1300,24.64,54.7,936.0,848.32,164.0,343.6,3.52,34.0,100982.0
20120525:1400,24.53,53.95,817.0,797.73,167.0,345.0,3.45,34.0,100922.0
20120525:1500,24.27,53.55,657.0,739.59,155.0,340.6,3.17,32.0,100932.0
20120525:1600,23.63,55.65,463.0,637.78,137.0,338.4,2.9,34.0,100912.0
20120525:1700,22.61,59.85,211.0,235.01,135.0,332.8,2.62,36.0,100902.0
20120525:1800,21.28,66.3,69.0,179.26,46.0,328.6,2.0,37.0,100902.0
20120525:1900,19.45,76.2,0.0,0.0,0.0,323.6,1.72,45.0,100922.0
20120525:2000,18.28,83.25,0.0,0.0,0.0,318.6,1.59,70.0,100952.0
20120525:2100,17.42,87.55,0.0,0.0,0.0,316.4,1.45,102.0,100982.0
20120525:2200,16.63,90.5,0.0,0.0,0.0,319.6,1.31,131.0,101022.0
20120525:2300,15.81,92.5,0.0,0.0,0.0,316.4,1.31,147.0,101002.0
20120526:0000,14.9,94.7,0.0,0.0,0.0,318.6,1.31,151.0,100982.0
20120526:0100,13.84,97.4,0.0,0.0,0.0,317.05,1.45,152.0,100962.0
20120526:0200,13.29,98.2,0.0,0.0,0.0,316.8,1.59,151.0,100932.0
20120526:0300,13.25,97.75,0.0,0.0,0.0,325.0,1.66,152.0,100902.0
20120526:0400,13.51,96.5,0.0,0.0,0.0,336.2,1.66,157.0,100912.0
20120526:0500,13.53,95.5,15.0,0.0,15.0,334.6,1.59,161.0,100922.0
20120526:0600,15.2,89.3,249.0,529.25,88.0,328.6,1.1,157.0,101032.0
20120526:0700,19.4,71.4,444.0,628.62,134.0,341.2,0.41,166.0,101051.0
20120526:0800,21.9,60.15,636.0,720.65,158.0,350.2,0.07,35.0,101071.0
20120526:0900,23.57,55.95,799.0,779.53,173.0,360.4,0.69,3.0,101081.0
20120526:1000,24.9,50.95,918.0,815.17,182.0,362.8,1.31,359.0,101111.0
20120526:1100,25.79,47.85,987.0,848.33,176.0,357.8,1.72,2.0,101091.0
20120526:1200,26.41,45.65,0.0,0.0,0.0,345.0,2.07,5.0,101081.0
20120526:1300,26.64,44.95,932.0,833.14,173.0,346.0,2.21,5.0,101071.0
20120526:1400,26.57,45.05,814.0,783.1,175.0,345.6,2.28,6.0,101042.0
20120526:1500,26.19,46.45,658.0,741.01,154.0,344.8,2.21,10.0,101061.0
20120526:1600,25.4,49.6,462.0,625.99,141.0,345.4,1.86,18.0,101032.0
20120526:1700,24.66,52.9,260.0,479.59,104.0,336.8,1.72,21.0,101051.0
20120526:1800,23.25,61.05,75.0,230.04,45.0,333.2,1.45,22.0,101051.0
20120526:1900,21.09,71.3,0.0,0.0,0.0,325.4,1.31,56.0,101061.0
20120526:2000,19.71,80.05,0.0,0.0,0.0,320.0,1.45,95.0,101111.0
20120526:2100,18.64,83.5,0.0,0.0,0.0,318.2,1.52,124.0,101121.0
20120526:2200,17.65,86.25,0.0,0.0,0.0,317.2,1.66,143.0,101151.0
20120526:2300,16.6,88.85,0.0,0.0,0.0,317.6,1.72,152.0,101091.0
20120527:0000,15.53,91.8,0.0,0.0,0.0,317.8,1.66,157.0,101051.0
20120527:0100,14.69,93.7,0.0,0.0,0.0,317.65,1.59,157.0,101022.0
20120527:0200,14.14,94.65,0.0,0.0,0.0,320.4,1.52,154.0,101012.0
20120527:0300,13.75,95.25,0.0,0.0,0.0,322.2,1.52,149.0,101012.0
20120527:0400,13.33,95.65,0.0,0.0,0.0,318.0,1.52,152.0,101032.0
20120527:0500,13.16,95.75,59.0,180.71,39.0,318.2,1.45,159.0,101071.0
20120527:0600,15.88,91.0,234.0,422.5,105.0,319.8,0.83,158.0,101131.0
20120527:0700,20.78,67.65,435.0,582.9,147.0,329.4,0.34,268.0,101181.0
20120527:0800,22.79,60.3,623.0,667.08,180.0,332.4,0.69,345.0,101181.0
20120527:0900,24.23,55.15,748.0,617.11,252.0,348.2,1.24,16.0,101181.0
20120527:1000,25.44,49.5,749.0,394.0,393.0,356.6,1.79,25.0,101101.0
20120527:1100,26.38,45.15,977.0,817.39,195.0,347.8,2.34,30.0,101091.0
20120527:1200,27.09,41.8,996.0,864.96,166.0,347.2,2.83,37.0,101042.0
20120527:1300,27.44,40.0,933.0,833.36,173.0,347.8,3.17,42.0,100982.0
20120527:1400,27.46,39.6,810.0,768.54,182.0,348.0,3.17,42.0,100922.0
20120527:1500,26.99,41.3,613.0,575.18,221.0,349.0,2.97,34.0,100892.0
20120527:1600,25.88,46.35,415.0,427.69,195.0,351.2,2.34,26.0,100882.0
20120527:1700,24.94,51.45,263.0,492.17,102.0,345.0,1.86,38.0,100892.0
20120527:1800,23.75,58.4,33.0,7.55,32.0,346.8,1.17,31.0,100912.0
20120527:1900,21.84,68.55,0.0,0.0,0.0,335.8,1.03,333.0,100902.0
20120527:2000,20.28,79.25,0.0,0.0,0.0,330.6,0.55,352.0,100902.0
20120527:2100,19.61,80.25,0.0,0.0,0.0,334.4,0.55,346.0,100932.0
20120527:2200,19.19,83.2,0.0,0.0,0.0,340.4,0.55,289.0,101002.0
20120527:2300,18.11,87.85,0.0,0.0,0.0,339.6,1.03,212.0,101022.0
20120528:0000,17.55,88.95,0.0,0.0,0.0,343.8,1.1,158.0,100932.0
20120528:0100,17.1,89.9,0.0,0.0,0.0,336.65,1.1,175.0,100912.0
20120528:0200,16.89,90.25,0.0,0.0,0.0,333.8,0.97,208.0,100872.0
20120528:0300,17.14,88.55,0.0,0.0,0.0,330.2,0.55,225.0,100862.0
20120528:0400,17.22,88.3,0.0,0.0,0.0,330.0,0.55,170.0,100872.0
20120528:0500,14.99,94.7,39.0,35.74,35.0,333.8,1.38,156.0,100862.0
20120528:0600,17.09,92.3,144.0,62.02,125.0,338.2,0.97,160.0,100842.0
20120528:0700,21.33,76.9,315.0,173.76,229.0,351.4,0.34,248.0,100862.0
20120528:0800,23.35,67.1,454.0,206.07,317.0,361.0,1.31,330.0,100892.0
20120528:0900,24.0,65.4,527.0,160.37,398.0,370.6,2.21,332.0,100902.0
20120528:1000,23.52,68.95,526.0,89.58,445.0,379.8,2.69,335.0,100852.0
20120528:1100,23.78,68.75,483.0,41.78,443.0,385.2,1.86,343.0,100862.0
20120528:1200,24.19,67.15,612.0,133.28,484.0,390.6,1.24,357.0,100882.0
20120528:1300,25.01,64.0,586.0,141.31,457.0,386.4,1.17,354.0,100922.0
20120528:1400,25.72,61.1,401.0,39.11,369.0,389.25,1.17,354.0,100912.0
20120528:1500,25.98,59.6,525.0,325.1,303.0,384.8,2.07,38.0,100793.0
20120528:1600,26.31,58.75,162.0,1.94,161.0,369.6,2.21,44.0,100733.0
20120528:1700,25.33,63.0,200.0,176.33,142.0,367.8,2.34,28.0,100713.0
20120528:1800,23.66,70.7,76.0,200.75,49.0,369.4,2.21,38.0,100713.0
20120528:1900,22.11,78.2,0.0,0.0,0.0,368.8,1.59,68.0,100733.0
20120528:2000,21.54,82.5,0.0,0.0,0.0,366.4,1.38,88.0,100763.0
20120528:2100,20.77,86.4,0.0,0.0,0.0,366.6,1.72,61.0,100783.0
20120528:2200,19.96,89.9,0.0,0.0,0.0,364.0,2.07,60.0,100793.0
20120528:2300,20.0,89.2,0.0,0.0,0.0,363.4,1.45,66.0,100803.0
20120529:0000,19.6,91.3,0.0,0.0,0.0,358.8,0.97,37.0,100763.0
20120529:0100,18.22,96.5,0.0,0.0,0.0,349.65,0.9,354.0,100803.0
20120529:0200,17.6,97.75,0.0,0.0,0.0,342.6,0.83,306.0,100832.0
20120529:0300,17.11,98.6,0.0,0.0,0.0,353.6,1.1,284.0,100813.0
20120529:0400,16.8,99.15,0.0,0.0,0.0,364.2,1.31,288.0,100872.0
20120529:0500,16.61,99.3,31.0,8.84,30.0,355.4,1.38,295.0,100912.0
20120529:0600,17.95,96.75,52.0,0.0,52.0,361.8,1.86,298.0,100962.0
20120529:0700,19.38,88.7,140.0,0.0,140.0,381.2,2.07,304.0,100972.0
20120529:0800,20.53,81.05,129.0,0.0,129.0,375.2,2.48,307.0,101012.0
20120529:0900,21.42,76.6,187.0,0.0,187.0,371.2,2.48,313.0,101051.0
20120529:1000,22.21,73.8,151.0,0.0,151.0,385.2,2.41,316.0,101042.0
20120529:1100,23.34,69.55,215.0,0.0,215.0,376.4,2.28,319.0,101042.0
20120529:1200,24.33,64.9,257.0,0.0,257.0,384.0,2.34,333.0,101022.0
20120529:1300,24.94,61.6,307.0,1.09,306.0,373.0,2.69,346.0,101002.0
20120529:1400,24.76,62.25,511.0,130.59,404.0,367.0,3.17,357.0,100982.0
20120529:1500,24.24,63.95,501.0,270.39,316.0,364.2,3.17,5.0,100982.0
20120529:1600,23.64,65.45,444.0,527.52,171.0,355.4,3.03,16.0,100952.0
20120529:1700,22.75,67.65,252.0,408.22,117.0,351.2,2.62,29.0,100972.0
20120529:1800,21.7,71.1,84.0,278.43,46.0,345.2,2.07,43.0,101002.0
20120529:1900,19.64,78.15,0.0,0.0,0.0,330.2,1.45,47.0,101032.0
20120529:2000,18.8,83.6,0.0,0.0,0.0,324.8,1.38,58.0,101091.0
20120529:2100,17.96,89.85,0.0,0.0,0.0,327.2,1.17,69.0,101151.0
20120529:2200,17.59,91.45,0.0,0.0,0.0,327.0,1.03,87.0,101111.0
20120529:2300,16.94,93.55,0.0,0.0,0.0,322.4,0.97,114.0,101111.0
20120530:0000,16.07,95.5,0.0,0.0,0.0,318.0,1.1,128.0,101141.0
20120530:0100,15.35,96.45,0.0,0.0,0.0,316.65,1.24,136.0,101091.0
20120530:0200,14.55,98.05,0.0,0.0,0.0,316.8,1.45,146.0,101101.0
20120530:0300,13.85,98.95,0.0,0.0,0.0,317.2,1.59,150.0,101111.0
20120530:0400,13.52,99.15,0.0,0.0,0.0,320.4,1.59,146.0,101111.0
20120530:0500,13.83,98.8,63.0,201.46,40.0,333.4,1.38,141.0,101161.0
20120530:0600,15.99,94.8,244.0,467.24,100.0,333.4,0.9,129.0,101221.0
20120530:0700,19.6,81.7,450.0,642.58,131.0,334.2,0.83,87.0,101280.0
20120530:0800,22.1,71.5,642.0,735.66,152.0,328.2,1.52,64.0,101290.0
20120530:0900,24.2,59.9,801.0,779.61,173.0,334.4,2.14,57.0,101300.0
20120530:1000,25.89,50.05,920.0,815.19,182.0,338.0,3.03,53.0,101360.0
20120530:1100,27.04,43.45,989.0,848.1,176.0,342.8,3.79,53.0,101320.0
20120530:1200,27.73,39.05,1004.0,881.68,156.0,344.6,4.28,53.0,101320.0
20120530:1300,27.95,36.8,931.0,817.78,183.0,343.6,4.48,54.0,101270.0
20120530:1400,27.87,35.95,774.0,646.01,244.0,342.8,4.41,56.0,101270.0
20120530:1500,27.51,36.25,463.0,195.49,329.0,342.6,4.28,58.0,101231.0
20120530:1600,26.79,38.1,282.0,86.7,237.0,343.6,4.07,60.0,101231.0
20120530:1700,25.82,41.85,250.0,385.03,122.0,339.4,3.24,62.0,101241.0
20120530:1800,24.54,47.8,83.0,252.86,48.0,336.6,2.41,63.0,101251.0
20120530:1900,22.48,57.75,0.0,0.0,0.0,324.6,2.21,76.0,101290.0
20120530:2000,21.17,65.55,0.0,0.0,0.0,319.6,1.86,94.0,101300.0
20120530:2100,20.19,67.45,0.0,0.0,0.0,317.0,1.86,105.0,101350.0
20120530:2200,19.46,69.0,0.0,0.0,0.0,323.4,1.86,112.0,101380.0
20120530:2300,18.93,69.8,0.0,0.0,0.0,327.2,1.79,114.0,101350.0
20120531:0000,18.44,70.2,0.0,0.0,0.0,325.0,1.86,114.0,101330.0
20120531:0100,17.65,71.7,0.0,0.0,0.0,318.85,1.93,120.0,101260.0
20120531:0200,16.81,73.4,0.0,0.0,0.0,316.6,1.93,129.0,101270.0
20120531:0300,15.96,75.2,0.0,0.0,0.0,315.8,1.93,135.0,101221.0
20120531:0400,15.25,76.6,0.0,0.0,0.0,316.4,1.93,139.0,101251.0
20120531:0500,14.76,78.95,57.0,130.26,42.0,321.8,1.86,140.0,101251.0
20120531:0600,16.39,77.95,124.0,25.89,116.0,323.0,1.38,127.0,101251.0
20120531:0700,21.2,59.9,278.0,100.59,228.0,335.6,1.38,92.0,101320.0
20120531:0800,24.28,46.35,473.0,240.02,313.0,338.4,2.07,69.0,101330.0
20120531:0900,26.23,41.9,471.0,98.01,392.0,336.6,2.83,61.0,101340.0
20120531:1000,27.61,38.95,825.0,557.52,320.0,340.6,3.52,55.0,101330.0
20120531:1100,28.52,36.25,973.0,801.74,204.0,343.4,3.86,51.0,101370.0
20120531:1200,28.97,34.4,955.0,741.84,241.0,347.2,4.21,47.0,101300.0
20120531:1300,28.88,33.85,906.0,742.76,226.0,350.8,4.69,44.0,101260.0
20120531:1400,28.1,35.05,757.0,596.5,267.0,355.6,4.83,48.0,101251.0
20120531:1500,27.03,37.3,474.0,215.51,326.0,360.2,4.34,52.0,101211.0
20120531:1600,24.76,46.72,296.0,105.66,241.0,342.55,2.58,57.0,101231.0
20120531:1700,23.93,50.17,114.0,8.98,111.0,340.04,2.48,59.0,101221.0
20120531:1800,23.1,53.63,52.0,35.64,47.0,337.54,2.39,56.0,101211.0
20120531:1900,22.28,57.09,0.0,0.0,0.0,335.03,2.29,76.0,101191.0
20120531:2000,21.45,60.54,0.0,0.0,0.0,332.53,2.19,89.0,101211.0
20120531:2100,20.62,64.0,0.0,0.0,0.0,330.02,2.1,102.0,101251.0
20120531:2200,19.79,67.45,0.0,0.0,0.0,327.52,2.0,118.0,101251.0
20120531:2300,18.97,70.91,0.0,0.0,0.0,325.01,1.9,133.0,101211.0
20070601:0000,18.14,74.36,0.0,0.0,0.0,322.51,1.8,176.0,101131.0
20070601:0100,17.31,77.82,0.0,0.0,0.0,320.01,1.71,184.0,101141.0
20070601:0200,16.49,81.27,0.0,0.0,0.0,317.5,1.61,187.0,101131.0
20070601:0300,15.66,84.73,0.0,0.0,0.0,315.0,1.51,187.0,101121.0
20070601:0400,14.83,88.18,0.0,0.0,0.0,312.49,1.42,187.0,101141.0
20070601:0500,14.01,91.64,42.0,43.42,37.0,309.99,1.32,189.0,101161.0
20070601:0600,13.18,95.09,168.0,116.51,132.0,307.48,1.22,202.0,101211.0
20070601:0700,12.35,98.55,433.0,577.37,146.0,304.98,1.12,244.0,101251.0
20070601:0800,21.89,52.55,603.0,604.56,200.0,335.0,2.21,274.0,101270.0
20070601:0900,23.4,41.05,808.0,822.57,145.0,330.4,3.1,277.0,101270.0
20070601:1000,24.46,38.3,923.0,845.66,157.0,327.4,3.31,283.0,101251.0
20070601:1100,25.16,37.85,988.0,863.25,160.0,333.2,3.72,293.0,101260.0
20070601:1200,25.32,40.45,986.0,848.85,169.0,335.6,4.07,300.0,101221.0
20070601:1300,25.11,44.25,924.0,817.03,176.0,342.6,4.21,302.0,101251.0
20070601:1400,24.87,46.75,808.0,768.15,177.0,342.8,4.07,303.0,101251.0
20070601:1500,24.35,49.25,641.0,671.29,180.0,349.4,3.93,308.0,101260.0
20070601:1600,23.38,54.65,449.0,555.21,160.0,347.4,3.86,314.0,101300.0
20070601:1700,21.91,64.85,200.0,170.58,143.0,347.2,3.52,322.0,101350.0
20070601:1800,20.48,76.15,66.0,99.78,52.0,346.4,2.9,330.0,101390.0
20070601:1900,19.19,81.7,0.0,0.0,0.0,341.6,2.28,319.0,101440.0
20070601:2000,18.57,86.3,0.0,0.0,0.0,360.4,1.86,322.0,101519.0
20070601:2100,17.97,90.95,0.0,0.0,0.0,350.0,1.31,323.0,101589.0
20070601:2200,17.52,94.0,0.0,0.0,0.0,352.6,1.03,310.0,101589.0
20070601:2300,17.09,95.2,0.0,0.0,0.0,354.0,1.17,298.0,101599.0
20070602:0000,16.44,97.35,0.0,0.0,0.0,344.8,1.38,314.0,101549.0
20070602:0100,15.86,97.5,0.0,0.0,0.0,339.05,1.24,320.0,101539.0
20070602:0200,15.82,97.5,0.0,0.0,0.0,358.8,1.24,324.0,101489.0
20070602:0300,15.43,98.3,0.0,0.0,0.0,347.4,1.1,302.0,101470.0
20070602:0400,15.23,98.45,0.0,0.0,0.0,341.0,1.31,293.0,101460.0
20070602:0500,15.35,98.35,62.0,180.95,41.0,352.6,1.38,289.0,101499.0
20070602:0600,16.17,96.3,57.0,0.0,57.0,349.4,1.38,296.0,101509.0
20070602:0700,17.45,87.3,236.0,48.23,212.0,345.6,1.72,315.0,101519.0
20070602:0800,18.75,73.0,347.0,64.46,304.0,344.8,2.83,339.0,101529.0
20070602:0900,19.71,62.3,718.0,544.37,279.0,339.0,3.31,354.0,101549.0
20070602:1000,20.23,57.85,511.0,79.45,439.0,346.0,3.24,3.0,101489.0
20070602:1100,20.56,55.1,578.0,106.29,476.0,337.8,3.17,9.0,101489.0
20070602:1200,21.02,50.4,902.0,620.9,304.0,341.2,3.31,4.0,101460.0
20070602:1300,21.32,47.6,795.0,480.18,355.0,336.6,3.38,355.0,101420.0
20070602:1400,21.15,48.0,805.0,753.83,185.0,343.6,3.45,350.0,101410.0
20070602:1500,20.84,50.2,656.0,725.33,157.0,335.6,3.52,349.0,101360.0
20070602:1600,20.11,55.2,466.0,624.56,140.0,346.0,3.38,356.0,101350.0
20070602:1700,19.19,61.05,268.0,488.38,104.0,335.8,2.9,5.0,101370.0
20070602:1800,18.31,66.1,83.0,232.15,50.0,328.4,2.48,19.0,101390.0
20070602:1900,16.63,76.75,0.0,0.0,0.0,323.0,1.72,31.0,101380.0
20070602:2000,16.03,80.75,0.0,0.0,0.0,309.4,1.03,63.0,101440.0
20070602:2100,15.48,85.2,0.0,0.0,0.0,319.4,0.76,143.0,101519.0
20070602:2200,14.38,90.0,0.0,0.0,0.0,306.6,1.45,189.0,101539.0
20070602:2300,13.7,91.55,0.0,0.0,0.0,300.2,1.86,193.0,101499.0
20070603:0000,13.14,92.55,0.0,0.0,0.0,298.0,1.79,191.0,101430.0
20070603:0100,12.49,94.0,0.0,0.0,0.0,296.2,1.52,189.0,101400.0
20070603:0200,12.05,94.75,0.0,0.0,0.0,297.2,1.31,196.0,101350.0
20070603:0300,11.47,95.85,0.0,0.0,0.0,300.6,1.31,205.0,101340.0
20070603:0400,11.34,95.4,0.0,0.0,0.0,303.0,1.24,207.0,101340.0
20070603:0500,11.73,93.2,64.0,196.8,41.0,307.6,1.03,203.0,101330.0
20070603:0600,14.15,84.0,246.0,486.55,95.0,307.2,0.55,203.0,101340.0
20070603:0700,17.15,63.95,449.0,648.4,126.0,315.0,0.55,216.0,101340.0
20070603:0800,18.7,52.7,637.0,731.1,149.0,317.4,0.48,283.0,101340.0
20070603:0900,19.93,48.75,800.0,792.0,161.0,323.8,1.17,325.0,101340.0
20070603:1000,20.97,46.7,658.0,242.65,438.0,328.0,1.93,336.0,101340.0
20070603:1100,21.96,44.15,526.0,67.7,461.0,332.8,3.03,349.0,101300.0
20070603:1200,22.34,43.55,960.0,772.0,216.0,344.0,3.31,350.0,101310.0
20070603:1300,22.32,43.8,921.0,801.44,186.0,348.6,3.38,350.0,101270.0
20070603:1400,22.25,43.85,801.0,739.57,192.0,363.0,3.66,350.0,101241.0
20070603:1500,21.98,44.5,632.0,634.1,195.0,359.2,3.93,351.0,101241.0
20070603:1600,21.24,47.2,457.0,578.92,154.0,355.6,3.66,352.0,101241.0
20070603:1700,20.53,50.2,252.0,388.23,121.0,340.6,3.24,352.0,101241.0
20070603:1800,19.41,58.9,74.0,145.89,53.0,324.8,2.55,359.0,101251.0
20070603:1900,18.01,69.5,0.0,0.0,0.0,319.4,1.24,18.0,101270.0
20070603:2000,16.88,81.25,0.0,0.0,0.0,313.0,0.69,12.0,101310.0
20070603:2100,16.74,77.55,0.0,0.0,0.0,312.4,0.21,338.0,101370.0
20070603:2200,16.17,80.8,0.0,0.0,0.0,309.6,0.14,260.0,101390.0
20070603:2300,15.59,84.15,0.0,0.0,0.0,314.0,0.48,226.0,101350.0
20070604:0000,14.48,89.05,0.0,0.0,0.0,307.2,0.97,205.0,101330.0
20070604:0100,13.37,93.05,0.0,0.0,0.0,300.8,1.1,197.0,101280.0
20070604:0200,12.94,94.3,0.0,0.0,0.0,305.0,1.1,188.0,101251.0
20070604:0300,13.0,94.05,0.0,0.0,0.0,314.0,0.97,182.0,101241.0
20070604:0400,12.71,94.25,0.0,0.0,0.0,315.0,1.03,179.0,101260.0
20070604:0500,12.84,94.1,67.0,221.09,41.0,332.8,0.97,179.0,101330.0
20070604:0600,14.47,89.75,182.0,160.82,132.0,339.0,0.76,178.0,101330.0
20070604:0700,16.78,75.45,392.0,401.13,192.0,350.2,0.9,240.0,101360.0
20070604:0800,18.24,65.45,562.0,470.17,248.0,342.4,0.83,283.0,101360.0
20070604:0900,19.61,57.85,770.0,692.56,211.0,332.4,1.17,334.0,101360.0
20070604:1000,20.83,53.3,747.0,395.81,388.0,340.2,1.93,356.0,101320.0
20070604:1100,21.75,50.25,836.0,476.78,378.0,338.0,2.48,2.0,101260.0
20070604:1200,22.22,48.75,982.0,832.72,179.0,345.6,2.97,1.0,101251.0
20070604:1300,22.23,48.4,807.0,502.26,346.0,353.4,3.1,1.0,101211.0
20070604:1400,22.18,47.95,793.0,712.03,206.0,352.4,3.03,4.0,101151.0
20070604:1500,22.16,47.6,598.0,518.59,240.0,340.6,2.97,5.0,101131.0
20070604:1600,21.75,48.7,474.0,649.81,133.0,343.0,2.69,4.0,101111.0
20070604:1700,21.19,50.55,271.0,489.67,105.0,336.8,2.34,7.0,101101.0
20070604:1800,20.35,54.7,83.0,205.91,53.0,328.4,1.79,17.0,101101.0
20070604:1900,19.35,64.75,0.0,0.0,0.0,326.2,1.38,22.0,101121.0
20070604:2000,18.23,73.6,0.0,0.0,0.0,323.8,1.03,52.0,101151.0
20070604:2100,17.11,80.75,0.0,0.0,0.0,322.8,0.97,96.0,101211.0
20070604:2200,16.11,84.65,0.0,0.0,0.0,321.0,1.17,131.0,101241.0
20070604:2300,15.03,88.4,0.0,0.0,0.0,317.8,1.38,155.0,101211.0
20070605:0000,14.11,90.95,0.0,0.0,0.0,316.4,1.52,164.0,101141.0
20070605:0100,13.42,92.45,0.0,0.0,0.0,315.05,1.59,165.0,101101.0
20070605:0200,12.83,93.5,0.0,0.0,0.0,312.4,1.59,160.0,101051.0
20070605:0300,12.36,94.1,0.0,0.0,0.0,310.8,1.66,155.0,100972.0
20070605:0400,12.02,94.15,0.0,0.0,0.0,309.4,1.59,153.0,100962.0
20070605:0500,11.93,93.7,66.0,211.43,41.0,308.0,1.59,151.0,100952.0
20070605:0600,14.75,83.65,0.0,0.0,0.0,309.4,1.17,140.0,100952.0
20070605:0700,19.08,62.85,0.0,0.0,0.0,314.8,1.03,103.0,100932.0
20070605:0800,21.25,53.35,638.0,730.39,150.0,322.2,1.79,74.0,100942.0
20070605:0900,22.83,47.7,809.0,822.36,145.0,328.0,2.55,64.0,100882.0
20070605:1000,24.08,44.85,924.0,844.24,158.0,332.6,3.31,58.0,100783.0
20070605:1100,24.93,43.95,984.0,847.01,170.0,334.8,4.0,55.0,100723.0
20070605:1200,25.4,44.0,983.0,833.28,179.0,336.4,4.55,53.0,100663.0
20070605:1300,25.57,44.6,927.0,817.57,176.0,338.4,4.9,53.0,100613.0
20070605:1400,25.23,46.45,816.0,782.72,170.0,344.0,5.31,52.0,100564.0
20070605:1500,24.71,48.4,660.0,725.99,158.0,343.8,5.52,54.0,100494.0
20070605:1600,23.72,51.55,463.0,591.13,152.0,340.2,5.59,55.0,100434.0
20070605:1700,22.67,55.2,260.0,414.05,119.0,345.4,4.97,58.0,100444.0
20070605:1800,21.78,58.85,56.0,40.71,50.0,341.2,3.24,63.0,100385.0
20070605:1900,20.64,67.15,0.0,0.0,0.0,347.8,3.38,60.0,100375.0
20070605:2000,19.6,73.95,0.0,0.0,0.0,346.0,3.24,58.0,100404.0
20070605:2100,18.93,78.9,0.0,0.0,0.0,352.0,3.24,58.0,100424.0
20070605:2200,18.4,83.5,0.0,0.0,0.0,350.0,2.83,59.0,100474.0
20070605:2300,17.88,88.4,0.0,0.0,0.0,350.2,2.41,51.0,100474.0
20070606:0000,17.31,92.9,0.0,0.0,0.0,347.4,2.21,49.0,100434.0
20070606:0100,16.78,95.7,0.0,0.0,0.0,343.65,2.14,56.0,100404.0
20070606:0200,16.54,96.4,0.0,0.0,0.0,348.2,2.0,62.0,100395.0
20070606:0300,16.73,95.8,0.0,0.0,0.0,365.0,1.72,68.0,100414.0
20070606:0400,16.86,95.5,0.0,0.0,0.0,358.6,1.31,74.0,100404.0
20070606:0500,17.06,94.35,46.0,50.5,40.0,371.0,1.1,71.0,100424.0
20070606:0600,17.99,90.4,197.0,214.88,130.0,375.2,1.17,66.0,100464.0
20070606:0700,19.65,83.2,203.0,20.03,193.0,367.4,2.0,40.0,100454.0
20070606:0800,20.91,76.6,307.0,32.92,285.0,389.0,2.14,41.0,100474.0
20070606:0900,22.1,70.7,356.0,22.29,338.0,385.2,2.41,37.0,100484.0
20070606:1000,23.13,66.15,462.0,47.38,419.0,375.2,2.55,38.0,100474.0
20070606:1100,23.9,63.55,552.0,85.29,470.0,383.2,2.97,37.0,100414.0
20070606:1200,23.87,64.6,613.0,135.7,482.0,391.6,3.52,36.0,100395.0
20070606:1300,23.58,67.05,573.0,128.36,455.0,389.6,3.72,41.0,100365.0
20070606:1400,23.32,69.1,295.0,3.63,292.0,387.0,4.07,38.0,100375.0
20070606:1500,22.33,72.95,285.0,15.88,274.0,383.4,4.0,42.0,100375.0
20070606:1600,21.71,75.65,62.0,0.0,62.0,381.6,3.38,50.0,100404.0
20070606:1700,21.12,78.25,46.0,0.0,46.0,381.0,3.31,53.0,100464.0
20070606:1800,20.47,81.45,35.0,0.0,35.0,377.8,2.83,60.0,100514.0
20070606:1900,19.06,83.8,0.0,0.0,0.0,374.2,2.34,55.0,100474.0
20070606:2000,18.66,86.1,0.0,0.0,0.0,368.6,2.55,66.0,100494.0
20070606:2100,18.47,87.75,0.0,0.0,0.0,369.0,1.59,69.0,100564.0
20070606:2200,18.19,89.6,0.0,0.0,0.0,368.0,1.52,40.0,100604.0
20070606:2300,17.65,92.55,0.0,0.0,0.0,354.0,2.0,47.0,100584.0
20070607:0000,17.23,94.5,0.0,0.0,0.0,349.2,1.72,40.0,100584.0
20070607:0100,17.05,95.2,0.0,0.0,0.0,358.45,1.52,34.0,100604.0
20070607:0200,16.71,96.45,0.0,0.0,0.0,351.6,1.52,38.0,100594.0
20070607:0300,16.82,96.5,0.0,0.0,0.0,366.0,1.45,45.0,100613.0
20070607:0400,16.63,97.45,0.0,0.0,0.0,361.0,1.38,37.0,100633.0
20070607:0500,16.65,97.95,39.0,25.15,36.0,364.8,1.45,41.0,100663.0
20070607:0600,17.43,93.55,73.0,0.0,73.0,367.6,2.0,42.0,100703.0
20070607:0700,18.54,83.45,187.0,12.01,181.0,364.8,2.28,41.0,100753.0
20070607:0800,19.94,74.0,396.0,116.67,318.0,361.8,2.69,42.0,100763.0
20070607:0900,21.29,66.15,360.0,23.52,341.0,365.8,2.76,43.0,100753.0
20070607:1000,22.46,61.2,575.0,137.69,450.0,350.8,2.83,36.0,100713.0
20070607:1100,23.6,57.5,868.0,545.88,343.0,344.0,3.24,28.0,100713.0
20070607:1200,24.14,55.75,930.0,687.46,266.0,345.8,3.66,23.0,100693.0
20070607:1300,24.24,55.35,913.0,771.79,203.0,344.6,3.93,21.0,100683.0
20070607:1400,24.03,55.75,813.0,768.96,177.0,343.8,4.0,24.0,100703.0
20070607:1500,23.64,56.6,666.0,741.01,152.0,340.6,3.79,28.0,100753.0
20070607:1600,23.01,58.35,481.0,663.9,130.0,337.2,3.59,31.0,100773.0
20070607:1700,22.12,61.65,282.0,532.78,99.0,332.6,3.31,34.0,100823.0
20070607:1800,20.91,67.6,90.0,245.63,53.0,327.4,2.83,37.0,100862.0
20070607:1900,19.4,75.15,0.0,0.0,0.0,318.8,2.14,43.0,100912.0
20070607:2000,18.39,80.9,0.0,0.0,0.0,313.2,1.86,47.0,100972.0
20070607:2100,17.47,86.65,0.0,0.0,0.0,310.0,1.59,52.0,101012.0
20070607:2200,16.77,90.0,0.0,0.0,0.0,307.0,1.38,63.0,100972.0
20070607:2300,16.37,92.15,0.0,0.0,0.0,305.0,1.24,82.0,101051.0
20070608:0000,15.67,94.85,0.0,0.0,0.0,303.2,1.03,122.0,101032.0
20070608:0100,14.46,97.35,0.0,0.0,0.0,311.65,1.1,140.0,101032.0
20070608:0200,13.53,98.65,0.0,0.0,0.0,304.4,1.31,147.0,101032.0
20070608:0300,12.86,99.05,0.0,0.0,0.0,308.2,1.38,149.0,101022.0
20070608:0400,12.41,99.1,0.0,0.0,0.0,313.6,1.38,149.0,101051.0
20070608:0500,12.33,98.6,69.0,225.63,42.0,315.8,1.24,149.0,101061.0
20070608:0600,15.21,92.15,251.0,505.79,93.0,319.0,0.83,136.0,101111.0
20070608:0700,18.68,78.85,455.0,672.48,119.0,313.8,1.03,102.0,101141.0
20070608:0800,20.74,65.85,645.0,758.21,138.0,322.6,1.45,68.0,101141.0
20070608:0900,22.74,55.35,809.0,821.81,145.0,324.8,2.34,46.0,101141.0
20070608:1000,24.11,49.15,924.0,844.68,157.0,330.6,3.45,40.0,101151.0
20070608:1100,24.94,45.5,989.0,862.74,159.0,335.2,4.07,42.0,101141.0
20070608:1200,25.42,43.7,989.0,848.57,169.0,338.2,4.48,44.0,101141.0
20070608:1300,25.63,42.95,934.0,833.17,167.0,340.2,4.62,47.0,101111.0
20070608:1400,25.64,42.4,828.0,812.87,155.0,340.2,4.69,50.0,101111.0
20070608:1500,25.39,42.6,674.0,768.69,140.0,339.6,4.69,52.0,101091.0
20070608:1600,24.92,43.65,482.0,664.24,130.0,337.4,4.48,56.0,101091.0
20070608:1700,24.11,46.3,282.0,524.81,101.0,334.0,3.93,57.0,101111.0
20070608:1800,22.88,51.8,93.0,262.86,53.0,330.0,2.83,55.0,101121.0
20070608:1900,20.86,63.3,0.0,0.0,0.0,323.6,2.34,52.0,101121.0
20070608:2000,19.65,70.3,0.0,0.0,0.0,318.2,2.14,63.0,101151.0
20070608:2100,18.65,76.75,0.0,0.0,0.0,315.4,2.14,75.0,101181.0
20070608:2200,17.88,80.8,0.0,0.0,0.0,313.8,1.93,89.0,101201.0
20070608:2300,17.42,82.0,0.0,0.0,0.0,312.4,1.72,104.0,101181.0
20070609:0000,16.82,83.2,0.0,0.0,0.0,310.6,1.52,122.0,101161.0
20070609:0100,15.76,86.25,0.0,0.0,0.0,310.0,1.52,135.0,101151.0
20070609:0200,14.78,88.75,0.0,0.0,0.0,310.2,1.59,135.0,101121.0
20070609:0300,14.03,90.45,0.0,0.0,0.0,309.4,1.66,132.0,101081.0
20070609:0400,13.5,91.1,0.0,0.0,0.0,307.4,1.72,130.0,101071.0
20070609:0500,13.36,90.75,68.0,216.71,42.0,307.8,1.79,127.0,101091.0
20070609:0600,15.96,82.15,247.0,476.7,98.0,309.4,1.52,112.0,101111.0
20070609:0700,20.39,60.65,450.0,648.34,126.0,318.2,1.86,96.0,101091.0
20070609:0800,23.08,48.15,624.0,677.39,171.0,328.2,2.21,84.0,101091.0
20070609:0900,25.34,41.5,787.0,748.7,182.0,334.4,2.69,74.0,101051.0
20070609:1000,27.04,38.65,909.0,798.28,184.0,343.6,3.1,67.0,101061.0
20070609:1100,28.24,37.6,958.0,770.01,217.0,351.2,3.66,60.0,101012.0
20070609:1200,28.8,37.85,963.0,771.65,217.0,357.0,4.41,54.0,100942.0
20070609:1300,28.79,39.05,849.0,597.05,299.0,359.2,5.1,51.0,100882.0
20070609:1400,28.15,41.3,524.0,142.38,406.0,361.6,5.45,53.0,100842.0
20070609:1500,27.53,43.1,614.0,554.84,228.0,360.6,5.31,57.0,100803.0
20070609:1600,26.54,45.9,422.0,412.33,203.0,355.8,5.1,59.0,100773.0
20070609:1700,25.58,48.55,271.0,450.55,115.0,356.0,4.07,62.0,100733.0
20070609:1800,24.6,52.55,88.0,208.26,56.0,351.6,2.9,67.0,100773.0
20070609:1900,22.89,63.55,0.0,0.0,0.0,346.6,2.34,70.0,100783.0
20070609:2000,21.86,69.45,0.0,0.0,0.0,346.8,1.93,85.0,100823.0
20070609:2100,21.12,74.2,0.0,0.0,0.0,350.4,1.72,102.0,100832.0
20070609:2200,20.41,77.4,0.0,0.0,0.0,358.0,2.14,100.0,100743.0
20070609:2300,19.71,80.6,0.0,0.0,0.0,355.2,2.21,100.0,100673.0
20070610:0000,19.0,83.55,0.0,0.0,0.0,348.6,1.93,112.0,100663.0
20070610:0100,18.34,85.7,0.0,0.0,0.0,345.45,1.66,128.0,100703.0
20070610:0200,17.74,86.6,0.0,0.0,0.0,343.6,1.59,141.0,100713.0
20070610:0300,17.34,85.45,0.0,0.0,0.0,343.0,1.59,154.0,100783.0
20070610:0400,17.05,82.8,0.0,0.0,0.0,342.0,1.66,177.0,100803.0
20070610:0500,16.96,81.9,66.0,191.35,43.0,341.2,1.72,204.0,100872.0
20070610:0600,19.49,71.7,195.0,204.69,131.0,344.2,1.86,237.0,100932.0
20070610:0700,22.53,62.7,371.0,326.15,208.0,355.8,1.66,276.0,100972.0
20070610:0800,23.92,62.1,430.0,165.98,319.0,357.4,2.83,292.0,101012.0
20070610:0900,24.48,63.3,432.0,65.59,379.0,365.8,3.86,296.0,101061.0
20070610:1000,24.94,62.2,536.0,100.19,445.0,371.0,3.72,297.0,101141.0
20070610:1100,25.73,59.5,375.0,7.27,368.0,368.8,3.59,307.0,101151.0
20070610:1200,25.83,59.85,266.0,0.0,266.0,374.0,3.93,318.0,101111.0
20070610:1300,25.41,61.55,326.0,3.25,323.0,375.6,4.07,318.0,101081.0
20070610:1400,25.15,62.05,375.0,25.32,354.0,370.8,3.86,317.0,101081.0
20070610:1500,24.95,61.85,326.0,35.89,301.0,368.6,3.52,312.0,101081.0
20070610:1600,24.08,64.5,232.0,30.06,216.0,383.2,2.9,322.0,101051.0
20070610:1700,23.49,66.05,117.0,8.63,114.0,371.6,2.48,320.0,101081.0
20070610:1800,22.53,69.0,31.0,0.0,31.0,367.4,1.45,286.0,101131.0
20070610:1900,20.78,75.0,0.0,0.0,0.0,359.6,0.62,168.0,101161.0
20070610:2000,20.51,77.05,0.0,0.0,0.0,369.4,0.28,185.0,101171.0
20070610:2100,20.03,80.9,0.0,0.0,0.0,366.0,0.83,258.0,101191.0
20070610:2200,19.53,82.2,0.0,0.0,0.0,366.2,1.31,294.0,101241.0
20070610:2300,18.84,86.8,0.0,0.0,0.0,358.0,1.24,277.0,101201.0
20070611:0000,18.38,89.1,0.0,0.0,0.0,352.6,1.38,249.0,101241.0
20070611:0100,18.19,89.95,0.0,0.0,0.0,349.05,1.03,272.0,101131.0
20070611:0200,17.83,92.1,0.0,0.0,0.0,345.4,0.76,281.0,101111.0
20070611:0300,17.41,93.65,0.0,0.0,0.0,342.6,0.76,210.0,101121.0
20070611:0400,16.65,95.75,0.0,0.0,0.0,341.2,1.03,182.0,101181.0
20070611:0500,16.18,97.45,72.0,257.59,41.0,340.6,1.24,178.0,101221.0
20070611:0600,18.56,90.7,221.0,319.78,121.0,346.4,0.69,174.0,101260.0
20070611:0700,20.15,81.85,428.0,546.27,155.0,355.8,0.34,169.0,101300.0
20070611:0800,21.86,72.65,597.0,580.21,209.0,372.6,0.55,241.0,101280.0
20070611:0900,24.04,61.55,783.0,733.82,190.0,363.8,0.83,287.0,101280.0
20070611:1000,25.46,56.7,914.0,813.52,175.0,361.2,1.45,337.0,101231.0
20070611:1100,26.35,54.0,984.0,846.51,169.0,368.6,2.14,348.0,101221.0
20070611:1200,26.85,52.25,990.0,848.55,169.0,369.8,2.83,357.0,101171.0
20070611:1300,26.82,51.5,935.0,832.67,167.0,370.0,3.52,3.0,101121.0
20070611:1400,26.27,51.7,825.0,798.54,162.0,370.8,3.31,5.0,101101.0
20070611:1500,25.8,52.2,670.0,742.54,152.0,371.2,3.31,13.0,101091.0
20070611:1600,25.0,52.95,481.0,643.05,138.0,368.6,2.83,11.0,101032.0
20070611:1700,24.11,54.1,281.0,498.83,107.0,369.2,2.28,24.0,101032.0
20070611:1800,23.27,56.35,94.0,242.89,56.0,362.8,1.93,44.0,101042.0
20070611:1900,21.53,64.2,0.0,0.0,0.0,352.8,1.45,31.0,101071.0
20070611:2000,20.73,69.35,0.0,0.0,0.0,348.4,1.17,52.0,101071.0
20070611:2100,19.97,76.25,0.0,0.0,0.0,345.6,0.9,99.0,101121.0
20070611:2200,19.05,81.55,0.0,0.0,0.0,347.4,0.97,146.0,101101.0
20070611:2300,18.29,86.15,0.0,0.0,0.0,350.2,0.97,128.0,101032.0
20070612:0000,17.8,89.55,0.0,0.0,0.0,352.2,0.9,130.0,100942.0
20070612:0100,18.27,86.65,0.0,0.0,0.0,345.65,0.21,109.0,100942.0
20070612:0200,17.97,88.75,0.0,0.0,0.0,342.8,0.07,37.0,100922.0
20070612:0300,16.44,95.05,0.0,0.0,0.0,345.6,1.17,148.0,100902.0
20070612:0400,16.41,94.85,0.0,0.0,0.0,344.4,1.79,133.0,100902.0
20070612:0500,16.5,95.25,30.0,8.3,29.0,345.2,1.66,140.0,100882.0
20070612:0600,18.71,90.45,215.0,294.23,123.0,346.0,0.34,155.0,100892.0
20070612:0700,21.98,77.1,435.0,578.39,146.0,350.8,1.03,333.0,100942.0
20070612:0800,23.47,71.65,620.0,664.05,176.0,358.6,1.86,348.0,100972.0
20070612:0900,24.57,67.6,787.0,747.47,183.0,364.4,2.34,360.0,100972.0
20070612:1000,25.57,64.0,914.0,813.48,175.0,368.8,2.62,20.0,100892.0
20070612:1100,26.62,59.95,963.0,785.08,207.0,373.2,2.69,36.0,100912.0
20070612:1200,27.34,57.6,895.0,595.12,319.0,377.8,2.83,43.0,100773.0
20070612:1300,27.92,55.4,921.0,786.68,195.0,376.4,2.83,43.0,100673.0
20070612:1400,27.77,55.1,808.0,741.29,192.0,383.0,2.97,30.0,100703.0
20070612:1500,27.4,55.2,585.0,458.12,265.0,385.4,3.45,22.0,100683.0
20070612:1600,26.47,58.05,179.0,3.74,177.0,380.4,2.9,27.0,100773.0
20070612:1700,26.04,59.45,38.0,0.0,38.0,376.4,2.14,36.0,100763.0
20070612:1800,24.99,63.95,30.0,0.0,30.0,384.0,1.59,47.0,100683.0
20070612:1900,23.51,71.0,0.0,0.0,0.0,359.4,2.34,88.0,100584.0
20070612:2000,22.79,75.8,0.0,0.0,0.0,352.8,2.0,101.0,100524.0
20070612:2100,22.11,81.15,0.0,0.0,0.0,355.2,1.52,109.0,100574.0
20070612:2200,21.46,83.5,0.0,0.0,0.0,356.6,1.1,146.0,100623.0
20070612:2300,20.43,87.25,0.0,0.0,0.0,357.4,2.0,170.0,100623.0
20070613:0000,20.16,85.85,0.0,0.0,0.0,358.8,2.14,194.0,100584.0
20070613:0100,19.77,85.2,0.0,0.0,0.0,354.25,2.14,229.0,100584.0
20070613:0200,19.14,87.65,0.0,0.0,0.0,351.0,1.93,250.0,100594.0
20070613:0300,18.61,91.05,0.0,0.0,0.0,355.6,1.45,252.0,100594.0
20070613:0400,18.15,92.7,0.0,0.0,0.0,345.0,1.52,248.0,100613.0
20070613:0500,18.02,93.65,28.0,0.0,28.0,347.8,1.59,245.0,100633.0
20070613:0600,19.57,88.8,88.0,3.2,87.0,364.0,1.38,244.0,100683.0
20070613:0700,20.39,86.8,194.0,16.02,186.0,364.8,2.14,270.0,100733.0
20070613:0800,22.07,79.0,535.0,391.93,273.0,387.0,2.07,282.0,100723.0
20070613:0900,23.86,69.5,765.0,678.25,217.0,368.0,2.07,298.0,100683.0
20070613:1000,25.03,63.6,889.0,738.62,218.0,365.2,2.28,319.0,100653.0
20070613:1100,25.58,61.55,868.0,545.11,343.0,369.0,2.69,336.0,100613.0
20070613:1200,26.01,59.4,985.0,832.48,179.0,377.0,3.1,350.0,100534.0
20070613:1300,25.88,58.7,890.0,700.7,243.0,380.8,3.59,347.0,100504.0
20070613:1400,25.43,57.55,778.0,646.89,240.0,380.4,3.24,347.0,100534.0
20070613:1500,25.05,56.55,102.0,0.0,102.0,375.0,2.62,349.0,100544.0
20070613:1600,24.59,55.9,311.0,121.38,246.0,372.2,2.62,352.0,100534.0
20070613:1700,23.73,56.6,271.0,429.97,120.0,362.8,2.34,359.0,100584.0
20070613:1800,22.83,58.1,89.0,188.67,59.0,367.6,1.59,352.0,100574.0
20070613:1900,21.53,64.35,0.0,0.0,0.0,352.8,1.59,320.0,100604.0
20070613:2000,20.75,69.35,0.0,0.0,0.0,348.0,0.48,303.0,100663.0
20070613:2100,20.29,72.0,0.0,0.0,0.0,348.4,0.48,155.0,100683.0
20070613:2200,19.2,77.75,0.0,0.0,0.0,341.6,0.9,204.0,100733.0
20070613:2300,18.31,82.15,0.0,0.0,0.0,340.6,1.17,205.0,100753.0
20070614:0000,17.45,86.6,0.0,0.0,0.0,338.2,1.45,194.0,100713.0
20070614:0100,16.98,88.65,0.0,0.0,0.0,339.65,1.59,186.0,100723.0
20070614:0200,16.53,90.55,0.0,0.0,0.0,335.0,1.66,178.0,100733.0
20070614:0300,16.19,91.9,0.0,0.0,0.0,333.0,1.72,170.0,100713.0
20070614:0400,15.97,92.5,0.0,0.0,0.0,333.0,1.79,165.0,100723.0
20070614:0500,15.96,92.55,63.0,166.25,43.0,329.8,1.79,163.0,100743.0
20070614:0600,18.25,86.35,236.0,409.73,108.0,331.8,1.31,159.0,100753.0
20070614:0700,22.93,58.45,437.0,588.82,143.0,334.8,1.1,155.0,100783.0
20070614:0800,25.2,44.35,630.0,703.29,160.0,341.2,0.62,166.0,100753.0
20070614:0900,26.84,36.9,799.0,791.0,160.0,347.8,0.48,316.0,100723.0
20070614:1000,28.06,34.0,919.0,827.8,167.0,353.4,1.59,339.0,100713.0
20070614:1100,28.72,33.65,984.0,846.12,169.0,357.0,2.48,347.0,100683.0
20070614:1200,28.86,33.6,985.0,832.24,179.0,358.2,3.52,353.0,100653.0
20070614:1300,28.1,35.0,937.0,832.41,168.0,357.6,4.34,352.0,100633.0
20070614:1400,26.9,37.75,827.0,798.96,162.0,354.8,4.0,344.0,100653.0
20070614:1500,26.18,40.3,669.0,729.78,158.0,352.8,2.83,328.0,100683.0
20070614:1600,25.82,42.1,487.0,656.13,135.0,351.0,1.93,316.0,100693.0
20070614:1700,25.25,44.9,288.0,522.3,104.0,348.6,1.93,318.0,100723.0
20070614:1800,24.15,50.15,98.0,249.69,58.0,343.6,1.52,314.0,100743.0
20070614:1900,22.59,55.55,0.0,0.0,0.0,335.6,0.76,344.0,100813.0
20070614:2000,21.28,68.3,0.0,0.0,0.0,330.4,0.48,122.0,100862.0
20070614:2100,19.78,69.55,0.0,0.0,0.0,327.6,1.52,148.0,100922.0
20070614:2200,18.81,72.45,0.0,0.0,0.0,325.2,1.93,159.0,100952.0
20070614:2300,17.92,76.4,0.0,0.0,0.0,321.8,2.0,165.0,100922.0
20070615:0000,17.19,80.3,0.0,0.0,0.0,319.8,2.07,171.0,100882.0
20070615:0100,16.69,82.85,0.0,0.0,0.0,319.25,2.14,176.0,100872.0
20070615:0200,16.46,83.4,0.0,0.0,0.0,318.8,2.34,178.0,100872.0
20070615:0300,16.42,81.9,0.0,0.0,0.0,318.6,2.41,181.0,100862.0
20070615:0400,16.34,80.45,0.0,0.0,0.0,318.2,2.34,185.0,100882.0
20070615:0500,16.36,78.6,66.0,191.46,43.0,319.2,2.21,202.0,100912.0
20070615:0600,18.92,69.6,248.0,486.94,96.0,325.0,1.93,236.0,100982.0
20070615:0700,23.57,43.8,437.0,589.13,143.0,339.0,2.69,270.0,101061.0
20070615:0800,25.0,37.65,589.0,556.85,217.0,350.0,4.28,269.0,101071.0
20070615:0900,25.91,38.45,764.0,678.5,216.0,356.2,4.62,275.0,101101.0
20070615:1000,26.65,38.95,845.0,618.69,283.0,362.4,4.69,282.0,101101.0
20070615:1100,27.18,39.45,863.0,533.58,349.0,366.6,4.69,289.0,101091.0
20070615:1200,27.29,41.3,991.0,847.5,170.0,367.4,4.76,295.0,101071.0
20070615:1300,26.86,45.15,927.0,802.8,185.0,374.6,4.55,300.0,101032.0
20070615:1400,26.5,48.8,828.0,799.56,162.0,370.4,4.41,303.0,101032.0
20070615:1500,25.91,52.4,674.0,743.22,153.0,365.2,4.21,306.0,101042.0
20070615:1600,25.06,55.7,490.0,669.86,130.0,360.6,3.79,305.0,101051.0
20070615:1700,24.07,58.9,300.0,588.66,92.0,358.6,3.24,299.0,101081.0
20070615:1800,23.0,62.8,107.0,334.73,53.0,357.4,2.55,292.0,101131.0
20070615:1900,21.65,69.85,0.0,0.0,0.0,349.6,1.66,284.0,101161.0
20070615:2000,20.98,73.4,0.0,0.0,0.0,343.8,1.1,262.0,101211.0
20070615:2100,20.17,78.65,0.0,0.0,0.0,340.8,0.97,230.0,101251.0
20070615:2200,19.25,82.65,0.0,0.0,0.0,338.2,1.24,207.0,101280.0
20070615:2300,18.33,86.85,0.0,0.0,0.0,337.8,1.52,189.0,101251.0
20070616:0000,17.64,89.75,0.0,0.0,0.0,337.0,1.59,178.0,101201.0
20070616:0100,17.16,91.5,0.0,0.0,0.0,337.45,1.72,173.0,101151.0
20070616:0200,16.78,92.4,0.0,0.0,0.0,335.6,1.72,174.0,101121.0
20070616:0300,16.43,93.05,0.0,0.0,0.0,333.4,1.72,175.0,101081.0
20070616:0400,16.21,93.15,0.0,0.0,0.0,333.8,1.79,175.0,101101.0
20070616:0500,16.18,92.85,69.0,233.56,41.0,333.6,1.72,174.0,101111.0
20070616:0600,18.4,84.85,253.0,522.69,90.0,336.0,1.38,172.0,101111.0
20070616:0700,23.21,62.0,458.0,695.79,111.0,344.4,0.83,164.0,101111.0
20070616:0800,25.38,47.75,646.0,771.24,131.0,351.8,0.76,237.0,101111.0
20070616:0900,26.86,43.0,812.0,834.73,138.0,358.2,1.38,286.0,101101.0
20070616:1000,28.01,40.25,923.0,843.36,157.0,362.6,1.86,305.0,101081.0
20070616:1100,28.87,38.8,990.0,862.6,159.0,365.6,2.41,318.0,101071.0
20070616:1200,29.35,38.05,996.0,863.81,159.0,367.6,2.83,330.0,101022.0
20070616:1300,29.37,38.6,942.0,848.94,157.0,368.8,3.1,340.0,100972.0
20070616:1400,28.82,40.9,833.0,814.59,154.0,369.2,3.38,346.0,100942.0
20070616:1500,27.77,44.65,678.0,758.09,146.0,369.8,3.38,345.0,100932.0
20070616:1600,26.62,48.65,491.0,670.61,130.0,366.8,2.97,340.0,100932.0
20070616:1700,25.54,52.3,290.0,522.09,105.0,364.8,2.34,336.0,100922.0
20070616:1800,24.39,56.4,105.0,307.91,55.0,362.2,1.66,345.0,100942.0
20070616:1900,22.91,60.6,0.0,0.0,0.0,353.0,0.97,9.0,100952.0
20070616:2000,21.96,66.9,0.0,0.0,0.0,347.4,0.76,51.0,101002.0
20070616:2100,20.78,72.35,0.0,0.0,0.0,344.8,1.1,98.0,101051.0
20070616:2200,19.82,76.75,0.0,0.0,0.0,342.6,1.38,136.0,101002.0
20070616:2300,19.05,80.0,0.0,0.0,0.0,341.4,1.45,156.0,100972.0
20070617:0000,18.4,83.05,0.0,0.0,0.0,341.2,1.38,162.0,100902.0
20070617:0100,17.77,86.5,0.0,0.0,0.0,341.65,1.38,160.0,100862.0
20070617:0200,17.27,88.95,0.0,0.0,0.0,341.2,1.59,154.0,100803.0
20070617:0300,17.0,89.95,0.0,0.0,0.0,340.2,1.72,151.0,100773.0
20070617:0400,16.73,91.05,0.0,0.0,0.0,340.0,1.72,152.0,100753.0
20070617:0500,16.58,92.4,65.0,184.01,43.0,341.2,1.45,155.0,100763.0
20070617:0600,19.47,84.1,245.0,468.75,99.0,344.6,0.76,148.0,100773.0
20070617:0700,23.3,62.95,445.0,634.11,129.0,352.6,0.9,45.0,100793.0
20070617:0800,25.42,55.9,636.0,728.18,150.0,360.4,1.31,51.0,100773.0
20070617:0900,27.59,49.9,803.0,805.26,153.0,366.4,1.72,47.0,100733.0
20070617:1000,29.42,45.8,918.0,828.06,166.0,371.8,2.21,45.0,100653.0
20070617:1100,30.99,42.65,984.0,845.97,169.0,377.2,2.55,36.0,100623.0
20070617:1200,31.76,41.8,986.0,832.68,179.0,382.4,3.31,24.0,100554.0
20070617:1300,31.11,45.35,938.0,833.46,167.0,388.6,4.07,19.0,100534.0
20070617:1400,30.05,50.15,829.0,799.66,162.0,390.4,4.21,20.0,100524.0
20070617:1500,28.89,54.75,661.0,690.41,176.0,389.25,4.14,22.0,100544.0
20070617:1600,27.83,58.7,484.0,634.31,142.0,389.0,3.38,23.0,100564.0
20070617:1700,26.55,63.75,291.0,523.51,105.0,385.0,2.55,5.0,100584.0
20070617:1800,25.09,69.45,73.0,79.57,60.0,376.8,2.0,338.0,100594.0
20070617:1900,22.46,76.25,0.0,0.0,0.0,365.2,1.1,347.0,100623.0
20070617:2000,21.71,79.65,0.0,0.0,0.0,361.8,0.41,22.0,100663.0
20070617:2100,21.02,84.65,0.0,0.0,0.0,355.8,0.41,86.0,100663.0
20070617:2200,20.22,89.1,0.0,0.0,0.0,351.8,0.76,122.0,100653.0
20070617:2300,20.31,87.95,0.0,0.0,0.0,350.0,0.62,145.0,100584.0
20070618:0000,19.53,91.3,0.0,0.0,0.0,347.0,0.76,181.0,100514.0
20070618:0100,18.73,92.9,0.0,0.0,0.0,343.65,1.03,198.0,100474.0
20070618:0200,18.02,92.95,0.0,0.0,0.0,339.6,1.24,214.0,100474.0
20070618:0300,17.5,92.55,0.0,0.0,0.0,336.6,1.59,232.0,100504.0
20070618:0400,17.42,92.1,0.0,0.0,0.0,335.0,2.07,248.0,100534.0
20070618:0500,17.63,92.75,56.0,109.1,43.0,339.0,2.28,261.0,100554.0
20070618:0600,19.61,89.25,224.0,347.24,116.0,355.8,2.14,273.0,100584.0
20070618:0700,22.07,78.65,385.0,381.61,195.0,360.8,1.93,291.0,100643.0
20070618:0800,23.68,71.9,458.0,220.38,311.0,385.0,1.86,298.0,100623.0
20070618:0900,25.46,64.35,751.0,639.48,235.0,378.4,1.72,319.0,100584.0
20070618:1000,27.26,59.0,903.0,781.95,193.0,362.6,1.66,346.0,100524.0
20070618:1100,28.73,55.4,973.0,814.84,188.0,366.0,2.14,360.0,100464.0
20070618:1200,29.39,54.65,980.0,817.06,188.0,370.8,2.9,2.0,100385.0
20070618:1300,29.11,57.1,928.0,801.8,186.0,373.6,3.72,358.0,100325.0
20070618:1400,28.19,61.35,812.0,741.65,193.0,378.8,4.34,358.0,100325.0
20070618:1500,26.58,67.3,654.0,664.14,187.0,381.2,4.07,348.0,100355.0
20070618:1600,25.74,69.4,466.0,553.73,167.0,378.2,2.62,325.0,100365.0
20070618:1700,25.19,69.8,272.0,409.9,126.0,375.8,1.31,330.0,100345.0
20070618:1800,24.38,72.4,89.0,164.32,62.0,373.0,1.24,354.0,100365.0
20070618:1900,23.06,75.35,0.0,0.0,0.0,359.0,1.38,320.0,100434.0
20070618:2000,22.09,81.3,0.0,0.0,0.0,357.0,1.66,301.0,100484.0
20070618:2100,21.23,86.9,0.0,0.0,0.0,349.4,1.79,286.0,100554.0
20070618:2200,20.55,91.2,0.0,0.0,0.0,351.4,2.28,270.0,100623.0
20070618:2300,20.11,94.2,0.0,0.0,0.0,357.8,2.41,263.0,100673.0
20070619:0000,19.81,95.65,0.0,0.0,0.0,358.6,2.41,258.0,100653.0
20070619:0100,19.76,95.15,0.0,0.0,0.0,367.65,2.28,254.0,100653.0
20070619:0200,19.61,94.45,0.0,0.0,0.0,365.8,2.14,250.0,100653.0
20070619:0300,19.53,93.0,0.0,0.0,0.0,373.4,2.14,247.0,100653.0
20070619:0400,19.33,92.5,0.0,0.0,0.0,370.8,2.21,247.0,100663.0
20070619:0500,19.03,92.9,54.0,92.68,43.0,353.2,2.14,242.0,100703.0
20070619:0600,20.02,85.9,228.0,370.34,113.0,347.2,2.21,243.0,100723.0
20070619:0700,22.59,68.7,413.0,492.56,168.0,343.4,2.28,260.0,100743.0
20070619:0800,24.43,59.3,624.0,688.57,165.0,347.6,2.69,276.0,100753.0
20070619:0900,25.9,53.75,793.0,774.88,168.0,352.4,2.97,291.0,100743.0
20070619:1000,27.03,50.35,912.0,811.86,175.0,357.2,3.31,300.0,100773.0
20070619:1100,27.77,48.75,984.0,846.0,169.0,362.0,3.45,306.0,100753.0
20070619:1200,28.32,47.45,986.0,832.41,179.0,364.0,3.38,313.0,100723.0
20070619:1300,28.54,46.95,933.0,817.73,176.0,367.2,3.59,318.0,100683.0
20070619:1400,28.29,47.3,830.0,799.89,162.0,364.8,3.79,319.0,100693.0
20070619:1500,27.6,48.7,677.0,744.53,153.0,363.2,3.52,317.0,100683.0
20070619:1600,26.7,50.85,489.0,647.28,139.0,362.6,2.9,323.0,100693.0
20070619:1700,25.65,54.35,288.0,495.78,111.0,364.4,2.55,339.0,100733.0
20070619:1800,24.38,60.0,99.0,236.11,60.0,358.8,2.07,328.0,100793.0
20070619:1900,22.95,66.05,0.0,0.0,0.0,353.4,1.52,312.0,100842.0
20070619:2000,21.97,72.3,0.0,0.0,0.0,347.8,1.17,303.0,100952.0
20070619:2100,21.19,78.6,0.0,0.0,0.0,346.0,0.97,243.0,101071.0
20070619:2200,20.44,80.55,0.0,0.0,0.0,343.4,1.03,209.0,101111.0
20070619:2300,19.43,85.15,0.0,0.0,0.0,339.4,1.59,185.0,101091.0
20070620:0000,18.82,87.35,0.0,0.0,0.0,337.4,1.72,192.0,101042.0
20070620:0100,18.28,89.45,0.0,0.0,0.0,336.05,1.72,193.0,101032.0
20070620:0200,17.8,90.7,0.0,0.0,0.0,335.0,1.72,193.0,101022.0
20070620:0300,17.42,91.15,0.0,0.0,0.0,334.2,1.72,193.0,101012.0
20070620:0400,17.07,91.2,0.0,0.0,0.0,333.4,1.72,184.0,101022.0
20070620:0500,16.88,91.45,62.0,169.29,42.0,333.4,1.72,175.0,101042.0
20070620:0600,19.11,86.4,239.0,442.0,102.0,335.4,1.1,170.0,101032.0
20070620:0700,24.44,52.05,444.0,633.98,129.0,340.8,0.9,168.0,101061.0
20070620:0800,26.37,39.6,637.0,741.61,143.0,349.4,0.41,274.0,101042.0
20070620:0900,27.75,35.4,801.0,803.77,153.0,355.8,1.1,336.0,101051.0
20070620:1000,28.75,33.8,917.0,827.49,166.0,361.2,1.93,352.0,101012.0
20070620:1100,29.34,33.45,984.0,846.06,169.0,364.2,2.69,354.0,101012.0
20070620:1200,29.47,33.65,986.0,832.31,179.0,366.4,3.1,352.0,100972.0
20070620:1300,29.2,34.9,939.0,832.59,168.0,367.0,3.24,345.0,100962.0
20070620:1400,28.65,37.2,835.0,815.01,154.0,367.0,3.38,333.0,100972.0
20070620:1500,27.83,40.3,677.0,745.32,152.0,365.8,3.45,319.0,100962.0
20070620:1600,27.0,42.7,489.0,646.43,139.0,364.8,3.24,312.0,100962.0
20070620:1700,26.0,45.4,289.0,497.5,111.0,361.8,2.83,315.0,100972.0
20070620:1800,24.81,49.45,100.0,234.97,61.0,357.0,2.0,297.0,101002.0
20070620:1900,23.13,58.3,0.0,0.0,0.0,353.2,2.0,291.0,101032.0
20070620:2000,22.06,64.3,0.0,0.0,0.0,347.8,1.86,282.0,101101.0
20070620:2100,21.4,67.8,0.0,0.0,0.0,343.6,1.59,250.0,101211.0
20070620:2200,20.61,71.95,0.0,0.0,0.0,341.2,1.66,234.0,101251.0
20070620:2300,19.86,74.0,0.0,0.0,0.0,336.2,1.72,206.0,101201.0
20070621:0000,19.21,74.95,0.0,0.0,0.0,333.8,1.93,201.0,101171.0
20070621:0100,18.53,76.75,0.0,0.0,0.0,331.45,1.72,199.0,101161.0
20070621:0200,17.87,79.15,0.0,0.0,0.0,330.0,1.66,202.0,101151.0
20070621:0300,17.33,81.05,0.0,0.0,0.0,329.4,1.52,199.0,101141.0
20070621:0400,16.75,83.65,0.0,0.0,0.0,328.6,1.59,190.0,101171.0
20070621:0500,16.51,85.25,59.0,144.65,42.0,328.6,1.59,177.0,101211.0
20070621:0600,19.01,79.55,232.0,400.88,108.0,330.8,1.1,166.0,101211.0
20070621:0700,23.4,46.25,436.0,598.48,139.0,337.6,0.9,156.0,101251.0
20070621:0800,25.0,40.2,633.0,727.17,149.0,347.6,0.21,321.0,101260.0
20070621:0900,26.3,37.4,796.0,789.28,160.0,350.4,1.52,344.0,101231.0
20070621:1000,27.11,37.2,912.0,811.19,176.0,355.4,2.41,352.0,101201.0
20070621:1100,27.54,37.5,978.0,829.53,179.0,359.0,2.83,357.0,101161.0
20070621:1200,27.75,38.2,980.0,816.77,188.0,361.2,2.83,2.0,101131.0
20070621:1300,27.83,39.3,929.0,802.13,186.0,363.0,2.9,3.0,101071.0
20070621:1400,27.6,41.35,822.0,770.34,178.0,363.4,3.03,1.0,101032.0
20070621:1500,26.98,44.25,663.0,690.83,176.0,363.4,3.03,0.0,101002.0
20070621:1600,26.0,48.0,469.0,555.26,168.0,362.6,2.76,5.0,100972.0
20070621:1700,24.99,51.7,283.0,460.25,118.0,361.2,2.55,16.0,100962.0
20070621:1800,23.9,56.0,92.0,173.96,63.0,357.4,2.07,22.0,100972.0
20070621:1900,22.54,62.25,0.0,0.0,0.0,352.4,1.1,28.0,100972.0
20070621:2000,21.72,67.1,0.0,0.0,0.0,348.0,0.9,10.0,101002.0
20070621:2100,21.16,72.55,0.0,0.0,0.0,343.6,0.28,338.0,101091.0
20070621:2200,19.79,80.35,0.0,0.0,0.0,341.2,0.83,270.0,101101.0
20070621:2300,19.01,84.55,0.0,0.0,0.0,338.2,1.1,242.0,101121.0
20070622:0000,18.4,87.65,0.0,0.0,0.0,336.2,1.17,231.0,101101.0
20070622:0100,17.81,90.1,0.0,0.0,0.0,335.45,1.24,226.0,101032.0
20070622:0200,17.38,91.4,0.0,0.0,0.0,335.2,1.31,218.0,101012.0
20070622:0300,17.13,91.65,0.0,0.0,0.0,334.6,1.31,214.0,101022.0
20070622:0400,16.91,91.9,0.0,0.0,0.0,334.2,1.31,212.0,101042.0
20070622:0500,17.1,91.65,50.0,77.03,41.0,345.4,1.24,214.0,101071.0
20070622:0600,19.41,85.1,170.0,126.37,131.0,350.8,1.03,253.0,101101.0
20070622:0700,21.11,79.15,390.0,407.58,188.0,364.0,2.14,291.0,101131.0
20070622:0800,22.09,73.75,588.0,565.38,212.0,373.8,2.07,299.0,101131.0
20070622:0900,23.18,68.0,753.0,651.89,228.0,356.8,2.07,309.0,101131.0
20070622:1000,24.79,59.75,867.0,683.56,247.0,380.2,2.14,320.0,101061.0
20070622:1100,26.07,53.2,946.0,739.29,234.0,366.8,2.21,332.0,101032.0
20070622:1200,26.87,49.6,953.0,741.44,234.0,364.2,2.69,341.0,101002.0
20070622:1300,27.05,48.7,889.0,688.6,251.0,366.4,3.17,348.0,100982.0
20070622:1400,26.72,49.75,787.0,661.18,234.0,367.2,3.1,352.0,100972.0
20070622:1500,26.12,51.85,638.0,603.86,212.0,368.6,2.83,2.0,100942.0
20070622:1600,25.4,54.55,462.0,525.16,177.0,369.6,2.9,16.0,100912.0
20070622:1700,24.64,57.45,227.0,206.04,153.0,364.8,3.1,24.0,100912.0
20070622:1800,23.51,61.0,95.0,191.2,63.0,357.6,2.28,26.0,100942.0
20070622:1900,21.93,68.15,0.0,0.0,0.0,347.6,1.86,37.0,100942.0
20070622:2000,20.98,74.35,0.0,0.0,0.0,344.0,1.86,53.0,100982.0
20070622:2100,20.46,77.9,0.0,0.0,0.0,344.2,1.59,51.0,101032.0
20070622:2200,19.82,82.6,0.0,0.0,0.0,347.2,1.45,25.0,101012.0
20070622:2300,19.21,87.45,0.0,0.0,0.0,344.6,1.45,45.0,101002.0
20070623:0000,18.86,90.1,0.0,0.0,0.0,351.8,1.86,60.0,101002.0
20070623:0100,19.05,89.45,0.0,0.0,0.0,346.45,1.24,62.0,100962.0
20070623:0200,18.36,93.3,0.0,0.0,0.0,346.2,1.59,48.0,100972.0
20070623:0300,18.05,94.6,0.0,0.0,0.0,344.8,1.93,63.0,100962.0
20070623:0400,17.93,95.35,0.0,0.0,0.0,354.8,2.07,70.0,100952.0
20070623:0500,17.95,95.45,12.0,0.0,12.0,356.6,2.0,70.0,100952.0
20070623:0600,19.19,90.05,103.0,9.74,100.0,365.2,2.55,70.0,100972.0
20070623:0700,21.46,79.95,262.0,82.84,221.0,377.8,3.31,72.0,100982.0
20070623:0800,23.22,72.75,571.0,510.21,232.0,381.8,3.59,69.0,100952.0
20070623:0900,25.07,65.95,773.0,716.88,196.0,376.8,3.79,61.0,100902.0
20070623:1000,27.23,59.0,896.0,766.52,201.0,367.2,4.14,53.0,100922.0
20070623:1100,28.52,55.75,962.0,784.06,207.0,368.0,4.83,46.0,100823.0
20070623:1200,28.98,55.0,975.0,801.23,198.0,372.6,5.45,44.0,100773.0
20070623:1300,28.8,56.05,919.0,772.62,203.0,383.0,5.93,43.0,100773.0
20070623:1400,28.29,58.4,774.0,622.66,253.0,384.6,5.72,41.0,100763.0
20070623:1500,27.41,62.1,381.0,75.08,328.0,387.0,4.69,41.0,100773.0
20070623:1600,26.58,65.65,293.0,86.52,246.0,390.6,3.45,50.0,100793.0
20070623:1700,25.84,68.4,201.0,125.09,156.0,395.25,2.62,59.0,100743.0
20070623:1800,25.06,71.45,48.0,5.95,47.0,387.0,2.41,68.0,100763.0
20070623:1900,23.31,78.65,0.0,0.0,0.0,385.0,1.59,64.0,100743.0
20070623:2000,22.4,83.0,0.0,0.0,0.0,375.2,2.07,81.0,100733.0
20070623:2100,22.04,85.25,0.0,0.0,0.0,364.0,1.86,112.0,100743.0
20070623:2200,21.62,87.7,0.0,0.0,0.0,366.8,2.0,124.0,100723.0
20070623:2300,21.47,87.35,0.0,0.0,0.0,374.0,2.0,134.0,100703.0
20070624:0000,21.31,82.8,0.0,0.0,0.0,363.0,1.59,168.0,100653.0
20070624:0100,20.8,79.25,0.0,0.0,0.0,353.65,1.52,235.0,100604.0
20070624:0200,20.16,80.4,0.0,0.0,0.0,353.8,1.31,246.0,100633.0
20070624:0300,20.18,76.75,0.0,0.0,0.0,346.6,1.17,210.0,100643.0
20070624:0400,19.71,73.9,0.0,0.0,0.0,347.8,1.31,186.0,100693.0
20070624:0500,19.29,72.7,46.0,60.74,39.0,344.4,1.38,198.0,100743.0
20070624:0600,21.07,72.1,161.0,100.96,130.0,354.2,1.1,218.0,100783.0
20070624:0700,25.45,49.95,400.0,453.3,176.0,344.8,1.24,251.0,100842.0
20070624:0800,28.28,44.0,594.0,589.05,203.0,379.8,1.24,272.0,100862.0
20070624:0900,29.75,41.7,735.0,601.71,251.0,387.6,1.45,296.0,100852.0
20070624:1000,32.07,38.05,680.0,280.25,426.0,382.0,1.72,310.0,100832.0
20070624:1100,33.23,38.35,945.0,739.54,233.0,386.8,2.28,319.0,100813.0
20070624:1200,32.81,43.25,938.0,700.17,259.0,401.45,3.03,330.0,100753.0
20070624:1300,31.08,51.25,618.0,171.54,459.0,403.45,3.38,333.0,100783.0
20070624:1400,29.44,57.15,295.0,3.58,292.0,409.85,2.76,340.0,100862.0
20070624:1500,28.37,60.7,201.0,0.0,201.0,405.45,2.9,330.0,100912.0
20070624:1600,27.31,63.1,399.0,307.13,232.0,394.6,2.07,317.0,100952.0
20070624:1700,26.98,63.2,122.0,8.33,119.0,389.0,0.41,338.0,100922.0
20070624:1800,26.7,63.6,102.0,231.51,63.0,384.4,0.76,304.0,100922.0
20070624:1900,25.52,63.7,0.0,0.0,0.0,374.8,0.62,328.0,100972.0
20070624:2000,24.14,71.0,0.0,0.0,0.0,360.4,0.83,318.0,100972.0
20070624:2100,23.58,74.1,0.0,0.0,0.0,360.2,0.14,280.0,101012.0
20070624:2200,23.06,77.0,0.0,0.0,0.0,357.2,0.28,254.0,101012.0
20070624:2300,22.48,80.4,0.0,0.0,0.0,356.4,0.34,299.0,100982.0
20070625:0000,21.71,84.6,0.0,0.0,0.0,359.8,0.69,274.0,100972.0
20070625:0100,21.26,87.35,0.0,0.0,0.0,354.25,0.76,237.0,100952.0
20070625:0200,19.69,92.65,0.0,0.0,0.0,346.0,1.24,185.0,100972.0
20070625:0300,19.78,91.85,0.0,0.0,0.0,343.2,1.03,185.0,100932.0
20070625:0400,20.17,89.2,0.0,0.0,0.0,341.4,0.83,226.0,100982.0
20070625:0500,19.61,90.15,10.0,0.0,10.0,341.0,0.97,249.0,101032.0
20070625:0600,20.39,91.1,199.0,241.68,125.0,344.6,0.76,263.0,101061.0
20070625:0700,23.56,78.55,341.0,251.34,217.0,358.4,0.0,38.0,101071.0
20070625:0800,26.23,66.6,606.0,634.91,185.0,362.2,0.48,17.0,101051.0
20070625:0900,28.56,57.0,755.0,663.08,222.0,373.4,1.24,2.0,100992.0
20070625:1000,30.14,51.95,675.0,271.53,429.0,377.4,1.86,1.0,100932.0
20070625:1100,31.08,49.55,956.0,768.79,216.0,377.2,2.55,0.0,100902.0
20070625:1200,31.3,49.4,853.0,499.11,369.0,381.4,3.17,0.0,100832.0
20070625:1300,30.62,51.2,628.0,183.38,458.0,396.85,4.07,1.0,100813.0
20070625:1400,29.17,53.7,641.0,310.52,381.0,396.45,3.59,356.0,100823.0
20070625:1500,27.93,53.75,629.0,568.81,227.0,393.05,2.28,346.0,100852.0
20070625:1600,27.3,52.9,400.0,306.88,233.0,397.85,1.1,17.0,100803.0
20070625:1700,27.2,52.55,210.0,146.92,157.0,395.4,1.38,74.0,100862.0
20070625:1800,26.82,53.7,23.0,0.0,23.0,389.05,1.24,34.0,100733.0
20070625:1900,25.98,52.25,0.0,0.0,0.0,387.2,1.03,65.0,100723.0
20070625:2000,24.75,58.8,0.0,0.0,0.0,384.2,1.79,315.0,100823.0
20070625:2100,23.52,65.15,0.0,0.0,0.0,376.6,1.38,327.0,100852.0
20070625:2200,23.13,67.25,0.0,0.0,0.0,376.8,0.14,299.0,100892.0
20070625:2300,22.57,70.85,0.0,0.0,0.0,363.6,0.48,233.0,100872.0
20070626:0000,22.47,71.05,0.0,0.0,0.0,359.2,0.34,200.0,100832.0
20070626:0100,22.08,73.15,0.0,0.0,0.0,354.85,0.62,247.0,100832.0
20070626:0200,21.77,75.05,0.0,0.0,0.0,350.8,0.21,253.0,100813.0
20070626:0300,21.37,76.85,0.0,0.0,0.0,351.4,0.48,112.0,100823.0
20070626:0400,20.16,81.8,0.0,0.0,0.0,351.0,0.97,99.0,100842.0
20070626:0500,19.6,84.15,6.0,0.0,6.0,353.2,1.1,106.0,100882.0
20070626:0600,20.74,83.55,176.0,153.96,129.0,347.8,0.83,99.0,100892.0
20070626:0700,23.83,66.65,413.0,509.63,162.0,358.8,1.38,65.0,100932.0
20070626:0800,25.04,61.45,612.0,659.76,175.0,360.2,1.38,57.0,100912.0
20070626:0900,26.3,56.5,780.0,744.48,182.0,367.2,1.66,29.0,100912.0
20070626:1000,27.47,52.2,894.0,765.28,201.0,369.8,2.21,15.0,100962.0
20070626:1100,28.21,50.15,961.0,783.52,207.0,373.4,2.9,10.0,100882.0
20070626:1200,28.46,49.8,980.0,815.73,189.0,373.4,3.38,8.0,100872.0
20070626:1300,28.15,51.25,924.0,787.38,194.0,371.8,3.79,2.0,100862.0
20070626:1400,27.42,53.75,828.0,785.62,170.0,370.0,3.59,359.0,100882.0
20070626:1500,26.75,55.7,673.0,718.45,165.0,368.6,3.03,358.0,100882.0
20070626:1600,26.13,57.7,437.0,426.01,205.0,366.0,2.55,360.0,100852.0
20070626:1700,25.38,60.65,275.0,404.27,129.0,362.4,2.21,4.0,100862.0
20070626:1800,24.3,65.2,89.0,141.79,65.0,360.8,2.0,12.0,100882.0
20070626:1900,22.52,71.25,0.0,0.0,0.0,353.6,1.72,1.0,100902.0
20070626:2000,21.65,75.75,0.0,0.0,0.0,351.6,1.38,17.0,100972.0
20070626:2100,20.97,79.25,0.0,0.0,0.0,344.0,1.31,34.0,101022.0
20070626:2200,20.44,81.55,0.0,0.0,0.0,350.6,1.31,55.0,101051.0
20070626:2300,19.88,84.4,0.0,0.0,0.0,352.2,1.31,90.0,101032.0
20070627:0000,19.57,85.35,0.0,0.0,0.0,356.6,1.24,116.0,100972.0
20070627:0100,19.34,86.15,0.0,0.0,0.0,349.05,0.9,121.0,100892.0
20070627:0200,18.68,88.95,0.0,0.0,0.0,333.0,0.83,131.0,100862.0
20070627:0300,18.3,90.05,0.0,0.0,0.0,327.6,0.76,116.0,100823.0
20070627:0400,17.61,92.6,0.0,0.0,0.0,329.2,0.97,110.0,100823.0
20070627:0500,17.46,93.25,57.0,151.3,40.0,338.4,0.97,101.0,100862.0
20070627:0600,19.5,85.4,225.0,381.22,109.0,353.0,1.17,71.0,100872.0
20070627:0700,21.42,76.3,423.0,561.41,147.0,358.2,1.59,59.0,100902.0
20070627:0800,22.82,68.6,531.0,399.04,267.0,355.8,2.0,57.0,100862.0
20070627:0900,24.31,61.65,563.0,224.26,383.0,362.0,2.34,47.0,100823.0
20070627:1000,25.61,56.95,791.0,498.28,340.0,361.6,2.97,39.0,100773.0
20070627:1100,26.67,53.2,861.0,532.19,349.0,354.8,3.45,38.0,100773.0
20070627:1200,27.34,50.95,932.0,685.86,267.0,357.8,3.86,37.0,100723.0
20070627:1300,27.66,49.85,929.0,802.42,185.0,360.0,4.07,36.0,100683.0
20070627:1400,27.57,49.85,829.0,785.44,171.0,361.6,4.28,34.0,100693.0
20070627:1500,26.98,51.3,677.0,732.29,159.0,361.8,4.55,36.0,100693.0
20070627:1600,26.05,53.75,493.0,649.64,139.0,359.2,4.69,39.0,100703.0
20070627:1700,24.9,57.5,296.0,520.08,108.0,355.0,4.69,44.0,100723.0
20070627:1800,23.5,63.6,110.0,306.68,58.0,349.6,4.07,48.0,100743.0
20070627:1900,21.77,73.7,0.0,0.0,0.0,345.4,3.38,52.0,100753.0
20070627:2000,20.87,78.95,0.0,0.0,0.0,341.8,3.1,53.0,100813.0
20070627:2100,20.22,82.9,0.0,0.0,0.0,339.4,2.76,54.0,100862.0
20070627:2200,19.67,86.15,0.0,0.0,0.0,337.0,2.55,55.0,100892.0
20070627:2300,19.26,88.45,0.0,0.0,0.0,340.0,2.28,56.0,100902.0
20070628:0000,18.84,90.5,0.0,0.0,0.0,338.2,2.41,58.0,100872.0
20070628:0100,18.61,91.75,0.0,0.0,0.0,343.65,2.41,57.0,100852.0
20070628:0200,18.64,91.4,0.0,0.0,0.0,357.2,2.41,59.0,100842.0
20070628:0300,18.54,91.8,0.0,0.0,0.0,354.6,2.62,66.0,100813.0
20070628:0400,18.46,91.95,0.0,0.0,0.0,355.0,2.55,71.0,100813.0
20070628:0500,18.48,91.95,51.0,98.86,40.0,357.4,2.41,74.0,100832.0
20070628:0600,19.51,85.7,203.0,270.4,121.0,360.4,3.45,78.0,100832.0
20070628:0700,21.51,78.05,399.0,460.59,173.0,361.2,3.79,69.0,100882.0
20070628:0800,23.15,69.9,574.0,531.18,223.0,381.0,4.07,66.0,100882.0
20070628:0900,24.76,63.2,770.0,715.72,196.0,388.6,4.28,59.0,100872.0
20070628:1000,26.01,59.3,898.0,780.42,192.0,378.6,4.97,52.0,100862.0
20070628:1100,26.62,57.6,965.0,798.52,197.0,380.0,5.59,53.0,100823.0
20070628:1200,27.09,56.25,969.0,785.99,207.0,379.0,5.93,51.0,100793.0
20070628:1300,26.98,56.7,914.0,758.17,211.0,376.8,5.93,50.0,100803.0
20070628:1400,26.78,57.15,806.0,714.87,207.0,376.4,5.59,54.0,100813.0
20070628:1500,26.63,57.1,651.0,640.19,198.0,375.8,5.24,58.0,100832.0
20070628:1600,26.37,57.45,464.0,526.41,177.0,374.0,5.03,59.0,100842.0
20070628:1700,25.75,59.0,274.0,398.06,130.0,373.2,5.38,55.0,100832.0
20070628:1800,24.37,63.7,100.0,217.94,63.0,366.4,4.83,52.0,100803.0
20070628:1900,22.3,72.45,0.0,0.0,0.0,357.6,3.66,50.0,100842.0
20070628:2000,21.33,77.55,0.0,0.0,0.0,353.6,3.24,44.0,100942.0
20070628:2100,20.63,81.8,0.0,0.0,0.0,350.8,2.83,42.0,101042.0
20070628:2200,20.08,85.3,0.0,0.0,0.0,349.0,2.55,44.0,101061.0
20070628:2300,19.78,87.4,0.0,0.0,0.0,353.8,2.34,46.0,101071.0
20070629:0000,19.5,89.25,0.0,0.0,0.0,354.2,2.14,46.0,101081.0
20070629:0100,19.55,89.0,0.0,0.0,0.0,373.45,1.86,45.0,101081.0
20070629:0200,19.51,87.8,0.0,0.0,0.0,376.8,1.79,49.0,101071.0
20070629:0300,19.36,88.75,0.0,0.0,0.0,373.8,1.59,59.0,101051.0
20070629:0400,19.27,89.4,0.0,0.0,0.0,373.8,1.45,53.0,101091.0
20070629:0500,19.07,91.25,52.0,118.06,39.0,367.0,1.24,46.0,101141.0
20070629:0600,19.94,85.8,205.0,281.31,120.0,389.4,1.31,36.0,101201.0
20070629:0700,21.63,79.2,277.0,112.31,222.0,397.45,2.0,28.0,101251.0
20070629:0800,22.92,72.9,556.0,477.31,241.0,386.0,2.55,35.0,101300.0
20070629:0900,24.51,65.5,765.0,701.35,203.0,391.8,3.1,41.0,101300.0
20070629:1000,26.25,57.4,868.0,693.47,241.0,383.0,3.66,43.0,101290.0
20070629:1100,26.88,54.9,834.0,475.32,377.0,388.4,3.86,40.0,101270.0
20070629:1200,27.6,51.95,820.0,434.32,399.0,379.8,3.93,41.0,101211.0
20070629:1300,27.98,50.35,884.0,675.13,258.0,382.4,4.0,39.0,101161.0
20070629:1400,28.03,49.8,820.0,756.54,186.0,382.6,4.21,37.0,101161.0
20070629:1500,27.65,50.45,670.0,705.0,171.0,381.2,4.48,40.0,101161.0
20070629:1600,26.95,51.95,486.0,614.21,151.0,377.4,4.62,42.0,101131.0
20070629:1700,26.09,54.1,287.0,464.14,119.0,371.4,4.41,47.0,101141.0
20070629:1800,24.88,58.7,101.0,217.76,64.0,365.2,3.72,45.0,101141.0
20070629:1900,22.62,68.65,0.0,0.0,0.0,350.6,2.48,48.0,101161.0
20070629:2000,21.71,73.95,0.0,0.0,0.0,345.0,2.21,45.0,101191.0
20070629:2100,21.01,78.4,0.0,0.0,0.0,342.8,2.0,44.0,101260.0
20070629:2200,20.36,82.8,0.0,0.0,0.0,340.8,1.66,49.0,101231.0
20070629:2300,20.03,85.0,0.0,0.0,0.0,340.0,1.24,58.0,101221.0
20070630:0000,19.61,87.7,0.0,0.0,0.0,339.4,1.1,69.0,101221.0
20070630:0100,19.04,90.85,0.0,0.0,0.0,339.45,1.03,91.0,101161.0
20070630:0200,18.59,92.65,0.0,0.0,0.0,339.6,0.97,102.0,101091.0
20070630:0300,18.24,93.75,0.0,0.0,0.0,339.8,1.03,97.0,101081.0
20070630:0400,18.19,93.7,0.0,0.0,0.0,340.2,1.24,84.0,101091.0
20070630:0500,18.35,93.4,51.0,110.19,39.0,341.4,1.38,78.0,101121.0
20070630:0600,19.51,90.15,211.0,318.92,115.0,348.6,1.31,70.0,101151.0
20070630:0700,22.65,75.8,420.0,560.71,146.0,366.4,1.66,56.0,101201.0
20070630:0800,24.59,67.5,619.0,697.95,159.0,368.6,1.93,47.0,101191.0
20070630:0900,26.49,60.2,785.0,771.92,167.0,375.2,2.69,40.0,101191.0
20070630:1000,27.98,55.1,902.0,794.58,184.0,381.6,3.45,41.0,101131.0
20070630:1100,29.13,51.4,964.0,798.03,197.0,385.4,3.93,44.0,101091.0
20070630:1200,30.02,48.5,968.0,785.22,207.0,388.2,4.14,44.0,101071.0
20070630:1300,30.39,47.2,829.0,537.1,331.0,391.4,4.28,44.0,101012.0
20070630:1400,30.48,46.45,793.0,672.95,229.0,392.0,4.34,44.0,100992.0
20070630:1500,30.13,46.65,670.0,706.27,170.0,391.85,4.07,47.0,101002.0
20070630:1600,27.79,58.73,497.0,661.68,136.0,385.5,2.28,46.0,100972.0
20070630:1700,27.04,60.98,286.0,455.68,121.0,382.77,2.24,43.0,100952.0
20070630:1800,26.28,63.24,102.0,229.45,63.0,380.05,2.21,39.0,100942.0
20070630:1900,25.53,65.5,0.0,0.0,0.0,377.32,2.18,38.0,100972.0
20070630:2000,24.77,67.76,0.0,0.0,0.0,374.6,2.14,50.0,100952.0
20070630:2100,24.01,70.02,0.0,0.0,0.0,371.87,2.11,60.0,100972.0
20070630:2200,23.26,72.28,0.0,0.0,0.0,369.14,2.08,73.0,100912.0
20070630:2300,22.5,74.54,0.0,0.0,0.0,366.42,2.04,133.0,100912.0
20130701:0000,21.75,76.8,0.0,0.0,0.0,363.69,2.01,78.0,101081.0
20130701:0100,20.99,79.06,0.0,0.0,0.0,360.97,1.98,81.0,101002.0
20130701:0200,20.24,81.32,0.0,0.0,0.0,358.24,1.94,82.0,100942.0
20130701:0300,19.48,83.58,0.0,0.0,0.0,355.52,1.91,85.0,100922.0
20130701:0400,18.73,85.83,0.0,0.0,0.0,352.79,1.88,92.0,100922.0
20130701:0500,17.97,88.09,59.0,195.12,38.0,350.07,1.84,98.0,100962.0
20130701:0600,17.21,90.35,185.0,200.12,125.0,347.34,1.81,85.0,100982.0
20130701:0700,16.46,92.61,291.0,143.56,221.0,344.62,1.78,67.0,101002.0
20130701:0800,23.54,63.2,575.0,550.02,213.0,370.8,2.34,58.0,101042.0
20130701:0900,25.21,58.45,728.0,598.85,249.0,374.4,2.76,53.0,101012.0
20130701:1000,26.46,55.95,846.0,642.25,266.0,384.6,3.1,47.0,101002.0
20130701:1100,27.44,54.4,931.0,711.95,247.0,385.6,3.38,43.0,101012.0
20130701:1200,27.94,54.1,956.0,756.49,223.0,386.8,3.79,42.0,100962.0
20130701:1300,27.86,55.75,579.0,130.51,458.0,391.2,4.14,37.0,100982.0
20130701:1400,27.26,58.3,654.0,338.85,370.0,390.45,4.28,37.0,100942.0
20130701:1500,26.64,60.35,520.0,283.88,319.0,386.6,4.0,40.0,100922.0
20130701:1600,25.83,62.1,468.0,540.6,173.0,383.2,3.24,40.0,100902.0
20130701:1700,25.05,64.25,233.0,220.9,153.0,382.0,2.55,45.0,100902.0
20130701:1800,24.33,67.1,99.0,205.93,64.0,380.4,2.07,53.0,100902.0
20130701:1900,22.66,74.5,0.0,0.0,0.0,373.4,1.72,63.0,100922.0
20130701:2000,21.9,79.0,0.0,0.0,0.0,375.0,1.79,49.0,100912.0
20130701:2100,21.17,84.05,0.0,0.0,0.0,373.6,1.79,44.0,101012.0
20130701:2200,20.61,88.8,0.0,0.0,0.0,371.8,1.31,52.0,101071.0
20130701:2300,20.42,89.6,0.0,0.0,0.0,371.2,1.03,82.0,101051.0
20130702:0000,19.72,93.55,0.0,0.0,0.0,364.2,1.17,101.0,101091.0
20130702:0100,19.39,94.55,0.0,0.0,0.0,368.85,1.31,104.0,101032.0
20130702:0200,18.99,94.9,0.0,0.0,0.0,361.0,1.45,121.0,101002.0
20130702:0300,18.51,95.05,0.0,0.0,0.0,355.2,1.24,132.0,100952.0
20130702:0400,17.92,95.3,0.0,0.0,0.0,352.4,1.03,150.0,100992.0
20130702:0500,17.71,93.65,44.0,65.86,37.0,349.8,0.97,171.0,101022.0
20130702:0600,19.8,86.75,148.0,83.73,123.0,352.2,0.76,139.0,101091.0
20130702:0700,21.93,85.45,381.0,409.05,182.0,386.6,1.03,66.0,101101.0
20130702:0800,23.84,75.0,597.0,629.94,183.0,386.0,1.1,70.0,101091.0
20130702:0900,26.05,65.0,760.0,699.54,201.0,377.2,1.31,49.0,101061.0
20130702:1000,27.77,57.95,884.0,750.14,207.0,377.6,2.07,31.0,100982.0
20130702:1100,28.69,54.85,962.0,798.67,195.0,384.4,2.69,21.0,101002.0
20130702:1200,28.95,54.45,972.0,801.06,196.0,389.6,2.55,18.0,101061.0
20130702:1300,28.63,55.85,928.0,802.56,184.0,403.85,3.17,22.0,101012.0
20130702:1400,28.15,57.95,814.0,742.13,192.0,403.05,3.17,32.0,100942.0
20130702:1500,28.09,58.2,665.0,689.19,177.0,393.25,2.83,36.0,100922.0
20130702:1600,27.76,59.55,484.0,608.36,152.0,396.25,2.62,35.0,100922.0
20130702:1700,26.79,63.65,285.0,455.61,120.0,393.85,2.21,24.0,100922.0
20130702:1800,25.15,70.85,112.0,317.91,58.0,379.4,2.48,34.0,100942.0
20130702:1900,24.35,73.0,0.0,0.0,0.0,371.4,2.14,34.0,100942.0
20130702:2000,22.91,80.65,0.0,0.0,0.0,359.4,1.86,43.0,100972.0
20130702:2100,22.03,86.9,0.0,0.0,0.0,354.6,1.38,63.0,101032.0
20130702:2200,21.69,87.95,0.0,0.0,0.0,359.4,0.55,77.0,101051.0
20130702:2300,20.98,90.85,0.0,0.0,0.0,357.6,0.48,207.0,101042.0
20130703:0000,20.29,93.25,0.0,0.0,0.0,369.2,0.9,248.0,101032.0
20130703:0100,19.61,95.85,0.0,0.0,0.0,372.05,1.31,284.0,101012.0
20130703:0200,20.19,95.05,0.0,0.0,0.0,373.2,0.48,318.0,101032.0
20130703:0300,20.04,96.95,0.0,0.0,0.0,371.8,0.28,331.0,101042.0
20130703:0400,19.16,98.6,0.0,0.0,0.0,375.8,0.9,283.0,101071.0
20130703:0500,18.92,99.3,27.0,9.53,26.0,375.8,1.24,276.0,101161.0
20130703:0600,20.52,93.85,43.0,0.0,43.0,382.0,1.79,285.0,101211.0
20130703:0700,21.05,88.85,139.0,0.0,139.0,397.45,1.66,305.0,101280.0
20130703:0800,22.55,79.25,150.0,0.0,150.0,402.05,1.86,285.0,101350.0
20130703:0900,24.56,69.4,351.0,22.55,333.0,397.05,2.48,276.0,101340.0
20130703:1000,26.21,62.45,382.0,16.63,367.0,386.6,2.48,298.0,101260.0
20130703:1100,27.18,59.55,660.0,194.81,473.0,384.6,3.1,325.0,101221.0
20130703:1200,27.37,59.3,819.0,436.78,396.0,389.4,3.1,343.0,101191.0
20130703:1300,27.35,59.6,748.0,371.13,404.0,384.4,3.24,357.0,101171.0
20130703:1400,26.61,62.2,451.0,69.21,393.0,389.8,3.38,5.0,101191.0
20130703:1500,26.03,63.7,232.0,2.82,230.0,383.2,3.52,10.0,101231.0
20130703:1600,25.36,65.5,195.0,7.33,191.0,379.6,3.03,16.0,101270.0
20130703:1700,24.53,68.55,169.0,55.24,149.0,380.0,2.28,19.0,101270.0
20130703:1800,23.7,71.8,91.0,153.23,65.0,377.4,1.52,31.0,101300.0
20130703:1900,22.18,76.55,0.0,0.0,0.0,364.4,0.62,30.0,101300.0
20130703:2000,21.48,80.65,0.0,0.0,0.0,358.4,1.52,29.0,101280.0
20130703:2100,20.63,86.55,0.0,0.0,0.0,355.4,1.79,28.0,101340.0
20130703:2200,19.9,91.85,0.0,0.0,0.0,353.6,1.72,32.0,101340.0
20130703:2300,19.33,95.75,0.0,0.0,0.0,351.0,1.45,52.0,101330.0
20130704:0000,18.97,97.05,0.0,0.0,0.0,351.4,1.24,77.0,101310.0
20130704:0100,19.07,97.35,0.0,0.0,0.0,357.25,0.97,81.0,101260.0
20130704:0200,18.78,98.75,0.0,0.0,0.0,355.4,0.83,62.0,101231.0
20130704:0300,18.61,98.95,0.0,0.0,0.0,357.4,0.9,65.0,101231.0
20130704:0400,18.56,99.25,0.0,0.0,0.0,370.4,0.9,53.0,101251.0
20130704:0500,18.39,99.2,40.0,58.0,34.0,370.4,1.31,36.0,101320.0
20130704:0600,19.27,97.05,154.0,101.37,124.0,373.6,1.66,44.0,101380.0
20130704:0700,21.33,86.15,243.0,66.1,211.0,366.6,2.0,45.0,101410.0
20130704:0800,22.72,78.05,336.0,61.05,296.0,379.8,2.69,44.0,101420.0
20130704:0900,23.85,71.55,600.0,298.44,362.0,382.8,3.03,44.0,101450.0
20130704:1000,24.99,65.35,714.0,348.4,400.0,374.2,3.24,40.0,101450.0
20130704:1100,25.91,61.45,950.0,768.14,213.0,370.0,3.45,38.0,101410.0
20130704:1200,26.57,57.8,982.0,831.48,177.0,371.4,3.59,40.0,101380.0
20130704:1300,27.09,54.7,932.0,817.94,174.0,370.8,3.79,40.0,101360.0
20130704:1400,27.21,53.15,827.0,785.22,169.0,370.4,4.14,40.0,101360.0
20130704:1500,26.76,53.95,679.0,742.93,153.0,369.6,4.28,43.0,101340.0
20130704:1600,26.06,55.8,497.0,668.95,132.0,367.2,4.28,47.0,101340.0
20130704:1700,25.07,59.15,296.0,522.2,107.0,362.6,4.07,49.0,101360.0
20130704:1800,23.71,64.85,110.0,295.12,60.0,358.4,3.79,49.0,101400.0
20130704:1900,21.87,74.55,0.0,0.0,0.0,350.8,3.03,45.0,101450.0
20130704:2000,20.8,80.3,0.0,0.0,0.0,346.4,2.62,50.0,101509.0
20130704:2100,20.07,84.45,0.0,0.0,0.0,342.0,2.34,55.0,101569.0
20130704:2200,19.53,87.6,0.0,0.0,0.0,338.8,2.07,61.0,101609.0
20130704:2300,18.94,90.6,0.0,0.0,0.0,336.0,1.79,72.0,101599.0
20130705:0000,18.68,90.75,0.0,0.0,0.0,334.2,1.52,84.0,101599.0
20130705:0100,18.42,91.7,0.0,0.0,0.0,331.85,1.31,89.0,101549.0
20130705:0200,17.94,93.1,0.0,0.0,0.0,329.2,1.24,97.0,101559.0
20130705:0300,17.55,93.85,0.0,0.0,0.0,328.0,1.31,94.0,101549.0
20130705:0400,17.29,93.65,0.0,0.0,0.0,333.6,1.31,101.0,101589.0
20130705:0500,17.09,93.0,56.0,196.19,36.0,328.8,1.17,111.0,101629.0
20130705:0600,18.54,87.25,230.0,471.88,91.0,330.0,0.83,95.0,101659.0
20130705:0700,21.52,67.55,428.0,627.43,125.0,334.6,2.07,52.0,101689.0
20130705:0800,22.72,59.3,614.0,703.19,154.0,338.0,3.38,50.0,101708.0
20130705:0900,23.55,56.65,728.0,610.08,242.0,341.8,3.72,46.0,101708.0
20130705:1000,24.29,55.25,843.0,641.8,265.0,346.0,3.86,41.0,101698.0
20130705:1100,24.89,54.8,966.0,813.36,186.0,356.2,3.93,37.0,101669.0
20130705:1200,25.31,54.65,981.0,831.76,176.0,352.0,4.0,33.0,101639.0
20130705:1300,25.53,54.6,932.0,818.13,174.0,353.8,3.93,30.0,101629.0
20130705:1400,25.55,54.95,827.0,785.35,169.0,354.2,3.86,28.0,101589.0
20130705:1500,25.32,56.05,657.0,663.95,187.0,353.6,3.79,27.0,101579.0
20130705:1600,24.77,58.45,455.0,491.3,187.0,351.8,3.59,26.0,101569.0
20130705:1700,23.97,61.95,291.0,492.11,113.0,349.0,3.31,28.0,101569.0
20130705:1800,22.84,67.8,110.0,307.54,58.0,344.8,2.9,29.0,101579.0
20130705:1900,21.13,76.8,0.0,0.0,0.0,337.8,2.14,33.0,101619.0
20130705:2000,20.14,83.7,0.0,0.0,0.0,333.0,1.66,40.0,101659.0
20130705:2100,19.41,89.0,0.0,0.0,0.0,329.8,1.31,50.0,101698.0
20130705:2200,18.67,93.5,0.0,0.0,0.0,328.0,1.03,57.0,101698.0
20130705:2300,17.98,96.0,0.0,0.0,0.0,326.0,0.83,75.0,101689.0
20130706:0000,17.63,97.3,0.0,0.0,0.0,324.8,0.76,119.0,101679.0
20130706:0100,16.87,98.75,0.0,0.0,0.0,323.45,0.9,148.0,101609.0
20130706:0200,16.06,99.2,0.0,0.0,0.0,327.6,1.03,150.0,101579.0
20130706:0300,15.44,99.5,0.0,0.0,0.0,328.0,1.17,150.0,101559.0
20130706:0400,14.91,99.55,0.0,0.0,0.0,326.6,1.24,151.0,101559.0
20130706:0500,14.68,99.5,52.0,159.39,36.0,329.8,1.17,150.0,101579.0
20130706:0600,17.09,94.7,226.0,453.71,93.0,339.0,0.83,132.0,101599.0
20130706:0700,19.73,83.6,426.0,627.01,124.0,366.6,1.03,85.0,101599.0
20130706:0800,21.59,73.15,616.0,716.6,148.0,350.4,1.31,58.0,101629.0
20130706:0900,23.54,63.25,782.0,782.92,159.0,349.6,2.14,45.0,101609.0
20130706:1000,25.16,56.45,895.0,793.42,181.0,356.6,2.76,41.0,101629.0
20130706:1100,26.37,52.75,970.0,828.4,176.0,353.4,3.17,39.0,101579.0
20130706:1200,27.18,50.9,986.0,847.58,166.0,355.8,3.59,36.0,101549.0
20130706:1300,27.53,50.65,932.0,817.27,175.0,357.8,4.0,36.0,101529.0
20130706:1400,27.52,50.65,827.0,785.52,169.0,359.0,4.28,38.0,101509.0
20130706:1500,27.21,50.75,679.0,743.23,153.0,357.0,4.41,42.0,101499.0
20130706:1600,26.58,51.85,497.0,669.38,132.0,354.2,4.41,47.0,101470.0
20130706:1700,25.7,54.4,298.0,531.24,106.0,351.2,4.14,50.0,101489.0
20130706:1800,24.49,59.2,110.0,308.31,58.0,347.2,3.38,49.0,101489.0
20130706:1900,22.65,70.65,0.0,0.0,0.0,339.6,2.34,46.0,101509.0
20130706:2000,21.48,77.2,0.0,0.0,0.0,332.6,2.14,53.0,101519.0
20130706:2100,20.59,82.5,0.0,0.0,0.0,328.6,2.0,62.0,101589.0
20130706:2200,19.81,86.4,0.0,0.0,0.0,325.8,1.79,80.0,101579.0
20130706:2300,19.43,87.2,0.0,0.0,0.0,322.8,1.59,99.0,101569.0
20130707:0000,18.74,89.25,0.0,0.0,0.0,320.6,1.52,110.0,101539.0
20130707:0100,17.86,91.0,0.0,0.0,0.0,317.85,1.52,124.0,101499.0
20130707:0200,17.03,92.35,0.0,0.0,0.0,316.0,1.59,136.0,101450.0
20130707:0300,16.13,93.95,0.0,0.0,0.0,314.6,1.59,142.0,101450.0
20130707:0400,15.31,95.3,0.0,0.0,0.0,312.8,1.66,145.0,101430.0
20130707:0500,14.84,95.7,50.0,151.87,35.0,313.0,1.59,146.0,101450.0
20130707:0600,16.87,91.3,223.0,435.43,96.0,313.6,1.03,127.0,101479.0
20130707:0700,21.81,69.95,423.0,614.14,128.0,322.0,1.1,71.0,101509.0
20130707:0800,24.17,58.25,615.0,716.29,148.0,330.8,2.0,55.0,101519.0
20130707:0900,26.12,47.45,776.0,767.46,166.0,338.2,2.76,53.0,101509.0
20130707:1000,27.66,40.35,895.0,792.94,182.0,343.0,3.52,51.0,101489.0
20130707:1100,28.74,36.8,975.0,844.53,166.0,347.2,3.79,48.0,101470.0
20130707:1200,29.4,35.15,981.0,831.38,177.0,349.4,4.14,44.0,101440.0
20130707:1300,29.51,35.35,931.0,817.53,174.0,351.0,4.48,42.0,101380.0
20130707:1400,29.2,36.35,826.0,784.54,169.0,351.2,4.62,43.0,101370.0
20130707:1500,28.57,38.0,679.0,743.47,153.0,349.8,4.41,45.0,101340.0
20130707:1600,27.73,40.4,494.0,656.87,136.0,347.2,4.21,46.0,101320.0
20130707:1700,26.6,44.7,296.0,520.71,108.0,343.8,3.93,46.0,101370.0
20130707:1800,25.1,51.85,109.0,291.4,60.0,339.6,2.97,42.0,101350.0
20130707:1900,23.21,64.05,0.0,0.0,0.0,331.8,2.07,41.0,101400.0
20130707:2000,21.87,72.05,0.0,0.0,0.0,325.2,1.72,51.0,101410.0
20130707:2100,20.6,80.55,0.0,0.0,0.0,322.2,1.66,62.0,101460.0
20130707:2200,20.02,82.8,0.0,0.0,0.0,320.0,1.52,80.0,101499.0
20130707:2300,19.31,85.45,0.0,0.0,0.0,319.6,1.38,108.0,101460.0
20130708:0000,18.2,88.65,0.0,0.0,0.0,319.2,1.24,132.0,101440.0
20130708:0100,17.32,89.9,0.0,0.0,0.0,319.25,1.31,134.0,101360.0
20130708:0200,16.66,90.2,0.0,0.0,0.0,319.0,1.38,135.0,101350.0
20130708:0300,16.15,90.2,0.0,0.0,0.0,319.4,1.38,138.0,101300.0
20130708:0400,15.89,89.4,0.0,0.0,0.0,320.4,1.31,141.0,101320.0
20130708:0500,15.8,88.55,50.0,164.77,34.0,323.0,1.24,139.0,101330.0
20130708:0600,17.66,84.95,222.0,444.6,93.0,325.2,0.83,123.0,101370.0
20130708:0700,22.0,67.7,421.0,613.77,127.0,333.6,0.69,63.0,101400.0
20130708:0800,24.12,60.5,610.0,702.18,153.0,342.0,1.59,44.0,101410.0
20130708:0900,25.91,53.9,775.0,767.11,166.0,349.8,2.28,36.0,101420.0
20130708:1000,27.31,49.65,894.0,792.48,182.0,356.0,3.03,34.0,101450.0
20130708:1100,28.24,47.05,969.0,828.32,176.0,360.4,3.59,34.0,101430.0
20130708:1200,28.82,45.35,980.0,831.75,176.0,362.8,3.93,35.0,101370.0
20130708:1300,29.04,44.1,931.0,817.82,174.0,363.8,4.14,36.0,101350.0
20130708:1400,28.87,43.9,826.0,784.81,169.0,363.2,4.28,36.0,101290.0
20130708:1500,28.33,44.7,675.0,729.63,159.0,365.6,4.21,40.0,101270.0
20130708:1600,27.72,46.2,496.0,668.3,132.0,357.8,4.07,41.0,101290.0
20130708:1700,26.69,49.8,297.0,529.67,106.0,353.6,3.79,40.0,101280.0
20130708:1800,25.22,56.4,109.0,298.39,59.0,349.0,2.83,39.0,101310.0
20130708:1900,22.97,68.75,0.0,0.0,0.0,339.0,2.0,33.0,101340.0
20130708:2000,21.73,77.05,0.0,0.0,0.0,332.2,1.72,41.0,101380.0
20130708:2100,20.63,85.4,0.0,0.0,0.0,328.2,1.24,51.0,101430.0
20130708:2200,19.81,89.4,0.0,0.0,0.0,325.4,0.55,96.0,101430.0
20130708:2300,19.17,90.75,0.0,0.0,0.0,323.6,0.69,147.0,101400.0
20130709:0000,18.4,92.45,0.0,0.0,0.0,323.2,0.83,148.0,101360.0
20130709:0100,18.22,92.4,0.0,0.0,0.0,323.45,0.76,146.0,101310.0
20130709:0200,18.2,91.75,0.0,0.0,0.0,324.4,0.69,154.0,101260.0
20130709:0300,17.82,91.9,0.0,0.0,0.0,325.4,0.83,163.0,101231.0
20130709:0400,17.49,91.65,0.0,0.0,0.0,325.8,0.9,170.0,101241.0
20130709:0500,17.0,91.95,47.0,146.76,33.0,332.6,1.03,175.0,101241.0
20130709:0600,18.61,88.95,218.0,426.21,95.0,345.0,0.55,157.0,101280.0
20130709:0700,21.56,79.9,415.0,590.41,133.0,357.2,0.34,301.0,101300.0
20130709:0800,23.51,69.7,609.0,701.91,153.0,345.2,0.9,350.0,101330.0
20130709:0900,25.16,62.2,0.0,0.0,0.0,358.4,1.72,8.0,101310.0
20130709:1000,26.48,57.6,888.0,777.57,190.0,367.4,2.55,17.0,101340.0
20130709:1100,27.46,53.8,963.0,813.16,185.0,364.6,3.1,22.0,101310.0
20130709:1200,28.15,50.35,974.0,815.58,186.0,366.0,3.38,26.0,101280.0
20130709:1300,28.56,47.7,921.0,787.88,192.0,364.8,3.52,27.0,101270.0
20130709:1400,28.69,45.6,817.0,756.43,184.0,362.8,3.59,28.0,101211.0
20130709:1500,28.48,44.8,671.0,715.83,165.0,361.4,3.45,30.0,101181.0
20130709:1600,27.99,45.55,488.0,632.05,144.0,358.6,3.17,32.0,101151.0
20130709:1700,27.07,49.25,290.0,491.55,113.0,353.8,2.97,32.0,101131.0
20130709:1800,25.65,57.3,106.0,275.63,60.0,348.0,2.41,33.0,101151.0
20130709:1900,23.44,71.3,0.0,0.0,0.0,340.8,1.79,42.0,101111.0
20130709:2000,22.3,78.85,0.0,0.0,0.0,334.6,1.52,54.0,101161.0
20130709:2100,21.23,86.0,0.0,0.0,0.0,330.4,1.24,72.0,101231.0
20130709:2200,20.49,89.7,0.0,0.0,0.0,328.8,0.48,97.0,101241.0
20130709:2300,20.34,89.45,0.0,0.0,0.0,327.2,0.48,174.0,101260.0
20130710:0000,18.71,93.1,0.0,0.0,0.0,326.4,1.03,162.0,101260.0
20130710:0100,17.35,95.15,0.0,0.0,0.0,325.05,1.45,155.0,101201.0
20130710:0200,16.51,95.95,0.0,0.0,0.0,324.0,1.59,155.0,101131.0
20130710:0300,15.96,96.15,0.0,0.0,0.0,323.6,1.66,154.0,101061.0
20130710:0400,15.57,96.15,0.0,0.0,0.0,324.2,1.66,149.0,101012.0
20130710:0500,15.42,95.6,15.0,0.0,15.0,324.0,1.72,148.0,101032.0
20130710:0600,17.41,91.0,107.0,20.91,101.0,326.4,1.17,144.0,101061.0
20130710:0700,22.45,67.85,323.0,239.38,209.0,337.6,0.21,169.0,101051.0
20130710:0800,24.72,59.95,186.0,0.0,186.0,346.4,0.34,14.0,101071.0
20130710:0900,26.64,50.7,761.0,724.81,187.0,354.2,1.38,19.0,101022.0
20130710:1000,27.99,45.3,571.0,143.83,442.0,359.8,2.62,23.0,100972.0
20130710:1100,28.82,42.0,900.0,644.26,284.0,366.6,3.03,31.0,101022.0
20130710:1200,29.61,38.15,880.0,571.62,328.0,366.0,2.9,40.0,101022.0
20130710:1300,30.34,34.45,915.0,773.09,200.0,370.6,2.97,39.0,100952.0
20130710:1400,30.56,33.1,812.0,741.23,192.0,369.2,3.03,39.0,100912.0
20130710:1500,30.4,33.6,663.0,689.34,176.0,368.4,2.9,44.0,100862.0
20130710:1600,30.04,34.5,485.0,619.73,148.0,364.4,2.76,45.0,100783.0
20130710:1700,29.14,38.2,288.0,481.24,115.0,359.4,2.48,40.0,100773.0
20130710:1800,27.62,45.95,104.0,258.83,61.0,354.2,2.07,38.0,100783.0
20130710:1900,24.95,60.3,0.0,0.0,0.0,343.4,1.72,45.0,100763.0
20130710:2000,23.57,68.2,0.0,0.0,0.0,336.2,1.52,66.0,100803.0
20130710:2100,22.43,74.95,0.0,0.0,0.0,333.0,1.38,101.0,100842.0
20130710:2200,21.18,79.75,0.0,0.0,0.0,331.6,1.45,133.0,100862.0
20130710:2300,20.01,83.45,0.0,0.0,0.0,330.6,1.59,145.0,100832.0
20130711:0000,18.98,86.2,0.0,0.0,0.0,329.6,1.72,142.0,100803.0
20130711:0100,18.11,87.9,0.0,0.0,0.0,329.45,1.72,142.0,100763.0
20130711:0200,17.5,88.5,0.0,0.0,0.0,329.6,1.72,147.0,100673.0
20130711:0300,17.06,88.35,0.0,0.0,0.0,330.2,1.79,151.0,100643.0
20130711:0400,16.71,87.9,0.0,0.0,0.0,331.0,1.79,151.0,100673.0
20130711:0500,16.63,86.65,36.0,65.34,30.0,331.6,1.93,148.0,100693.0
20130711:0600,19.06,75.4,177.0,210.27,117.0,335.0,1.86,147.0,100663.0
20130711:0700,24.36,55.2,228.0,54.76,202.0,350.8,1.72,145.0,100613.0
20130711:0800,28.77,36.4,596.0,662.83,167.0,358.2,1.24,144.0,100643.0
20130711:0900,31.46,27.7,764.0,738.39,180.0,365.4,0.41,110.0,100623.0
20130711:1000,33.1,25.0,886.0,777.86,189.0,375.2,0.97,16.0,100633.0
20130711:1100,33.91,24.7,962.0,812.15,186.0,377.6,2.21,17.0,100584.0
20130711:1200,33.97,25.95,968.0,800.91,195.0,380.8,2.9,23.0,100564.0
20130711:1300,33.79,27.6,915.0,772.39,201.0,381.0,3.24,25.0,100574.0
20130711:1400,33.23,30.65,812.0,741.61,192.0,379.4,3.86,29.0,100594.0
20130711:1500,32.33,34.75,659.0,677.04,181.0,378.4,3.72,39.0,100574.0
20130711:1600,31.57,38.1,479.0,596.41,155.0,374.4,3.52,46.0,100604.0
20130711:1700,30.36,43.6,280.0,437.55,123.0,373.8,2.76,37.0,100594.0
20130711:1800,28.67,51.8,99.0,223.86,62.0,365.2,2.07,27.0,100643.0
20130711:1900,26.16,64.75,0.0,0.0,0.0,356.6,1.59,15.0,100693.0
20130711:2000,24.71,72.6,0.0,0.0,0.0,351.6,1.03,22.0,100763.0
20130711:2100,23.57,79.35,0.0,0.0,0.0,347.4,0.41,110.0,100832.0
20130711:2200,22.13,85.55,0.0,0.0,0.0,345.6,0.97,163.0,100892.0
20130711:2300,21.67,85.85,0.0,0.0,0.0,343.4,1.1,165.0,100872.0
20130712:0000,20.94,87.1,0.0,0.0,0.0,341.6,1.17,160.0,100862.0
20130712:0100,20.32,87.8,0.0,0.0,0.0,340.25,1.24,155.0,100813.0
20130712:0200,19.69,88.4,0.0,0.0,0.0,339.0,1.38,155.0,100832.0
20130712:0300,19.15,88.65,0.0,0.0,0.0,338.6,1.38,156.0,100823.0
20130712:0400,18.56,89.7,0.0,0.0,0.0,343.6,1.45,156.0,100862.0
20130712:0500,18.14,91.4,46.0,166.73,31.0,354.8,1.45,154.0,100902.0
20130712:0600,19.77,88.75,210.0,398.34,97.0,357.0,0.97,143.0,100932.0
20130712:0700,24.8,66.15,397.0,523.96,149.0,362.4,0.69,92.0,100962.0
20130712:0800,27.05,57.7,582.0,613.03,186.0,368.4,1.1,58.0,100992.0
20130712:0900,29.04,51.3,754.0,710.25,193.0,368.2,1.72,39.0,101012.0
20130712:1000,30.61,45.65,866.0,719.39,222.0,372.6,2.48,34.0,101022.0
20130712:1100,31.63,42.9,940.0,753.04,221.0,376.8,2.97,34.0,101012.0
20130712:1200,32.21,41.2,952.0,755.76,223.0,380.0,3.38,35.0,101012.0
20130712:1300,32.5,39.9,691.0,277.08,435.0,380.4,3.66,38.0,101032.0
20130712:1400,32.41,39.0,516.0,130.45,407.0,382.6,3.79,42.0,101032.0
20130712:1500,31.99,38.3,634.0,591.08,217.0,378.8,3.72,41.0,101022.0
20130712:1600,31.05,39.85,126.0,0.0,126.0,384.0,2.76,30.0,101032.0
20130712:1700,29.54,45.85,195.0,111.71,155.0,398.65,1.79,10.0,100992.0
20130712:1800,27.86,54.0,73.0,73.01,61.0,402.05,1.72,31.0,100952.0
20130712:1900,28.21,51.25,0.0,0.0,0.0,372.0,1.52,111.0,100962.0
20130712:2000,26.62,57.1,0.0,0.0,0.0,361.2,1.52,123.0,100972.0
20130712:2100,25.69,58.9,0.0,0.0,0.0,379.8,1.86,124.0,101012.0
20130712:2200,24.52,60.7,0.0,0.0,0.0,363.4,2.07,139.0,100972.0
20130712:2300,23.77,61.7,0.0,0.0,0.0,379.8,1.86,148.0,100962.0
20130713:0000,23.39,60.6,0.0,0.0,0.0,388.6,1.93,150.0,100952.0
20130713:0100,22.86,61.15,0.0,0.0,0.0,384.65,1.52,177.0,100932.0
20130713:0200,23.03,58.9,0.0,0.0,0.0,384.8,2.34,264.0,101042.0
20130713:0300,23.29,68.3,0.0,0.0,0.0,404.25,2.34,282.0,101081.0
20130713:0400,22.65,80.5,0.0,0.0,0.0,398.25,1.17,257.0,101061.0
20130713:0500,22.37,82.0,36.0,79.48,29.0,394.65,1.38,109.0,101022.0
20130713:0600,22.8,81.05,103.0,21.28,97.0,391.6,1.1,116.0,101081.0
20130713:0700,24.98,69.15,233.0,63.58,203.0,388.2,3.1,272.0,101181.0
20130713:0800,25.46,70.55,114.0,0.0,114.0,396.65,3.79,278.0,101191.0
20130713:0900,26.46,65.4,150.0,0.0,150.0,393.25,3.38,288.0,101201.0
20130713:1000,26.8,64.2,326.0,4.47,322.0,405.45,3.17,304.0,101111.0
20130713:1100,27.83,60.0,676.0,221.16,465.0,400.05,2.97,310.0,101091.0
20130713:1200,28.59,57.3,956.0,770.75,213.0,396.85,3.1,316.0,101061.0
20130713:1300,29.34,53.65,899.0,728.84,226.0,394.6,2.97,317.0,101042.0
20130713:1400,29.7,51.4,797.0,700.59,212.0,392.6,2.76,318.0,101071.0
20130713:1500,29.76,50.85,651.0,651.14,192.0,391.05,2.9,330.0,101091.0
20130713:1600,28.98,54.35,473.0,573.85,162.0,385.0,2.97,331.0,101091.0
20130713:1700,27.72,60.4,227.0,207.15,153.0,383.0,2.55,328.0,101131.0
20130713:1800,26.38,67.3,79.0,104.08,62.0,371.4,2.07,327.0,101161.0
20130713:1900,24.72,75.6,0.0,0.0,0.0,369.6,1.31,341.0,101211.0
20130713:2000,23.67,82.65,0.0,0.0,0.0,379.2,1.31,10.0,101251.0
20130713:2100,22.8,88.6,0.0,0.0,0.0,362.6,1.17,43.0,101310.0
20130713:2200,22.11,93.0,0.0,0.0,0.0,368.2,0.9,100.0,101350.0
20130713:2300,21.48,94.9,0.0,0.0,0.0,367.2,0.97,145.0,101280.0
20130714:0000,20.74,95.2,0.0,0.0,0.0,347.6,1.03,174.0,101241.0
20130714:0100,20.42,94.75,0.0,0.0,0.0,350.45,0.97,177.0,101231.0
20130714:0200,19.63,96.15,0.0,0.0,0.0,343.8,1.1,168.0,101221.0
20130714:0300,18.65,98.05,0.0,0.0,0.0,346.6,1.24,164.0,101181.0
20130714:0400,17.88,99.45,0.0,0.0,0.0,347.8,1.24,166.0,101191.0
20130714:0500,17.68,98.9,40.0,127.72,29.0,349.2,1.24,165.0,101211.0
20130714:0600,19.71,91.95,209.0,410.4,94.0,352.0,0.97,161.0,101260.0
20130714:0700,23.82,69.6,407.0,584.76,132.0,372.0,0.41,273.0,101280.0
20130714:0800,25.63,61.2,599.0,685.45,158.0,375.6,0.97,307.0,101300.0
20130714:0900,27.01,57.1,752.0,709.66,193.0,373.2,1.72,328.0,101330.0
20130714:1000,28.23,54.45,788.0,519.35,324.0,381.2,2.34,342.0,101280.0
20130714:1100,29.02,52.3,913.0,683.91,261.0,376.4,2.83,355.0,101260.0
20130714:1200,29.39,51.45,945.0,741.16,231.0,381.6,3.17,3.0,101251.0
20130714:1300,29.64,50.2,918.0,786.74,192.0,378.2,3.31,9.0,101251.0
20130714:1400,29.7,48.75,815.0,756.2,184.0,377.6,3.31,15.0,101211.0
20130714:1500,29.47,48.0,665.0,702.85,170.0,374.8,3.17,20.0,101231.0
20130714:1600,29.0,48.2,483.0,618.99,148.0,370.6,3.03,24.0,101231.0
20130714:1700,28.14,50.75,287.0,491.13,112.0,365.4,2.76,30.0,101231.0
20130714:1800,26.89,56.35,101.0,258.89,59.0,358.2,2.21,35.0,101231.0
20130714:1900,24.75,68.8,0.0,0.0,0.0,352.2,1.66,42.0,101251.0
20130714:2000,23.65,75.65,0.0,0.0,0.0,343.8,1.52,61.0,101300.0
20130714:2100,22.52,83.3,0.0,0.0,0.0,339.2,1.38,85.0,101340.0
20130714:2200,21.58,87.3,0.0,0.0,0.0,335.2,1.31,112.0,101350.0
20130714:2300,20.63,90.6,0.0,0.0,0.0,332.6,1.17,131.0,101330.0
20130715:0000,19.63,92.75,0.0,0.0,0.0,331.8,1.17,152.0,101330.0
20130715:0100,18.92,93.65,0.0,0.0,0.0,331.65,1.17,161.0,101300.0
20130715:0200,18.68,93.05,0.0,0.0,0.0,331.0,1.1,164.0,101300.0
20130715:0300,18.25,92.95,0.0,0.0,0.0,330.6,1.17,167.0,101290.0
20130715:0400,17.6,93.7,0.0,0.0,0.0,331.8,1.31,171.0,101320.0
20130715:0500,17.29,93.35,36.0,83.19,29.0,330.8,1.38,179.0,101370.0
20130715:0600,19.81,84.8,193.0,316.06,105.0,333.2,0.69,180.0,101410.0
20130715:0700,22.7,81.6,395.0,531.23,146.0,349.2,0.28,19.0,101440.0
20130715:0800,24.54,73.05,591.0,660.39,167.0,357.8,0.76,23.0,101460.0
20130715:0900,26.29,64.25,759.0,736.1,180.0,366.4,1.38,28.0,101450.0
20130715:1000,27.91,56.25,882.0,776.48,189.0,367.2,2.21,30.0,101450.0
20130715:1100,29.1,50.9,959.0,811.5,186.0,369.8,3.03,30.0,101430.0
20130715:1200,29.85,47.1,966.0,799.85,196.0,372.0,3.66,32.0,101430.0
20130715:1300,30.14,44.65,913.0,772.09,201.0,372.2,4.07,35.0,101400.0
20130715:1400,30.17,42.7,810.0,741.19,192.0,370.2,4.21,38.0,101350.0
20130715:1500,29.82,42.3,661.0,689.34,176.0,368.6,4.21,42.0,101320.0
20130715:1600,29.15,43.6,482.0,619.94,147.0,366.4,4.14,45.0,101330.0
20130715:1700,28.13,47.0,280.0,453.1,119.0,362.2,3.93,47.0,101340.0
20130715:1800,26.71,53.1,98.0,242.18,59.0,357.6,3.1,49.0,101350.0
20130715:1900,24.61,65.15,0.0,0.0,0.0,349.4,2.07,46.0,101380.0
20130715:2000,23.41,72.7,0.0,0.0,0.0,343.2,2.07,56.0,101380.0
20130715:2100,22.49,78.65,0.0,0.0,0.0,339.2,1.86,71.0,101440.0
20130715:2200,21.63,83.45,0.0,0.0,0.0,336.4,1.52,90.0,101430.0
20130715:2300,20.95,85.9,0.0,0.0,0.0,334.0,1.24,111.0,101400.0
20130716:0000,19.88,89.55,0.0,0.0,0.0,333.2,1.24,137.0,101370.0
20130716:0100,18.87,91.9,0.0,0.0,0.0,332.25,1.38,143.0,101300.0
20130716:0200,18.12,93.05,0.0,0.0,0.0,331.2,1.45,142.0,101300.0
20130716:0300,17.38,94.4,0.0,0.0,0.0,330.4,1.45,144.0,101280.0
20130716:0400,16.88,94.9,0.0,0.0,0.0,330.6,1.45,145.0,101310.0
20130716:0500,16.65,94.5,34.0,85.25,27.0,331.4,1.45,143.0,101370.0
20130716:0600,18.69,89.35,200.0,368.75,98.0,333.6,0.97,127.0,101380.0
20130716:0700,23.45,69.25,400.0,560.87,138.0,345.6,0.9,75.0,101400.0
20130716:0800,25.76,59.55,593.0,671.16,163.0,359.6,1.59,74.0,101400.0
20130716:0900,28.09,48.7,758.0,735.9,180.0,366.2,2.28,65.0,101370.0
20130716:1000,29.89,43.15,881.0,776.19,189.0,377.8,3.38,55.0,101320.0
20130716:1100,31.11,41.1,958.0,812.19,185.0,377.6,4.34,52.0,101280.0
20130716:1200,31.69,40.6,834.0,478.18,374.0,381.0,4.69,49.0,101251.0
20130716:1300,31.83,40.5,167.0,0.0,167.0,385.4,4.76,48.0,101290.0
20130716:1400,31.68,40.1,642.0,321.69,374.0,390.25,5.17,51.0,101300.0
20130716:1500,31.3,40.25,427.0,130.9,335.0,389.6,4.97,54.0,101161.0
20130716:1600,30.73,41.5,188.0,5.56,185.0,385.4,4.69,50.0,101111.0
20130716:1700,29.61,45.1,231.0,231.47,149.0,381.8,3.66,46.0,101051.0
20130716:1800,28.19,51.3,76.0,93.89,61.0,381.4,3.03,44.0,101071.0
20130716:1900,26.76,64.1,0.0,0.0,0.0,377.8,2.28,46.0,101091.0
20130716:2000,25.55,70.05,0.0,0.0,0.0,376.0,2.14,57.0,101161.0
20130716:2100,24.77,74.3,0.0,0.0,0.0,385.2,1.86,68.0,101221.0
20130716:2200,24.06,77.4,0.0,0.0,0.0,380.2,0.48,71.0,101270.0
20130716:2300,23.04,84.05,0.0,0.0,0.0,381.4,0.0,303.0,101280.0
20130717:0000,22.36,86.65,0.0,0.0,0.0,377.4,0.62,166.0,101260.0
20130717:0100,22.13,87.6,0.0,0.0,0.0,375.05,0.55,245.0,101201.0
20130717:0200,21.57,90.1,0.0,0.0,0.0,372.2,0.69,223.0,101191.0
20130717:0300,21.17,90.95,0.0,0.0,0.0,365.4,1.03,227.0,101201.0
20130717:0400,20.22,94.3,0.0,0.0,0.0,365.8,1.38,266.0,101260.0
20130717:0500,20.06,95.45,34.0,99.94,26.0,363.8,1.17,266.0,101300.0
20130717:0600,21.32,94.4,173.0,225.65,111.0,364.0,0.62,278.0,101330.0
20130717:0700,23.67,86.4,279.0,148.22,210.0,385.8,1.31,348.0,101370.0
20130717:0800,25.26,76.7,332.0,67.26,289.0,396.25,1.66,3.0,101380.0
20130717:0900,26.29,70.4,482.0,131.33,379.0,401.65,1.79,18.0,101410.0
20130717:1000,27.68,64.1,880.0,775.92,189.0,391.25,2.48,20.0,101380.0
20130717:1100,28.73,58.95,952.0,796.08,195.0,393.85,3.1,24.0,101360.0
20130717:1200,29.42,54.3,964.0,800.02,195.0,393.05,3.52,27.0,101330.0
20130717:1300,29.84,50.15,911.0,772.16,200.0,385.8,3.79,29.0,101320.0
20130717:1400,29.82,47.85,808.0,741.26,191.0,390.0,4.14,30.0,101270.0
20130717:1500,29.32,47.8,659.0,688.06,176.0,383.6,4.14,35.0,101231.0
20130717:1600,28.67,49.4,478.0,607.23,151.0,375.0,3.72,39.0,101221.0
20130717:1700,27.75,53.3,279.0,461.63,116.0,368.4,3.66,35.0,101201.0
20130717:1800,26.2,62.25,98.0,252.55,58.0,362.6,3.17,36.0,101211.0
20130717:1900,24.42,73.35,0.0,0.0,0.0,357.8,2.07,32.0,101241.0
20130717:2000,23.3,81.15,0.0,0.0,0.0,352.2,1.86,34.0,101310.0
20130717:2100,22.44,87.8,0.0,0.0,0.0,349.0,1.72,39.0,101360.0
20130717:2200,21.65,93.45,0.0,0.0,0.0,346.8,1.31,50.0,101390.0
20130717:2300,21.23,95.55,0.0,0.0,0.0,344.8,1.03,63.0,101340.0
20130718:0000,20.78,97.95,0.0,0.0,0.0,348.6,0.97,76.0,101330.0
20130718:0100,20.38,99.05,0.0,0.0,0.0,345.85,0.97,95.0,101270.0
20130718:0200,20.48,98.55,0.0,0.0,0.0,370.0,0.97,99.0,101221.0
20130718:0300,20.29,98.7,0.0,0.0,0.0,360.4,1.03,106.0,101211.0
20130718:0400,20.09,98.7,0.0,0.0,0.0,361.2,1.03,113.0,101211.0
20130718:0500,20.24,98.5,32.0,76.97,26.0,382.2,0.97,107.0,101260.0
20130718:0600,21.23,93.9,190.0,322.48,102.0,386.8,0.97,79.0,101290.0
20130718:0700,22.82,84.1,381.0,489.36,154.0,377.6,1.31,52.0,101310.0
20130718:0800,24.39,74.6,522.0,438.95,242.0,385.8,1.45,41.0,101300.0
20130718:0900,25.97,67.5,661.0,459.73,301.0,380.6,2.21,26.0,101310.0
20130718:1000,27.06,63.2,817.0,601.43,282.0,384.6,3.1,27.0,101280.0
20130718:1100,27.59,61.0,910.0,683.13,261.0,398.65,3.66,32.0,101280.0
20130718:1200,28.56,56.0,937.0,726.75,239.0,383.8,4.0,39.0,101260.0
20130718:1300,29.23,52.1,916.0,786.93,192.0,388.4,4.21,47.0,101241.0
20130718:1400,29.79,48.35,808.0,740.77,192.0,378.6,4.34,48.0,101201.0
20130718:1500,29.8,46.6,658.0,688.94,175.0,376.0,4.28,50.0,101171.0
20130718:1600,29.41,47.35,477.0,606.55,151.0,375.2,4.0,51.0,101141.0
20130718:1700,28.54,50.8,276.0,451.88,117.0,371.2,4.0,49.0,101111.0
20130718:1800,27.06,57.95,94.0,229.41,58.0,364.2,3.31,44.0,101151.0
20130718:1900,24.62,71.1,0.0,0.0,0.0,362.4,2.14,38.0,101181.0
20130718:2000,23.55,78.45,0.0,0.0,0.0,355.8,1.86,42.0,101241.0
20130718:2100,22.75,84.4,0.0,0.0,0.0,352.2,1.59,53.0,101290.0
20130718:2200,22.19,88.0,0.0,0.0,0.0,349.2,1.1,65.0,101251.0
20130718:2300,21.5,91.65,0.0,0.0,0.0,347.4,0.97,92.0,101221.0
20130719:0000,20.84,93.65,0.0,0.0,0.0,347.4,0.97,111.0,101211.0
20130719:0100,20.19,95.2,0.0,0.0,0.0,347.25,0.97,115.0,101121.0
20130719:0200,19.78,95.95,0.0,0.0,0.0,348.2,1.1,106.0,101081.0
20130719:0300,19.42,96.65,0.0,0.0,0.0,349.8,1.24,109.0,101081.0
20130719:0400,19.14,97.25,0.0,0.0,0.0,353.4,1.38,120.0,101061.0
20130719:0500,18.99,97.4,33.0,105.52,25.0,355.6,1.52,125.0,101051.0
20130719:0600,20.54,92.7,194.0,354.28,98.0,364.2,1.17,119.0,101091.0
20130719:0700,23.83,78.8,390.0,536.57,142.0,368.2,0.83,78.0,101111.0
20130719:0800,26.19,68.6,581.0,644.2,171.0,379.8,1.38,54.0,101101.0
20130719:0900,28.23,60.8,754.0,735.43,179.0,383.2,2.21,42.0,101061.0
20130719:1000,29.73,56.35,878.0,775.46,189.0,389.2,3.17,40.0,101012.0
20130719:1100,30.71,54.25,955.0,811.26,185.0,392.6,4.0,40.0,100942.0
20130719:1200,31.13,53.8,968.0,814.91,186.0,394.85,4.55,41.0,100912.0
20130719:1300,31.21,53.75,915.0,786.54,192.0,399.25,4.69,44.0,100882.0
20130719:1400,31.27,52.25,807.0,740.33,192.0,397.05,4.9,49.0,100852.0
20130719:1500,31.11,50.2,654.0,675.6,181.0,393.25,4.76,54.0,100803.0
20130719:1600,30.89,48.4,465.0,561.21,164.0,388.6,4.41,60.0,100733.0
20130719:1700,30.29,49.2,269.0,416.5,123.0,384.2,3.86,64.0,100693.0
20130719:1800,29.14,53.75,90.0,205.95,58.0,380.8,2.83,58.0,100703.0
20130719:1900,26.99,63.7,0.0,0.0,0.0,374.4,2.97,64.0,100693.0
20130719:2000,25.81,69.1,0.0,0.0,0.0,371.6,2.83,77.0,100723.0
20130719:2100,25.15,71.95,0.0,0.0,0.0,369.8,2.55,85.0,100723.0
20130719:2200,24.43,74.95,0.0,0.0,0.0,369.8,2.62,79.0,100633.0
20130719:2300,23.77,77.7,0.0,0.0,0.0,368.4,2.62,87.0,100623.0
20130720:0000,23.34,78.8,0.0,0.0,0.0,374.6,2.55,101.0,100594.0
20130720:0100,22.85,79.75,0.0,0.0,0.0,374.05,2.62,93.0,100464.0
20130720:0200,22.4,80.1,0.0,0.0,0.0,368.4,2.34,96.0,100414.0
20130720:0300,21.88,80.75,0.0,0.0,0.0,368.4,1.93,115.0,100434.0
20130720:0400,21.4,79.8,0.0,0.0,0.0,365.8,2.21,130.0,100424.0
20130720:0500,21.4,75.45,33.0,122.22,24.0,366.4,2.34,131.0,100444.0
20130720:0600,22.79,67.95,92.0,14.87,88.0,369.4,1.86,132.0,100514.0
20130720:0700,26.66,54.1,348.0,362.65,181.0,380.4,1.1,155.0,100574.0
20130720:0800,29.38,44.75,510.0,409.45,250.0,387.8,0.07,58.0,100633.0
20130720:0900,30.51,42.65,439.0,88.39,370.0,401.85,0.76,49.0,100604.0
20130720:1000,31.99,39.7,659.0,272.69,417.0,401.65,1.03,21.0,100683.0
20130720:1100,32.86,40.25,923.0,723.47,237.0,403.85,2.55,348.0,100643.0
20130720:1200,32.4,46.0,941.0,740.55,231.0,405.65,3.79,351.0,100564.0
20130720:1300,31.49,52.9,835.0,572.76,309.0,402.05,4.34,354.0,100544.0
20130720:1400,30.27,58.65,670.0,383.22,352.0,403.25,4.07,353.0,100594.0
20130720:1500,29.51,60.45,524.0,306.11,310.0,402.65,3.1,357.0,100594.0
20130720:1600,29.07,60.35,93.0,0.0,93.0,401.05,2.28,3.0,100594.0
20130720:1700,28.8,60.25,260.0,375.21,129.0,398.25,2.07,8.0,100633.0
20130720:1800,27.93,63.95,87.0,188.63,58.0,395.25,1.93,8.0,100643.0
20130720:1900,26.46,70.75,0.0,0.0,0.0,384.2,1.59,18.0,100643.0
20130720:2000,25.23,77.65,0.0,0.0,0.0,377.4,1.59,18.0,100683.0
20130720:2100,24.41,82.85,0.0,0.0,0.0,375.0,1.17,12.0,100773.0
20130720:2200,23.59,88.3,0.0,0.0,0.0,373.6,1.03,17.0,100803.0
20130720:2300,22.83,92.85,0.0,0.0,0.0,373.2,0.76,18.0,100832.0
20130721:0000,22.96,92.25,0.0,0.0,0.0,372.0,0.07,21.0,100842.0
20130721:0100,22.69,94.3,0.0,0.0,0.0,371.65,0.14,224.0,100832.0
20130721:0200,22.36,96.2,0.0,0.0,0.0,369.8,0.07,136.0,100832.0
20130721:0300,21.34,98.6,0.0,0.0,0.0,369.0,0.83,106.0,100803.0
20130721:0400,20.84,99.1,0.0,0.0,0.0,371.6,1.31,96.0,100803.0
20130721:0500,20.94,99.05,3.0,0.0,3.0,379.8,1.1,110.0,100862.0
20130721:0600,21.95,97.55,58.0,0.0,58.0,386.0,0.48,77.0,100902.0
20130721:0700,23.96,88.2,247.0,93.73,204.0,404.85,1.31,91.0,100882.0
20130721:0800,25.87,74.5,550.0,539.85,208.0,400.85,1.52,91.0,100872.0
20130721:0900,27.61,67.15,702.0,581.26,249.0,393.85,2.14,39.0,100862.0
20130721:1000,29.25,60.95,810.0,588.93,288.0,396.85,3.31,50.0,100882.0
20130721:1100,30.68,55.05,912.0,694.65,254.0,398.65,3.45,51.0,100842.0
20130721:1200,31.67,51.0,945.0,754.82,222.0,402.05,4.0,41.0,100773.0
20130721:1300,31.88,49.75,878.0,686.68,248.0,403.25,4.62,38.0,100813.0
20130721:1400,31.18,51.65,757.0,597.23,262.0,404.85,4.9,35.0,100842.0
20130721:1500,30.28,54.65,616.0,554.44,229.0,398.65,4.55,32.0,100793.0
20130721:1600,29.38,57.35,432.0,440.18,197.0,398.25,4.55,36.0,100783.0
20130721:1700,28.13,62.45,191.0,117.93,150.0,397.25,3.86,40.0,100793.0
20130721:1800,27.21,66.55,8.0,0.0,8.0,391.8,2.76,42.0,100793.0
20130721:1900,25.77,77.25,0.0,0.0,0.0,398.25,1.86,356.0,100832.0
20130721:2000,24.61,84.05,0.0,0.0,0.0,388.2,1.79,352.0,100932.0
20130721:2100,23.85,89.05,0.0,0.0,0.0,387.0,1.45,335.0,101042.0
20130721:2200,23.29,92.75,0.0,0.0,0.0,388.4,1.59,316.0,101061.0
20130721:2300,23.08,93.85,0.0,0.0,0.0,402.85,1.66,316.0,101071.0
20130722:0000,22.9,93.9,0.0,0.0,0.0,402.05,1.31,318.0,101071.0
20130722:0100,22.69,94.05,0.0,0.0,0.0,399.85,0.9,326.0,101051.0
20130722:0200,22.52,94.7,0.0,0.0,0.0,401.05,1.03,331.0,101042.0
20130722:0300,22.45,94.35,0.0,0.0,0.0,404.25,1.17,319.0,101002.0
20130722:0400,22.41,93.6,0.0,0.0,0.0,410.65,1.17,336.0,101012.0
20130722:0500,22.23,94.8,11.0,0.0,11.0,413.05,0.97,335.0,101022.0
20130722:0600,22.67,90.15,57.0,0.0,57.0,417.25,0.76,314.0,101101.0
20130722:0700,24.21,81.7,180.0,19.69,171.0,401.45,2.76,276.0,101101.0
20130722:0800,25.53,72.65,228.0,6.33,224.0,399.25,3.24,284.0,101131.0
20130722:0900,26.52,66.9,106.0,0.0,106.0,399.65,3.31,295.0,101141.0
20130722:1000,27.23,63.4,133.0,0.0,133.0,404.85,3.45,304.0,101141.0
20130722:1100,28.02,60.5,405.0,16.91,389.0,398.85,3.59,314.0,101131.0
20130722:1200,28.37,59.85,633.0,165.12,475.0,412.65,3.66,321.0,101111.0
20130722:1300,28.65,58.85,666.0,246.59,440.0,407.25,3.79,329.0,101081.0
20130722:1400,28.61,59.0,721.0,504.95,303.0,410.45,3.59,340.0,101042.0
20130722:1500,28.34,59.75,611.0,543.89,232.0,394.4,3.38,354.0,101022.0
20130722:1600,27.81,62.0,397.0,328.62,222.0,396.05,3.1,9.0,100982.0
20130722:1700,27.14,64.8,253.0,352.52,131.0,398.65,2.83,25.0,100962.0
20130722:1800,26.13,70.1,89.0,219.7,56.0,382.8,2.62,37.0,100942.0
20130722:1900,24.52,78.8,0.0,0.0,0.0,373.2,1.86,37.0,101002.0
20130722:2000,23.62,85.1,0.0,0.0,0.0,366.0,1.59,38.0,101042.0
20130722:2100,22.97,89.95,0.0,0.0,0.0,362.0,1.17,36.0,101101.0
20130722:2200,22.09,95.7,0.0,0.0,0.0,358.6,0.76,28.0,101121.0
20130722:2300,21.59,97.35,0.0,0.0,0.0,359.4,0.62,35.0,101101.0
20130723:0000,21.17,99.3,0.0,0.0,0.0,356.6,0.55,68.0,101081.0
20130723:0100,20.83,99.55,0.0,0.0,0.0,361.25,0.83,71.0,100982.0
20130723:0200,20.81,99.5,0.0,0.0,0.0,379.8,0.9,86.0,100972.0
20130723:0300,21.01,99.4,0.0,0.0,0.0,402.05,0.83,103.0,100952.0
20130723:0400,20.99,99.3,0.0,0.0,0.0,397.05,0.9,124.0,100942.0
20130723:0500,21.03,98.8,23.0,44.83,20.0,404.05,0.97,132.0,100992.0
20130723:0600,21.22,97.95,121.0,64.63,104.0,400.85,0.97,135.0,101012.0
20130723:0700,22.26,94.45,240.0,85.66,201.0,397.25,1.52,86.0,101032.0
20130723:0800,24.27,79.5,487.0,355.28,263.0,379.2,1.45,80.0,101022.0
20130723:0900,26.1,69.5,740.0,705.51,192.0,397.05,1.59,57.0,101032.0
20130723:1000,27.79,62.35,883.0,804.22,172.0,383.6,2.07,38.0,100992.0
20130723:1100,29.21,56.5,956.0,826.28,175.0,379.4,2.9,32.0,100972.0
20130723:1200,30.02,53.15,969.0,829.58,176.0,382.2,3.45,31.0,100972.0
20130723:1300,30.34,51.3,916.0,800.66,183.0,382.6,3.79,33.0,100962.0
20130723:1400,30.32,50.85,807.0,754.8,183.0,381.4,3.86,36.0,100942.0
20130723:1500,29.95,51.5,660.0,713.05,164.0,378.8,3.72,38.0,100942.0
20130723:1600,29.34,53.0,478.0,638.3,139.0,375.6,3.59,44.0,100892.0
20130723:1700,28.55,55.7,279.0,499.38,107.0,370.2,3.17,50.0,100872.0
20130723:1800,27.47,60.4,90.0,236.01,55.0,364.8,2.28,55.0,100882.0
20130723:1900,25.42,72.0,0.0,0.0,0.0,355.4,1.72,51.0,100902.0
20130723:2000,24.3,78.5,0.0,0.0,0.0,347.2,1.31,62.0,100962.0
20130723:2100,23.32,84.3,0.0,0.0,0.0,343.2,1.1,83.0,101022.0
20130723:2200,22.41,88.8,0.0,0.0,0.0,341.2,1.03,111.0,101012.0
20130723:2300,21.44,91.65,0.0,0.0,0.0,341.8,1.1,127.0,101042.0
20130724:0000,20.75,92.6,0.0,0.0,0.0,340.8,1.17,132.0,101012.0
20130724:0100,20.1,93.1,0.0,0.0,0.0,340.45,1.31,136.0,100992.0
20130724:0200,19.52,93.5,0.0,0.0,0.0,340.2,1.45,143.0,101002.0
20130724:0300,19.04,93.7,0.0,0.0,0.0,342.2,1.52,149.0,101012.0
20130724:0400,18.58,93.75,0.0,0.0,0.0,340.4,1.59,156.0,101081.0
20130724:0500,18.2,93.85,20.0,0.0,20.0,341.2,1.66,160.0,101081.0
20130724:0600,19.69,91.2,190.0,383.13,90.0,342.2,1.03,151.0,101121.0
20130724:0700,24.22,71.7,390.0,573.34,130.0,355.0,0.0,281.0,101121.0
20130724:0800,26.18,67.5,583.0,678.92,156.0,369.4,0.9,8.0,101161.0
20130724:0900,27.72,62.35,751.0,746.71,172.0,373.8,1.79,19.0,101181.0
20130724:1000,28.91,57.3,877.0,788.3,181.0,383.6,2.28,26.0,101191.0
20130724:1100,30.14,50.8,955.0,826.16,175.0,377.0,2.55,31.0,101161.0
20130724:1200,31.19,44.9,963.0,813.71,186.0,379.2,2.76,32.0,101131.0
20130724:1300,31.8,41.3,915.0,800.49,183.0,380.0,3.1,30.0,101111.0
20130724:1400,31.89,40.35,806.0,754.64,183.0,378.6,3.31,29.0,101081.0
20130724:1500,31.4,41.55,659.0,712.95,164.0,376.2,3.38,32.0,101071.0
20130724:1600,30.63,43.8,477.0,638.22,139.0,373.2,3.24,36.0,101061.0
20130724:1700,29.54,48.05,276.0,490.24,108.0,370.2,2.55,38.0,101061.0
20130724:1800,28.11,55.5,90.0,252.9,53.0,362.0,2.28,38.0,101091.0
20130724:1900,25.86,70.05,0.0,0.0,0.0,356.4,1.79,37.0,101121.0
20130724:2000,24.73,76.85,0.0,0.0,0.0,350.0,1.24,56.0,101201.0
20130724:2100,23.76,82.5,0.0,0.0,0.0,346.6,0.97,99.0,101221.0
20130724:2200,22.44,89.0,0.0,0.0,0.0,344.2,1.1,134.0,101181.0
20130724:2300,21.32,92.3,0.0,0.0,0.0,342.6,1.24,146.0,101231.0
20130725:0000,20.34,94.5,0.0,0.0,0.0,341.0,1.38,150.0,101151.0
20130725:0100,19.55,95.75,0.0,0.0,0.0,340.65,1.45,150.0,101121.0
20130725:0200,18.96,96.3,0.0,0.0,0.0,340.0,1.52,149.0,101101.0
20130725:0300,18.51,96.55,0.0,0.0,0.0,339.6,1.52,153.0,101091.0
20130725:0400,18.14,96.7,0.0,0.0,0.0,339.6,1.59,156.0,101111.0
20130725:0500,17.86,96.95,20.0,0.0,20.0,339.6,1.59,159.0,101151.0
20130725:0600,19.46,93.55,193.0,417.08,85.0,340.4,1.1,156.0,101161.0
20130725:0700,25.12,69.75,394.0,606.63,120.0,355.2,0.48,215.0,101201.0
20130725:0800,27.72,58.05,588.0,704.53,146.0,363.2,0.41,281.0,101191.0
20130725:0900,29.79,50.2,754.0,760.94,165.0,371.4,0.69,343.0,101171.0
20130725:1000,31.5,44.25,876.0,788.24,181.0,376.8,1.24,4.0,101091.0
20130725:1100,32.78,40.4,964.0,856.82,156.0,381.8,1.79,11.0,101042.0
20130725:1200,33.48,38.9,962.0,813.58,186.0,384.8,2.48,15.0,101002.0
20130725:1300,33.63,39.35,914.0,800.37,183.0,386.4,2.83,22.0,100962.0
20130725:1400,33.46,40.45,753.0,596.84,261.0,386.4,3.03,30.0,100902.0
20130725:1500,33.17,40.75,650.0,686.94,174.0,384.4,2.83,37.0,100892.0
20130725:1600,32.73,41.0,465.0,590.89,153.0,380.8,2.76,42.0,100882.0
20130725:1700,31.84,43.6,271.0,469.4,111.0,379.8,2.41,48.0,100892.0
20130725:1800,30.61,49.25,87.0,235.75,53.0,374.2,2.0,56.0,100882.0
20130725:1900,28.95,57.7,0.0,0.0,0.0,368.2,1.52,86.0,100902.0
20130725:2000,27.73,62.95,0.0,0.0,0.0,366.2,1.52,115.0,100872.0
20130725:2100,26.33,68.45,0.0,0.0,0.0,362.8,1.66,131.0,100882.0
20130725:2200,25.15,72.6,0.0,0.0,0.0,363.2,1.79,142.0,100902.0
20130725:2300,23.98,76.6,0.0,0.0,0.0,363.4,1.86,150.0,100862.0
20130726:0000,22.94,80.0,0.0,0.0,0.0,364.2,1.86,150.0,100842.0
20130726:0100,22.42,80.45,0.0,0.0,0.0,369.85,1.79,154.0,100793.0
20130726:0200,22.17,78.6,0.0,0.0,0.0,368.2,1.86,158.0,100753.0
20130726:0300,22.15,74.45,0.0,0.0,0.0,369.2,2.0,156.0,100743.0
20130726:0400,22.55,67.5,0.0,0.0,0.0,378.6,2.07,153.0,100753.0
20130726:0500,22.67,63.0,18.0,0.0,18.0,374.6,2.28,156.0,100773.0
20130726:0600,23.83,59.2,176.0,311.47,96.0,374.2,2.07,165.0,100813.0
20130726:0700,27.54,53.5,376.0,520.18,142.0,376.2,1.31,220.0,100832.0
20130726:0800,30.96,42.9,573.0,651.99,165.0,384.6,1.03,248.0,100862.0
20130726:0900,32.99,38.9,744.0,732.53,178.0,394.45,0.97,289.0,100852.0
20130726:1000,34.32,37.5,870.0,773.45,189.0,401.05,1.72,326.0,100783.0
20130726:1100,35.03,37.8,943.0,795.22,194.0,404.85,2.41,337.0,100763.0
20130726:1200,35.17,39.2,961.0,813.49,186.0,407.25,2.9,343.0,100723.0
20130726:1300,35.0,40.9,898.0,756.44,208.0,407.65,3.03,349.0,100743.0
20130726:1400,34.57,42.45,795.0,725.33,198.0,405.45,2.14,4.0,100693.0
20130726:1500,34.79,41.15,638.0,647.89,190.0,404.45,2.41,37.0,100663.0
20130726:1600,34.25,42.2,324.0,153.89,243.0,402.45,2.41,42.0,100673.0
20130726:1700,33.28,44.95,50.0,0.0,50.0,407.45,1.66,48.0,100663.0
20130726:1800,32.25,48.85,68.0,98.56,54.0,405.25,0.62,146.0,100673.0
20130726:1900,31.36,49.35,0.0,0.0,0.0,407.05,0.9,7.0,100613.0
20130726:2000,29.82,55.3,0.0,0.0,0.0,407.45,1.45,76.0,100623.0
20130726:2100,28.74,58.05,0.0,0.0,0.0,389.4,1.79,120.0,100633.0
20130726:2200,27.82,58.2,0.0,0.0,0.0,381.6,2.34,142.0,100613.0
20130726:2300,26.71,58.2,0.0,0.0,0.0,375.8,2.55,153.0,100594.0
20130727:0000,26.48,53.4,0.0,0.0,0.0,375.6,2.62,163.0,100554.0
20130727:0100,26.27,48.5,0.0,0.0,0.0,374.25,2.55,173.0,100494.0
20130727:0200,25.6,47.25,0.0,0.0,0.0,372.6,2.41,179.0,100464.0
20130727:0300,24.82,47.6,0.0,0.0,0.0,367.4,2.34,179.0,100464.0
20130727:0400,24.12,49.1,0.0,0.0,0.0,363.0,2.41,182.0,100504.0
20130727:0500,23.74,51.45,2.0,0.0,2.0,363.0,2.34,203.0,100504.0
20130727:0600,24.39,55.6,183.0,369.01,89.0,360.6,2.07,221.0,100544.0
20130727:0700,28.34,46.9,367.0,488.84,148.0,370.6,1.66,256.0,100604.0
20130727:0800,30.72,45.2,562.0,615.22,178.0,381.4,2.0,286.0,100613.0
20130727:0900,32.28,44.95,730.0,691.08,197.0,388.4,1.66,301.0,100604.0
20130727:1000,33.8,42.95,854.0,730.2,212.0,396.65,1.59,334.0,100514.0
20130727:1100,34.72,42.7,936.0,780.27,202.0,402.65,2.55,346.0,100494.0
20130727:1200,34.23,46.95,939.0,754.58,221.0,410.05,3.38,350.0,100474.0
20130727:1300,33.23,52.25,632.0,204.18,446.0,411.65,3.93,354.0,100504.0
20130727:1400,31.85,57.7,733.0,548.84,282.0,411.05,4.07,347.0,100584.0
20130727:1500,30.28,62.65,345.0,52.18,309.0,413.45,3.31,310.0,100653.0
20130727:1600,30.31,61.2,46.0,0.0,46.0,416.25,2.28,283.0,100613.0
20130727:1700,29.88,62.35,245.0,347.22,128.0,425.45,1.59,13.0,100564.0
20130727:1800,29.01,63.85,61.0,71.54,51.0,405.65,2.28,329.0,100623.0
20130727:1900,27.17,71.4,0.0,0.0,0.0,390.6,1.72,323.0,100643.0
20130727:2000,25.9,76.85,0.0,0.0,0.0,380.0,1.17,316.0,100703.0
20130727:2100,25.13,80.75,0.0,0.0,0.0,371.8,1.24,291.0,100803.0
20130727:2200,24.3,85.45,0.0,0.0,0.0,369.2,1.1,269.0,100832.0
20130727:2300,23.86,87.5,0.0,0.0,0.0,369.4,1.1,239.0,100773.0
20130728:0000,23.3,90.35,0.0,0.0,0.0,368.6,1.17,218.0,100803.0
20130728:0100,22.93,91.6,0.0,0.0,0.0,368.65,1.38,219.0,100773.0
20130728:0200,22.69,91.8,0.0,0.0,0.0,368.2,1.52,218.0,100803.0
20130728:0300,22.5,91.6,0.0,0.0,0.0,367.8,1.66,202.0,100872.0
20130728:0400,22.14,92.5,0.0,0.0,0.0,368.8,1.72,177.0,100902.0
20130728:0500,21.87,93.3,13.0,0.0,13.0,370.0,1.66,172.0,100962.0
20130728:0600,23.04,90.9,159.0,233.57,100.0,370.6,1.1,171.0,100972.0
20130728:0700,27.48,62.75,366.0,488.65,148.0,371.0,0.83,159.0,101032.0
20130728:0800,29.94,44.55,554.0,591.13,186.0,378.4,0.28,322.0,101032.0
20130728:0900,31.55,37.15,729.0,691.07,197.0,386.0,1.24,352.0,100992.0
20130728:1000,32.63,34.5,853.0,730.13,212.0,390.8,2.41,350.0,101002.0
20130728:1100,32.8,33.9,935.0,779.15,203.0,392.85,3.31,343.0,101002.0
20130728:1200,32.34,34.4,943.0,768.16,213.0,392.6,4.0,337.0,101012.0
20130728:1300,31.56,35.6,891.0,740.92,217.0,392.45,3.93,326.0,101061.0
20130728:1400,30.99,36.35,788.0,710.68,205.0,391.6,3.45,318.0,101061.0
20130728:1500,30.51,37.1,72.0,0.0,72.0,389.0,2.97,318.0,101032.0
20130728:1600,29.81,38.35,42.0,0.0,42.0,392.85,2.34,325.0,101081.0
20130728:1700,29.25,39.4,63.0,0.0,63.0,389.25,1.79,306.0,101171.0
20130728:1800,28.62,40.2,59.0,65.49,50.0,386.2,0.48,235.0,101101.0
20130728:1900,27.63,45.8,0.0,0.0,0.0,399.85,1.1,7.0,101111.0
20130728:2000,26.49,52.95,0.0,0.0,0.0,396.25,1.45,310.0,101231.0
20130728:2100,25.79,57.8,0.0,0.0,0.0,398.65,0.41,300.0,101231.0
20130728:2200,24.7,65.85,0.0,0.0,0.0,383.8,0.41,5.0,101300.0
20130728:2300,23.94,67.9,0.0,0.0,0.0,381.4,1.72,299.0,101350.0
20130729:0000,23.26,71.25,0.0,0.0,0.0,374.8,1.31,226.0,101330.0
20130729:0100,22.82,71.1,0.0,0.0,0.0,367.45,1.79,224.0,101300.0
20130729:0200,22.54,71.3,0.0,0.0,0.0,363.2,1.86,234.0,101340.0
20130729:0300,22.25,72.2,0.0,0.0,0.0,366.0,1.59,214.0,101370.0
20130729:0400,21.75,74.25,0.0,0.0,0.0,363.6,1.38,199.0,101440.0
20130729:0500,21.47,76.75,15.0,0.0,15.0,362.4,1.38,208.0,101539.0
20130729:0600,22.62,74.7,173.0,323.42,92.0,365.8,1.17,218.0,101569.0
20130729:0700,25.9,57.55,372.0,526.74,138.0,370.6,2.62,257.0,101629.0
20130729:0800,27.45,49.05,568.0,650.68,164.0,376.8,3.79,272.0,101649.0
20130729:0900,28.55,46.95,740.0,731.43,178.0,383.0,3.86,284.0,101708.0
20130729:1000,29.47,45.05,866.0,772.3,189.0,387.0,3.66,293.0,101698.0
20130729:1100,30.28,42.75,939.0,794.04,194.0,390.8,3.52,302.0,101679.0
20130729:1200,30.83,41.35,952.0,798.68,194.0,392.45,3.52,312.0,101669.0
20130729:1300,31.02,41.0,899.0,770.62,199.0,393.25,3.59,323.0,101659.0
20130729:1400,30.86,41.55,795.0,738.82,190.0,393.8,3.45,335.0,101599.0
20130729:1500,30.47,42.9,644.0,684.42,174.0,392.65,3.31,345.0,101639.0
20130729:1600,29.83,45.35,460.0,598.97,148.0,390.25,3.1,356.0,101639.0
20130729:1700,28.93,49.5,260.0,447.84,111.0,385.6,2.69,8.0,101679.0
20130729:1800,27.76,56.15,78.0,207.43,50.0,380.6,2.07,17.0,101698.0
20130729:1900,26.23,59.9,0.0,0.0,0.0,369.0,1.45,16.0,101708.0
20130729:2000,25.25,66.9,0.0,0.0,0.0,363.4,1.03,27.0,101738.0
20130729:2100,24.04,76.85,0.0,0.0,0.0,360.8,0.83,44.0,101778.0
20130729:2200,23.14,80.7,0.0,0.0,0.0,359.0,0.83,59.0,101738.0
20130729:2300,22.41,84.95,0.0,0.0,0.0,357.6,1.03,69.0,101708.0
20130730:0000,21.94,87.25,0.0,0.0,0.0,356.8,1.03,79.0,101728.0
20130730:0100,21.56,89.2,0.0,0.0,0.0,356.05,1.17,89.0,101659.0
20130730:0200,21.14,90.8,0.0,0.0,0.0,354.8,1.24,98.0,101649.0
20130730:0300,20.89,91.6,0.0,0.0,0.0,356.2,1.24,98.0,101629.0
20130730:0400,20.74,92.2,0.0,0.0,0.0,355.0,1.24,97.0,101609.0
20130730:0500,20.5,92.95,14.0,0.0,14.0,351.8,1.24,97.0,101639.0
20130730:0600,21.42,91.0,178.0,366.52,87.0,353.8,1.24,86.0,101689.0
20130730:0700,24.41,81.0,380.0,576.48,125.0,382.8,2.83,58.0,101708.0
20130730:0800,25.88,71.55,576.0,687.96,150.0,389.6,3.52,56.0,101738.0
20130730:0900,27.2,64.35,742.0,744.57,171.0,394.85,3.93,55.0,101728.0
20130730:1000,28.5,58.0,865.0,772.35,189.0,390.8,4.28,53.0,101689.0
20130730:1100,29.52,53.45,943.0,809.01,185.0,392.8,4.62,52.0,101609.0
20130730:1200,30.28,49.85,951.0,797.66,195.0,393.05,4.76,50.0,101579.0
20130730:1300,30.6,47.65,898.0,769.59,200.0,393.85,4.97,47.0,101519.0
20130730:1400,30.4,46.5,794.0,737.76,191.0,392.45,5.24,46.0,101489.0
20130730:1500,29.73,46.6,642.0,684.69,173.0,387.4,5.38,47.0,101470.0
20130730:1600,28.76,48.35,461.0,608.96,145.0,382.4,5.24,50.0,101460.0
20130730:1700,27.63,52.0,261.0,463.0,108.0,373.2,4.9,52.0,101450.0
20130730:1800,26.25,58.1,79.0,226.5,49.0,365.4,4.28,53.0,101489.0
20130730:1900,24.89,62.95,0.0,0.0,0.0,357.2,3.66,55.0,101509.0
20130730:2000,23.85,68.0,0.0,0.0,0.0,348.8,2.97,61.0,101549.0
20130730:2100,23.07,72.1,0.0,0.0,0.0,342.4,2.48,64.0,101569.0
20130730:2200,22.28,76.65,0.0,0.0,0.0,337.0,2.28,63.0,101549.0
20130730:2300,21.39,81.8,0.0,0.0,0.0,333.0,2.28,65.0,101539.0
20130731:0000,20.75,85.35,0.0,0.0,0.0,329.8,2.21,68.0,101489.0
20130731:0100,20.31,86.8,0.0,0.0,0.0,327.85,2.14,74.0,101420.0
20130731:0200,20.07,87.55,0.0,0.0,0.0,326.0,1.93,85.0,101390.0
20130731:0300,19.78,88.45,0.0,0.0,0.0,323.8,1.72,104.0,101370.0
20130731:0400,19.07,90.45,0.0,0.0,0.0,321.6,1.59,125.0,101390.0
20130731:0500,18.21,92.6,14.0,0.0,14.0,318.6,1.59,135.0,101360.0
20130731:0600,19.05,90.25,184.0,422.61,80.0,319.8,1.17,124.0,101400.0
20130731:0700,22.77,70.15,387.0,619.87,114.0,323.0,1.52,79.0,101400.0
20130731:0800,25.29,50.3,580.0,712.51,140.0,332.0,2.69,62.0,101420.0
20130731:0900,27.23,38.95,744.0,757.79,164.0,339.6,3.66,58.0,101400.0
20130731:1000,28.54,35.0,868.0,787.3,180.0,345.8,4.07,55.0,101390.0
20130731:1100,29.44,33.85,947.0,824.05,176.0,351.2,4.41,48.0,101350.0
20130731:1200,29.86,34.5,950.0,797.74,195.0,356.0,4.62,44.0,101290.0
20130731:1300,29.92,36.1,901.0,784.06,191.0,359.0,4.83,42.0,101260.0
20130731:1400,29.67,38.15,801.0,766.17,176.0,361.0,4.9,42.0,101231.0
20130731:1500,29.15,40.5,648.0,709.92,163.0,361.0,4.83,44.0,101211.0
20130731:1600,24.38,64.03,464.0,632.68,137.0,333.8,3.26,49.0,101201.0
20130731:1700,24.74,62.19,267.0,515.06,98.0,339.86,3.14,54.0,101171.0
20130731:1800,25.09,60.34,78.0,238.77,47.0,345.92,3.03,55.0,101181.0
20130731:1900,25.44,58.49,0.0,0.0,0.0,351.97,2.91,50.0,101191.0
20130731:2000,25.8,56.64,0.0,0.0,0.0,358.03,2.8,55.0,101221.0
20130731:2100,26.16,54.79,0.0,0.0,0.0,364.09,2.68,69.0,101260.0
20130731:2200,26.51,52.94,0.0,0.0,0.0,370.15,2.57,92.0,101241.0
20130731:2300,26.86,51.09,0.0,0.0,0.0,376.21,2.45,115.0,101221.0
20150801:0000,27.22,49.24,0.0,0.0,0.0,382.27,2.33,222.0,100464.0
20150801:0100,27.58,47.39,0.0,0.0,0.0,388.33,2.22,240.0,100494.0
20150801:0200,27.93,45.54,0.0,0.0,0.0,394.38,2.1,234.0,100514.0
20150801:0300,28.28,43.69,0.0,0.0,0.0,400.44,1.99,254.0,100484.0
20150801:0400,28.64,41.84,0.0,0.0,0.0,406.5,1.87,215.0,100484.0
20150801:0500,29.0,40.0,7.0,0.0,7.0,412.56,1.76,171.0,100494.0
20150801:0600,29.35,38.15,25.0,0.0,25.0,418.62,1.64,270.0,100524.0
20150801:0700,29.7,36.3,230.0,86.66,192.0,424.68,1.53,323.0,100524.0
20150801:0800,30.46,50.85,340.0,92.56,283.0,405.25,2.55,316.0,100604.0
20150801:0900,29.97,64.4,134.0,0.0,134.0,410.05,4.9,308.0,100763.0
20150801:1000,29.3,72.55,748.0,480.25,329.0,422.65,4.62,321.0,100793.0
20150801:1100,29.32,71.2,485.0,53.52,435.0,428.25,3.17,334.0,100713.0
20150801:1200,30.46,61.75,420.0,21.16,400.0,424.85,2.97,348.0,100673.0
20150801:1300,31.19,54.3,573.0,142.69,444.0,415.65,3.03,19.0,100753.0
20150801:1400,31.42,50.95,536.0,175.66,393.0,416.25,3.24,32.0,100773.0
20150801:1500,31.42,48.3,596.0,551.89,220.0,411.85,3.66,41.0,100803.0
20150801:1600,31.59,45.65,439.0,545.94,158.0,409.05,3.66,43.0,100743.0
20150801:1700,31.23,44.55,251.0,432.92,110.0,405.25,3.17,45.0,100693.0
20150801:1800,30.43,46.0,70.0,173.06,48.0,392.8,2.83,52.0,100703.0
20150801:1900,28.03,69.45,0.0,0.0,0.0,391.65,1.93,48.0,100743.0
20150801:2000,27.11,74.7,0.0,0.0,0.0,390.45,1.79,60.0,100813.0
20150801:2100,26.34,79.3,0.0,0.0,0.0,382.8,1.66,62.0,100842.0
20150801:2200,25.67,83.35,0.0,0.0,0.0,379.8,1.24,48.0,100942.0
20150801:2300,24.98,87.45,0.0,0.0,0.0,381.0,1.45,28.0,100892.0
20150802:0000,24.42,91.2,0.0,0.0,0.0,379.0,1.59,33.0,100922.0
20150802:0100,24.06,93.55,0.0,0.0,0.0,380.65,2.0,41.0,100912.0
20150802:0200,23.87,94.45,0.0,0.0,0.0,385.6,2.21,51.0,100922.0
20150802:0300,23.76,94.95,0.0,0.0,0.0,386.8,2.21,57.0,100912.0
20150802:0400,23.78,94.7,0.0,0.0,0.0,391.8,2.34,59.0,100902.0
20150802:0500,23.68,94.95,6.0,0.0,6.0,387.4,2.48,61.0,100952.0
20150802:0600,24.17,91.85,118.0,91.04,96.0,398.25,2.97,64.0,100992.0
20150802:0700,25.67,84.05,323.0,348.21,171.0,407.65,3.79,56.0,101022.0
20150802:0800,26.96,75.95,485.0,395.7,242.0,405.05,4.21,60.0,101042.0
20150802:0900,28.66,66.95,676.0,565.39,245.0,410.05,3.79,59.0,101051.0
20150802:1000,30.51,58.7,853.0,770.36,182.0,424.25,3.72,47.0,101051.0
20150802:1100,31.74,54.4,935.0,821.13,169.0,419.45,4.07,40.0,101032.0
20150802:1200,32.3,52.8,954.0,840.41,161.0,416.05,4.41,39.0,101002.0
20150802:1300,32.49,52.4,900.0,812.2,167.0,416.65,4.69,39.0,100982.0
20150802:1400,32.31,52.5,800.0,793.98,155.0,411.85,4.69,42.0,100952.0
20150802:1500,31.84,52.65,639.0,710.99,156.0,410.45,4.48,44.0,100982.0
20150802:1600,31.16,53.1,457.0,636.11,131.0,406.25,4.34,49.0,100962.0
20150802:1700,30.25,54.65,254.0,467.23,103.0,400.65,4.14,47.0,100972.0
20150802:1800,28.7,59.25,66.0,160.87,46.0,394.85,3.52,46.0,101042.0
20150802:1900,27.62,67.85,0.0,0.0,0.0,389.4,2.34,41.0,101022.0
20150802:2000,26.36,74.8,0.0,0.0,0.0,386.0,2.76,44.0,101061.0
20150802:2100,25.54,79.95,0.0,0.0,0.0,380.0,2.41,52.0,101151.0
20150802:2200,25.01,83.5,0.0,0.0,0.0,377.8,2.0,54.0,101151.0
20150802:2300,24.51,86.9,0.0,0.0,0.0,376.4,1.72,58.0,101171.0
20150803:0000,23.99,90.2,0.0,0.0,0.0,375.2,1.79,57.0,101141.0
20150803:0100,23.55,93.05,0.0,0.0,0.0,375.25,1.93,61.0,101111.0
20150803:0200,23.22,94.5,0.0,0.0,0.0,374.2,1.86,74.0,101071.0
20150803:0300,23.07,95.15,0.0,0.0,0.0,371.6,1.66,81.0,101061.0
20150803:0400,22.98,95.9,0.0,0.0,0.0,371.8,1.45,86.0,101032.0
20150803:0500,22.77,96.9,8.0,0.0,8.0,368.8,1.31,96.0,101042.0
20150803:0600,23.33,94.55,169.0,359.21,83.0,370.0,1.31,91.0,101081.0
20150803:0700,26.22,79.4,363.0,538.5,129.0,375.4,1.86,70.0,101081.0
20150803:0800,28.5,68.4,562.0,676.08,148.0,381.2,2.34,60.0,101121.0
20150803:0900,30.65,57.75,738.0,771.63,151.0,388.6,3.1,52.0,101111.0
20150803:1000,32.31,49.35,870.0,830.31,148.0,394.85,3.86,49.0,101141.0
20150803:1100,33.34,43.75,919.0,775.16,197.0,403.25,4.21,49.0,101131.0
20150803:1200,34.16,38.95,937.0,793.97,189.0,399.85,4.41,49.0,101111.0
20150803:1300,34.86,34.8,909.0,842.51,150.0,399.05,4.41,49.0,101061.0
20150803:1400,35.18,31.7,806.0,824.12,138.0,395.6,4.48,50.0,101012.0
20150803:1500,34.81,30.55,641.0,723.46,151.0,391.25,4.55,49.0,100982.0
20150803:1600,33.84,31.5,455.0,635.07,131.0,391.6,4.21,52.0,100952.0
20150803:1700,33.0,32.85,251.0,464.77,102.0,379.0,3.93,55.0,100962.0
20150803:1800,31.51,37.45,62.0,139.98,45.0,369.4,2.97,55.0,100992.0
20150803:1900,29.1,49.05,0.0,0.0,0.0,364.2,2.55,58.0,100992.0
20150803:2000,27.89,54.45,0.0,0.0,0.0,358.2,2.34,80.0,101012.0
20150803:2100,26.96,57.9,0.0,0.0,0.0,356.0,2.0,97.0,101042.0
20150803:2200,26.0,60.45,0.0,0.0,0.0,355.4,2.07,114.0,100982.0
20150803:2300,25.08,61.8,0.0,0.0,0.0,354.6,2.14,126.0,100932.0
20150804:0000,24.18,62.6,0.0,0.0,0.0,354.2,2.21,134.0,100832.0
20150804:0100,23.32,62.95,0.0,0.0,0.0,353.85,2.21,139.0,100753.0
20150804:0200,22.69,62.55,0.0,0.0,0.0,353.2,2.07,144.0,100753.0
20150804:0300,22.18,62.15,0.0,0.0,0.0,352.2,1.93,148.0,100743.0
20150804:0400,21.8,62.15,0.0,0.0,0.0,351.8,1.79,149.0,100783.0
20150804:0500,21.57,62.55,0.0,0.0,0.0,352.2,1.52,171.0,100842.0
20150804:0600,23.36,59.3,161.0,320.45,85.0,354.8,1.24,227.0,100902.0
20150804:0700,28.05,40.85,347.0,469.31,144.0,365.2,0.28,273.0,100932.0
20150804:0800,30.46,37.8,551.0,638.73,161.0,380.0,1.31,334.0,101002.0
20150804:0900,31.53,42.75,728.0,742.96,164.0,391.0,2.07,330.0,101042.0
20150804:1000,31.95,47.7,859.0,799.5,165.0,396.45,3.03,332.0,101091.0
20150804:1100,32.08,50.15,938.0,836.62,160.0,402.05,2.97,342.0,101042.0
20150804:1200,32.66,48.25,956.0,855.87,151.0,408.05,2.48,354.0,101032.0
20150804:1300,33.36,45.35,897.0,811.82,167.0,406.25,2.28,359.0,101042.0
20150804:1400,33.74,43.4,792.0,779.03,162.0,407.25,2.41,7.0,100932.0
20150804:1500,33.8,42.4,632.0,696.09,162.0,406.85,2.0,15.0,100942.0
20150804:1600,33.74,42.05,445.0,598.67,141.0,403.85,1.93,11.0,100942.0
20150804:1700,32.83,44.8,225.0,320.85,123.0,401.25,2.48,3.0,100902.0
20150804:1800,30.9,50.4,56.0,101.29,44.0,397.05,2.34,11.0,100912.0
20150804:1900,28.51,63.95,0.0,0.0,0.0,390.0,2.0,31.0,100912.0
20150804:2000,27.34,69.6,0.0,0.0,0.0,384.6,1.66,41.0,100982.0
20150804:2100,26.67,73.35,0.0,0.0,0.0,384.2,1.31,49.0,101022.0
20150804:2200,26.01,77.25,0.0,0.0,0.0,381.2,1.31,51.0,101071.0
20150804:2300,25.51,80.4,0.0,0.0,0.0,378.2,0.97,57.0,100992.0
20150805:0000,25.01,83.35,0.0,0.0,0.0,377.8,0.83,88.0,100962.0
20150805:0100,24.26,86.95,0.0,0.0,0.0,376.85,1.1,118.0,100892.0
20150805:0200,23.62,89.45,0.0,0.0,0.0,374.6,1.17,130.0,100862.0
20150805:0300,23.45,89.05,0.0,0.0,0.0,374.4,0.9,124.0,100872.0
20150805:0400,23.29,88.75,0.0,0.0,0.0,374.0,0.83,111.0,100862.0
20150805:0500,22.76,90.4,0.0,0.0,0.0,373.8,1.03,124.0,100902.0
20150805:0600,23.59,87.9,129.0,144.75,95.0,375.2,0.9,130.0,100922.0
20150805:0700,27.79,64.7,347.0,476.14,142.0,379.0,0.48,111.0,100932.0
20150805:0800,30.64,52.9,543.0,612.68,170.0,389.2,0.62,14.0,100952.0
20150805:0900,32.9,44.05,719.0,715.51,177.0,398.25,1.72,3.0,100972.0
20150805:1000,34.32,39.6,848.0,769.75,181.0,406.05,2.62,8.0,101012.0
20150805:1100,35.12,37.6,936.0,835.84,160.0,409.25,2.97,14.0,100952.0
20150805:1200,35.67,36.35,954.0,855.19,151.0,413.25,2.48,12.0,100932.0
20150805:1300,36.25,35.05,895.0,811.16,167.0,416.65,2.83,8.0,100892.0
20150805:1400,36.0,35.45,794.0,793.29,154.0,416.45,3.24,10.0,100872.0
20150805:1500,35.26,36.9,633.0,708.75,156.0,415.05,2.97,21.0,100852.0
20150805:1600,34.58,38.15,448.0,621.38,134.0,410.05,2.62,28.0,100813.0
20150805:1700,33.68,40.1,248.0,469.63,100.0,406.85,2.55,33.0,100813.0
20150805:1800,32.3,44.2,58.0,138.63,42.0,401.05,2.14,44.0,100823.0
20150805:1900,30.28,53.4,0.0,0.0,0.0,387.2,1.86,48.0,100852.0
20150805:2000,29.25,58.3,0.0,0.0,0.0,381.8,1.31,58.0,100902.0
20150805:2100,28.54,61.6,0.0,0.0,0.0,379.6,0.76,94.0,100932.0
20150805:2200,28.02,63.6,0.0,0.0,0.0,377.8,0.69,120.0,100912.0
20150805:2300,27.37,65.85,0.0,0.0,0.0,376.4,0.76,119.0,100922.0
20150806:0000,26.5,69.05,0.0,0.0,0.0,374.6,0.97,124.0,100902.0
20150806:0100,25.45,72.8,0.0,0.0,0.0,373.05,1.24,136.0,100852.0
20150806:0200,24.6,75.5,0.0,0.0,0.0,371.0,1.52,145.0,100823.0
20150806:0300,24.25,75.85,0.0,0.0,0.0,370.2,1.45,151.0,100783.0
20150806:0400,24.32,74.85,0.0,0.0,0.0,369.4,1.17,154.0,100753.0
20150806:0500,23.85,76.85,0.0,0.0,0.0,369.8,1.1,148.0,100753.0
20150806:0600,24.04,78.35,139.0,202.05,92.0,370.8,1.1,136.0,100882.0
20150806:0700,28.28,60.85,312.0,331.36,170.0,376.6,1.03,316.0,100962.0
20150806:0800,30.51,54.05,494.0,441.52,226.0,386.8,0.76,2.0,100932.0
20150806:0900,33.0,44.3,670.0,563.6,244.0,396.45,1.03,45.0,100952.0
20150806:1000,35.4,34.8,806.0,646.29,247.0,403.85,1.93,53.0,100912.0
20150806:1100,37.21,28.4,889.0,702.38,238.0,407.65,2.48,46.0,100892.0
20150806:1200,38.09,25.65,906.0,720.13,231.0,410.65,2.9,29.0,100842.0
20150806:1300,38.19,25.55,826.0,617.4,273.0,412.05,3.38,16.0,100793.0
20150806:1400,37.57,26.9,682.0,467.21,306.0,409.05,3.86,12.0,100753.0
20150806:1500,36.54,28.95,522.0,359.3,281.0,406.25,4.0,13.0,100773.0
20150806:1600,34.84,32.95,342.0,236.69,223.0,401.05,2.9,8.0,100793.0
20150806:1700,33.59,36.75,187.0,172.92,133.0,395.85,2.28,10.0,100813.0
20150806:1800,32.02,42.55,48.0,71.26,40.0,389.4,1.79,20.0,100793.0
20150806:1900,29.83,54.5,0.0,0.0,0.0,382.0,1.17,10.0,100832.0
20150806:2000,28.74,59.8,0.0,0.0,0.0,376.4,0.83,8.0,100872.0
20150806:2100,27.65,65.65,0.0,0.0,0.0,373.6,0.62,32.0,100902.0
20150806:2200,27.03,68.8,0.0,0.0,0.0,370.2,0.41,52.0,100823.0
20150806:2300,27.07,68.7,0.0,0.0,0.0,371.0,0.21,132.0,100872.0
20150807:0000,26.48,71.55,0.0,0.0,0.0,368.4,0.41,219.0,100862.0
20150807:0100,25.63,75.8,0.0,0.0,0.0,368.85,0.69,240.0,100882.0
20150807:0200,25.35,77.35,0.0,0.0,0.0,368.0,0.69,209.0,100872.0
20150807:0300,24.42,80.45,0.0,0.0,0.0,367.8,1.1,162.0,100872.0
20150807:0400,23.43,83.1,0.0,0.0,0.0,367.0,1.31,156.0,100803.0
20150807:0500,22.88,84.05,0.0,0.0,0.0,364.6,1.31,166.0,100813.0
20150807:0600,24.22,78.15,146.0,247.48,89.0,363.4,0.76,165.0,100823.0
20150807:0700,28.02,63.0,338.0,447.83,147.0,372.6,0.76,306.0,100882.0
20150807:0800,30.15,55.75,543.0,622.96,166.0,382.6,1.38,326.0,100902.0
20150807:0900,31.97,49.7,712.0,700.1,184.0,392.05,1.45,339.0,100902.0
20150807:1000,33.51,45.25,841.0,754.05,190.0,399.45,2.14,337.0,100902.0
20150807:1100,34.48,43.4,913.0,774.94,196.0,406.05,2.76,342.0,100852.0
20150807:1200,34.84,43.0,855.0,588.9,304.0,410.45,3.24,354.0,100813.0
20150807:1300,35.0,42.0,872.0,750.69,201.0,412.25,2.9,9.0,100862.0
20150807:1400,35.31,39.15,751.0,666.5,216.0,413.65,3.24,24.0,100793.0
20150807:1500,35.24,35.55,594.0,583.47,204.0,410.25,3.79,28.0,100793.0
20150807:1600,34.57,33.15,419.0,509.85,164.0,403.45,3.79,30.0,100773.0
20150807:1700,33.22,35.1,228.0,374.98,112.0,396.25,3.1,33.0,100763.0
20150807:1800,31.6,40.4,53.0,119.22,40.0,388.8,2.34,35.0,100813.0
20150807:1900,30.53,42.35,0.0,0.0,0.0,377.2,2.07,54.0,100813.0
20150807:2000,29.41,46.2,0.0,0.0,0.0,371.0,1.79,72.0,100872.0
20150807:2100,28.61,48.55,0.0,0.0,0.0,366.4,1.45,90.0,100922.0
20150807:2200,28.08,49.4,0.0,0.0,0.0,365.2,1.1,103.0,100942.0
20150807:2300,27.1,52.45,0.0,0.0,0.0,363.4,0.9,122.0,100982.0
20150808:0000,26.25,54.4,0.0,0.0,0.0,363.0,1.03,134.0,100942.0
20150808:0100,25.36,56.35,0.0,0.0,0.0,362.25,1.1,141.0,100892.0
20150808:0200,24.5,58.3,0.0,0.0,0.0,361.6,1.31,145.0,100902.0
20150808:0300,23.72,59.65,0.0,0.0,0.0,361.4,1.45,145.0,100922.0
20150808:0400,23.11,61.3,0.0,0.0,0.0,360.4,1.45,139.0,100932.0
20150808:0500,22.38,65.1,0.0,0.0,0.0,359.8,1.52,135.0,100952.0
20150808:0600,22.94,66.4,143.0,241.22,88.0,360.2,1.31,130.0,100972.0
20150808:0700,28.09,43.65,328.0,409.94,154.0,366.8,1.38,96.0,100982.0
20150808:0800,31.41,31.45,556.0,686.19,142.0,375.2,1.66,78.0,101002.0
20150808:0900,33.91,25.85,726.0,754.84,158.0,383.4,2.21,60.0,101012.0
20150808:1000,35.69,23.35,858.0,813.5,157.0,390.6,3.03,49.0,100962.0
20150808:1100,36.73,22.35,941.0,866.19,141.0,395.25,3.72,46.0,101002.0
20150808:1200,37.3,21.8,954.0,870.54,141.0,398.25,4.28,48.0,100912.0
20150808:1300,37.59,21.3,900.0,840.87,150.0,398.65,4.48,52.0,100882.0
20150808:1400,37.62,21.1,792.0,806.93,146.0,398.85,4.55,53.0,100832.0
20150808:1500,37.19,21.75,626.0,707.2,155.0,397.25,4.69,48.0,100823.0
20150808:1600,35.89,24.65,437.0,605.11,136.0,395.05,4.69,43.0,100832.0
20150808:1700,33.85,30.8,237.0,443.96,101.0,392.0,3.86,36.0,100932.0
20150808:1800,31.45,40.65,53.0,132.42,39.0,387.4,2.97,17.0,101012.0
20150808:1900,28.47,55.5,0.0,0.0,0.0,373.8,2.21,8.0,101101.0
20150808:2000,27.01,66.25,0.0,0.0,0.0,371.6,2.07,343.0,101260.0
20150808:2100,25.93,75.95,0.0,0.0,0.0,372.4,1.86,342.0,101360.0
20150808:2200,25.19,83.05,0.0,0.0,0.0,373.4,1.52,3.0,101360.0
20150808:2300,24.66,87.75,0.0,0.0,0.0,373.0,1.45,72.0,101340.0
20150809:0000,24.21,90.1,0.0,0.0,0.0,371.2,1.52,94.0,101241.0
20150809:0100,23.79,93.15,0.0,0.0,0.0,368.25,1.24,39.0,101171.0
20150809:0200,23.51,95.35,0.0,0.0,0.0,372.6,1.1,50.0,101221.0
20150809:0300,23.32,96.25,0.0,0.0,0.0,372.2,1.38,114.0,101201.0
20150809:0400,22.82,96.25,0.0,0.0,0.0,368.6,1.38,132.0,101171.0
20150809:0500,23.12,94.15,0.0,0.0,0.0,372.8,0.69,73.0,101161.0
20150809:0600,23.67,92.5,139.0,230.4,87.0,388.2,1.31,50.0,101171.0
20150809:0700,26.32,75.4,313.0,350.39,165.0,405.45,0.9,42.0,101191.0
20150809:0800,27.81,69.0,545.0,646.74,156.0,395.05,2.14,28.0,101231.0
20150809:0900,29.22,62.85,696.0,659.34,201.0,405.65,3.1,38.0,101231.0
20150809:1000,30.66,55.1,819.0,697.64,219.0,397.65,3.38,44.0,101221.0
20150809:1100,31.95,48.65,910.0,774.49,196.0,405.85,3.72,40.0,101231.0
20150809:1200,32.76,44.75,892.0,693.06,246.0,404.45,4.21,35.0,101231.0
20150809:1300,32.96,42.85,854.0,707.89,224.0,405.05,4.48,35.0,101211.0
20150809:1400,32.95,41.95,760.0,706.45,196.0,405.25,4.41,35.0,101181.0
20150809:1500,32.42,42.75,620.0,693.27,160.0,401.85,4.14,36.0,101121.0
20150809:1600,31.65,45.45,430.0,582.24,142.0,397.85,4.21,37.0,101091.0
20150809:1700,30.38,50.6,229.0,408.93,105.0,394.25,3.79,39.0,101091.0
20150809:1800,28.72,59.4,46.0,87.95,37.0,389.8,3.1,37.0,101121.0
20150809:1900,27.06,68.2,0.0,0.0,0.0,387.6,2.34,36.0,101191.0
20150809:2000,26.11,75.0,0.0,0.0,0.0,387.4,2.07,38.0,101260.0
20150809:2100,25.49,79.75,0.0,0.0,0.0,386.6,1.79,43.0,101330.0
20150809:2200,24.94,83.5,0.0,0.0,0.0,375.8,1.66,70.0,101280.0
20150809:2300,24.44,85.9,0.0,0.0,0.0,370.6,1.24,98.0,101241.0
20150810:0000,24.43,85.7,0.0,0.0,0.0,379.4,0.34,11.0,101181.0
20150810:0100,23.96,88.15,0.0,0.0,0.0,383.65,0.34,19.0,101081.0
20150810:0200,23.52,91.35,0.0,0.0,0.0,395.25,1.03,37.0,101131.0
20150810:0300,23.45,92.15,0.0,0.0,0.0,396.45,0.83,23.0,101241.0
20150810:0400,23.26,93.7,0.0,0.0,0.0,400.85,0.69,44.0,101211.0
20150810:0500,23.41,91.3,0.0,0.0,0.0,401.05,1.24,122.0,101181.0
20150810:0600,23.79,88.25,151.0,317.87,80.0,402.25,0.97,32.0,101161.0
20150810:0700,26.82,67.95,32.0,0.0,32.0,395.85,0.9,209.0,101161.0
20150810:0800,28.57,58.7,410.0,228.49,273.0,395.25,1.66,328.0,101131.0
20150810:0900,29.93,52.05,683.0,622.17,217.0,396.45,2.62,345.0,101111.0
20150810:1000,30.97,45.8,854.0,812.04,157.0,399.65,2.9,341.0,101091.0
20150810:1100,31.79,42.15,938.0,866.16,141.0,403.05,2.83,333.0,101081.0
20150810:1200,32.42,39.4,940.0,838.48,160.0,405.65,2.97,330.0,101022.0
20150810:1300,32.7,37.95,819.0,616.04,272.0,408.65,3.03,331.0,101012.0
20150810:1400,32.59,37.85,699.0,531.35,276.0,408.45,3.1,333.0,100962.0
20150810:1500,32.38,38.25,628.0,732.27,144.0,398.65,3.17,333.0,100942.0
20150810:1600,31.48,40.95,436.0,626.31,128.0,395.65,2.97,331.0,100942.0
20150810:1700,30.21,45.65,235.0,466.6,95.0,391.25,2.69,338.0,100952.0
20150810:1800,28.63,52.6,50.0,141.63,36.0,384.2,2.14,356.0,100972.0
20150810:1900,27.25,60.35,0.0,0.0,0.0,381.4,1.52,20.0,101022.0
20150810:2000,26.32,65.35,0.0,0.0,0.0,376.2,1.24,34.0,101061.0
20150810:2100,25.69,68.65,0.0,0.0,0.0,373.2,1.1,52.0,101131.0
20150810:2200,24.81,73.4,0.0,0.0,0.0,369.6,0.97,72.0,101131.0
20150810:2300,24.32,75.35,0.0,0.0,0.0,366.6,0.83,98.0,101141.0
20150811:0000,23.9,77.05,0.0,0.0,0.0,364.8,0.76,116.0,101111.0
20150811:0100,22.99,81.25,0.0,0.0,0.0,364.85,0.97,139.0,101071.0
20150811:0200,22.11,85.15,0.0,0.0,0.0,362.4,1.24,150.0,101022.0
20150811:0300,21.61,86.85,0.0,0.0,0.0,362.0,1.24,155.0,100992.0
20150811:0400,21.36,87.25,0.0,0.0,0.0,362.6,1.24,155.0,100952.0
20150811:0500,21.21,87.6,0.0,0.0,0.0,363.4,1.17,148.0,100962.0
20150811:0600,22.23,84.0,157.0,380.05,73.0,365.8,0.9,132.0,100982.0
20150811:0700,26.32,61.8,351.0,547.56,122.0,370.4,0.9,108.0,101002.0
20150811:0800,28.89,49.6,553.0,696.0,137.0,380.6,1.03,69.0,100962.0
20150811:0900,30.88,42.35,720.0,753.46,157.0,390.0,1.45,34.0,101002.0
20150811:1000,32.29,38.7,857.0,827.69,148.0,398.45,2.07,20.0,100972.0
20150811:1100,33.17,36.85,931.0,850.41,150.0,405.45,2.48,16.0,101002.0
20150811:1200,33.74,36.0,939.0,838.05,161.0,409.65,2.83,18.0,100952.0
20150811:1300,34.04,35.7,889.0,824.08,159.0,411.85,3.03,17.0,100932.0
20150811:1400,33.84,36.5,781.0,789.94,154.0,414.65,3.38,20.0,100912.0
20150811:1500,33.34,37.6,618.0,704.83,154.0,411.45,3.31,28.0,100912.0
20150811:1600,32.78,38.35,433.0,623.96,128.0,408.85,3.17,34.0,100852.0
20150811:1700,31.87,39.5,210.0,330.22,112.0,403.45,2.69,43.0,100912.0
20150811:1800,30.8,41.7,30.0,20.99,28.0,402.25,2.14,48.0,100962.0
20150811:1900,28.96,52.15,0.0,0.0,0.0,395.85,1.59,50.0,101002.0
20150811:2000,28.3,55.4,0.0,0.0,0.0,397.05,1.59,73.0,101042.0
20150811:2100,27.87,56.95,0.0,0.0,0.0,396.65,1.52,88.0,101071.0
20150811:2200,27.5,58.5,0.0,0.0,0.0,398.45,1.03,104.0,101071.0
20150811:2300,26.73,61.5,0.0,0.0,0.0,393.25,0.97,145.0,101121.0
20150812:0000,25.82,64.85,0.0,0.0,0.0,384.6,1.03,158.0,101091.0
20150812:0100,25.18,67.35,0.0,0.0,0.0,390.05,1.03,156.0,101091.0
20150812:0200,24.67,69.85,0.0,0.0,0.0,391.45,1.1,150.0,101071.0
20150812:0300,24.11,72.5,0.0,0.0,0.0,385.0,1.17,150.0,101091.0
20150812:0400,23.81,74.05,0.0,0.0,0.0,386.8,1.24,156.0,101091.0
20150812:0500,23.51,76.5,0.0,0.0,0.0,385.0,1.24,164.0,101091.0
20150812:0600,24.62,73.45,150.0,338.4,76.0,381.8,0.83,167.0,101171.0
20150812:0700,28.39,54.2,349.0,547.92,121.0,380.8,0.07,334.0,101201.0
20150812:0800,30.63,43.15,545.0,669.71,146.0,390.8,0.9,342.0,101241.0
20150812:0900,32.13,37.0,722.0,767.36,150.0,399.25,1.45,349.0,101231.0
20150812:1000,33.29,33.95,851.0,811.86,157.0,406.25,2.14,351.0,101231.0
20150812:1100,33.93,32.75,924.0,834.65,159.0,410.05,2.55,355.0,101201.0
20150812:1200,34.34,32.35,942.0,853.85,151.0,412.45,2.9,359.0,101171.0
20150812:1300,34.41,32.5,886.0,823.83,158.0,411.85,3.03,1.0,101171.0
20150812:1400,34.35,32.5,778.0,789.83,153.0,410.25,2.9,2.0,101171.0
20150812:1500,34.03,32.9,622.0,730.63,143.0,408.85,2.69,2.0,101161.0
20150812:1600,33.4,34.05,433.0,634.04,125.0,404.65,2.55,8.0,101131.0
20150812:1700,32.47,35.9,232.0,483.94,90.0,399.65,2.34,19.0,101121.0
20150812:1800,31.07,39.8,47.0,152.75,33.0,394.45,2.07,36.0,101141.0
20150812:1900,29.38,48.45,0.0,0.0,0.0,384.4,1.66,48.0,101161.0
20150812:2000,28.45,53.1,0.0,0.0,0.0,380.0,1.38,57.0,101211.0
20150812:2100,27.58,57.5,0.0,0.0,0.0,377.6,1.17,85.0,101231.0
20150812:2200,26.9,59.5,0.0,0.0,0.0,375.0,1.03,118.0,101231.0
20150812:2300,25.83,63.35,0.0,0.0,0.0,373.0,1.1,140.0,101181.0
20150813:0000,25.0,65.95,0.0,0.0,0.0,371.8,1.17,157.0,101151.0
20150813:0100,24.12,68.85,0.0,0.0,0.0,371.85,1.31,161.0,101111.0
20150813:0200,23.41,70.9,0.0,0.0,0.0,371.6,1.38,160.0,101071.0
20150813:0300,22.89,71.95,0.0,0.0,0.0,371.0,1.45,163.0,101091.0
20150813:0400,22.49,72.95,0.0,0.0,0.0,369.0,1.52,169.0,101091.0
20150813:0500,22.23,73.2,0.0,0.0,0.0,367.6,1.66,175.0,101111.0
20150813:0600,23.23,70.1,145.0,309.73,78.0,369.6,1.45,180.0,101161.0
20150813:0700,28.37,44.75,345.0,536.23,123.0,373.4,1.17,224.0,101201.0
20150813:0800,31.47,35.0,537.0,643.27,155.0,384.2,2.07,267.0,101191.0
20150813:0900,33.18,31.2,713.0,738.32,164.0,393.6,3.24,285.0,101181.0
20150813:1000,34.25,29.5,844.0,796.0,165.0,400.45,3.79,293.0,101171.0
20150813:1100,35.08,28.15,918.0,818.86,169.0,404.25,4.07,300.0,101091.0
20150813:1200,35.39,28.35,924.0,807.02,178.0,407.45,4.41,308.0,101051.0
20150813:1300,34.97,31.05,733.0,422.03,361.0,409.25,4.62,314.0,100992.0
20150813:1400,34.08,36.35,689.0,519.76,279.0,409.85,4.55,311.0,101022.0
20150813:1500,33.0,41.6,569.0,545.34,213.0,413.85,4.14,302.0,101071.0
20150813:1600,31.98,45.65,420.0,586.33,137.0,416.65,3.72,296.0,101012.0
20150813:1700,31.19,48.85,217.0,396.56,102.0,407.25,3.52,290.0,100992.0
20150813:1800,29.84,55.2,39.0,90.98,31.0,401.85,3.1,286.0,100992.0
20150813:1900,28.86,60.7,0.0,0.0,0.0,396.85,2.07,275.0,101002.0
20150813:2000,28.11,64.9,0.0,0.0,0.0,393.4,1.93,272.0,101061.0
20150813:2100,27.52,68.1,0.0,0.0,0.0,391.85,1.72,264.0,101101.0
20150813:2200,26.92,70.75,0.0,0.0,0.0,389.4,1.45,251.0,101101.0
20150813:2300,26.38,72.5,0.0,0.0,0.0,384.6,1.03,223.0,101111.0
20150814:0000,25.63,74.95,0.0,0.0,0.0,377.6,0.83,185.0,101061.0
20150814:0100,24.89,77.0,0.0,0.0,0.0,383.05,0.9,178.0,101012.0
20150814:0200,24.34,78.4,0.0,0.0,0.0,379.4,0.9,185.0,100952.0
20150814:0300,23.43,81.65,0.0,0.0,0.0,372.4,1.1,193.0,100942.0
20150814:0400,22.68,83.75,0.0,0.0,0.0,371.8,1.31,192.0,100922.0
20150814:0500,22.82,80.75,0.0,0.0,0.0,381.4,1.66,190.0,100912.0
20150814:0600,24.01,70.35,60.0,4.67,59.0,388.2,1.72,197.0,100962.0
20150814:0700,27.52,48.55,158.0,17.0,151.0,387.2,1.93,223.0,100992.0
20150814:0800,29.39,28.95,366.0,152.06,276.0,392.6,3.86,264.0,101002.0
20150814:0900,29.71,26.65,164.0,0.0,164.0,402.45,4.76,258.0,101061.0
20150814:1000,30.42,25.1,172.0,0.0,172.0,398.25,4.55,249.0,101061.0
20150814:1100,31.62,23.95,459.0,44.92,418.0,392.0,4.62,255.0,101051.0
20150814:1200,32.78,23.55,277.0,0.0,277.0,390.4,5.1,274.0,100952.0
20150814:1300,32.88,27.15,882.0,823.51,158.0,379.0,5.59,287.0,100902.0
20150814:1400,32.34,32.5,781.0,817.79,138.0,374.8,5.66,297.0,100872.0
20150814:1500,31.3,37.3,613.0,715.46,148.0,368.8,5.52,304.0,100882.0
20150814:1600,30.02,42.2,431.0,654.9,117.0,366.2,5.1,304.0,100882.0
20150814:1700,28.65,48.4,229.0,506.14,84.0,365.2,4.34,300.0,100922.0
20150814:1800,27.19,57.35,40.0,118.86,30.0,365.2,3.45,292.0,100952.0
20150814:1900,25.53,66.05,0.0,0.0,0.0,359.8,2.69,274.0,100982.0
20150814:2000,24.79,69.75,0.0,0.0,0.0,356.6,2.14,256.0,101081.0
20150814:2100,24.14,72.45,0.0,0.0,0.0,352.4,1.79,228.0,101101.0
20150814:2200,23.38,75.0,0.0,0.0,0.0,347.4,1.72,211.0,101091.0
20150814:2300,22.56,77.75,0.0,0.0,0.0,343.2,1.72,209.0,101051.0
20150815:0000,21.78,80.25,0.0,0.0,0.0,340.4,1.79,205.0,101012.0
20150815:0100,21.2,81.9,0.0,0.0,0.0,342.85,1.79,204.0,100922.0
20150815:0200,20.8,82.75,0.0,0.0,0.0,346.6,1.86,209.0,100862.0
20150815:0300,20.15,85.35,0.0,0.0,0.0,335.0,1.79,217.0,100912.0
20150815:0400,19.71,87.3,0.0,0.0,0.0,335.6,1.79,218.0,100882.0
20150815:0500,19.36,88.55,0.0,0.0,0.0,334.0,1.79,214.0,100942.0
20150815:0600,20.1,84.85,136.0,269.42,79.0,340.6,1.52,215.0,100952.0
20150815:0700,23.6,72.4,277.0,253.82,173.0,350.6,1.79,236.0,100952.0
20150815:0800,25.49,50.6,397.0,215.29,270.0,368.0,2.14,253.0,100932.0
20150815:0900,27.26,37.2,316.0,20.27,301.0,374.8,1.93,267.0,100892.0
20150815:1000,28.62,30.8,466.0,74.18,403.0,381.6,1.93,297.0,100872.0
20150815:1100,28.91,30.25,463.0,48.31,419.0,389.2,2.55,317.0,100832.0
20150815:1200,29.49,30.55,484.0,56.51,432.0,394.85,3.38,325.0,100793.0
20150815:1300,29.93,31.9,556.0,141.42,432.0,369.0,4.07,332.0,100773.0
20150815:1400,29.23,35.7,245.0,1.28,244.0,378.6,4.28,340.0,100753.0
20150815:1500,27.47,42.65,244.0,9.27,238.0,389.85,3.72,355.0,100743.0
20150815:1600,27.11,44.45,319.0,224.7,212.0,378.6,2.97,4.0,100733.0
20150815:1700,25.88,51.5,171.0,187.35,118.0,380.4,2.62,26.0,100793.0
20150815:1800,24.99,59.0,15.0,0.0,15.0,377.4,2.14,36.0,100823.0
20150815:1900,24.05,62.9,0.0,0.0,0.0,379.4,0.62,94.0,100823.0
20150815:2000,23.95,61.8,0.0,0.0,0.0,383.6,0.69,164.0,100942.0
20150815:2100,23.76,60.05,0.0,0.0,0.0,388.45,1.59,178.0,101002.0
20150815:2200,23.38,61.0,0.0,0.0,0.0,381.6,1.86,186.0,101022.0
20150815:2300,23.0,61.95,0.0,0.0,0.0,375.4,1.66,197.0,101022.0
20150816:0000,22.38,64.5,0.0,0.0,0.0,362.0,1.45,212.0,100932.0
20150816:0100,21.89,66.3,0.0,0.0,0.0,361.25,1.59,222.0,100862.0
20150816:0200,21.73,66.4,0.0,0.0,0.0,368.6,1.72,250.0,100912.0
20150816:0300,21.46,68.9,0.0,0.0,0.0,367.4,1.86,281.0,100932.0
20150816:0400,21.23,74.75,0.0,0.0,0.0,367.4,1.52,279.0,100932.0
20150816:0500,21.14,79.2,0.0,0.0,0.0,374.2,1.31,248.0,100932.0
20150816:0600,21.32,81.05,140.0,315.51,74.0,366.6,1.1,244.0,100982.0
20150816:0700,22.46,78.8,353.0,615.84,102.0,389.4,1.59,250.0,101002.0
20150816:0800,24.06,69.25,552.0,731.39,122.0,379.0,2.0,278.0,101022.0
20150816:0900,25.55,62.3,711.0,752.11,156.0,380.6,1.86,304.0,101032.0
20150816:1000,27.17,52.35,834.0,780.06,173.0,378.2,2.14,321.0,101012.0
20150816:1100,28.3,46.2,907.0,802.16,178.0,386.0,2.69,338.0,100972.0
20150816:1200,29.12,42.6,933.0,851.83,151.0,381.2,3.1,351.0,100952.0
20150816:1300,29.41,41.8,872.0,806.26,167.0,381.2,3.45,2.0,100942.0
20150816:1400,29.38,41.55,772.0,801.61,146.0,381.4,3.52,12.0,100872.0
20150816:1500,29.0,42.45,613.0,739.17,137.0,383.0,3.52,22.0,100862.0
20150816:1600,28.45,43.7,429.0,674.65,110.0,372.8,3.52,33.0,100832.0
20150816:1700,27.5,47.05,225.0,522.88,79.0,368.6,3.45,44.0,100842.0
20150816:1800,26.15,53.3,36.0,117.95,27.0,363.2,3.17,54.0,100862.0
20150816:1900,24.77,60.25,0.0,0.0,0.0,357.4,2.34,65.0,100852.0
20150816:2000,24.24,62.65,0.0,0.0,0.0,358.6,1.93,88.0,100942.0
20150816:2100,23.68,64.65,0.0,0.0,0.0,351.8,1.66,110.0,100962.0
20150816:2200,22.86,67.9,0.0,0.0,0.0,350.4,1.52,136.0,100972.0
20150816:2300,22.04,71.3,0.0,0.0,0.0,348.6,1.52,147.0,100922.0
20150817:0000,21.27,74.7,0.0,0.0,0.0,347.8,1.59,151.0,100902.0
20150817:0100,20.65,77.35,0.0,0.0,0.0,347.25,1.66,154.0,100852.0
20150817:0200,20.21,78.8,0.0,0.0,0.0,347.4,1.72,154.0,100813.0
20150817:0300,19.88,79.45,0.0,0.0,0.0,347.6,1.72,154.0,100773.0
20150817:0400,19.78,78.85,0.0,0.0,0.0,354.0,1.72,153.0,100753.0
20150817:0500,19.49,80.1,0.0,0.0,0.0,347.8,1.79,153.0,100743.0
20150817:0600,20.53,74.6,149.0,411.05,64.0,354.4,1.52,154.0,100773.0
20150817:0700,24.7,52.4,347.0,592.0,107.0,351.0,1.38,177.0,100783.0
20150817:0800,28.91,34.1,547.0,716.84,127.0,363.6,0.9,213.0,100803.0
20150817:0900,31.1,28.5,724.0,808.44,129.0,371.0,0.9,267.0,100793.0
20150817:1000,32.39,27.5,855.0,856.38,131.0,379.6,1.72,317.0,100773.0
20150817:1100,32.98,29.0,924.0,863.53,141.0,386.6,3.1,333.0,100733.0
20150817:1200,32.63,32.8,931.0,851.73,151.0,390.6,4.28,343.0,100703.0
20150817:1300,31.64,37.5,879.0,837.23,149.0,393.05,4.62,349.0,100733.0
20150817:1400,30.65,40.65,765.0,786.47,153.0,393.4,3.79,349.0,100723.0
20150817:1500,30.31,40.4,607.0,725.58,142.0,393.05,3.38,6.0,100703.0
20150817:1600,29.86,38.9,416.0,626.32,122.0,391.4,2.69,12.0,100633.0
20150817:1700,29.22,38.2,206.0,402.94,95.0,386.4,2.07,16.0,100653.0
20150817:1800,28.19,40.5,31.0,83.02,25.0,378.4,1.86,20.0,100643.0
20150817:1900,26.48,44.85,0.0,0.0,0.0,366.4,1.66,58.0,100663.0
20150817:2000,25.76,48.6,0.0,0.0,0.0,362.8,1.52,85.0,100703.0
20150817:2100,25.32,50.15,0.0,0.0,0.0,378.4,1.38,118.0,100743.0
20150817:2200,24.48,52.05,0.0,0.0,0.0,369.2,1.45,148.0,100673.0
20150817:2300,23.84,53.05,0.0,0.0,0.0,374.2,1.45,155.0,100653.0
20150818:0000,23.13,54.6,0.0,0.0,0.0,373.2,1.24,164.0,100633.0
20150818:0100,23.22,53.55,0.0,0.0,0.0,376.05,0.9,170.0,100574.0
20150818:0200,23.13,53.6,0.0,0.0,0.0,364.6,0.76,178.0,100564.0
20150818:0300,22.8,54.9,0.0,0.0,0.0,364.4,0.83,169.0,100554.0
20150818:0400,21.91,58.8,0.0,0.0,0.0,365.6,0.97,166.0,100554.0
20150818:0500,21.24,63.5,0.0,0.0,0.0,368.8,1.17,170.0,100574.0
20150818:0600,21.96,64.65,140.0,337.59,71.0,370.8,1.03,166.0,100623.0
20150818:0700,25.84,51.5,299.0,359.6,154.0,374.4,0.28,247.0,100643.0
20150818:0800,28.15,44.85,496.0,515.53,195.0,385.2,0.55,308.0,100633.0
20150818:0900,30.2,40.45,699.0,722.06,169.0,395.85,1.17,319.0,100613.0
20150818:1000,31.79,38.25,830.0,780.16,172.0,396.25,2.21,329.0,100613.0
20150818:1100,32.15,39.45,854.0,661.04,256.0,401.25,3.52,336.0,100613.0
20150818:1200,31.94,42.0,850.0,623.98,280.0,404.45,4.41,338.0,100604.0
20150818:1300,30.94,45.6,783.0,563.62,293.0,406.05,3.79,332.0,100604.0
20150818:1400,30.69,46.25,595.0,321.16,346.0,407.25,3.79,333.0,100623.0
20150818:1500,29.86,48.2,404.0,159.95,302.0,410.85,3.24,327.0,100703.0
20150818:1600,29.52,48.45,113.0,0.0,113.0,408.25,2.69,326.0,100743.0
20150818:1700,28.5,52.5,137.0,92.03,112.0,407.05,2.41,333.0,100713.0
20150818:1800,27.23,59.85,24.0,44.0,21.0,405.65,2.0,354.0,100743.0
20150818:1900,26.08,69.05,0.0,0.0,0.0,401.65,1.17,21.0,100793.0
20150818:2000,25.57,72.6,0.0,0.0,0.0,393.25,1.1,39.0,100892.0
20150818:2100,25.06,76.4,0.0,0.0,0.0,389.85,1.31,36.0,100932.0
20150818:2200,24.51,81.1,0.0,0.0,0.0,385.6,1.38,35.0,100932.0
20150818:2300,23.93,85.95,0.0,0.0,0.0,380.0,1.45,42.0,100942.0
20150819:0000,23.5,89.95,0.0,0.0,0.0,381.8,1.59,50.0,100912.0
20150819:0100,23.29,92.8,0.0,0.0,0.0,388.25,1.66,49.0,100922.0
20150819:0200,23.07,95.2,0.0,0.0,0.0,387.2,1.59,48.0,100922.0
20150819:0300,22.97,94.9,0.0,0.0,0.0,391.8,1.38,50.0,100932.0
20150819:0400,22.82,96.05,0.0,0.0,0.0,391.25,1.59,54.0,100992.0
20150819:0500,22.62,97.2,0.0,0.0,0.0,388.8,1.45,50.0,101012.0
20150819:0600,22.87,95.55,112.0,163.38,79.0,387.6,1.66,48.0,101071.0
20150819:0700,24.4,85.55,243.0,167.07,176.0,388.8,2.83,58.0,101111.0
20150819:0800,25.82,76.15,454.0,379.85,233.0,395.45,2.9,55.0,101121.0
20150819:0900,27.38,66.55,561.0,329.23,320.0,403.85,3.24,55.0,101131.0
20150819:1000,28.79,58.85,663.0,349.42,369.0,402.05,3.66,46.0,101131.0
20150819:1100,29.82,53.6,857.0,673.69,249.0,407.65,4.34,38.0,101171.0
20150819:1200,30.28,51.25,886.0,730.95,220.0,404.65,4.48,41.0,101131.0
20150819:1300,30.67,49.0,846.0,746.44,199.0,406.45,4.62,45.0,101121.0
20150819:1400,30.63,48.45,746.0,741.84,173.0,405.25,4.83,43.0,101101.0
20150819:1500,30.23,49.7,597.0,709.28,147.0,401.25,5.31,44.0,101101.0
20150819:1600,28.99,54.15,407.0,609.96,125.0,397.45,5.03,52.0,101051.0
20150819:1700,28.07,57.8,207.0,451.9,86.0,392.0,5.03,52.0,101111.0
20150819:1800,26.64,64.3,25.0,62.5,21.0,385.0,4.21,51.0,101151.0
20150819:1900,25.22,71.8,0.0,0.0,0.0,379.2,3.38,53.0,101201.0
20150819:2000,24.5,75.9,0.0,0.0,0.0,375.8,3.1,59.0,101300.0
20150819:2100,23.99,78.7,0.0,0.0,0.0,373.0,2.76,61.0,101380.0
20150819:2200,23.56,81.25,0.0,0.0,0.0,372.2,2.41,66.0,101320.0
20150819:2300,23.22,83.3,0.0,0.0,0.0,372.2,2.14,72.0,101360.0
20150820:0000,22.88,85.45,0.0,0.0,0.0,371.0,2.0,80.0,101350.0
20150820:0100,22.51,87.7,0.0,0.0,0.0,370.45,1.79,81.0,101320.0
20150820:0200,22.23,89.4,0.0,0.0,0.0,369.4,1.79,81.0,101300.0
20150820:0300,21.96,90.95,0.0,0.0,0.0,368.6,1.72,84.0,101350.0
20150820:0400,21.74,91.9,0.0,0.0,0.0,367.4,1.66,84.0,101360.0
20150820:0500,21.49,92.95,0.0,0.0,0.0,366.0,1.79,81.0,101420.0
20150820:0600,21.86,91.8,143.0,395.87,64.0,366.2,1.79,80.0,101479.0
20150820:0700,24.23,79.95,339.0,576.7,109.0,370.2,2.0,78.0,101519.0
20150820:0800,26.26,69.65,541.0,714.11,127.0,375.4,2.48,66.0,101539.0
20150820:0900,28.15,60.6,714.0,791.8,136.0,382.0,3.31,57.0,101539.0
20150820:1000,29.69,52.5,844.0,838.78,140.0,388.6,4.07,53.0,101519.0
20150820:1100,30.77,46.15,913.0,847.5,150.0,393.4,4.48,51.0,101509.0
20150820:1200,31.49,41.65,919.0,835.22,160.0,396.05,4.55,51.0,101489.0
20150820:1300,32.07,38.05,871.0,835.54,149.0,393.0,4.62,50.0,101479.0
20150820:1400,32.17,36.0,760.0,798.01,146.0,391.85,4.62,51.0,101450.0
20150820:1500,31.69,35.95,600.0,735.19,136.0,387.8,4.83,52.0,101430.0
20150820:1600,30.85,37.4,409.0,643.17,114.0,387.2,4.76,54.0,101410.0
20150820:1700,29.65,41.0,207.0,481.45,80.0,378.8,4.69,56.0,101420.0
20150820:1800,27.88,48.45,24.0,66.93,20.0,370.6,3.72,56.0,101430.0
20150820:1900,26.08,59.45,0.0,0.0,0.0,361.2,2.76,60.0,101460.0
20150820:2000,25.18,64.6,0.0,0.0,0.0,357.0,2.48,64.0,101509.0
20150820:2100,24.47,68.8,0.0,0.0,0.0,354.2,2.14,75.0,101559.0
20150820:2200,23.7,72.75,0.0,0.0,0.0,352.4,1.86,90.0,101499.0
20150820:2300,23.12,75.05,0.0,0.0,0.0,350.6,1.72,110.0,101539.0
20150821:0000,22.42,77.65,0.0,0.0,0.0,349.6,1.52,120.0,101479.0
20150821:0100,21.73,80.15,0.0,0.0,0.0,349.05,1.45,115.0,101440.0
20150821:0200,21.28,81.65,0.0,0.0,0.0,348.8,1.59,104.0,101420.0
20150821:0300,21.0,82.2,0.0,0.0,0.0,348.8,1.86,100.0,101430.0
20150821:0400,20.74,82.95,0.0,0.0,0.0,349.6,1.93,103.0,101430.0
20150821:0500,20.45,84.0,0.0,0.0,0.0,350.2,1.93,109.0,101440.0
20150821:0600,20.91,81.7,130.0,304.36,70.0,350.8,1.66,108.0,101460.0
20150821:0700,24.62,66.3,335.0,564.8,111.0,358.0,2.07,75.0,101499.0
20150821:0800,27.05,56.1,533.0,687.28,136.0,365.2,2.69,67.0,101489.0
20150821:0900,29.42,43.95,712.0,791.29,136.0,371.4,3.45,63.0,101479.0
20150821:1000,31.3,35.7,838.0,822.97,149.0,376.8,4.07,59.0,101450.0
20150821:1100,32.63,30.85,906.0,830.7,160.0,381.0,4.28,54.0,101430.0
20150821:1200,33.39,28.3,906.0,804.38,177.0,386.0,4.41,49.0,101400.0
20150821:1300,33.72,27.2,721.0,430.71,350.0,387.8,4.41,46.0,101390.0
20150821:1400,33.39,27.55,736.0,725.5,180.0,392.0,4.41,46.0,101340.0
20150821:1500,32.61,29.25,375.0,124.26,297.0,394.85,5.17,43.0,101310.0
20150821:1600,31.36,31.75,153.0,4.4,151.0,391.85,4.62,55.0,101260.0
20150821:1700,30.48,33.2,79.0,3.85,78.0,375.2,4.0,63.0,101260.0
20150821:1800,29.05,38.75,12.0,0.0,12.0,367.0,2.9,60.0,101260.0
20150821:1900,26.69,52.8,0.0,0.0,0.0,359.4,2.34,63.0,101280.0
20150821:2000,25.76,57.95,0.0,0.0,0.0,353.0,1.86,72.0,101330.0
20150821:2100,24.71,63.4,0.0,0.0,0.0,350.4,1.79,90.0,101320.0
20150821:2200,23.93,66.65,0.0,0.0,0.0,349.8,1.79,108.0,101280.0
20150821:2300,23.14,69.2,0.0,0.0,0.0,349.4,1.79,121.0,101260.0
20150822:0000,22.36,71.4,0.0,0.0,0.0,349.4,1.86,125.0,101211.0
20150822:0100,21.75,72.6,0.0,0.0,0.0,350.05,1.93,126.0,101151.0
20150822:0200,21.29,73.35,0.0,0.0,0.0,351.0,1.93,128.0,101061.0
20150822:0300,20.98,74.55,0.0,0.0,0.0,352.2,2.0,130.0,101032.0
20150822:0400,20.82,75.5,0.0,0.0,0.0,354.0,2.0,134.0,101061.0
20150822:0500,20.78,76.0,0.0,0.0,0.0,355.6,2.07,140.0,101051.0
20150822:0600,21.67,72.65,124.0,267.07,72.0,358.2,1.93,142.0,101121.0
20150822:0700,26.16,56.0,295.0,370.22,149.0,374.8,1.17,174.0,101091.0
20150822:0800,30.14,42.25,349.0,140.74,268.0,381.6,0.48,196.0,101061.0
20150822:0900,32.25,34.2,515.0,243.86,338.0,391.85,0.76,293.0,101042.0
20150822:1000,33.69,30.4,760.0,591.58,266.0,398.45,1.38,343.0,100942.0
20150822:1100,34.65,28.4,859.0,698.86,233.0,403.85,2.0,355.0,100882.0
20150822:1200,35.15,27.75,909.0,818.8,169.0,409.45,2.55,2.0,100832.0
20150822:1300,35.19,28.3,746.0,493.84,322.0,408.25,3.1,7.0,100753.0
20150822:1400,34.24,30.8,453.0,111.37,368.0,413.25,2.97,13.0,100823.0
20150822:1500,33.95,30.8,108.0,0.0,108.0,413.85,1.66,26.0,101081.0
20150822:1600,33.52,31.5,183.0,22.17,173.0,411.65,1.38,58.0,101051.0
20150822:1700,32.0,37.55,105.0,35.21,96.0,409.05,1.86,176.0,100992.0
20150822:1800,30.31,44.2,4.0,0.0,4.0,410.45,2.69,181.0,100922.0
20150822:1900,27.01,62.6,0.0,0.0,0.0,391.0,1.79,153.0,100862.0
20150822:2000,26.84,64.35,0.0,0.0,0.0,392.05,1.66,168.0,100882.0
20150822:2100,26.38,67.25,0.0,0.0,0.0,385.0,1.79,184.0,100872.0
20150822:2200,25.87,70.3,0.0,0.0,0.0,384.8,2.0,182.0,100852.0
20150822:2300,25.39,73.05,0.0,0.0,0.0,383.6,2.14,174.0,100862.0
20150823:0000,25.03,75.0,0.0,0.0,0.0,384.8,2.21,168.0,100793.0
20150823:0100,24.67,76.7,0.0,0.0,0.0,381.85,2.34,167.0,100753.0
20150823:0200,24.34,77.65,0.0,0.0,0.0,379.8,2.34,171.0,100733.0
20150823:0300,24.05,78.4,0.0,0.0,0.0,378.8,2.14,186.0,100733.0
20150823:0400,23.8,79.5,0.0,0.0,0.0,379.2,2.14,230.0,100773.0
20150823:0500,23.61,81.7,0.0,0.0,0.0,384.6,2.28,254.0,100803.0
20150823:0600,23.97,81.9,117.0,228.85,73.0,391.0,1.66,253.0,100852.0
20150823:0700,25.9,70.95,321.0,510.06,121.0,387.2,1.72,222.0,100862.0
20150823:0800,28.37,58.7,531.0,699.36,130.0,400.65,2.14,231.0,100852.0
20150823:0900,30.45,49.6,701.0,761.35,150.0,407.85,2.41,250.0,100832.0
20150823:1000,31.8,45.55,838.0,838.07,140.0,408.65,3.03,278.0,100813.0
20150823:1100,32.39,44.4,896.0,814.87,168.0,416.25,3.79,295.0,100733.0
20150823:1200,31.97,45.45,896.0,787.85,186.0,414.65,4.41,300.0,100713.0
20150823:1300,30.7,48.8,853.0,802.85,166.0,418.05,4.55,307.0,100673.0
20150823:1400,30.28,47.2,742.0,767.06,159.0,409.05,4.34,301.0,100643.0
20150823:1500,29.95,46.1,583.0,704.01,146.0,401.45,3.59,299.0,100633.0
20150823:1600,29.22,46.85,393.0,612.62,119.0,391.4,3.1,298.0,100673.0
20150823:1700,28.17,49.1,191.0,433.5,82.0,388.6,2.83,291.0,100743.0
20150823:1800,26.79,53.8,20.0,85.78,16.0,372.8,2.28,281.0,100743.0
20150823:1900,25.48,63.35,0.0,0.0,0.0,369.6,0.97,278.0,100763.0
20150823:2000,24.96,65.65,0.0,0.0,0.0,364.6,0.55,199.0,100803.0
20150823:2100,23.9,70.95,0.0,0.0,0.0,360.0,1.03,165.0,100813.0
20150823:2200,23.17,74.6,0.0,0.0,0.0,356.0,0.97,174.0,100852.0
20150823:2300,22.33,78.95,0.0,0.0,0.0,354.6,1.17,180.0,100832.0
20150824:0000,21.52,83.25,0.0,0.0,0.0,353.0,1.38,173.0,100793.0
20150824:0100,20.95,86.15,0.0,0.0,0.0,351.05,1.66,169.0,100753.0
20150824:0200,20.61,87.45,0.0,0.0,0.0,349.0,1.79,172.0,100743.0
20150824:0300,20.24,88.75,0.0,0.0,0.0,346.0,1.79,177.0,100753.0
20150824:0400,19.93,89.3,0.0,0.0,0.0,345.2,1.79,184.0,100783.0
20150824:0500,19.83,87.9,0.0,0.0,0.0,345.6,1.86,194.0,100783.0
20150824:0600,20.53,82.45,134.0,384.57,61.0,344.4,1.66,205.0,100862.0
20150824:0700,25.23,58.0,330.0,572.01,107.0,349.4,1.38,241.0,100902.0
20150824:0800,28.36,37.65,529.0,698.51,130.0,357.6,2.83,266.0,100952.0
20150824:0900,29.95,29.7,687.0,719.28,168.0,366.0,3.59,274.0,100932.0
20150824:1000,30.97,26.6,800.0,719.93,202.0,372.2,4.07,288.0,100892.0
20150824:1100,31.51,25.7,808.0,570.15,300.0,376.6,4.55,294.0,100922.0
20150824:1200,31.46,27.4,894.0,787.93,186.0,379.0,4.76,303.0,100902.0
20150824:1300,30.68,32.3,841.0,772.77,182.0,381.4,5.03,313.0,100832.0
20150824:1400,29.68,38.5,738.0,766.4,158.0,380.2,4.9,316.0,100872.0
20150824:1500,28.7,44.35,573.0,677.34,155.0,383.2,4.07,312.0,100892.0
20150824:1600,27.89,48.3,340.0,376.71,173.0,384.4,3.03,307.0,100912.0
20150824:1700,27.11,52.0,121.0,80.91,101.0,381.8,2.34,311.0,100982.0
20150824:1800,25.88,58.8,14.0,47.48,12.0,377.6,2.07,321.0,101042.0
20150824:1900,24.05,69.35,0.0,0.0,0.0,367.6,1.45,319.0,101121.0
20150824:2000,23.55,71.8,0.0,0.0,0.0,362.8,0.69,256.0,101221.0
20150824:2100,23.21,72.1,0.0,0.0,0.0,365.0,0.97,179.0,101270.0
20150824:2200,22.56,74.7,0.0,0.0,0.0,363.8,1.1,171.0,101241.0
20150824:2300,21.8,77.85,0.0,0.0,0.0,356.6,1.31,179.0,101350.0
20150825:0000,21.19,80.75,0.0,0.0,0.0,354.0,1.17,187.0,101310.0
20150825:0100,20.96,82.25,0.0,0.0,0.0,352.25,1.03,200.0,101280.0
20150825:0200,20.56,84.35,0.0,0.0,0.0,349.2,1.03,196.0,101270.0
20150825:0300,20.33,85.0,0.0,0.0,0.0,346.6,0.97,169.0,101270.0
20150825:0400,20.27,84.3,0.0,0.0,0.0,347.0,0.97,160.0,101300.0
20150825:0500,20.23,83.5,0.0,0.0,0.0,345.2,0.97,172.0,101320.0
20150825:0600,20.69,81.05,128.0,346.91,63.0,345.4,0.76,183.0,101400.0
20150825:0700,22.98,71.45,322.0,539.25,113.0,354.4,0.41,329.0,101390.0
20150825:0800,25.02,57.55,521.0,671.32,139.0,362.0,1.1,10.0,101410.0
20150825:0900,26.64,51.0,692.0,746.48,155.0,369.6,1.86,14.0,101410.0
20150825:1000,27.92,47.6,815.0,776.23,172.0,379.4,2.62,19.0,101380.0
20150825:1100,28.83,45.6,887.0,799.05,177.0,384.2,3.17,24.0,101330.0
20150825:1200,29.57,43.8,804.0,548.08,313.0,387.2,3.45,30.0,101320.0
20150825:1300,30.06,42.35,829.0,742.54,198.0,390.05,3.66,34.0,101290.0
20150825:1400,30.28,41.75,731.0,751.21,165.0,391.0,3.86,39.0,101251.0
20150825:1500,30.11,42.15,562.0,650.43,163.0,389.6,4.07,42.0,101201.0
20150825:1600,29.61,43.45,373.0,541.78,135.0,386.2,4.0,48.0,101161.0
20150825:1700,28.67,46.1,172.0,341.75,89.0,382.0,4.0,51.0,101161.0
20150825:1800,27.08,52.9,10.0,0.0,10.0,376.4,3.31,49.0,101181.0
20150825:1900,25.08,69.35,0.0,0.0,0.0,372.8,2.55,52.0,101201.0
20150825:2000,24.45,73.3,0.0,0.0,0.0,370.6,2.34,58.0,101280.0
20150825:2100,23.94,76.8,0.0,0.0,0.0,371.4,2.34,64.0,101251.0
20150825:2200,23.59,79.3,0.0,0.0,0.0,372.2,2.21,72.0,101280.0
20150825:2300,23.22,81.95,0.0,0.0,0.0,373.6,1.93,77.0,101191.0
20150826:0000,22.86,84.5,0.0,0.0,0.0,375.0,1.86,76.0,101161.0
20150826:0100,22.52,86.9,0.0,0.0,0.0,376.05,2.0,72.0,101061.0
20150826:0200,22.31,88.8,0.0,0.0,0.0,377.0,2.21,74.0,101022.0
20150826:0300,22.19,90.0,0.0,0.0,0.0,380.0,2.41,76.0,101012.0
20150826:0400,22.1,90.95,0.0,0.0,0.0,380.4,2.48,80.0,101002.0
20150826:0500,21.97,91.8,0.0,0.0,0.0,380.0,2.41,82.0,101002.0
20150826:0600,22.4,89.5,106.0,189.29,71.0,380.8,2.28,85.0,101002.0
20150826:0700,24.66,79.95,258.0,246.57,163.0,375.8,2.41,71.0,101061.0
20150826:0800,27.06,68.65,391.0,238.17,256.0,389.6,2.62,65.0,101071.0
20150826:0900,29.56,57.65,453.0,150.59,345.0,392.25,2.76,62.0,101051.0
20150826:1000,31.82,49.0,800.0,733.62,194.0,399.85,2.83,56.0,101071.0
20150826:1100,33.43,43.7,870.0,753.9,202.0,407.85,3.24,40.0,100992.0
20150826:1200,34.02,42.65,883.0,771.46,194.0,411.45,4.28,33.0,100952.0
20150826:1300,33.58,44.9,830.0,757.04,189.0,411.05,4.83,33.0,100892.0
20150826:1400,32.67,48.05,719.0,721.28,178.0,408.05,4.69,38.0,100872.0
20150826:1500,32.13,49.2,556.0,636.39,168.0,407.65,4.55,40.0,100852.0
20150826:1600,31.27,51.05,369.0,539.97,134.0,401.65,4.0,43.0,100872.0
20150826:1700,30.12,54.65,168.0,339.65,87.0,399.05,3.52,44.0,100823.0
20150826:1800,28.48,61.25,0.0,0.0,0.0,393.0,2.76,43.0,100862.0
20150826:1900,26.47,69.8,0.0,0.0,0.0,383.0,2.28,46.0,100912.0
20150826:2000,25.63,74.0,0.0,0.0,0.0,378.8,2.07,39.0,101002.0
20150826:2100,24.87,77.9,0.0,0.0,0.0,376.8,1.86,42.0,101051.0
20150826:2200,24.25,81.25,0.0,0.0,0.0,377.8,1.79,51.0,100992.0
20150826:2300,23.71,84.25,0.0,0.0,0.0,375.8,1.59,52.0,101032.0
20150827:0000,23.29,86.85,0.0,0.0,0.0,372.8,1.17,44.0,101042.0
20150827:0100,22.87,89.5,0.0,0.0,0.0,370.65,0.9,38.0,101002.0
20150827:0200,22.48,92.05,0.0,0.0,0.0,370.2,0.76,46.0,101002.0
20150827:0300,22.07,93.9,0.0,0.0,0.0,370.0,0.62,44.0,100992.0
20150827:0400,21.95,94.75,0.0,0.0,0.0,370.0,0.48,40.0,101002.0
20150827:0500,22.0,95.4,0.0,0.0,0.0,370.2,0.28,63.0,101002.0
20150827:0600,22.28,94.9,13.0,0.0,13.0,372.0,0.21,68.0,101061.0
20150827:0700,25.39,76.2,272.0,305.5,155.0,378.8,0.48,332.0,101091.0
20150827:0800,27.43,67.2,489.0,552.61,177.0,385.2,1.03,356.0,101101.0
20150827:0900,29.21,59.8,658.0,639.24,201.0,393.25,1.79,1.0,101121.0
20150827:1000,30.51,54.35,797.0,732.08,194.0,400.05,2.55,6.0,101091.0
20150827:1100,31.39,51.1,872.0,768.53,193.0,403.85,2.83,14.0,101071.0
20150827:1200,31.95,49.1,881.0,771.65,194.0,406.85,2.9,23.0,101012.0
20150827:1300,32.39,47.4,818.0,727.83,204.0,409.05,3.17,24.0,100972.0
20150827:1400,32.38,46.9,708.0,693.82,190.0,407.85,3.59,22.0,100922.0
20150827:1500,31.71,48.0,537.0,576.03,188.0,405.45,3.93,25.0,100922.0
20150827:1600,30.49,51.2,343.0,431.5,157.0,403.85,3.66,31.0,100922.0
20150827:1700,29.38,55.0,157.0,286.28,90.0,395.45,3.31,43.0,100932.0
20150827:1800,28.03,61.2,0.0,0.0,0.0,390.0,2.41,48.0,100932.0
20150827:1900,26.25,70.1,0.0,0.0,0.0,380.0,2.21,54.0,100942.0
20150827:2000,25.71,73.7,0.0,0.0,0.0,375.2,1.79,58.0,101042.0
20150827:2100,25.16,77.45,0.0,0.0,0.0,375.4,1.66,52.0,101071.0
20150827:2200,24.47,82.3,0.0,0.0,0.0,374.6,1.52,57.0,100972.0
20150827:2300,24.05,85.55,0.0,0.0,0.0,373.2,1.38,54.0,101022.0
20150828:0000,23.6,89.2,0.0,0.0,0.0,374.8,1.31,52.0,101002.0
20150828:0100,23.5,90.8,0.0,0.0,0.0,374.25,1.03,60.0,100982.0
20150828:0200,23.11,93.25,0.0,0.0,0.0,376.0,0.83,74.0,100992.0
20150828:0300,22.8,94.9,0.0,0.0,0.0,380.2,0.62,79.0,100992.0
20150828:0400,22.45,96.45,0.0,0.0,0.0,378.2,0.62,71.0,100982.0
20150828:0500,22.35,97.05,0.0,0.0,0.0,384.8,0.62,55.0,101002.0
20150828:0600,22.43,97.35,105.0,200.04,69.0,381.0,0.62,37.0,101051.0
20150828:0700,25.13,85.35,123.0,5.25,121.0,399.45,1.59,45.0,101101.0
20150828:0800,26.86,75.95,277.0,53.35,247.0,411.05,1.45,40.0,101131.0
20150828:0900,28.68,66.8,612.0,499.56,256.0,416.65,1.86,30.0,101141.0
20150828:1000,30.43,59.05,777.0,676.99,221.0,413.05,2.55,25.0,101161.0
20150828:1100,31.65,54.6,855.0,724.25,217.0,416.45,3.17,23.0,101141.0
20150828:1200,32.08,53.8,858.0,713.29,225.0,417.85,3.86,23.0,101071.0
20150828:1300,31.7,56.25,819.0,741.3,196.0,426.65,4.14,25.0,101131.0
20150828:1400,31.32,57.8,712.0,720.0,177.0,418.85,3.72,29.0,101042.0
20150828:1500,30.85,59.2,545.0,621.27,171.0,417.65,4.41,32.0,101101.0
20150828:1600,29.72,62.95,339.0,431.08,155.0,411.45,4.14,37.0,101071.0
20150828:1700,28.73,66.8,135.0,174.27,95.0,401.65,3.72,39.0,101071.0
20150828:1800,27.26,74.0,0.0,0.0,0.0,392.45,3.03,42.0,101121.0
20150828:1900,25.66,82.6,0.0,0.0,0.0,393.45,2.55,51.0,101091.0
20150828:2000,25.09,86.3,0.0,0.0,0.0,388.6,2.07,63.0,101171.0
20150828:2100,24.69,88.9,0.0,0.0,0.0,383.4,1.79,63.0,101181.0
20150828:2200,24.3,91.5,0.0,0.0,0.0,384.0,1.72,65.0,101101.0
20150828:2300,24.07,93.2,0.0,0.0,0.0,391.25,1.72,67.0,101181.0
20150829:0000,23.71,95.55,0.0,0.0,0.0,385.2,1.72,72.0,101111.0
20150829:0100,23.47,96.55,0.0,0.0,0.0,387.45,1.66,79.0,101081.0
20150829:0200,23.29,96.9,0.0,0.0,0.0,382.8,1.45,87.0,101051.0
20150829:0300,23.08,97.1,0.0,0.0,0.0,379.8,1.45,97.0,101051.0
20150829:0400,22.84,96.6,0.0,0.0,0.0,383.8,1.52,108.0,101042.0
20150829:0500,22.71,95.0,0.0,0.0,0.0,387.4,1.45,120.0,101061.0
20150829:0600,23.34,88.65,108.0,236.65,66.0,400.25,1.17,126.0,101131.0
20150829:0700,25.79,86.05,301.0,465.22,125.0,405.05,0.83,73.0,101141.0
20150829:0800,28.18,70.05,501.0,619.59,154.0,411.25,0.62,90.0,101191.0
20150829:0900,30.93,53.9,676.0,716.59,167.0,401.05,0.41,110.0,101171.0
20150829:1000,33.12,43.55,806.0,774.26,172.0,413.65,0.48,26.0,101171.0
20150829:1100,34.19,39.8,876.0,797.03,176.0,420.65,1.72,356.0,101151.0
20150829:1200,34.49,35.85,880.0,784.62,186.0,430.45,2.83,347.0,101121.0
20150829:1300,32.87,45.65,820.0,754.93,188.0,438.85,4.07,357.0,101121.0
20150829:1400,31.29,55.0,705.0,704.57,184.0,426.05,3.79,1.0,101081.0
20150829:1500,30.35,59.95,532.0,585.25,182.0,420.25,2.83,6.0,101022.0
20150829:1600,29.77,61.9,343.0,463.85,147.0,432.65,2.97,6.0,101061.0
20150829:1700,28.77,67.0,153.0,302.29,85.0,425.05,1.72,7.0,101061.0
20150829:1800,27.93,71.5,0.0,0.0,0.0,416.85,1.38,10.0,101121.0
20150829:1900,26.85,79.7,0.0,0.0,0.0,404.05,1.45,349.0,101131.0
20150829:2000,25.83,86.0,0.0,0.0,0.0,396.25,1.45,3.0,101171.0
20150829:2100,25.25,89.0,0.0,0.0,0.0,404.65,1.17,12.0,101211.0
20150829:2200,24.8,91.2,0.0,0.0,0.0,399.85,0.69,7.0,101260.0
20150829:2300,24.48,93.1,0.0,0.0,0.0,395.05,0.34,4.0,101270.0
20150830:0000,24.2,94.7,0.0,0.0,0.0,387.0,0.07,99.0,101241.0
20150830:0100,23.75,96.05,0.0,0.0,0.0,380.85,0.55,153.0,101191.0
20150830:0200,23.62,94.25,0.0,0.0,0.0,379.6,0.69,182.0,101171.0
20150830:0300,22.95,94.8,0.0,0.0,0.0,387.0,0.83,200.0,101151.0
20150830:0400,22.85,92.65,0.0,0.0,0.0,386.8,0.9,203.0,101171.0
20150830:0500,22.79,90.65,0.0,0.0,0.0,383.8,0.9,192.0,101181.0
20150830:0600,23.13,87.45,108.0,245.73,65.0,388.6,0.83,191.0,101241.0
20150830:0700,26.18,64.4,294.0,436.22,130.0,378.8,0.97,196.0,101251.0
20150830:0800,29.08,51.35,493.0,593.46,162.0,393.05,0.9,193.0,101231.0
20150830:0900,31.49,42.4,666.0,689.31,178.0,396.65,0.83,199.0,101211.0
20150830:1000,33.27,37.1,799.0,759.47,179.0,402.05,0.48,290.0,101191.0
20150830:1100,34.43,35.15,869.0,781.22,185.0,409.45,1.52,338.0,101201.0
20150830:1200,34.88,36.0,872.0,769.12,194.0,413.05,3.03,346.0,101141.0
20150830:1300,34.27,38.95,817.0,754.33,188.0,417.05,4.21,353.0,101111.0
20150830:1400,32.05,50.45,709.0,731.18,171.0,419.65,4.14,358.0,101051.0
20150830:1500,30.62,58.45,537.0,617.82,170.0,420.85,2.97,355.0,101091.0
20150830:1600,29.95,61.35,350.0,518.88,133.0,413.45,2.69,11.0,101091.0
20150830:1700,28.93,64.65,151.0,308.64,83.0,406.85,2.07,20.0,101101.0
20150830:1800,28.03,68.1,0.0,0.0,0.0,405.25,1.24,27.0,101131.0
20150830:1900,26.61,74.05,0.0,0.0,0.0,397.85,0.9,29.0,101151.0
20150830:2000,26.1,76.5,0.0,0.0,0.0,387.0,0.83,51.0,101201.0
20150830:2100,25.54,79.6,0.0,0.0,0.0,384.8,0.83,67.0,101211.0
20150830:2200,24.93,82.85,0.0,0.0,0.0,385.4,0.9,62.0,101191.0
20150830:2300,24.76,83.9,0.0,0.0,0.0,382.2,0.69,47.0,101191.0
20150831:0000,24.57,85.4,0.0,0.0,0.0,380.6,0.48,20.0,101161.0
20150831:0100,24.44,87.1,0.0,0.0,0.0,380.25,0.34,58.0,101121.0
20150831:0200,23.59,90.65,0.0,0.0,0.0,377.8,0.76,120.0,101111.0
20150831:0300,22.69,92.9,0.0,0.0,0.0,375.6,1.1,139.0,101091.0
20150831:0400,22.57,91.2,0.0,0.0,0.0,373.8,1.1,154.0,101081.0
20150831:0500,22.34,89.5,0.0,0.0,0.0,371.2,1.1,166.0,101081.0
20150831:0600,22.38,86.85,109.0,272.48,62.0,370.4,1.1,158.0,101061.0
20150831:0700,26.05,74.0,300.0,479.14,121.0,389.0,1.31,145.0,101042.0
20150831:0800,29.25,56.7,499.0,628.36,150.0,381.8,0.28,178.0,101032.0
20150831:0900,31.51,48.55,667.0,701.56,172.0,389.8,1.59,333.0,101081.0
20150831:1000,32.61,46.3,783.0,716.37,200.0,398.45,2.55,347.0,101071.0
20150831:1100,33.16,45.4,852.0,736.71,209.0,408.25,3.31,357.0,101071.0
20150831:1200,33.11,45.95,854.0,725.11,217.0,407.05,3.66,2.0,101042.0
20150831:1300,32.87,47.0,800.0,710.43,210.0,408.45,3.45,5.0,101032.0
20150831:1400,32.83,46.7,681.0,650.22,205.0,406.65,2.9,12.0,100972.0
20150831:1500,32.63,46.1,515.0,547.51,192.0,407.05,2.83,26.0,100902.0
20150831:1600,30.47,51.18,327.0,422.91,152.0,386.41,2.02,37.0,100882.0
20150831:1700,29.7,54.59,136.0,231.87,86.0,384.32,2.0,43.0,100872.0
20150831:1800,28.94,58.0,0.0,0.0,0.0,382.22,1.99,46.0,100842.0
20150831:1900,28.17,61.41,0.0,0.0,0.0,380.13,1.97,67.0,100842.0
20150831:2000,27.4,64.82,0.0,0.0,0.0,378.03,1.95,79.0,100872.0
20150831:2100,26.63,68.23,0.0,0.0,0.0,375.94,1.93,106.0,100932.0
20150831:2200,25.87,71.64,0.0,0.0,0.0,373.84,1.92,128.0,100952.0
20150831:2300,25.1,75.05,0.0,0.0,0.0,371.74,1.9,147.0,100962.0
20160901:0000,24.33,78.46,0.0,0.0,0.0,369.65,1.88,58.0,101430.0
20160901:0100,23.57,81.87,0.0,0.0,0.0,367.55,1.87,58.0,101420.0
20160901:0200,22.8,85.28,0.0,0.0,0.0,365.46,1.85,64.0,101390.0
20160901:0300,22.03,88.7,0.0,0.0,0.0,363.36,1.83,67.0,101410.0
20160901:0400,21.26,92.11,0.0,0.0,0.0,361.27,1.82,65.0,101430.0
20160901:0500,20.5,95.52,0.0,0.0,0.0,359.17,1.8,69.0,101479.0
20160901:0600,19.73,98.93,117.0,376.2,54.0,357.08,1.78,70.0,101549.0
20160901:0700,18.96,100.0,258.0,284.71,153.0,354.98,1.77,60.0,101599.0
20160901:0800,24.67,73.6,431.0,375.91,224.0,381.8,2.55,61.0,101629.0
20160901:0900,26.55,62.4,342.0,42.82,312.0,378.8,2.97,58.0,101629.0
20160901:1000,28.38,53.5,570.0,220.13,392.0,381.0,3.31,51.0,101599.0
20160901:1100,29.67,47.55,248.0,0.0,248.0,392.05,3.52,45.0,101579.0
20160901:1200,30.59,43.3,453.0,51.59,408.0,391.85,3.66,38.0,101549.0
20160901:1300,30.85,41.85,793.0,698.2,218.0,395.65,3.93,29.0,101519.0
20160901:1400,29.94,44.6,698.0,720.58,176.0,404.45,4.28,30.0,101499.0
20160901:1500,28.96,47.85,178.0,1.72,177.0,401.85,4.07,36.0,101489.0
20160901:1600,28.03,51.4,75.0,0.0,75.0,394.65,3.79,45.0,101479.0
20160901:1700,27.11,55.65,75.0,19.41,71.0,393.05,3.66,54.0,101509.0
20160901:1800,26.0,61.35,0.0,0.0,0.0,385.0,2.97,51.0,101539.0
20160901:1900,24.43,74.7,0.0,0.0,0.0,382.2,2.34,53.0,101499.0
20160901:2000,23.78,79.0,0.0,0.0,0.0,370.2,2.28,56.0,101579.0
20160901:2100,23.26,82.55,0.0,0.0,0.0,367.8,2.07,68.0,101599.0
20160901:2200,22.72,85.75,0.0,0.0,0.0,361.0,1.86,80.0,101609.0
20160901:2300,22.19,88.85,0.0,0.0,0.0,358.6,1.66,83.0,101569.0
20160902:0000,21.78,91.05,0.0,0.0,0.0,357.4,1.66,90.0,101509.0
20160902:0100,21.29,92.75,0.0,0.0,0.0,356.45,1.66,94.0,101460.0
20160902:0200,20.9,94.0,0.0,0.0,0.0,355.6,1.72,96.0,101420.0
20160902:0300,20.58,94.75,0.0,0.0,0.0,355.2,1.79,101.0,101410.0
20160902:0400,20.29,95.35,0.0,0.0,0.0,355.8,1.66,107.0,101440.0
20160902:0500,19.98,95.9,0.0,0.0,0.0,352.8,1.52,115.0,101470.0
20160902:0600,20.0,95.6,49.0,6.06,48.0,353.2,1.31,120.0,101539.0
20160902:0700,23.24,80.8,128.0,8.19,125.0,373.0,0.97,76.0,101569.0
20160902:0800,26.04,68.15,246.0,31.01,229.0,375.0,1.52,65.0,101609.0
20160902:0900,28.4,56.1,129.0,0.0,129.0,376.0,1.86,56.0,101589.0
20160902:1000,30.42,45.3,73.0,0.0,73.0,386.0,2.41,45.0,101649.0
20160902:1100,31.84,38.25,219.0,0.0,219.0,392.05,3.31,43.0,101569.0
20160902:1200,32.63,34.05,461.0,57.54,411.0,390.6,4.14,47.0,101539.0
20160902:1300,32.84,31.8,794.0,712.2,210.0,390.0,4.69,49.0,101470.0
20160902:1400,32.41,31.25,710.0,775.85,151.0,389.65,4.48,54.0,101400.0
20160902:1500,31.92,31.4,545.0,708.43,136.0,392.6,4.34,53.0,101390.0
20160902:1600,30.81,34.6,350.0,594.66,112.0,393.85,3.93,51.0,101380.0
20160902:1700,29.61,39.0,150.0,417.35,66.0,390.25,2.83,49.0,101390.0
20160902:1800,28.19,45.5,0.0,0.0,0.0,385.6,2.34,46.0,101410.0
20160902:1900,26.17,58.8,0.0,0.0,0.0,363.8,2.21,63.0,101420.0
20160902:2000,25.36,63.2,0.0,0.0,0.0,359.8,1.93,73.0,101489.0
20160902:2100,24.6,67.15,0.0,0.0,0.0,356.2,1.45,85.0,101519.0
20160902:2200,24.15,69.1,0.0,0.0,0.0,354.8,1.17,97.0,101529.0
20160902:2300,23.44,71.9,0.0,0.0,0.0,353.0,1.17,109.0,101509.0
20160903:0000,22.46,75.7,0.0,0.0,0.0,351.4,1.38,115.0,101499.0
20160903:0100,21.59,78.3,0.0,0.0,0.0,349.85,1.52,128.0,101450.0
20160903:0200,20.89,79.95,0.0,0.0,0.0,347.2,1.59,138.0,101420.0
20160903:0300,20.18,81.6,0.0,0.0,0.0,344.8,1.66,145.0,101410.0
20160903:0400,19.48,83.3,0.0,0.0,0.0,342.8,1.66,151.0,101380.0
20160903:0500,18.82,85.15,0.0,0.0,0.0,340.8,1.59,151.0,101450.0
20160903:0600,18.72,85.05,105.0,295.56,57.0,338.6,1.45,149.0,101519.0
20160903:0700,23.25,65.7,310.0,577.03,100.0,342.0,0.83,133.0,101559.0
20160903:0800,27.35,48.8,511.0,710.86,123.0,350.0,0.97,100.0,101599.0
20160903:0900,30.21,35.45,685.0,789.17,136.0,360.0,1.86,75.0,101579.0
20160903:1000,32.37,25.0,813.0,836.59,141.0,364.8,2.83,67.0,101559.0
20160903:1100,33.46,22.25,893.0,891.71,125.0,368.0,3.17,54.0,101519.0
20160903:1200,33.94,21.3,895.0,877.86,135.0,369.2,3.59,44.0,101499.0
20160903:1300,34.02,20.9,831.0,843.98,142.0,367.8,4.14,42.0,101470.0
20160903:1400,33.65,21.05,709.0,789.92,143.0,365.6,4.55,44.0,101400.0
20160903:1500,32.98,21.45,547.0,732.97,127.0,361.6,4.69,50.0,101420.0
20160903:1600,32.13,22.4,345.0,591.51,111.0,357.0,4.34,58.0,101380.0
20160903:1700,30.92,25.45,146.0,417.56,64.0,351.8,3.59,63.0,101390.0
20160903:1800,29.04,30.4,0.0,0.0,0.0,345.4,2.69,69.0,101390.0
20160903:1900,26.64,49.75,0.0,0.0,0.0,340.8,2.0,65.0,101400.0
20160903:2000,25.43,54.9,0.0,0.0,0.0,336.6,1.52,82.0,101460.0
20160903:2100,24.5,57.15,0.0,0.0,0.0,333.2,1.31,113.0,101470.0
20160903:2200,22.92,61.3,0.0,0.0,0.0,330.8,1.45,137.0,101479.0
20160903:2300,21.47,64.55,0.0,0.0,0.0,328.4,1.59,148.0,101479.0
20160904:0000,20.23,67.0,0.0,0.0,0.0,325.8,1.66,152.0,101440.0
20160904:0100,19.23,68.3,0.0,0.0,0.0,324.05,1.72,154.0,101420.0
20160904:0200,18.47,68.9,0.0,0.0,0.0,321.6,1.79,155.0,101390.0
20160904:0300,17.84,69.0,0.0,0.0,0.0,320.2,1.86,156.0,101410.0
20160904:0400,17.35,70.5,0.0,0.0,0.0,318.8,2.0,161.0,101400.0
20160904:0500,17.03,71.05,0.0,0.0,0.0,318.2,2.07,165.0,101450.0
20160904:0600,17.3,69.1,105.0,312.78,55.0,317.6,2.0,167.0,101509.0
20160904:0700,21.72,58.85,308.0,575.42,100.0,320.2,1.1,171.0,101529.0
20160904:0800,27.92,30.95,503.0,682.8,132.0,330.6,0.69,178.0,101569.0
20160904:0900,30.61,23.65,682.0,789.21,135.0,342.2,0.55,43.0,101589.0
20160904:1000,32.5,20.1,806.0,820.73,149.0,350.6,1.86,36.0,101539.0
20160904:1100,33.73,18.15,890.0,891.34,125.0,356.4,2.62,38.0,101529.0
20160904:1200,34.44,17.75,896.0,894.0,125.0,360.4,3.24,40.0,101489.0
20160904:1300,34.73,17.95,827.0,844.1,141.0,363.6,3.52,42.0,101420.0
20160904:1400,34.73,18.4,701.0,773.34,150.0,365.4,3.59,45.0,101380.0
20160904:1500,34.42,19.5,536.0,705.21,135.0,366.2,3.66,45.0,101360.0
20160904:1600,33.69,21.7,342.0,601.16,107.0,366.4,3.59,46.0,101370.0
20160904:1700,32.26,26.7,136.0,360.42,67.0,364.6,2.83,43.0,101390.0
20160904:1800,30.09,33.9,0.0,0.0,0.0,361.4,2.21,45.0,101430.0
20160904:1900,28.32,42.85,0.0,0.0,0.0,354.2,1.38,44.0,101489.0
20160904:2000,27.48,45.8,0.0,0.0,0.0,352.6,0.21,149.0,101559.0
20160904:2100,25.0,53.35,0.0,0.0,0.0,351.0,1.17,197.0,101579.0
20160904:2200,23.66,56.1,0.0,0.0,0.0,349.2,1.59,194.0,101569.0
20160904:2300,22.63,57.05,0.0,0.0,0.0,349.2,1.79,191.0,101579.0
20160905:0000,21.89,56.55,0.0,0.0,0.0,350.2,1.93,183.0,101539.0
20160905:0100,21.24,55.7,0.0,0.0,0.0,349.85,2.0,175.0,101479.0
20160905:0200,20.55,55.7,0.0,0.0,0.0,346.2,2.0,172.0,101470.0
20160905:0300,20.07,57.05,0.0,0.0,0.0,346.2,2.0,172.0,101479.0
20160905:0400,19.81,58.1,0.0,0.0,0.0,348.2,2.0,173.0,101450.0
20160905:0500,19.37,59.95,0.0,0.0,0.0,338.6,2.07,173.0,101470.0
20160905:0600,19.59,59.75,92.0,203.43,60.0,338.0,2.0,172.0,101499.0
20160905:0700,24.19,45.6,273.0,387.19,134.0,345.8,1.52,173.0,101519.0
20160905:0800,30.67,27.2,382.0,255.15,244.0,360.2,1.17,172.0,101549.0
20160905:0900,33.86,19.85,492.0,240.41,326.0,378.2,0.97,181.0,101529.0
20160905:1000,35.82,15.8,704.0,516.48,292.0,387.8,0.28,245.0,101499.0
20160905:1100,36.88,16.3,863.0,811.51,169.0,395.45,1.17,340.0,101450.0
20160905:1200,37.38,17.0,845.0,739.2,210.0,394.85,2.41,341.0,101430.0
20160905:1300,37.33,17.3,757.0,630.44,247.0,392.85,3.17,338.0,101340.0
20160905:1400,36.8,17.95,610.0,485.6,266.0,392.0,3.52,338.0,101340.0
20160905:1500,35.71,19.65,520.0,650.49,153.0,397.05,3.45,339.0,101320.0
20160905:1600,34.17,22.95,323.0,512.73,125.0,391.6,3.03,341.0,101310.0
20160905:1700,32.18,29.4,130.0,332.5,68.0,381.4,2.14,342.0,101290.0
20160905:1800,30.12,37.85,0.0,0.0,0.0,373.4,1.38,343.0,101330.0
20160905:1900,28.53,41.85,0.0,0.0,0.0,360.0,0.69,333.0,101340.0
20160905:2000,27.16,48.45,0.0,0.0,0.0,356.4,0.62,338.0,101400.0
20160905:2100,26.83,49.75,0.0,0.0,0.0,353.2,0.69,208.0,101380.0
20160905:2200,24.47,56.1,0.0,0.0,0.0,350.6,1.31,192.0,101360.0
20160905:2300,24.9,52.7,0.0,0.0,0.0,348.0,0.97,196.0,101310.0
20160906:0000,24.99,51.25,0.0,0.0,0.0,346.8,0.48,220.0,101320.0
20160906:0100,24.8,52.45,0.0,0.0,0.0,345.85,0.21,11.0,101310.0
20160906:0200,24.34,55.6,0.0,0.0,0.0,345.2,0.62,61.0,101300.0
20160906:0300,23.4,59.75,0.0,0.0,0.0,345.2,0.76,92.0,101310.0
20160906:0400,22.8,61.65,0.0,0.0,0.0,344.0,0.83,120.0,101300.0
20160906:0500,22.26,63.0,0.0,0.0,0.0,342.8,0.97,144.0,101300.0
20160906:0600,21.28,66.75,99.0,290.82,54.0,344.0,1.1,151.0,101310.0
20160906:0700,24.04,57.85,298.0,541.38,105.0,350.6,0.55,62.0,101310.0
20160906:0800,27.21,49.5,498.0,681.74,131.0,359.8,2.07,35.0,101340.0
20160906:0900,28.58,45.15,673.0,773.42,141.0,368.6,3.1,39.0,101350.0
20160906:1000,29.6,42.4,796.0,803.91,157.0,374.4,3.31,35.0,101360.0
20160906:1100,30.33,40.35,879.0,874.33,134.0,379.0,3.45,26.0,101280.0
20160906:1200,30.71,39.25,879.0,860.22,143.0,382.0,3.59,16.0,101260.0
20160906:1300,30.72,39.15,810.0,811.01,157.0,383.8,3.79,8.0,101231.0
20160906:1400,30.3,40.65,692.0,771.03,149.0,384.2,4.0,3.0,101161.0
20160906:1500,29.34,44.55,530.0,712.88,131.0,383.2,4.14,1.0,101141.0
20160906:1600,28.02,49.9,334.0,605.68,103.0,380.0,3.79,3.0,101171.0
20160906:1700,26.63,55.6,134.0,418.85,58.0,376.6,3.03,3.0,101171.0
20160906:1800,25.22,63.15,0.0,0.0,0.0,368.2,2.0,358.0,101201.0
20160906:1900,25.31,62.3,0.0,0.0,0.0,366.6,0.55,43.0,101191.0
20160906:2000,24.77,64.2,0.0,0.0,0.0,361.0,0.41,219.0,101251.0
20160906:2100,22.94,71.55,0.0,0.0,0.0,355.2,1.1,227.0,101260.0
20160906:2200,21.94,75.5,0.0,0.0,0.0,352.0,1.24,231.0,101221.0
20160906:2300,21.23,77.9,0.0,0.0,0.0,347.4,1.31,230.0,101191.0
20160907:0000,20.51,79.6,0.0,0.0,0.0,345.6,1.38,222.0,101161.0
20160907:0100,19.91,80.7,0.0,0.0,0.0,344.65,1.45,216.0,101101.0
20160907:0200,19.73,79.1,0.0,0.0,0.0,348.6,1.38,214.0,101071.0
20160907:0300,19.69,76.85,0.0,0.0,0.0,347.6,1.24,215.0,101061.0
20160907:0400,19.63,75.15,0.0,0.0,0.0,350.6,1.17,219.0,101051.0
20160907:0500,19.57,73.95,0.0,0.0,0.0,352.2,1.17,217.0,101111.0
20160907:0600,19.77,73.0,97.0,282.6,54.0,357.2,1.17,213.0,101151.0
20160907:0700,23.42,60.95,0.0,0.0,0.0,364.8,0.83,254.0,101141.0
20160907:0800,25.69,59.25,498.0,692.45,127.0,373.6,1.17,308.0,101161.0
20160907:0900,27.24,52.25,667.0,757.48,148.0,376.0,1.79,342.0,101151.0
20160907:1000,28.5,46.6,793.0,804.32,156.0,377.8,2.41,348.0,101161.0
20160907:1100,29.44,42.95,866.0,841.08,152.0,384.2,3.03,349.0,101071.0
20160907:1200,29.8,42.35,857.0,796.86,178.0,381.2,3.59,354.0,101051.0
20160907:1300,29.75,43.1,811.0,824.88,150.0,387.4,3.66,359.0,101012.0
20160907:1400,29.55,43.65,684.0,755.66,155.0,381.6,3.38,1.0,100982.0
20160907:1500,29.19,44.2,516.0,671.87,143.0,379.2,3.03,358.0,100962.0
20160907:1600,28.6,46.1,326.0,578.93,108.0,374.8,2.83,358.0,100942.0
20160907:1700,27.35,53.05,126.0,374.17,60.0,370.2,2.83,9.0,100952.0
20160907:1800,25.64,65.15,0.0,0.0,0.0,365.0,2.14,22.0,100992.0
20160907:1900,24.45,73.35,0.0,0.0,0.0,361.0,1.86,56.0,101012.0
20160907:2000,23.86,76.95,0.0,0.0,0.0,358.0,1.59,72.0,101091.0
20160907:2100,23.24,80.45,0.0,0.0,0.0,355.4,1.03,85.0,101131.0
20160907:2200,22.55,83.85,0.0,0.0,0.0,353.4,0.76,123.0,101111.0
20160907:2300,21.34,89.6,0.0,0.0,0.0,351.2,1.03,145.0,101071.0
20160908:0000,20.48,92.35,0.0,0.0,0.0,349.4,1.24,147.0,101061.0
20160908:0100,19.84,93.3,0.0,0.0,0.0,347.25,1.31,151.0,101022.0
20160908:0200,19.34,93.75,0.0,0.0,0.0,346.8,1.38,156.0,100962.0
20160908:0300,18.97,93.65,0.0,0.0,0.0,345.6,1.38,163.0,100942.0
20160908:0400,18.67,93.5,0.0,0.0,0.0,346.8,1.38,165.0,100902.0
20160908:0500,18.47,92.65,0.0,0.0,0.0,346.0,1.31,162.0,100942.0
20160908:0600,18.61,90.5,89.0,227.31,55.0,348.8,1.1,154.0,100982.0
20160908:0700,22.88,70.3,286.0,497.95,111.0,356.2,0.9,106.0,101032.0
20160908:0800,26.05,52.45,488.0,654.55,139.0,362.0,1.38,74.0,101071.0
20160908:0900,28.12,41.45,661.0,742.91,154.0,370.8,2.0,54.0,101061.0
20160908:1000,29.52,36.35,786.0,788.3,164.0,377.4,2.55,38.0,101071.0
20160908:1100,30.29,34.7,872.0,872.66,134.0,380.4,3.03,29.0,101051.0
20160908:1200,30.67,33.9,872.0,857.93,144.0,385.4,3.31,26.0,101061.0
20160908:1300,30.83,33.45,802.0,808.86,157.0,383.0,3.52,26.0,101012.0
20160908:1400,30.65,33.55,683.0,767.48,149.0,381.8,3.59,27.0,100992.0
20160908:1500,30.15,34.5,517.0,695.64,134.0,380.0,3.66,29.0,100972.0
20160908:1600,29.23,36.6,319.0,565.0,109.0,376.6,3.59,33.0,100992.0
20160908:1700,27.75,41.05,120.0,350.27,60.0,372.8,3.38,42.0,101012.0
20160908:1800,26.07,48.7,0.0,0.0,0.0,366.4,2.48,49.0,101022.0
20160908:1900,24.61,57.55,0.0,0.0,0.0,359.8,2.0,59.0,101071.0
20160908:2000,23.9,62.0,0.0,0.0,0.0,356.4,1.79,61.0,101131.0
20160908:2100,23.15,66.65,0.0,0.0,0.0,354.2,1.52,67.0,101151.0
20160908:2200,22.65,69.5,0.0,0.0,0.0,352.4,1.31,85.0,101161.0
20160908:2300,22.03,72.55,0.0,0.0,0.0,350.8,1.24,99.0,101111.0
20160909:0000,21.28,76.0,0.0,0.0,0.0,349.0,1.31,114.0,101131.0
20160909:0100,20.54,79.25,0.0,0.0,0.0,347.85,1.24,130.0,101101.0
20160909:0200,19.84,81.9,0.0,0.0,0.0,347.0,1.24,135.0,101071.0
20160909:0300,19.31,83.8,0.0,0.0,0.0,347.4,1.31,134.0,101071.0
20160909:0400,18.86,84.9,0.0,0.0,0.0,344.8,1.38,136.0,101061.0
20160909:0500,18.47,85.6,0.0,0.0,0.0,343.6,1.52,139.0,101091.0
20160909:0600,18.44,84.9,92.0,265.36,53.0,343.4,1.45,142.0,101121.0
20160909:0700,22.54,63.85,292.0,544.6,102.0,347.6,0.9,118.0,101161.0
20160909:0800,25.52,50.6,488.0,665.31,135.0,356.2,1.03,88.0,101181.0
20160909:0900,27.74,39.6,661.0,756.23,147.0,365.4,1.38,58.0,101151.0
20160909:1000,29.44,34.85,787.0,802.74,156.0,372.4,1.86,41.0,101121.0
20160909:1100,30.66,32.9,864.0,855.87,143.0,377.8,2.28,32.0,101101.0
20160909:1200,31.51,31.95,863.0,841.47,152.0,381.6,2.76,28.0,101051.0
20160909:1300,31.79,32.0,802.0,822.97,149.0,386.6,3.1,28.0,101022.0
20160909:1400,31.67,32.65,679.0,766.48,149.0,382.8,3.38,27.0,100972.0
20160909:1500,31.01,34.25,512.0,694.22,133.0,380.2,3.52,28.0,100962.0
20160909:1600,29.94,36.9,314.0,561.67,108.0,373.2,3.45,32.0,100962.0
20160909:1700,28.51,41.55,115.0,337.01,59.0,367.4,2.9,43.0,100992.0
20160909:1800,26.87,49.3,0.0,0.0,0.0,359.2,2.0,46.0,101012.0
20160909:1900,25.38,59.3,0.0,0.0,0.0,354.0,1.59,75.0,101012.0
20160909:2000,24.65,62.9,0.0,0.0,0.0,352.4,1.1,99.0,101071.0
20160909:2100,23.86,66.15,0.0,0.0,0.0,351.6,0.76,126.0,101061.0
20160909:2200,22.68,71.15,0.0,0.0,0.0,354.2,0.97,147.0,101061.0
20160909:2300,21.81,74.65,0.0,0.0,0.0,354.0,1.03,151.0,101042.0
20160910:0000,21.23,76.85,0.0,0.0,0.0,360.2,1.1,156.0,101071.0
20160910:0100,20.55,79.2,0.0,0.0,0.0,358.65,1.24,161.0,101051.0
20160910:0200,20.1,80.4,0.0,0.0,0.0,359.0,1.31,158.0,100982.0
20160910:0300,19.73,81.0,0.0,0.0,0.0,356.6,1.45,158.0,100962.0
20160910:0400,19.39,81.9,0.0,0.0,0.0,355.6,1.52,165.0,100982.0
20160910:0500,19.23,81.8,0.0,0.0,0.0,354.6,1.45,173.0,101012.0
20160910:0600,19.71,79.45,91.0,270.16,52.0,355.0,1.17,175.0,101051.0
20160910:0700,23.33,66.7,285.0,514.01,107.0,359.6,0.48,208.0,101091.0
20160910:0800,26.61,51.1,469.0,590.98,157.0,368.2,0.69,310.0,101091.0
20160910:0900,28.33,47.2,655.0,741.62,153.0,377.0,1.45,327.0,101091.0
20160910:1000,29.51,45.05,780.0,786.69,164.0,383.0,2.0,340.0,101091.0
20160910:1100,30.29,43.6,851.0,823.5,160.0,387.8,2.48,351.0,101071.0
20160910:1200,30.75,42.7,850.0,810.66,168.0,391.45,2.83,359.0,100982.0
20160910:1300,30.89,42.35,785.0,776.49,172.0,393.25,2.83,4.0,100932.0
20160910:1400,30.67,42.8,667.0,736.41,161.0,392.85,2.69,2.0,100882.0
20160910:1500,30.26,43.8,499.0,654.04,145.0,390.6,3.24,8.0,100872.0
20160910:1600,28.98,47.2,307.0,547.25,109.0,387.8,3.24,17.0,100882.0
20160910:1700,27.69,50.35,111.0,335.39,57.0,377.8,3.1,30.0,100932.0
20160910:1800,26.22,56.9,0.0,0.0,0.0,372.8,2.0,39.0,100982.0
20160910:1900,25.03,64.05,0.0,0.0,0.0,367.2,1.79,31.0,101051.0
20160910:2000,24.32,69.35,0.0,0.0,0.0,365.4,1.59,33.0,101131.0
20160910:2100,23.67,74.05,0.0,0.0,0.0,367.0,1.31,40.0,101161.0
20160910:2200,23.05,78.25,0.0,0.0,0.0,363.4,1.03,47.0,101161.0
20160910:2300,22.55,81.55,0.0,0.0,0.0,361.6,0.97,47.0,101111.0
20160911:0000,22.08,84.85,0.0,0.0,0.0,359.8,1.17,57.0,101141.0
20160911:0100,21.53,88.5,0.0,0.0,0.0,358.25,0.83,78.0,101151.0
20160911:0200,21.25,89.3,0.0,0.0,0.0,358.4,0.62,130.0,101101.0
20160911:0300,20.54,91.85,0.0,0.0,0.0,355.4,0.83,168.0,101101.0
20160911:0400,20.03,93.4,0.0,0.0,0.0,355.2,0.9,168.0,101091.0
20160911:0500,19.82,93.65,0.0,0.0,0.0,357.2,0.83,158.0,101121.0
20160911:0600,19.68,94.0,66.0,91.72,53.0,358.2,0.83,148.0,101181.0
20160911:0700,22.68,84.75,213.0,180.39,151.0,373.4,0.9,63.0,101221.0
20160911:0800,24.67,71.95,448.0,514.04,178.0,372.0,1.93,58.0,101221.0
20160911:0900,26.32,59.5,631.0,660.18,186.0,383.8,2.28,50.0,101241.0
20160911:1000,27.93,51.4,759.0,728.25,191.0,382.2,2.9,39.0,101231.0
20160911:1100,28.84,47.6,788.0,640.16,253.0,382.6,3.72,33.0,101201.0
20160911:1200,29.32,45.7,814.0,706.8,222.0,383.8,4.21,31.0,101161.0
20160911:1300,29.27,46.2,794.0,821.25,149.0,383.8,4.41,31.0,101111.0
20160911:1400,29.0,47.5,673.0,777.79,142.0,386.4,4.21,33.0,101101.0
20160911:1500,28.36,50.2,505.0,702.67,128.0,387.2,4.07,36.0,101101.0
20160911:1600,27.64,52.95,307.0,574.53,102.0,377.8,3.86,41.0,101121.0
20160911:1700,26.53,57.5,107.0,333.72,55.0,371.8,3.52,46.0,101121.0
20160911:1800,25.13,64.95,0.0,0.0,0.0,366.0,2.69,48.0,101131.0
20160911:1900,24.03,73.2,0.0,0.0,0.0,358.2,2.14,60.0,101201.0
20160911:2000,23.46,76.65,0.0,0.0,0.0,354.8,1.59,72.0,101241.0
20160911:2100,22.69,80.75,0.0,0.0,0.0,351.0,1.38,80.0,101251.0
20160911:2200,22.07,83.85,0.0,0.0,0.0,347.4,1.38,91.0,101310.0
20160911:2300,21.38,87.2,0.0,0.0,0.0,345.2,1.45,100.0,101221.0
20160912:0000,20.71,89.75,0.0,0.0,0.0,343.0,1.45,111.0,101231.0
20160912:0100,19.95,92.2,0.0,0.0,0.0,341.65,1.45,124.0,101171.0
20160912:0200,19.28,93.75,0.0,0.0,0.0,340.0,1.52,134.0,101091.0
20160912:0300,18.72,94.65,0.0,0.0,0.0,339.0,1.52,139.0,101091.0
20160912:0400,18.32,94.55,0.0,0.0,0.0,336.0,1.59,142.0,101061.0
20160912:0500,17.96,94.3,0.0,0.0,0.0,334.6,1.59,143.0,101061.0
20160912:0600,17.91,93.65,84.0,244.43,50.0,333.8,1.52,141.0,101091.0
20160912:0700,21.48,76.1,284.0,539.49,100.0,339.0,1.17,124.0,101111.0
20160912:0800,25.36,56.6,474.0,637.26,141.0,347.0,1.38,102.0,101121.0
20160912:0900,28.15,43.15,646.0,725.59,159.0,356.8,1.52,81.0,101101.0
20160912:1000,30.38,34.75,773.0,785.24,163.0,364.6,2.14,55.0,101081.0
20160912:1100,31.84,30.8,853.0,853.05,143.0,370.4,2.9,40.0,101032.0
20160912:1200,32.5,30.15,851.0,839.51,151.0,374.4,3.79,36.0,100992.0
20160912:1300,32.42,31.9,789.0,820.46,148.0,376.6,4.62,36.0,100912.0
20160912:1400,31.75,35.0,661.0,747.52,154.0,377.2,5.1,40.0,100862.0
20160912:1500,30.78,38.2,497.0,688.29,131.0,374.8,5.1,48.0,100842.0
20160912:1600,29.98,39.7,309.0,614.01,93.0,370.0,4.48,58.0,100862.0
20160912:1700,28.9,42.65,99.0,292.16,55.0,369.2,3.45,60.0,100832.0
20160912:1800,27.29,49.8,0.0,0.0,0.0,360.0,2.28,56.0,100872.0
20160912:1900,25.91,58.45,0.0,0.0,0.0,353.8,1.93,67.0,100902.0
20160912:2000,24.93,63.4,0.0,0.0,0.0,354.6,1.31,79.0,100912.0
20160912:2100,24.31,65.6,0.0,0.0,0.0,356.8,0.9,97.0,100952.0
20160912:2200,23.49,69.15,0.0,0.0,0.0,361.0,0.76,104.0,100932.0
20160912:2300,22.46,73.45,0.0,0.0,0.0,370.0,0.83,147.0,100912.0
20160913:0000,21.76,75.4,0.0,0.0,0.0,373.4,1.1,152.0,100882.0
20160913:0100,21.36,75.5,0.0,0.0,0.0,373.05,1.31,146.0,100862.0
20160913:0200,21.03,75.0,0.0,0.0,0.0,371.8,1.31,146.0,100793.0
20160913:0300,20.78,73.9,0.0,0.0,0.0,372.4,1.38,148.0,100793.0
20160913:0400,20.55,72.65,0.0,0.0,0.0,371.2,1.38,155.0,100783.0
20160913:0500,20.35,71.2,0.0,0.0,0.0,369.0,1.45,162.0,100823.0
20160913:0600,20.33,69.95,79.0,212.54,50.0,364.8,1.45,167.0,100842.0
20160913:0700,23.88,59.7,282.0,537.8,100.0,383.0,0.83,215.0,100892.0
20160913:0800,27.2,47.15,405.0,369.37,213.0,387.0,0.83,266.0,100902.0
20160913:0900,29.5,41.7,548.0,413.01,272.0,399.65,1.45,282.0,100902.0
20160913:1000,31.22,37.7,682.0,513.14,285.0,392.4,2.07,304.0,100912.0
20160913:1100,32.45,34.5,831.0,791.47,175.0,384.6,2.76,320.0,100872.0
20160913:1200,32.95,34.0,834.0,792.76,176.0,386.2,3.17,327.0,100803.0
20160913:1300,32.94,34.9,776.0,788.82,163.0,386.2,3.52,332.0,100783.0
20160913:1400,32.07,38.0,652.0,731.74,159.0,387.4,3.52,330.0,100773.0
20160913:1500,30.99,40.9,489.0,671.8,135.0,390.4,3.45,322.0,100753.0
20160913:1600,29.77,44.4,292.0,536.45,106.0,388.2,2.69,323.0,100773.0
20160913:1700,28.55,49.4,96.0,295.81,53.0,375.0,2.07,323.0,100723.0
20160913:1800,26.88,58.4,0.0,0.0,0.0,371.2,1.38,344.0,100733.0
20160913:1900,25.97,62.15,0.0,0.0,0.0,364.6,0.62,349.0,100753.0
20160913:2000,24.77,68.7,0.0,0.0,0.0,360.8,1.45,298.0,100852.0
20160913:2100,23.7,75.3,0.0,0.0,0.0,360.0,1.45,275.0,100902.0
20160913:2200,22.99,78.85,0.0,0.0,0.0,360.8,1.66,246.0,100902.0
20160913:2300,22.72,79.2,0.0,0.0,0.0,367.4,1.86,236.0,100932.0
20160914:0000,22.61,78.85,0.0,0.0,0.0,371.2,1.59,238.0,100942.0
20160914:0100,22.55,78.75,0.0,0.0,0.0,376.85,1.31,230.0,100942.0
20160914:0200,22.06,80.4,0.0,0.0,0.0,374.6,1.72,198.0,100882.0
20160914:0300,22.02,79.0,0.0,0.0,0.0,379.6,1.66,186.0,100892.0
20160914:0400,21.94,78.1,0.0,0.0,0.0,380.2,1.72,200.0,100862.0
20160914:0500,22.37,75.15,0.0,0.0,0.0,394.25,1.93,214.0,100862.0
20160914:0600,22.32,74.65,78.0,216.77,49.0,379.8,2.07,226.0,100892.0
20160914:0700,24.27,70.55,159.0,56.59,140.0,387.8,1.66,243.0,100922.0
20160914:0800,25.79,57.6,443.0,522.21,173.0,385.0,3.17,264.0,100932.0
20160914:0900,26.33,52.85,528.0,365.25,285.0,390.2,3.93,277.0,100922.0
20160914:1000,26.98,49.75,485.0,134.99,381.0,389.8,4.41,280.0,100952.0
20160914:1100,27.27,48.0,711.0,460.43,331.0,394.85,4.34,281.0,100902.0
20160914:1200,27.85,45.2,168.0,0.0,168.0,404.45,4.28,285.0,100832.0
20160914:1300,28.39,43.15,509.0,163.02,383.0,405.85,4.41,288.0,100783.0
20160914:1400,27.97,46.0,342.0,52.3,307.0,408.25,4.97,301.0,100763.0
20160914:1500,26.48,52.3,77.0,0.0,77.0,407.25,5.1,306.0,100842.0
20160914:1600,25.3,55.75,33.0,0.0,33.0,396.65,4.48,300.0,100942.0
20160914:1700,24.29,58.55,51.0,28.55,47.0,404.05,3.59,294.0,101012.0
20160914:1800,23.59,60.75,0.0,0.0,0.0,398.25,2.83,291.0,101051.0
20160914:1900,22.16,71.65,0.0,0.0,0.0,386.2,2.14,307.0,101111.0
20160914:2000,21.19,80.15,0.0,0.0,0.0,395.25,1.66,315.0,101211.0
20160914:2100,20.48,85.9,0.0,0.0,0.0,402.25,0.9,296.0,101270.0
20160914:2200,20.3,85.95,0.0,0.0,0.0,404.45,0.62,216.0,101201.0
20160914:2300,20.12,87.3,0.0,0.0,0.0,387.4,1.52,180.0,101191.0
20160915:0000,19.87,87.5,0.0,0.0,0.0,373.6,1.59,175.0,101201.0
20160915:0100,19.78,87.65,0.0,0.0,0.0,380.05,1.45,170.0,101141.0
20160915:0200,19.42,88.55,0.0,0.0,0.0,358.6,1.52,167.0,101101.0
20160915:0300,18.94,90.25,0.0,0.0,0.0,348.0,1.59,166.0,101091.0
20160915:0400,18.45,92.15,0.0,0.0,0.0,342.6,1.66,176.0,101091.0
20160915:0500,18.02,93.4,0.0,0.0,0.0,343.0,1.66,181.0,101121.0
20160915:0600,17.86,93.75,55.0,61.02,47.0,340.8,1.52,175.0,101161.0
20160915:0700,20.1,85.45,177.0,96.08,145.0,358.2,1.24,225.0,101191.0
20160915:0800,22.1,63.05,380.0,301.42,225.0,354.8,1.59,272.0,101201.0
20160915:0900,23.53,53.8,623.0,670.38,179.0,357.4,1.66,287.0,101181.0
20160915:1000,24.88,48.2,747.0,726.02,190.0,357.4,1.72,307.0,101151.0
20160915:1100,25.94,44.5,797.0,702.16,220.0,364.4,2.07,326.0,101101.0
20160915:1200,26.87,41.8,834.0,820.93,159.0,365.0,2.28,332.0,101042.0
20160915:1300,27.41,40.65,767.0,787.11,162.0,370.2,3.38,344.0,100932.0
20160915:1400,26.59,41.95,639.0,714.72,164.0,372.8,4.83,348.0,100912.0
20160915:1500,25.05,45.1,476.0,655.45,137.0,365.2,4.69,347.0,100952.0
20160915:1600,23.86,48.75,276.0,487.35,112.0,362.8,3.17,345.0,101012.0
20160915:1700,23.04,51.6,85.0,252.18,51.0,362.4,2.07,344.0,101071.0
20160915:1800,22.21,56.2,0.0,0.0,0.0,358.4,1.79,354.0,101121.0
20160915:1900,21.54,59.65,0.0,0.0,0.0,353.8,1.17,309.0,101201.0
20160915:2000,21.16,61.15,0.0,0.0,0.0,355.0,1.17,274.0,101280.0
20160915:2100,20.61,64.85,0.0,0.0,0.0,362.2,1.24,257.0,101300.0
20160915:2200,20.0,69.55,0.0,0.0,0.0,363.0,1.45,214.0,101320.0
20160915:2300,19.36,75.65,0.0,0.0,0.0,363.0,1.86,189.0,101300.0
20160916:0000,18.77,80.8,0.0,0.0,0.0,361.6,1.86,182.0,101300.0
20160916:0100,18.14,84.3,0.0,0.0,0.0,351.05,1.86,185.0,101260.0
20160916:0200,17.58,86.6,0.0,0.0,0.0,340.2,1.93,192.0,101241.0
20160916:0300,17.33,87.15,0.0,0.0,0.0,340.4,2.0,197.0,101290.0
20160916:0400,17.21,87.4,0.0,0.0,0.0,341.4,2.0,203.0,101270.0
20160916:0500,17.13,87.3,0.0,0.0,0.0,337.8,2.07,211.0,101330.0
20160916:0600,17.37,87.0,77.0,233.64,47.0,340.4,1.93,220.0,101380.0
20160916:0700,20.27,75.75,252.0,396.59,121.0,359.2,2.0,253.0,101440.0
20160916:0800,21.84,63.4,463.0,631.62,140.0,351.8,3.24,277.0,101499.0
20160916:0900,23.03,56.8,575.0,514.2,236.0,355.2,2.97,279.0,101470.0
20160916:1000,24.4,48.95,678.0,523.63,278.0,352.6,2.97,284.0,101519.0
20160916:1100,25.35,44.85,749.0,573.26,280.0,358.0,3.24,293.0,101460.0
20160916:1200,26.15,41.9,754.0,586.6,274.0,355.2,3.66,302.0,101430.0
20160916:1300,26.4,40.35,746.0,727.43,190.0,355.6,3.86,307.0,101380.0
20160916:1400,26.29,39.35,641.0,740.95,152.0,354.2,3.86,311.0,101360.0
20160916:1500,25.89,39.3,474.0,665.64,133.0,349.8,3.66,315.0,101350.0
20160916:1600,25.14,41.05,280.0,543.21,100.0,345.4,3.38,322.0,101360.0
20160916:1700,23.99,46.25,84.0,285.65,47.0,340.4,2.97,328.0,101420.0
20160916:1800,22.64,53.95,0.0,0.0,0.0,334.6,2.07,331.0,101499.0
20160916:1900,21.85,57.4,0.0,0.0,0.0,328.6,1.24,321.0,101579.0
20160916:2000,21.07,62.6,0.0,0.0,0.0,326.8,0.55,260.0,101659.0
20160916:2100,19.84,68.55,0.0,0.0,0.0,326.2,0.9,203.0,101698.0
20160916:2200,18.54,75.3,0.0,0.0,0.0,326.0,1.17,191.0,101698.0
20160916:2300,17.44,81.45,0.0,0.0,0.0,324.4,1.38,187.0,101659.0
20160917:0000,16.65,85.55,0.0,0.0,0.0,322.4,1.59,187.0,101649.0
20160917:0100,16.08,88.1,0.0,0.0,0.0,319.65,1.59,189.0,101599.0
20160917:0200,15.52,90.2,0.0,0.0,0.0,318.2,1.45,191.0,101509.0
20160917:0300,15.25,90.6,0.0,0.0,0.0,316.8,1.38,192.0,101509.0
20160917:0400,14.93,91.15,0.0,0.0,0.0,316.8,1.38,193.0,101499.0
20160917:0500,14.77,91.05,0.0,0.0,0.0,318.6,1.38,194.0,101499.0
20160917:0600,14.64,91.55,72.0,206.85,46.0,319.2,1.45,193.0,101519.0
20160917:0700,18.72,76.0,271.0,528.14,98.0,333.6,1.1,214.0,101539.0
20160917:0800,21.61,60.8,440.0,540.8,165.0,334.0,0.97,256.0,101569.0
20160917:0900,23.11,51.95,565.0,492.23,242.0,339.6,0.83,294.0,101549.0
20160917:1000,24.44,45.45,748.0,752.09,176.0,344.2,1.24,312.0,101479.0
20160917:1100,25.59,41.05,825.0,818.94,158.0,347.0,1.59,319.0,101420.0
20160917:1200,26.57,38.2,817.0,788.43,175.0,348.8,2.28,324.0,101360.0
20160917:1300,26.88,38.65,754.0,769.76,169.0,349.2,3.52,330.0,101300.0
20160917:1400,26.31,42.05,636.0,740.13,151.0,350.6,4.07,336.0,101241.0
20160917:1500,25.36,46.0,471.0,674.11,129.0,348.0,3.86,340.0,101241.0
20160917:1600,24.38,49.15,273.0,530.35,100.0,345.2,3.31,342.0,101251.0
20160917:1700,23.3,53.15,81.0,289.8,45.0,340.6,2.76,347.0,101280.0
20160917:1800,22.15,59.1,0.0,0.0,0.0,337.0,1.86,352.0,101330.0
20160917:1900,21.4,68.3,0.0,0.0,0.0,335.4,0.62,8.0,101390.0
20160917:2000,21.11,69.25,0.0,0.0,0.0,332.6,0.21,148.0,101410.0
20160917:2100,20.51,73.05,0.0,0.0,0.0,331.6,0.48,175.0,101450.0
20160917:2200,19.56,78.55,0.0,0.0,0.0,330.0,0.76,186.0,101370.0
20160917:2300,18.82,82.9,0.0,0.0,0.0,329.2,0.83,190.0,101350.0
20160918:0000,18.25,85.5,0.0,0.0,0.0,329.2,0.9,191.0,101330.0
20160918:0100,17.25,89.45,0.0,0.0,0.0,327.65,1.17,186.0,101320.0
20160918:0200,16.54,92.0,0.0,0.0,0.0,327.8,1.24,187.0,101290.0
20160918:0300,16.14,92.8,0.0,0.0,0.0,326.4,1.24,189.0,101280.0
20160918:0400,15.87,93.85,0.0,0.0,0.0,334.6,1.24,187.0,101251.0
20160918:0500,15.75,94.1,0.0,0.0,0.0,339.8,1.31,185.0,101290.0
20160918:0600,16.24,92.35,75.0,260.24,43.0,349.6,1.24,183.0,101290.0
20160918:0700,19.15,75.85,276.0,575.75,89.0,346.8,0.83,201.0,101320.0
20160918:0800,21.99,63.55,308.0,140.43,237.0,346.2,0.48,301.0,101330.0
20160918:0900,23.61,55.95,508.0,336.87,288.0,352.8,1.31,352.0,101330.0
20160918:1000,24.73,51.4,643.0,446.41,305.0,360.8,2.0,355.0,101310.0
20160918:1100,25.69,48.7,662.0,377.43,356.0,362.4,2.69,357.0,101251.0
20160918:1200,26.2,46.45,557.0,190.07,403.0,367.4,3.03,354.0,101191.0
20160918:1300,26.17,47.05,607.0,359.98,335.0,374.0,3.59,0.0,101171.0
20160918:1400,25.6,48.95,584.0,561.04,219.0,375.6,3.86,8.0,101121.0
20160918:1500,24.9,50.45,451.0,599.18,150.0,361.0,3.79,14.0,101151.0
20160918:1600,23.98,51.95,206.0,199.37,142.0,353.0,3.45,19.0,101161.0
20160918:1700,22.87,54.95,71.0,210.25,46.0,346.6,2.76,24.0,101211.0
20160918:1800,21.68,60.85,0.0,0.0,0.0,341.0,1.86,24.0,101231.0
20160918:1900,21.36,62.95,0.0,0.0,0.0,345.0,1.45,34.0,101300.0
20160918:2000,20.34,69.15,0.0,0.0,0.0,336.0,1.03,16.0,101370.0
20160918:2100,19.88,71.95,0.0,0.0,0.0,338.4,0.76,347.0,101410.0
20160918:2200,19.68,73.85,0.0,0.0,0.0,339.4,0.69,295.0,101410.0
20160918:2300,18.82,79.6,0.0,0.0,0.0,342.4,0.83,272.0,101420.0
20160919:0000,18.21,84.05,0.0,0.0,0.0,346.2,0.9,259.0,101390.0
20160919:0100,17.59,87.75,0.0,0.0,0.0,337.25,0.97,261.0,101420.0
20160919:0200,17.61,88.55,0.0,0.0,0.0,350.4,0.9,260.0,101370.0
20160919:0300,17.8,88.2,0.0,0.0,0.0,354.0,0.76,240.0,101380.0
20160919:0400,17.21,90.75,0.0,0.0,0.0,341.6,0.97,218.0,101360.0
20160919:0500,16.75,92.4,0.0,0.0,0.0,347.8,1.1,213.0,101360.0
20160919:0600,16.58,93.15,56.0,99.82,44.0,349.2,1.17,213.0,101400.0
20160919:0700,19.45,80.65,0.0,0.0,0.0,364.8,0.83,262.0,101430.0
20160919:0800,21.57,64.0,306.0,139.26,236.0,357.0,1.52,305.0,101460.0
20160919:0900,22.83,56.5,549.0,458.52,251.0,360.4,1.79,314.0,101489.0
20160919:1000,23.95,50.2,417.0,74.3,361.0,351.0,2.14,323.0,101489.0
20160919:1100,24.81,45.1,721.0,524.16,298.0,349.4,2.69,332.0,101440.0
20160919:1200,25.32,41.95,773.0,674.83,229.0,347.8,3.1,336.0,101360.0
20160919:1300,25.52,40.6,744.0,766.82,168.0,355.4,3.24,338.0,101350.0
20160919:1400,25.41,40.4,626.0,737.03,150.0,344.8,3.31,340.0,101280.0
20160919:1500,24.94,41.45,458.0,657.49,131.0,341.2,3.31,348.0,101270.0
20160919:1600,24.13,43.9,255.0,471.81,106.0,337.2,3.17,359.0,101241.0
20160919:1700,22.9,48.95,72.0,272.94,41.0,332.2,2.83,18.0,101231.0
20160919:1800,21.58,55.65,0.0,0.0,0.0,327.6,2.0,37.0,101251.0
20160919:1900,20.94,57.65,0.0,0.0,0.0,322.4,1.45,53.0,101290.0
20160919:2000,19.76,63.9,0.0,0.0,0.0,319.6,1.38,81.0,101310.0
20160919:2100,18.82,68.5,0.0,0.0,0.0,320.0,1.24,117.0,101290.0
20160919:2200,17.79,73.9,0.0,0.0,0.0,322.4,1.38,132.0,101241.0
20160919:2300,16.9,78.9,0.0,0.0,0.0,325.2,1.45,137.0,101181.0
20160920:0000,16.65,80.9,0.0,0.0,0.0,339.2,1.45,143.0,101151.0
20160920:0100,16.35,83.25,0.0,0.0,0.0,338.65,1.45,152.0,101111.0
20160920:0200,15.62,87.35,0.0,0.0,0.0,321.6,1.45,154.0,101051.0
20160920:0300,15.15,89.25,0.0,0.0,0.0,319.6,1.45,162.0,101061.0
20160920:0400,15.21,88.7,0.0,0.0,0.0,332.8,1.45,171.0,101032.0
20160920:0500,15.83,83.1,0.0,0.0,0.0,351.2,1.38,186.0,101091.0
20160920:0600,16.48,79.5,18.0,0.0,18.0,357.0,1.17,195.0,101091.0
20160920:0700,18.45,72.95,74.0,0.0,74.0,364.8,0.9,200.0,101091.0
20160920:0800,19.93,66.65,129.0,0.0,129.0,379.6,0.55,165.0,101101.0
20160920:0900,22.51,51.75,56.0,0.0,56.0,381.4,0.41,207.0,101161.0
20160920:1000,23.44,44.75,72.0,0.0,72.0,395.25,1.03,262.0,101161.0
20160920:1100,25.24,34.65,103.0,0.0,103.0,390.0,1.93,282.0,101181.0
20160920:1200,25.9,31.25,229.0,0.0,229.0,387.8,2.21,291.0,101181.0
20160920:1300,25.6,32.65,378.0,46.87,343.0,383.8,1.86,302.0,101181.0
20160920:1400,26.0,31.6,266.0,15.6,256.0,381.8,1.79,318.0,101101.0
20160920:1500,25.74,33.0,394.0,400.15,197.0,381.0,2.62,329.0,101061.0
20160920:1600,24.9,38.0,148.0,57.96,130.0,375.2,3.31,336.0,101071.0
20160920:1700,23.48,47.85,64.0,212.47,41.0,374.8,3.03,345.0,101071.0
20160920:1800,22.22,56.1,0.0,0.0,0.0,357.6,1.93,357.0,101111.0
20160920:1900,21.6,59.7,0.0,0.0,0.0,352.8,1.17,3.0,101161.0
20160920:2000,21.03,64.9,0.0,0.0,0.0,355.6,0.55,316.0,101260.0
20160920:2100,20.18,70.05,0.0,0.0,0.0,353.8,0.83,251.0,101260.0
20160920:2200,19.38,75.05,0.0,0.0,0.0,361.0,1.03,216.0,101290.0
20160920:2300,18.58,79.3,0.0,0.0,0.0,355.8,1.17,202.0,101280.0
20160921:0000,17.79,82.95,0.0,0.0,0.0,344.8,1.24,190.0,101290.0
20160921:0100,17.11,85.65,0.0,0.0,0.0,343.85,1.38,183.0,101241.0
20160921:0200,16.54,86.95,0.0,0.0,0.0,337.8,1.52,182.0,101231.0
20160921:0300,16.09,87.35,0.0,0.0,0.0,333.4,1.66,183.0,101251.0
20160921:0400,15.66,87.65,0.0,0.0,0.0,330.0,1.66,183.0,101221.0
20160921:0500,15.34,87.75,0.0,0.0,0.0,328.4,1.72,182.0,101260.0
20160921:0600,15.28,87.1,66.0,218.0,41.0,327.6,1.72,179.0,101260.0
20160921:0700,18.53,71.4,262.0,527.96,95.0,326.8,1.45,178.0,101290.0
20160921:0800,23.35,49.05,456.0,662.41,127.0,334.0,1.52,189.0,101300.0
20160921:0900,25.38,40.8,624.0,745.95,144.0,342.6,1.17,222.0,101310.0
20160921:1000,27.02,35.05,738.0,763.35,168.0,350.2,0.97,279.0,101300.0
20160921:1100,28.3,31.55,805.0,799.4,166.0,356.0,1.66,316.0,101251.0
20160921:1200,29.08,30.15,800.0,784.66,174.0,359.8,2.41,330.0,101201.0
20160921:1300,29.25,30.7,743.0,793.62,154.0,361.4,3.03,342.0,101141.0
20160921:1400,28.84,32.9,616.0,732.42,150.0,361.2,3.17,354.0,101101.0
20160921:1500,28.08,36.1,447.0,652.63,129.0,363.2,3.17,9.0,101121.0
20160921:1600,26.99,40.15,251.0,501.07,98.0,361.0,2.83,25.0,101131.0
20160921:1700,25.73,44.8,60.0,213.77,38.0,350.8,2.34,43.0,101161.0
20160921:1800,24.35,50.95,0.0,0.0,0.0,344.4,1.52,62.0,101211.0
20160921:1900,23.19,56.5,0.0,0.0,0.0,338.4,1.03,100.0,101251.0
20160921:2000,21.67,62.0,0.0,0.0,0.0,335.6,1.31,146.0,101290.0
20160921:2100,20.23,67.5,0.0,0.0,0.0,333.4,1.59,159.0,101330.0
20160921:2200,18.97,72.75,0.0,0.0,0.0,332.0,1.72,161.0,101340.0
20160921:2300,18.04,76.7,0.0,0.0,0.0,330.0,1.79,160.0,101330.0
20160922:0000,17.38,79.8,0.0,0.0,0.0,328.6,1.86,162.0,101310.0
20160922:0100,16.88,82.1,0.0,0.0,0.0,327.25,1.93,163.0,101270.0
20160922:0200,16.48,83.85,0.0,0.0,0.0,325.8,1.93,162.0,101251.0
20160922:0300,16.14,84.85,0.0,0.0,0.0,324.0,1.93,162.0,101221.0
20160922:0400,15.85,85.3,0.0,0.0,0.0,322.0,1.93,162.0,101201.0
20160922:0500,15.53,85.75,0.0,0.0,0.0,320.2,1.93,162.0,101231.0
20160922:0600,15.38,85.0,64.0,214.51,40.0,319.2,1.86,162.0,101270.0
20160922:0700,19.21,67.95,0.0,0.0,0.0,322.2,1.24,159.0,101310.0
20160922:0800,25.4,39.4,448.0,636.11,134.0,331.8,0.83,135.0,101340.0
20160922:0900,28.71,27.2,584.0,601.38,199.0,342.2,1.17,87.0,101350.0
20160922:1000,30.66,23.75,734.0,762.98,167.0,350.4,1.45,72.0,101300.0
20160922:1100,31.88,22.3,801.0,798.28,166.0,356.2,1.86,48.0,101280.0
20160922:1200,32.55,21.85,786.0,754.81,187.0,360.4,2.69,35.0,101191.0
20160922:1300,32.66,22.5,734.0,778.17,160.0,362.0,3.79,34.0,101161.0
20160922:1400,32.05,24.55,591.0,650.92,180.0,362.4,4.69,39.0,101121.0
20160922:1500,30.41,29.9,261.0,80.88,222.0,377.2,5.03,45.0,101111.0
20160922:1600,28.3,38.15,78.0,0.0,78.0,389.0,4.28,53.0,101131.0
20160922:1700,27.15,42.3,41.0,61.49,35.0,387.4,2.69,61.0,101181.0
20160922:1800,26.17,45.5,0.0,0.0,0.0,386.8,1.93,63.0,101211.0
20160922:1900,25.35,52.25,0.0,0.0,0.0,391.85,2.0,41.0,101340.0
20160922:2000,24.39,59.0,0.0,0.0,0.0,396.05,0.97,324.0,101470.0
20160922:2100,23.55,66.6,0.0,0.0,0.0,392.6,2.07,277.0,101579.0
20160922:2200,22.89,76.15,0.0,0.0,0.0,384.4,2.76,283.0,101579.0
20160922:2300,22.35,85.25,0.0,0.0,0.0,384.6,2.0,287.0,101569.0
20160923:0000,21.98,90.05,0.0,0.0,0.0,386.2,1.31,288.0,101589.0
20160923:0100,21.65,93.35,0.0,0.0,0.0,392.05,0.69,268.0,101589.0
20160923:0200,21.6,93.4,0.0,0.0,0.0,391.25,0.48,245.0,101589.0
20160923:0300,21.5,93.25,0.0,0.0,0.0,385.2,0.41,210.0,101589.0
20160923:0400,20.72,96.6,0.0,0.0,0.0,390.85,0.9,208.0,101599.0
20160923:0500,20.76,95.35,0.0,0.0,0.0,386.6,1.45,234.0,101649.0
20160923:0600,20.68,95.2,19.0,0.0,19.0,380.2,1.45,263.0,101728.0
20160923:0700,21.16,90.75,80.0,0.0,80.0,397.65,1.59,248.0,101748.0
20160923:0800,22.25,83.7,326.0,201.82,227.0,385.0,1.72,260.0,101818.0
20160923:0900,23.28,78.95,561.0,530.72,223.0,384.0,2.07,264.0,101858.0
20160923:1000,24.59,72.45,671.0,565.22,253.0,381.2,2.48,273.0,101828.0
20160923:1100,25.52,67.85,594.0,272.89,378.0,395.05,2.76,289.0,101828.0
20160923:1200,25.82,66.15,735.0,605.59,257.0,397.25,2.76,309.0,101778.0
20160923:1300,26.47,62.0,733.0,791.22,153.0,388.6,2.9,329.0,101748.0
20160923:1400,25.6,65.6,612.0,756.52,138.0,390.6,2.69,1.0,101659.0
20160923:1500,23.09,76.05,434.0,635.1,131.0,380.4,2.0,45.0,101738.0
20160923:1600,23.05,76.0,236.0,464.64,99.0,393.65,0.62,102.0,101738.0
20160923:1700,23.09,76.45,51.0,184.27,34.0,386.4,0.0,51.0,101728.0
20160923:1800,22.8,76.25,0.0,0.0,0.0,380.6,0.69,352.0,101718.0
20160923:1900,22.88,77.2,0.0,0.0,0.0,366.0,1.59,51.0,101748.0
20160923:2000,22.01,83.9,0.0,0.0,0.0,361.4,1.79,67.0,101778.0
20160923:2100,21.55,87.25,0.0,0.0,0.0,362.0,1.72,83.0,101768.0
20160923:2200,21.24,88.65,0.0,0.0,0.0,354.8,1.52,98.0,101738.0
20160923:2300,20.5,91.4,0.0,0.0,0.0,353.6,1.52,119.0,101708.0
20160924:0000,19.82,93.5,0.0,0.0,0.0,354.4,1.38,127.0,101679.0
20160924:0100,19.22,94.95,0.0,0.0,0.0,348.45,1.38,122.0,101619.0
20160924:0200,18.73,95.65,0.0,0.0,0.0,347.0,1.52,126.0,101579.0
20160924:0300,18.46,95.6,0.0,0.0,0.0,353.6,1.59,133.0,101539.0
20160924:0400,18.18,95.25,0.0,0.0,0.0,348.6,1.66,135.0,101529.0
20160924:0500,18.15,94.45,0.0,0.0,0.0,356.4,1.59,132.0,101579.0
20160924:0600,18.17,93.3,53.0,131.79,39.0,357.0,1.66,128.0,101629.0
20160924:0700,18.92,93.15,245.0,464.92,102.0,366.4,1.86,146.0,101639.0
20160924:0800,21.0,82.65,442.0,633.94,133.0,368.4,2.07,139.0,101639.0
20160924:0900,22.8,70.7,614.0,741.9,144.0,371.6,2.0,153.0,101639.0
20160924:1000,24.98,57.35,727.0,760.99,167.0,372.4,2.62,163.0,101639.0
20160924:1100,26.63,50.15,793.0,796.14,166.0,375.8,2.14,155.0,101549.0
20160924:1200,27.72,46.45,236.0,0.0,236.0,379.4,0.62,112.0,101440.0
20160924:1300,28.33,44.75,71.0,0.0,71.0,376.4,1.59,29.0,101410.0
20160924:1400,27.8,47.8,62.0,0.0,62.0,377.8,3.24,30.0,101489.0
20160924:1500,25.97,54.15,136.0,0.0,136.0,379.2,2.9,73.0,101440.0
20160924:1600,25.4,54.3,74.0,0.0,74.0,374.4,2.41,138.0,101390.0
20160924:1700,24.56,55.2,48.0,172.55,33.0,374.2,1.31,105.0,101370.0
20160924:1800,23.7,59.45,0.0,0.0,0.0,373.2,1.72,72.0,101410.0
20160924:1900,22.83,71.05,0.0,0.0,0.0,361.0,1.52,82.0,101450.0
20160924:2000,22.36,72.5,0.0,0.0,0.0,362.4,1.03,99.0,101489.0
20160924:2100,21.32,77.75,0.0,0.0,0.0,358.4,0.97,108.0,101470.0
20160924:2200,20.25,83.3,0.0,0.0,0.0,354.8,1.03,115.0,101420.0
20160924:2300,19.31,88.15,0.0,0.0,0.0,353.0,1.03,133.0,101410.0
20160925:0000,18.92,89.5,0.0,0.0,0.0,350.8,0.9,142.0,101430.0
20160925:0100,18.57,90.65,0.0,0.0,0.0,350.05,0.9,154.0,101400.0
20160925:0200,18.12,92.3,0.0,0.0,0.0,353.6,0.97,159.0,101390.0
20160925:0300,18.67,90.2,0.0,0.0,0.0,368.2,0.62,162.0,101390.0
20160925:0400,19.18,87.8,0.0,0.0,0.0,373.0,0.34,181.0,101410.0
20160925:0500,19.19,88.1,0.0,0.0,0.0,371.0,0.55,190.0,101470.0
20160925:0600,18.93,89.95,55.0,164.45,38.0,362.8,0.83,201.0,101479.0
20160925:0700,19.91,89.4,243.0,472.73,99.0,360.8,0.9,224.0,101539.0
20160925:0800,21.8,78.7,393.0,431.57,184.0,360.4,1.17,265.0,101569.0
20160925:0900,23.04,72.6,463.0,269.79,293.0,375.8,1.45,316.0,101579.0
20160925:1000,24.01,66.5,633.0,473.92,286.0,370.2,2.07,345.0,101579.0
20160925:1100,25.0,59.45,758.0,694.29,214.0,371.4,2.41,1.0,101519.0
20160925:1200,25.73,53.85,760.0,708.36,207.0,376.0,2.9,11.0,101460.0
20160925:1300,25.82,52.4,707.0,730.88,178.0,369.2,3.31,14.0,101400.0
20160925:1400,25.51,53.05,592.0,711.79,153.0,374.0,3.38,16.0,101350.0
20160925:1500,24.87,55.1,437.0,702.56,109.0,382.2,3.03,24.0,101380.0
20160925:1600,24.34,56.8,220.0,411.48,103.0,367.0,2.69,33.0,101390.0
20160925:1700,23.47,60.4,42.0,147.03,30.0,356.2,2.34,41.0,101420.0
20160925:1800,22.2,67.55,0.0,0.0,0.0,343.8,1.86,34.0,101479.0
20160925:1900,21.63,72.2,0.0,0.0,0.0,339.2,1.38,42.0,101569.0
20160925:2000,20.75,77.2,0.0,0.0,0.0,336.0,1.03,78.0,101619.0
20160925:2100,19.89,81.25,0.0,0.0,0.0,333.6,0.97,108.0,101589.0
20160925:2200,19.21,84.35,0.0,0.0,0.0,331.0,0.83,116.0,101599.0
20160925:2300,18.14,88.5,0.0,0.0,0.0,331.4,1.03,134.0,101569.0
20160926:0000,17.65,90.45,0.0,0.0,0.0,339.8,1.03,143.0,101569.0
20160926:0100,17.18,92.0,0.0,0.0,0.0,340.05,1.1,148.0,101569.0
20160926:0200,16.54,93.75,0.0,0.0,0.0,335.6,1.24,151.0,101509.0
20160926:0300,15.95,95.25,0.0,0.0,0.0,334.4,1.45,152.0,101460.0
20160926:0400,15.57,95.9,0.0,0.0,0.0,331.8,1.52,153.0,101460.0
20160926:0500,15.34,96.4,0.0,0.0,0.0,334.2,1.52,153.0,101450.0
20160926:0600,15.25,95.95,59.0,238.8,35.0,330.6,1.52,154.0,101489.0
20160926:0700,18.16,85.95,243.0,487.36,96.0,335.8,1.03,136.0,101529.0
20160926:0800,21.82,66.35,440.0,654.76,125.0,344.6,1.17,106.0,101569.0
20160926:0900,23.62,54.75,604.0,726.06,149.0,355.4,1.72,85.0,101579.0
20160926:1000,25.13,47.45,680.0,624.61,225.0,351.0,2.14,67.0,101549.0
20160926:1100,26.14,43.15,767.0,736.38,193.0,354.0,2.62,57.0,101489.0
20160926:1200,26.85,40.35,701.0,542.32,280.0,355.8,3.1,51.0,101440.0
20160926:1300,27.17,38.5,668.0,610.47,229.0,355.6,3.45,49.0,101420.0
20160926:1400,27.06,37.95,520.0,462.55,237.0,358.4,3.66,47.0,101350.0
20160926:1500,26.41,39.35,389.0,485.12,165.0,365.0,3.72,48.0,101350.0
20160926:1600,25.4,43.1,130.0,53.75,115.0,363.2,3.72,49.0,101370.0
20160926:1700,24.04,50.9,35.0,91.72,28.0,359.6,3.31,51.0,101380.0
20160926:1800,22.77,58.2,0.0,0.0,0.0,361.6,2.76,55.0,101430.0
20160926:1900,22.58,60.6,0.0,0.0,0.0,371.0,2.21,63.0,101499.0
20160926:2000,22.01,64.0,0.0,0.0,0.0,369.4,2.07,64.0,101539.0
20160926:2100,21.34,67.95,0.0,0.0,0.0,363.8,2.14,69.0,101549.0
20160926:2200,20.73,71.75,0.0,0.0,0.0,360.8,2.14,74.0,101559.0
20160926:2300,20.08,75.4,0.0,0.0,0.0,346.6,2.07,80.0,101549.0
20160927:0000,19.65,77.5,0.0,0.0,0.0,343.8,1.93,98.0,101569.0
20160927:0100,18.9,80.35,0.0,0.0,0.0,334.05,1.79,121.0,101559.0
20160927:0200,17.99,84.1,0.0,0.0,0.0,329.8,1.59,138.0,101519.0
20160927:0300,17.06,87.75,0.0,0.0,0.0,326.6,1.52,145.0,101509.0
20160927:0400,16.32,90.3,0.0,0.0,0.0,323.8,1.52,141.0,101509.0
20160927:0500,15.77,91.65,0.0,0.0,0.0,322.4,1.59,142.0,101559.0
20160927:0600,15.38,92.55,53.0,184.41,35.0,321.8,1.45,142.0,101609.0
20160927:0700,19.11,76.15,232.0,432.02,103.0,325.4,1.24,98.0,101689.0
20160927:0800,22.33,62.25,395.0,458.29,176.0,333.2,2.21,77.0,101748.0
20160927:0900,24.31,48.6,583.0,657.9,173.0,341.6,2.9,72.0,101758.0
20160927:1000,25.76,41.35,626.0,471.94,284.0,347.0,3.24,63.0,101788.0
20160927:1100,26.62,37.7,750.0,692.55,213.0,350.2,3.52,54.0,101738.0
20160927:1200,27.05,36.1,705.0,566.14,268.0,352.0,3.79,47.0,101708.0
20160927:1300,27.09,36.1,693.0,713.87,183.0,353.4,4.14,43.0,101689.0
20160927:1400,26.65,36.9,581.0,706.9,152.0,352.2,4.21,43.0,101659.0
20160927:1500,26.04,38.75,415.0,635.13,125.0,348.4,4.14,46.0,101649.0
20160927:1600,25.06,42.55,197.0,321.36,109.0,345.8,3.86,49.0,101659.0
20160927:1700,23.68,50.6,30.0,70.39,25.0,347.6,3.52,48.0,101748.0
20160927:1800,22.17,59.65,0.0,0.0,0.0,343.6,2.9,54.0,101788.0
20160927:1900,21.63,65.8,0.0,0.0,0.0,350.2,2.55,67.0,101858.0
20160927:2000,21.15,69.0,0.0,0.0,0.0,357.8,2.28,65.0,101878.0
20160927:2100,20.75,71.7,0.0,0.0,0.0,362.4,2.14,64.0,101917.0
20160927:2200,20.39,74.35,0.0,0.0,0.0,365.8,1.72,63.0,101868.0
20160927:2300,20.26,75.55,0.0,0.0,0.0,369.6,1.1,59.0,101868.0
20160928:0000,19.7,79.0,0.0,0.0,0.0,373.0,1.24,1.0,101868.0
20160928:0100,19.15,82.5,0.0,0.0,0.0,373.25,2.07,2.0,101828.0
20160928:0200,18.61,86.05,0.0,0.0,0.0,366.2,1.79,0.0,101758.0
20160928:0300,18.36,87.1,0.0,0.0,0.0,369.2,0.9,28.0,101768.0
20160928:0400,18.24,87.55,0.0,0.0,0.0,357.0,0.07,38.0,101768.0
20160928:0500,17.92,89.25,0.0,0.0,0.0,347.8,0.41,298.0,101828.0
20160928:0600,16.98,94.4,29.0,21.12,27.0,359.6,0.9,23.0,101848.0
20160928:0700,18.44,81.8,100.0,10.15,97.0,356.0,1.03,116.0,101917.0
20160928:0800,19.62,72.85,329.0,238.09,216.0,358.8,0.62,143.0,101937.0
20160928:0900,21.38,60.25,95.0,0.0,95.0,345.4,0.41,64.0,101967.0
20160928:1000,23.04,47.1,614.0,450.85,289.0,352.6,2.48,29.0,102017.0
20160928:1100,23.34,45.25,324.0,14.26,313.0,357.6,3.03,33.0,101957.0
20160928:1200,23.51,45.55,430.0,75.57,372.0,373.2,2.97,39.0,101917.0
20160928:1300,24.35,44.15,639.0,548.13,250.0,365.6,3.24,45.0,101848.0
20160928:1400,24.15,46.45,551.0,604.74,187.0,364.8,3.52,48.0,101808.0
20160928:1500,23.78,50.35,410.0,631.29,125.0,364.4,3.72,52.0,101788.0
20160928:1600,23.2,55.3,19.0,0.0,19.0,364.4,4.0,56.0,101848.0
20160928:1700,22.09,63.85,30.0,106.45,23.0,357.8,3.86,61.0,101878.0
20160928:1800,21.17,69.9,0.0,0.0,0.0,355.6,3.17,68.0,101917.0
20160928:1900,20.6,73.15,0.0,0.0,0.0,344.4,2.55,77.0,101957.0
20160928:2000,20.07,75.85,0.0,0.0,0.0,341.2,2.28,88.0,102007.0
20160928:2100,19.42,79.45,0.0,0.0,0.0,340.8,1.93,100.0,102067.0
20160928:2200,18.83,82.25,0.0,0.0,0.0,336.6,1.66,110.0,102087.0
20160928:2300,18.11,85.8,0.0,0.0,0.0,334.2,1.52,118.0,102097.0
20160929:0000,17.53,88.35,0.0,0.0,0.0,333.2,1.52,117.0,102077.0
20160929:0100,17.06,89.85,0.0,0.0,0.0,332.85,1.66,116.0,102047.0
20160929:0200,16.65,90.6,0.0,0.0,0.0,334.8,1.79,123.0,102007.0
20160929:0300,16.25,91.3,0.0,0.0,0.0,333.0,1.86,132.0,101997.0
20160929:0400,15.87,92.15,0.0,0.0,0.0,333.6,1.72,138.0,101967.0
20160929:0500,15.6,92.5,0.0,0.0,0.0,333.0,1.72,142.0,101967.0
20160929:0600,15.43,92.15,48.0,163.48,33.0,333.4,1.72,146.0,101977.0
20160929:0700,17.97,78.4,237.0,499.2,91.0,331.2,1.31,134.0,101997.0
20160929:0800,21.36,61.7,430.0,649.24,124.0,335.8,1.38,108.0,102017.0
20160929:0900,23.56,51.1,596.0,735.24,143.0,341.0,1.86,94.0,101957.0
20160929:1000,25.38,42.85,711.0,769.87,159.0,346.2,2.28,81.0,101848.0
20160929:1100,26.5,38.25,762.0,761.31,178.0,356.2,2.62,66.0,101788.0
20160929:1200,27.29,35.75,675.0,505.91,289.0,357.2,2.9,56.0,101728.0
20160929:1300,27.54,35.4,665.0,645.44,210.0,364.2,3.17,48.0,101659.0
20160929:1400,27.54,35.95,468.0,346.77,261.0,358.4,3.45,48.0,101579.0
20160929:1500,26.86,38.8,393.0,571.35,138.0,357.6,3.59,49.0,101539.0
20160929:1600,25.34,47.7,19.0,0.0,19.0,360.4,4.21,48.0,101509.0
20160929:1700,23.84,58.6,11.0,0.0,11.0,358.6,4.07,52.0,101479.0
20160929:1800,22.58,67.65,0.0,0.0,0.0,359.2,3.52,62.0,101509.0
20160929:1900,22.52,68.0,0.0,0.0,0.0,362.2,2.48,71.0,101549.0
20160929:2000,21.73,73.35,0.0,0.0,0.0,350.4,2.0,87.0,101589.0
20160929:2100,21.18,75.7,0.0,0.0,0.0,346.6,1.45,115.0,101599.0
20160929:2200,19.98,80.05,0.0,0.0,0.0,344.0,1.59,141.0,101579.0
20160929:2300,18.93,83.0,0.0,0.0,0.0,344.4,1.66,149.0,101549.0
20160930:0000,18.09,84.9,0.0,0.0,0.0,339.6,1.66,151.0,101489.0
20160930:0100,17.61,84.9,0.0,0.0,0.0,340.45,1.72,153.0,101430.0
20160930:0200,17.43,82.1,0.0,0.0,0.0,340.4,1.86,158.0,101350.0
20160930:0300,17.47,76.35,0.0,0.0,0.0,342.2,2.0,165.0,101310.0
20160930:0400,17.37,73.0,0.0,0.0,0.0,342.4,2.14,170.0,101290.0
20160930:0500,17.26,72.1,0.0,0.0,0.0,342.6,2.14,171.0,101310.0
20160930:0600,17.36,70.75,25.0,11.26,24.0,347.2,2.21,172.0,101350.0
20160930:0700,19.77,62.2,66.0,0.0,66.0,346.8,1.86,169.0,101350.0
20160930:0800,23.71,47.5,191.0,19.23,182.0,354.8,2.62,168.0,101410.0
20160930:0900,25.06,45.95,71.0,0.0,71.0,369.2,3.03,161.0,101380.0
20160930:1000,25.98,44.2,230.0,1.4,229.0,374.2,2.76,154.0,101390.0
20160930:1100,26.37,43.6,262.0,2.62,260.0,381.4,2.9,144.0,101370.0
20160930:1200,26.47,44.75,404.0,59.33,359.0,389.0,2.41,144.0,101251.0
20160930:1300,26.52,45.1,226.0,1.43,225.0,406.45,1.86,140.0,101161.0
20160930:1400,27.02,43.4,149.0,0.0,149.0,402.85,1.72,126.0,101032.0
20160930:1500,27.28,42.2,149.0,4.53,147.0,405.85,1.72,125.0,101012.0
20160930:1600,25.69,45.46,62.0,0.0,62.0,388.65,1.1,137.0,100962.0
20160930:1700,25.03,49.04,9.0,0.0,9.0,386.51,1.32,130.0,100952.0
20160930:1800,24.36,52.62,0.0,0.0,0.0,384.36,1.53,106.0,101012.0
20160930:1900,23.7,56.2,0.0,0.0,0.0,382.22,1.75,89.0,101042.0
20160930:2000,23.04,59.78,0.0,0.0,0.0,380.07,1.97,115.0,101101.0
20160930:2100,22.37,63.36,0.0,0.0,0.0,377.93,2.19,144.0,101141.0
20160930:2200,21.71,66.94,0.0,0.0,0.0,375.78,2.4,156.0,101111.0
20160930:2300,21.04,70.52,0.0,0.0,0.0,373.64,2.62,161.0,101091.0
20151001:0000,20.38,74.1,0.0,0.0,0.0,371.5,2.84,268.0,101519.0
20151001:0100,19.72,77.68,0.0,0.0,0.0,369.35,3.05,272.0,101509.0
20151001:0200,19.05,81.26,0.0,0.0,0.0,367.21,3.27,273.0,101499.0
20151001:0300,18.39,84.84,0.0,0.0,0.0,365.06,3.49,273.0,101470.0
20151001:0400,17.72,88.42,0.0,0.0,0.0,362.92,3.71,270.0,101489.0
20151001:0500,17.06,92.0,0.0,0.0,0.0,360.78,3.92,274.0,101529.0
20151001:0600,16.39,95.58,46.0,168.92,31.0,358.63,4.14,281.0,101569.0
20151001:0700,15.73,99.16,0.0,0.0,0.0,356.49,4.36,279.0,101619.0
20151001:0800,18.79,88.55,304.0,183.76,218.0,378.4,3.17,279.0,101659.0
20151001:0900,20.29,80.65,430.0,225.3,292.0,366.0,3.72,289.0,101698.0
20151001:1000,21.41,74.15,442.0,126.21,352.0,381.4,3.72,299.0,101718.0
20151001:1100,21.99,69.15,650.0,441.74,313.0,379.6,3.86,307.0,101718.0
20151001:1200,22.77,64.2,502.0,160.85,380.0,374.2,3.93,312.0,101698.0
20151001:1300,22.98,61.75,581.0,408.47,295.0,388.2,3.79,318.0,101679.0
20151001:1400,22.48,61.0,483.0,402.06,245.0,362.2,3.66,320.0,101669.0
20151001:1500,22.19,57.3,351.0,396.67,176.0,350.4,3.24,326.0,101669.0
20151001:1600,21.77,57.95,204.0,457.15,86.0,356.8,2.69,329.0,101679.0
20151001:1700,20.9,62.25,22.0,54.27,19.0,347.0,2.0,330.0,101669.0
20151001:1800,20.01,67.65,0.0,0.0,0.0,341.6,1.17,328.0,101698.0
20151001:1900,19.31,72.45,0.0,0.0,0.0,339.8,0.55,281.0,101728.0
20151001:2000,19.15,71.9,0.0,0.0,0.0,340.2,0.48,196.0,101738.0
20151001:2100,17.94,78.35,0.0,0.0,0.0,329.4,0.83,177.0,101778.0
20151001:2200,16.72,84.85,0.0,0.0,0.0,335.0,1.1,174.0,101758.0
20151001:2300,15.46,90.7,0.0,0.0,0.0,326.0,1.38,170.0,101708.0
20151002:0000,14.89,92.2,0.0,0.0,0.0,324.4,1.66,167.0,101708.0
20151002:0100,14.43,92.7,0.0,0.0,0.0,317.45,1.79,166.0,101669.0
20151002:0200,14.07,92.85,0.0,0.0,0.0,314.0,1.86,166.0,101599.0
20151002:0300,13.75,92.8,0.0,0.0,0.0,311.0,1.86,165.0,101539.0
20151002:0400,13.45,92.75,0.0,0.0,0.0,309.6,1.79,164.0,101509.0
20151002:0500,13.24,92.3,0.0,0.0,0.0,309.0,1.86,163.0,101519.0
20151002:0600,13.19,91.3,48.0,233.03,28.0,310.2,2.07,163.0,101549.0
20151002:0700,15.51,81.0,233.0,510.09,87.0,314.6,1.72,162.0,101559.0
20151002:0800,19.98,57.95,423.0,645.67,123.0,318.4,1.45,156.0,101599.0
20151002:0900,22.88,40.45,593.0,755.46,133.0,325.2,1.24,154.0,101569.0
20151002:1000,24.84,32.7,711.0,802.33,142.0,331.4,1.03,162.0,101539.0
20151002:1100,26.25,28.7,771.0,823.82,146.0,337.4,0.28,157.0,101479.0
20151002:1200,27.17,27.0,758.0,791.82,161.0,341.8,0.55,11.0,101380.0
20151002:1300,27.69,26.85,697.0,799.55,141.0,344.0,1.45,12.0,101340.0
20151002:1400,27.66,28.05,574.0,763.27,126.0,348.0,2.41,18.0,101270.0
20151002:1500,26.83,31.85,397.0,646.75,115.0,351.4,3.31,26.0,101251.0
20151002:1600,25.52,38.5,204.0,494.24,79.0,355.6,3.38,36.0,101280.0
20151002:1700,24.1,46.9,18.0,59.91,15.0,352.4,2.34,50.0,101280.0
20151002:1800,22.77,53.75,0.0,0.0,0.0,340.2,2.0,75.0,101340.0
20151002:1900,21.43,60.2,0.0,0.0,0.0,327.0,1.52,102.0,101380.0
20151002:2000,20.26,64.2,0.0,0.0,0.0,327.0,1.59,122.0,101380.0
20151002:2100,18.84,69.4,0.0,0.0,0.0,323.2,1.72,139.0,101420.0
20151002:2200,17.52,73.9,0.0,0.0,0.0,322.2,1.93,149.0,101420.0
20151002:2300,16.72,75.3,0.0,0.0,0.0,320.6,2.07,155.0,101400.0
20151003:0000,16.49,69.65,0.0,0.0,0.0,319.6,2.28,160.0,101390.0
20151003:0100,16.44,61.5,0.0,0.0,0.0,319.45,2.55,163.0,101350.0
20151003:0200,16.39,56.15,0.0,0.0,0.0,316.4,2.76,164.0,101330.0
20151003:0300,16.62,52.3,0.0,0.0,0.0,315.0,2.97,165.0,101300.0
20151003:0400,16.93,49.05,0.0,0.0,0.0,314.4,3.1,167.0,101340.0
20151003:0500,17.23,47.3,0.0,0.0,0.0,315.0,3.31,169.0,101350.0
20151003:0600,17.78,45.7,42.0,156.96,29.0,315.8,3.52,171.0,101380.0
20151003:0700,19.58,43.15,205.0,339.16,109.0,321.0,3.17,173.0,101400.0
20151003:0800,23.01,35.7,312.0,218.98,211.0,327.8,3.72,173.0,101430.0
20151003:0900,25.57,31.25,576.0,698.9,153.0,336.8,4.76,176.0,101440.0
20151003:1000,27.41,29.4,384.0,68.06,336.0,344.0,4.83,177.0,101360.0
20151003:1100,28.7,28.2,745.0,747.61,181.0,359.8,4.55,180.0,101340.0
20151003:1200,29.62,27.45,732.0,717.9,194.0,375.0,4.07,182.0,101231.0
20151003:1300,30.46,26.65,669.0,710.99,178.0,376.6,3.45,186.0,101171.0
20151003:1400,30.82,26.5,520.0,556.75,196.0,379.2,2.83,189.0,101131.0
20151003:1500,30.85,27.1,225.0,69.62,195.0,376.4,2.14,185.0,101101.0
20151003:1600,30.49,27.95,96.0,20.18,91.0,377.0,1.38,156.0,101061.0
20151003:1700,28.88,32.35,15.0,44.54,13.0,369.2,1.59,109.0,101061.0
20151003:1800,27.26,36.5,0.0,0.0,0.0,378.2,1.86,105.0,101101.0
20151003:1900,25.45,45.05,0.0,0.0,0.0,371.0,0.48,192.0,101191.0
20151003:2000,23.79,50.2,0.0,0.0,0.0,377.0,1.03,256.0,101340.0
20151003:2100,23.08,54.9,0.0,0.0,0.0,378.4,0.9,228.0,101400.0
20151003:2200,21.91,58.9,0.0,0.0,0.0,379.0,1.86,167.0,101390.0
20151003:2300,21.52,58.4,0.0,0.0,0.0,363.8,2.34,176.0,101310.0
20151004:0000,21.54,56.55,0.0,0.0,0.0,365.0,2.55,192.0,101320.0
20151004:0100,21.36,55.6,0.0,0.0,0.0,362.85,2.62,195.0,101380.0
20151004:0200,21.16,55.05,0.0,0.0,0.0,364.4,2.62,189.0,101390.0
20151004:0300,20.94,55.5,0.0,0.0,0.0,365.8,2.48,187.0,101400.0
20151004:0400,20.35,58.0,0.0,0.0,0.0,353.2,2.41,188.0,101460.0
20151004:0500,19.96,59.9,0.0,0.0,0.0,354.2,2.41,190.0,101489.0
20151004:0600,19.69,61.55,40.0,162.89,27.0,354.0,2.41,191.0,101529.0
20151004:0700,21.06,58.5,218.0,439.51,95.0,364.2,1.79,194.0,101549.0
20151004:0800,24.29,48.55,411.0,618.16,128.0,361.0,1.31,203.0,101629.0
20151004:0900,27.0,38.85,585.0,753.08,132.0,367.6,1.03,255.0,101649.0
20151004:1000,28.52,35.8,703.0,800.03,142.0,370.6,1.72,293.0,101629.0
20151004:1100,29.36,35.5,758.0,806.55,153.0,372.4,2.55,312.0,101599.0
20151004:1200,29.61,36.7,748.0,789.44,160.0,375.2,3.1,321.0,101609.0
20151004:1300,29.44,38.35,679.0,767.02,153.0,377.4,3.24,321.0,101579.0
20151004:1400,29.05,39.95,560.0,743.57,131.0,376.0,3.24,318.0,101589.0
20151004:1500,28.21,42.2,387.0,638.85,115.0,374.2,3.1,316.0,101639.0
20151004:1600,27.12,44.6,192.0,465.9,79.0,370.0,2.14,304.0,101649.0
20151004:1700,26.15,47.4,11.0,0.0,11.0,367.0,1.17,285.0,101609.0
20151004:1800,25.13,50.9,0.0,0.0,0.0,357.2,0.76,261.0,101689.0
20151004:1900,23.9,55.6,0.0,0.0,0.0,364.4,0.76,261.0,101718.0
20151004:2000,22.77,59.95,0.0,0.0,0.0,370.0,1.31,212.0,101768.0
20151004:2100,21.77,63.8,0.0,0.0,0.0,360.6,1.59,211.0,101778.0
20151004:2200,21.06,67.05,0.0,0.0,0.0,362.2,1.59,210.0,101778.0
20151004:2300,20.32,70.15,0.0,0.0,0.0,356.6,1.66,198.0,101689.0
20151005:0000,19.83,72.05,0.0,0.0,0.0,355.6,1.86,191.0,101728.0
20151005:0100,19.72,72.05,0.0,0.0,0.0,362.45,2.0,181.0,101679.0
20151005:0200,20.05,69.9,0.0,0.0,0.0,375.4,2.07,173.0,101649.0
20151005:0300,20.38,67.85,0.0,0.0,0.0,379.4,2.14,177.0,101649.0
20151005:0400,20.26,67.05,0.0,0.0,0.0,364.2,2.34,178.0,101649.0
20151005:0500,20.33,65.05,0.0,0.0,0.0,363.4,2.48,180.0,101639.0
20151005:0600,20.37,63.6,34.0,104.21,26.0,362.6,2.62,179.0,101659.0
20151005:0700,22.63,58.15,197.0,321.72,108.0,363.0,1.79,172.0,101629.0
20151005:0800,27.63,41.4,383.0,495.21,158.0,368.8,1.45,167.0,101659.0
20151005:0900,31.04,29.85,509.0,471.73,227.0,380.4,1.17,190.0,101639.0
20151005:1000,32.64,28.65,638.0,583.77,231.0,389.4,1.17,273.0,101609.0
20151005:1100,33.34,28.6,740.0,760.28,173.0,394.85,2.34,316.0,101549.0
20151005:1200,33.33,29.35,698.0,636.28,227.0,396.05,3.1,331.0,101450.0
20151005:1300,32.85,30.4,655.0,694.63,182.0,395.25,3.24,340.0,101380.0
20151005:1400,32.1,31.75,477.0,435.36,228.0,393.45,2.69,339.0,101340.0
20151005:1500,31.29,33.35,342.0,435.04,159.0,395.65,1.86,356.0,101380.0
20151005:1600,30.23,35.4,167.0,307.51,94.0,396.85,1.66,358.0,101400.0
20151005:1700,28.77,39.8,0.0,0.0,0.0,394.25,1.03,336.0,101430.0
20151005:1800,27.48,44.45,0.0,0.0,0.0,386.6,0.69,333.0,101440.0
20151005:1900,25.59,48.6,0.0,0.0,0.0,374.6,0.97,189.0,101460.0
20151005:2000,24.2,53.95,0.0,0.0,0.0,366.2,1.17,178.0,101450.0
20151005:2100,23.31,56.65,0.0,0.0,0.0,363.6,1.31,186.0,101420.0
20151005:2200,22.18,61.2,0.0,0.0,0.0,363.0,1.79,181.0,101360.0
20151005:2300,21.46,64.85,0.0,0.0,0.0,362.6,2.0,173.0,101330.0
20151006:0000,21.22,66.6,0.0,0.0,0.0,366.8,2.21,168.0,101280.0
20151006:0100,21.66,64.0,0.0,0.0,0.0,376.05,2.34,170.0,101201.0
20151006:0200,22.05,61.1,0.0,0.0,0.0,375.4,2.55,177.0,101121.0
20151006:0300,21.88,61.7,0.0,0.0,0.0,377.2,2.41,180.0,101071.0
20151006:0400,21.84,61.9,0.0,0.0,0.0,382.4,2.48,179.0,101042.0
20151006:0500,21.99,60.9,0.0,0.0,0.0,382.4,2.28,198.0,101042.0
20151006:0600,21.94,61.4,37.0,162.82,25.0,380.8,2.07,227.0,101022.0
20151006:0700,23.35,59.65,212.0,435.29,93.0,366.2,2.0,262.0,101111.0
20151006:0800,26.05,50.6,165.0,8.87,161.0,374.2,2.48,284.0,101181.0
20151006:0900,27.31,46.4,224.0,8.42,219.0,381.4,2.97,278.0,101231.0
20151006:1000,29.0,40.7,333.0,34.63,309.0,384.0,3.52,278.0,101231.0
20151006:1100,30.04,38.05,485.0,155.11,370.0,391.25,4.28,281.0,101201.0
20151006:1200,30.27,37.25,610.0,396.94,318.0,394.0,4.0,273.0,101141.0
20151006:1300,30.62,36.15,636.0,641.91,202.0,399.25,4.41,278.0,101151.0
20151006:1400,29.93,38.7,510.0,575.03,184.0,395.0,4.34,283.0,101051.0
20151006:1500,29.0,42.05,305.0,298.4,181.0,393.25,4.07,290.0,101012.0
20151006:1600,27.34,48.1,184.0,473.6,74.0,395.45,3.72,295.0,101051.0
20151006:1700,25.6,54.55,0.0,0.0,0.0,380.6,3.03,288.0,101081.0
20151006:1800,24.28,59.35,0.0,0.0,0.0,373.2,2.83,270.0,101161.0
20151006:1900,23.83,61.05,0.0,0.0,0.0,372.8,2.48,263.0,101211.0
20151006:2000,23.29,63.6,0.0,0.0,0.0,364.0,2.07,248.0,101221.0
20151006:2100,22.67,66.5,0.0,0.0,0.0,361.8,1.66,223.0,101241.0
20151006:2200,22.08,68.7,0.0,0.0,0.0,358.6,1.52,214.0,101260.0
20151006:2300,21.45,71.1,0.0,0.0,0.0,360.0,1.45,210.0,101231.0
20151007:0000,20.98,72.85,0.0,0.0,0.0,366.4,1.24,210.0,101211.0
20151007:0100,20.46,74.85,0.0,0.0,0.0,358.85,1.17,214.0,101201.0
20151007:0200,20.07,76.15,0.0,0.0,0.0,354.6,1.24,220.0,101191.0
20151007:0300,19.92,76.35,0.0,0.0,0.0,357.6,1.31,221.0,101181.0
20151007:0400,19.54,77.95,0.0,0.0,0.0,348.0,1.45,224.0,101191.0
20151007:0500,19.33,79.15,0.0,0.0,0.0,348.2,1.66,228.0,101221.0
20151007:0600,19.01,81.35,31.0,99.12,24.0,344.0,1.86,229.0,101211.0
20151007:0700,20.69,77.3,195.0,336.91,104.0,352.2,1.59,228.0,101241.0
20151007:0800,23.36,61.15,350.0,380.03,180.0,356.4,2.97,257.0,101241.0
20151007:0900,24.79,55.6,567.0,720.07,142.0,356.8,3.38,268.0,101241.0
20151007:1000,25.96,51.65,679.0,753.22,160.0,362.0,3.59,281.0,101241.0
20151007:1100,26.85,48.6,735.0,771.99,166.0,363.8,3.72,293.0,101171.0
20151007:1200,27.29,47.05,693.0,647.07,220.0,364.8,3.86,303.0,101111.0
20151007:1300,27.22,47.85,624.0,615.26,211.0,366.0,4.0,310.0,101071.0
20151007:1400,26.74,51.0,520.0,631.75,165.0,366.0,3.79,319.0,101032.0
20151007:1500,25.9,55.4,330.0,421.48,157.0,365.8,3.52,335.0,101032.0
20151007:1600,24.77,59.85,184.0,510.64,68.0,368.4,2.83,345.0,101051.0
20151007:1700,23.54,65.65,0.0,0.0,0.0,360.4,2.0,353.0,101081.0
20151007:1800,22.45,72.55,0.0,0.0,0.0,348.6,1.03,359.0,101111.0
20151007:1900,21.78,75.85,0.0,0.0,0.0,350.4,0.34,74.0,101161.0
20151007:2000,21.39,76.4,0.0,0.0,0.0,345.2,0.34,109.0,101171.0
20151007:2100,20.19,82.4,0.0,0.0,0.0,343.2,0.76,164.0,101191.0
20151007:2200,19.38,86.2,0.0,0.0,0.0,347.6,0.9,159.0,101131.0
20151007:2300,19.23,86.85,0.0,0.0,0.0,368.6,0.97,155.0,101091.0
20151008:0000,19.83,82.05,0.0,0.0,0.0,371.0,0.62,194.0,101071.0
20151008:0100,20.05,80.25,0.0,0.0,0.0,375.85,0.34,159.0,101061.0
20151008:0200,19.1,85.65,0.0,0.0,0.0,374.6,1.03,167.0,100992.0
20151008:0300,18.95,86.7,0.0,0.0,0.0,378.4,1.17,132.0,100902.0
20151008:0400,18.67,88.35,0.0,0.0,0.0,371.4,1.1,110.0,100862.0
20151008:0500,18.93,86.5,0.0,0.0,0.0,367.2,0.62,132.0,100912.0
20151008:0600,18.21,90.5,12.0,0.0,12.0,365.2,1.1,198.0,100922.0
20151008:0700,19.54,84.85,167.0,198.66,114.0,369.0,1.1,113.0,100972.0
20151008:0800,20.9,77.6,417.0,723.35,96.0,376.2,0.76,124.0,101032.0
20151008:0900,21.46,77.05,431.0,272.86,271.0,383.6,0.62,113.0,101091.0
20151008:1000,21.75,73.85,413.0,110.96,337.0,380.4,0.9,61.0,100982.0
20151008:1100,22.63,67.2,124.0,0.0,124.0,392.45,1.45,51.0,101042.0
20151008:1200,23.37,63.4,111.0,0.0,111.0,391.0,1.59,50.0,101002.0
20151008:1300,22.53,68.8,83.0,0.0,83.0,397.85,2.0,54.0,100982.0
20151008:1400,21.18,80.2,140.0,0.0,140.0,390.45,1.72,48.0,100972.0
20151008:1500,20.01,91.95,262.0,185.01,187.0,387.8,1.52,62.0,100932.0
20151008:1600,19.95,92.05,131.0,162.09,95.0,391.4,1.72,67.0,100922.0
20151008:1700,19.59,94.1,0.0,0.0,0.0,387.0,1.38,67.0,100922.0
20151008:1800,19.34,94.55,0.0,0.0,0.0,380.6,1.45,66.0,100912.0
20151008:1900,19.4,92.45,0.0,0.0,0.0,384.4,1.86,72.0,100912.0
20151008:2000,19.18,92.75,0.0,0.0,0.0,376.6,1.72,78.0,100942.0
20151008:2100,19.02,93.5,0.0,0.0,0.0,374.2,1.59,85.0,100932.0
20151008:2200,18.76,94.9,0.0,0.0,0.0,370.6,1.52,92.0,100842.0
20151008:2300,18.63,95.35,0.0,0.0,0.0,376.2,1.1,116.0,100842.0
20151009:0000,18.23,97.1,0.0,0.0,0.0,374.0,0.76,152.0,100852.0
20151009:0100,17.92,98.35,0.0,0.0,0.0,377.85,0.55,139.0,100823.0
20151009:0200,17.66,97.65,0.0,0.0,0.0,370.4,1.24,145.0,100783.0
20151009:0300,17.55,97.15,0.0,0.0,0.0,371.4,1.59,174.0,100723.0
20151009:0400,17.28,96.8,0.0,0.0,0.0,368.8,1.59,183.0,100683.0
20151009:0500,17.11,96.4,0.0,0.0,0.0,368.4,1.86,175.0,100653.0
20151009:0600,16.9,95.5,19.0,15.53,18.0,366.0,1.66,173.0,100643.0
20151009:0700,17.3,94.5,66.0,0.0,66.0,370.0,1.79,248.0,100653.0
20151009:0800,17.98,91.35,122.0,0.0,122.0,368.8,1.59,269.0,100703.0
20151009:0900,18.07,89.5,102.0,0.0,102.0,385.6,1.52,300.0,100713.0
20151009:1000,18.41,86.65,224.0,1.47,223.0,386.4,2.14,344.0,100723.0
20151009:1100,18.79,81.05,93.0,0.0,93.0,388.0,3.38,6.0,100663.0
20151009:1200,18.78,81.4,323.0,20.78,308.0,392.8,4.28,10.0,100683.0
20151009:1300,17.47,92.85,214.0,1.51,213.0,392.05,4.34,6.0,100653.0
20151009:1400,17.34,95.3,80.0,0.0,80.0,391.25,4.07,3.0,100673.0
20151009:1500,17.22,94.6,56.0,0.0,56.0,379.2,3.79,355.0,100693.0
20151009:1600,16.88,92.55,93.0,41.46,84.0,379.4,3.24,0.0,100703.0
20151009:1700,16.72,90.35,0.0,0.0,0.0,381.6,2.41,351.0,100763.0
20151009:1800,16.43,93.55,0.0,0.0,0.0,376.2,1.72,326.0,100783.0
20151009:1900,16.59,85.0,0.0,0.0,0.0,356.0,1.59,274.0,100862.0
20151009:2000,16.36,86.65,0.0,0.0,0.0,355.0,1.45,255.0,100892.0
20151009:2100,16.02,88.3,0.0,0.0,0.0,349.2,1.59,238.0,100892.0
20151009:2200,15.65,90.0,0.0,0.0,0.0,343.8,1.72,233.0,100842.0
20151009:2300,15.29,91.15,0.0,0.0,0.0,336.6,1.86,234.0,100832.0
20151010:0000,14.73,94.35,0.0,0.0,0.0,339.6,1.93,240.0,100793.0
20151010:0100,15.17,91.35,0.0,0.0,0.0,347.05,1.93,246.0,100793.0
20151010:0200,15.35,90.2,0.0,0.0,0.0,355.4,2.07,250.0,100743.0
20151010:0300,15.64,89.1,0.0,0.0,0.0,367.4,2.21,255.0,100733.0
20151010:0400,15.17,91.9,0.0,0.0,0.0,348.8,2.21,253.0,100733.0
20151010:0500,15.19,92.1,0.0,0.0,0.0,363.2,2.14,250.0,100753.0
20151010:0600,15.27,90.7,30.0,163.3,20.0,364.8,2.34,242.0,100773.0
20151010:0700,16.14,91.1,175.0,265.29,106.0,351.4,2.55,262.0,100783.0
20151010:0800,17.03,87.55,345.0,393.99,173.0,356.4,2.76,254.0,100842.0
20151010:0900,18.69,82.25,531.0,613.53,176.0,348.4,3.24,262.0,100842.0
20151010:1000,19.85,75.85,458.0,183.27,334.0,340.2,3.38,273.0,100852.0
20151010:1100,20.43,70.95,619.0,446.26,296.0,354.4,3.38,287.0,100823.0
20151010:1200,21.29,64.05,651.0,556.48,252.0,349.0,3.59,301.0,100773.0
20151010:1300,21.57,59.75,528.0,363.94,289.0,345.0,3.72,309.0,100713.0
20151010:1400,21.4,58.3,501.0,614.29,165.0,352.0,3.52,311.0,100673.0
20151010:1500,21.17,58.7,345.0,564.11,122.0,340.4,3.03,314.0,100663.0
20151010:1600,20.63,60.05,162.0,429.12,71.0,334.8,2.48,317.0,100673.0
20151010:1700,19.76,64.75,0.0,0.0,0.0,330.8,1.52,322.0,100683.0
20151010:1800,18.65,73.7,0.0,0.0,0.0,324.6,0.55,310.0,100743.0
20151010:1900,17.42,77.7,0.0,0.0,0.0,327.2,0.9,191.0,100773.0
20151010:2000,15.87,84.6,0.0,0.0,0.0,314.0,1.38,178.0,100793.0
20151010:2100,14.67,89.3,0.0,0.0,0.0,309.0,1.59,175.0,100793.0
20151010:2200,13.82,91.35,0.0,0.0,0.0,306.6,1.79,170.0,100793.0
20151010:2300,13.33,92.0,0.0,0.0,0.0,303.8,1.93,168.0,100733.0
20151011:0000,13.14,91.35,0.0,0.0,0.0,302.4,2.07,166.0,100713.0
20151011:0100,13.03,90.2,0.0,0.0,0.0,299.8,2.21,165.0,100663.0
20151011:0200,12.95,88.7,0.0,0.0,0.0,298.2,2.34,166.0,100604.0
20151011:0300,12.8,88.05,0.0,0.0,0.0,296.2,2.48,169.0,100584.0
20151011:0400,12.68,87.4,0.0,0.0,0.0,295.8,2.55,169.0,100544.0
20151011:0500,12.57,86.5,0.0,0.0,0.0,295.2,2.62,168.0,100544.0
20151011:0600,12.48,85.05,19.0,0.0,19.0,295.6,2.62,169.0,100554.0
20151011:0700,14.31,77.8,211.0,537.59,73.0,297.4,2.41,170.0,100594.0
20151011:0800,18.49,62.45,411.0,750.73,86.0,304.8,2.14,170.0,100623.0
20151011:0900,22.34,47.9,563.0,770.84,120.0,315.0,1.93,174.0,100653.0
20151011:1000,24.74,36.8,657.0,733.21,164.0,325.8,1.79,203.0,100604.0
20151011:1100,26.15,30.75,732.0,828.55,136.0,334.6,1.72,245.0,100604.0
20151011:1200,26.9,29.55,717.0,795.99,150.0,342.2,1.93,279.0,100534.0
20151011:1300,27.13,29.85,569.0,492.45,248.0,346.6,2.14,304.0,100474.0
20151011:1400,26.64,31.75,502.0,636.52,157.0,356.6,2.34,322.0,100424.0
20151011:1500,25.84,34.6,351.0,627.7,106.0,375.2,2.41,346.0,100424.0
20151011:1600,24.63,40.4,161.0,458.72,66.0,380.4,1.86,8.0,100444.0
20151011:1700,23.13,48.45,0.0,0.0,0.0,357.8,1.66,30.0,100484.0
20151011:1800,21.8,55.6,0.0,0.0,0.0,344.6,1.45,62.0,100544.0
20151011:1900,21.36,60.55,0.0,0.0,0.0,338.2,0.9,110.0,100574.0
20151011:2000,19.63,67.2,0.0,0.0,0.0,334.8,1.31,144.0,100584.0
20151011:2100,17.77,75.0,0.0,0.0,0.0,336.2,1.79,166.0,100623.0
20151011:2200,16.98,79.5,0.0,0.0,0.0,342.6,1.93,173.0,100633.0
20151011:2300,16.73,81.55,0.0,0.0,0.0,343.0,2.0,174.0,100633.0
20151012:0000,16.97,79.1,0.0,0.0,0.0,347.0,2.21,175.0,100633.0
20151012:0100,16.96,78.8,0.0,0.0,0.0,340.85,2.41,176.0,100653.0
20151012:0200,17.06,78.1,0.0,0.0,0.0,347.4,2.55,177.0,100643.0
20151012:0300,17.08,77.4,0.0,0.0,0.0,348.6,2.62,177.0,100623.0
20151012:0400,16.97,76.85,0.0,0.0,0.0,342.8,2.69,176.0,100643.0
20151012:0500,16.79,76.65,0.0,0.0,0.0,338.8,2.76,177.0,100693.0
20151012:0600,16.59,76.95,18.0,0.0,18.0,335.0,2.76,177.0,100743.0
20151012:0700,17.74,73.1,203.0,497.46,77.0,330.4,2.34,181.0,100783.0
20151012:0800,21.07,62.45,389.0,638.34,115.0,333.0,2.07,181.0,100852.0
20151012:0900,24.12,51.45,553.0,741.14,130.0,341.0,1.93,184.0,100882.0
20151012:1000,25.98,46.15,667.0,790.23,139.0,349.8,1.72,189.0,100842.0
20151012:1100,27.25,43.3,727.0,826.75,136.0,356.4,1.03,194.0,100803.0
20151012:1200,28.11,42.0,711.0,794.21,149.0,361.2,0.41,194.0,100733.0
20151012:1300,28.66,40.7,644.0,782.09,138.0,365.0,0.28,30.0,100623.0
20151012:1400,28.75,40.25,516.0,726.17,126.0,367.2,1.31,17.0,100623.0
20151012:1500,27.88,42.65,342.0,602.06,110.0,368.0,2.48,9.0,100633.0
20151012:1600,26.01,50.3,150.0,385.81,72.0,364.6,2.76,10.0,100663.0
20151012:1700,24.05,58.95,0.0,0.0,0.0,359.6,2.28,21.0,100713.0
20151012:1800,22.54,66.8,0.0,0.0,0.0,354.8,2.0,37.0,100773.0
20151012:1900,21.68,73.7,0.0,0.0,0.0,353.4,1.52,42.0,100803.0
20151012:2000,20.6,80.55,0.0,0.0,0.0,350.0,1.31,56.0,100832.0
20151012:2100,19.96,83.2,0.0,0.0,0.0,349.0,1.24,83.0,100862.0
20151012:2200,19.06,87.1,0.0,0.0,0.0,349.2,1.59,115.0,100842.0
20151012:2300,18.67,88.05,0.0,0.0,0.0,356.8,1.72,136.0,100813.0
20151013:0000,18.1,88.7,0.0,0.0,0.0,347.8,1.72,149.0,100773.0
20151013:0100,17.49,88.9,0.0,0.0,0.0,342.85,1.59,159.0,100783.0
20151013:0200,17.28,86.4,0.0,0.0,0.0,349.2,1.72,160.0,100743.0
20151013:0300,16.99,83.7,0.0,0.0,0.0,342.4,1.86,163.0,100733.0
20151013:0400,16.77,80.05,0.0,0.0,0.0,339.2,2.0,166.0,100743.0
20151013:0500,16.73,75.55,0.0,0.0,0.0,339.8,2.14,167.0,100783.0
20151013:0600,16.9,71.7,16.0,0.0,16.0,345.4,2.21,169.0,100803.0
20151013:0700,18.25,68.4,166.0,252.16,103.0,348.8,1.79,190.0,100852.0
20151013:0800,21.4,55.0,337.0,399.5,167.0,349.4,1.52,198.0,100902.0
20151013:0900,23.98,47.05,475.0,442.87,224.0,352.2,1.1,211.0,100902.0
20151013:1000,25.85,41.8,271.0,12.05,263.0,362.4,1.1,222.0,100872.0
20151013:1100,27.09,39.7,537.0,278.73,339.0,360.6,1.03,257.0,100872.0
20151013:1200,27.78,39.7,527.0,270.3,337.0,367.4,1.45,313.0,100813.0
20151013:1300,27.48,45.0,371.0,91.88,312.0,371.8,2.9,342.0,100713.0
20151013:1400,25.93,57.15,341.0,157.85,257.0,368.2,4.0,353.0,100643.0
20151013:1500,23.87,71.1,271.0,273.39,167.0,377.0,4.28,3.0,100584.0
20151013:1600,22.16,81.55,101.0,96.3,82.0,373.6,3.72,9.0,100564.0
20151013:1700,21.08,87.35,0.0,0.0,0.0,386.8,2.48,16.0,100574.0
20151013:1800,20.36,91.1,0.0,0.0,0.0,371.8,1.38,28.0,100643.0
20151013:1900,20.97,91.95,0.0,0.0,0.0,368.0,2.14,349.0,100713.0
20151013:2000,20.34,95.75,0.0,0.0,0.0,369.0,2.07,339.0,100803.0
20151013:2100,19.96,96.8,0.0,0.0,0.0,379.0,1.66,339.0,100832.0
20151013:2200,19.71,97.6,0.0,0.0,0.0,385.8,1.24,339.0,100852.0
20151013:2300,19.44,96.55,0.0,0.0,0.0,390.4,1.03,344.0,100832.0
20151014:0000,19.31,98.15,0.0,0.0,0.0,396.25,0.55,344.0,100823.0
20151014:0100,19.02,97.25,0.0,0.0,0.0,397.65,0.48,11.0,100793.0
20151014:0200,18.71,98.1,0.0,0.0,0.0,393.25,0.48,4.0,100703.0
20151014:0300,18.68,98.05,0.0,0.0,0.0,391.4,0.76,344.0,100643.0
20151014:0400,18.26,97.3,0.0,0.0,0.0,388.2,0.9,276.0,100613.0
20151014:0500,17.93,97.25,0.0,0.0,0.0,393.25,1.31,272.0,100604.0
20151014:0600,17.84,97.25,14.0,0.0,14.0,390.2,1.79,271.0,100623.0
20151014:0700,18.36,93.85,155.0,207.0,104.0,385.0,1.59,256.0,100653.0
20151014:0800,19.29,88.9,313.0,312.95,181.0,380.2,1.59,253.0,100723.0
20151014:0900,20.27,83.2,442.0,350.06,245.0,382.4,1.86,268.0,100713.0
20151014:1000,21.3,78.0,393.0,104.6,324.0,370.2,1.93,283.0,100683.0
20151014:1100,22.11,72.15,556.0,328.68,324.0,369.6,2.48,285.0,100613.0
20151014:1200,22.89,65.6,523.0,270.69,334.0,361.4,3.17,293.0,100584.0
20151014:1300,22.79,64.3,490.0,307.54,294.0,361.0,3.72,296.0,100564.0
20151014:1400,22.33,66.05,348.0,178.29,254.0,355.0,4.21,292.0,100544.0
20151014:1500,21.33,69.7,220.0,125.17,173.0,355.0,4.34,291.0,100574.0
20151014:1600,20.33,74.7,143.0,394.88,67.0,372.6,4.07,289.0,100604.0
20151014:1700,19.48,78.8,0.0,0.0,0.0,365.8,3.38,287.0,100663.0
20151014:1800,18.82,81.95,0.0,0.0,0.0,364.4,3.17,282.0,100753.0
20151014:1900,17.4,90.6,0.0,0.0,0.0,357.4,2.07,246.0,100823.0
20151014:2000,17.4,90.1,0.0,0.0,0.0,368.0,2.07,237.0,100872.0
20151014:2100,17.32,89.45,0.0,0.0,0.0,353.8,2.07,231.0,100922.0
20151014:2200,17.23,89.45,0.0,0.0,0.0,351.2,2.07,231.0,100902.0
20151014:2300,17.05,90.15,0.0,0.0,0.0,344.2,2.07,232.0,100902.0
20151015:0000,16.76,91.25,0.0,0.0,0.0,338.2,2.0,237.0,100912.0
20151015:0100,16.34,92.6,0.0,0.0,0.0,331.05,1.93,237.0,100902.0
20151015:0200,16.21,93.45,0.0,0.0,0.0,340.0,1.86,236.0,100922.0
20151015:0300,16.34,93.55,0.0,0.0,0.0,356.0,1.79,239.0,100882.0
20151015:0400,16.38,93.45,0.0,0.0,0.0,359.8,1.79,246.0,100882.0
20151015:0500,16.07,94.4,0.0,0.0,0.0,346.6,1.79,243.0,100932.0
20151015:0600,15.68,95.4,13.0,0.0,13.0,339.2,1.66,234.0,100952.0
20151015:0700,16.29,94.1,192.0,477.6,76.0,339.8,1.31,232.0,100992.0
20151015:0800,17.72,86.8,357.0,521.48,139.0,340.0,1.59,246.0,101051.0
20151015:0900,19.21,73.5,519.0,642.54,160.0,348.2,1.79,279.0,101091.0
20151015:1000,20.52,63.15,650.0,770.58,145.0,337.4,1.72,297.0,101091.0
20151015:1100,21.67,54.85,724.0,868.35,115.0,342.4,1.79,314.0,101081.0
20151015:1200,22.25,50.75,707.0,834.86,128.0,337.2,2.0,326.0,101042.0
20151015:1300,22.55,48.95,635.0,806.35,125.0,335.6,2.07,335.0,100992.0
20151015:1400,22.55,48.7,506.0,746.63,116.0,330.0,2.0,345.0,100962.0
20151015:1500,22.13,50.3,332.0,625.96,100.0,330.8,1.86,2.0,100952.0
20151015:1600,21.44,53.6,141.0,410.28,64.0,334.4,1.93,29.0,100942.0
20151015:1700,20.3,60.4,0.0,0.0,0.0,324.4,1.72,47.0,100972.0
20151015:1800,19.22,66.45,0.0,0.0,0.0,319.8,1.59,67.0,101022.0
20151015:1900,18.61,71.75,0.0,0.0,0.0,330.8,1.03,85.0,101091.0
20151015:2000,18.13,73.85,0.0,0.0,0.0,341.0,0.97,120.0,101121.0
20151015:2100,17.51,76.55,0.0,0.0,0.0,338.4,0.97,147.0,101161.0
20151015:2200,16.55,81.3,0.0,0.0,0.0,327.0,1.17,161.0,101191.0
20151015:2300,15.74,85.75,0.0,0.0,0.0,331.4,1.24,166.0,101141.0
20151016:0000,14.82,89.6,0.0,0.0,0.0,321.8,1.38,163.0,101131.0
20151016:0100,14.28,91.4,0.0,0.0,0.0,323.65,1.38,162.0,101121.0
20151016:0200,13.87,92.1,0.0,0.0,0.0,320.8,1.45,164.0,101091.0
20151016:0300,13.47,92.5,0.0,0.0,0.0,316.8,1.45,165.0,101101.0
20151016:0400,13.21,92.45,0.0,0.0,0.0,316.0,1.45,163.0,101081.0
20151016:0500,13.02,92.2,0.0,0.0,0.0,315.2,1.45,159.0,101101.0
20151016:0600,12.8,92.15,12.0,0.0,12.0,314.6,1.38,155.0,101121.0
20151016:0700,14.9,86.2,190.0,480.44,75.0,312.0,0.97,152.0,101141.0
20151016:0800,19.34,63.85,375.0,642.12,109.0,317.0,0.69,127.0,101231.0
20151016:0900,21.6,50.6,541.0,760.81,119.0,325.4,1.17,79.0,101221.0
20151016:1000,22.91,47.8,649.0,783.36,139.0,330.6,1.59,67.0,101211.0
20151016:1100,23.85,46.0,696.0,774.97,156.0,336.0,1.79,56.0,101141.0
20151016:1200,24.51,44.2,679.0,743.29,167.0,337.0,2.14,42.0,101081.0
20151016:1300,24.73,44.05,626.0,790.23,130.0,337.8,2.76,33.0,101032.0
20151016:1400,24.42,45.7,498.0,730.45,120.0,338.0,3.52,36.0,101002.0
20151016:1500,23.56,49.2,327.0,620.55,100.0,336.6,4.0,43.0,100982.0
20151016:1600,22.29,54.9,118.0,245.98,73.0,332.8,3.66,52.0,100992.0
20151016:1700,20.84,61.45,0.0,0.0,0.0,329.0,2.55,65.0,101042.0
20151016:1800,19.88,65.65,0.0,0.0,0.0,325.2,2.0,89.0,101101.0
20151016:1900,19.23,68.0,0.0,0.0,0.0,328.2,2.14,92.0,101081.0
20151016:2000,18.49,72.15,0.0,0.0,0.0,334.4,2.07,97.0,101081.0
20151016:2100,17.95,74.9,0.0,0.0,0.0,332.6,1.93,105.0,101071.0
20151016:2200,17.2,78.85,0.0,0.0,0.0,324.2,1.93,113.0,101042.0
20151016:2300,16.5,82.3,0.0,0.0,0.0,323.6,1.93,123.0,101042.0
20151017:0000,15.91,84.75,0.0,0.0,0.0,324.0,1.93,129.0,101002.0
20151017:0100,15.55,85.55,0.0,0.0,0.0,324.45,2.0,130.0,100972.0
20151017:0200,15.35,84.65,0.0,0.0,0.0,324.0,2.14,133.0,100942.0
20151017:0300,15.22,83.15,0.0,0.0,0.0,323.6,2.21,136.0,100902.0
20151017:0400,15.11,82.6,0.0,0.0,0.0,323.8,2.28,138.0,100882.0
20151017:0500,15.11,81.75,0.0,0.0,0.0,325.2,2.34,140.0,100892.0
20151017:0600,15.17,80.9,0.0,0.0,0.0,327.6,2.41,143.0,100882.0
20151017:0700,16.66,74.55,164.0,309.55,91.0,332.2,2.28,142.0,100912.0
20151017:0800,19.71,62.95,338.0,458.04,150.0,337.0,2.28,143.0,100952.0
20151017:0900,22.89,50.9,474.0,490.38,204.0,346.0,2.41,149.0,100992.0
20151017:1000,25.35,42.25,519.0,361.83,285.0,354.0,2.83,164.0,100942.0
20151017:1100,27.17,37.5,492.0,219.57,340.0,356.4,2.69,177.0,100922.0
20151017:1200,28.27,35.15,187.0,0.0,187.0,362.0,2.0,181.0,100813.0
20151017:1300,28.86,33.9,203.0,1.61,202.0,363.6,1.31,178.0,100783.0
20151017:1400,28.89,33.8,167.0,1.95,166.0,367.4,1.03,158.0,100743.0
20151017:1500,28.54,34.8,248.0,240.99,161.0,365.8,1.31,127.0,100723.0
20151017:1600,27.69,37.9,106.0,185.13,73.0,364.4,1.86,113.0,100713.0
20151017:1700,26.15,41.5,0.0,0.0,0.0,353.4,2.48,123.0,100713.0
20151017:1800,24.58,45.3,0.0,0.0,0.0,352.6,2.9,135.0,100743.0
20151017:1900,22.87,53.35,0.0,0.0,0.0,350.8,2.48,132.0,100793.0
20151017:2000,22.4,53.7,0.0,0.0,0.0,347.0,2.9,147.0,100813.0
20151017:2100,22.22,52.8,0.0,0.0,0.0,344.4,3.17,156.0,100832.0
20151017:2200,21.9,52.15,0.0,0.0,0.0,343.2,3.38,162.0,100842.0
20151017:2300,21.78,50.7,0.0,0.0,0.0,344.6,3.52,169.0,100832.0
20151018:0000,21.75,49.3,0.0,0.0,0.0,341.0,3.79,177.0,100803.0
20151018:0100,21.75,47.8,0.0,0.0,0.0,341.25,4.0,181.0,100823.0
20151018:0200,21.76,47.4,0.0,0.0,0.0,354.0,3.93,182.0,100823.0
20151018:0300,21.44,50.2,0.0,0.0,0.0,364.0,4.28,191.0,100832.0
20151018:0400,20.09,60.85,0.0,0.0,0.0,361.4,4.14,190.0,100902.0
20151018:0500,18.89,70.65,0.0,0.0,0.0,363.8,3.72,179.0,100902.0
20151018:0600,18.52,72.85,0.0,0.0,0.0,366.8,3.52,176.0,100922.0
20151018:0700,18.56,79.05,62.0,0.0,62.0,367.0,2.9,171.0,100982.0
20151018:0800,20.6,69.0,123.0,2.46,122.0,365.8,2.76,185.0,101051.0
20151018:0900,21.92,58.4,227.0,16.47,218.0,380.4,3.31,188.0,101071.0
20151018:1000,21.94,59.55,650.0,825.06,120.0,379.8,3.79,181.0,101071.0
20151018:1100,23.38,51.95,701.0,833.18,128.0,375.0,4.0,177.0,100952.0
20151018:1200,25.42,45.85,692.0,830.1,128.0,377.2,3.66,185.0,100862.0
20151018:1300,27.02,43.0,615.0,786.29,129.0,370.6,2.62,202.0,100773.0
20151018:1400,27.57,42.9,490.0,738.39,115.0,370.4,1.38,231.0,100693.0
20151018:1500,27.37,44.65,315.0,600.68,101.0,370.6,0.41,300.0,100663.0
20151018:1600,26.57,47.15,127.0,385.88,60.0,367.8,0.83,15.0,100653.0
20151018:1700,25.06,53.35,0.0,0.0,0.0,362.0,1.59,19.0,100663.0
20151018:1800,23.27,63.4,0.0,0.0,0.0,360.8,1.38,38.0,100693.0
20151018:1900,22.23,64.55,0.0,0.0,0.0,354.6,1.52,92.0,100683.0
20151018:2000,21.05,67.25,0.0,0.0,0.0,352.0,1.79,118.0,100693.0
20151018:2100,20.07,69.05,0.0,0.0,0.0,351.2,1.93,138.0,100693.0
20151018:2200,19.47,68.85,0.0,0.0,0.0,353.2,2.14,145.0,100703.0
20151018:2300,19.34,65.35,0.0,0.0,0.0,354.0,2.34,148.0,100613.0
20151019:0000,19.54,61.25,0.0,0.0,0.0,355.4,2.55,152.0,100554.0
20151019:0100,19.96,57.55,0.0,0.0,0.0,359.05,2.76,157.0,100544.0
20151019:0200,20.36,54.4,0.0,0.0,0.0,362.4,3.03,160.0,100504.0
20151019:0300,20.52,53.0,0.0,0.0,0.0,364.2,3.17,162.0,100444.0
20151019:0400,21.0,50.6,0.0,0.0,0.0,369.2,3.59,166.0,100464.0
20151019:0500,21.0,50.45,0.0,0.0,0.0,359.0,3.79,170.0,100484.0
20151019:0600,21.04,51.05,0.0,0.0,0.0,365.0,3.72,173.0,100504.0
20151019:0700,21.63,51.8,167.0,362.95,84.0,349.2,3.1,182.0,100554.0
20151019:0800,23.34,48.7,348.0,543.74,129.0,364.0,2.62,189.0,100623.0
20151019:0900,24.99,45.8,511.0,674.79,145.0,365.4,2.83,203.0,100683.0
20151019:1000,26.21,43.75,628.0,750.75,149.0,365.6,2.83,218.0,100604.0
20151019:1100,27.31,42.3,689.0,800.67,142.0,369.8,2.55,239.0,100554.0
20151019:1200,27.88,42.4,686.0,828.45,127.0,378.6,2.55,273.0,100504.0
20151019:1300,27.76,45.35,607.0,769.56,135.0,373.6,3.17,299.0,100484.0
20151019:1400,26.6,53.5,484.0,735.44,114.0,378.4,4.14,315.0,100454.0
20151019:1500,24.6,65.45,310.0,597.33,100.0,376.6,3.93,309.0,100554.0
20151019:1600,23.29,72.1,93.0,136.05,70.0,372.2,2.9,296.0,100494.0
20151019:1700,22.18,78.05,0.0,0.0,0.0,375.0,2.0,300.0,100544.0
20151019:1800,21.5,82.25,0.0,0.0,0.0,375.4,0.9,312.0,100613.0
20151019:1900,20.8,88.05,0.0,0.0,0.0,368.8,0.41,333.0,100673.0
20151019:2000,20.55,87.95,0.0,0.0,0.0,365.0,0.41,1.0,100653.0
20151019:2100,20.39,89.2,0.0,0.0,0.0,358.4,0.41,341.0,100653.0
20151019:2200,19.98,91.85,0.0,0.0,0.0,353.2,0.07,336.0,100733.0
20151019:2300,19.59,94.35,0.0,0.0,0.0,355.0,0.0,157.0,100673.0
20151020:0000,19.17,96.8,0.0,0.0,0.0,353.6,0.14,182.0,100623.0
20151020:0100,18.84,98.2,0.0,0.0,0.0,352.45,0.55,176.0,100564.0
20151020:0200,18.29,98.45,0.0,0.0,0.0,353.0,0.69,171.0,100544.0
20151020:0300,17.84,98.35,0.0,0.0,0.0,355.8,0.69,174.0,100534.0
20151020:0400,17.5,98.35,0.0,0.0,0.0,359.0,0.69,179.0,100564.0
20151020:0500,17.55,97.1,0.0,0.0,0.0,361.2,0.69,157.0,100574.0
20151020:0600,17.5,96.15,0.0,0.0,0.0,363.4,0.76,145.0,100594.0
20151020:0700,18.25,92.75,157.0,311.0,87.0,356.8,0.41,135.0,100653.0
20151020:0800,20.36,86.15,330.0,471.3,142.0,362.0,0.48,117.0,100693.0
20151020:0900,22.0,75.8,376.0,222.94,256.0,364.8,0.14,148.0,100703.0
20151020:1000,23.36,67.65,494.0,325.09,288.0,376.2,0.62,356.0,100653.0
20151020:1100,24.47,62.2,382.0,78.1,329.0,390.2,1.38,358.0,100643.0
20151020:1200,25.14,59.6,496.0,259.67,322.0,389.4,2.34,2.0,100584.0
20151020:1300,24.54,63.35,408.0,177.46,300.0,389.0,3.59,13.0,100574.0
20151020:1400,23.35,69.75,280.0,90.29,235.0,392.25,3.45,20.0,100564.0
20151020:1500,22.11,76.95,133.0,14.41,128.0,396.25,2.07,34.0,100564.0
20151020:1600,21.34,82.95,23.0,0.0,23.0,393.25,2.0,18.0,100584.0
20151020:1700,20.36,90.75,0.0,0.0,0.0,394.05,1.45,3.0,100633.0
20151020:1800,19.42,93.6,0.0,0.0,0.0,378.4,0.83,325.0,100683.0
20151020:1900,19.28,95.5,0.0,0.0,0.0,387.4,0.55,120.0,100713.0
20151020:2000,19.14,95.85,0.0,0.0,0.0,392.25,0.28,145.0,100713.0
20151020:2100,18.91,96.2,0.0,0.0,0.0,388.6,0.55,165.0,100703.0
20151020:2200,18.65,96.25,0.0,0.0,0.0,384.8,0.9,216.0,100743.0
20151020:2300,18.37,94.45,0.0,0.0,0.0,380.2,1.17,241.0,100763.0
20151021:0000,17.97,96.35,0.0,0.0,0.0,380.6,1.93,233.0,100743.0
20151021:0100,17.86,96.0,0.0,0.0,0.0,396.25,3.38,242.0,100733.0
20151021:0200,17.67,95.15,0.0,0.0,0.0,399.85,4.0,273.0,100783.0
20151021:0300,17.22,95.55,0.0,0.0,0.0,395.85,4.97,312.0,100793.0
20151021:0400,16.73,95.35,0.0,0.0,0.0,395.25,4.83,322.0,100832.0
20151021:0500,16.36,95.0,0.0,0.0,0.0,385.2,4.0,316.0,100842.0
20151021:0600,15.99,96.4,0.0,0.0,0.0,385.4,3.59,309.0,100872.0
20151021:0700,16.12,92.6,15.0,0.0,15.0,384.0,2.07,291.0,100912.0
20151021:0800,16.12,94.3,83.0,0.0,83.0,381.4,2.41,291.0,100972.0
20151021:0900,16.57,93.7,72.0,0.0,72.0,379.4,2.55,302.0,100992.0
20151021:1000,16.71,91.55,69.0,0.0,69.0,374.2,3.17,328.0,100972.0
20151021:1100,15.86,89.8,61.0,0.0,61.0,369.0,3.79,358.0,101022.0
20151021:1200,15.3,91.55,74.0,0.0,74.0,371.8,3.59,22.0,100992.0
20151021:1300,15.59,87.6,171.0,0.0,171.0,364.8,3.17,36.0,101022.0
20151021:1400,15.68,83.1,169.0,4.05,167.0,375.4,2.48,42.0,100952.0
20151021:1500,16.0,80.65,125.0,8.76,122.0,369.0,1.72,38.0,100982.0
20151021:1600,15.55,87.15,26.0,0.0,26.0,372.4,1.79,1.0,101002.0
20151021:1700,15.06,92.15,0.0,0.0,0.0,375.8,1.66,351.0,101042.0
20151021:1800,14.69,93.4,0.0,0.0,0.0,370.0,1.45,351.0,101121.0
20151021:1900,14.69,95.3,0.0,0.0,0.0,373.2,1.03,349.0,101171.0
20151021:2000,14.86,94.25,0.0,0.0,0.0,373.8,0.55,335.0,101211.0
20151021:2100,14.84,94.35,0.0,0.0,0.0,373.0,1.03,303.0,101231.0
20151021:2200,14.21,95.0,0.0,0.0,0.0,359.6,1.66,294.0,101310.0
20151021:2300,13.56,96.05,0.0,0.0,0.0,341.6,2.0,292.0,101300.0
20151022:0000,13.18,95.55,0.0,0.0,0.0,339.8,2.07,289.0,101270.0
20151022:0100,13.08,94.25,0.0,0.0,0.0,344.05,1.72,285.0,101280.0
20151022:0200,12.98,95.55,0.0,0.0,0.0,349.8,1.86,282.0,101310.0
20151022:0300,13.19,96.35,0.0,0.0,0.0,358.6,1.79,281.0,101270.0
20151022:0400,12.94,95.45,0.0,0.0,0.0,339.2,2.07,295.0,101330.0
20151022:0500,12.63,96.8,0.0,0.0,0.0,327.2,2.14,282.0,101370.0
20151022:0600,12.49,96.85,0.0,0.0,0.0,335.2,2.0,293.0,101430.0
20151022:0700,13.51,90.55,100.0,55.09,88.0,356.4,1.93,278.0,101489.0
20151022:0800,14.48,87.85,210.0,84.38,177.0,363.2,2.34,290.0,101579.0
20151022:0900,15.47,81.3,470.0,549.1,179.0,351.2,2.34,302.0,101599.0
20151022:1000,16.07,78.4,291.0,28.8,273.0,360.4,2.28,309.0,101609.0
20151022:1100,17.04,74.0,634.0,643.71,203.0,353.2,2.28,315.0,101579.0
20151022:1200,17.77,71.15,467.0,216.41,324.0,351.8,2.69,316.0,101529.0
20151022:1300,17.56,71.0,572.0,680.9,164.0,349.8,3.31,312.0,101499.0
20151022:1400,17.24,70.9,342.0,229.02,230.0,340.6,3.38,305.0,101499.0
20151022:1500,17.33,67.9,112.0,5.92,110.0,351.6,3.24,302.0,101519.0
20151022:1600,16.94,70.2,32.0,0.0,32.0,334.8,2.69,301.0,101519.0
20151022:1700,16.37,73.65,0.0,0.0,0.0,342.2,2.07,295.0,101569.0
20151022:1800,15.88,77.5,0.0,0.0,0.0,338.8,1.72,273.0,101629.0
20151022:1900,15.56,79.55,0.0,0.0,0.0,330.2,1.72,257.0,101679.0
20151022:2000,15.15,82.95,0.0,0.0,0.0,340.2,1.52,247.0,101689.0
20151022:2100,14.74,85.65,0.0,0.0,0.0,337.0,1.45,227.0,101718.0
20151022:2200,14.26,88.5,0.0,0.0,0.0,333.6,1.45,211.0,101748.0
20151022:2300,13.7,90.8,0.0,0.0,0.0,327.0,1.45,199.0,101698.0
20151023:0000,13.12,92.45,0.0,0.0,0.0,321.4,1.38,195.0,101669.0
20151023:0100,12.98,92.55,0.0,0.0,0.0,330.45,1.45,204.0,101629.0
20151023:0200,12.71,92.35,0.0,0.0,0.0,321.6,1.66,208.0,101639.0
20151023:0300,12.45,92.8,0.0,0.0,0.0,320.4,1.59,199.0,101569.0
20151023:0400,12.34,93.1,0.0,0.0,0.0,326.0,1.45,180.0,101539.0
20151023:0500,12.07,93.25,0.0,0.0,0.0,320.2,1.59,185.0,101579.0
20151023:0600,12.19,92.25,0.0,0.0,0.0,322.6,1.86,203.0,101629.0
20151023:0700,13.88,87.9,103.0,70.04,88.0,337.4,2.07,236.0,101718.0
20151023:0800,16.26,77.85,241.0,160.13,179.0,341.4,2.34,251.0,101778.0
20151023:0900,17.54,71.05,83.0,0.0,83.0,340.0,2.76,273.0,101798.0
20151023:1000,18.57,65.15,311.0,45.12,283.0,352.0,2.34,293.0,101798.0
20151023:1100,19.23,62.75,639.0,681.18,186.0,338.8,2.34,311.0,101718.0
20151023:1200,19.79,59.2,640.0,719.35,168.0,346.8,2.69,326.0,101639.0
20151023:1300,19.88,58.2,359.0,114.37,291.0,350.8,2.76,334.0,101579.0
20151023:1400,19.82,58.25,178.0,6.19,175.0,363.0,2.55,340.0,101559.0
20151023:1500,19.44,59.75,203.0,153.03,152.0,346.4,2.21,352.0,101559.0
20151023:1600,18.88,62.35,96.0,251.02,58.0,344.0,1.72,1.0,101569.0
20151023:1700,18.02,67.7,0.0,0.0,0.0,332.0,1.17,16.0,101599.0
20151023:1800,16.75,78.4,0.0,0.0,0.0,325.4,0.97,60.0,101599.0
20151023:1900,15.12,82.25,0.0,0.0,0.0,309.8,1.38,119.0,101609.0
20151023:2000,14.1,86.95,0.0,0.0,0.0,309.6,1.45,138.0,101609.0
20151023:2100,13.16,89.9,0.0,0.0,0.0,305.2,1.52,150.0,101589.0
20151023:2200,12.41,92.1,0.0,0.0,0.0,303.2,1.66,144.0,101589.0
20151023:2300,11.86,93.5,0.0,0.0,0.0,304.0,1.66,149.0,101539.0
20151024:0000,11.37,94.65,0.0,0.0,0.0,301.4,1.66,153.0,101539.0
20151024:0100,11.02,95.15,0.0,0.0,0.0,299.8,1.72,152.0,101509.0
20151024:0200,10.8,94.95,0.0,0.0,0.0,299.0,1.79,150.0,101450.0
20151024:0300,10.79,94.5,0.0,0.0,0.0,303.8,1.72,152.0,101410.0
20151024:0400,10.73,94.9,0.0,0.0,0.0,306.4,1.79,150.0,101400.0
20151024:0500,10.75,94.8,0.0,0.0,0.0,306.0,1.86,145.0,101370.0
20151024:0600,10.65,95.15,0.0,0.0,0.0,304.2,1.86,150.0,101420.0
20151024:0700,12.23,91.5,153.0,370.57,75.0,315.6,1.59,152.0,101450.0
20151024:0800,15.49,80.1,214.0,101.76,175.0,314.0,1.45,139.0,101479.0
20151024:0900,18.23,66.2,459.0,534.88,180.0,322.0,1.72,118.0,101440.0
20151024:1000,20.09,56.8,578.0,636.18,186.0,324.4,2.14,104.0,101370.0
20151024:1100,21.42,51.75,649.0,734.3,164.0,337.6,2.34,93.0,101360.0
20151024:1200,22.43,48.8,344.0,58.32,306.0,335.8,2.48,76.0,101280.0
20151024:1300,22.76,48.6,95.0,0.0,95.0,336.0,2.83,63.0,101171.0
20151024:1400,22.55,51.1,271.0,93.78,226.0,343.8,3.52,56.0,101151.0
20151024:1500,21.94,56.45,139.0,27.37,130.0,344.2,3.72,59.0,101151.0
20151024:1600,20.93,64.05,15.0,0.0,15.0,346.2,2.83,59.0,101161.0
20151024:1700,19.73,71.2,0.0,0.0,0.0,346.4,2.55,62.0,101221.0
20151024:1800,18.94,76.3,0.0,0.0,0.0,356.2,2.41,71.0,101280.0
20151024:1900,17.87,78.3,0.0,0.0,0.0,334.2,2.07,103.0,101310.0
20151024:2000,17.02,81.7,0.0,0.0,0.0,340.8,1.93,120.0,101380.0
20151024:2100,16.41,83.65,0.0,0.0,0.0,348.2,1.72,140.0,101410.0
20151024:2200,16.01,84.85,0.0,0.0,0.0,355.6,1.59,155.0,101460.0
20151024:2300,15.67,85.25,0.0,0.0,0.0,355.0,1.86,152.0,101390.0
20151025:0000,15.6,85.25,0.0,0.0,0.0,365.2,1.86,154.0,101380.0
20151025:0100,15.53,85.55,0.0,0.0,0.0,367.25,1.86,154.0,101380.0
20151025:0200,15.49,84.95,0.0,0.0,0.0,360.2,1.86,156.0,101360.0
20151025:0300,15.55,83.7,0.0,0.0,0.0,364.2,1.79,159.0,101360.0
20151025:0400,15.62,82.25,0.0,0.0,0.0,368.2,1.86,165.0,101350.0
20151025:0500,15.83,80.6,0.0,0.0,0.0,375.8,1.86,169.0,101350.0
20151025:0600,15.95,80.0,0.0,0.0,0.0,376.8,1.52,162.0,101390.0
20151025:0700,16.0,80.75,147.0,343.32,76.0,369.4,1.52,172.0,101420.0
20151025:0800,17.03,78.8,193.0,65.91,168.0,372.0,1.38,167.0,101489.0
20151025:0900,18.61,71.5,320.0,135.29,250.0,373.2,1.17,165.0,101489.0
20151025:1000,20.03,62.4,316.0,53.94,283.0,380.6,0.83,161.0,101460.0
20151025:1100,21.42,55.8,644.0,733.26,163.0,373.6,0.62,147.0,101430.0
20151025:1200,22.3,53.25,422.0,154.57,322.0,365.0,0.34,112.0,101350.0
20151025:1300,22.9,52.3,270.0,29.04,253.0,367.4,0.48,39.0,101280.0
20151025:1400,23.24,52.45,294.0,140.95,227.0,371.2,1.38,18.0,101241.0
20151025:1500,22.7,56.95,221.0,240.41,143.0,376.6,2.34,15.0,101231.0
20151025:1600,21.57,65.5,98.0,328.8,51.0,391.6,2.21,21.0,101231.0
20151025:1700,20.68,71.85,0.0,0.0,0.0,394.45,2.07,35.0,101260.0
20151025:1800,19.71,78.45,0.0,0.0,0.0,369.0,1.86,44.0,101270.0
20151025:1900,19.49,84.6,0.0,0.0,0.0,363.4,1.24,58.0,101320.0
20151025:2000,19.27,85.5,0.0,0.0,0.0,372.4,0.76,83.0,101330.0
20151025:2100,18.34,88.75,0.0,0.0,0.0,356.0,0.9,141.0,101350.0
20151025:2200,17.46,90.3,0.0,0.0,0.0,355.0,1.24,152.0,101340.0
20151025:2300,16.8,90.45,0.0,0.0,0.0,358.4,1.45,154.0,101260.0
20151026:0000,16.71,86.6,0.0,0.0,0.0,358.0,1.79,155.0,101260.0
20151026:0100,17.08,78.7,0.0,0.0,0.0,357.65,2.21,161.0,101191.0
20151026:0200,17.44,72.7,0.0,0.0,0.0,360.4,2.48,162.0,101161.0
20151026:0300,17.4,68.75,0.0,0.0,0.0,352.6,2.48,166.0,101061.0
20151026:0400,17.24,67.0,0.0,0.0,0.0,348.4,2.48,169.0,101051.0
20151026:0500,17.19,65.3,0.0,0.0,0.0,348.0,2.62,170.0,101051.0
20151026:0600,17.26,63.7,0.0,0.0,0.0,349.6,2.69,173.0,101032.0
20151026:0700,17.1,71.9,50.0,0.0,50.0,346.0,2.9,173.0,101081.0
20151026:0800,18.01,74.0,96.0,0.0,96.0,355.8,3.59,171.0,101131.0
20151026:0900,19.06,73.55,154.0,0.0,154.0,353.8,3.66,172.0,101151.0
20151026:1000,20.56,66.75,362.0,107.01,297.0,356.2,4.07,177.0,101091.0
20151026:1100,20.59,72.2,338.0,52.19,304.0,370.2,3.93,179.0,101101.0
20151026:1200,20.86,70.6,263.0,12.45,255.0,378.4,3.52,176.0,101081.0
20151026:1300,21.45,64.75,200.0,3.44,198.0,375.0,3.66,178.0,101051.0
20151026:1400,22.13,60.8,156.0,2.12,155.0,370.4,3.66,183.0,101012.0
20151026:1500,21.88,63.7,76.0,0.0,76.0,369.4,3.03,183.0,101032.0
20151026:1600,21.2,68.6,27.0,0.0,27.0,367.0,2.76,176.0,101042.0
20151026:1700,20.16,71.7,0.0,0.0,0.0,355.0,2.69,172.0,101071.0
20151026:1800,19.27,74.6,0.0,0.0,0.0,351.0,2.69,178.0,101091.0
20151026:1900,18.05,79.45,0.0,0.0,0.0,355.0,2.21,172.0,101141.0
20151026:2000,17.34,81.05,0.0,0.0,0.0,348.0,2.41,172.0,101141.0
20151026:2100,16.67,82.55,0.0,0.0,0.0,340.6,2.62,173.0,101161.0
20151026:2200,16.11,83.55,0.0,0.0,0.0,336.6,2.69,172.0,101131.0
20151026:2300,15.63,84.35,0.0,0.0,0.0,333.4,2.83,173.0,101111.0
20151027:0000,15.33,84.35,0.0,0.0,0.0,333.0,2.83,174.0,101131.0
20151027:0100,14.94,84.45,0.0,0.0,0.0,327.25,2.83,175.0,101111.0
20151027:0200,14.63,84.4,0.0,0.0,0.0,325.4,2.9,176.0,101121.0
20151027:0300,14.37,84.55,0.0,0.0,0.0,326.0,2.83,176.0,101081.0
20151027:0400,14.13,84.85,0.0,0.0,0.0,324.2,2.83,177.0,101051.0
20151027:0500,13.89,85.15,0.0,0.0,0.0,321.4,2.83,178.0,101091.0
20151027:0600,13.69,85.35,0.0,0.0,0.0,321.8,2.76,177.0,101111.0
20151027:0700,14.64,84.15,150.0,421.29,66.0,327.6,2.62,179.0,101141.0
20151027:0800,17.24,77.95,324.0,568.19,113.0,328.4,2.28,179.0,101201.0
20151027:0900,20.45,68.35,439.0,498.99,185.0,339.6,1.93,180.0,101231.0
20151027:1000,22.65,60.1,583.0,709.73,155.0,353.0,1.72,186.0,101221.0
20151027:1100,23.79,56.45,649.0,788.27,139.0,362.8,1.52,199.0,101181.0
20151027:1200,24.38,54.1,631.0,755.65,149.0,361.0,1.31,252.0,101111.0
20151027:1300,24.37,55.0,111.0,0.0,111.0,356.6,1.59,298.0,101051.0
20151027:1400,22.94,62.9,420.0,589.54,145.0,361.8,1.66,328.0,101032.0
20151027:1500,22.37,67.25,214.0,237.43,139.0,353.8,1.72,346.0,101061.0
20151027:1600,21.5,74.05,53.0,37.09,48.0,356.0,1.1,337.0,101091.0
20151027:1700,20.59,79.85,0.0,0.0,0.0,357.8,0.83,338.0,101101.0
20151027:1800,19.85,86.1,0.0,0.0,0.0,366.0,0.48,55.0,101151.0
20151027:1900,18.62,91.25,0.0,0.0,0.0,357.0,1.17,120.0,101171.0
20151027:2000,17.77,93.0,0.0,0.0,0.0,355.6,1.52,147.0,101191.0
20151027:2100,16.98,93.5,0.0,0.0,0.0,344.2,1.72,166.0,101211.0
20151027:2200,16.3,94.05,0.0,0.0,0.0,341.2,1.79,175.0,101270.0
20151027:2300,15.81,93.95,0.0,0.0,0.0,337.2,1.86,179.0,101231.0
20151028:0000,15.57,92.7,0.0,0.0,0.0,333.2,2.07,180.0,101251.0
20151028:0100,15.47,90.9,0.0,0.0,0.0,337.45,2.34,183.0,101221.0
20151028:0200,15.25,89.2,0.0,0.0,0.0,333.6,2.48,184.0,101221.0
20151028:0300,15.05,87.8,0.0,0.0,0.0,331.2,2.48,186.0,101201.0
20151028:0400,14.85,87.05,0.0,0.0,0.0,326.8,2.48,188.0,101211.0
20151028:0500,14.65,87.05,0.0,0.0,0.0,324.6,2.28,194.0,101231.0
20151028:0600,14.61,87.3,0.0,0.0,0.0,328.0,2.21,205.0,101280.0
20151028:0700,15.52,88.3,106.0,122.66,82.0,327.0,1.93,222.0,101330.0
20151028:0800,18.55,80.75,297.0,435.53,137.0,336.4,1.79,239.0,101420.0
20151028:0900,20.38,70.75,422.0,445.69,197.0,353.8,2.76,264.0,101460.0
20151028:1000,21.38,63.75,242.0,11.69,235.0,347.4,3.31,270.0,101460.0
20151028:1100,22.13,59.6,450.0,207.0,317.0,361.2,3.45,275.0,101440.0
20151028:1200,22.51,57.75,358.0,80.52,307.0,356.0,3.72,286.0,101400.0
20151028:1300,21.93,58.6,377.0,167.89,281.0,353.8,4.28,291.0,101340.0
20151028:1400,21.35,62.1,183.0,12.98,177.0,352.6,4.41,292.0,101330.0
20151028:1500,20.55,66.35,199.0,189.29,140.0,348.2,4.14,291.0,101330.0
20151028:1600,19.63,71.2,61.0,84.08,50.0,350.8,3.31,283.0,101380.0
20151028:1700,18.63,76.65,0.0,0.0,0.0,342.8,2.41,270.0,101420.0
20151028:1800,17.92,81.0,0.0,0.0,0.0,345.0,2.07,255.0,101539.0
20151028:1900,17.83,78.65,0.0,0.0,0.0,356.2,2.41,263.0,101569.0
20151028:2000,17.45,81.15,0.0,0.0,0.0,352.0,2.34,255.0,101619.0
20151028:2100,16.76,84.85,0.0,0.0,0.0,335.6,2.21,241.0,101649.0
20151028:2200,16.06,88.15,0.0,0.0,0.0,329.2,2.07,228.0,101689.0
20151028:2300,15.48,89.65,0.0,0.0,0.0,326.0,2.07,226.0,101669.0
20151029:0000,14.98,91.55,0.0,0.0,0.0,329.0,2.0,219.0,101649.0
20151029:0100,14.72,92.85,0.0,0.0,0.0,335.05,2.0,218.0,101639.0
20151029:0200,14.68,93.6,0.0,0.0,0.0,348.2,1.86,222.0,101619.0
20151029:0300,14.36,94.8,0.0,0.0,0.0,344.4,1.93,223.0,101599.0
20151029:0400,14.09,95.45,0.0,0.0,0.0,342.2,1.93,221.0,101589.0
20151029:0500,14.11,94.35,0.0,0.0,0.0,349.2,1.93,216.0,101609.0
20151029:0600,13.7,94.0,0.0,0.0,0.0,326.0,2.0,211.0,101599.0
20151029:0700,15.14,88.5,107.0,140.67,80.0,348.6,1.79,219.0,101649.0
20151029:0800,16.79,80.65,319.0,583.4,107.0,336.0,2.07,225.0,101708.0
20151029:0900,17.97,71.85,439.0,527.33,175.0,335.6,2.48,245.0,101738.0
20151029:1000,19.09,62.9,514.0,477.86,230.0,352.8,2.62,259.0,101698.0
20151029:1100,19.95,58.15,591.0,597.12,210.0,340.8,2.69,273.0,101649.0
20151029:1200,20.45,55.65,560.0,523.16,231.0,339.4,2.97,286.0,101579.0
20151029:1300,20.74,54.6,526.0,618.62,175.0,355.4,3.1,292.0,101499.0
20151029:1400,20.59,56.05,390.0,487.11,167.0,354.6,2.97,299.0,101450.0
20151029:1500,20.11,59.65,257.0,507.2,101.0,336.6,2.69,308.0,101440.0
20151029:1600,19.3,65.45,79.0,244.21,48.0,332.2,2.0,316.0,101430.0
20151029:1700,18.25,72.55,0.0,0.0,0.0,323.6,1.17,317.0,101460.0
20151029:1800,17.21,80.15,0.0,0.0,0.0,318.4,0.48,291.0,101489.0
20151029:1900,17.09,75.8,0.0,0.0,0.0,314.4,0.28,201.0,101539.0
20151029:2000,15.73,82.5,0.0,0.0,0.0,313.4,0.97,197.0,101559.0
20151029:2100,14.15,89.05,0.0,0.0,0.0,312.8,1.31,193.0,101589.0
20151029:2200,13.26,91.95,0.0,0.0,0.0,312.8,1.45,188.0,101589.0
20151029:2300,12.64,93.55,0.0,0.0,0.0,312.2,1.59,182.0,101519.0
20151030:0000,12.21,94.4,0.0,0.0,0.0,311.0,1.66,179.0,101529.0
20151030:0100,11.9,94.6,0.0,0.0,0.0,308.8,1.66,177.0,101499.0
20151030:0200,11.55,94.85,0.0,0.0,0.0,307.6,1.59,174.0,101470.0
20151030:0300,11.25,94.9,0.0,0.0,0.0,306.6,1.59,171.0,101430.0
20151030:0400,10.98,95.1,0.0,0.0,0.0,307.4,1.59,168.0,101430.0
20151030:0500,10.7,95.3,0.0,0.0,0.0,305.0,1.52,163.0,101440.0
20151030:0600,10.53,95.25,0.0,0.0,0.0,306.6,1.52,159.0,101450.0
20151030:0700,11.78,93.4,140.0,409.15,63.0,309.2,1.24,146.0,101479.0
20151030:0800,16.29,77.55,317.0,592.66,104.0,314.8,1.17,130.0,101559.0
20151030:0900,18.17,69.35,475.0,719.13,118.0,319.6,1.38,113.0,101579.0
20151030:1000,19.59,59.5,579.0,745.8,139.0,321.0,1.79,90.0,101559.0
20151030:1100,20.57,54.7,637.0,797.0,132.0,325.2,2.28,68.0,101509.0
20151030:1200,21.11,53.45,630.0,808.73,125.0,328.8,2.76,57.0,101430.0
20151030:1300,21.26,53.9,548.0,733.55,135.0,323.2,3.17,52.0,101380.0
20151030:1400,21.02,55.4,427.0,692.3,113.0,321.6,3.66,51.0,101350.0
20151030:1500,20.36,58.05,260.0,556.8,91.0,319.4,3.86,53.0,101360.0
20151030:1600,19.36,62.75,81.0,300.5,44.0,315.2,3.31,54.0,101360.0
20151030:1700,17.88,69.1,0.0,0.0,0.0,309.8,2.9,57.0,101400.0
20151030:1800,16.84,73.9,0.0,0.0,0.0,304.8,2.55,64.0,101430.0
20151030:1900,16.35,76.05,0.0,0.0,0.0,301.6,2.41,68.0,101440.0
20151030:2000,15.5,79.8,0.0,0.0,0.0,299.4,2.14,79.0,101450.0
20151030:2100,15.17,80.65,0.0,0.0,0.0,296.6,1.86,94.0,101450.0
20151030:2200,14.39,83.95,0.0,0.0,0.0,295.8,1.79,111.0,101440.0
20151030:2300,13.4,88.1,0.0,0.0,0.0,293.4,1.72,128.0,101400.0
20151031:0000,12.39,91.85,0.0,0.0,0.0,291.8,1.66,133.0,101400.0
20151031:0100,11.57,94.25,0.0,0.0,0.0,291.0,1.72,133.0,101390.0
20151031:0200,10.78,96.15,0.0,0.0,0.0,298.0,1.72,130.0,101340.0
20151031:0300,10.54,95.7,0.0,0.0,0.0,316.8,1.66,130.0,101330.0
20151031:0400,10.44,94.7,0.0,0.0,0.0,317.4,1.72,134.0,101290.0
20151031:0500,10.76,95.3,0.0,0.0,0.0,322.4,1.93,142.0,101320.0
20151031:0600,10.5,96.65,0.0,0.0,0.0,334.6,1.93,148.0,101300.0
20151031:0700,11.19,92.05,136.0,401.19,62.0,299.4,1.86,154.0,101340.0
20151031:0800,13.5,80.65,311.0,576.81,106.0,306.6,1.59,142.0,101390.0
20151031:0900,16.38,65.5,468.0,702.91,122.0,306.4,1.52,113.0,101450.0
20151031:1000,18.53,54.0,574.0,744.49,138.0,298.8,2.14,85.0,101430.0
20151031:1100,19.9,49.0,636.0,810.53,126.0,303.8,2.76,69.0,101390.0
20151031:1200,20.6,48.15,622.0,791.9,131.0,308.6,3.38,59.0,101320.0
20151031:1300,20.82,49.65,552.0,773.24,120.0,311.2,3.72,56.0,101290.0
20151031:1400,20.69,52.1,423.0,689.85,113.0,312.4,4.0,55.0,101241.0
20151031:1500,20.14,55.85,254.0,540.83,92.0,312.6,4.07,55.0,101260.0
20151031:1600,17.45,69.45,77.0,284.76,43.0,300.33,3.17,54.0,101310.0
20151031:1700,17.15,71.75,0.0,0.0,0.0,303.4,3.02,58.0,101330.0
20151031:1800,16.85,74.05,0.0,0.0,0.0,306.47,2.86,65.0,101420.0
20151031:1900,16.55,76.35,0.0,0.0,0.0,309.54,2.7,69.0,101470.0
20151031:2000,16.25,78.64,0.0,0.0,0.0,312.6,2.54,79.0,101519.0
20151031:2100,15.95,80.94,0.0,0.0,0.0,315.67,2.39,92.0,101549.0
20151031:2200,15.65,83.24,0.0,0.0,0.0,318.74,2.23,104.0,101609.0
20151031:2300,15.35,85.54,0.0,0.0,0.0,321.81,2.07,118.0,101549.0
20171101:0000,15.05,87.83,0.0,0.0,0.0,324.87,1.91,125.0,101609.0
20171101:0100,14.75,90.13,0.0,0.0,0.0,327.94,1.75,142.0,101649.0
20171101:0200,14.45,92.43,0.0,0.0,0.0,331.01,1.6,149.0,101609.0
20171101:0300,14.15,94.73,0.0,0.0,0.0,334.08,1.44,147.0,101609.0
20171101:0400,13.85,97.02,0.0,0.0,0.0,337.14,1.28,148.0,101609.0
20171101:0500,13.55,99.32,0.0,0.0,0.0,340.21,1.12,150.0,101619.0
20171101:0600,13.25,100.0,0.0,0.0,0.0,343.28,0.97,153.0,101659.0
20171101:0700,12.95,100.0,147.0,542.33,49.0,346.35,0.81,159.0,101728.0
20171101:0800,16.31,85.95,324.0,657.35,93.0,357.8,1.24,162.0,101788.0
20171101:0900,18.02,76.0,488.0,792.95,101.0,344.6,0.9,140.0,101818.0
20171101:1000,19.99,63.6,597.0,829.16,115.0,328.8,1.24,77.0,101758.0
20171101:1100,21.42,54.45,643.0,819.41,131.0,338.6,2.07,54.0,101738.0
20171101:1200,22.21,49.75,608.0,713.05,169.0,333.2,2.48,45.0,101659.0
20171101:1300,22.47,48.2,513.0,584.41,189.0,334.0,2.83,39.0,101589.0
20171101:1400,22.29,48.8,389.0,505.33,164.0,331.8,3.17,39.0,101539.0
20171101:1500,21.6,52.25,267.0,635.92,79.0,328.2,3.31,42.0,101549.0
20171101:1600,20.46,59.2,84.0,414.69,36.0,325.2,3.03,45.0,101559.0
20171101:1700,18.94,68.25,0.0,0.0,0.0,321.0,2.34,51.0,101609.0
20171101:1800,17.95,74.45,0.0,0.0,0.0,316.0,1.86,65.0,101659.0
20171101:1900,17.11,80.25,0.0,0.0,0.0,311.8,1.52,91.0,101689.0
20171101:2000,16.34,83.4,0.0,0.0,0.0,310.4,1.38,117.0,101698.0
20171101:2100,15.23,87.75,0.0,0.0,0.0,309.2,1.59,129.0,101698.0
20171101:2200,14.3,90.55,0.0,0.0,0.0,307.8,1.66,132.0,101708.0
20171101:2300,13.58,92.15,0.0,0.0,0.0,306.0,1.72,135.0,101649.0
20171102:0000,12.94,93.2,0.0,0.0,0.0,305.4,1.72,139.0,101619.0
20171102:0100,12.54,93.35,0.0,0.0,0.0,307.4,1.79,142.0,101609.0
20171102:0200,12.19,93.2,0.0,0.0,0.0,304.6,1.86,144.0,101559.0
20171102:0300,11.91,92.85,0.0,0.0,0.0,304.0,1.93,145.0,101519.0
20171102:0400,11.75,91.7,0.0,0.0,0.0,303.4,2.0,146.0,101499.0
20171102:0500,11.68,89.85,0.0,0.0,0.0,302.6,2.07,148.0,101470.0
20171102:0600,11.68,87.75,0.0,0.0,0.0,301.8,2.14,151.0,101489.0
20171102:0700,12.59,83.6,143.0,525.57,50.0,301.8,2.07,153.0,101519.0
20171102:0800,16.26,67.75,321.0,664.9,90.0,303.8,1.79,149.0,101559.0
20171102:0900,20.55,50.4,483.0,791.53,100.0,310.0,1.59,141.0,101549.0
20171102:1000,23.69,37.85,595.0,842.27,109.0,317.8,1.59,134.0,101479.0
20171102:1100,25.82,32.0,638.0,817.1,131.0,323.6,1.45,129.0,101440.0
20171102:1200,27.09,29.0,627.0,812.97,130.0,328.8,1.03,101.0,101340.0
20171102:1300,27.77,27.6,557.0,799.73,117.0,332.2,1.24,71.0,101251.0
20171102:1400,27.82,28.0,430.0,736.63,105.0,334.0,1.86,58.0,101191.0
20171102:1500,27.21,30.5,263.0,633.99,78.0,332.4,2.48,56.0,101161.0
20171102:1600,25.39,38.95,79.0,383.3,36.0,329.0,2.28,57.0,101211.0
20171102:1700,23.46,45.9,0.0,0.0,0.0,321.6,2.14,76.0,101181.0
20171102:1800,21.65,49.95,0.0,0.0,0.0,316.2,2.07,112.0,101231.0
20171102:1900,19.82,54.3,0.0,0.0,0.0,316.4,2.14,136.0,101260.0
20171102:2000,18.02,56.3,0.0,0.0,0.0,314.2,2.34,150.0,101270.0
20171102:2100,17.09,55.1,0.0,0.0,0.0,310.6,2.62,157.0,101290.0
20171102:2200,16.74,52.75,0.0,0.0,0.0,307.6,2.9,162.0,101270.0
20171102:2300,16.44,51.85,0.0,0.0,0.0,304.6,3.1,165.0,101241.0
20171103:0000,16.13,52.35,0.0,0.0,0.0,303.0,3.31,167.0,101221.0
20171103:0100,16.13,51.65,0.0,0.0,0.0,302.0,3.59,168.0,101191.0
20171103:0200,16.25,50.65,0.0,0.0,0.0,301.2,3.79,170.0,101141.0
20171103:0300,16.31,49.7,0.0,0.0,0.0,301.0,3.79,173.0,101101.0
20171103:0400,15.99,50.1,0.0,0.0,0.0,300.2,3.66,177.0,101131.0
20171103:0500,15.6,50.75,0.0,0.0,0.0,299.0,3.59,179.0,101091.0
20171103:0600,15.16,51.8,0.0,0.0,0.0,298.4,3.45,178.0,101121.0
20171103:0700,16.06,47.4,135.0,473.44,53.0,300.6,3.24,177.0,101111.0
20171103:0800,18.82,41.25,308.0,602.74,101.0,303.0,2.83,178.0,101161.0
20171103:0900,22.74,31.85,365.0,298.1,222.0,310.4,2.48,182.0,101181.0
20171103:1000,25.54,25.35,593.0,857.3,102.0,319.8,2.28,193.0,101111.0
20171103:1100,27.32,21.95,629.0,800.11,136.0,333.2,1.86,215.0,101081.0
20171103:1200,28.26,21.2,636.0,874.72,105.0,332.6,1.24,253.0,100982.0
20171103:1300,28.59,21.6,550.0,783.86,122.0,336.4,1.03,301.0,100892.0
20171103:1400,28.4,23.15,423.0,720.48,108.0,334.2,1.24,351.0,100832.0
20171103:1500,27.52,27.8,263.0,663.08,72.0,332.8,2.0,14.0,100823.0
20171103:1600,25.51,38.4,67.0,248.38,40.0,327.6,1.86,30.0,100832.0
20171103:1700,23.36,47.95,0.0,0.0,0.0,320.4,1.86,61.0,100832.0
20171103:1800,21.66,52.45,0.0,0.0,0.0,315.8,2.07,102.0,100872.0
20171103:1900,20.15,46.7,0.0,0.0,0.0,314.6,2.34,138.0,100872.0
20171103:2000,18.41,46.8,0.0,0.0,0.0,311.6,2.48,149.0,100892.0
20171103:2100,17.63,43.55,0.0,0.0,0.0,309.2,2.76,155.0,100882.0
20171103:2200,17.48,40.95,0.0,0.0,0.0,308.0,3.17,161.0,100882.0
20171103:2300,17.63,39.35,0.0,0.0,0.0,307.2,3.38,165.0,100872.0
20171104:0000,17.74,38.6,0.0,0.0,0.0,306.0,3.59,170.0,100862.0
20171104:0100,18.08,37.4,0.0,0.0,0.0,307.6,3.66,174.0,100852.0
20171104:0200,18.26,36.7,0.0,0.0,0.0,322.4,3.52,178.0,100803.0
20171104:0300,18.18,36.25,0.0,0.0,0.0,331.6,3.38,178.0,100753.0
20171104:0400,17.89,36.1,0.0,0.0,0.0,327.6,3.31,178.0,100783.0
20171104:0500,17.29,36.7,0.0,0.0,0.0,313.8,3.17,187.0,100793.0
20171104:0600,16.52,39.55,0.0,0.0,0.0,307.8,2.97,208.0,100832.0
20171104:0700,16.61,42.3,109.0,241.96,68.0,308.2,2.62,196.0,100892.0
20171104:0800,19.22,37.9,265.0,368.24,140.0,311.4,2.21,202.0,100962.0
20171104:0900,22.89,30.35,461.0,714.96,121.0,318.4,1.86,227.0,101002.0
20171104:1000,24.67,32.25,569.0,763.45,135.0,326.8,2.69,262.0,101002.0
20171104:1100,25.22,37.95,597.0,683.14,179.0,334.0,3.24,280.0,100962.0
20171104:1200,25.29,42.45,536.0,494.35,238.0,337.6,3.52,294.0,100912.0
20171104:1300,24.76,48.1,533.0,723.38,141.0,338.6,3.93,306.0,100862.0
20171104:1400,23.7,54.0,347.0,371.58,186.0,338.6,4.0,312.0,100823.0
20171104:1500,22.36,60.95,217.0,358.68,115.0,339.8,3.66,318.0,100862.0
20171104:1600,20.89,70.1,71.0,341.86,35.0,331.4,2.69,316.0,100902.0
20171104:1700,19.62,77.9,0.0,0.0,0.0,324.4,1.38,288.0,100982.0
20171104:1800,18.63,83.15,0.0,0.0,0.0,323.2,1.24,247.0,101071.0
20171104:1900,18.31,84.9,0.0,0.0,0.0,336.8,1.31,211.0,101101.0
20171104:2000,17.69,87.85,0.0,0.0,0.0,342.4,1.45,191.0,101121.0
20171104:2100,17.33,88.6,0.0,0.0,0.0,350.0,1.72,190.0,101171.0
20171104:2200,16.78,89.4,0.0,0.0,0.0,343.2,1.79,176.0,101251.0
20171104:2300,16.31,90.05,0.0,0.0,0.0,339.2,1.86,178.0,101181.0
20171105:0000,15.9,89.4,0.0,0.0,0.0,333.4,2.0,187.0,101171.0
20171105:0100,15.67,86.65,0.0,0.0,0.0,330.45,2.14,196.0,101161.0
20171105:0200,15.53,82.15,0.0,0.0,0.0,322.0,2.48,209.0,101171.0
20171105:0300,15.49,76.2,0.0,0.0,0.0,315.8,2.76,217.0,101161.0
20171105:0400,15.52,71.35,0.0,0.0,0.0,317.6,2.83,219.0,101151.0
20171105:0500,15.2,69.7,0.0,0.0,0.0,312.4,2.83,226.0,101181.0
20171105:0600,15.12,69.25,0.0,0.0,0.0,326.0,2.97,236.0,101201.0
20171105:0700,15.77,69.4,129.0,476.77,50.0,334.8,2.9,246.0,101241.0
20171105:0800,18.0,60.9,305.0,631.94,93.0,332.8,3.17,251.0,101300.0
20171105:0900,19.23,56.95,464.0,755.18,108.0,339.2,4.69,257.0,101300.0
20171105:1000,19.88,55.0,282.0,40.76,259.0,345.8,5.45,264.0,101300.0
20171105:1100,20.4,53.3,156.0,0.0,156.0,363.6,5.79,268.0,101221.0
20171105:1200,20.07,56.7,412.0,182.08,303.0,361.0,5.52,273.0,101201.0
20171105:1300,19.24,61.45,127.0,0.0,127.0,362.4,5.24,274.0,101161.0
20171105:1400,18.41,68.6,101.0,0.0,101.0,368.6,5.72,277.0,101161.0
20171105:1500,16.66,78.35,136.0,53.42,121.0,361.6,4.97,281.0,101201.0
20171105:1600,15.4,88.1,10.0,0.0,10.0,349.2,4.14,278.0,101211.0
20171105:1700,15.08,89.75,0.0,0.0,0.0,347.0,4.21,273.0,101251.0
20171105:1800,14.72,92.05,0.0,0.0,0.0,341.6,3.66,266.0,101350.0
20171105:1900,14.81,93.65,0.0,0.0,0.0,348.0,3.1,276.0,101390.0
20171105:2000,14.91,94.0,0.0,0.0,0.0,358.6,2.9,281.0,101420.0
20171105:2100,14.71,92.1,0.0,0.0,0.0,352.6,2.62,282.0,101470.0
20171105:2200,14.42,90.1,0.0,0.0,0.0,360.2,2.76,275.0,101470.0
20171105:2300,14.37,86.75,0.0,0.0,0.0,349.6,2.55,264.0,101430.0
20171106:0000,14.19,85.6,0.0,0.0,0.0,341.0,2.48,259.0,101430.0
20171106:0100,14.01,85.3,0.0,0.0,0.0,332.45,2.41,255.0,101410.0
20171106:0200,13.69,85.8,0.0,0.0,0.0,326.0,2.41,256.0,101350.0
20171106:0300,13.47,85.5,0.0,0.0,0.0,322.6,2.55,261.0,101310.0
20171106:0400,13.33,83.45,0.0,0.0,0.0,314.4,2.76,267.0,101290.0
20171106:0500,13.57,78.85,0.0,0.0,0.0,326.6,2.97,272.0,101300.0
20171106:0600,13.6,75.55,0.0,0.0,0.0,321.0,3.17,276.0,101310.0
20171106:0700,14.82,66.1,102.0,228.46,65.0,335.6,3.79,291.0,101340.0
20171106:0800,15.38,65.95,215.0,180.99,155.0,331.0,3.79,291.0,101400.0
20171106:0900,15.75,65.7,357.0,303.88,215.0,336.0,4.48,298.0,101400.0
20171106:1000,15.16,67.85,442.0,324.98,260.0,332.6,5.38,312.0,101410.0
20171106:1100,15.28,68.75,490.0,351.33,278.0,331.0,4.69,322.0,101380.0
20171106:1200,15.1,73.0,535.0,514.73,229.0,351.8,3.86,328.0,101270.0
20171106:1300,15.47,71.55,510.0,653.73,161.0,325.0,3.52,323.0,101260.0
20171106:1400,15.36,70.05,220.0,56.38,196.0,328.8,3.86,321.0,101211.0
20171106:1500,14.09,71.75,82.0,0.0,82.0,325.4,4.0,314.0,101211.0
20171106:1600,13.95,71.0,44.0,70.86,37.0,320.4,3.24,306.0,101221.0
20171106:1700,13.38,70.45,0.0,0.0,0.0,316.6,2.97,300.0,101231.0
20171106:1800,13.09,68.45,0.0,0.0,0.0,315.6,2.69,293.0,101280.0
20171106:1900,13.42,62.7,0.0,0.0,0.0,307.6,2.14,309.0,101290.0
20171106:2000,13.08,64.2,0.0,0.0,0.0,323.8,1.66,302.0,101300.0
20171106:2100,12.57,65.1,0.0,0.0,0.0,308.0,1.45,285.0,101310.0
20171106:2200,12.01,68.3,0.0,0.0,0.0,312.8,1.38,263.0,101350.0
20171106:2300,11.0,73.35,0.0,0.0,0.0,291.2,1.59,236.0,101350.0
20171107:0000,10.45,76.3,0.0,0.0,0.0,291.0,1.93,225.0,101340.0
20171107:0100,10.84,73.7,0.0,0.0,0.0,309.6,2.14,222.0,101251.0
20171107:0200,11.2,71.0,0.0,0.0,0.0,316.0,2.14,218.0,101201.0
20171107:0300,10.92,71.55,0.0,0.0,0.0,304.8,1.86,224.0,101201.0
20171107:0400,11.08,72.1,0.0,0.0,0.0,327.2,1.59,240.0,101191.0
20171107:0500,10.71,74.55,0.0,0.0,0.0,305.4,1.72,240.0,101251.0
20171107:0600,11.06,73.7,0.0,0.0,0.0,328.8,1.72,236.0,101241.0
20171107:0700,11.25,82.7,0.0,0.0,0.0,340.8,2.0,228.0,101300.0
20171107:0800,11.75,84.45,0.0,0.0,0.0,348.4,2.0,221.0,101360.0
20171107:0900,12.73,79.4,147.0,0.0,147.0,340.0,2.55,225.0,101400.0
20171107:1000,13.74,72.9,316.0,80.96,271.0,336.2,2.9,236.0,101390.0
20171107:1100,14.94,63.65,322.0,58.41,287.0,337.2,3.59,259.0,101390.0
20171107:1200,15.82,59.3,550.0,586.04,204.0,331.6,3.59,274.0,101320.0
20171107:1300,16.11,59.45,236.0,20.76,225.0,338.8,3.59,286.0,101290.0
20171107:1400,16.31,59.9,251.0,111.39,204.0,328.4,3.31,296.0,101300.0
20171107:1500,15.98,61.95,158.0,120.51,125.0,339.8,2.9,301.0,101330.0
20171107:1600,15.56,63.45,57.0,230.0,35.0,333.4,2.14,299.0,101360.0
20171107:1700,14.68,67.85,0.0,0.0,0.0,312.2,1.52,284.0,101350.0
20171107:1800,13.5,74.95,0.0,0.0,0.0,295.0,1.31,249.0,101420.0
20171107:1900,12.5,79.75,0.0,0.0,0.0,290.4,1.03,212.0,101450.0
20171107:2000,10.99,86.7,0.0,0.0,0.0,286.2,1.45,191.0,101489.0
20171107:2100,10.01,89.85,0.0,0.0,0.0,289.2,1.66,187.0,101539.0
20171107:2200,9.33,91.55,0.0,0.0,0.0,286.0,1.86,185.0,101569.0
20171107:2300,8.94,92.0,0.0,0.0,0.0,284.6,1.93,182.0,101539.0
20171108:0000,8.6,91.95,0.0,0.0,0.0,281.4,2.0,182.0,101549.0
20171108:0100,8.36,91.5,0.0,0.0,0.0,282.4,2.0,184.0,101539.0
20171108:0200,8.15,91.0,0.0,0.0,0.0,282.2,2.0,188.0,101529.0
20171108:0300,8.21,89.2,0.0,0.0,0.0,289.4,2.0,193.0,101539.0
20171108:0400,8.32,86.95,0.0,0.0,0.0,291.4,2.14,198.0,101529.0
20171108:0500,8.37,85.15,0.0,0.0,0.0,291.0,2.21,202.0,101549.0
20171108:0600,8.21,84.35,0.0,0.0,0.0,282.8,2.21,201.0,101599.0
20171108:0700,8.32,83.1,0.0,0.0,0.0,272.4,2.14,199.0,101639.0
20171108:0800,11.83,69.65,296.0,648.91,86.0,278.8,1.86,203.0,101718.0
20171108:0900,15.33,54.15,458.0,792.85,94.0,283.8,1.93,218.0,101728.0
20171108:1000,16.75,46.85,572.0,862.78,96.0,291.4,2.14,242.0,101689.0
20171108:1100,17.83,41.35,619.0,855.3,110.0,291.2,1.86,255.0,101639.0
20171108:1200,18.67,37.85,609.0,851.0,110.0,292.6,1.79,282.0,101539.0
20171108:1300,19.09,36.9,533.0,804.07,110.0,293.6,2.0,308.0,101470.0
20171108:1400,18.98,38.2,406.0,738.65,97.0,293.8,2.21,330.0,101430.0
20171108:1500,18.28,42.25,240.0,610.01,75.0,292.2,2.41,346.0,101420.0
20171108:1600,17.09,48.6,61.0,334.73,30.0,289.8,1.72,359.0,101420.0
20171108:1700,15.71,55.6,0.0,0.0,0.0,284.0,0.76,26.0,101460.0
20171108:1800,13.93,65.15,0.0,0.0,0.0,281.4,0.9,143.0,101489.0
20171108:1900,15.06,60.55,0.0,0.0,0.0,282.4,0.55,199.0,101539.0
20171108:2000,13.41,68.65,0.0,0.0,0.0,282.0,1.1,189.0,101549.0
20171108:2100,11.38,78.25,0.0,0.0,0.0,281.6,1.45,182.0,101569.0
20171108:2200,10.1,83.25,0.0,0.0,0.0,281.0,1.52,179.0,101499.0
20171108:2300,8.84,88.0,0.0,0.0,0.0,280.2,1.52,179.0,101509.0
20171109:0000,8.21,89.5,0.0,0.0,0.0,280.0,1.45,180.0,101499.0
20171109:0100,7.75,89.85,0.0,0.0,0.0,281.0,1.52,175.0,101460.0
20171109:0200,7.31,90.1,0.0,0.0,0.0,280.8,1.52,169.0,101390.0
20171109:0300,7.05,89.25,0.0,0.0,0.0,280.8,1.52,170.0,101360.0
20171109:0400,7.02,87.6,0.0,0.0,0.0,282.6,1.45,174.0,101330.0
20171109:0500,7.45,84.3,0.0,0.0,0.0,289.6,1.24,178.0,101350.0
20171109:0600,7.94,81.15,0.0,0.0,0.0,296.0,1.1,187.0,101380.0
20171109:0700,8.5,88.95,100.0,278.58,58.0,310.2,0.9,260.0,101460.0
20171109:0800,11.56,85.5,140.0,28.15,131.0,328.4,0.69,291.0,101539.0
20171109:0900,13.27,83.55,48.0,0.0,48.0,338.6,1.03,318.0,101579.0
20171109:1000,13.77,87.15,75.0,0.0,75.0,343.2,2.21,336.0,101599.0
20171109:1100,12.75,87.05,184.0,0.0,184.0,347.2,4.83,334.0,101619.0
20171109:1200,11.79,91.1,552.0,621.57,190.0,350.2,4.28,329.0,101708.0
20171109:1300,12.03,84.75,497.0,649.07,158.0,351.0,2.41,303.0,101659.0
20171109:1400,12.3,79.55,404.0,749.79,93.0,346.4,2.28,272.0,101629.0
20171109:1500,12.48,77.5,203.0,355.5,108.0,350.4,2.21,270.0,101639.0
20171109:1600,12.21,78.85,47.0,144.98,34.0,329.8,1.93,283.0,101619.0
20171109:1700,11.39,83.5,0.0,0.0,0.0,302.8,1.66,297.0,101659.0
20171109:1800,10.81,87.85,0.0,0.0,0.0,312.8,1.38,295.0,101708.0
20171109:1900,10.31,91.15,0.0,0.0,0.0,314.6,1.59,2.0,101758.0
20171109:2000,9.63,94.1,0.0,0.0,0.0,308.4,1.24,19.0,101818.0
20171109:2100,10.04,92.6,0.0,0.0,0.0,317.0,0.55,157.0,101848.0
20171109:2200,9.2,96.1,0.0,0.0,0.0,317.0,0.83,199.0,101768.0
20171109:2300,8.88,96.9,0.0,0.0,0.0,311.4,0.9,226.0,101748.0
20171110:0000,8.17,98.15,0.0,0.0,0.0,302.8,1.31,224.0,101778.0
20171110:0100,7.82,98.1,0.0,0.0,0.0,300.8,1.38,220.0,101788.0
20171110:0200,8.13,97.0,0.0,0.0,0.0,303.0,0.97,242.0,101738.0
20171110:0300,8.44,96.4,0.0,0.0,0.0,302.2,0.76,288.0,101738.0
20171110:0400,8.9,95.85,0.0,0.0,0.0,298.4,0.76,250.0,101738.0
20171110:0500,7.14,98.4,0.0,0.0,0.0,299.8,1.38,231.0,101778.0
20171110:0600,7.21,98.65,0.0,0.0,0.0,310.4,1.52,226.0,101768.0
20171110:0700,8.04,95.95,23.0,0.0,23.0,308.6,1.45,285.0,101828.0
20171110:0800,10.05,92.3,152.0,47.5,137.0,311.8,1.72,291.0,101838.0
20171110:0900,11.22,86.25,145.0,2.22,144.0,309.6,2.9,308.0,101888.0
20171110:1000,12.01,87.8,226.0,12.88,219.0,322.8,3.17,310.0,101898.0
20171110:1100,12.97,84.25,495.0,405.46,257.0,321.4,3.03,303.0,101828.0
20171110:1200,13.79,78.25,53.0,0.0,53.0,325.0,3.17,304.0,101738.0
20171110:1300,14.1,66.0,119.0,0.0,119.0,335.8,4.0,326.0,101659.0
20171110:1400,13.32,74.95,44.0,0.0,44.0,346.0,3.93,333.0,101669.0
20171110:1500,12.91,80.55,51.0,0.0,51.0,323.6,3.31,336.0,101738.0
20171110:1600,12.36,85.5,36.0,57.59,31.0,319.0,3.45,345.0,101748.0
20171110:1700,11.42,89.5,0.0,0.0,0.0,320.4,3.17,344.0,101788.0
20171110:1800,10.82,89.9,0.0,0.0,0.0,302.2,2.62,341.0,101818.0
20171110:1900,11.48,89.7,0.0,0.0,0.0,329.0,2.83,350.0,101858.0
20171110:2000,11.49,91.85,0.0,0.0,0.0,344.6,2.69,349.0,101898.0
20171110:2100,11.35,95.15,0.0,0.0,0.0,343.4,2.41,347.0,101907.0
20171110:2200,11.23,95.65,0.0,0.0,0.0,335.4,1.66,338.0,101888.0
20171110:2300,11.1,95.45,0.0,0.0,0.0,340.2,1.52,325.0,101838.0
20171111:0000,11.22,95.05,0.0,0.0,0.0,348.2,1.72,314.0,101818.0
20171111:0100,11.14,94.3,0.0,0.0,0.0,338.05,1.86,311.0,101798.0
20171111:0200,11.15,94.2,0.0,0.0,0.0,339.0,2.07,320.0,101748.0
20171111:0300,11.04,93.4,0.0,0.0,0.0,324.8,2.34,327.0,101758.0
20171111:0400,11.44,91.9,0.0,0.0,0.0,343.4,2.41,335.0,101748.0
20171111:0500,11.69,91.1,0.0,0.0,0.0,344.0,2.48,343.0,101768.0
20171111:0600,11.96,90.95,0.0,0.0,0.0,355.8,2.21,341.0,101798.0
20171111:0700,12.37,89.25,47.0,13.95,45.0,339.6,2.62,339.0,101828.0
20171111:0800,13.49,84.55,130.0,22.44,123.0,345.8,2.9,323.0,101868.0
20171111:0900,14.31,81.1,135.0,0.0,135.0,339.0,3.1,320.0,101888.0
20171111:1000,15.13,75.75,186.0,1.85,185.0,344.8,3.66,320.0,101888.0
20171111:1100,15.56,71.35,108.0,0.0,108.0,357.4,4.28,324.0,101878.0
20171111:1200,15.71,69.7,147.0,0.0,147.0,365.0,4.28,326.0,101798.0
20171111:1300,15.82,68.85,95.0,0.0,95.0,353.0,4.48,328.0,101738.0
20171111:1400,14.9,77.05,53.0,0.0,53.0,360.6,3.66,330.0,101738.0
20171111:1500,14.98,78.75,128.0,57.48,113.0,327.2,2.69,328.0,101758.0
20171111:1600,14.76,78.4,50.0,249.84,29.0,321.4,1.79,306.0,101788.0
20171111:1700,13.97,80.1,0.0,0.0,0.0,326.6,1.66,267.0,101828.0
20171111:1800,13.33,82.5,0.0,0.0,0.0,332.2,1.93,246.0,101828.0
20171111:1900,13.82,78.75,0.0,0.0,0.0,339.2,2.21,265.0,101838.0
20171111:2000,13.42,82.35,0.0,0.0,0.0,342.6,2.0,265.0,101848.0
20171111:2100,12.85,85.55,0.0,0.0,0.0,332.6,1.86,262.0,101828.0
20171111:2200,12.59,87.45,0.0,0.0,0.0,338.8,1.79,257.0,101808.0
20171111:2300,12.43,90.15,0.0,0.0,0.0,347.2,1.66,251.0,101788.0
20171112:0000,11.88,94.6,0.0,0.0,0.0,345.8,1.52,246.0,101748.0
20171112:0100,11.95,94.65,0.0,0.0,0.0,351.05,1.38,237.0,101698.0
20171112:0200,11.98,94.9,0.0,0.0,0.0,354.2,1.45,230.0,101659.0
20171112:0300,11.93,95.1,0.0,0.0,0.0,350.6,1.72,226.0,101639.0
20171112:0400,12.15,94.9,0.0,0.0,0.0,353.8,1.86,227.0,101639.0
20171112:0500,12.19,94.7,0.0,0.0,0.0,344.6,2.0,226.0,101629.0
20171112:0600,12.38,92.1,0.0,0.0,0.0,332.4,2.21,224.0,101659.0
20171112:0700,12.61,90.45,82.0,186.13,56.0,332.8,2.28,229.0,101639.0
20171112:0800,13.96,87.8,282.0,659.0,79.0,334.6,2.34,236.0,101679.0
20171112:0900,15.35,79.65,411.0,622.97,135.0,331.4,2.76,243.0,101669.0
20171112:1000,16.78,69.15,548.0,825.42,106.0,333.4,3.59,263.0,101629.0
20171112:1100,17.71,62.95,584.0,771.92,137.0,333.4,3.66,272.0,101549.0
20171112:1200,18.16,58.8,597.0,875.91,97.0,334.0,3.31,273.0,101470.0
20171112:1300,18.51,54.95,524.0,842.89,93.0,329.4,3.1,274.0,101380.0
20171112:1400,18.77,51.35,393.0,741.42,93.0,321.0,3.03,276.0,101280.0
20171112:1500,18.57,50.5,229.0,620.2,69.0,311.4,2.76,277.0,101251.0
20171112:1600,17.73,55.45,49.0,270.3,27.0,308.8,2.0,276.0,101231.0
20171112:1700,16.42,62.3,0.0,0.0,0.0,301.6,1.79,258.0,101201.0
20171112:1800,14.89,69.1,0.0,0.0,0.0,299.2,2.14,236.0,101221.0
20171112:1900,14.23,69.65,0.0,0.0,0.0,300.4,2.34,235.0,101201.0
20171112:2000,13.35,74.9,0.0,0.0,0.0,304.2,2.62,232.0,101211.0
20171112:2100,12.87,78.55,0.0,0.0,0.0,306.0,2.69,230.0,101171.0
20171112:2200,12.77,79.65,0.0,0.0,0.0,314.8,2.76,230.0,101121.0
20171112:2300,12.39,80.35,0.0,0.0,0.0,301.2,2.76,234.0,101051.0
20171113:0000,12.36,78.2,0.0,0.0,0.0,310.2,2.83,235.0,101012.0
20171113:0100,12.34,74.8,0.0,0.0,0.0,310.2,2.9,234.0,100922.0
20171113:0200,12.46,69.95,0.0,0.0,0.0,309.8,3.1,230.0,100882.0
20171113:0300,12.31,65.7,0.0,0.0,0.0,296.4,3.24,228.0,100803.0
20171113:0400,12.2,62.1,0.0,0.0,0.0,293.4,3.24,226.0,100753.0
20171113:0500,12.02,60.3,0.0,0.0,0.0,290.6,3.31,230.0,100743.0
20171113:0600,11.88,61.95,0.0,0.0,0.0,294.0,3.31,246.0,100733.0
20171113:0700,13.04,74.6,18.0,0.0,18.0,321.4,3.79,267.0,100743.0
20171113:0800,14.0,82.15,29.0,0.0,29.0,325.0,3.52,279.0,100803.0
20171113:0900,14.63,87.95,77.0,0.0,77.0,340.0,3.31,290.0,100813.0
20171113:1000,14.58,87.3,79.0,0.0,79.0,358.4,3.66,328.0,100763.0
20171113:1100,14.21,79.65,223.0,6.95,219.0,343.6,4.21,8.0,100823.0
20171113:1200,14.21,74.7,87.0,0.0,87.0,348.6,4.0,23.0,100773.0
20171113:1300,13.61,69.85,220.0,17.72,211.0,356.4,4.21,25.0,100733.0
20171113:1400,13.21,68.6,56.0,0.0,56.0,349.4,3.93,16.0,100783.0
20171113:1500,12.13,74.45,69.0,0.0,69.0,350.6,3.59,9.0,100852.0
20171113:1600,11.71,73.8,27.0,25.37,25.0,344.2,3.03,5.0,100932.0
20171113:1700,11.49,70.75,0.0,0.0,0.0,346.0,3.03,5.0,101032.0
20171113:1800,11.35,69.3,0.0,0.0,0.0,335.4,2.83,4.0,101101.0
20171113:1900,10.64,83.1,0.0,0.0,0.0,340.0,0.69,290.0,101101.0
20171113:2000,10.57,84.45,0.0,0.0,0.0,340.4,1.24,266.0,101101.0
20171113:2100,10.33,86.0,0.0,0.0,0.0,333.6,1.59,262.0,101101.0
20171113:2200,9.55,87.9,0.0,0.0,0.0,299.8,1.52,261.0,101121.0
20171113:2300,8.94,91.0,0.0,0.0,0.0,302.4,1.45,281.0,101042.0
20171114:0000,8.75,95.05,0.0,0.0,0.0,318.4,1.59,301.0,101071.0
20171114:0100,9.0,94.75,0.0,0.0,0.0,319.05,1.79,312.0,101081.0
20171114:0200,9.29,93.2,0.0,0.0,0.0,321.6,1.93,318.0,101051.0
20171114:0300,9.53,84.65,0.0,0.0,0.0,311.8,2.28,315.0,101061.0
20171114:0400,9.34,83.05,0.0,0.0,0.0,304.8,1.93,306.0,101071.0
20171114:0500,8.99,84.05,0.0,0.0,0.0,300.6,1.86,305.0,101081.0
20171114:0600,8.75,84.7,0.0,0.0,0.0,297.6,1.86,305.0,101121.0
20171114:0700,9.13,87.75,11.0,0.0,11.0,302.0,1.66,295.0,101161.0
20171114:0800,10.83,85.85,266.0,592.56,88.0,282.6,1.93,315.0,101211.0
20171114:0900,12.51,73.7,392.0,558.36,149.0,307.8,3.38,332.0,101251.0
20171114:1000,13.81,52.85,510.0,678.51,152.0,292.2,5.93,340.0,101251.0
20171114:1100,14.21,46.85,589.0,829.58,115.0,289.0,6.41,335.0,101260.0
20171114:1200,14.28,45.9,519.0,566.15,200.0,289.4,6.76,333.0,101191.0
20171114:1300,13.88,48.05,321.0,138.77,251.0,296.2,6.76,337.0,101181.0
20171114:1400,13.27,52.1,288.0,256.1,186.0,305.6,6.62,340.0,101181.0
20171114:1500,12.8,55.5,116.0,43.6,105.0,292.6,6.0,342.0,101231.0
20171114:1600,12.49,56.2,39.0,157.17,27.0,302.8,5.31,338.0,101270.0
20171114:1700,11.96,57.75,0.0,0.0,0.0,298.2,4.62,335.0,101330.0
20171114:1800,11.96,56.9,0.0,0.0,0.0,312.8,4.28,335.0,101400.0
20171114:1900,11.47,61.8,0.0,0.0,0.0,316.8,3.52,338.0,101440.0
20171114:2000,11.4,62.4,0.0,0.0,0.0,312.6,3.03,335.0,101470.0
20171114:2100,11.37,62.45,0.0,0.0,0.0,318.6,2.55,333.0,101489.0
20171114:2200,11.18,63.35,0.0,0.0,0.0,311.6,2.28,333.0,101479.0
20171114:2300,10.98,65.6,0.0,0.0,0.0,314.2,1.93,327.0,101499.0
20171115:0000,10.7,68.25,0.0,0.0,0.0,317.6,1.38,289.0,101479.0
20171115:0100,10.05,74.1,0.0,0.0,0.0,313.25,1.24,275.0,101470.0
20171115:0200,9.68,78.0,0.0,0.0,0.0,317.4,1.17,269.0,101420.0
20171115:0300,9.19,81.55,0.0,0.0,0.0,308.6,1.1,271.0,101410.0
20171115:0400,9.09,83.25,0.0,0.0,0.0,316.4,1.17,272.0,101460.0
20171115:0500,9.3,82.6,0.0,0.0,0.0,320.8,1.31,276.0,101440.0
20171115:0600,9.8,81.5,0.0,0.0,0.0,331.6,1.38,286.0,101479.0
20171115:0700,10.55,79.1,90.0,357.23,44.0,327.8,1.72,293.0,101539.0
20171115:0800,12.44,72.5,264.0,603.49,85.0,329.0,1.45,306.0,101619.0
20171115:0900,13.84,63.25,192.0,25.5,181.0,322.2,2.21,313.0,101669.0
20171115:1000,14.62,56.95,253.0,34.37,235.0,333.6,3.31,320.0,101669.0
20171115:1100,15.18,54.85,68.0,0.0,68.0,333.8,3.59,315.0,101629.0
20171115:1200,15.48,53.3,167.0,0.0,167.0,323.0,3.79,310.0,101559.0
20171115:1300,15.5,52.35,303.0,109.76,248.0,320.0,3.86,307.0,101489.0
20171115:1400,15.41,51.05,360.0,597.11,124.0,300.0,3.79,307.0,101430.0
20171115:1500,15.11,50.8,217.0,589.03,70.0,318.4,3.31,308.0,101430.0
20171115:1600,14.55,53.15,42.0,216.28,26.0,321.8,2.28,312.0,101460.0
20171115:1700,13.69,57.4,0.0,0.0,0.0,311.6,1.66,309.0,101479.0
20171115:1800,12.72,64.85,0.0,0.0,0.0,300.4,1.31,290.0,101539.0
20171115:1900,12.33,68.25,0.0,0.0,0.0,337.8,1.38,253.0,101539.0
20171115:2000,11.15,74.1,0.0,0.0,0.0,306.6,1.52,235.0,101579.0
20171115:2100,10.33,78.55,0.0,0.0,0.0,309.0,1.59,221.0,101599.0
20171115:2200,9.77,81.2,0.0,0.0,0.0,307.6,1.66,211.0,101589.0
20171115:2300,9.42,82.5,0.0,0.0,0.0,307.4,1.72,202.0,101559.0
20171116:0000,8.91,84.75,0.0,0.0,0.0,297.2,1.79,196.0,101539.0
20171116:0100,8.08,88.25,0.0,0.0,0.0,279.8,1.86,192.0,101539.0
20171116:0200,7.47,89.95,0.0,0.0,0.0,277.4,1.86,192.0,101489.0
20171116:0300,6.96,91.0,0.0,0.0,0.0,275.2,1.86,192.0,101479.0
20171116:0400,6.71,91.4,0.0,0.0,0.0,280.0,1.79,190.0,101450.0
20171116:0500,6.69,91.1,0.0,0.0,0.0,287.6,1.72,189.0,101460.0
20171116:0600,6.44,91.5,0.0,0.0,0.0,282.8,1.79,189.0,101509.0
20171116:0700,7.52,90.05,94.0,463.35,36.0,298.8,1.59,196.0,101549.0
20171116:0800,10.78,80.3,261.0,611.21,82.0,306.4,1.24,203.0,101609.0
20171116:0900,13.85,64.3,411.0,704.07,110.0,302.4,1.24,214.0,101659.0
20171116:1000,15.08,62.35,510.0,715.43,138.0,303.8,0.62,238.0,101639.0
20171116:1100,15.91,59.5,420.0,253.58,277.0,306.2,0.69,344.0,101579.0
20171116:1200,16.4,57.65,521.0,600.33,187.0,313.4,1.38,356.0,101519.0
20171116:1300,16.7,56.45,346.0,202.88,245.0,311.4,1.86,360.0,101460.0
20171116:1400,16.68,56.3,340.0,504.74,142.0,316.4,2.07,3.0,101460.0
20171116:1500,16.28,57.0,212.0,562.88,73.0,309.4,2.0,9.0,101440.0
20171116:1600,15.5,61.6,39.0,195.25,25.0,303.4,1.59,10.0,101470.0
20171116:1700,14.3,67.25,0.0,0.0,0.0,290.4,1.31,16.0,101470.0
20171116:1800,13.42,72.35,0.0,0.0,0.0,293.0,0.9,35.0,101539.0
20171116:1900,13.5,68.5,0.0,0.0,0.0,286.0,0.69,76.0,101569.0
20171116:2000,13.22,69.55,0.0,0.0,0.0,284.6,0.83,142.0,101619.0
20171116:2100,11.11,78.6,0.0,0.0,0.0,283.6,1.24,172.0,101659.0
20171116:2200,9.24,86.65,0.0,0.0,0.0,282.8,1.52,177.0,101629.0
20171116:2300,8.03,91.25,0.0,0.0,0.0,282.2,1.59,174.0,101669.0
20171117:0000,7.36,93.25,0.0,0.0,0.0,282.6,1.79,177.0,101639.0
20171117:0100,6.97,94.2,0.0,0.0,0.0,280.0,1.86,179.0,101619.0
20171117:0200,6.65,94.75,0.0,0.0,0.0,278.8,1.93,179.0,101559.0
20171117:0300,6.46,94.8,0.0,0.0,0.0,278.4,1.93,178.0,101559.0
20171117:0400,6.22,94.65,0.0,0.0,0.0,274.8,1.93,178.0,101529.0
20171117:0500,5.98,94.5,0.0,0.0,0.0,273.2,1.93,176.0,101539.0
20171117:0600,5.75,94.8,0.0,0.0,0.0,274.0,1.93,177.0,101569.0
20171117:0700,5.55,95.75,86.0,370.04,41.0,285.2,1.72,180.0,101579.0
20171117:0800,8.65,90.3,257.0,608.69,81.0,300.6,1.31,184.0,101629.0
20171117:0900,12.7,76.5,416.0,757.54,95.0,301.0,0.97,188.0,101659.0
20171117:1000,15.26,62.7,511.0,741.94,128.0,283.8,0.28,165.0,101629.0
20171117:1100,16.38,57.0,582.0,856.72,102.0,289.6,0.62,40.0,101589.0
20171117:1200,16.97,53.85,573.0,851.84,102.0,294.8,1.24,17.0,101539.0
20171117:1300,17.13,53.75,497.0,788.44,107.0,293.8,1.59,11.0,101479.0
20171117:1400,16.96,54.75,374.0,719.01,94.0,295.2,1.59,9.0,101420.0
20171117:1500,16.5,56.9,212.0,580.96,70.0,293.0,1.38,6.0,101420.0
20171117:1600,15.6,63.35,38.0,201.36,24.0,290.8,1.17,355.0,101420.0
20171117:1700,14.08,75.4,0.0,0.0,0.0,285.8,0.9,351.0,101450.0
20171117:1800,13.9,71.95,0.0,0.0,0.0,283.0,0.48,346.0,101479.0
20171117:1900,13.42,74.8,0.0,0.0,0.0,282.8,0.21,266.0,101519.0
20171117:2000,12.31,79.25,0.0,0.0,0.0,282.6,0.97,194.0,101549.0
20171117:2100,9.56,88.9,0.0,0.0,0.0,282.8,1.52,188.0,101559.0
20171117:2200,8.29,92.8,0.0,0.0,0.0,282.6,1.66,185.0,101579.0
20171117:2300,7.57,94.4,0.0,0.0,0.0,283.0,1.79,184.0,101599.0
20171118:0000,7.18,94.9,0.0,0.0,0.0,281.4,1.93,184.0,101559.0
20171118:0100,7.01,94.85,0.0,0.0,0.0,282.6,1.93,185.0,101569.0
20171118:0200,6.78,94.85,0.0,0.0,0.0,280.4,1.93,186.0,101519.0
20171118:0300,6.59,94.7,0.0,0.0,0.0,279.8,1.93,185.0,101499.0
20171118:0400,6.49,94.6,0.0,0.0,0.0,282.8,1.93,184.0,101489.0
20171118:0500,6.39,94.7,0.0,0.0,0.0,284.6,1.93,184.0,101489.0
20171118:0600,6.19,95.2,0.0,0.0,0.0,284.4,1.93,185.0,101519.0
20171118:0700,6.64,95.55,60.0,110.11,47.0,309.4,1.72,185.0,101549.0
20171118:0800,9.15,89.55,240.0,497.43,98.0,310.6,1.45,186.0,101599.0
20171118:0900,13.11,76.0,387.0,611.9,130.0,307.8,1.1,191.0,101649.0
20171118:1000,15.2,68.7,401.0,316.08,239.0,301.6,0.48,174.0,101639.0
20171118:1100,16.36,62.7,538.0,666.41,167.0,305.8,0.55,89.0,101599.0
20171118:1200,17.09,59.55,554.0,773.35,129.0,313.8,1.1,53.0,101549.0
20171118:1300,17.53,57.2,443.0,539.1,178.0,319.6,1.86,54.0,101470.0
20171118:1400,17.59,57.0,341.0,535.36,134.0,314.8,2.21,50.0,101430.0
20171118:1500,17.07,61.15,180.0,338.84,98.0,322.6,2.34,43.0,101440.0
20171118:1600,16.0,68.95,36.0,192.73,23.0,313.0,2.0,43.0,101470.0
20171118:1700,14.63,76.7,0.0,0.0,0.0,300.4,1.86,59.0,101509.0
20171118:1800,13.52,83.25,0.0,0.0,0.0,297.0,1.66,83.0,101569.0
20171118:1900,12.57,85.85,0.0,0.0,0.0,292.6,1.45,121.0,101579.0
20171118:2000,11.25,90.05,0.0,0.0,0.0,289.6,1.52,146.0,101609.0
20171118:2100,9.78,93.7,0.0,0.0,0.0,287.4,1.66,156.0,101619.0
20171118:2200,8.55,96.2,0.0,0.0,0.0,284.6,1.66,157.0,101649.0
20171118:2300,7.8,96.35,0.0,0.0,0.0,283.0,1.66,154.0,101579.0
20171119:0000,7.29,95.95,0.0,0.0,0.0,281.6,1.66,153.0,101579.0
20171119:0100,7.1,96.25,0.0,0.0,0.0,294.2,1.66,154.0,101579.0
20171119:0200,6.84,96.4,0.0,0.0,0.0,294.2,1.72,157.0,101569.0
20171119:0300,6.61,96.8,0.0,0.0,0.0,293.4,1.79,160.0,101569.0
20171119:0400,6.38,96.95,0.0,0.0,0.0,298.4,1.79,161.0,101539.0
20171119:0500,6.27,96.95,0.0,0.0,0.0,298.0,1.79,161.0,101569.0
20171119:0600,6.31,96.9,0.0,0.0,0.0,305.4,1.86,162.0,101609.0
20171119:0700,6.96,95.35,79.0,357.89,38.0,286.0,2.0,166.0,101659.0
20171119:0800,9.38,89.75,250.0,599.67,81.0,294.2,1.59,167.0,101728.0
20171119:0900,13.44,75.3,409.0,766.24,90.0,287.4,1.31,167.0,101748.0
20171119:1000,16.17,58.95,520.0,827.3,99.0,284.8,0.83,150.0,101718.0
20171119:1100,17.53,48.15,568.0,822.47,113.0,289.6,0.83,109.0,101679.0
20171119:1200,18.25,44.55,559.0,818.27,112.0,292.2,0.62,48.0,101649.0
20171119:1300,18.53,43.15,490.0,785.99,106.0,292.4,1.17,16.0,101559.0
20171119:1400,18.36,43.7,364.0,687.54,100.0,291.6,1.66,16.0,101549.0
20171119:1500,17.71,47.5,204.0,554.92,71.0,289.8,1.86,25.0,101559.0
20171119:1600,16.48,55.7,34.0,183.27,22.0,286.0,1.66,33.0,101609.0
20171119:1700,14.91,63.55,0.0,0.0,0.0,280.8,1.52,46.0,101669.0
20171119:1800,13.8,68.15,0.0,0.0,0.0,278.4,1.1,81.0,101738.0
20171119:1900,12.91,69.3,0.0,0.0,0.0,278.0,1.17,149.0,101768.0
20171119:2000,11.01,77.45,0.0,0.0,0.0,276.4,1.45,165.0,101808.0
20171119:2100,9.05,85.15,0.0,0.0,0.0,274.8,1.86,172.0,101828.0
20171119:2200,7.75,89.75,0.0,0.0,0.0,272.8,1.86,171.0,101838.0
20171119:2300,6.88,92.25,0.0,0.0,0.0,271.0,1.86,169.0,101848.0
20171120:0000,6.35,92.95,0.0,0.0,0.0,268.6,1.93,167.0,101838.0
20171120:0100,5.97,93.2,0.0,0.0,0.0,267.0,1.93,166.0,101828.0
20171120:0200,5.67,93.2,0.0,0.0,0.0,265.8,2.0,168.0,101808.0
20171120:0300,5.47,92.9,0.0,0.0,0.0,264.2,2.0,170.0,101808.0
20171120:0400,5.28,92.5,0.0,0.0,0.0,262.8,2.0,170.0,101788.0
20171120:0500,5.04,92.3,0.0,0.0,0.0,261.0,2.0,171.0,101838.0
20171120:0600,4.78,92.3,0.0,0.0,0.0,260.2,1.93,171.0,101878.0
20171120:0700,4.9,92.15,75.0,342.08,37.0,261.2,2.07,172.0,101898.0
20171120:0800,8.26,86.6,245.0,585.86,82.0,262.4,1.52,172.0,101917.0
20171120:0900,14.03,65.2,403.0,748.75,94.0,268.0,1.03,173.0,101957.0
20171120:1000,16.6,46.0,513.0,811.38,103.0,275.0,0.41,164.0,101937.0
20171120:1100,17.73,39.65,564.0,820.32,113.0,279.6,0.48,16.0,101917.0
20171120:1200,18.29,38.3,556.0,815.72,113.0,283.0,1.17,16.0,101868.0
20171120:1300,18.39,38.9,487.0,784.53,106.0,285.2,1.52,20.0,101818.0
20171120:1400,18.12,40.4,359.0,673.83,102.0,285.6,1.59,26.0,101758.0
20171120:1500,17.52,43.7,201.0,543.27,72.0,284.8,1.45,36.0,101788.0
20171120:1600,16.48,50.3,32.0,157.23,22.0,282.6,1.24,49.0,101778.0
20171120:1700,14.6,61.35,0.0,0.0,0.0,277.6,1.03,88.0,101828.0
20171120:1800,12.72,67.3,0.0,0.0,0.0,275.2,1.17,138.0,101858.0
20171120:1900,11.64,71.25,0.0,0.0,0.0,275.2,1.38,156.0,101888.0
20171120:2000,9.47,81.35,0.0,0.0,0.0,274.4,1.86,165.0,101907.0
20171120:2100,8.0,86.8,0.0,0.0,0.0,273.8,2.0,167.0,101898.0
20171120:2200,7.03,90.05,0.0,0.0,0.0,272.2,1.93,168.0,101888.0
20171120:2300,6.44,91.15,0.0,0.0,0.0,270.4,1.93,168.0,101868.0
20171121:0000,6.05,91.25,0.0,0.0,0.0,268.8,2.0,169.0,101818.0
20171121:0100,5.83,90.45,0.0,0.0,0.0,267.6,2.07,170.0,101838.0
20171121:0200,5.8,87.95,0.0,0.0,0.0,267.0,2.14,172.0,101798.0
20171121:0300,5.92,83.8,0.0,0.0,0.0,265.8,2.28,173.0,101818.0
20171121:0400,6.04,79.45,0.0,0.0,0.0,264.8,2.41,174.0,101788.0
20171121:0500,6.07,77.4,0.0,0.0,0.0,264.2,2.48,174.0,101788.0
20171121:0600,6.05,76.45,0.0,0.0,0.0,263.2,2.48,173.0,101798.0
20171121:0700,6.27,75.9,72.0,325.15,37.0,263.0,2.41,173.0,101808.0
20171121:0800,8.89,70.15,242.0,593.45,79.0,264.8,2.14,173.0,101858.0
20171121:0900,13.34,62.75,395.0,721.09,100.0,269.4,1.59,174.0,101858.0
20171121:1000,17.17,48.6,506.0,793.15,108.0,276.8,1.03,176.0,101818.0
20171121:1100,19.16,37.0,557.0,803.4,118.0,282.8,0.34,192.0,101768.0
20171121:1200,20.02,33.4,549.0,800.06,117.0,286.4,0.55,338.0,101738.0
20171121:1300,20.27,32.9,481.0,768.4,110.0,288.2,1.03,359.0,101669.0
20171121:1400,20.07,34.8,358.0,683.53,99.0,288.4,1.24,12.0,101639.0
20171121:1500,19.34,41.8,200.0,552.43,70.0,288.0,1.24,24.0,101629.0
20171121:1600,17.99,49.65,30.0,145.56,21.0,284.8,1.66,36.0,101589.0
20171121:1700,15.85,61.9,0.0,0.0,0.0,279.2,1.52,64.0,101589.0
20171121:1800,14.12,66.15,0.0,0.0,0.0,276.2,1.38,128.0,101649.0
20171121:1900,11.61,72.4,0.0,0.0,0.0,276.0,1.79,159.0,101629.0
20171121:2000,9.56,80.15,0.0,0.0,0.0,275.0,2.14,165.0,101639.0
20171121:2100,8.15,85.55,0.0,0.0,0.0,273.2,2.07,163.0,101599.0
20171121:2200,7.44,86.05,0.0,0.0,0.0,271.0,2.07,160.0,101589.0
20171121:2300,7.06,84.15,0.0,0.0,0.0,269.2,2.21,159.0,101559.0
20171122:0000,7.11,76.3,0.0,0.0,0.0,267.6,2.48,164.0,101569.0
20171122:0100,7.16,70.55,0.0,0.0,0.0,266.6,2.76,168.0,101519.0
20171122:0200,7.07,68.4,0.0,0.0,0.0,264.6,2.83,169.0,101470.0
20171122:0300,6.89,67.15,0.0,0.0,0.0,262.2,2.9,168.0,101470.0
20171122:0400,6.69,66.25,0.0,0.0,0.0,259.0,3.03,169.0,101390.0
20171122:0500,6.71,64.3,0.0,0.0,0.0,257.6,3.17,170.0,101400.0
20171122:0600,6.77,63.05,0.0,0.0,0.0,257.8,3.17,170.0,101390.0
20171122:0700,7.26,62.35,61.0,211.05,39.0,257.8,3.24,170.0,101390.0
20171122:0800,9.44,58.9,251.0,704.4,60.0,264.2,2.97,170.0,101410.0
20171122:0900,12.91,53.05,289.0,239.17,192.0,271.8,2.69,170.0,101450.0
20171122:1000,16.21,43.75,358.0,228.75,244.0,289.2,2.55,172.0,101440.0
20171122:1100,18.29,34.6,499.0,559.7,195.0,299.8,2.62,176.0,101380.0
20171122:1200,19.61,29.45,406.0,271.92,260.0,304.4,2.83,181.0,101320.0
20171122:1300,20.19,27.6,441.0,583.22,161.0,301.8,2.55,189.0,101241.0
20171122:1400,20.14,28.3,173.0,31.87,161.0,304.8,1.93,197.0,101211.0
20171122:1500,19.52,32.8,131.0,115.73,104.0,307.4,1.38,187.0,101201.0
20171122:1600,18.13,35.5,29.0,132.98,21.0,312.2,1.72,170.0,101231.0
20171122:1700,16.12,38.95,0.0,0.0,0.0,317.8,2.14,167.0,101231.0
20171122:1800,14.33,43.55,0.0,0.0,0.0,315.0,2.28,168.0,101251.0
20171122:1900,13.05,44.75,0.0,0.0,0.0,307.0,2.48,169.0,101241.0
20171122:2000,12.03,47.9,0.0,0.0,0.0,299.6,2.62,167.0,101260.0
20171122:2100,10.92,51.4,0.0,0.0,0.0,284.2,2.76,167.0,101260.0
20171122:2200,10.21,54.0,0.0,0.0,0.0,281.4,2.9,170.0,101241.0
20171122:2300,9.9,54.5,0.0,0.0,0.0,286.0,2.9,171.0,101280.0
20171123:0000,9.65,55.15,0.0,0.0,0.0,288.0,2.9,172.0,101260.0
20171123:0100,9.32,56.1,0.0,0.0,0.0,284.0,2.97,172.0,101280.0
20171123:0200,9.02,56.95,0.0,0.0,0.0,280.4,2.97,174.0,101290.0
20171123:0300,8.98,57.1,0.0,0.0,0.0,289.8,2.9,177.0,101280.0
20171123:0400,8.64,58.65,0.0,0.0,0.0,280.6,2.9,177.0,101290.0
20171123:0500,8.17,60.8,0.0,0.0,0.0,270.8,2.9,176.0,101290.0
20171123:0600,7.81,62.75,0.0,0.0,0.0,269.4,2.9,177.0,101370.0
20171123:0700,7.83,65.65,55.0,168.53,38.0,266.2,2.76,183.0,101410.0
20171123:0800,9.86,63.65,223.0,493.11,91.0,267.6,2.34,188.0,101499.0
20171123:0900,13.8,54.75,379.0,664.0,112.0,274.2,1.86,198.0,101539.0
20171123:1000,17.03,43.15,493.0,761.66,116.0,281.6,1.52,224.0,101589.0
20171123:1100,18.43,36.2,547.0,785.26,123.0,288.0,1.79,267.0,101579.0
20171123:1200,18.99,35.85,542.0,797.79,116.0,291.4,2.14,288.0,101509.0
20171123:1300,19.08,37.55,475.0,764.47,110.0,292.6,2.41,297.0,101489.0
20171123:1400,18.73,40.75,351.0,668.01,101.0,292.6,2.41,302.0,101479.0
20171123:1500,17.98,47.15,196.0,544.56,70.0,291.6,2.0,307.0,101519.0
20171123:1600,16.89,55.65,27.0,119.48,20.0,289.0,1.17,310.0,101569.0
20171123:1700,15.43,64.65,0.0,0.0,0.0,283.0,0.41,272.0,101629.0
20171123:1800,13.69,69.45,0.0,0.0,0.0,279.6,1.03,193.0,101698.0
20171123:1900,11.05,80.6,0.0,0.0,0.0,278.4,1.72,185.0,101738.0
20171123:2000,9.47,84.9,0.0,0.0,0.0,276.0,2.0,184.0,101758.0
20171123:2100,8.26,87.95,0.0,0.0,0.0,273.0,2.07,184.0,101778.0
20171123:2200,7.52,89.1,0.0,0.0,0.0,270.6,2.14,180.0,101818.0
20171123:2300,6.99,89.6,0.0,0.0,0.0,269.0,2.21,176.0,101788.0
20171124:0000,6.61,89.25,0.0,0.0,0.0,266.8,2.28,175.0,101758.0
20171124:0100,6.33,88.55,0.0,0.0,0.0,265.0,2.28,174.0,101718.0
20171124:0200,6.1,88.2,0.0,0.0,0.0,264.6,2.28,174.0,101718.0
20171124:0300,5.92,87.75,0.0,0.0,0.0,264.0,2.28,174.0,101698.0
20171124:0400,5.77,86.6,0.0,0.0,0.0,263.8,2.34,174.0,101728.0
20171124:0500,5.67,84.8,0.0,0.0,0.0,264.2,2.41,174.0,101728.0
20171124:0600,5.6,82.85,0.0,0.0,0.0,265.0,2.41,174.0,101758.0
20171124:0700,6.11,82.1,62.0,287.04,34.0,268.0,2.34,176.0,101768.0
20171124:0800,9.09,76.65,200.0,348.12,108.0,273.0,1.86,176.0,101838.0
20171124:0900,14.44,57.6,385.0,727.37,95.0,279.6,1.59,175.0,101858.0
20171124:1000,18.27,41.1,495.0,789.16,107.0,288.0,1.31,175.0,101858.0
20171124:1100,20.09,28.8,546.0,799.14,117.0,291.4,1.1,184.0,101788.0
20171124:1200,20.99,26.75,539.0,796.44,116.0,295.4,0.69,201.0,101718.0
20171124:1300,21.39,26.35,470.0,749.61,114.0,298.4,0.28,297.0,101659.0
20171124:1400,21.29,27.7,349.0,666.56,101.0,299.4,0.9,353.0,101599.0
20171124:1500,20.52,35.0,193.0,535.81,70.0,298.2,1.24,4.0,101599.0
20171124:1600,19.15,42.95,26.0,122.54,19.0,295.4,1.03,18.0,101619.0
20171124:1700,17.86,46.45,0.0,0.0,0.0,289.4,0.69,110.0,101669.0
20171124:1800,14.17,60.65,0.0,0.0,0.0,287.0,1.66,156.0,101689.0
20171124:1900,12.27,63.25,0.0,0.0,0.0,286.8,2.07,168.0,101718.0
20171124:2000,10.35,69.0,0.0,0.0,0.0,285.8,2.34,170.0,101748.0
20171124:2100,9.14,73.05,0.0,0.0,0.0,283.6,2.34,169.0,101738.0
20171124:2200,8.6,73.55,0.0,0.0,0.0,281.8,2.41,170.0,101728.0
20171124:2300,8.52,69.6,0.0,0.0,0.0,281.2,2.62,172.0,101708.0
20171125:0000,9.06,59.05,0.0,0.0,0.0,281.2,2.9,173.0,101609.0
20171125:0100,9.13,54.8,0.0,0.0,0.0,280.4,3.03,173.0,101569.0
20171125:0200,8.83,54.1,0.0,0.0,0.0,277.6,3.1,175.0,101559.0
20171125:0300,8.61,53.0,0.0,0.0,0.0,275.0,3.24,176.0,101599.0
20171125:0400,8.68,50.65,0.0,0.0,0.0,272.8,3.38,177.0,101589.0
20171125:0500,8.78,48.65,0.0,0.0,0.0,271.0,3.38,177.0,101609.0
20171125:0600,8.79,47.8,0.0,0.0,0.0,271.6,3.38,179.0,101639.0
20171125:0700,8.59,50.95,52.0,180.34,35.0,272.0,3.31,180.0,101649.0
20171125:0800,10.66,51.15,199.0,360.28,105.0,281.0,2.83,182.0,101689.0
20171125:0900,14.37,47.1,369.0,645.0,114.0,277.4,2.48,185.0,101698.0
20171125:1000,18.11,41.25,480.0,728.88,124.0,282.6,2.07,189.0,101708.0
20171125:1100,20.7,31.55,534.0,753.11,132.0,288.8,2.14,194.0,101639.0
20171125:1200,22.0,26.4,521.0,721.12,140.0,293.0,2.28,201.0,101489.0
20171125:1300,22.65,24.65,248.0,57.15,221.0,297.2,2.0,220.0,101420.0
20171125:1400,22.61,26.1,83.0,0.0,83.0,307.6,1.52,262.0,101440.0
20171125:1500,21.62,35.7,115.0,74.61,98.0,314.2,1.38,319.0,101470.0
20171125:1600,19.86,45.4,23.0,89.67,18.0,313.0,1.66,333.0,101489.0
20171125:1700,17.69,57.75,0.0,0.0,0.0,305.4,1.03,325.0,101529.0
20171125:1800,17.4,56.1,0.0,0.0,0.0,293.6,0.55,260.0,101609.0
20171125:1900,13.71,68.4,0.0,0.0,0.0,300.0,1.72,200.0,101639.0
20171125:2000,12.17,72.2,0.0,0.0,0.0,323.2,1.93,190.0,101659.0
20171125:2100,10.7,74.6,0.0,0.0,0.0,298.2,2.0,188.0,101659.0
20171125:2200,9.71,75.4,0.0,0.0,0.0,290.2,2.0,186.0,101669.0
20171125:2300,9.4,73.95,0.0,0.0,0.0,300.6,1.93,188.0,101708.0
20171126:0000,9.39,71.05,0.0,0.0,0.0,306.2,2.0,188.0,101659.0
20171126:0100,9.16,69.75,0.0,0.0,0.0,301.8,2.0,187.0,101649.0
20171126:0200,9.09,67.65,0.0,0.0,0.0,304.0,2.0,187.0,101639.0
20171126:0300,9.55,64.55,0.0,0.0,0.0,325.0,1.79,186.0,101639.0
20171126:0400,9.97,62.0,0.0,0.0,0.0,335.0,1.72,190.0,101599.0
20171126:0500,10.07,60.85,0.0,0.0,0.0,329.6,1.79,192.0,101659.0
20171126:0600,10.8,58.2,0.0,0.0,0.0,349.8,1.86,188.0,101708.0
20171126:0700,11.78,64.9,27.0,10.99,26.0,355.8,1.38,193.0,101748.0
20171126:0800,12.84,70.75,121.0,46.58,109.0,358.2,0.34,111.0,101838.0
20171126:0900,14.46,60.85,36.0,0.0,36.0,352.8,1.72,44.0,101937.0
20171126:1000,15.44,66.2,51.0,0.0,51.0,351.4,3.17,53.0,102027.0
20171126:1100,15.78,71.1,100.0,0.0,100.0,349.0,3.38,58.0,102037.0
20171126:1200,15.38,74.7,70.0,0.0,70.0,361.0,3.86,51.0,101997.0
20171126:1300,15.15,77.75,87.0,0.0,87.0,361.4,4.62,47.0,101957.0
20171126:1400,14.51,79.05,101.0,0.0,101.0,370.2,4.48,48.0,102037.0
20171126:1500,13.98,79.35,92.0,22.1,87.0,373.6,3.79,53.0,102117.0
20171126:1600,13.68,78.65,15.0,18.35,14.0,366.0,3.24,59.0,102166.0
20171126:1700,13.16,79.95,0.0,0.0,0.0,347.2,2.55,62.0,102266.0
20171126:1800,12.69,81.75,0.0,0.0,0.0,332.0,2.34,61.0,102306.0
20171126:1900,12.37,81.15,0.0,0.0,0.0,321.2,2.41,67.0,102385.0
20171126:2000,12.45,79.95,0.0,0.0,0.0,349.0,2.28,67.0,102395.0
20171126:2100,12.28,79.9,0.0,0.0,0.0,342.2,2.07,76.0,102445.0
20171126:2200,11.91,81.7,0.0,0.0,0.0,335.6,1.72,83.0,102405.0
20171126:2300,11.77,81.8,0.0,0.0,0.0,340.2,1.52,95.0,102425.0
20171127:0000,11.44,81.7,0.0,0.0,0.0,318.8,1.31,109.0,102395.0
20171127:0100,10.92,83.6,0.0,0.0,0.0,308.8,1.17,129.0,102435.0
20171127:0200,10.25,86.15,0.0,0.0,0.0,307.4,1.24,139.0,102415.0
20171127:0300,9.71,88.0,0.0,0.0,0.0,311.2,1.45,133.0,102445.0
20171127:0400,9.06,88.75,0.0,0.0,0.0,294.6,1.72,127.0,102415.0
20171127:0500,8.38,89.7,0.0,0.0,0.0,286.8,1.79,130.0,102445.0
20171127:0600,7.75,90.8,0.0,0.0,0.0,280.8,1.72,144.0,102445.0
20171127:0700,7.72,90.85,43.0,125.23,32.0,276.0,1.66,155.0,102475.0
20171127:0800,9.76,88.5,217.0,542.56,79.0,276.8,0.97,147.0,102525.0
20171127:0900,13.09,65.05,374.0,720.07,94.0,295.0,1.24,118.0,102545.0
20171127:1000,14.06,58.25,487.0,798.47,102.0,297.0,2.07,87.0,102525.0
20171127:1100,14.74,54.1,539.0,810.68,111.0,292.2,2.55,73.0,102435.0
20171127:1200,15.25,51.15,481.0,565.88,185.0,298.2,2.76,65.0,102345.0
20171127:1300,15.45,49.6,323.0,198.77,230.0,313.4,2.83,60.0,102246.0
20171127:1400,15.19,50.75,274.0,300.45,164.0,329.0,3.1,57.0,102206.0
20171127:1500,14.79,53.7,186.0,507.28,72.0,310.8,3.31,59.0,102176.0
20171127:1600,13.68,60.45,24.0,131.23,17.0,286.8,3.03,59.0,102196.0
20171127:1700,12.28,66.45,0.0,0.0,0.0,284.4,2.76,69.0,102226.0
20171127:1800,11.38,69.8,0.0,0.0,0.0,276.0,2.48,83.0,102226.0
20171127:1900,11.03,76.0,0.0,0.0,0.0,277.8,1.93,98.0,102236.0
20171127:2000,10.37,78.25,0.0,0.0,0.0,274.6,1.72,118.0,102196.0
20171127:2100,9.17,83.35,0.0,0.0,0.0,272.8,1.86,136.0,102156.0
20171127:2200,7.99,88.1,0.0,0.0,0.0,271.8,1.86,145.0,102077.0
20171127:2300,7.17,90.45,0.0,0.0,0.0,270.8,1.86,152.0,102037.0
20171128:0000,6.66,91.0,0.0,0.0,0.0,270.6,1.93,156.0,101947.0
20171128:0100,6.3,90.65,0.0,0.0,0.0,268.4,2.0,157.0,101888.0
20171128:0200,6.24,89.0,0.0,0.0,0.0,269.6,2.14,158.0,101848.0
20171128:0300,6.22,87.55,0.0,0.0,0.0,270.6,2.28,166.0,101828.0
20171128:0400,6.1,86.35,0.0,0.0,0.0,266.8,2.41,170.0,101798.0
20171128:0500,6.03,85.15,0.0,0.0,0.0,265.8,2.48,173.0,101718.0
20171128:0600,5.99,83.75,0.0,0.0,0.0,265.0,2.55,176.0,101728.0
20171128:0700,6.68,79.6,0.0,0.0,0.0,270.6,2.62,187.0,101738.0
20171128:0800,8.52,73.15,228.0,672.89,59.0,271.4,2.48,184.0,101748.0
20171128:0900,11.7,62.7,369.0,705.21,97.0,294.4,2.21,184.0,101698.0
20171128:1000,14.08,54.15,483.0,797.23,101.0,317.0,1.93,199.0,101669.0
20171128:1100,15.59,48.7,541.0,839.73,100.0,317.4,2.21,196.0,101589.0
20171128:1200,16.96,44.7,441.0,420.68,222.0,306.0,2.07,208.0,101430.0
20171128:1300,17.97,42.8,454.0,717.14,120.0,298.4,1.86,249.0,101310.0
20171128:1400,18.07,44.3,291.0,384.25,151.0,297.4,2.41,289.0,101290.0
20171128:1500,17.04,51.0,109.0,62.69,95.0,304.4,2.14,305.0,101290.0
20171128:1600,15.81,58.25,19.0,57.38,16.0,321.4,0.69,297.0,101201.0
20171128:1700,14.58,68.1,0.0,0.0,0.0,314.4,0.69,176.0,101161.0
20171128:1800,12.76,73.0,0.0,0.0,0.0,316.6,1.38,176.0,101111.0
20171128:1900,12.03,71.8,0.0,0.0,0.0,324.6,1.86,179.0,101081.0
20171128:2000,11.8,71.05,0.0,0.0,0.0,326.4,2.07,182.0,101042.0
20171128:2100,11.68,69.0,0.0,0.0,0.0,323.0,2.28,180.0,101012.0
20171128:2200,11.64,67.0,0.0,0.0,0.0,324.4,2.55,179.0,100952.0
20171128:2300,11.54,65.65,0.0,0.0,0.0,320.8,2.62,185.0,100972.0
20171129:0000,11.16,68.1,0.0,0.0,0.0,321.4,2.97,186.0,100872.0
20171129:0100,10.58,74.55,0.0,0.0,0.0,329.05,3.1,173.0,100813.0
20171129:0200,10.64,77.2,0.0,0.0,0.0,347.8,3.52,169.0,100743.0
20171129:0300,10.74,74.85,0.0,0.0,0.0,331.0,3.86,169.0,100673.0
20171129:0400,10.86,71.95,0.0,0.0,0.0,302.0,4.14,173.0,100554.0
20171129:0500,11.36,69.95,0.0,0.0,0.0,310.2,4.28,177.0,100454.0
20171129:0600,11.69,69.2,0.0,0.0,0.0,309.4,4.34,177.0,100434.0
20171129:0700,12.09,67.6,0.0,0.0,0.0,307.0,4.21,178.0,100404.0
20171129:0800,13.7,61.45,143.0,124.99,112.0,308.6,4.55,182.0,100424.0
20171129:0900,15.8,56.5,179.0,33.98,166.0,323.2,3.86,178.0,100385.0
20171129:1000,17.84,49.8,315.0,163.79,237.0,334.8,4.0,181.0,100335.0
20171129:1100,19.67,43.95,509.0,690.94,148.0,338.8,3.86,189.0,100205.0
20171129:1200,21.3,40.2,430.0,391.74,227.0,341.8,3.1,207.0,100086.0
20171129:1300,22.13,39.4,88.0,0.0,88.0,336.2,2.34,250.0,99996.0
20171129:1400,21.11,46.65,61.0,0.0,61.0,339.6,3.03,291.0,99996.0
20171129:1500,18.43,62.9,74.0,4.5,73.0,363.2,2.62,292.0,100016.0
20171129:1600,17.0,69.4,12.0,0.0,12.0,366.2,2.07,267.0,100036.0
20171129:1700,16.18,70.7,0.0,0.0,0.0,356.4,1.86,241.0,100086.0
20171129:1800,15.74,74.05,0.0,0.0,0.0,360.4,1.59,226.0,100116.0
20171129:1900,15.79,75.85,0.0,0.0,0.0,354.6,1.79,262.0,100136.0
20171129:2000,15.14,79.8,0.0,0.0,0.0,363.8,1.79,235.0,100166.0
20171129:2100,14.46,83.75,0.0,0.0,0.0,353.6,2.21,229.0,100185.0
20171129:2200,13.75,88.8,0.0,0.0,0.0,359.2,2.34,225.0,100205.0
20171129:2300,13.47,90.3,0.0,0.0,0.0,361.6,1.79,214.0,100176.0
20171130:0000,13.55,86.85,0.0,0.0,0.0,366.0,1.17,194.0,100166.0
20171130:0100,13.42,89.45,0.0,0.0,0.0,365.65,0.28,163.0,100185.0
20171130:0200,13.64,87.65,0.0,0.0,0.0,370.2,1.31,35.0,100185.0
20171130:0300,13.02,92.75,0.0,0.0,0.0,367.6,2.28,22.0,100205.0
20171130:0400,12.73,94.05,0.0,0.0,0.0,364.2,2.76,24.0,100225.0
20171130:0500,12.42,93.95,0.0,0.0,0.0,366.4,2.76,31.0,100275.0
20171130:0600,12.19,94.1,0.0,0.0,0.0,360.6,2.14,44.0,100295.0
20171130:0700,12.07,90.55,15.0,0.0,15.0,360.4,2.48,52.0,100335.0
20171130:0800,12.13,90.4,19.0,0.0,19.0,360.0,2.28,52.0,100375.0
20171130:0900,12.28,90.7,72.0,0.0,72.0,360.6,2.07,55.0,100454.0
20171130:1000,12.07,93.6,76.0,0.0,76.0,362.0,2.34,55.0,100424.0
20171130:1100,12.2,92.8,109.0,0.0,109.0,362.2,2.83,59.0,100464.0
20171130:1200,12.32,90.2,149.0,0.0,149.0,361.6,3.38,64.0,100404.0
20171130:1300,12.37,89.75,151.0,2.17,150.0,362.0,4.07,68.0,100424.0
20171130:1400,12.25,90.8,77.0,0.0,77.0,363.6,3.93,67.0,100414.0
20171130:1500,12.14,90.45,82.0,13.58,79.0,363.0,4.07,66.0,100484.0
20171130:1600,11.41,98.29,12.0,0.0,12.0,373.75,4.71,67.0,100564.0
20171130:1700,11.2,95.7,0.0,0.0,0.0,366.22,4.64,61.0,100623.0
20171130:1800,10.98,93.12,0.0,0.0,0.0,358.69,4.56,52.0,100683.0
20171130:1900,10.77,90.53,0.0,0.0,0.0,351.16,4.48,55.0,100733.0
20171130:2000,10.56,87.95,0.0,0.0,0.0,343.63,4.4,45.0,100813.0
20171130:2100,10.34,85.37,0.0,0.0,0.0,336.1,4.32,42.0,100872.0
20171130:2200,10.13,82.78,0.0,0.0,0.0,328.57,4.25,44.0,100932.0
20171130:2300,9.92,80.2,0.0,0.0,0.0,321.04,4.17,44.0,100982.0
20081201:0000,9.7,77.61,0.0,0.0,0.0,313.51,4.09,238.0,100753.0
20081201:0100,9.49,75.03,0.0,0.0,0.0,305.98,4.01,234.0,100763.0
20081201:0200,9.28,72.45,0.0,0.0,0.0,298.45,3.93,228.0,100733.0
20081201:0300,9.07,69.86,0.0,0.0,0.0,290.92,3.86,222.0,100733.0
20081201:0400,8.85,67.28,0.0,0.0,0.0,283.39,3.78,219.0,100713.0
20081201:0500,8.64,64.69,0.0,0.0,0.0,275.86,3.7,215.0,100723.0
20081201:0600,8.43,62.11,0.0,0.0,0.0,268.33,3.62,213.0,100783.0
20081201:0700,8.21,59.53,44.0,275.24,24.0,260.8,3.55,213.0,100793.0
20081201:0800,9.55,64.75,112.0,46.02,101.0,277.0,3.38,216.0,100862.0
20081201:0900,11.15,58.0,266.0,240.75,176.0,283.4,3.79,218.0,100852.0
20081201:1000,12.33,53.0,246.0,55.56,220.0,278.4,4.83,233.0,100872.0
20081201:1100,12.96,49.7,472.0,557.34,185.0,286.0,5.72,248.0,100832.0
20081201:1200,13.33,47.85,296.0,86.0,252.0,321.2,5.52,254.0,100793.0
20081201:1300,13.35,47.1,309.0,178.96,227.0,306.8,5.1,258.0,100693.0
20081201:1400,13.42,47.25,348.0,753.53,78.0,294.2,4.62,264.0,100703.0
20081201:1500,12.9,51.7,144.0,223.97,95.0,296.0,4.0,268.0,100733.0
20081201:1600,11.96,58.75,26.0,224.0,15.0,301.4,2.97,269.0,100733.0
20081201:1700,11.05,64.65,0.0,0.0,0.0,289.8,1.93,268.0,100753.0
20081201:1800,10.2,70.75,0.0,0.0,0.0,294.6,1.86,254.0,100763.0
20081201:1900,9.13,72.65,0.0,0.0,0.0,284.8,2.07,215.0,100803.0
20081201:2000,8.53,75.15,0.0,0.0,0.0,291.8,2.21,231.0,100793.0
20081201:2100,8.27,75.8,0.0,0.0,0.0,293.4,2.34,237.0,100813.0
20081201:2200,8.22,75.4,0.0,0.0,0.0,301.4,2.55,236.0,100842.0
20081201:2300,7.82,77.1,0.0,0.0,0.0,290.6,2.55,236.0,100852.0
20081202:0000,7.52,78.85,0.0,0.0,0.0,291.4,2.69,241.0,100813.0
20081202:0100,7.2,81.2,0.0,0.0,0.0,288.4,2.48,238.0,100813.0
20081202:0200,7.05,82.3,0.0,0.0,0.0,294.6,2.34,233.0,100793.0
20081202:0300,6.56,84.05,0.0,0.0,0.0,277.4,2.34,224.0,100753.0
20081202:0400,6.14,85.25,0.0,0.0,0.0,276.0,2.21,222.0,100733.0
20081202:0500,5.68,86.55,0.0,0.0,0.0,271.0,2.28,222.0,100733.0
20081202:0600,5.4,87.8,0.0,0.0,0.0,274.8,2.28,224.0,100783.0
20081202:0700,5.42,88.65,34.0,128.94,25.0,277.0,1.86,220.0,100783.0
20081202:0800,6.82,87.3,207.0,597.11,66.0,275.6,1.38,236.0,100813.0
20081202:0900,8.88,77.25,285.0,326.09,164.0,293.8,2.07,269.0,100862.0
20081202:1000,9.3,77.25,442.0,651.1,139.0,286.8,2.97,285.0,100852.0
20081202:1100,8.88,77.85,507.0,725.67,135.0,302.4,3.59,291.0,100832.0
20081202:1200,8.46,80.45,266.0,51.02,240.0,295.0,4.0,290.0,100862.0
20081202:1300,8.02,85.0,41.0,0.0,41.0,312.8,3.86,290.0,100882.0
20081202:1400,8.08,86.85,158.0,25.2,149.0,296.8,3.31,282.0,100952.0
20081202:1500,8.01,88.3,154.0,289.11,91.0,318.6,3.03,276.0,100992.0
20081202:1600,7.33,84.15,20.0,102.94,15.0,313.2,3.52,292.0,101032.0
20081202:1700,6.5,88.5,0.0,0.0,0.0,290.8,2.48,289.0,101171.0
20081202:1800,6.56,89.3,0.0,0.0,0.0,314.0,2.21,272.0,101221.0
20081202:1900,6.83,94.15,0.0,0.0,0.0,323.0,2.41,305.0,101270.0
20081202:2000,6.78,90.4,0.0,0.0,0.0,317.2,2.48,309.0,101320.0
20081202:2100,6.87,86.5,0.0,0.0,0.0,318.6,1.72,291.0,101380.0
20081202:2200,6.28,91.1,0.0,0.0,0.0,307.8,1.72,287.0,101350.0
20081202:2300,6.07,92.25,0.0,0.0,0.0,306.2,1.93,305.0,101410.0
20081203:0000,6.59,91.95,0.0,0.0,0.0,317.2,2.0,292.0,101440.0
20081203:0100,6.76,94.85,0.0,0.0,0.0,331.85,2.41,291.0,101460.0
20081203:0200,6.93,95.0,0.0,0.0,0.0,331.4,2.9,295.0,101479.0
20081203:0300,6.82,95.25,0.0,0.0,0.0,318.6,3.66,299.0,101470.0
20081203:0400,6.67,90.45,0.0,0.0,0.0,300.4,3.03,291.0,101440.0
20081203:0500,6.52,89.95,0.0,0.0,0.0,307.8,2.69,270.0,101470.0
20081203:0600,6.08,91.75,0.0,0.0,0.0,294.0,2.76,249.0,101460.0
20081203:0700,6.44,90.85,43.0,343.31,20.0,319.8,2.62,241.0,101450.0
20081203:0800,7.09,88.55,129.0,107.14,104.0,305.6,2.62,245.0,101460.0
20081203:0900,8.25,84.7,138.0,8.14,135.0,302.8,3.03,252.0,101460.0
20081203:1000,9.5,74.35,452.0,715.11,121.0,296.8,3.93,260.0,101450.0
20081203:1100,10.3,60.9,357.0,199.84,255.0,283.6,4.97,268.0,101360.0
20081203:1200,10.95,51.8,285.0,74.84,247.0,305.4,5.59,273.0,101270.0
20081203:1300,11.36,48.55,299.0,160.42,226.0,306.4,6.21,275.0,101211.0
20081203:1400,11.29,47.85,269.0,311.85,158.0,312.0,6.07,275.0,101111.0
20081203:1500,11.11,48.0,61.0,0.0,61.0,291.0,5.03,274.0,101042.0
20081203:1600,10.68,49.35,25.0,228.5,14.0,283.2,3.86,270.0,101002.0
20081203:1700,10.02,52.4,0.0,0.0,0.0,282.6,3.17,255.0,101012.0
20081203:1800,9.4,57.1,0.0,0.0,0.0,300.4,2.97,238.0,101032.0
20081203:1900,8.95,58.45,0.0,0.0,0.0,294.6,3.1,234.0,101061.0
20081203:2000,8.7,60.25,0.0,0.0,0.0,302.8,3.17,228.0,101042.0
20081203:2100,8.77,61.75,0.0,0.0,0.0,319.2,3.24,229.0,101042.0
20081203:2200,8.75,64.75,0.0,0.0,0.0,320.6,3.31,230.0,101032.0
20081203:2300,8.75,67.4,0.0,0.0,0.0,325.6,3.38,232.0,100962.0
20081204:0000,8.64,69.8,0.0,0.0,0.0,328.6,3.59,229.0,100882.0
20081204:0100,8.48,72.1,0.0,0.0,0.0,320.85,3.72,229.0,100832.0
20081204:0200,8.39,74.65,0.0,0.0,0.0,322.6,3.45,230.0,100842.0
20081204:0300,8.05,78.65,0.0,0.0,0.0,314.4,3.17,230.0,100823.0
20081204:0400,7.87,81.5,0.0,0.0,0.0,316.0,2.97,225.0,100793.0
20081204:0500,7.56,86.7,0.0,0.0,0.0,323.0,2.76,223.0,100842.0
20081204:0600,7.33,90.2,0.0,0.0,0.0,313.6,2.62,221.0,100852.0
20081204:0700,7.91,92.45,8.0,0.0,8.0,332.4,2.55,221.0,100922.0
20081204:0800,8.42,92.6,134.0,130.09,104.0,321.0,2.41,223.0,101002.0
20081204:0900,9.73,84.2,176.0,41.01,161.0,320.6,2.62,226.0,101051.0
20081204:1000,10.97,80.15,424.0,584.19,155.0,305.4,3.45,236.0,101121.0
20081204:1100,11.8,74.85,488.0,657.11,154.0,303.0,4.07,256.0,101071.0
20081204:1200,12.34,69.0,452.0,507.94,195.0,297.6,4.07,265.0,101002.0
20081204:1300,12.73,65.05,315.0,202.8,223.0,308.2,4.14,270.0,100922.0
20081204:1400,12.73,64.6,333.0,670.57,95.0,302.6,4.14,276.0,100952.0
20081204:1500,12.57,65.85,178.0,498.86,70.0,302.6,3.17,268.0,100962.0
20081204:1600,12.11,68.3,26.0,271.91,13.0,301.0,2.55,267.0,101022.0
20081204:1700,11.1,72.05,0.0,0.0,0.0,279.6,2.34,246.0,101111.0
20081204:1800,10.34,75.1,0.0,0.0,0.0,302.6,2.21,227.0,101151.0
20081204:1900,9.36,77.95,0.0,0.0,0.0,281.4,2.41,216.0,101161.0
20081204:2000,8.25,81.4,0.0,0.0,0.0,274.4,2.48,214.0,101211.0
20081204:2100,7.51,82.8,0.0,0.0,0.0,271.2,2.69,204.0,101241.0
20081204:2200,7.3,81.5,0.0,0.0,0.0,271.8,2.9,199.0,101251.0
20081204:2300,7.3,78.75,0.0,0.0,0.0,271.2,3.1,194.0,101191.0
20081205:0000,7.44,76.75,0.0,0.0,0.0,272.8,3.24,197.0,101161.0
20081205:0100,7.62,76.9,0.0,0.0,0.0,278.6,3.31,198.0,101151.0
20081205:0200,8.12,76.1,0.0,0.0,0.0,295.6,3.31,196.0,101101.0
20081205:0300,8.73,74.4,0.0,0.0,0.0,313.0,3.31,196.0,101071.0
20081205:0400,8.65,75.4,0.0,0.0,0.0,291.8,3.38,196.0,101022.0
20081205:0500,8.66,75.5,0.0,0.0,0.0,294.4,3.45,195.0,101042.0
20081205:0600,8.65,75.4,0.0,0.0,0.0,289.6,3.52,196.0,101071.0
20081205:0700,9.61,71.4,27.0,97.44,21.0,304.0,3.86,197.0,101091.0
20081205:0800,10.66,68.95,176.0,394.8,86.0,307.2,3.86,199.0,101131.0
20081205:0900,12.13,66.65,320.0,536.85,125.0,305.4,3.59,200.0,101161.0
20081205:1000,14.02,61.35,171.0,6.55,168.0,321.0,4.41,209.0,101171.0
20081205:1100,14.99,61.1,292.0,84.94,249.0,335.8,4.62,224.0,101101.0
20081205:1200,15.78,60.8,313.0,118.98,253.0,339.8,5.1,241.0,101061.0
20081205:1300,16.31,60.3,241.0,61.9,213.0,350.2,5.93,256.0,100972.0
20081205:1400,16.15,63.55,142.0,14.12,137.0,352.4,4.76,259.0,100982.0
20081205:1500,16.0,64.5,141.0,217.64,94.0,352.8,4.69,262.0,101022.0
20081205:1600,15.27,68.1,17.0,63.05,14.0,342.6,3.93,260.0,101051.0
20081205:1700,14.75,71.05,0.0,0.0,0.0,351.6,3.45,256.0,101121.0
20081205:1800,14.46,72.85,0.0,0.0,0.0,357.2,3.45,253.0,101191.0
20081205:1900,14.09,72.8,0.0,0.0,0.0,334.0,3.24,241.0,101241.0
20081205:2000,13.76,74.5,0.0,0.0,0.0,335.8,3.1,236.0,101300.0
20081205:2100,13.47,76.05,0.0,0.0,0.0,335.0,3.03,232.0,101360.0
20081205:2200,13.08,77.95,0.0,0.0,0.0,328.6,2.97,228.0,101380.0
20081205:2300,12.87,78.9,0.0,0.0,0.0,334.6,2.9,225.0,101450.0
20081206:0000,12.95,78.55,0.0,0.0,0.0,346.4,2.9,224.0,101400.0
20081206:0100,12.85,78.9,0.0,0.0,0.0,341.05,2.9,225.0,101420.0
20081206:0200,12.58,80.25,0.0,0.0,0.0,327.4,3.03,229.0,101400.0
20081206:0300,12.46,81.25,0.0,0.0,0.0,325.6,3.17,232.0,101440.0
20081206:0400,12.5,81.6,0.0,0.0,0.0,328.4,3.31,234.0,101460.0
20081206:0500,12.75,81.25,0.0,0.0,0.0,341.2,3.45,241.0,101479.0
20081206:0600,12.98,81.2,0.0,0.0,0.0,353.8,3.31,249.0,101529.0
20081206:0700,12.64,81.05,32.0,203.51,20.0,327.2,3.24,238.0,101549.0
20081206:0800,13.35,79.3,91.0,22.18,86.0,334.6,3.1,245.0,101639.0
20081206:0900,14.45,76.1,254.0,232.82,170.0,341.4,2.9,244.0,101679.0
20081206:1000,15.38,71.5,212.0,28.51,199.0,336.4,3.45,248.0,101718.0
20081206:1100,15.99,69.2,233.0,25.78,220.0,344.6,3.86,260.0,101649.0
20081206:1200,16.36,67.3,46.0,0.0,46.0,339.6,4.83,273.0,101609.0
20081206:1300,16.27,68.0,187.0,13.3,181.0,351.6,5.24,277.0,101589.0
20081206:1400,15.91,71.7,112.0,2.83,111.0,367.4,4.62,277.0,101549.0
20081206:1500,15.55,75.4,98.0,46.4,88.0,359.6,3.59,279.0,101589.0
20081206:1600,14.9,79.65,16.0,42.14,14.0,333.2,3.31,279.0,101589.0
20081206:1700,14.0,85.7,0.0,0.0,0.0,329.0,2.83,273.0,101599.0
20081206:1800,13.33,90.2,0.0,0.0,0.0,325.2,2.28,261.0,101649.0
20081206:1900,12.77,91.65,0.0,0.0,0.0,324.2,2.21,248.0,101669.0
20081206:2000,12.55,93.2,0.0,0.0,0.0,340.8,2.14,247.0,101689.0
20081206:2100,12.46,93.7,0.0,0.0,0.0,346.0,2.07,243.0,101728.0
20081206:2200,12.03,93.7,0.0,0.0,0.0,332.0,2.07,231.0,101738.0
20081206:2300,11.59,93.65,0.0,0.0,0.0,326.8,1.93,219.0,101768.0
20081207:0000,11.04,93.9,0.0,0.0,0.0,322.6,1.86,207.0,101748.0
20081207:0100,10.81,94.6,0.0,0.0,0.0,332.65,1.72,198.0,101708.0
20081207:0200,10.13,94.85,0.0,0.0,0.0,313.2,1.86,191.0,101718.0
20081207:0300,9.55,95.2,0.0,0.0,0.0,309.2,1.86,186.0,101708.0
20081207:0400,9.02,95.4,0.0,0.0,0.0,305.6,1.93,182.0,101698.0
20081207:0500,8.43,95.4,0.0,0.0,0.0,295.4,2.0,179.0,101659.0
20081207:0600,7.95,95.6,0.0,0.0,0.0,292.2,2.0,178.0,101698.0
20081207:0700,8.22,95.55,26.0,124.07,19.0,302.2,2.14,182.0,101728.0
20081207:0800,9.59,95.05,137.0,166.0,100.0,313.4,1.93,182.0,101778.0
20081207:0900,11.75,91.0,257.0,251.09,167.0,316.6,1.79,185.0,101818.0
20081207:1000,14.02,83.8,331.0,244.59,220.0,325.0,1.45,187.0,101858.0
20081207:1100,15.82,71.65,395.0,318.39,235.0,318.4,0.97,201.0,101778.0
20081207:1200,16.64,63.75,275.0,65.83,242.0,327.6,0.9,253.0,101708.0
20081207:1300,16.98,61.85,332.0,257.72,216.0,334.6,1.38,284.0,101649.0
20081207:1400,16.96,62.25,252.0,249.63,164.0,323.2,1.66,308.0,101599.0
20081207:1500,16.29,66.5,107.0,69.71,92.0,329.4,1.45,334.0,101599.0
20081207:1600,15.35,72.65,13.0,21.08,12.0,331.2,1.24,352.0,101629.0
20081207:1700,14.35,79.45,0.0,0.0,0.0,339.6,0.9,6.0,101619.0
20081207:1800,13.89,80.45,0.0,0.0,0.0,334.6,0.55,57.0,101649.0
20081207:1900,12.78,85.45,0.0,0.0,0.0,316.4,0.9,1.0,101659.0
20081207:2000,13.18,83.45,0.0,0.0,0.0,313.6,0.69,4.0,101708.0
20081207:2100,12.73,85.85,0.0,0.0,0.0,309.4,0.21,38.0,101728.0
20081207:2200,11.79,89.3,0.0,0.0,0.0,309.4,0.55,154.0,101758.0
20081207:2300,10.11,94.05,0.0,0.0,0.0,308.2,1.31,160.0,101718.0
20081208:0000,8.94,96.75,0.0,0.0,0.0,302.6,1.66,162.0,101708.0
20081208:0100,8.47,97.05,0.0,0.0,0.0,302.2,1.72,161.0,101669.0
20081208:0200,8.07,96.9,0.0,0.0,0.0,298.0,1.72,163.0,101649.0
20081208:0300,7.73,97.0,0.0,0.0,0.0,300.6,1.59,167.0,101659.0
20081208:0400,7.43,97.25,0.0,0.0,0.0,300.8,1.52,170.0,101629.0
20081208:0500,7.37,97.6,0.0,0.0,0.0,306.0,1.52,170.0,101639.0
20081208:0600,7.25,97.7,0.0,0.0,0.0,304.4,1.59,170.0,101649.0
20081208:0700,7.98,96.4,22.0,74.15,18.0,321.0,1.52,172.0,101669.0
20081208:0800,9.44,94.3,132.0,149.68,99.0,311.8,1.31,170.0,101718.0
20081208:0900,12.4,84.9,69.0,0.0,69.0,316.8,1.24,165.0,101748.0
20081208:1000,14.66,76.55,231.0,48.69,209.0,324.6,0.9,157.0,101738.0
20081208:1100,15.58,71.4,223.0,19.97,213.0,333.4,0.69,131.0,101639.0
20081208:1200,15.62,72.55,230.0,26.0,217.0,348.0,0.55,103.0,101579.0
20081208:1300,15.42,77.15,220.0,37.85,203.0,349.8,0.48,53.0,101479.0
20081208:1400,15.12,80.9,148.0,19.89,141.0,351.8,0.97,34.0,101470.0
20081208:1500,14.68,86.25,104.0,60.48,91.0,351.6,1.31,42.0,101420.0
20081208:1600,14.16,88.85,5.0,0.0,5.0,348.4,1.59,55.0,101450.0
20081208:1700,13.46,90.65,0.0,0.0,0.0,339.6,1.79,70.0,101470.0
20081208:1800,12.78,92.3,0.0,0.0,0.0,334.8,1.79,88.0,101499.0
20081208:1900,12.9,91.65,0.0,0.0,0.0,343.6,1.72,101.0,101479.0
20081208:2000,12.41,92.45,0.0,0.0,0.0,336.6,1.66,123.0,101440.0
20081208:2100,11.63,93.75,0.0,0.0,0.0,328.4,1.59,147.0,101410.0
20081208:2200,10.65,94.5,0.0,0.0,0.0,311.6,1.79,158.0,101380.0
20081208:2300,10.05,94.3,0.0,0.0,0.0,310.4,2.0,161.0,101370.0
20081209:0000,9.78,92.95,0.0,0.0,0.0,305.0,2.21,165.0,101310.0
20081209:0100,9.63,91.55,0.0,0.0,0.0,305.0,2.41,169.0,101300.0
20081209:0200,9.77,89.45,0.0,0.0,0.0,311.4,2.62,174.0,101241.0
20081209:0300,9.86,87.65,0.0,0.0,0.0,309.4,2.83,179.0,101191.0
20081209:0400,9.89,86.95,0.0,0.0,0.0,311.2,2.9,184.0,101141.0
20081209:0500,10.03,86.4,0.0,0.0,0.0,321.0,2.83,185.0,101121.0
20081209:0600,10.09,85.25,0.0,0.0,0.0,320.2,2.83,185.0,101081.0
20081209:0700,10.63,80.65,23.0,116.4,17.0,312.0,2.97,184.0,101091.0
20081209:0800,11.54,78.0,38.0,0.0,38.0,326.8,3.1,188.0,101091.0
20081209:0900,12.38,76.8,117.0,2.82,116.0,325.6,3.17,190.0,101101.0
20081209:1000,12.87,73.05,105.0,0.0,105.0,327.2,3.38,189.0,101051.0
20081209:1100,13.33,74.55,170.0,2.0,169.0,337.2,2.83,186.0,100962.0
20081209:1200,14.34,68.3,428.0,441.17,208.0,328.8,2.76,179.0,100872.0
20081209:1300,15.54,60.4,406.0,555.45,157.0,317.0,3.1,187.0,100753.0
20081209:1400,16.13,56.7,124.0,5.69,122.0,308.8,2.69,202.0,100703.0
20081209:1500,15.67,61.05,160.0,358.4,83.0,316.8,1.66,223.0,100713.0
20081209:1600,14.29,71.0,24.0,209.62,14.0,317.0,1.38,270.0,100803.0
20081209:1700,12.58,79.7,0.0,0.0,0.0,310.8,2.07,273.0,100823.0
20081209:1800,11.42,87.85,0.0,0.0,0.0,312.0,1.66,246.0,100842.0
20081209:1900,10.38,89.25,0.0,0.0,0.0,300.4,1.79,170.0,100842.0
20081209:2000,9.51,91.0,0.0,0.0,0.0,294.6,2.07,172.0,100832.0
20081209:2100,9.02,91.6,0.0,0.0,0.0,297.0,2.14,172.0,100793.0
20081209:2200,9.15,90.25,0.0,0.0,0.0,306.8,2.28,170.0,100793.0
20081209:2300,9.01,88.7,0.0,0.0,0.0,294.4,2.55,174.0,100763.0
20081210:0000,8.72,87.45,0.0,0.0,0.0,284.2,2.69,178.0,100743.0
20081210:0100,8.42,87.1,0.0,0.0,0.0,280.4,2.69,180.0,100703.0
20081210:0200,8.2,87.25,0.0,0.0,0.0,280.2,2.76,184.0,100683.0
20081210:0300,7.98,87.8,0.0,0.0,0.0,282.4,2.69,186.0,100623.0
20081210:0400,7.72,88.4,0.0,0.0,0.0,281.8,2.69,189.0,100574.0
20081210:0500,7.56,88.8,0.0,0.0,0.0,283.8,2.69,189.0,100524.0
20081210:0600,7.65,88.55,0.0,0.0,0.0,298.6,2.55,196.0,100514.0
20081210:0700,7.55,90.35,19.0,60.95,16.0,296.0,2.48,194.0,100514.0
20081210:0800,8.67,89.0,104.0,55.58,92.0,309.8,2.41,200.0,100514.0
20081210:0900,10.33,84.45,102.0,0.0,102.0,314.2,2.48,209.0,100514.0
20081210:1000,11.39,80.45,241.0,64.72,212.0,321.2,2.62,217.0,100464.0
20081210:1100,11.86,79.85,153.0,0.0,153.0,333.8,2.76,229.0,100404.0
20081210:1200,11.73,85.4,101.0,0.0,101.0,339.4,2.9,243.0,100295.0
20081210:1300,11.44,87.25,188.0,15.64,181.0,339.6,2.97,260.0,100185.0
20081210:1400,10.76,89.35,60.0,0.0,60.0,346.2,3.03,276.0,100205.0
20081210:1500,10.17,89.9,70.0,4.65,69.0,329.6,3.93,283.0,100215.0
20081210:1600,9.13,92.45,14.0,20.84,13.0,343.4,4.83,297.0,100395.0
20081210:1700,8.28,92.9,0.0,0.0,0.0,342.0,4.55,305.0,100514.0
20081210:1800,7.77,92.6,0.0,0.0,0.0,342.6,3.38,300.0,100584.0
20081210:1900,7.44,94.4,0.0,0.0,0.0,327.6,3.52,285.0,100604.0
20081210:2000,7.01,94.4,0.0,0.0,0.0,327.0,3.86,289.0,100643.0
20081210:2100,6.71,89.3,0.0,0.0,0.0,323.2,3.79,295.0,100703.0
20081210:2200,6.19,91.35,0.0,0.0,0.0,308.8,4.0,295.0,100753.0
20081210:2300,5.74,89.35,0.0,0.0,0.0,296.2,3.52,286.0,100783.0
20081211:0000,5.5,88.95,0.0,0.0,0.0,301.6,3.52,269.0,100793.0
20081211:0100,5.05,92.6,0.0,0.0,0.0,299.0,3.59,258.0,100783.0
20081211:0200,4.81,91.55,0.0,0.0,0.0,289.0,4.0,263.0,100793.0
20081211:0300,5.02,88.1,0.0,0.0,0.0,289.6,4.41,272.0,100773.0
20081211:0400,5.14,90.15,0.0,0.0,0.0,278.8,4.83,279.0,100813.0
20081211:0500,5.39,92.85,0.0,0.0,0.0,283.0,4.62,283.0,100852.0
20081211:0600,5.81,91.4,0.0,0.0,0.0,288.6,4.55,281.0,100932.0
20081211:0700,6.13,88.3,4.0,0.0,4.0,293.0,4.62,282.0,101012.0
20081211:0800,6.68,84.8,161.0,364.96,83.0,298.6,4.97,284.0,101081.0
20081211:0900,7.49,80.1,41.0,0.0,41.0,302.8,5.03,285.0,101161.0
20081211:1000,8.4,70.5,351.0,331.59,203.0,291.0,5.72,290.0,101201.0
20081211:1100,9.3,58.85,175.0,2.01,174.0,296.0,6.48,292.0,101211.0
20081211:1200,9.57,53.35,180.0,4.03,178.0,277.6,6.97,291.0,101211.0
20081211:1300,9.78,48.6,216.0,35.8,200.0,293.2,7.31,288.0,101171.0
20081211:1400,9.95,45.3,238.0,202.35,167.0,286.0,7.59,286.0,101141.0
20081211:1500,9.89,45.85,115.0,97.7,94.0,292.0,6.62,282.0,101181.0
20081211:1600,9.55,47.4,9.0,0.0,9.0,290.6,6.07,280.0,101241.0
20081211:1700,9.17,48.95,0.0,0.0,0.0,285.2,5.45,278.0,101280.0
20081211:1800,9.11,50.1,0.0,0.0,0.0,290.6,4.9,277.0,101330.0
20081211:1900,9.05,51.45,0.0,0.0,0.0,299.2,4.62,274.0,101360.0
20081211:2000,8.94,52.3,0.0,0.0,0.0,286.4,4.34,268.0,101350.0
20081211:2100,8.82,53.45,0.0,0.0,0.0,285.4,4.21,260.0,101390.0
20081211:2200,8.75,54.5,0.0,0.0,0.0,295.4,4.14,254.0,101390.0
20081211:2300,8.36,56.5,0.0,0.0,0.0,290.8,3.86,246.0,101400.0
20081212:0000,7.84,58.2,0.0,0.0,0.0,286.6,3.59,235.0,101370.0
20081212:0100,7.75,56.9,0.0,0.0,0.0,297.0,3.66,230.0,101340.0
20081212:0200,7.53,57.55,0.0,0.0,0.0,284.2,3.52,230.0,101340.0
20081212:0300,7.6,61.0,0.0,0.0,0.0,295.6,3.45,234.0,101330.0
20081212:0400,7.81,66.45,0.0,0.0,0.0,311.8,3.24,237.0,101330.0
20081212:0500,7.77,71.7,0.0,0.0,0.0,307.0,3.03,237.0,101300.0
20081212:0600,7.83,74.8,0.0,0.0,0.0,305.6,2.97,233.0,101350.0
20081212:0700,8.68,76.3,25.0,267.94,13.0,324.4,3.45,238.0,101360.0
20081212:0800,9.11,76.5,178.0,538.64,64.0,304.8,3.38,239.0,101420.0
20081212:0900,10.08,74.15,272.0,350.52,150.0,312.4,3.45,236.0,101479.0
20081212:1000,11.11,70.1,415.0,616.11,141.0,308.0,4.14,248.0,101479.0
20081212:1100,12.05,63.85,507.0,822.12,100.0,307.2,5.17,267.0,101430.0
20081212:1200,12.52,60.1,493.0,746.51,123.0,307.4,4.83,269.0,101380.0
20081212:1300,12.67,57.95,433.0,705.63,118.0,299.6,4.34,270.0,101330.0
20081212:1400,12.84,56.95,192.0,79.83,164.0,311.4,3.79,272.0,101320.0
20081212:1500,12.63,58.9,171.0,450.86,74.0,327.4,2.9,279.0,101290.0
20081212:1600,11.92,64.15,24.0,184.2,15.0,303.8,1.93,287.0,101330.0
20081212:1700,11.15,69.95,0.0,0.0,0.0,298.4,1.17,278.0,101350.0
20081212:1800,10.42,71.9,0.0,0.0,0.0,290.2,1.24,237.0,101390.0
20081212:1900,9.48,76.85,0.0,0.0,0.0,301.4,2.28,252.0,101450.0
20081212:2000,8.94,80.45,0.0,0.0,0.0,304.0,2.21,244.0,101460.0
20081212:2100,8.41,83.2,0.0,0.0,0.0,304.0,2.14,227.0,101489.0
20081212:2200,7.61,85.35,0.0,0.0,0.0,290.2,2.21,215.0,101470.0
20081212:2300,7.15,85.7,0.0,0.0,0.0,291.0,2.28,210.0,101470.0
20081213:0000,6.99,84.2,0.0,0.0,0.0,288.4,2.48,210.0,101450.0
20081213:0100,7.04,82.25,0.0,0.0,0.0,290.2,2.62,210.0,101420.0
20081213:0200,7.02,81.75,0.0,0.0,0.0,288.6,2.62,209.0,101410.0
20081213:0300,7.02,82.1,0.0,0.0,0.0,290.0,2.69,207.0,101350.0
20081213:0400,6.9,82.3,0.0,0.0,0.0,287.6,2.62,204.0,101320.0
20081213:0500,6.68,82.55,0.0,0.0,0.0,283.2,2.62,200.0,101270.0
20081213:0600,6.36,82.7,0.0,0.0,0.0,277.6,2.69,200.0,101270.0
20081213:0700,6.03,82.15,23.0,257.69,12.0,272.4,2.69,198.0,101270.0
20081213:0800,7.43,78.6,180.0,577.14,59.0,287.0,2.55,197.0,101270.0
20081213:0900,9.85,69.35,335.0,747.98,76.0,270.6,2.69,199.0,101251.0
20081213:1000,11.55,59.65,457.0,866.39,73.0,272.0,3.24,212.0,101181.0
20081213:1100,12.69,54.95,511.0,852.41,90.0,276.8,3.38,227.0,101071.0
20081213:1200,13.41,51.15,287.0,88.92,243.0,281.4,3.86,240.0,100932.0
20081213:1300,13.67,48.75,104.0,0.0,104.0,288.6,4.0,243.0,100803.0
20081213:1400,13.47,49.6,228.0,173.93,167.0,312.0,3.79,252.0,100753.0
20081213:1500,12.54,59.25,114.0,92.83,94.0,308.6,2.9,261.0,100693.0
20081213:1600,11.7,64.15,19.0,80.9,15.0,307.4,2.21,252.0,100693.0
20081213:1700,10.77,66.85,0.0,0.0,0.0,297.4,2.07,213.0,100683.0
20081213:1800,9.86,69.85,0.0,0.0,0.0,305.6,2.41,205.0,100683.0
20081213:1900,9.8,63.6,0.0,0.0,0.0,296.8,3.03,201.0,100623.0
20081213:2000,9.46,62.75,0.0,0.0,0.0,277.8,3.66,197.0,100594.0
20081213:2100,9.52,62.5,0.0,0.0,0.0,285.0,4.0,196.0,100514.0
20081213:2200,9.54,62.2,0.0,0.0,0.0,288.2,4.14,196.0,100454.0
20081213:2300,9.81,60.35,0.0,0.0,0.0,303.0,4.28,200.0,100335.0
20081214:0000,9.78,60.3,0.0,0.0,0.0,313.4,4.62,197.0,100225.0
20081214:0100,9.19,64.4,0.0,0.0,0.0,306.0,4.9,189.0,100136.0
20081214:0200,8.2,76.35,0.0,0.0,0.0,331.0,5.66,177.0,100006.0
20081214:0300,7.84,80.75,0.0,0.0,0.0,337.6,6.41,177.0,99867.0
20081214:0400,7.93,81.45,0.0,0.0,0.0,340.6,6.55,182.0,99748.0
20081214:0500,8.28,81.3,0.0,0.0,0.0,340.6,6.41,187.0,99688.0
20081214:0600,8.25,85.8,0.0,0.0,0.0,341.6,6.34,192.0,99638.0
20081214:0700,9.15,81.5,11.0,24.59,10.0,340.4,6.34,194.0,99598.0
20081214:0800,9.66,80.65,29.0,0.0,29.0,341.8,5.93,203.0,99628.0
20081214:0900,9.91,83.0,201.0,107.38,164.0,337.6,5.38,222.0,99698.0
20081214:1000,9.59,88.85,126.0,0.0,126.0,335.6,5.17,242.0,99757.0
20081214:1100,9.61,87.85,141.0,0.0,141.0,331.6,4.55,245.0,99708.0
20081214:1200,10.17,84.65,98.0,0.0,98.0,327.2,4.21,246.0,99648.0
20081214:1300,10.18,82.3,149.0,2.24,148.0,330.6,4.0,253.0,99598.0
20081214:1400,10.18,84.4,243.0,222.34,165.0,320.6,3.1,259.0,99568.0
20081214:1500,9.15,84.05,119.0,111.17,95.0,312.6,3.72,262.0,99598.0
20081214:1600,8.58,85.75,15.0,39.9,13.0,316.6,2.76,256.0,99588.0
20081214:1700,7.98,90.55,0.0,0.0,0.0,319.8,2.07,242.0,99608.0
20081214:1800,7.69,90.8,0.0,0.0,0.0,317.0,2.21,228.0,99638.0
20081214:1900,7.67,89.95,0.0,0.0,0.0,318.8,2.48,235.0,99678.0
20081214:2000,7.56,89.25,0.0,0.0,0.0,322.2,2.83,230.0,99688.0
20081214:2100,7.3,88.4,0.0,0.0,0.0,320.0,3.38,228.0,99678.0
20081214:2200,7.18,84.05,0.0,0.0,0.0,306.8,3.45,228.0,99718.0
20081214:2300,6.9,83.55,0.0,0.0,0.0,296.6,3.1,234.0,99698.0
20081215:0000,6.77,83.8,0.0,0.0,0.0,301.4,3.03,230.0,99678.0
20081215:0100,6.4,84.85,0.0,0.0,0.0,293.6,2.97,226.0,99678.0
20081215:0200,5.97,85.45,0.0,0.0,0.0,286.0,2.76,219.0,99668.0
20081215:0300,5.63,86.0,0.0,0.0,0.0,287.0,2.62,225.0,99698.0
20081215:0400,5.27,89.2,0.0,0.0,0.0,293.4,2.83,234.0,99748.0
20081215:0500,5.26,90.7,0.0,0.0,0.0,297.8,3.03,238.0,99777.0
20081215:0600,5.33,91.2,0.0,0.0,0.0,304.6,2.97,256.0,99857.0
20081215:0700,5.32,89.25,5.0,0.0,5.0,293.8,3.03,243.0,99937.0
20081215:0800,5.57,88.15,32.0,0.0,32.0,282.6,2.69,233.0,100036.0
20081215:0900,6.52,83.55,322.0,679.33,89.0,272.0,2.9,240.0,100106.0
20081215:1000,7.3,79.95,339.0,304.19,205.0,277.6,3.66,255.0,100136.0
20081215:1100,7.8,78.95,216.0,18.3,207.0,277.8,4.14,260.0,100126.0
20081215:1200,7.95,78.25,480.0,690.82,139.0,290.0,4.21,259.0,100116.0
20081215:1300,8.35,75.3,275.0,123.44,220.0,288.2,4.41,257.0,100116.0
20081215:1400,8.46,73.0,142.0,14.24,137.0,279.6,4.62,256.0,100126.0
20081215:1500,8.49,71.65,151.0,281.88,90.0,286.6,4.55,259.0,100185.0
20081215:1600,7.38,76.8,25.0,176.78,16.0,289.4,4.62,263.0,100255.0
20081215:1700,6.48,81.2,0.0,0.0,0.0,283.4,4.55,252.0,100335.0
20081215:1800,5.81,85.3,0.0,0.0,0.0,271.6,4.48,247.0,100385.0
20081215:1900,5.75,82.35,0.0,0.0,0.0,274.6,4.97,251.0,100444.0
20081215:2000,5.61,82.65,0.0,0.0,0.0,282.2,5.24,256.0,100514.0
20081215:2100,5.48,82.75,0.0,0.0,0.0,284.8,4.9,252.0,100534.0
20081215:2200,5.5,84.1,0.0,0.0,0.0,296.4,4.62,244.0,100574.0
20081215:2300,5.5,86.15,0.0,0.0,0.0,303.4,4.48,242.0,100594.0
20081216:0000,5.65,86.8,0.0,0.0,0.0,305.8,4.21,243.0,100584.0
20081216:0100,5.43,90.2,0.0,0.0,0.0,310.2,4.14,240.0,100554.0
20081216:0200,5.4,89.5,0.0,0.0,0.0,315.6,4.55,237.0,100604.0
20081216:0300,5.16,89.1,0.0,0.0,0.0,315.0,4.76,230.0,100594.0
20081216:0400,5.03,83.4,0.0,0.0,0.0,292.6,4.83,225.0,100594.0
20081216:0500,5.1,80.6,0.0,0.0,0.0,299.0,4.83,224.0,100564.0
20081216:0600,5.14,79.0,0.0,0.0,0.0,292.4,4.69,224.0,100594.0
20081216:0700,5.59,73.45,0.0,0.0,0.0,280.6,4.76,223.0,100633.0
20081216:0800,6.14,71.45,146.0,303.59,84.0,276.6,4.76,224.0,100683.0
20081216:0900,7.18,67.2,319.0,664.72,92.0,268.6,4.83,226.0,100713.0
20081216:1000,8.35,62.5,286.0,154.78,218.0,279.0,5.17,232.0,100703.0
20081216:1100,9.55,58.75,461.0,610.91,161.0,291.0,5.66,242.0,100673.0
20081216:1200,10.14,55.25,403.0,369.04,221.0,285.0,6.76,256.0,100653.0
20081216:1300,10.42,53.4,362.0,374.85,195.0,284.8,6.28,254.0,100623.0
20081216:1400,10.21,55.6,245.0,227.71,165.0,283.8,5.45,251.0,100633.0
20081216:1500,9.88,57.75,115.0,92.15,95.0,290.8,5.17,252.0,100623.0
20081216:1600,9.17,61.95,23.0,135.16,16.0,296.0,4.14,248.0,100663.0
20081216:1700,8.44,65.35,0.0,0.0,0.0,305.0,3.93,239.0,100673.0
20081216:1800,7.91,67.9,0.0,0.0,0.0,309.0,3.93,234.0,100703.0
20081216:1900,7.42,75.55,0.0,0.0,0.0,300.6,3.86,233.0,100743.0
20081216:2000,6.9,79.95,0.0,0.0,0.0,299.6,3.93,232.0,100783.0
20081216:2100,6.36,84.75,0.0,0.0,0.0,296.4,3.66,227.0,100803.0
20081216:2200,6.27,86.4,0.0,0.0,0.0,313.8,3.59,226.0,100813.0
20081216:2300,6.02,89.9,0.0,0.0,0.0,323.0,3.72,228.0,100813.0
20081217:0000,6.16,87.25,0.0,0.0,0.0,326.2,3.86,225.0,100793.0
20081217:0100,6.22,86.45,0.0,0.0,0.0,334.45,3.79,223.0,100813.0
20081217:0200,6.24,86.8,0.0,0.0,0.0,328.0,3.38,229.0,100783.0
20081217:0300,6.16,91.2,0.0,0.0,0.0,335.4,3.03,240.0,100743.0
20081217:0400,6.02,91.95,0.0,0.0,0.0,302.8,2.34,249.0,100733.0
20081217:0500,5.95,93.65,0.0,0.0,0.0,310.2,2.0,247.0,100743.0
20081217:0600,6.24,94.8,0.0,0.0,0.0,330.0,1.45,240.0,100803.0
20081217:0700,7.02,96.05,0.0,0.0,0.0,333.2,1.66,261.0,100882.0
20081217:0800,7.55,96.9,58.0,0.0,58.0,336.0,1.38,252.0,100952.0
20081217:0900,8.4,96.2,137.0,14.7,132.0,338.6,1.59,245.0,101002.0
20081217:1000,8.76,96.45,125.0,0.0,125.0,338.2,1.66,238.0,101101.0
20081217:1100,9.1,96.25,91.0,0.0,91.0,342.6,1.86,238.0,101091.0
20081217:1200,9.28,95.95,95.0,0.0,95.0,337.0,2.41,253.0,101091.0
20081217:1300,9.89,94.3,134.0,0.0,134.0,334.8,2.83,270.0,101051.0
20081217:1400,10.27,91.15,148.0,19.9,141.0,317.0,3.66,282.0,101051.0
20081217:1500,10.01,90.75,123.0,123.98,96.0,308.6,4.07,287.0,101071.0
20081217:1600,9.73,87.65,3.0,0.0,3.0,327.0,4.62,290.0,101191.0
20081217:1700,9.23,92.0,0.0,0.0,0.0,312.2,4.34,282.0,101251.0
20081217:1800,9.15,91.65,0.0,0.0,0.0,331.2,4.41,277.0,101310.0
20081217:1900,8.99,88.7,0.0,0.0,0.0,317.8,4.21,266.0,101360.0
20081217:2000,9.03,86.35,0.0,0.0,0.0,320.8,3.72,261.0,101380.0
20081217:2100,8.97,83.95,0.0,0.0,0.0,316.2,3.31,258.0,101400.0
20081217:2200,8.57,83.15,0.0,0.0,0.0,299.8,2.9,254.0,101479.0
20081217:2300,8.53,83.35,0.0,0.0,0.0,319.0,2.55,252.0,101479.0
20081218:0000,8.14,83.7,0.0,0.0,0.0,303.0,2.41,242.0,101440.0
20081218:0100,7.49,84.85,0.0,0.0,0.0,287.6,2.28,229.0,101430.0
20081218:0200,7.65,85.15,0.0,0.0,0.0,316.0,2.21,222.0,101430.0
20081218:0300,7.42,85.7,0.0,0.0,0.0,302.2,2.34,215.0,101450.0
20081218:0400,7.09,87.2,0.0,0.0,0.0,292.4,2.48,210.0,101430.0
20081218:0500,7.06,88.45,0.0,0.0,0.0,299.8,2.69,207.0,101420.0
20081218:0600,6.76,89.5,0.0,0.0,0.0,282.0,2.9,207.0,101470.0
20081218:0700,6.26,89.7,0.0,0.0,0.0,278.4,3.03,207.0,101519.0
20081218:0800,7.21,88.25,167.0,522.21,62.0,285.8,2.9,210.0,101569.0
20081218:0900,8.92,83.4,318.0,675.87,89.0,279.6,2.83,216.0,101619.0
20081218:1000,11.04,72.9,433.0,759.23,101.0,292.8,3.1,233.0,101639.0
20081218:1100,12.49,65.25,501.0,818.78,100.0,293.2,3.72,258.0,101589.0
20081218:1200,13.17,61.2,482.0,702.34,136.0,294.0,4.07,269.0,101549.0
20081218:1300,13.3,59.95,391.0,498.04,169.0,318.8,4.28,276.0,101489.0
20081218:1400,13.15,61.55,67.0,0.0,67.0,301.6,4.41,280.0,101470.0
20081218:1500,12.61,66.75,162.0,352.22,85.0,299.8,3.66,281.0,101519.0
20081218:1600,11.95,72.8,26.0,167.16,17.0,313.8,3.1,283.0,101559.0
20081218:1700,10.91,77.8,0.0,0.0,0.0,308.4,2.83,286.0,101609.0
20081218:1800,10.01,83.75,0.0,0.0,0.0,303.8,2.14,284.0,101679.0
20081218:1900,9.33,87.05,0.0,0.0,0.0,291.0,2.41,264.0,101738.0
20081218:2000,8.83,90.8,0.0,0.0,0.0,305.4,2.21,253.0,101748.0
20081218:2100,8.84,90.85,0.0,0.0,0.0,315.8,2.21,245.0,101808.0
20081218:2200,8.6,90.45,0.0,0.0,0.0,301.2,2.41,241.0,101818.0
20081218:2300,8.55,89.8,0.0,0.0,0.0,303.0,2.34,243.0,101868.0
20081219:0000,8.68,88.75,0.0,0.0,0.0,317.8,2.07,252.0,101878.0
20081219:0100,8.57,87.85,0.0,0.0,0.0,313.05,2.0,257.0,101907.0
20081219:0200,8.27,88.9,0.0,0.0,0.0,309.6,1.86,250.0,101937.0
20081219:0300,7.86,90.45,0.0,0.0,0.0,303.4,1.86,244.0,101967.0
20081219:0400,7.58,91.8,0.0,0.0,0.0,307.4,1.59,242.0,101977.0
20081219:0500,7.17,94.6,0.0,0.0,0.0,316.4,1.17,236.0,102017.0
20081219:0600,7.44,91.65,0.0,0.0,0.0,315.0,1.1,214.0,102107.0
20081219:0700,7.0,94.05,0.0,0.0,0.0,312.4,1.52,223.0,102186.0
20081219:0800,7.51,95.45,119.0,160.29,87.0,297.6,1.66,216.0,102226.0
20081219:0900,10.34,87.6,320.0,698.96,84.0,309.6,1.66,227.0,102316.0
20081219:1000,11.65,80.55,413.0,648.44,130.0,305.2,1.79,265.0,102345.0
20081219:1100,12.09,77.15,454.0,586.6,167.0,327.6,2.69,300.0,102336.0
20081219:1200,11.91,78.6,71.0,0.0,71.0,332.0,3.03,312.0,102306.0
20081219:1300,12.19,78.85,101.0,0.0,101.0,349.0,3.38,324.0,102306.0
20081219:1400,12.23,78.9,157.0,28.33,147.0,331.6,3.52,336.0,102286.0
20081219:1500,12.13,79.25,84.0,18.22,80.0,320.2,2.97,339.0,102336.0
20081219:1600,11.62,80.25,21.0,72.71,17.0,315.8,2.28,343.0,102365.0
20081219:1700,10.6,85.55,0.0,0.0,0.0,289.6,0.97,326.0,102425.0
20081219:1800,10.6,82.5,0.0,0.0,0.0,298.4,0.48,264.0,102495.0
20081219:1900,9.86,84.5,0.0,0.0,0.0,315.4,1.1,333.0,102545.0
20081219:2000,9.98,84.4,0.0,0.0,0.0,320.6,0.97,326.0,102554.0
20081219:2100,10.58,82.7,0.0,0.0,0.0,313.6,0.62,299.0,102614.0
20081219:2200,10.46,83.6,0.0,0.0,0.0,324.2,0.62,293.0,102644.0
20081219:2300,10.28,85.4,0.0,0.0,0.0,318.2,0.48,270.0,102674.0
20081220:0000,9.78,87.95,0.0,0.0,0.0,318.6,0.69,241.0,102644.0
20081220:0100,9.06,91.0,0.0,0.0,0.0,321.65,0.9,239.0,102634.0
20081220:0200,8.23,93.7,0.0,0.0,0.0,315.6,1.17,233.0,102634.0
20081220:0300,7.04,96.45,0.0,0.0,0.0,302.6,1.45,232.0,102654.0
20081220:0400,6.98,97.3,0.0,0.0,0.0,317.8,1.52,231.0,102644.0
20081220:0500,6.92,97.4,0.0,0.0,0.0,316.2,1.59,230.0,102664.0
20081220:0600,6.64,97.45,0.0,0.0,0.0,307.6,1.72,223.0,102734.0
20081220:0700,7.19,97.1,0.0,0.0,0.0,318.6,2.0,224.0,102764.0
20081220:0800,8.56,96.8,150.0,383.26,74.0,322.8,1.86,227.0,102783.0
20081220:0900,10.91,89.2,301.0,576.41,107.0,304.0,2.07,238.0,102833.0
20081220:1000,12.1,79.5,431.0,757.43,101.0,298.8,2.76,255.0,102843.0
20081220:1100,12.95,72.0,491.0,773.18,113.0,294.4,3.1,268.0,102793.0
20081220:1200,13.63,65.7,509.0,852.69,89.0,296.6,3.31,283.0,102704.0
20081220:1300,13.76,63.1,428.0,678.69,125.0,295.6,3.24,294.0,102674.0
20081220:1400,13.69,62.4,333.0,684.22,91.0,289.8,3.1,298.0,102654.0
20081220:1500,13.27,64.35,189.0,575.69,62.0,294.4,2.76,296.0,102634.0
20081220:1600,12.5,70.15,25.0,124.4,18.0,293.8,2.0,299.0,102674.0
20081220:1700,11.36,76.7,0.0,0.0,0.0,282.0,1.59,286.0,102704.0
20081220:1800,9.99,83.3,0.0,0.0,0.0,283.2,1.66,255.0,102754.0
20081220:1900,9.31,84.55,0.0,0.0,0.0,296.8,1.86,253.0,102773.0
20081220:2000,8.59,86.15,0.0,0.0,0.0,286.6,1.79,244.0,102754.0
20081220:2100,8.38,86.35,0.0,0.0,0.0,304.4,1.59,237.0,102783.0
20081220:2200,7.84,87.4,0.0,0.0,0.0,298.2,1.66,231.0,102744.0
20081220:2300,7.59,87.55,0.0,0.0,0.0,303.2,1.66,227.0,102813.0
20081221:0000,7.54,87.25,0.0,0.0,0.0,310.2,1.59,225.0,102833.0
20081221:0100,7.18,88.25,0.0,0.0,0.0,298.6,1.66,218.0,102813.0
20081221:0200,6.79,89.2,0.0,0.0,0.0,294.2,1.66,214.0,102803.0
20081221:0300,6.34,90.3,0.0,0.0,0.0,288.2,1.59,210.0,102773.0
20081221:0400,6.01,92.25,0.0,0.0,0.0,293.6,1.52,204.0,102734.0
20081221:0500,5.53,93.75,0.0,0.0,0.0,285.8,1.66,198.0,102724.0
20081221:0600,5.55,94.95,0.0,0.0,0.0,297.6,1.66,195.0,102744.0
20081221:0700,5.67,94.4,0.0,0.0,0.0,288.4,1.72,201.0,102744.0
20081221:0800,6.45,94.85,166.0,558.21,56.0,284.4,1.38,201.0,102764.0
20081221:0900,10.43,84.45,316.0,685.34,86.0,287.2,1.24,211.0,102813.0
20081221:1000,12.09,80.35,435.0,786.12,93.0,286.4,1.1,217.0,102803.0
20081221:1100,13.15,75.1,497.0,804.28,104.0,284.8,0.62,219.0,102744.0
20081221:1200,14.02,69.45,509.0,852.45,89.0,288.8,0.21,287.0,102634.0
20081221:1300,14.56,65.55,454.0,821.09,87.0,289.8,0.55,357.0,102564.0
20081221:1400,14.71,63.2,338.0,710.76,86.0,285.6,0.69,5.0,102535.0
20081221:1500,14.43,63.9,190.0,577.21,62.0,282.2,0.69,10.0,102554.0
20081221:1600,13.65,69.55,30.0,225.58,17.0,278.0,0.97,20.0,102545.0
20081221:1700,11.86,81.95,0.0,0.0,0.0,271.6,0.83,59.0,102574.0
20081221:1800,11.25,79.65,0.0,0.0,0.0,268.6,0.9,126.0,102574.0
20081221:1900,9.82,84.95,0.0,0.0,0.0,267.0,1.24,159.0,102624.0
20081221:2000,7.98,89.55,0.0,0.0,0.0,265.2,1.52,172.0,102604.0
20081221:2100,6.5,92.55,0.0,0.0,0.0,263.8,1.72,180.0,102604.0
20081221:2200,5.59,93.6,0.0,0.0,0.0,261.6,1.72,181.0,102584.0
20081221:2300,5.06,93.3,0.0,0.0,0.0,260.0,1.66,179.0,102584.0
20081222:0000,4.76,92.0,0.0,0.0,0.0,258.8,1.66,181.0,102564.0
20081222:0100,4.96,88.95,0.0,0.0,0.0,258.8,1.45,179.0,102574.0
20081222:0200,4.97,86.6,0.0,0.0,0.0,260.2,1.45,178.0,102545.0
20081222:0300,4.54,86.65,0.0,0.0,0.0,264.2,1.52,175.0,102564.0
20081222:0400,3.67,89.3,0.0,0.0,0.0,265.4,1.66,175.0,102545.0
20081222:0500,3.19,91.8,0.0,0.0,0.0,274.0,1.86,176.0,102545.0
20081222:0600,3.24,92.15,0.0,0.0,0.0,273.2,2.0,178.0,102574.0
20081222:0700,3.36,90.85,0.0,0.0,0.0,268.8,1.93,181.0,102564.0
20081222:0800,4.67,91.3,166.0,566.57,55.0,268.8,1.52,182.0,102604.0
20081222:0900,9.15,80.45,318.0,711.01,80.0,280.8,1.17,188.0,102634.0
20081222:1000,11.98,68.45,435.0,784.76,94.0,275.6,0.76,198.0,102624.0
20081222:1100,13.09,64.65,499.0,818.85,99.0,275.0,0.14,72.0,102515.0
20081222:1200,13.75,62.5,510.0,852.01,90.0,278.4,0.69,31.0,102425.0
20081222:1300,14.09,62.45,454.0,822.17,86.0,280.4,1.17,26.0,102326.0
20081222:1400,14.08,63.6,339.0,711.63,86.0,281.0,1.52,28.0,102306.0
20081222:1500,13.67,66.4,193.0,600.88,59.0,279.4,1.66,27.0,102316.0
20081222:1600,12.65,73.65,32.0,236.98,18.0,278.0,1.45,22.0,102345.0
20081222:1700,11.13,82.7,0.0,0.0,0.0,274.0,1.17,35.0,102355.0
20081222:1800,10.31,84.7,0.0,0.0,0.0,272.0,0.76,86.0,102395.0
20081222:1900,9.65,87.15,0.0,0.0,0.0,269.2,0.97,128.0,102375.0
20081222:2000,7.88,91.6,0.0,0.0,0.0,267.8,1.31,150.0,102365.0
20081222:2100,6.17,95.4,0.0,0.0,0.0,267.0,1.52,152.0,102286.0
20081222:2200,4.79,97.45,0.0,0.0,0.0,266.0,1.59,156.0,102306.0
20081222:2300,3.92,97.3,0.0,0.0,0.0,265.0,1.66,160.0,102276.0
20081223:0000,3.44,96.15,0.0,0.0,0.0,264.0,1.72,162.0,102246.0
20081223:0100,3.08,95.3,0.0,0.0,0.0,263.2,1.79,162.0,102236.0
20081223:0200,2.9,94.7,0.0,0.0,0.0,262.8,1.86,163.0,102226.0
20081223:0300,2.85,94.5,0.0,0.0,0.0,262.0,2.0,166.0,102196.0
20081223:0400,2.93,93.65,0.0,0.0,0.0,261.4,2.07,168.0,102206.0
20081223:0500,3.0,92.5,0.0,0.0,0.0,260.2,2.14,170.0,102186.0
20081223:0600,2.99,91.85,0.0,0.0,0.0,259.2,2.14,171.0,102256.0
20081223:0700,3.01,91.1,0.0,0.0,0.0,258.0,2.21,172.0,102306.0
20081223:0800,4.28,89.2,165.0,569.59,54.0,258.4,2.0,172.0,102365.0
20081223:0900,8.15,81.3,316.0,697.64,83.0,261.2,1.59,170.0,102415.0
20081223:1000,11.85,71.1,434.0,785.5,93.0,266.4,1.1,164.0,102435.0
20081223:1100,14.06,58.85,496.0,802.51,104.0,271.4,0.69,147.0,102345.0
20081223:1200,15.25,53.9,507.0,837.19,94.0,275.0,0.48,107.0,102276.0
20081223:1300,15.84,53.3,453.0,807.42,91.0,277.6,0.83,57.0,102146.0
20081223:1400,15.93,55.2,340.0,712.27,86.0,278.4,1.52,40.0,102156.0
20081223:1500,15.19,63.55,194.0,588.34,62.0,278.2,1.93,36.0,102126.0
20081223:1600,13.76,73.35,32.0,214.46,19.0,275.2,2.07,41.0,102206.0
20081223:1700,12.16,81.95,0.0,0.0,0.0,270.4,1.93,56.0,102216.0
20081223:1800,11.05,86.8,0.0,0.0,0.0,267.4,1.45,87.0,102276.0
20081223:1900,9.44,90.35,0.0,0.0,0.0,267.6,1.31,120.0,102296.0
20081223:2000,7.37,94.2,0.0,0.0,0.0,267.8,1.52,144.0,102316.0
20081223:2100,5.63,96.45,0.0,0.0,0.0,265.8,1.79,155.0,102316.0
20081223:2200,4.7,96.25,0.0,0.0,0.0,265.4,1.86,158.0,102365.0
20081223:2300,4.28,95.55,0.0,0.0,0.0,264.0,1.93,162.0,102365.0
20081224:0000,4.24,94.45,0.0,0.0,0.0,263.6,2.14,166.0,102365.0
20081224:0100,4.09,93.9,0.0,0.0,0.0,261.0,2.21,169.0,102336.0
20081224:0200,3.94,93.45,0.0,0.0,0.0,259.4,2.28,169.0,102306.0
20081224:0300,3.74,93.35,0.0,0.0,0.0,257.8,2.28,169.0,102306.0
20081224:0400,3.56,93.35,0.0,0.0,0.0,256.8,2.28,169.0,102296.0
20081224:0500,3.42,93.4,0.0,0.0,0.0,256.6,2.28,169.0,102266.0
20081224:0600,3.3,93.45,0.0,0.0,0.0,257.4,2.28,170.0,102276.0
20081224:0700,3.63,92.35,0.0,0.0,0.0,276.8,2.21,171.0,102286.0
20081224:0800,4.67,89.85,162.0,546.57,56.0,282.2,2.0,171.0,102316.0
20081224:0900,7.83,83.55,315.0,695.99,83.0,274.6,1.59,170.0,102336.0
20081224:1000,10.98,73.5,432.0,769.9,98.0,274.4,1.31,169.0,102306.0
20081224:1100,13.27,64.45,494.0,788.04,109.0,264.2,0.62,150.0,102246.0
20081224:1200,14.53,58.4,508.0,836.37,95.0,269.0,0.48,64.0,102126.0
20081224:1300,15.12,57.55,454.0,808.1,91.0,271.6,1.1,33.0,102027.0
20081224:1400,15.08,59.95,342.0,712.7,87.0,278.2,1.86,31.0,102007.0
20081224:1500,14.37,67.35,195.0,593.42,61.0,274.4,2.14,32.0,101977.0
20081224:1600,13.05,77.1,36.0,305.24,17.0,273.6,2.07,36.0,101977.0
20081224:1700,11.55,85.2,0.0,0.0,0.0,269.4,2.0,49.0,101997.0
20081224:1800,10.37,91.1,0.0,0.0,0.0,268.2,1.66,74.0,102017.0
20081224:1900,9.42,91.15,0.0,0.0,0.0,269.0,1.38,117.0,102047.0
20081224:2000,7.54,94.2,0.0,0.0,0.0,269.0,1.66,149.0,102037.0
20081224:2100,6.07,95.45,0.0,0.0,0.0,269.6,1.86,156.0,102047.0
20081224:2200,5.28,94.95,0.0,0.0,0.0,268.0,1.86,157.0,102027.0
20081224:2300,5.0,93.5,0.0,0.0,0.0,270.2,1.93,161.0,101987.0
20081225:0000,4.74,92.75,0.0,0.0,0.0,267.4,2.14,166.0,101917.0
20081225:0100,4.6,91.9,0.0,0.0,0.0,269.2,2.21,171.0,101868.0
20081225:0200,4.41,91.45,0.0,0.0,0.0,264.6,2.28,174.0,101828.0
20081225:0300,4.15,91.4,0.0,0.0,0.0,258.8,2.34,178.0,101778.0
20081225:0400,4.19,90.75,0.0,0.0,0.0,267.8,2.34,180.0,101728.0
20081225:0500,3.93,91.4,0.0,0.0,0.0,261.0,2.41,182.0,101698.0
20081225:0600,3.86,92.0,0.0,0.0,0.0,273.2,2.41,183.0,101689.0
20081225:0700,3.71,92.1,0.0,0.0,0.0,285.6,2.48,180.0,101659.0
20081225:0800,4.38,89.8,163.0,564.47,54.0,277.0,2.34,181.0,101619.0
20081225:0900,6.76,83.9,316.0,709.14,80.0,271.2,2.07,182.0,101639.0
20081225:1000,9.76,76.35,429.0,756.38,101.0,275.0,1.66,186.0,101599.0
20081225:1100,12.3,67.0,513.0,898.19,74.0,271.4,1.03,200.0,101489.0
20081225:1200,13.67,60.5,517.0,883.9,80.0,270.4,0.55,252.0,101370.0
20081225:1300,14.32,57.85,465.0,870.78,73.0,273.0,0.69,298.0,101231.0
20081225:1400,14.47,58.25,343.0,712.92,87.0,275.2,0.97,321.0,101191.0
20081225:1500,14.02,62.95,171.0,365.06,88.0,276.4,1.31,348.0,101131.0
20081225:1600,12.81,71.95,38.0,312.67,18.0,276.6,1.45,4.0,101121.0
20081225:1700,11.12,84.0,0.0,0.0,0.0,273.6,1.1,20.0,101111.0
20081225:1800,10.73,82.25,0.0,0.0,0.0,270.0,0.69,74.0,101121.0
20081225:1900,8.32,86.7,0.0,0.0,0.0,270.2,1.31,152.0,101101.0
20081225:2000,6.12,92.1,0.0,0.0,0.0,270.2,1.72,160.0,101091.0
20081225:2100,5.0,94.2,0.0,0.0,0.0,272.0,1.86,165.0,101071.0
20081225:2200,4.63,93.6,0.0,0.0,0.0,271.2,1.93,170.0,101061.0
20081225:2300,4.55,93.0,0.0,0.0,0.0,271.4,2.07,177.0,101032.0
20081226:0000,4.53,92.4,0.0,0.0,0.0,270.0,2.21,183.0,100982.0
20081226:0100,4.62,91.4,0.0,0.0,0.0,269.6,2.34,188.0,100942.0
20081226:0200,4.72,90.7,0.0,0.0,0.0,268.2,2.48,191.0,100922.0
20081226:0300,4.84,90.35,0.0,0.0,0.0,270.4,2.62,194.0,100892.0
20081226:0400,5.12,89.5,0.0,0.0,0.0,279.6,2.62,196.0,100862.0
20081226:0500,5.61,87.75,0.0,0.0,0.0,296.0,2.55,201.0,100862.0
20081226:0600,5.67,87.7,0.0,0.0,0.0,288.4,2.62,202.0,100872.0
20081226:0700,5.98,86.1,0.0,0.0,0.0,280.0,2.55,201.0,100892.0
20081226:0800,7.19,82.2,133.0,280.72,79.0,303.8,2.55,197.0,100922.0
20081226:0900,8.89,76.65,186.0,90.26,156.0,310.6,2.55,195.0,100932.0
20081226:1000,11.03,67.85,200.0,27.68,188.0,302.2,2.97,200.0,100942.0
20081226:1100,12.55,58.3,220.0,20.45,210.0,309.0,3.52,217.0,100882.0
20081226:1200,13.34,53.0,331.0,165.62,249.0,297.4,3.31,226.0,100793.0
20081226:1300,13.81,49.95,250.0,75.35,216.0,306.8,2.97,232.0,100713.0
20081226:1400,14.03,48.8,281.0,343.98,157.0,300.4,2.55,235.0,100653.0
20081226:1500,13.95,51.15,190.0,510.9,73.0,305.4,1.79,244.0,100653.0
20081226:1600,13.29,56.2,26.0,76.02,21.0,316.0,1.38,264.0,100683.0
20081226:1700,11.67,66.35,0.0,0.0,0.0,296.6,1.38,269.0,100723.0
20081226:1800,10.49,72.8,0.0,0.0,0.0,307.0,1.45,255.0,100763.0
20081226:1900,9.52,79.0,0.0,0.0,0.0,308.2,1.52,218.0,100813.0
20081226:2000,8.68,82.75,0.0,0.0,0.0,307.0,1.59,194.0,100842.0
20081226:2100,7.82,85.55,0.0,0.0,0.0,304.4,1.79,178.0,100892.0
20081226:2200,7.19,86.5,0.0,0.0,0.0,300.4,1.86,173.0,100882.0
20081226:2300,7.09,85.9,0.0,0.0,0.0,308.8,1.86,172.0,100902.0
20081227:0000,6.67,85.3,0.0,0.0,0.0,293.6,2.07,174.0,100912.0
20081227:0100,6.28,85.3,0.0,0.0,0.0,287.2,2.21,176.0,100932.0
20081227:0200,5.92,85.9,0.0,0.0,0.0,282.2,2.34,175.0,100952.0
20081227:0300,5.43,87.35,0.0,0.0,0.0,272.8,2.48,174.0,100942.0
20081227:0400,5.23,88.05,0.0,0.0,0.0,277.4,2.55,173.0,100972.0
20081227:0500,5.05,88.45,0.0,0.0,0.0,275.8,2.62,172.0,100982.0
20081227:0600,4.75,89.35,0.0,0.0,0.0,267.6,2.69,171.0,101042.0
20081227:0700,4.51,89.6,0.0,0.0,0.0,268.6,2.62,172.0,101101.0
20081227:0800,5.39,88.9,158.0,521.56,58.0,271.8,2.41,172.0,101151.0
20081227:0900,8.1,83.15,312.0,680.62,86.0,268.4,2.21,171.0,101231.0
20081227:1000,11.17,73.65,429.0,756.42,101.0,276.4,1.86,168.0,101251.0
20081227:1100,13.34,61.15,492.0,774.23,113.0,283.4,1.66,164.0,101191.0
20081227:1200,14.48,55.75,508.0,822.68,100.0,272.6,1.31,162.0,101101.0
20081227:1300,15.07,52.5,443.0,722.74,116.0,277.0,0.97,136.0,101002.0
20081227:1400,15.36,51.15,343.0,687.86,94.0,278.2,1.31,95.0,100982.0
20081227:1500,15.11,53.25,173.0,359.7,90.0,278.0,1.72,71.0,100932.0
20081227:1600,13.92,60.85,30.0,103.45,23.0,277.4,2.21,62.0,100962.0
20081227:1700,12.28,67.05,0.0,0.0,0.0,278.8,2.41,81.0,100942.0
20081227:1800,10.78,73.35,0.0,0.0,0.0,286.0,2.34,104.0,100972.0
20081227:1900,9.67,77.55,0.0,0.0,0.0,287.2,2.34,117.0,100982.0
20081227:2000,8.46,81.8,0.0,0.0,0.0,279.2,2.41,129.0,100952.0
20081227:2100,7.57,84.75,0.0,0.0,0.0,275.4,2.34,139.0,100952.0
20081227:2200,7.09,86.4,0.0,0.0,0.0,275.2,2.48,142.0,100892.0
20081227:2300,7.03,86.35,0.0,0.0,0.0,279.8,2.62,143.0,100842.0
20081228:0000,7.06,86.1,0.0,0.0,0.0,280.8,2.69,145.0,100783.0
20081228:0100,7.12,85.5,0.0,0.0,0.0,280.6,2.83,148.0,100763.0
20081228:0200,7.12,85.15,0.0,0.0,0.0,281.0,2.9,150.0,100733.0
20081228:0300,7.18,84.45,0.0,0.0,0.0,287.2,2.97,154.0,100713.0
20081228:0400,7.17,84.05,0.0,0.0,0.0,289.2,3.03,158.0,100673.0
20081228:0500,7.12,83.6,0.0,0.0,0.0,290.4,3.1,161.0,100663.0
20081228:0600,7.21,82.65,0.0,0.0,0.0,294.2,3.17,163.0,100673.0
20081228:0700,8.07,78.4,0.0,0.0,0.0,300.4,3.38,165.0,100703.0
20081228:0800,8.87,75.7,96.0,78.45,81.0,307.6,3.38,168.0,100713.0
20081228:0900,10.21,72.3,219.0,186.84,157.0,315.0,3.1,170.0,100753.0
20081228:1000,12.02,65.95,163.0,6.92,160.0,310.6,3.24,172.0,100703.0
20081228:1100,13.78,59.85,436.0,504.01,189.0,310.0,3.31,176.0,100673.0
20081228:1200,15.09,55.5,223.0,22.14,212.0,306.0,2.9,181.0,100633.0
20081228:1300,15.8,53.6,291.0,145.46,225.0,307.8,2.28,186.0,100554.0
20081228:1400,16.17,53.2,274.0,305.28,163.0,302.8,1.38,201.0,100584.0
20081228:1500,15.82,57.7,169.0,322.46,94.0,299.2,0.21,233.0,100643.0
20081228:1600,15.07,64.15,29.0,86.15,23.0,298.2,0.41,20.0,100693.0
20081228:1700,13.7,68.55,0.0,0.0,0.0,294.2,0.41,70.0,100773.0
20081228:1800,12.83,71.45,0.0,0.0,0.0,310.6,0.76,172.0,100852.0
20081228:1900,10.62,82.0,0.0,0.0,0.0,301.4,1.24,194.0,100952.0
20081228:2000,8.48,89.8,0.0,0.0,0.0,296.4,1.66,195.0,101022.0
20081228:2100,7.4,92.5,0.0,0.0,0.0,289.0,1.79,199.0,101071.0
20081228:2200,6.99,93.15,0.0,0.0,0.0,289.6,1.93,202.0,101131.0
20081228:2300,6.71,93.35,0.0,0.0,0.0,286.4,2.0,204.0,101181.0
20081229:0000,6.71,93.05,0.0,0.0,0.0,292.6,2.0,204.0,101221.0
20081229:0100,6.61,92.95,0.0,0.0,0.0,290.0,2.0,202.0,101241.0
20081229:0200,6.61,92.95,0.0,0.0,0.0,294.0,1.93,199.0,101290.0
20081229:0300,6.93,92.65,0.0,0.0,0.0,310.8,1.79,199.0,101310.0
20081229:0400,6.97,92.9,0.0,0.0,0.0,310.4,1.79,200.0,101350.0
20081229:0500,7.16,92.65,0.0,0.0,0.0,314.0,1.79,203.0,101390.0
20081229:0600,7.65,91.85,0.0,0.0,0.0,322.8,1.79,205.0,101460.0
20081229:0700,7.72,92.2,0.0,0.0,0.0,310.2,1.45,203.0,101519.0
20081229:0800,9.31,90.35,59.0,5.24,58.0,340.6,0.97,229.0,101589.0
20081229:0900,11.51,85.0,223.0,198.95,157.0,337.8,1.03,262.0,101689.0
20081229:1000,12.5,83.0,312.0,234.99,210.0,351.4,1.52,302.0,101768.0
20081229:1100,13.09,83.6,247.0,42.79,226.0,343.6,1.66,321.0,101778.0
20081229:1200,13.32,86.1,413.0,389.61,219.0,339.8,1.93,332.0,101758.0
20081229:1300,13.64,87.55,374.0,386.68,198.0,339.0,2.14,344.0,101708.0
20081229:1400,13.24,89.45,316.0,500.95,133.0,311.0,2.21,352.0,101718.0
20081229:1500,12.56,91.65,189.0,456.25,82.0,337.6,1.72,3.0,101808.0
20081229:1600,11.75,91.25,38.0,195.25,24.0,314.8,1.1,26.0,101828.0
20081229:1700,10.95,95.4,0.0,0.0,0.0,301.4,1.1,49.0,101858.0
20081229:1800,10.25,98.25,0.0,0.0,0.0,304.0,0.62,77.0,101957.0
20081229:1900,10.2,95.95,0.0,0.0,0.0,320.6,0.55,98.0,102007.0
20081229:2000,9.94,97.05,0.0,0.0,0.0,316.6,0.62,151.0,102057.0
20081229:2100,9.25,97.9,0.0,0.0,0.0,321.8,0.76,182.0,102087.0
20081229:2200,8.84,98.0,0.0,0.0,0.0,311.0,0.9,190.0,102186.0
20081229:2300,8.55,98.6,0.0,0.0,0.0,339.2,0.9,166.0,102206.0
20081230:0000,8.27,98.6,0.0,0.0,0.0,330.8,1.1,166.0,102196.0
20081230:0100,8.36,98.35,0.0,0.0,0.0,333.85,1.31,156.0,102166.0
20081230:0200,8.18,97.9,0.0,0.0,0.0,320.0,1.59,155.0,102146.0
20081230:0300,8.02,97.65,0.0,0.0,0.0,319.8,1.38,167.0,102166.0
20081230:0400,7.98,97.75,0.0,0.0,0.0,328.0,1.31,173.0,102206.0
20081230:0500,7.83,97.4,0.0,0.0,0.0,321.2,1.59,159.0,102286.0
20081230:0600,7.8,96.9,0.0,0.0,0.0,322.6,1.86,151.0,102326.0
20081230:0700,7.41,95.9,0.0,0.0,0.0,316.2,1.93,156.0,102316.0
20081230:0800,7.82,95.2,159.0,551.3,54.0,307.4,1.79,160.0,102326.0
20081230:0900,9.04,91.3,313.0,693.28,83.0,300.8,1.72,156.0,102365.0
20081230:1000,10.83,84.2,432.0,771.1,97.0,272.6,1.38,144.0,102385.0
20081230:1100,12.71,75.05,497.0,789.39,109.0,268.4,1.03,106.0,102326.0
20081230:1200,14.05,66.75,514.0,839.51,95.0,272.4,1.66,69.0,102206.0
20081230:1300,14.71,62.3,465.0,827.73,87.0,275.6,2.21,60.0,102077.0
20081230:1400,14.86,62.15,352.0,719.12,88.0,276.4,2.55,59.0,102077.0
20081230:1500,14.51,65.25,206.0,604.54,63.0,277.8,2.69,61.0,102067.0
20081230:1600,13.52,72.45,43.0,270.82,23.0,277.0,2.34,58.0,102087.0
20081230:1700,12.08,78.75,0.0,0.0,0.0,273.8,2.48,66.0,102097.0
20081230:1800,10.87,84.25,0.0,0.0,0.0,272.2,2.48,84.0,102136.0
20081230:1900,10.33,85.75,0.0,0.0,0.0,273.6,2.48,100.0,102166.0
20081230:2000,9.31,87.15,0.0,0.0,0.0,272.0,2.21,121.0,102166.0
20081230:2100,7.95,89.75,0.0,0.0,0.0,270.2,2.07,134.0,102196.0
20081230:2200,6.85,90.9,0.0,0.0,0.0,269.4,2.21,140.0,102136.0
20081230:2300,6.27,90.25,0.0,0.0,0.0,269.0,2.34,143.0,102146.0
20081231:0000,6.04,88.05,0.0,0.0,0.0,267.6,2.48,151.0,102097.0
20081231:0100,5.89,85.7,0.0,0.0,0.0,268.0,2.55,156.0,102067.0
20081231:0200,5.79,85.45,0.0,0.0,0.0,268.6,2.69,156.0,102077.0
20081231:0300,5.78,84.75,0.0,0.0,0.0,269.0,2.76,155.0,102087.0
20081231:0400,5.88,84.5,0.0,0.0,0.0,269.4,2.9,156.0,102117.0
20081231:0500,6.1,84.15,0.0,0.0,0.0,272.2,2.9,156.0,102107.0
20081231:0600,6.32,84.15,0.0,0.0,0.0,274.0,2.9,155.0,102107.0
20081231:0700,7.21,81.15,0.0,0.0,0.0,276.2,3.1,158.0,102087.0
20081231:0800,8.72,77.65,154.0,499.36,59.0,274.0,3.17,160.0,102097.0
20081231:0900,11.67,69.4,318.0,735.21,74.0,272.8,3.17,162.0,102136.0
20081231:1000,14.08,60.75,428.0,742.63,105.0,276.8,3.79,164.0,102176.0
20081231:1100,15.67,55.3,492.0,759.52,118.0,280.8,4.48,169.0,102037.0
20081231:1200,16.73,51.85,504.0,779.4,114.0,287.4,4.34,172.0,101947.0
20081231:1300,17.32,49.9,449.0,726.6,116.0,289.6,4.0,170.0,101848.0
20081231:1400,17.48,49.95,289.0,346.86,161.0,292.6,3.66,166.0,101828.0
20081231:1500,17.02,53.05,217.0,687.17,53.0,295.0,3.24,162.0,101818.0
20081231:1600,14.92,55.79,41.0,197.17,26.0,297.45,3.46,158.0,101858.0
20081231:1700,14.29,59.0,0.0,0.0,0.0,298.99,3.35,159.0,101868.0
20081231:1800,13.66,62.21,0.0,0.0,0.0,300.54,3.24,162.0,101898.0
20081231:1900,13.03,65.42,0.0,0.0,0.0,302.08,3.14,161.0,101907.0
20081231:2000,12.4,68.64,0.0,0.0,0.0,303.62,3.03,163.0,101898.0
20081231:2100,11.77,71.85,0.0,0.0,0.0,305.17,2.92,169.0,101937.0
20081231:2200,11.14,75.06,0.0,0.0,0.0,306.71,2.81,173.0,101977.0
20081231:2300,10.51,78.27,0.0,0.0,0.0,308.26,2.7,173.0,101967.0
