time(UTC),T2m,RH,G(h),Gb(n),Gd(h),IR(h),WS10m,WD10m,SP
20130101:0000,9.13,44.97,0.0,0.0,0.0,260.41,4.47,37.0,99176.0
20130101:0100,8.34,46.94,0.0,0.0,0.0,259.31,4.36,40.0,99137.0
20130101:0200,7.56,48.92,0.0,0.0,0.0,258.21,4.25,44.0,99089.0
20130101:0300,6.77,50.9,0.0,0.0,0.0,257.11,4.14,45.0,99031.0
20130101:0400,5.99,52.87,0.0,0.0,0.0,256.01,4.03,47.0,99011.0
20130101:0500,5.2,54.85,0.0,0.0,0.0,254.91,3.92,50.0,98982.0
20130101:0600,4.42,56.83,0.0,0.0,0.0,253.81,3.81,52.0,99001.0
20130101:0700,3.63,58.8,26.0,321.89,12.0,252.71,3.7,53.0,99040.0
20130101:0800,4.46,57.15,225.0,676.32,64.0,252.8,3.1,54.0,99108.0
20130101:0900,7.34,46.65,419.0,807.07,93.0,256.0,2.69,53.0,99166.0
20130101:1000,10.34,38.05,580.0,913.5,96.0,262.0,2.34,42.0,99157.0
20130101:1100,12.87,32.3,674.0,932.2,108.0,273.0,2.21,28.0,99108.0
20130101:1200,14.77,28.6,680.0,838.8,151.0,289.6,2.34,20.0,99011.0
20130101:1300,15.96,26.25,582.0,592.92,227.0,301.2,2.55,26.0,98904.0
20130101:1400,16.57,24.8,402.0,276.51,260.0,309.0,2.9,22.0,98817.0
20130101:1500,16.71,24.3,350.0,546.09,142.0,310.0,3.52,11.0,98817.0
20130101:1600,16.53,24.7,190.0,633.85,57.0,295.0,3.86,13.0,98808.0
20130101:1700,15.65,26.35,0.0,0.0,0.0,277.2,3.38,12.0,98808.0
20130101:1800,13.95,29.8,0.0,0.0,0.0,271.6,3.72,6.0,98856.0
20130101:1900,13.14,32.2,0.0,0.0,0.0,271.4,4.48,5.0,98895.0
20130101:2000,12.11,35.2,0.0,0.0,0.0,269.0,4.62,10.0,98924.0
20130101:2100,11.23,37.95,0.0,0.0,0.0,268.6,4.69,16.0,98982.0
20130101:2200,10.52,40.3,0.0,0.0,0.0,273.4,4.62,19.0,98963.0
20130101:2300,9.82,42.75,0.0,0.0,0.0,274.4,4.41,21.0,98953.0
20130102:0000,9.05,45.45,0.0,0.0,0.0,271.2,4.21,23.0,98972.0
20130102:0100,8.26,48.4,0.0,0.0,0.0,267.8,4.0,23.0,98953.0
20130102:0200,7.52,51.45,0.0,0.0,0.0,268.0,3.93,19.0,98943.0
20130102:0300,6.67,55.1,0.0,0.0,0.0,260.6,4.0,17.0,98914.0
20130102:0400,5.96,58.45,0.0,0.0,0.0,258.4,4.07,19.0,98875.0
20130102:0500,5.4,61.3,0.0,0.0,0.0,258.6,4.14,19.0,98914.0
20130102:0600,4.88,63.95,0.0,0.0,0.0,258.2,4.14,19.0,98953.0
20130102:0700,4.64,65.6,26.0,350.82,11.0,257.2,4.28,18.0,99011.0
20130102:0800,5.39,62.7,232.0,770.18,49.0,257.8,4.34,21.0,99060.0
20130102:0900,7.89,53.45,430.0,886.47,72.0,260.8,4.41,20.0,99147.0
20130102:1000,10.65,45.25,592.0,982.72,71.0,266.0,4.48,16.0,99176.0
20130102:1100,13.03,39.4,685.0,985.32,86.0,272.2,4.69,10.0,99147.0
20130102:1200,14.88,34.9,716.0,995.48,87.0,278.6,5.24,6.0,99079.0
20130102:1300,15.98,31.65,671.0,962.84,93.0,282.6,5.59,8.0,98982.0
20130102:1400,16.58,30.75,579.0,1018.55,54.0,284.8,5.31,12.0,98875.0
20130102:1500,16.82,30.95,401.0,864.15,70.0,285.4,4.9,13.0,98846.0
20130102:1600,16.66,31.85,196.0,683.6,51.0,285.2,4.62,10.0,98856.0
20130102:1700,15.9,33.95,0.0,0.0,0.0,283.6,3.79,4.0,98875.0
20130102:1800,14.48,37.65,0.0,0.0,0.0,281.4,3.59,359.0,98943.0
20130102:1900,13.54,40.35,0.0,0.0,0.0,280.0,3.72,360.0,99001.0
20130102:2000,12.56,43.25,0.0,0.0,0.0,278.8,3.52,3.0,99050.0
20130102:2100,11.61,46.25,0.0,0.0,0.0,277.6,3.31,6.0,99079.0
20130102:2200,10.58,49.65,0.0,0.0,0.0,275.2,2.9,8.0,99108.0
20130102:2300,9.39,54.05,0.0,0.0,0.0,274.4,2.41,4.0,99098.0
20130103:0000,8.18,59.05,0.0,0.0,0.0,274.2,2.0,1.0,99108.0
20130103:0100,8.18,58.95,0.0,0.0,0.0,271.4,1.52,357.0,99089.0
20130103:0200,7.65,61.15,0.0,0.0,0.0,270.8,1.52,346.0,99079.0
20130103:0300,6.17,67.75,0.0,0.0,0.0,269.0,1.93,341.0,99069.0
20130103:0400,5.14,72.75,0.0,0.0,0.0,268.2,2.14,341.0,99060.0
20130103:0500,4.33,76.95,0.0,0.0,0.0,267.8,2.55,345.0,99079.0
20130103:0600,3.82,79.9,0.0,0.0,0.0,266.0,2.9,349.0,99147.0
20130103:0700,3.31,82.75,25.0,356.25,10.0,265.2,3.17,349.0,99224.0
20130103:0800,4.01,81.35,227.0,716.54,57.0,264.6,2.97,347.0,99321.0
20130103:0900,7.21,67.25,428.0,869.1,77.0,266.8,3.31,350.0,99438.0
20130103:1000,10.17,58.1,587.0,948.0,84.0,272.6,4.21,0.0,99476.0
20130103:1100,12.69,51.65,683.0,967.49,94.0,278.4,5.24,9.0,99428.0
20130103:1200,14.53,45.8,717.0,995.04,87.0,284.2,5.86,11.0,99312.0
20130103:1300,15.71,41.1,670.0,945.21,101.0,288.4,6.69,10.0,99234.0
20130103:1400,16.13,39.2,559.0,885.14,101.0,298.8,7.38,6.0,99195.0
20130103:1500,15.99,38.65,389.0,757.94,97.0,288.6,7.59,4.0,99224.0
20130103:1600,15.52,38.55,193.0,615.5,61.0,285.6,7.52,3.0,99273.0
20130103:1700,14.69,40.3,0.0,0.0,0.0,283.2,6.48,4.0,99350.0
20130103:1800,13.46,43.8,0.0,0.0,0.0,276.6,5.86,6.0,99428.0
20130103:1900,12.82,45.05,0.0,0.0,0.0,278.0,6.07,12.0,99515.0
20130103:2000,12.07,47.95,0.0,0.0,0.0,279.8,6.21,18.0,99622.0
20130103:2100,11.23,51.05,0.0,0.0,0.0,272.2,6.28,24.0,99680.0
20130103:2200,10.43,54.5,0.0,0.0,0.0,269.4,6.14,26.0,99748.0
20130103:2300,9.64,58.9,0.0,0.0,0.0,267.2,6.07,26.0,99738.0
20130104:0000,8.89,63.85,0.0,0.0,0.0,265.6,6.07,24.0,99787.0
20130104:0100,8.08,69.25,0.0,0.0,0.0,263.8,5.86,21.0,99777.0
20130104:0200,7.27,74.35,0.0,0.0,0.0,261.2,5.79,18.0,99806.0
20130104:0300,6.52,78.8,0.0,0.0,0.0,259.4,5.86,18.0,99826.0
20130104:0400,5.86,82.55,0.0,0.0,0.0,257.8,5.79,19.0,99845.0
20130104:0500,5.28,85.9,0.0,0.0,0.0,256.4,5.79,21.0,99864.0
20130104:0600,4.82,88.55,0.0,0.0,0.0,255.8,5.72,22.0,99922.0
20130104:0700,4.57,89.15,25.0,337.06,11.0,255.4,5.93,20.0,99971.0
20130104:0800,5.07,86.95,232.0,776.41,48.0,254.8,5.86,20.0,100019.0
20130104:0900,7.05,75.8,434.0,918.37,63.0,256.8,6.34,19.0,100126.0
20130104:1000,9.19,63.9,587.0,947.05,84.0,262.0,7.38,20.0,100039.0
20130104:1100,11.15,53.7,688.0,985.64,87.0,270.4,8.21,21.0,100019.0
20130104:1200,12.81,47.3,719.0,996.01,87.0,276.0,8.76,24.0,99903.0
20130104:1300,14.09,45.65,672.0,945.76,101.0,278.8,8.62,30.0,99855.0
20130104:1400,15.03,44.65,561.0,887.38,100.0,282.2,8.41,33.0,99796.0
20130104:1500,15.51,43.45,405.0,851.51,75.0,284.8,8.48,34.0,99748.0
20130104:1600,15.6,42.5,206.0,737.77,46.0,287.2,8.48,34.0,99738.0
20130104:1700,15.09,42.65,0.0,0.0,0.0,283.4,7.17,30.0,99738.0
20130104:1800,14.07,44.75,0.0,0.0,0.0,281.0,6.34,28.0,99826.0
20130104:1900,13.44,47.0,0.0,0.0,0.0,280.6,5.24,32.0,99893.0
20130104:2000,12.66,49.4,0.0,0.0,0.0,279.6,5.24,37.0,99942.0
20130104:2100,11.94,52.9,0.0,0.0,0.0,278.0,5.86,42.0,99961.0
20130104:2200,11.22,57.0,0.0,0.0,0.0,276.4,5.72,41.0,99971.0
20130104:2300,10.38,61.15,0.0,0.0,0.0,273.8,5.03,37.0,99981.0
20130105:0000,9.51,65.4,0.0,0.0,0.0,271.6,4.76,33.0,99990.0
20130105:0100,8.78,69.5,0.0,0.0,0.0,270.6,4.9,31.0,99990.0
20130105:0200,8.15,73.7,0.0,0.0,0.0,269.2,5.03,31.0,99952.0
20130105:0300,7.61,78.15,0.0,0.0,0.0,268.2,5.17,32.0,99961.0
20130105:0400,7.08,82.85,0.0,0.0,0.0,267.0,5.45,33.0,99981.0
20130105:0500,6.63,86.75,0.0,0.0,0.0,265.0,5.59,35.0,99971.0
20130105:0600,6.28,88.5,0.0,0.0,0.0,264.0,5.86,37.0,100019.0
20130105:0700,6.27,88.75,24.0,341.03,10.0,262.8,6.14,38.0,100058.0
20130105:0800,6.85,86.65,231.0,768.53,49.0,262.8,6.14,40.0,100107.0
20130105:0900,8.96,75.5,430.0,885.73,72.0,265.8,6.48,43.0,100194.0
20130105:1000,11.39,64.4,582.0,913.96,96.0,271.6,7.03,49.0,100155.0
20130105:1100,13.83,54.85,689.0,985.55,87.0,278.2,6.83,52.0,100116.0
20130105:1200,15.89,46.9,713.0,960.67,102.0,285.0,6.69,52.0,99971.0
20130105:1300,17.43,39.4,670.0,929.65,107.0,289.6,6.55,51.0,99835.0
20130105:1400,18.31,34.2,587.0,1021.73,54.0,292.6,6.28,49.0,99719.0
20130105:1500,18.64,32.05,399.0,792.48,90.0,293.4,6.14,44.0,99680.0
20130105:1600,18.43,32.0,197.0,606.37,64.0,292.0,6.14,38.0,99661.0
20130105:1700,17.47,34.25,0.0,0.0,0.0,289.6,5.24,26.0,99699.0
20130105:1800,15.75,38.85,0.0,0.0,0.0,286.4,5.38,17.0,99709.0
20130105:1900,14.57,42.35,0.0,0.0,0.0,282.8,6.28,16.0,99767.0
20130105:2000,13.57,45.25,0.0,0.0,0.0,280.0,6.07,20.0,99777.0
20130105:2100,12.65,47.85,0.0,0.0,0.0,277.4,5.72,25.0,99816.0
20130105:2200,11.77,50.5,0.0,0.0,0.0,274.6,5.38,30.0,99796.0
20130105:2300,10.95,53.1,0.0,0.0,0.0,272.4,5.24,34.0,99777.0
20130106:0000,10.14,55.7,0.0,0.0,0.0,270.2,5.03,39.0,99748.0
20130106:0100,9.33,58.5,0.0,0.0,0.0,268.2,4.76,42.0,99748.0
20130106:0200,8.52,61.5,0.0,0.0,0.0,266.0,4.55,44.0,99729.0
20130106:0300,7.72,64.65,0.0,0.0,0.0,264.0,4.48,44.0,99709.0
20130106:0400,6.97,67.8,0.0,0.0,0.0,261.6,4.41,46.0,99680.0
20130106:0500,6.28,71.05,0.0,0.0,0.0,259.2,4.21,48.0,99690.0
20130106:0600,5.58,74.55,0.0,0.0,0.0,257.2,4.0,50.0,99709.0
20130106:0700,5.18,77.0,24.0,319.78,11.0,256.2,4.0,50.0,99767.0
20130106:0800,5.65,74.8,222.0,663.18,65.0,255.2,3.45,50.0,99806.0
20130106:0900,8.41,62.1,417.0,791.12,97.0,257.6,3.24,46.0,99864.0
20130106:1000,11.51,50.3,573.0,863.88,113.0,263.0,3.38,39.0,99893.0
20130106:1100,13.9,42.05,676.0,915.05,116.0,269.8,3.66,34.0,99816.0
20130106:1200,15.51,35.95,704.0,908.11,125.0,275.6,3.72,30.0,99690.0
20130106:1300,16.45,32.2,665.0,895.41,121.0,279.0,3.52,24.0,99544.0
20130106:1400,17.02,29.95,554.0,824.59,122.0,281.4,3.52,17.0,99457.0
20130106:1500,17.27,28.85,397.0,762.07,98.0,281.4,3.72,12.0,99389.0
20130106:1600,17.08,29.1,196.0,576.91,68.0,280.6,3.93,11.0,99399.0
20130106:1700,16.3,30.95,0.0,0.0,0.0,278.0,3.52,6.0,99428.0
20130106:1800,14.72,34.7,0.0,0.0,0.0,275.0,3.59,1.0,99467.0
20130106:1900,13.59,37.0,0.0,0.0,0.0,271.8,3.93,1.0,99476.0
20130106:2000,12.5,39.95,0.0,0.0,0.0,269.2,3.93,7.0,99496.0
20130106:2100,11.48,42.95,0.0,0.0,0.0,267.0,3.93,12.0,99515.0
20130106:2200,10.52,46.0,0.0,0.0,0.0,265.2,3.86,18.0,99506.0
20130106:2300,9.59,49.25,0.0,0.0,0.0,263.6,3.93,23.0,99486.0
20130107:0000,8.73,52.45,0.0,0.0,0.0,262.0,3.93,28.0,99496.0
20130107:0100,7.89,55.8,0.0,0.0,0.0,260.6,3.86,32.0,99428.0
20130107:0200,7.12,59.15,0.0,0.0,0.0,259.6,3.86,36.0,99428.0
20130107:0300,6.37,62.6,0.0,0.0,0.0,258.2,3.86,40.0,99380.0
20130107:0400,5.65,66.25,0.0,0.0,0.0,257.0,3.79,45.0,99370.0
20130107:0500,4.94,70.05,0.0,0.0,0.0,255.8,3.72,47.0,99389.0
20130107:0600,4.27,73.9,0.0,0.0,0.0,254.2,3.66,48.0,99418.0
20130107:0700,3.82,76.15,23.0,322.26,10.0,254.0,3.45,47.0,99467.0
20130107:0800,4.36,73.65,222.0,663.14,65.0,254.2,2.97,49.0,99525.0
20130107:0900,7.53,59.2,419.0,807.62,92.0,257.6,2.62,48.0,99573.0
20130107:1000,10.97,46.8,577.0,879.41,108.0,263.6,2.41,42.0,99593.0
20130107:1100,13.69,38.8,673.0,898.49,122.0,271.0,2.34,34.0,99535.0
20130107:1200,15.7,33.8,710.0,926.07,118.0,277.8,2.48,29.0,99438.0
20130107:1300,17.0,30.8,664.0,879.3,128.0,282.6,2.69,26.0,99312.0
20130107:1400,17.8,28.75,554.0,809.55,128.0,285.0,3.03,23.0,99254.0
20130107:1500,18.23,27.6,396.0,734.44,106.0,285.8,3.38,20.0,99244.0
20130107:1600,18.21,27.45,199.0,579.17,69.0,284.8,3.66,17.0,99263.0
20130107:1700,17.4,29.05,0.0,0.0,0.0,282.4,3.45,6.0,99254.0
20130107:1800,15.66,32.6,0.0,0.0,0.0,279.6,3.79,359.0,99302.0
20130107:1900,14.54,34.6,0.0,0.0,0.0,276.6,4.07,5.0,99331.0
20130107:2000,13.42,36.85,0.0,0.0,0.0,274.0,4.14,8.0,99380.0
20130107:2100,12.34,39.15,0.0,0.0,0.0,271.2,4.07,13.0,99399.0
20130107:2200,11.33,41.45,0.0,0.0,0.0,269.4,4.0,17.0,99409.0
20130107:2300,10.36,43.85,0.0,0.0,0.0,267.0,4.0,22.0,99418.0
20130108:0000,9.46,46.3,0.0,0.0,0.0,265.6,4.07,27.0,99389.0
20130108:0100,8.65,48.75,0.0,0.0,0.0,264.0,4.07,31.0,99380.0
20130108:0200,7.89,51.25,0.0,0.0,0.0,262.6,4.07,35.0,99380.0
20130108:0300,7.18,53.8,0.0,0.0,0.0,261.0,4.07,38.0,99350.0
20130108:0400,6.49,56.45,0.0,0.0,0.0,260.0,4.0,41.0,99380.0
20130108:0500,5.79,59.35,0.0,0.0,0.0,258.6,3.93,42.0,99409.0
20130108:0600,5.12,62.3,0.0,0.0,0.0,257.6,3.86,43.0,99428.0
20130108:0700,4.52,65.3,23.0,299.16,11.0,256.8,3.72,44.0,99496.0
20130108:0800,5.04,63.3,222.0,662.84,65.0,257.0,3.38,47.0,99554.0
20130108:0900,7.98,52.2,415.0,777.02,100.0,260.2,3.17,48.0,99632.0
20130108:1000,11.36,42.0,572.0,847.93,119.0,265.8,2.9,47.0,99651.0
20130108:1100,14.29,35.0,671.0,881.86,129.0,273.2,2.83,43.0,99573.0
20130108:1200,16.57,30.6,716.0,943.8,111.0,280.2,2.97,40.0,99506.0
20130108:1300,18.05,28.0,663.0,863.17,135.0,285.4,3.52,40.0,99399.0
20130108:1400,18.9,26.05,554.0,794.54,134.0,288.0,3.93,36.0,99312.0
20130108:1500,19.31,24.95,399.0,737.23,106.0,289.0,4.28,33.0,99283.0
20130108:1600,19.27,24.8,201.0,568.02,72.0,288.2,4.48,30.0,99302.0
20130108:1700,18.45,26.2,0.0,0.0,0.0,285.6,3.86,19.0,99321.0
20130108:1800,16.58,29.9,0.0,0.0,0.0,282.4,4.07,7.0,99341.0
20130108:1900,15.43,32.75,0.0,0.0,0.0,279.2,4.62,9.0,99380.0
20130108:2000,14.34,35.4,0.0,0.0,0.0,277.0,4.83,13.0,99399.0
20130108:2100,13.37,38.0,0.0,0.0,0.0,274.2,4.9,19.0,99428.0
20130108:2200,12.48,40.6,0.0,0.0,0.0,272.0,4.97,25.0,99418.0
20130108:2300,11.69,43.0,0.0,0.0,0.0,270.0,4.97,32.0,99438.0
20130109:0000,10.92,45.05,0.0,0.0,0.0,268.0,4.97,39.0,99447.0
20130109:0100,10.13,46.6,0.0,0.0,0.0,265.8,4.76,46.0,99418.0
20130109:0200,9.31,48.0,0.0,0.0,0.0,263.8,4.55,53.0,99409.0
20130109:0300,8.46,49.55,0.0,0.0,0.0,261.6,4.34,58.0,99370.0
20130109:0400,7.61,51.75,0.0,0.0,0.0,258.8,4.14,59.0,99409.0
20130109:0500,6.75,54.8,0.0,0.0,0.0,257.2,4.07,57.0,99418.0
20130109:0600,5.97,58.0,0.0,0.0,0.0,254.4,4.14,56.0,99428.0
20130109:0700,5.42,62.45,11.0,0.0,11.0,253.6,4.28,58.0,99506.0
20130109:0800,5.99,60.7,220.0,649.63,66.0,252.2,4.14,59.0,99564.0
20130109:0900,8.67,51.15,418.0,790.65,97.0,253.8,4.0,60.0,99632.0
20130109:1000,11.66,42.15,570.0,831.36,125.0,258.4,4.0,58.0,99622.0
20130109:1100,14.23,35.25,669.0,865.17,136.0,264.2,3.72,52.0,99583.0
20130109:1200,16.32,29.8,710.0,909.96,125.0,270.2,3.72,44.0,99535.0
20130109:1300,17.86,25.35,662.0,847.05,142.0,275.2,3.79,37.0,99409.0
20130109:1400,18.89,22.1,553.0,779.55,139.0,278.0,4.0,35.0,99389.0
20130109:1500,19.5,20.2,402.0,739.87,106.0,278.6,4.55,36.0,99312.0
20130109:1600,19.65,19.45,204.0,574.4,72.0,278.2,5.17,36.0,99283.0
20130109:1700,18.72,20.6,0.0,0.0,0.0,276.0,4.48,25.0,99273.0
20130109:1800,16.69,24.0,0.0,0.0,0.0,273.4,4.62,13.0,99292.0
20130109:1900,15.36,28.45,0.0,0.0,0.0,271.0,5.24,14.0,99341.0
20130109:2000,14.24,31.4,0.0,0.0,0.0,269.0,5.38,19.0,99389.0
20130109:2100,13.25,34.2,0.0,0.0,0.0,267.0,5.17,24.0,99418.0
20130109:2200,12.31,36.8,0.0,0.0,0.0,265.6,4.9,29.0,99418.0
20130109:2300,11.42,38.95,0.0,0.0,0.0,264.2,4.83,36.0,99389.0
20130110:0000,10.6,40.3,0.0,0.0,0.0,262.6,4.76,46.0,99380.0
20130110:0100,9.84,41.1,0.0,0.0,0.0,261.2,4.69,59.0,99331.0
20130110:0200,9.22,41.7,0.0,0.0,0.0,263.6,4.55,70.0,99321.0
20130110:0300,8.65,43.5,0.0,0.0,0.0,268.4,4.21,75.0,99273.0
20130110:0400,7.81,46.95,0.0,0.0,0.0,262.4,3.93,74.0,99254.0
20130110:0500,6.77,51.95,0.0,0.0,0.0,257.4,3.59,65.0,99273.0
20130110:0600,5.59,57.95,0.0,0.0,0.0,254.0,3.31,48.0,99312.0
20130110:0700,4.93,63.6,10.0,0.0,10.0,255.6,3.52,42.0,99380.0
20130110:0800,5.19,63.5,213.0,577.2,76.0,249.4,3.24,38.0,99409.0
20130110:0900,8.01,53.0,377.0,550.79,153.0,251.8,3.24,37.0,99476.0
20130110:1000,11.06,43.45,510.0,561.16,209.0,256.8,3.1,37.0,99486.0
20130110:1100,13.82,36.0,686.0,934.24,109.0,263.2,2.83,32.0,99438.0
20130110:1200,16.16,30.15,712.0,910.31,125.0,269.8,2.97,27.0,99341.0
20130110:1300,17.94,25.55,664.0,847.15,142.0,274.8,3.38,23.0,99186.0
20130110:1400,19.07,22.35,556.0,779.58,140.0,277.8,3.86,23.0,99118.0
20130110:1500,19.61,20.6,400.0,712.56,113.0,278.4,4.14,24.0,99079.0
20130110:1600,19.63,20.1,224.0,756.8,48.0,278.2,4.14,26.0,99040.0
20130110:1700,18.7,21.4,0.0,0.0,0.0,278.2,3.24,18.0,99040.0
20130110:1800,16.74,24.8,0.0,0.0,0.0,274.0,3.31,8.0,99021.0
20130110:1900,15.49,28.1,0.0,0.0,0.0,282.8,3.24,4.0,99079.0
20130110:2000,14.11,31.25,0.0,0.0,0.0,277.8,3.38,5.0,99050.0
20130110:2100,12.85,34.35,0.0,0.0,0.0,274.6,3.52,9.0,99069.0
20130110:2200,11.71,37.2,0.0,0.0,0.0,272.2,3.66,14.0,99137.0
20130110:2300,10.59,40.1,0.0,0.0,0.0,266.4,3.79,19.0,99118.0
20130111:0000,9.73,42.3,0.0,0.0,0.0,270.0,3.93,24.0,99108.0
20130111:0100,9.14,44.0,0.0,0.0,0.0,279.6,3.86,25.0,99137.0
20130111:0200,8.37,46.5,0.0,0.0,0.0,273.4,3.79,25.0,99089.0
20130111:0300,7.38,50.0,0.0,0.0,0.0,260.0,3.72,26.0,99079.0
20130111:0400,6.4,53.8,0.0,0.0,0.0,255.6,3.59,29.0,99031.0
20130111:0500,5.49,57.45,0.0,0.0,0.0,253.6,3.45,32.0,99060.0
20130111:0600,4.62,61.0,0.0,0.0,0.0,251.8,3.45,32.0,99021.0
20130111:0700,3.98,63.25,11.0,0.0,11.0,250.4,3.52,40.0,99098.0
20130111:0800,4.54,60.4,222.0,660.39,65.0,250.0,3.24,38.0,99127.0
20130111:0900,7.8,47.7,420.0,792.68,97.0,252.8,2.97,33.0,99205.0
20130111:1000,11.54,36.7,572.0,831.46,125.0,258.0,2.97,27.0,99186.0
20130111:1100,14.54,29.9,677.0,883.31,130.0,264.6,2.9,19.0,99127.0
20130111:1200,16.84,25.55,711.0,893.54,133.0,271.4,3.17,14.0,99069.0
20130111:1300,18.41,22.7,671.0,864.93,136.0,276.2,3.24,10.0,98963.0
20130111:1400,19.38,20.65,559.0,781.37,140.0,279.2,3.24,8.0,98924.0
20130111:1500,19.78,19.45,406.0,727.43,111.0,280.4,3.1,5.0,98904.0
20130111:1600,19.67,19.2,208.0,565.09,75.0,279.4,2.97,2.0,98895.0
20130111:1700,18.73,20.55,0.0,0.0,0.0,276.4,2.62,353.0,98924.0
20130111:1800,16.8,23.5,0.0,0.0,0.0,272.6,3.17,351.0,98914.0
20130111:1900,15.47,25.9,0.0,0.0,0.0,271.6,3.38,354.0,98924.0
20130111:2000,13.99,28.65,0.0,0.0,0.0,268.0,3.45,3.0,98943.0
20130111:2100,12.65,31.55,0.0,0.0,0.0,265.2,3.52,12.0,98982.0
20130111:2200,11.42,34.55,0.0,0.0,0.0,262.8,3.45,20.0,99001.0
20130111:2300,10.21,37.8,0.0,0.0,0.0,260.8,3.45,26.0,99001.0
20130112:0000,9.07,41.25,0.0,0.0,0.0,258.6,3.38,30.0,99001.0
20130112:0100,8.0,44.7,0.0,0.0,0.0,257.0,3.45,32.0,98992.0
20130112:0200,7.05,48.05,0.0,0.0,0.0,255.2,3.52,34.0,98992.0
20130112:0300,6.19,51.3,0.0,0.0,0.0,253.6,3.59,35.0,98963.0
20130112:0400,5.45,54.45,0.0,0.0,0.0,251.6,3.66,37.0,98972.0
20130112:0500,4.75,57.7,0.0,0.0,0.0,250.2,3.66,39.0,98992.0
20130112:0600,4.13,61.1,0.0,0.0,0.0,248.4,3.72,40.0,98992.0
20130112:0700,3.46,63.6,21.0,249.5,11.0,248.0,3.72,44.0,99079.0
20130112:0800,4.05,61.85,221.0,650.66,66.0,248.0,3.31,44.0,99108.0
20130112:0900,7.55,49.3,418.0,778.71,100.0,251.4,3.03,41.0,99205.0
20130112:1000,11.68,37.9,577.0,847.98,120.0,257.8,3.03,35.0,99176.0
20130112:1100,14.91,31.05,679.0,884.06,130.0,265.6,3.17,29.0,99195.0
20130112:1200,17.26,26.55,713.0,893.7,133.0,272.4,3.31,27.0,99079.0
20130112:1300,18.83,23.3,674.0,866.35,136.0,277.8,3.52,25.0,99011.0
20130112:1400,19.76,20.85,566.0,797.89,136.0,280.8,3.86,23.0,98963.0
20130112:1500,20.15,19.5,409.0,729.75,111.0,281.8,4.07,21.0,98953.0
20130112:1600,20.0,19.35,210.0,558.32,77.0,280.8,4.21,20.0,98963.0
20130112:1700,18.92,21.05,0.0,0.0,0.0,278.2,3.66,10.0,98972.0
20130112:1800,16.82,24.7,0.0,0.0,0.0,274.4,3.86,5.0,98992.0
20130112:1900,15.84,27.75,0.0,0.0,0.0,274.2,3.93,8.0,98972.0
20130112:2000,14.54,30.2,0.0,0.0,0.0,271.4,4.0,16.0,98992.0
20130112:2100,13.39,32.3,0.0,0.0,0.0,269.2,4.07,25.0,99021.0
20130112:2200,12.3,34.3,0.0,0.0,0.0,267.0,4.07,32.0,99031.0
20130112:2300,11.25,36.45,0.0,0.0,0.0,263.8,4.0,38.0,99040.0
20130113:0000,10.22,39.0,0.0,0.0,0.0,262.2,4.0,42.0,99040.0
20130113:0100,9.26,41.9,0.0,0.0,0.0,259.8,4.0,45.0,99021.0
20130113:0200,8.34,45.15,0.0,0.0,0.0,257.6,4.07,43.0,99021.0
20130113:0300,7.43,48.8,0.0,0.0,0.0,255.4,3.93,41.0,98992.0
20130113:0400,6.5,52.75,0.0,0.0,0.0,253.6,3.86,42.0,98992.0
20130113:0500,5.63,56.55,0.0,0.0,0.0,251.4,3.79,44.0,98992.0
20130113:0600,4.82,60.05,0.0,0.0,0.0,249.6,3.72,48.0,98982.0
20130113:0700,4.28,62.1,21.0,248.19,11.0,247.6,3.79,59.0,99060.0
20130113:0800,4.76,59.05,222.0,649.09,67.0,247.6,3.38,66.0,99060.0
20130113:0900,7.98,46.15,419.0,776.84,101.0,250.4,2.9,76.0,99137.0
20130113:1000,11.89,34.4,579.0,849.47,120.0,256.8,2.48,88.0,99108.0
20130113:1100,15.03,27.25,677.0,867.02,137.0,264.4,2.07,108.0,99031.0
20130113:1200,17.21,23.05,720.0,912.16,126.0,272.0,1.59,137.0,98924.0
20130113:1300,18.52,20.6,681.0,883.69,130.0,277.8,1.31,175.0,98788.0
20130113:1400,19.24,19.25,569.0,799.37,136.0,280.2,1.45,216.0,98740.0
20130113:1500,19.57,18.55,412.0,729.5,112.0,281.0,1.72,237.0,98711.0
20130113:1600,19.47,18.55,216.0,584.79,75.0,279.8,2.0,242.0,98691.0
20130113:1700,18.71,19.6,18.0,139.94,12.0,277.2,2.28,249.0,98643.0
20130113:1800,17.07,22.05,0.0,0.0,0.0,273.8,2.76,259.0,98623.0
20130113:1900,15.86,24.55,0.0,0.0,0.0,271.6,2.62,262.0,98623.0
20130113:2000,14.42,27.3,0.0,0.0,0.0,268.2,2.41,268.0,98614.0
20130113:2100,12.65,31.55,0.0,0.0,0.0,265.4,2.0,269.0,98594.0
20130113:2200,11.92,33.25,0.0,0.0,0.0,262.6,1.59,267.0,98604.0
20130113:2300,11.43,34.3,0.0,0.0,0.0,260.4,1.52,275.0,98555.0
20130114:0000,11.46,34.2,0.0,0.0,0.0,259.0,1.31,288.0,98546.0
20130114:0100,11.09,35.15,0.0,0.0,0.0,257.0,1.03,316.0,98478.0
20130114:0200,10.42,36.95,0.0,0.0,0.0,255.8,1.1,357.0,98449.0
20130114:0300,9.1,40.6,0.0,0.0,0.0,254.8,1.52,21.0,98439.0
20130114:0400,7.75,44.65,0.0,0.0,0.0,254.2,1.66,34.0,98439.0
20130114:0500,7.09,46.75,0.0,0.0,0.0,253.6,1.66,30.0,98449.0
20130114:0600,4.37,56.75,0.0,0.0,0.0,253.2,2.34,12.0,98497.0
20130114:0700,4.45,54.55,22.0,246.34,12.0,253.4,2.14,5.0,98575.0
20130114:0800,3.83,57.15,225.0,676.51,63.0,254.0,3.59,4.0,98691.0
20130114:0900,7.11,45.2,430.0,840.58,85.0,255.8,3.45,15.0,98798.0
20130114:1000,10.58,35.5,590.0,898.79,103.0,259.2,4.14,20.0,98856.0
20130114:1100,13.27,30.3,694.0,936.38,109.0,265.4,5.52,18.0,98827.0
20130114:1200,15.4,27.65,742.0,1002.31,87.0,271.0,6.83,23.0,98740.0
20130114:1300,16.9,23.35,699.0,953.5,102.0,276.0,7.66,27.0,98672.0
20130114:1400,17.53,21.8,582.0,848.5,120.0,277.8,8.48,23.0,98643.0
20130114:1500,17.42,23.05,423.0,775.03,102.0,277.0,8.48,19.0,98662.0
20130114:1600,16.87,25.1,223.0,622.81,71.0,275.4,7.86,18.0,98691.0
20130114:1700,15.9,27.4,21.0,175.0,13.0,272.2,6.14,17.0,98740.0
20130114:1800,14.29,30.5,0.0,0.0,0.0,267.2,5.31,14.0,98808.0
20130114:1900,13.4,31.6,0.0,0.0,0.0,264.4,4.76,19.0,98895.0
20130114:2000,12.27,33.15,0.0,0.0,0.0,261.4,4.34,19.0,98934.0
20130114:2100,11.18,34.6,0.0,0.0,0.0,259.0,4.07,19.0,98982.0
20130114:2200,10.1,36.35,0.0,0.0,0.0,257.2,3.79,20.0,98972.0
20130114:2300,9.0,38.65,0.0,0.0,0.0,255.6,3.66,19.0,98992.0
20130115:0000,7.98,41.05,0.0,0.0,0.0,253.6,3.72,20.0,99050.0
20130115:0100,7.08,43.4,0.0,0.0,0.0,252.0,4.0,24.0,99050.0
20130115:0200,6.41,45.4,0.0,0.0,0.0,249.8,4.34,28.0,99079.0
20130115:0300,5.9,47.25,0.0,0.0,0.0,247.8,4.69,34.0,99079.0
20130115:0400,5.49,49.45,0.0,0.0,0.0,245.2,4.97,39.0,99108.0
20130115:0500,5.02,52.55,0.0,0.0,0.0,243.0,5.03,42.0,99147.0
20130115:0600,4.46,56.4,0.0,0.0,0.0,240.0,5.03,44.0,99215.0
20130115:0700,4.06,59.85,22.0,268.39,11.0,238.6,4.97,40.0,99312.0
20130115:0800,4.58,58.75,225.0,661.88,66.0,237.4,4.55,42.0,99370.0
20130115:0900,7.09,50.1,433.0,855.2,81.0,239.6,4.62,40.0,99438.0
20130115:1000,9.78,42.25,592.0,899.82,103.0,244.4,5.38,37.0,99447.0
20130115:1100,11.91,36.1,681.0,867.97,137.0,251.0,5.72,33.0,99438.0
20130115:1200,13.55,30.45,721.0,896.53,133.0,256.2,6.0,27.0,99370.0
20130115:1300,14.71,26.3,671.0,819.03,156.0,260.4,6.14,19.0,99273.0
20130115:1400,15.4,23.45,562.0,739.9,157.0,262.8,6.07,14.0,99234.0
20130115:1500,15.65,21.95,414.0,704.75,120.0,263.6,5.93,9.0,99224.0
20130115:1600,15.39,21.9,219.0,566.71,79.0,263.0,5.59,7.0,99215.0
20130115:1700,14.56,23.85,23.0,185.23,14.0,261.2,4.41,5.0,99244.0
20130115:1800,12.91,27.5,0.0,0.0,0.0,258.2,3.66,6.0,99302.0
20130115:1900,11.8,30.25,0.0,0.0,0.0,256.2,3.38,6.0,99370.0
20130115:2000,10.56,33.65,0.0,0.0,0.0,254.4,3.17,12.0,99389.0
20130115:2100,9.31,37.3,0.0,0.0,0.0,253.0,2.83,23.0,99428.0
20130115:2200,7.97,41.4,0.0,0.0,0.0,251.6,2.62,38.0,99486.0
20130115:2300,6.73,45.55,0.0,0.0,0.0,250.6,2.62,53.0,99496.0
20130116:0000,5.61,49.6,0.0,0.0,0.0,249.8,2.69,65.0,99476.0
20130116:0100,4.53,53.7,0.0,0.0,0.0,248.8,2.69,76.0,99457.0
20130116:0200,3.48,57.95,0.0,0.0,0.0,248.0,2.62,86.0,99457.0
20130116:0300,2.51,62.2,0.0,0.0,0.0,246.8,2.55,94.0,99428.0
20130116:0400,1.64,66.15,0.0,0.0,0.0,246.2,2.48,102.0,99389.0
20130116:0500,0.8,70.3,0.0,0.0,0.0,245.4,2.28,110.0,99389.0
20130116:0600,0.86,70.05,0.0,0.0,0.0,244.2,1.79,108.0,99428.0
20130116:0700,0.45,72.7,22.0,265.28,11.0,242.8,2.0,91.0,99486.0
20130116:0800,1.37,68.3,228.0,688.57,62.0,243.8,1.52,91.0,99506.0
20130116:0900,5.12,52.55,430.0,825.93,89.0,246.6,0.41,69.0,99603.0
20130116:1000,8.64,40.9,591.0,884.19,109.0,252.0,0.21,320.0,99554.0
20130116:1100,11.48,33.05,692.0,903.24,124.0,258.8,0.83,282.0,99535.0
20130116:1200,13.75,27.15,720.0,879.51,141.0,264.4,1.45,286.0,99418.0
20130116:1300,15.39,23.4,679.0,836.06,151.0,269.0,1.93,281.0,99312.0
20130116:1400,16.5,21.15,575.0,786.82,142.0,271.2,2.28,277.0,99224.0
20130116:1500,17.13,19.8,425.0,749.63,110.0,272.2,2.48,276.0,99195.0
20130116:1600,17.25,19.3,224.0,579.85,79.0,271.6,2.41,268.0,99176.0
20130116:1700,16.72,19.9,26.0,213.63,15.0,269.6,2.21,260.0,99186.0
20130116:1800,15.49,21.6,0.0,0.0,0.0,266.2,2.41,245.0,99176.0
20130116:1900,14.47,23.8,0.0,0.0,0.0,265.6,2.9,226.0,99176.0
20130116:2000,13.1,26.0,0.0,0.0,0.0,263.2,3.24,220.0,99176.0
20130116:2100,11.86,28.05,0.0,0.0,0.0,261.0,3.38,219.0,99127.0
20130116:2200,10.71,30.15,0.0,0.0,0.0,258.8,3.38,221.0,99089.0
20130116:2300,9.59,32.3,0.0,0.0,0.0,256.8,3.45,223.0,99050.0
20130117:0000,8.52,34.45,0.0,0.0,0.0,254.4,3.52,231.0,99031.0
20130117:0100,7.54,36.55,0.0,0.0,0.0,252.8,3.59,237.0,99031.0
20130117:0200,6.64,38.6,0.0,0.0,0.0,251.2,3.52,232.0,99001.0
20130117:0300,5.7,41.0,0.0,0.0,0.0,250.0,3.31,225.0,98953.0
20130117:0400,4.77,43.6,0.0,0.0,0.0,248.6,3.17,233.0,98914.0
20130117:0500,3.92,46.1,0.0,0.0,0.0,248.0,3.1,237.0,98934.0
20130117:0600,3.11,48.65,0.0,0.0,0.0,248.0,2.97,237.0,98953.0
20130117:0700,2.36,50.1,23.0,261.68,12.0,248.6,2.76,225.0,99031.0
20130117:0800,2.76,48.65,226.0,665.22,65.0,250.0,2.48,230.0,99079.0
20130117:0900,6.32,37.5,427.0,794.25,98.0,254.2,2.28,244.0,99127.0
20130117:1000,9.76,29.05,589.0,866.69,115.0,259.4,2.9,259.0,99176.0
20130117:1100,12.52,23.5,686.0,870.01,137.0,264.8,3.66,264.0,99118.0
20130117:1200,14.94,19.35,719.0,864.03,148.0,269.4,4.14,268.0,99011.0
20130117:1300,16.79,16.7,670.0,789.79,169.0,274.0,4.28,277.0,98885.0
20130117:1400,17.9,15.4,627.0,1037.37,53.0,277.4,4.07,288.0,98808.0
20130117:1500,18.42,14.9,402.0,602.42,147.0,278.8,3.45,296.0,98759.0
20130117:1600,18.43,14.9,229.0,596.53,78.0,278.8,2.76,304.0,98788.0
20130117:1700,17.86,15.55,31.0,293.99,15.0,277.0,1.79,313.0,98778.0
20130117:1800,16.84,16.85,0.0,0.0,0.0,273.8,1.31,326.0,98798.0
20130117:1900,14.89,20.95,0.0,0.0,0.0,272.4,1.31,353.0,98837.0
20130117:2000,13.52,22.3,0.0,0.0,0.0,271.8,1.52,21.0,98856.0
20130117:2100,11.97,24.7,0.0,0.0,0.0,272.0,1.86,39.0,98856.0
20130117:2200,10.4,27.55,0.0,0.0,0.0,272.2,2.21,50.0,98904.0
20130117:2300,9.24,29.75,0.0,0.0,0.0,272.0,2.55,54.0,98885.0
20130118:0000,8.22,32.05,0.0,0.0,0.0,271.2,2.69,51.0,98914.0
20130118:0100,7.28,34.5,0.0,0.0,0.0,270.4,2.76,51.0,98904.0
20130118:0200,6.38,37.1,0.0,0.0,0.0,269.6,2.69,56.0,98904.0
20130118:0300,5.6,39.55,0.0,0.0,0.0,269.8,2.62,63.0,98885.0
20130118:0400,4.87,41.95,0.0,0.0,0.0,269.2,2.55,72.0,98837.0
20130118:0500,4.19,44.4,0.0,0.0,0.0,268.6,2.48,82.0,98837.0
20130118:0600,3.49,47.15,0.0,0.0,0.0,268.2,2.41,89.0,98856.0
20130118:0700,2.71,48.95,23.0,281.05,11.0,267.0,2.28,118.0,98914.0
20130118:0800,3.61,46.6,229.0,678.83,64.0,267.8,1.72,105.0,98953.0
20130118:0900,7.26,37.85,429.0,796.28,98.0,271.0,0.97,75.0,98982.0
20130118:1000,11.86,27.15,598.0,902.0,103.0,275.6,0.83,39.0,98982.0
20130118:1100,14.61,23.65,708.0,956.9,102.0,282.2,0.83,352.0,98982.0
20130118:1200,16.67,22.45,735.0,916.4,127.0,288.0,1.31,330.0,98856.0
20130118:1300,18.26,22.7,712.0,957.27,102.0,293.6,1.59,322.0,98740.0
20130118:1400,19.31,23.05,603.0,886.08,110.0,297.6,1.79,313.0,98681.0
20130118:1500,19.86,23.35,447.0,844.21,87.0,299.6,1.86,299.0,98652.0
20130118:1600,19.94,23.85,237.0,643.95,72.0,299.8,1.86,289.0,98594.0
20130118:1700,19.52,24.5,32.0,261.4,17.0,297.6,1.79,280.0,98614.0
20130118:1800,18.48,26.15,0.0,0.0,0.0,294.4,2.0,273.0,98614.0
20130118:1900,17.63,27.15,0.0,0.0,0.0,294.6,2.0,279.0,98672.0
20130118:2000,16.04,30.8,0.0,0.0,0.0,293.2,1.72,295.0,98681.0
20130118:2100,15.29,32.3,0.0,0.0,0.0,291.8,1.45,300.0,98711.0
20130118:2200,16.09,29.95,0.0,0.0,0.0,291.0,0.83,291.0,98652.0
20130118:2300,15.62,30.8,0.0,0.0,0.0,290.0,0.41,242.0,98604.0
20130119:0000,15.13,31.8,0.0,0.0,0.0,288.6,0.76,191.0,98546.0
20130119:0100,13.43,35.65,0.0,0.0,0.0,287.2,1.52,189.0,98478.0
20130119:0200,10.42,43.8,0.0,0.0,0.0,285.6,2.21,199.0,98458.0
20130119:0300,8.73,49.25,0.0,0.0,0.0,283.8,2.83,216.0,98439.0
20130119:0400,7.89,52.3,0.0,0.0,0.0,282.0,3.1,228.0,98449.0
20130119:0500,7.06,55.55,0.0,0.0,0.0,280.4,3.03,223.0,98410.0
20130119:0600,6.41,57.95,0.0,0.0,0.0,277.8,3.03,212.0,98420.0
20130119:0700,5.94,58.65,24.0,299.21,11.0,276.0,3.1,212.0,98429.0
20130119:0800,6.39,56.35,230.0,679.78,64.0,275.2,2.69,202.0,98410.0
20130119:0900,10.11,42.9,430.0,795.73,98.0,278.8,2.9,198.0,98400.0
20130119:1000,13.99,32.2,603.0,918.76,97.0,283.8,3.66,202.0,98381.0
20130119:1100,17.06,25.75,700.0,904.59,125.0,290.2,4.55,209.0,98323.0
20130119:1200,19.36,22.55,742.0,933.72,120.0,295.8,5.93,214.0,98187.0
20130119:1300,20.85,22.85,731.0,1030.96,71.0,299.4,7.66,211.0,98012.0
20130119:1400,21.73,21.3,623.0,972.3,79.0,300.8,8.62,209.0,97857.0
20130119:1500,22.11,19.05,460.0,910.12,69.0,301.2,8.83,214.0,97838.0
20130119:1600,21.96,17.35,247.0,713.27,62.0,299.8,8.76,215.0,97770.0
20130119:1700,21.06,17.05,38.0,381.0,15.0,297.6,7.66,209.0,97722.0
20130119:1800,19.48,18.0,0.0,0.0,0.0,294.0,7.59,203.0,97663.0
20130119:1900,18.5,18.55,0.0,0.0,0.0,290.4,8.07,200.0,97702.0
20130119:2000,17.62,18.4,0.0,0.0,0.0,287.6,8.55,198.0,97644.0
20130119:2100,16.91,17.8,0.0,0.0,0.0,284.8,9.24,194.0,97576.0
20130119:2200,16.3,16.9,0.0,0.0,0.0,283.8,9.59,196.0,97489.0
20130119:2300,15.82,15.7,0.0,0.0,0.0,278.6,9.45,203.0,97440.0
20130120:0000,15.44,14.65,0.0,0.0,0.0,274.0,9.03,213.0,97440.0
20130120:0100,15.15,14.25,0.0,0.0,0.0,276.0,8.48,222.0,97431.0
20130120:0200,14.86,15.2,0.0,0.0,0.0,282.4,7.45,231.0,97392.0
20130120:0300,14.51,22.7,0.0,0.0,0.0,289.0,6.62,245.0,97450.0
20130120:0400,14.11,39.15,0.0,0.0,0.0,295.2,6.41,252.0,97440.0
20130120:0500,13.53,55.9,0.0,0.0,0.0,297.0,6.14,264.0,97489.0
20130120:0600,12.7,67.4,0.0,0.0,0.0,295.4,5.31,281.0,97566.0
20130120:0700,12.14,74.25,24.0,248.37,13.0,293.0,4.76,287.0,97712.0
20130120:0800,12.12,72.75,227.0,643.79,69.0,286.6,3.66,311.0,97789.0
20130120:0900,14.3,56.95,435.0,811.72,95.0,283.2,3.31,337.0,97916.0
20130120:1000,16.82,40.6,596.0,870.13,115.0,285.2,4.07,358.0,98003.0
20130120:1100,18.68,26.9,710.0,940.33,110.0,289.2,6.34,8.0,98042.0
20130120:1200,19.72,20.25,753.0,970.23,104.0,290.0,8.0,13.0,97974.0
20130120:1300,20.42,16.8,727.0,995.04,87.0,289.0,8.41,19.0,97925.0
20130120:1400,20.77,15.25,610.0,888.62,110.0,287.2,8.69,24.0,97867.0
20130120:1500,20.74,15.05,447.0,801.69,100.0,285.8,8.55,31.0,97886.0
20130120:1600,20.32,15.55,0.0,0.0,0.0,284.2,7.72,41.0,97906.0
20130120:1700,19.43,16.7,0.0,0.0,0.0,282.8,5.66,40.0,98003.0
20130120:1800,17.75,18.95,0.0,0.0,0.0,281.2,4.0,31.0,98109.0
20130120:1900,16.73,20.25,0.0,0.0,0.0,281.6,2.97,30.0,98226.0
20130120:2000,15.27,22.6,0.0,0.0,0.0,280.2,2.97,41.0,98284.0
20130120:2100,13.88,25.05,0.0,0.0,0.0,278.8,2.97,62.0,98362.0
20130120:2200,12.51,27.55,0.0,0.0,0.0,277.0,2.97,85.0,98439.0
20130120:2300,11.26,29.95,0.0,0.0,0.0,275.8,2.9,106.0,98410.0
20130121:0000,10.18,31.95,0.0,0.0,0.0,274.8,3.03,122.0,98439.0
20130121:0100,9.27,33.6,0.0,0.0,0.0,273.4,3.17,131.0,98410.0
20130121:0200,8.5,34.95,0.0,0.0,0.0,272.0,3.24,134.0,98420.0
20130121:0300,7.76,36.25,0.0,0.0,0.0,271.2,3.17,134.0,98381.0
20130121:0400,7.07,37.55,0.0,0.0,0.0,269.8,3.17,132.0,98400.0
20130121:0500,6.4,38.85,0.0,0.0,0.0,269.2,3.17,127.0,98381.0
20130121:0600,5.79,40.15,0.0,0.0,0.0,268.0,3.17,119.0,98400.0
20130121:0700,5.67,40.4,25.0,265.36,13.0,266.6,3.59,120.0,98468.0
20130121:0800,6.6,37.75,0.0,0.0,0.0,266.8,3.31,122.0,98507.0
20130121:0900,10.45,29.0,0.0,0.0,0.0,270.2,2.83,131.0,98594.0
20130121:1000,15.23,21.0,589.0,821.73,133.0,276.0,2.76,148.0,98633.0
20130121:1100,18.22,17.65,709.0,924.15,117.0,283.4,3.1,164.0,98643.0
20130121:1200,19.96,16.95,752.0,954.24,111.0,290.0,3.38,174.0,98536.0
20130121:1300,20.93,16.8,720.0,942.34,111.0,293.8,3.17,177.0,98449.0
20130121:1400,21.44,16.7,611.0,872.96,117.0,296.8,2.48,179.0,98352.0
20130121:1500,21.67,16.6,453.0,818.62,96.0,297.6,1.93,179.0,98332.0
20130121:1600,21.61,16.7,246.0,643.5,75.0,296.8,1.59,174.0,98332.0
20130121:1700,21.27,17.1,40.0,286.12,21.0,294.2,1.45,176.0,98342.0
20130121:1800,20.3,18.35,0.0,0.0,0.0,290.2,1.52,183.0,98371.0
20130121:1900,18.85,20.85,0.0,0.0,0.0,290.0,1.66,164.0,98429.0
20130121:2000,16.9,23.7,0.0,0.0,0.0,287.8,2.07,154.0,98458.0
20130121:2100,15.34,25.75,0.0,0.0,0.0,284.8,2.69,148.0,98507.0
20130121:2200,14.01,27.8,0.0,0.0,0.0,282.4,3.17,146.0,98507.0
20130121:2300,12.82,29.7,0.0,0.0,0.0,279.8,3.38,145.0,98478.0
20130122:0000,11.76,31.6,0.0,0.0,0.0,277.4,3.38,145.0,98458.0
20130122:0100,10.73,33.7,0.0,0.0,0.0,275.2,3.17,141.0,98439.0
20130122:0200,9.65,36.25,0.0,0.0,0.0,273.0,2.97,132.0,98429.0
20130122:0300,8.52,39.35,0.0,0.0,0.0,271.6,2.69,119.0,98381.0
20130122:0400,7.55,42.2,0.0,0.0,0.0,270.2,2.69,108.0,98400.0
20130122:0500,6.58,45.3,0.0,0.0,0.0,269.0,2.55,103.0,98410.0
20130122:0600,5.81,48.05,0.0,0.0,0.0,268.6,2.34,105.0,98468.0
20130122:0700,5.89,48.3,19.0,86.5,15.0,275.6,3.38,112.0,98497.0
20130122:0800,6.85,45.5,213.0,495.67,90.0,284.0,3.03,116.0,98497.0
20130122:0900,10.15,36.75,424.0,724.42,118.0,289.4,2.55,120.0,98575.0
20130122:1000,14.56,27.6,541.0,604.87,204.0,296.8,2.69,124.0,98575.0
20130122:1100,17.94,22.55,653.0,685.66,212.0,305.2,3.03,128.0,98565.0
20130122:1200,20.23,20.0,776.0,1046.48,70.0,307.2,3.1,132.0,98449.0
20130122:1300,21.67,18.7,735.0,997.85,87.0,319.8,3.17,140.0,98323.0
20130122:1400,22.6,17.75,563.0,646.57,195.0,314.6,3.1,148.0,98245.0
20130122:1500,23.09,17.05,206.0,25.03,195.0,303.4,2.34,153.0,98187.0
20130122:1600,23.03,17.0,145.0,74.36,125.0,310.4,1.24,179.0,98206.0
20130122:1700,22.58,17.5,23.0,28.8,21.0,321.2,0.48,264.0,98158.0
20130122:1800,21.66,18.8,0.0,0.0,0.0,333.2,1.93,322.0,98177.0
20130122:1900,20.66,20.05,0.0,0.0,0.0,337.8,2.48,344.0,98187.0
20130122:2000,19.09,22.35,0.0,0.0,0.0,330.6,3.1,351.0,98255.0
20130122:2100,18.08,23.65,0.0,0.0,0.0,332.0,3.59,356.0,98323.0
20130122:2200,17.32,24.35,0.0,0.0,0.0,330.6,4.0,8.0,98323.0
20130122:2300,16.76,24.5,0.0,0.0,0.0,332.6,4.34,20.0,98323.0
20130123:0000,16.23,24.7,0.0,0.0,0.0,331.2,4.55,26.0,98303.0
20130123:0100,15.61,25.45,0.0,0.0,0.0,326.25,4.76,26.0,98274.0
20130123:0200,14.86,26.65,0.0,0.0,0.0,315.8,4.9,24.0,98274.0
20130123:0300,14.11,27.95,0.0,0.0,0.0,310.8,5.03,23.0,98245.0
20130123:0400,13.69,28.7,0.0,0.0,0.0,320.0,4.9,26.0,98235.0
20130123:0500,13.23,29.6,0.0,0.0,0.0,318.2,4.76,28.0,98265.0
20130123:0600,12.74,30.65,0.0,0.0,0.0,314.8,4.83,30.0,98303.0
20130123:0700,11.27,33.95,28.0,358.99,11.0,278.4,4.76,27.0,98371.0
20130123:0800,11.56,33.5,237.0,696.99,63.0,276.2,4.62,26.0,98468.0
20130123:0900,13.78,29.05,443.0,829.58,91.0,277.6,5.1,22.0,98585.0
20130123:1000,16.49,24.5,620.0,956.31,85.0,281.8,6.21,18.0,98614.0
20130123:1100,19.04,20.75,700.0,857.8,146.0,286.8,7.17,14.0,98691.0
20130123:1200,20.89,18.2,739.0,867.76,151.0,291.4,8.21,12.0,98623.0
20130123:1300,21.72,17.3,735.0,980.72,95.0,294.8,9.52,17.0,98565.0
20130123:1400,22.0,16.7,632.0,943.28,92.0,295.6,9.38,18.0,98497.0
20130123:1500,22.03,16.05,482.0,964.46,55.0,295.0,8.76,18.0,98526.0
20130123:1600,21.66,16.25,259.0,697.99,69.0,292.4,8.21,18.0,98555.0
20130123:1700,20.75,17.45,47.0,372.29,20.0,288.6,6.69,17.0,98604.0
20130123:1800,19.04,19.9,0.0,0.0,0.0,284.6,5.86,16.0,98672.0
20130123:1900,17.82,21.9,0.0,0.0,0.0,281.6,5.03,18.0,98740.0
20130123:2000,16.67,24.1,0.0,0.0,0.0,280.2,5.24,19.0,98846.0
20130123:2100,15.71,26.2,0.0,0.0,0.0,278.6,5.72,22.0,98904.0
20130123:2200,14.91,28.15,0.0,0.0,0.0,276.6,5.86,27.0,98963.0
20130123:2300,14.09,30.2,0.0,0.0,0.0,274.4,5.52,32.0,98992.0
20130124:0000,13.14,32.45,0.0,0.0,0.0,271.4,5.03,36.0,99050.0
20130124:0100,12.09,34.95,0.0,0.0,0.0,268.2,4.76,38.0,99011.0
20130124:0200,11.03,37.65,0.0,0.0,0.0,265.4,4.55,38.0,99040.0
20130124:0300,9.94,40.6,0.0,0.0,0.0,262.6,4.41,38.0,98992.0
20130124:0400,8.94,43.3,0.0,0.0,0.0,259.4,4.34,39.0,99050.0
20130124:0500,8.0,45.9,0.0,0.0,0.0,256.4,4.34,39.0,99050.0
20130124:0600,7.1,48.4,0.0,0.0,0.0,253.4,4.41,37.0,99089.0
20130124:0700,6.61,48.8,25.0,226.54,14.0,251.4,4.14,40.0,99127.0
20130124:0800,7.11,46.65,228.0,597.05,78.0,250.2,3.86,42.0,99176.0
20130124:0900,9.99,37.6,428.0,727.18,118.0,252.4,3.66,45.0,99292.0
20130124:1000,13.28,28.7,596.0,824.09,133.0,258.0,3.45,51.0,99331.0
20130124:1100,15.9,22.2,723.0,943.6,111.0,264.8,3.17,58.0,99283.0
20130124:1200,17.53,19.5,759.0,938.82,120.0,270.8,3.03,57.0,99205.0
20130124:1300,18.51,18.0,739.0,981.97,95.0,275.2,2.62,40.0,99079.0
20130124:1400,19.25,16.95,633.0,927.35,99.0,277.4,2.76,16.0,98992.0
20130124:1500,19.63,16.35,470.0,856.3,88.0,278.0,3.1,2.0,98914.0
20130124:1600,19.55,16.3,259.0,664.28,76.0,277.2,3.17,355.0,98895.0
20130124:1700,18.99,17.0,48.0,330.66,23.0,275.0,2.76,349.0,98914.0
20130124:1800,17.57,18.95,0.0,0.0,0.0,271.8,2.48,342.0,98924.0
20130124:1900,16.3,21.8,0.0,0.0,0.0,270.6,1.52,350.0,98943.0
20130124:2000,15.2,24.15,0.0,0.0,0.0,268.2,0.97,343.0,98963.0
20130124:2100,14.61,24.7,0.0,0.0,0.0,265.8,1.03,316.0,98953.0
20130124:2200,14.17,25.3,0.0,0.0,0.0,264.2,1.03,277.0,98982.0
20130124:2300,11.69,30.3,0.0,0.0,0.0,262.6,1.66,239.0,98904.0
20130125:0000,9.1,36.15,0.0,0.0,0.0,262.2,2.48,229.0,98914.0
20130125:0100,8.09,38.3,0.0,0.0,0.0,261.0,2.97,229.0,98866.0
20130125:0200,7.36,40.0,0.0,0.0,0.0,260.0,3.24,233.0,98837.0
20130125:0300,6.54,42.1,0.0,0.0,0.0,259.2,3.24,241.0,98798.0
20130125:0400,5.79,44.15,0.0,0.0,0.0,257.8,3.17,251.0,98808.0
20130125:0500,5.12,46.0,0.0,0.0,0.0,257.2,3.24,258.0,98808.0
20130125:0600,4.45,48.0,0.0,0.0,0.0,256.8,3.17,262.0,98817.0
20130125:0700,3.85,50.35,30.0,320.97,14.0,256.4,2.97,253.0,98856.0
20130125:0800,4.37,48.5,235.0,648.44,71.0,258.2,2.62,253.0,98904.0
20130125:0900,8.16,37.05,440.0,786.68,103.0,262.4,2.34,259.0,99001.0
20130125:1000,11.95,28.45,613.0,889.61,111.0,268.6,2.9,262.0,99011.0
20130125:1100,14.9,23.65,722.0,927.25,118.0,275.6,3.59,264.0,98943.0
20130125:1200,17.48,20.65,759.0,921.41,129.0,281.8,4.21,272.0,98827.0
20130125:1300,19.53,18.6,743.0,983.12,95.0,287.6,4.69,281.0,98711.0
20130125:1400,20.96,17.15,633.0,911.55,105.0,291.6,4.83,290.0,98585.0
20130125:1500,21.81,16.2,479.0,889.87,79.0,294.4,4.69,298.0,98555.0
20130125:1600,22.04,15.9,267.0,706.64,70.0,296.4,4.28,307.0,98555.0
20130125:1700,21.48,16.55,52.0,368.46,23.0,296.8,2.83,310.0,98585.0
20130125:1800,20.3,18.0,0.0,0.0,0.0,296.0,1.86,290.0,98614.0
20130125:1900,18.7,21.9,0.0,0.0,0.0,294.0,1.24,234.0,98643.0
20130125:2000,17.13,23.6,0.0,0.0,0.0,294.6,1.66,210.0,98672.0
20130125:2100,16.19,24.9,0.0,0.0,0.0,295.0,1.66,203.0,98701.0
20130125:2200,16.61,23.85,0.0,0.0,0.0,295.6,1.31,196.0,98740.0
20130125:2300,16.38,24.1,0.0,0.0,0.0,295.6,1.31,185.0,98740.0
20130126:0000,14.13,28.25,0.0,0.0,0.0,295.4,1.79,183.0,98749.0
20130126:0100,12.01,32.7,0.0,0.0,0.0,295.2,2.41,195.0,98711.0
20130126:0200,10.69,35.75,0.0,0.0,0.0,295.0,2.62,208.0,98672.0
20130126:0300,9.67,38.4,0.0,0.0,0.0,294.0,2.48,224.0,98633.0
20130126:0400,9.63,38.35,0.0,0.0,0.0,292.2,1.93,242.0,98614.0
20130126:0500,9.36,38.85,0.0,0.0,0.0,290.0,1.66,298.0,98672.0
20130126:0600,7.37,44.6,0.0,0.0,0.0,286.8,2.41,335.0,98730.0
20130126:0700,8.11,41.85,30.0,292.79,15.0,281.4,1.72,350.0,98769.0
20130126:0800,8.64,40.55,238.0,663.58,69.0,280.8,1.45,351.0,98817.0
20130126:0900,10.89,35.1,445.0,801.31,100.0,285.2,1.38,335.0,98866.0
20130126:1000,14.85,26.55,609.0,857.39,123.0,291.4,2.14,331.0,98895.0
20130126:1100,17.64,23.55,733.0,962.9,103.0,300.0,2.69,335.0,98846.0
20130126:1200,20.09,23.15,771.0,957.94,113.0,309.4,2.97,339.0,98749.0
20130126:1300,21.94,24.7,751.0,1002.31,87.0,317.0,3.24,343.0,98623.0
20130126:1400,23.11,26.45,644.0,947.36,92.0,321.4,3.86,346.0,98546.0
20130126:1500,23.68,26.85,486.0,907.42,75.0,323.4,4.62,354.0,98546.0
20130126:1600,23.57,27.8,272.0,723.14,68.0,322.8,4.83,358.0,98526.0
20130126:1700,22.91,29.65,55.0,366.68,25.0,320.6,3.86,357.0,98546.0
20130126:1800,21.34,33.35,0.0,0.0,0.0,315.6,2.97,352.0,98575.0
20130126:1900,20.56,34.2,0.0,0.0,0.0,313.0,3.03,2.0,98662.0
20130126:2000,19.26,37.9,0.0,0.0,0.0,310.6,2.41,11.0,98740.0
20130126:2100,17.95,42.3,0.0,0.0,0.0,308.6,1.38,15.0,98788.0
20130126:2200,18.43,40.6,0.0,0.0,0.0,305.4,0.97,353.0,98798.0
20130126:2300,16.39,46.8,0.0,0.0,0.0,301.4,1.45,1.0,98808.0
20130127:0000,15.59,49.5,0.0,0.0,0.0,297.8,1.45,9.0,98808.0
20130127:0100,15.73,49.05,0.0,0.0,0.0,294.2,1.31,350.0,98808.0
20130127:0200,13.27,57.75,0.0,0.0,0.0,291.6,1.86,335.0,98798.0
20130127:0300,11.04,66.55,0.0,0.0,0.0,289.6,2.9,347.0,98769.0
20130127:0400,10.99,65.1,0.0,0.0,0.0,288.4,4.76,8.0,98778.0
20130127:0500,10.87,62.9,0.0,0.0,0.0,285.2,5.52,22.0,98895.0
20130127:0600,10.65,61.95,0.0,0.0,0.0,280.2,5.52,40.0,98972.0
20130127:0700,10.45,61.2,30.0,265.64,16.0,277.2,5.24,53.0,99098.0
20130127:0800,11.29,57.25,239.0,650.98,72.0,276.6,4.9,60.0,99195.0
20130127:0900,13.97,48.05,448.0,804.08,100.0,278.6,4.76,62.0,99312.0
20130127:1000,16.56,40.55,615.0,874.51,117.0,282.0,5.79,63.0,99331.0
20130127:1100,18.52,33.4,725.0,911.41,126.0,285.4,6.0,62.0,99341.0
20130127:1200,19.92,26.6,766.0,923.05,129.0,289.4,5.86,61.0,99283.0
20130127:1300,20.91,22.3,747.0,967.17,103.0,292.6,5.31,63.0,99224.0
20130127:1400,21.52,19.8,638.0,897.39,112.0,294.4,4.62,64.0,99137.0
20130127:1500,21.84,18.4,485.0,876.44,85.0,295.0,3.93,62.0,99108.0
20130127:1600,21.78,17.85,268.0,658.64,80.0,294.2,3.45,56.0,99079.0
20130127:1700,21.28,18.25,57.0,376.75,25.0,291.8,2.83,45.0,99137.0
20130127:1800,19.77,20.3,0.0,0.0,0.0,288.4,2.62,33.0,99166.0
20130127:1900,18.38,22.45,0.0,0.0,0.0,285.8,2.55,27.0,99224.0
20130127:2000,16.71,25.3,0.0,0.0,0.0,283.8,2.83,35.0,99283.0
20130127:2100,15.08,28.4,0.0,0.0,0.0,281.8,2.9,43.0,99302.0
20130127:2200,13.62,31.45,0.0,0.0,0.0,279.6,2.76,51.0,99341.0
20130127:2300,12.28,34.5,0.0,0.0,0.0,278.0,2.83,56.0,99341.0
20130128:0000,11.12,37.25,0.0,0.0,0.0,276.6,3.24,53.0,99292.0
20130128:0100,10.25,39.4,0.0,0.0,0.0,274.2,3.59,47.0,99283.0
20130128:0200,9.47,41.45,0.0,0.0,0.0,272.0,3.45,49.0,99244.0
20130128:0300,8.51,44.1,0.0,0.0,0.0,270.0,3.1,64.0,99273.0
20130128:0400,7.46,47.1,0.0,0.0,0.0,268.6,2.97,78.0,99234.0
20130128:0500,6.44,50.05,0.0,0.0,0.0,268.0,2.83,94.0,99263.0
20130128:0600,5.55,52.9,0.0,0.0,0.0,267.2,2.83,114.0,99331.0
20130128:0700,5.02,54.5,32.0,294.86,16.0,267.4,2.9,125.0,99360.0
20130128:0800,5.63,52.5,242.0,665.43,70.0,269.0,2.07,125.0,99418.0
20130128:0900,9.79,39.55,448.0,788.28,105.0,273.2,1.52,140.0,99438.0
20130128:1000,14.01,29.85,615.0,859.9,123.0,279.6,1.66,170.0,99447.0
20130128:1100,16.99,24.7,729.0,911.78,127.0,286.8,2.34,195.0,99438.0
20130128:1200,18.95,21.7,766.0,907.15,137.0,293.6,1.93,222.0,99370.0
20130128:1300,20.24,19.8,747.0,950.24,111.0,299.0,1.66,286.0,99292.0
20130128:1400,21.25,18.55,635.0,864.91,125.0,302.0,2.55,321.0,99215.0
20130128:1500,21.88,18.35,479.0,815.45,104.0,302.0,3.52,335.0,99147.0
20130128:1600,21.99,19.1,270.0,651.0,82.0,300.8,4.34,342.0,99108.0
20130128:1700,21.51,20.4,60.0,374.72,27.0,298.2,4.69,351.0,99108.0
20130128:1800,19.97,23.1,0.0,0.0,0.0,294.4,4.21,4.0,99157.0
20130128:1900,18.8,26.05,0.0,0.0,0.0,290.6,3.79,20.0,99234.0
20130128:2000,17.62,29.0,0.0,0.0,0.0,287.2,3.86,29.0,99360.0
20130128:2100,16.46,32.2,0.0,0.0,0.0,284.6,3.86,32.0,99370.0
20130128:2200,15.39,35.3,0.0,0.0,0.0,282.6,4.14,34.0,99341.0
20130128:2300,14.52,37.9,0.0,0.0,0.0,281.4,4.62,35.0,99370.0
20130129:0000,13.82,39.9,0.0,0.0,0.0,280.4,5.1,34.0,99389.0
20130129:0100,13.17,42.05,0.0,0.0,0.0,277.6,5.31,36.0,99399.0
20130129:0200,12.47,44.95,0.0,0.0,0.0,274.4,5.31,40.0,99418.0
20130129:0300,11.7,48.1,0.0,0.0,0.0,270.6,5.31,41.0,99447.0
20130129:0400,10.9,50.85,0.0,0.0,0.0,267.0,5.31,44.0,99467.0
20130129:0500,10.15,52.75,0.0,0.0,0.0,263.6,5.45,45.0,99525.0
20130129:0600,9.4,54.0,0.0,0.0,0.0,258.6,5.45,48.0,99583.0
20130129:0700,8.63,56.25,32.0,268.28,17.0,256.6,4.83,54.0,99670.0
20130129:0800,9.08,52.85,241.0,629.53,77.0,254.4,4.48,55.0,99729.0
20130129:0900,11.59,42.85,451.0,790.79,105.0,256.8,4.41,54.0,99796.0
20130129:1000,14.34,33.45,622.0,876.63,118.0,261.6,4.83,54.0,99816.0
20130129:1100,16.66,26.55,724.0,878.9,141.0,267.8,5.03,51.0,99806.0
20130129:1200,18.37,21.45,765.0,889.9,145.0,273.4,5.31,49.0,99748.0
20130129:1300,19.52,17.95,744.0,915.6,128.0,277.4,5.38,41.0,99641.0
20130129:1400,20.31,15.7,636.0,849.63,132.0,279.4,5.86,32.0,99564.0
20130129:1500,20.69,14.4,480.0,802.81,108.0,279.8,6.28,29.0,99496.0
20130129:1600,20.63,13.6,271.0,626.39,88.0,278.2,6.48,29.0,99515.0
20130129:1700,19.9,13.7,60.0,339.91,29.0,275.6,5.52,26.0,99525.0
20130129:1800,18.02,15.25,0.0,0.0,0.0,271.8,4.97,19.0,99564.0
20130129:1900,16.53,17.5,0.0,0.0,0.0,268.6,5.38,21.0,99612.0
20130129:2000,15.34,18.6,0.0,0.0,0.0,265.8,5.38,26.0,99670.0
20130129:2100,14.28,19.55,0.0,0.0,0.0,264.2,5.38,32.0,99709.0
20130129:2200,13.3,20.6,0.0,0.0,0.0,262.6,5.31,35.0,99719.0
20130129:2300,12.41,21.7,0.0,0.0,0.0,261.6,5.31,36.0,99719.0
20130130:0000,11.59,22.7,0.0,0.0,0.0,261.2,5.31,40.0,99738.0
20130130:0100,10.92,23.55,0.0,0.0,0.0,260.2,5.38,50.0,99758.0
20130130:0200,10.29,24.25,0.0,0.0,0.0,258.8,5.24,58.0,99729.0
20130130:0300,9.66,24.95,0.0,0.0,0.0,258.2,4.97,63.0,99719.0
20130130:0400,8.99,25.9,0.0,0.0,0.0,257.4,4.76,64.0,99719.0
20130130:0500,8.33,27.05,0.0,0.0,0.0,257.6,4.55,65.0,99777.0
20130130:0600,7.68,28.45,0.0,0.0,0.0,257.0,4.41,68.0,99835.0
20130130:0700,6.87,31.45,36.0,346.92,16.0,256.6,4.14,68.0,99903.0
20130130:0800,7.58,30.8,241.0,620.65,78.0,256.8,3.79,69.0,99961.0
20130130:0900,10.54,26.55,451.0,777.22,109.0,259.4,3.72,69.0,100010.0
20130130:1000,13.67,23.4,622.0,861.92,124.0,264.6,4.0,70.0,100039.0
20130130:1100,16.23,20.35,724.0,862.75,149.0,270.6,4.07,68.0,100000.0
20130130:1200,18.26,16.65,761.0,857.04,161.0,276.8,4.21,61.0,99903.0
20130130:1300,19.78,13.95,744.0,899.0,136.0,281.8,4.62,51.0,99806.0
20130130:1400,20.8,12.65,640.0,851.25,132.0,284.6,5.31,44.0,99699.0
20130130:1500,21.44,12.15,484.0,803.18,109.0,286.0,5.93,40.0,99641.0
20130130:1600,21.56,12.3,276.0,642.93,86.0,286.6,6.34,39.0,99641.0
20130130:1700,21.03,13.0,65.0,370.99,30.0,286.0,5.59,37.0,99651.0
20130130:1800,19.29,14.85,0.0,0.0,0.0,283.8,4.97,28.0,99690.0
20130130:1900,17.97,17.55,0.0,0.0,0.0,282.4,5.52,27.0,99719.0
20130130:2000,16.88,19.2,0.0,0.0,0.0,280.2,5.72,31.0,99748.0
20130130:2100,15.92,20.65,0.0,0.0,0.0,278.0,5.66,36.0,99777.0
20130130:2200,14.99,22.15,0.0,0.0,0.0,276.4,5.45,43.0,99777.0
20130130:2300,14.1,23.7,0.0,0.0,0.0,274.4,5.24,49.0,99816.0
20130131:0000,13.18,25.55,0.0,0.0,0.0,272.4,4.97,54.0,99826.0
20130131:0100,12.25,27.95,0.0,0.0,0.0,270.6,4.69,60.0,99816.0
20130131:0200,11.29,31.1,0.0,0.0,0.0,268.2,4.41,64.0,99787.0
20130131:0300,10.31,34.9,0.0,0.0,0.0,266.6,4.07,65.0,99767.0
20130131:0400,9.3,39.2,0.0,0.0,0.0,264.6,3.86,66.0,99748.0
20130131:0500,8.34,43.55,0.0,0.0,0.0,262.2,3.79,64.0,99787.0
20130131:0600,7.43,47.95,0.0,0.0,0.0,260.2,3.66,62.0,99816.0
20130131:0700,6.7,52.15,35.0,269.01,19.0,259.6,3.59,55.0,99884.0
20130131:0800,7.34,51.0,242.0,607.94,81.0,259.8,3.24,53.0,99942.0
20130131:0900,10.45,42.3,451.0,763.66,113.0,262.2,3.1,52.0,100000.0
20130131:1000,13.58,35.35,614.0,812.82,142.0,268.2,3.1,51.0,99990.0
20130131:1100,16.32,29.85,719.0,830.24,163.0,275.0,2.97,47.0,99952.0
20130131:1200,18.61,24.6,769.0,875.61,153.0,282.0,3.1,40.0,99855.0
20130131:1300,20.41,19.85,748.0,900.17,136.0,287.0,3.59,35.0,99719.0
20130131:1400,21.65,16.65,645.0,852.81,133.0,290.0,4.07,32.0,99603.0
20130131:1500,22.4,14.75,488.0,805.65,109.0,290.4,4.48,30.0,99544.0
20130131:1600,22.2,8.22,280.0,645.69,87.0,290.07,4.88,27.0,99515.0
20130131:1700,21.02,11.57,67.0,369.28,31.0,287.64,4.82,17.0,99544.0
20130131:1800,19.83,14.93,0.0,0.0,0.0,285.2,4.75,5.0,99573.0
20130131:1900,18.64,18.28,0.0,0.0,0.0,282.76,4.69,7.0,99612.0
20130131:2000,17.46,21.63,0.0,0.0,0.0,280.33,4.63,11.0,99651.0
20130131:2100,16.27,24.98,0.0,0.0,0.0,277.89,4.57,16.0,99661.0
20130131:2200,15.08,28.33,0.0,0.0,0.0,275.45,4.51,22.0,99651.0
20130131:2300,13.9,31.69,0.0,0.0,0.0,273.02,4.45,29.0,99593.0
20080201:0000,12.71,35.04,0.0,0.0,0.0,270.58,4.39,32.0,99098.0
20080201:0100,11.53,38.39,0.0,0.0,0.0,268.15,4.33,36.0,99040.0
20080201:0200,10.34,41.74,0.0,0.0,0.0,265.71,4.27,41.0,99031.0
20080201:0300,9.15,45.09,0.0,0.0,0.0,263.27,4.2,43.0,98992.0
20080201:0400,7.97,48.45,0.0,0.0,0.0,260.84,4.14,45.0,99011.0
20080201:0500,6.78,51.8,0.0,0.0,0.0,258.4,4.08,49.0,98982.0
20080201:0600,5.59,55.15,0.0,0.0,0.0,255.96,4.02,51.0,99021.0
20080201:0700,4.41,58.5,34.0,228.05,20.0,253.53,3.96,49.0,99098.0
20080201:0800,6.17,60.65,242.0,595.26,83.0,255.8,3.03,51.0,99118.0
20080201:0900,9.3,49.45,444.0,716.44,125.0,259.0,2.9,58.0,99176.0
20080201:1000,12.31,40.35,604.0,764.12,158.0,264.8,2.48,53.0,99215.0
20080201:1100,14.83,33.7,713.0,802.44,173.0,272.0,2.14,27.0,99195.0
20080201:1200,16.92,28.5,746.0,783.61,192.0,278.8,2.48,14.0,99069.0
20080201:1300,18.41,24.6,746.0,886.66,140.0,283.4,2.97,9.0,98924.0
20080201:1400,19.23,22.2,631.0,786.43,156.0,288.2,3.45,4.0,98817.0
20080201:1500,19.52,20.65,378.0,320.69,226.0,300.2,3.86,4.0,98769.0
20080201:1600,19.37,19.95,155.0,59.54,137.0,308.0,3.86,7.0,98720.0
20080201:1700,18.89,20.5,23.0,0.0,23.0,311.8,3.79,9.0,98701.0
20080201:1800,17.79,22.3,0.0,0.0,0.0,312.2,3.1,356.0,98691.0
20080201:1900,16.62,23.95,0.0,0.0,0.0,290.6,3.24,358.0,98711.0
20080201:2000,15.07,26.9,0.0,0.0,0.0,272.6,3.45,359.0,98720.0
20080201:2100,13.65,29.95,0.0,0.0,0.0,267.8,3.66,359.0,98759.0
20080201:2200,12.38,32.9,0.0,0.0,0.0,266.2,3.72,2.0,98769.0
20080201:2300,11.23,35.75,0.0,0.0,0.0,264.2,3.72,11.0,98730.0
20080202:0000,10.22,38.4,0.0,0.0,0.0,264.2,3.72,19.0,98691.0
20080202:0100,9.24,41.1,0.0,0.0,0.0,261.6,3.72,22.0,98652.0
20080202:0200,8.29,44.0,0.0,0.0,0.0,259.8,3.59,22.0,98614.0
20080202:0300,7.37,47.15,0.0,0.0,0.0,259.2,3.52,20.0,98604.0
20080202:0400,6.38,50.7,0.0,0.0,0.0,254.8,3.45,19.0,98594.0
20080202:0500,5.41,54.45,0.0,0.0,0.0,253.0,3.24,18.0,98594.0
20080202:0600,4.5,58.2,0.0,0.0,0.0,251.6,3.17,20.0,98604.0
20080202:0700,3.81,62.0,35.0,220.86,21.0,251.6,3.1,32.0,98633.0
20080202:0800,4.42,59.25,240.0,564.05,88.0,251.2,2.55,30.0,98672.0
20080202:0900,8.1,45.65,442.0,691.99,132.0,254.2,2.55,21.0,98749.0
20080202:1000,11.46,36.15,604.0,749.92,164.0,260.6,2.83,12.0,98749.0
20080202:1100,14.38,29.45,712.0,786.66,180.0,267.4,3.17,9.0,98730.0
20080202:1200,16.89,24.55,750.0,783.95,193.0,274.6,3.31,12.0,98623.0
20080202:1300,18.85,21.1,729.0,806.29,175.0,280.0,3.59,17.0,98507.0
20080202:1400,19.99,19.1,625.0,743.86,173.0,284.2,3.72,20.0,98439.0
20080202:1500,20.51,17.65,475.0,705.69,138.0,285.6,3.66,20.0,98429.0
20080202:1600,20.57,16.9,275.0,572.47,100.0,284.8,3.52,22.0,98371.0
20080202:1700,20.18,16.9,52.0,115.63,40.0,282.8,3.17,18.0,98400.0
20080202:1800,18.43,18.75,0.0,0.0,0.0,279.6,3.24,1.0,98429.0
20080202:1900,17.11,19.35,0.0,0.0,0.0,278.4,3.59,359.0,98468.0
20080202:2000,15.75,20.9,0.0,0.0,0.0,275.6,3.79,7.0,98546.0
20080202:2100,14.5,22.35,0.0,0.0,0.0,273.0,3.86,16.0,98575.0
20080202:2200,13.35,23.75,0.0,0.0,0.0,270.8,3.86,25.0,98585.0
20080202:2300,12.25,24.95,0.0,0.0,0.0,268.6,3.86,32.0,98594.0
20080203:0000,11.23,26.1,0.0,0.0,0.0,266.4,3.86,38.0,98614.0
20080203:0100,10.23,27.45,0.0,0.0,0.0,264.6,3.72,45.0,98575.0
20080203:0200,9.17,29.2,0.0,0.0,0.0,262.2,3.45,51.0,98565.0
20080203:0300,8.0,31.55,0.0,0.0,0.0,261.0,3.1,54.0,98536.0
20080203:0400,6.77,34.45,0.0,0.0,0.0,259.2,2.76,57.0,98555.0
20080203:0500,5.62,37.65,0.0,0.0,0.0,258.2,2.55,61.0,98546.0
20080203:0600,4.67,40.65,0.0,0.0,0.0,257.0,2.41,65.0,98585.0
20080203:0700,3.92,43.6,37.0,229.09,22.0,257.0,2.48,72.0,98662.0
20080203:0800,4.57,42.65,243.0,566.32,89.0,256.8,1.93,70.0,98730.0
20080203:0900,8.83,32.2,448.0,707.66,129.0,260.2,1.38,75.0,98817.0
20080203:1000,13.16,23.95,611.0,766.3,159.0,266.4,1.24,92.0,98856.0
20080203:1100,16.15,19.6,716.0,788.64,180.0,274.2,0.97,125.0,98875.0
20080203:1200,18.29,16.75,754.0,785.64,193.0,281.8,0.69,179.0,98798.0
20080203:1300,19.82,14.85,729.0,791.88,182.0,287.0,0.76,245.0,98730.0
20080203:1400,20.88,13.6,622.0,716.5,184.0,289.8,1.17,284.0,98662.0
20080203:1500,21.42,13.0,471.0,667.19,150.0,290.4,1.38,306.0,98614.0
20080203:1600,21.49,13.15,274.0,543.53,106.0,289.4,1.31,318.0,98604.0
20080203:1700,21.22,13.5,57.0,149.64,41.0,287.6,1.45,326.0,98623.0
20080203:1800,20.25,14.6,0.0,0.0,0.0,285.8,2.0,324.0,98662.0
20080203:1900,19.1,15.85,0.0,0.0,0.0,287.2,2.28,333.0,98720.0
20080203:2000,17.52,17.9,0.0,0.0,0.0,285.2,2.34,342.0,98788.0
20080203:2100,15.84,20.25,0.0,0.0,0.0,283.2,2.41,354.0,98827.0
20080203:2200,14.18,22.95,0.0,0.0,0.0,277.8,2.48,8.0,98866.0
20080203:2300,12.73,25.45,0.0,0.0,0.0,274.4,2.76,21.0,98885.0
20080204:0000,11.42,28.05,0.0,0.0,0.0,272.6,2.97,30.0,98875.0
20080204:0100,10.12,30.95,0.0,0.0,0.0,270.4,2.97,33.0,98856.0
20080204:0200,8.95,33.8,0.0,0.0,0.0,268.6,2.97,36.0,98846.0
20080204:0300,7.85,36.5,0.0,0.0,0.0,267.0,2.9,40.0,98846.0
20080204:0400,6.86,38.9,0.0,0.0,0.0,264.6,2.9,44.0,98846.0
20080204:0500,5.97,40.95,0.0,0.0,0.0,263.2,2.9,45.0,98856.0
20080204:0600,5.19,42.75,0.0,0.0,0.0,261.8,2.97,48.0,98875.0
20080204:0700,4.46,45.7,38.0,221.74,23.0,260.6,2.9,56.0,98953.0
20080204:0800,5.15,43.5,250.0,601.18,85.0,260.2,2.34,54.0,99021.0
20080204:0900,9.78,31.2,456.0,736.24,122.0,262.8,2.21,52.0,99118.0
20080204:1000,14.25,22.85,618.0,782.42,154.0,268.4,2.0,48.0,99205.0
20080204:1100,17.31,18.5,720.0,789.07,181.0,275.8,1.79,36.0,99224.0
20080204:1200,19.48,15.85,762.0,802.59,186.0,282.8,1.93,21.0,99147.0
20080204:1300,21.1,14.15,738.0,809.27,176.0,287.6,2.41,12.0,99089.0
20080204:1400,22.18,13.2,637.0,760.99,169.0,290.4,3.03,13.0,99011.0
20080204:1500,22.69,12.85,489.0,738.59,131.0,291.2,3.45,18.0,98953.0
20080204:1600,22.74,12.6,281.0,566.42,104.0,290.6,3.79,20.0,98953.0
20080204:1700,22.28,12.9,57.0,127.2,43.0,288.4,3.79,16.0,98953.0
20080204:1800,20.38,14.65,0.0,0.0,0.0,285.2,3.86,5.0,98982.0
20080204:1900,19.05,15.75,0.0,0.0,0.0,283.0,4.41,7.0,99050.0
20080204:2000,17.74,17.15,0.0,0.0,0.0,280.4,4.83,14.0,99089.0
20080204:2100,16.62,18.55,0.0,0.0,0.0,277.4,5.1,21.0,99137.0
20080204:2200,15.64,19.85,0.0,0.0,0.0,275.0,5.31,30.0,99186.0
20080204:2300,14.71,21.05,0.0,0.0,0.0,272.6,5.24,37.0,99195.0
20080205:0000,13.79,22.1,0.0,0.0,0.0,270.0,5.1,46.0,99224.0
20080205:0100,12.82,22.95,0.0,0.0,0.0,267.6,4.83,54.0,99186.0
20080205:0200,11.82,23.65,0.0,0.0,0.0,265.0,4.55,61.0,99166.0
20080205:0300,10.77,24.45,0.0,0.0,0.0,262.8,4.28,63.0,99157.0
20080205:0400,9.72,25.5,0.0,0.0,0.0,260.4,4.07,63.0,99157.0
20080205:0500,8.74,26.8,0.0,0.0,0.0,258.6,4.07,62.0,99205.0
20080205:0600,7.87,28.4,0.0,0.0,0.0,256.4,4.07,60.0,99254.0
20080205:0700,7.28,30.7,40.0,243.19,23.0,255.4,4.14,60.0,99312.0
20080205:0800,8.18,29.3,251.0,595.52,86.0,255.0,3.93,59.0,99380.0
20080205:0900,11.41,23.95,449.0,683.3,137.0,256.2,4.07,59.0,99467.0
20080205:1000,14.96,18.7,611.0,739.59,170.0,260.6,4.48,58.0,99506.0
20080205:1100,18.08,14.05,724.0,790.89,181.0,266.2,4.76,56.0,99467.0
20080205:1200,20.49,10.5,762.0,787.45,194.0,271.8,5.17,54.0,99370.0
20080205:1300,22.19,8.55,738.0,794.94,183.0,275.8,5.59,53.0,99283.0
20080205:1400,23.2,7.8,633.0,732.19,180.0,278.4,6.0,53.0,99195.0
20080205:1500,23.7,7.5,490.0,724.96,136.0,280.0,6.07,52.0,99118.0
20080205:1600,23.78,7.45,283.0,557.16,107.0,280.4,6.0,50.0,99108.0
20080205:1700,23.17,7.85,58.0,114.84,45.0,279.6,5.03,42.0,99079.0
20080205:1800,20.94,9.55,0.0,0.0,0.0,277.8,4.76,28.0,99118.0
20080205:1900,19.36,11.85,0.0,0.0,0.0,277.2,5.59,25.0,99147.0
20080205:2000,18.15,13.8,0.0,0.0,0.0,275.0,6.28,30.0,99244.0
20080205:2100,17.21,15.35,0.0,0.0,0.0,273.4,6.62,38.0,99273.0
20080205:2200,16.38,16.6,0.0,0.0,0.0,271.8,6.62,47.0,99321.0
20080205:2300,15.59,17.8,0.0,0.0,0.0,269.8,6.34,57.0,99360.0
20080206:0000,14.73,19.45,0.0,0.0,0.0,268.0,6.0,64.0,99389.0
20080206:0100,13.75,21.6,0.0,0.0,0.0,265.6,5.72,67.0,99360.0
20080206:0200,12.76,24.0,0.0,0.0,0.0,262.8,5.52,67.0,99350.0
20080206:0300,11.77,26.5,0.0,0.0,0.0,259.6,5.38,65.0,99341.0
20080206:0400,10.82,28.95,0.0,0.0,0.0,256.6,5.31,62.0,99350.0
20080206:0500,9.96,31.1,0.0,0.0,0.0,253.4,5.31,60.0,99360.0
20080206:0600,9.24,32.95,0.0,0.0,0.0,251.0,5.45,58.0,99380.0
20080206:0700,8.81,36.0,43.0,262.99,24.0,252.0,5.31,54.0,99457.0
20080206:0800,9.81,33.8,252.0,586.22,88.0,252.2,5.38,53.0,99515.0
20080206:0900,12.67,27.8,460.0,724.51,127.0,256.0,5.86,53.0,99564.0
20080206:1000,15.87,21.95,626.0,783.88,156.0,262.0,6.34,57.0,99554.0
20080206:1100,18.78,17.35,737.0,823.07,169.0,269.2,6.41,60.0,99525.0
20080206:1200,21.12,13.95,775.0,820.69,180.0,276.6,6.62,61.0,99418.0
20080206:1300,22.79,11.25,751.0,826.32,171.0,282.4,6.83,65.0,99283.0
20080206:1400,23.86,9.45,649.0,777.63,165.0,286.2,6.9,66.0,99176.0
20080206:1500,24.47,8.55,492.0,713.57,141.0,287.8,6.76,66.0,99098.0
20080206:1600,24.6,8.15,284.0,538.71,112.0,288.4,6.62,65.0,99079.0
20080206:1700,23.99,8.45,59.0,111.75,46.0,287.8,5.59,60.0,99069.0
20080206:1800,21.89,9.85,0.0,0.0,0.0,285.4,4.83,50.0,99098.0
20080206:1900,20.43,11.85,0.0,0.0,0.0,284.8,5.31,48.0,99166.0
20080206:2000,19.11,13.25,0.0,0.0,0.0,282.2,5.79,52.0,99205.0
20080206:2100,18.06,14.5,0.0,0.0,0.0,280.0,6.21,60.0,99263.0
20080206:2200,17.14,15.8,0.0,0.0,0.0,278.0,6.41,66.0,99254.0
20080206:2300,16.31,17.1,0.0,0.0,0.0,274.8,6.48,69.0,99302.0
20080207:0000,15.47,18.5,0.0,0.0,0.0,272.0,6.48,69.0,99292.0
20080207:0100,14.54,20.15,0.0,0.0,0.0,269.2,6.34,68.0,99292.0
20080207:0200,13.59,21.95,0.0,0.0,0.0,266.2,6.14,66.0,99224.0
20080207:0300,12.67,23.85,0.0,0.0,0.0,263.4,6.14,62.0,99244.0
20080207:0400,11.87,25.85,0.0,0.0,0.0,261.4,6.28,61.0,99215.0
20080207:0500,11.19,27.85,0.0,0.0,0.0,260.0,6.34,60.0,99224.0
20080207:0600,10.63,29.7,0.0,0.0,0.0,258.2,6.41,60.0,99273.0
20080207:0700,10.42,32.25,44.0,254.46,25.0,259.6,6.55,62.0,99312.0
20080207:0800,11.44,30.3,252.0,566.32,92.0,259.8,6.62,64.0,99370.0
20080207:0900,14.03,25.6,450.0,659.16,145.0,264.0,6.83,65.0,99418.0
20080207:1000,16.92,21.25,622.0,756.29,166.0,269.6,7.79,69.0,99447.0
20080207:1100,19.56,17.95,774.0,957.22,110.0,276.8,8.07,72.0,99389.0
20080207:1200,21.5,15.65,827.0,1008.63,92.0,284.0,8.14,76.0,99263.0
20080207:1300,22.86,13.75,713.0,678.79,234.0,289.2,7.66,78.0,99176.0
20080207:1400,23.68,12.45,668.0,841.69,141.0,293.0,7.03,76.0,99069.0
20080207:1500,24.08,11.75,479.0,635.73,164.0,294.6,6.62,73.0,99031.0
20080207:1600,24.1,11.55,284.0,520.65,116.0,294.4,6.28,70.0,98982.0
20080207:1700,23.55,11.85,62.0,117.2,48.0,293.2,5.31,63.0,98982.0
20080207:1800,21.56,13.45,0.0,0.0,0.0,290.8,4.55,49.0,99011.0
20080207:1900,19.92,15.35,0.0,0.0,0.0,287.6,5.66,39.0,99021.0
20080207:2000,18.68,16.95,0.0,0.0,0.0,285.0,6.14,42.0,99098.0
20080207:2100,17.65,18.7,0.0,0.0,0.0,282.6,6.34,49.0,99157.0
20080207:2200,16.7,20.7,0.0,0.0,0.0,279.2,6.34,55.0,99147.0
20080207:2300,15.82,23.05,0.0,0.0,0.0,277.4,6.21,61.0,99176.0
20080208:0000,14.94,25.75,0.0,0.0,0.0,274.6,6.07,64.0,99166.0
20080208:0100,14.01,28.7,0.0,0.0,0.0,272.0,6.0,65.0,99157.0
20080208:0200,13.08,31.75,0.0,0.0,0.0,269.0,5.93,64.0,99157.0
20080208:0300,12.17,34.9,0.0,0.0,0.0,266.8,5.79,62.0,99108.0
20080208:0400,11.31,37.95,0.0,0.0,0.0,264.4,5.79,61.0,99098.0
20080208:0500,10.53,40.95,0.0,0.0,0.0,261.8,5.86,59.0,99108.0
20080208:0600,9.79,43.95,0.0,0.0,0.0,259.6,5.79,58.0,99137.0
20080208:0700,9.28,46.75,45.0,246.2,26.0,258.6,5.72,59.0,99215.0
20080208:0800,10.09,44.9,255.0,567.69,93.0,258.0,5.59,60.0,99244.0
20080208:0900,12.6,38.45,464.0,714.8,131.0,260.8,5.93,60.0,99312.0
20080208:1000,15.4,32.1,626.0,756.97,167.0,266.8,6.55,64.0,99283.0
20080208:1100,17.95,26.8,737.0,793.07,184.0,274.0,6.83,65.0,99244.0
20080208:1200,19.91,22.4,771.0,775.47,203.0,280.8,6.55,66.0,99127.0
20080208:1300,21.27,18.9,751.0,797.8,185.0,286.2,5.93,65.0,99021.0
20080208:1400,22.15,16.8,631.0,679.52,203.0,290.0,5.52,62.0,98904.0
20080208:1500,22.69,15.6,535.0,907.66,82.0,293.0,5.24,56.0,98817.0
20080208:1600,22.9,15.0,257.0,349.63,143.0,293.2,5.31,53.0,98798.0
20080208:1700,22.53,15.15,91.0,432.44,38.0,295.8,4.9,46.0,98778.0
20080208:1800,20.81,16.95,0.0,0.0,0.0,298.2,4.34,29.0,98778.0
20080208:1900,19.49,19.15,0.0,0.0,0.0,307.2,4.97,23.0,98759.0
20080208:2000,18.31,20.65,0.0,0.0,0.0,300.2,5.66,25.0,98837.0
20080208:2100,17.09,22.05,0.0,0.0,0.0,285.0,5.86,28.0,98875.0
20080208:2200,16.15,22.8,0.0,0.0,0.0,283.4,5.93,36.0,98914.0
20080208:2300,15.34,23.2,0.0,0.0,0.0,284.0,5.93,46.0,98924.0
20080209:0000,14.56,23.85,0.0,0.0,0.0,280.2,5.72,59.0,98924.0
20080209:0100,13.83,25.1,0.0,0.0,0.0,280.6,5.59,70.0,98904.0
20080209:0200,12.95,27.05,0.0,0.0,0.0,274.6,5.52,78.0,98856.0
20080209:0300,11.96,29.5,0.0,0.0,0.0,266.2,5.38,80.0,98827.0
20080209:0400,11.03,31.8,0.0,0.0,0.0,263.2,5.1,77.0,98866.0
20080209:0500,10.11,34.05,0.0,0.0,0.0,261.4,4.76,73.0,98885.0
20080209:0600,9.21,36.25,0.0,0.0,0.0,258.2,4.69,69.0,98963.0
20080209:0700,8.6,39.0,48.0,263.29,27.0,258.0,4.55,68.0,99021.0
20080209:0800,9.53,36.6,260.0,579.29,93.0,256.8,4.48,68.0,99108.0
20080209:0900,12.32,30.45,465.0,701.37,136.0,258.8,4.97,69.0,99195.0
20080209:1000,15.23,25.4,626.0,742.82,173.0,264.2,5.59,74.0,99205.0
20080209:1100,17.77,22.05,741.0,794.63,184.0,270.4,5.59,77.0,99186.0
20080209:1200,19.77,19.05,779.0,791.87,196.0,277.4,5.24,78.0,99098.0
20080209:1300,21.23,16.0,760.0,814.58,179.0,283.6,4.9,75.0,98992.0
20080209:1400,22.21,13.6,658.0,767.05,172.0,287.0,4.83,70.0,98875.0
20080209:1500,22.78,12.3,507.0,734.07,138.0,288.0,4.97,65.0,98798.0
20080209:1600,23.0,11.8,298.0,567.64,111.0,287.8,5.1,62.0,98808.0
20080209:1700,22.65,12.05,66.0,127.33,50.0,287.2,4.55,58.0,98817.0
20080209:1800,20.94,13.8,0.0,0.0,0.0,284.8,3.52,40.0,98875.0
20080209:1900,19.27,16.8,0.0,0.0,0.0,284.6,4.0,28.0,98924.0
20080209:2000,17.85,19.65,0.0,0.0,0.0,282.8,4.83,32.0,99001.0
20080209:2100,16.74,22.4,0.0,0.0,0.0,280.8,5.59,44.0,99011.0
20080209:2200,15.9,24.45,0.0,0.0,0.0,278.6,6.0,58.0,99011.0
20080209:2300,15.13,25.6,0.0,0.0,0.0,276.2,6.14,71.0,99021.0
20080210:0000,14.38,26.55,0.0,0.0,0.0,274.6,6.14,79.0,99031.0
20080210:0100,13.6,27.6,0.0,0.0,0.0,271.2,6.07,83.0,99031.0
20080210:0200,12.66,28.65,0.0,0.0,0.0,268.2,5.72,82.0,99050.0
20080210:0300,11.65,29.7,0.0,0.0,0.0,265.2,5.52,79.0,99069.0
20080210:0400,10.7,31.0,0.0,0.0,0.0,260.6,5.59,77.0,99118.0
20080210:0500,9.86,32.9,0.0,0.0,0.0,257.6,5.52,76.0,99118.0
20080210:0600,9.09,35.45,0.0,0.0,0.0,255.4,5.45,74.0,99195.0
20080210:0700,8.6,38.3,50.0,266.9,28.0,255.2,5.38,73.0,99215.0
20080210:0800,9.5,37.7,262.0,573.35,95.0,254.8,5.31,73.0,99312.0
20080210:0900,11.96,33.45,466.0,690.15,140.0,257.4,5.66,76.0,99389.0
20080210:1000,14.52,28.75,634.0,759.75,168.0,263.0,5.93,82.0,99438.0
20080210:1100,16.87,24.2,745.0,796.13,184.0,269.8,5.45,84.0,99438.0
20080210:1200,18.89,20.1,775.0,762.13,211.0,276.4,5.17,84.0,99331.0
20080210:1300,20.42,16.65,755.0,783.75,193.0,282.2,4.97,82.0,99215.0
20080210:1400,21.36,14.25,625.0,627.61,225.0,285.6,4.9,75.0,99089.0
20080210:1500,21.88,12.95,502.0,693.31,151.0,288.4,5.24,70.0,99001.0
20080210:1600,22.02,12.3,301.0,570.92,111.0,290.6,5.72,69.0,98972.0
20080210:1700,21.66,12.15,82.0,248.55,50.0,288.0,5.38,70.0,98972.0
20080210:1800,20.11,13.15,0.0,0.0,0.0,285.4,4.14,64.0,99021.0
20080210:1900,18.38,13.5,0.0,0.0,0.0,282.2,3.86,52.0,99050.0
20080210:2000,17.03,14.6,0.0,0.0,0.0,279.6,4.14,52.0,99137.0
20080210:2100,15.76,16.05,0.0,0.0,0.0,277.6,4.28,58.0,99166.0
20080210:2200,14.59,17.65,0.0,0.0,0.0,275.0,4.34,69.0,99195.0
20080210:2300,13.54,19.4,0.0,0.0,0.0,272.6,4.34,80.0,99263.0
20080211:0000,12.52,21.35,0.0,0.0,0.0,269.4,4.41,85.0,99292.0
20080211:0100,11.64,23.5,0.0,0.0,0.0,268.8,4.62,87.0,99254.0
20080211:0200,10.92,26.15,0.0,0.0,0.0,267.0,5.31,84.0,99195.0
20080211:0300,10.4,29.55,0.0,0.0,0.0,272.0,5.72,80.0,99137.0
20080211:0400,9.81,33.1,0.0,0.0,0.0,273.0,5.72,80.0,99127.0
20080211:0500,9.13,36.35,0.0,0.0,0.0,271.2,5.31,79.0,99137.0
20080211:0600,8.21,39.65,0.0,0.0,0.0,262.8,4.21,78.0,99166.0
20080211:0700,7.77,42.75,53.0,281.78,29.0,261.0,5.31,84.0,99186.0
20080211:0800,8.68,40.5,269.0,608.16,90.0,261.2,4.55,83.0,99254.0
20080211:0900,11.1,34.6,481.0,746.26,126.0,265.0,4.9,88.0,99292.0
20080211:1000,13.82,28.6,576.0,533.28,247.0,270.8,5.17,93.0,99302.0
20080211:1100,16.42,23.25,724.0,707.23,223.0,282.6,4.69,99.0,99254.0
20080211:1200,18.36,19.15,853.0,1044.56,76.0,299.6,3.86,114.0,99166.0
20080211:1300,19.63,16.45,526.0,198.37,383.0,308.0,2.97,128.0,99069.0
20080211:1400,20.1,15.5,481.0,230.86,333.0,338.4,2.21,147.0,99011.0
20080211:1500,19.93,16.5,54.0,0.0,54.0,349.8,1.1,145.0,98963.0
20080211:1600,19.33,18.85,265.0,348.06,148.0,345.0,0.97,108.0,98934.0
20080211:1700,19.07,20.5,57.0,53.1,50.0,348.8,2.34,106.0,98934.0
20080211:1800,18.51,23.05,0.0,0.0,0.0,343.0,2.76,125.0,98866.0
20080211:1900,19.34,16.2,0.0,0.0,0.0,344.6,2.28,117.0,98856.0
20080211:2000,18.31,17.75,0.0,0.0,0.0,322.0,2.9,147.0,98885.0
20080211:2100,17.03,19.95,0.0,0.0,0.0,304.0,3.52,138.0,98904.0
20080211:2200,15.92,23.1,0.0,0.0,0.0,294.6,3.93,128.0,98885.0
20080211:2300,15.24,25.6,0.0,0.0,0.0,299.4,4.14,123.0,98914.0
20080212:0000,14.78,26.25,0.0,0.0,0.0,303.0,4.55,119.0,98904.0
20080212:0100,14.29,26.2,0.0,0.0,0.0,301.4,4.76,114.0,98866.0
20080212:0200,14.23,26.1,0.0,0.0,0.0,323.8,4.9,110.0,98837.0
20080212:0300,13.78,27.6,0.0,0.0,0.0,317.2,4.97,108.0,98788.0
20080212:0400,13.03,29.75,0.0,0.0,0.0,300.4,4.76,109.0,98749.0
20080212:0500,12.17,31.65,0.0,0.0,0.0,287.6,4.48,111.0,98730.0
20080212:0600,11.41,32.9,0.0,0.0,0.0,281.2,4.41,109.0,98759.0
20080212:0700,12.04,29.85,57.0,329.55,28.0,300.0,4.41,116.0,98817.0
20080212:0800,12.78,27.65,0.0,0.0,0.0,283.2,4.21,114.0,98846.0
20080212:0900,15.42,22.3,0.0,0.0,0.0,277.0,4.83,116.0,98885.0
20080212:1000,18.44,17.2,0.0,0.0,0.0,282.4,5.38,121.0,98846.0
20080212:1100,21.15,13.65,0.0,0.0,0.0,295.2,5.45,130.0,98866.0
20080212:1200,23.24,11.35,752.0,662.03,257.0,299.4,5.45,138.0,98749.0
20080212:1300,24.92,9.75,756.0,756.15,208.0,317.0,5.31,146.0,98643.0
20080212:1400,25.97,9.05,722.0,995.62,80.0,319.0,4.9,161.0,98565.0
20080212:1500,26.45,8.85,350.0,169.45,263.0,317.8,4.48,168.0,98488.0
20080212:1600,26.46,9.0,174.0,58.91,154.0,327.2,4.21,172.0,98449.0
20080212:1700,26.02,9.35,71.0,118.63,55.0,328.8,3.59,172.0,98439.0
20080212:1800,24.51,10.45,0.0,0.0,0.0,321.8,3.1,174.0,98439.0
20080212:1900,22.77,14.3,0.0,0.0,0.0,324.4,4.48,152.0,98458.0
20080212:2000,21.96,14.65,0.0,0.0,0.0,325.2,4.83,149.0,98497.0
20080212:2100,21.15,15.3,0.0,0.0,0.0,322.8,4.76,146.0,98536.0
20080212:2200,20.54,15.9,0.0,0.0,0.0,325.6,4.76,154.0,98526.0
20080212:2300,20.2,16.45,0.0,0.0,0.0,330.4,5.1,160.0,98536.0
20080213:0000,20.04,16.75,0.0,0.0,0.0,330.0,5.72,162.0,98517.0
20080213:0100,19.8,17.4,0.0,0.0,0.0,331.25,6.0,165.0,98517.0
20080213:0200,19.51,19.05,0.0,0.0,0.0,332.6,6.28,166.0,98488.0
20080213:0300,19.52,21.0,0.0,0.0,0.0,337.2,6.34,168.0,98497.0
20080213:0400,19.27,21.45,0.0,0.0,0.0,331.4,6.14,173.0,98546.0
20080213:0500,19.02,21.55,0.0,0.0,0.0,336.4,6.0,173.0,98555.0
20080213:0600,18.71,22.1,0.0,0.0,0.0,334.2,5.31,165.0,98585.0
20080213:0700,16.98,26.45,26.0,11.0,25.0,324.6,3.72,173.0,98643.0
20080213:0800,17.38,25.1,54.0,0.0,54.0,327.0,3.79,170.0,98730.0
20080213:0900,18.97,22.65,108.0,0.0,108.0,329.6,4.28,170.0,98808.0
20080213:1000,20.91,20.7,196.0,0.0,196.0,334.4,6.55,173.0,98914.0
20080213:1100,22.45,17.1,213.0,0.0,213.0,343.0,7.86,187.0,98914.0
20080213:1200,23.42,16.2,230.0,0.0,230.0,358.2,7.52,207.0,98837.0
20080213:1300,23.57,17.3,256.0,1.37,255.0,368.6,7.31,233.0,98769.0
20080213:1400,22.94,23.95,0.0,0.0,0.0,375.6,7.03,251.0,98788.0
20080213:1500,21.0,34.85,120.0,0.0,120.0,372.4,5.03,251.0,98798.0
20080213:1600,19.32,46.25,80.0,0.0,80.0,373.8,2.97,198.0,98817.0
20080213:1700,18.67,53.65,20.0,0.0,20.0,367.2,3.86,150.0,98837.0
20080213:1800,17.91,60.8,0.0,0.0,0.0,360.2,4.69,135.0,98827.0
20080213:1900,15.92,69.1,0.0,0.0,0.0,346.2,6.0,121.0,98837.0
20080213:2000,16.0,69.75,0.0,0.0,0.0,345.4,6.69,127.0,98885.0
20080213:2100,15.79,69.95,0.0,0.0,0.0,351.6,6.69,129.0,98904.0
20080213:2200,15.23,70.6,0.0,0.0,0.0,330.6,5.93,123.0,98885.0
20080213:2300,15.15,69.35,0.0,0.0,0.0,341.4,5.1,106.0,98885.0
20080214:0000,14.74,70.55,0.0,0.0,0.0,330.6,5.31,87.0,98885.0
20080214:0100,14.24,72.4,0.0,0.0,0.0,324.05,5.79,98.0,98778.0
20080214:0200,14.01,71.8,0.0,0.0,0.0,319.8,6.83,113.0,98740.0
20080214:0300,13.96,70.6,0.0,0.0,0.0,311.0,7.52,111.0,98749.0
20080214:0400,13.96,69.65,0.0,0.0,0.0,312.6,7.66,109.0,98681.0
20080214:0500,13.85,68.85,0.0,0.0,0.0,305.2,7.79,111.0,98681.0
20080214:0600,13.83,68.2,0.0,0.0,0.0,306.2,7.93,113.0,98672.0
20080214:0700,14.12,71.55,65.0,383.5,29.0,295.6,7.66,104.0,98681.0
20080214:0800,15.36,65.55,292.0,713.99,75.0,302.2,7.93,111.0,98711.0
20080214:0900,17.53,57.35,503.0,810.56,109.0,317.0,7.72,117.0,98740.0
20080214:1000,20.0,47.35,700.0,985.77,81.0,323.8,8.9,127.0,98769.0
20080214:1100,22.57,38.4,821.0,1032.22,78.0,328.8,9.59,137.0,98720.0
20080214:1200,24.61,31.6,842.0,946.46,127.0,329.6,10.14,146.0,98633.0
20080214:1300,25.96,26.5,837.0,1037.66,77.0,338.2,10.14,155.0,98536.0
20080214:1400,26.82,22.85,729.0,985.75,86.0,331.0,9.66,166.0,98449.0
20080214:1500,27.32,20.15,556.0,893.3,91.0,338.0,8.97,175.0,98400.0
20080214:1600,27.32,18.7,336.0,716.5,88.0,336.2,7.52,180.0,98362.0
20080214:1700,26.3,19.15,68.0,78.05,57.0,323.2,5.86,182.0,98371.0
20080214:1800,24.06,21.95,0.0,0.0,0.0,317.0,4.76,179.0,98420.0
20080214:1900,22.33,24.25,0.0,0.0,0.0,322.4,4.69,170.0,98420.0
20080214:2000,21.32,24.85,0.0,0.0,0.0,325.6,4.97,164.0,98526.0
20080214:2100,20.39,25.1,0.0,0.0,0.0,319.2,5.24,163.0,98546.0
20080214:2200,19.82,25.6,0.0,0.0,0.0,330.6,5.17,163.0,98536.0
20080214:2300,19.07,26.8,0.0,0.0,0.0,326.4,4.9,164.0,98536.0
20080215:0000,18.15,28.45,0.0,0.0,0.0,316.4,4.69,162.0,98575.0
20080215:0100,17.18,30.45,0.0,0.0,0.0,310.45,4.48,161.0,98536.0
20080215:0200,16.34,32.6,0.0,0.0,0.0,313.6,4.28,161.0,98546.0
20080215:0300,15.35,35.2,0.0,0.0,0.0,305.6,4.0,161.0,98507.0
20080215:0400,14.13,38.55,0.0,0.0,0.0,290.0,3.79,162.0,98536.0
20080215:0500,13.08,42.05,0.0,0.0,0.0,289.8,3.59,163.0,98555.0
20080215:0600,12.06,45.55,0.0,0.0,0.0,285.2,3.45,164.0,98623.0
20080215:0700,10.57,54.25,64.0,319.84,33.0,285.2,2.48,178.0,98691.0
20080215:0800,11.79,52.9,296.0,719.27,75.0,284.2,1.59,232.0,98808.0
20080215:0900,14.9,45.7,515.0,857.75,95.0,287.0,1.31,258.0,98914.0
20080215:1000,17.85,31.8,699.0,959.34,93.0,292.2,1.24,230.0,98953.0
20080215:1100,20.4,24.95,818.0,1003.22,92.0,299.0,1.86,211.0,98943.0
20080215:1200,22.43,20.85,869.0,1036.42,82.0,304.6,2.41,215.0,98875.0
20080215:1300,23.92,18.55,842.0,1039.02,77.0,309.6,2.62,227.0,98788.0
20080215:1400,24.89,17.4,726.0,952.7,101.0,313.4,2.55,239.0,98730.0
20080215:1500,25.3,17.15,558.0,879.64,97.0,315.6,2.28,254.0,98662.0
20080215:1600,25.27,18.0,332.0,666.83,99.0,315.2,2.07,278.0,98652.0
20080215:1700,24.51,23.05,81.0,152.83,59.0,313.4,1.86,310.0,98643.0
20080215:1800,22.88,30.45,0.0,0.0,0.0,309.2,2.14,338.0,98681.0
20080215:1900,21.47,37.0,0.0,0.0,0.0,307.0,2.55,20.0,98681.0
20080215:2000,19.83,42.35,0.0,0.0,0.0,303.8,2.9,41.0,98759.0
20080215:2100,18.22,46.45,0.0,0.0,0.0,301.2,3.1,52.0,98759.0
20080215:2200,16.8,50.0,0.0,0.0,0.0,299.0,3.17,54.0,98798.0
20080215:2300,15.47,53.2,0.0,0.0,0.0,296.8,3.24,49.0,98827.0
20080216:0000,14.3,56.1,0.0,0.0,0.0,295.4,3.45,41.0,98846.0
20080216:0100,13.42,58.4,0.0,0.0,0.0,293.8,3.66,38.0,98808.0
20080216:0200,12.78,60.45,0.0,0.0,0.0,293.2,4.0,38.0,98837.0
20080216:0300,12.35,62.55,0.0,0.0,0.0,294.0,4.34,39.0,98846.0
20080216:0400,11.96,64.85,0.0,0.0,0.0,291.0,4.69,40.0,98875.0
20080216:0500,11.71,66.8,0.0,0.0,0.0,291.4,5.03,41.0,98885.0
20080216:0600,11.64,68.35,0.0,0.0,0.0,295.0,5.45,41.0,98934.0
20080216:0700,12.35,66.05,64.0,299.87,34.0,297.0,5.66,45.0,98992.0
20080216:0800,13.93,61.55,298.0,708.19,78.0,297.6,5.72,46.0,99079.0
20080216:0900,16.86,52.25,522.0,875.78,90.0,300.0,6.07,47.0,99147.0
20080216:1000,19.78,42.85,696.0,926.86,107.0,307.0,6.69,49.0,99205.0
20080216:1100,22.12,35.0,802.0,916.76,135.0,314.6,6.69,48.0,99195.0
20080216:1200,23.86,29.35,843.0,913.19,146.0,321.8,6.41,42.0,99147.0
20080216:1300,24.93,26.35,813.0,903.9,144.0,326.6,6.34,38.0,99069.0
20080216:1400,25.57,24.4,723.0,920.05,116.0,329.2,6.34,36.0,98982.0
20080216:1500,25.83,22.85,559.0,864.29,103.0,330.8,6.41,35.0,98934.0
20080216:1600,25.67,22.0,352.0,785.4,75.0,327.4,6.55,36.0,98953.0
20080216:1700,24.93,22.85,107.0,367.52,53.0,323.0,6.41,37.0,98934.0
20080216:1800,23.21,25.95,0.0,0.0,0.0,318.2,5.72,36.0,98982.0
20080216:1900,21.89,28.6,0.0,0.0,0.0,323.4,6.14,39.0,98992.0
20080216:2000,20.62,31.6,0.0,0.0,0.0,310.2,6.21,42.0,99098.0
20080216:2100,19.5,34.5,0.0,0.0,0.0,306.4,6.21,46.0,99137.0
20080216:2200,18.45,37.0,0.0,0.0,0.0,303.0,6.0,48.0,99205.0
20080216:2300,17.44,39.25,0.0,0.0,0.0,299.6,6.07,50.0,99263.0
20080217:0000,16.53,41.35,0.0,0.0,0.0,295.8,6.0,52.0,99292.0
20080217:0100,15.67,44.05,0.0,0.0,0.0,293.0,6.0,55.0,99273.0
20080217:0200,14.9,47.3,0.0,0.0,0.0,290.2,6.0,58.0,99263.0
20080217:0300,14.14,51.15,0.0,0.0,0.0,287.2,5.93,61.0,99273.0
20080217:0400,13.46,54.65,0.0,0.0,0.0,288.0,5.86,65.0,99292.0
20080217:0500,12.83,57.6,0.0,0.0,0.0,289.8,5.66,61.0,99321.0
20080217:0600,12.02,60.95,0.0,0.0,0.0,278.4,5.93,62.0,99399.0
20080217:0700,11.75,61.4,70.0,348.71,34.0,278.2,5.72,63.0,99467.0
20080217:0800,12.83,57.25,295.0,662.2,87.0,278.0,5.93,64.0,99506.0
20080217:0900,15.16,49.6,516.0,816.99,110.0,282.4,6.9,67.0,99573.0
20080217:1000,17.56,42.85,686.0,861.87,135.0,290.2,7.45,75.0,99603.0
20080217:1100,19.75,36.45,806.0,918.69,134.0,297.6,7.17,80.0,99583.0
20080217:1200,21.53,30.05,847.0,915.04,145.0,304.8,6.62,79.0,99506.0
20080217:1300,22.8,25.45,826.0,939.55,127.0,311.0,6.28,74.0,99418.0
20080217:1400,23.6,22.65,723.0,904.35,123.0,314.4,6.14,66.0,99312.0
20080217:1500,24.01,21.25,566.0,883.07,97.0,315.0,6.28,60.0,99283.0
20080217:1600,23.99,20.95,340.0,671.47,101.0,314.6,6.76,58.0,99234.0
20080217:1700,23.48,21.6,86.0,160.11,62.0,312.4,6.83,59.0,99263.0
20080217:1800,22.11,23.9,0.0,0.0,0.0,309.2,5.86,52.0,99292.0
20080217:1900,20.86,26.15,0.0,0.0,0.0,306.8,6.41,57.0,99370.0
20080217:2000,19.72,29.45,0.0,0.0,0.0,304.6,6.97,61.0,99457.0
20080217:2100,18.65,33.6,0.0,0.0,0.0,302.6,7.38,69.0,99525.0
20080217:2200,17.63,37.75,0.0,0.0,0.0,301.2,7.38,76.0,99564.0
20080217:2300,16.62,41.3,0.0,0.0,0.0,298.8,7.24,77.0,99593.0
20080218:0000,15.64,43.95,0.0,0.0,0.0,295.6,7.1,74.0,99583.0
20080218:0100,14.67,45.9,0.0,0.0,0.0,291.8,6.9,70.0,99612.0
20080218:0200,13.71,47.15,0.0,0.0,0.0,287.4,6.83,67.0,99564.0
20080218:0300,12.8,47.9,0.0,0.0,0.0,283.6,6.9,65.0,99564.0
20080218:0400,11.94,48.8,0.0,0.0,0.0,280.0,6.83,66.0,99573.0
20080218:0500,11.16,50.0,0.0,0.0,0.0,277.0,6.55,65.0,99612.0
20080218:0600,10.43,51.4,0.0,0.0,0.0,274.4,6.14,64.0,99661.0
20080218:0700,10.12,51.05,73.0,347.42,36.0,274.0,6.14,61.0,99738.0
20080218:0800,10.98,47.25,303.0,689.5,84.0,274.2,6.0,62.0,99796.0
20080218:0900,12.75,41.0,523.0,832.89,106.0,277.2,7.52,69.0,99796.0
20080218:1000,14.93,34.55,694.0,880.02,128.0,281.8,7.86,75.0,99806.0
20080218:1100,17.12,29.05,798.0,868.9,159.0,288.0,7.17,76.0,99738.0
20080218:1200,19.09,24.55,887.0,1053.03,75.0,293.4,6.41,75.0,99651.0
20080218:1300,20.61,20.65,782.0,762.21,212.0,298.8,5.93,71.0,99544.0
20080218:1400,21.7,17.45,720.0,872.36,138.0,302.4,5.93,67.0,99389.0
20080218:1500,22.43,15.25,488.0,516.28,212.0,303.8,6.14,66.0,99292.0
20080218:1600,22.7,14.15,359.0,790.72,75.0,304.2,6.14,66.0,99263.0
20080218:1700,22.44,13.9,101.0,261.72,61.0,304.6,5.79,65.0,99254.0
20080218:1800,21.23,14.85,0.0,0.0,0.0,304.4,4.48,58.0,99254.0
20080218:1900,19.75,16.65,0.0,0.0,0.0,310.2,4.97,41.0,99321.0
20080218:2000,18.68,18.05,0.0,0.0,0.0,308.8,5.03,46.0,99360.0
20080218:2100,17.85,19.35,0.0,0.0,0.0,313.2,4.97,54.0,99399.0
20080218:2200,16.85,20.9,0.0,0.0,0.0,302.6,4.97,62.0,99438.0
20080218:2300,15.9,22.35,0.0,0.0,0.0,296.4,4.83,72.0,99399.0
20080219:0000,14.98,23.85,0.0,0.0,0.0,291.6,4.76,77.0,99380.0
20080219:0100,13.93,25.75,0.0,0.0,0.0,284.0,4.55,77.0,99341.0
20080219:0200,12.91,28.0,0.0,0.0,0.0,281.8,4.41,73.0,99331.0
20080219:0300,11.93,30.35,0.0,0.0,0.0,279.0,4.34,67.0,99302.0
20080219:0400,11.03,32.65,0.0,0.0,0.0,276.4,4.34,62.0,99283.0
20080219:0500,10.24,34.85,0.0,0.0,0.0,275.0,4.41,58.0,99273.0
20080219:0600,9.53,36.85,0.0,0.0,0.0,273.4,4.41,57.0,99273.0
20080219:0700,9.3,39.85,73.0,318.68,38.0,275.8,4.48,70.0,99302.0
20080219:0800,10.53,36.75,305.0,678.72,87.0,277.2,4.0,69.0,99350.0
20080219:0900,13.03,31.05,445.0,461.9,212.0,281.0,4.41,65.0,99428.0
20080219:1000,15.4,26.15,721.0,982.9,85.0,286.2,4.14,61.0,99457.0
20080219:1100,17.7,21.6,829.0,972.46,110.0,292.4,3.79,57.0,99428.0
20080219:1200,19.78,17.4,861.0,934.14,137.0,298.4,3.52,55.0,99380.0
20080219:1300,21.4,13.75,844.0,977.82,109.0,303.8,3.31,51.0,99263.0
20080219:1400,22.55,11.2,732.0,907.82,123.0,306.4,3.24,49.0,99147.0
20080219:1500,23.31,9.8,580.0,918.12,86.0,307.4,3.17,44.0,99069.0
20080219:1600,23.61,9.25,343.0,651.27,107.0,307.6,3.38,19.0,99089.0
20080219:1700,23.27,9.75,77.0,83.46,64.0,311.8,5.1,349.0,99108.0
20080219:1800,21.78,11.95,0.0,0.0,0.0,319.4,5.79,344.0,99157.0
20080219:1900,20.04,15.7,0.0,0.0,0.0,324.4,6.48,357.0,99195.0
20080219:2000,19.32,17.15,0.0,0.0,0.0,333.4,4.62,36.0,99137.0
20080219:2100,18.86,16.9,0.0,0.0,0.0,327.8,4.41,60.0,99137.0
20080219:2200,18.54,16.1,0.0,0.0,0.0,330.0,4.28,63.0,99157.0
20080219:2300,17.77,15.8,0.0,0.0,0.0,313.2,3.66,53.0,99166.0
20080220:0000,16.57,16.3,0.0,0.0,0.0,299.6,3.1,41.0,99137.0
20080220:0100,15.23,17.35,0.0,0.0,0.0,296.0,2.76,44.0,99166.0
20080220:0200,13.94,18.5,0.0,0.0,0.0,294.0,2.62,62.0,99098.0
20080220:0300,12.82,19.65,0.0,0.0,0.0,292.8,2.55,82.0,99089.0
20080220:0400,11.8,21.05,0.0,0.0,0.0,291.4,2.48,98.0,99079.0
20080220:0500,11.13,22.45,0.0,0.0,0.0,290.0,2.0,105.0,99069.0
20080220:0600,10.75,23.2,0.0,0.0,0.0,287.8,1.86,105.0,99108.0
20080220:0700,9.01,26.35,76.0,317.95,40.0,289.0,2.62,87.0,99166.0
20080220:0800,10.17,25.2,312.0,708.08,82.0,286.0,1.86,91.0,99224.0
20080220:0900,14.75,17.9,529.0,822.44,111.0,294.0,1.45,107.0,99302.0
20080220:1000,18.0,14.15,707.0,898.63,122.0,300.8,1.1,135.0,99350.0
20080220:1100,20.23,12.25,829.0,956.5,118.0,315.6,0.83,189.0,99302.0
20080220:1200,22.05,11.15,866.0,935.84,137.0,322.8,0.9,229.0,99263.0
20080220:1300,23.36,10.4,840.0,943.74,127.0,317.2,1.03,260.0,99137.0
20080220:1400,24.36,9.65,737.0,908.82,124.0,322.4,1.1,283.0,99069.0
20080220:1500,24.96,9.15,575.0,871.66,103.0,320.0,1.24,306.0,98992.0
20080220:1600,25.19,8.9,350.0,678.44,102.0,317.8,1.52,324.0,98972.0
20080220:1700,25.05,8.95,98.0,201.7,66.0,317.2,1.72,333.0,98963.0
20080220:1800,24.29,9.45,0.0,0.0,0.0,312.8,1.79,338.0,98953.0
20080220:1900,23.49,10.25,0.0,0.0,0.0,310.6,1.86,344.0,99011.0
20080220:2000,22.01,11.55,0.0,0.0,0.0,309.0,2.07,4.0,99069.0
20080220:2100,20.4,12.9,0.0,0.0,0.0,310.0,2.34,25.0,99089.0
20080220:2200,19.07,13.9,0.0,0.0,0.0,315.8,2.76,36.0,99089.0
20080220:2300,17.78,14.95,0.0,0.0,0.0,315.0,2.9,37.0,99098.0
20080221:0000,16.49,16.1,0.0,0.0,0.0,308.2,2.9,38.0,99137.0
20080221:0100,15.41,17.2,0.0,0.0,0.0,310.2,2.9,45.0,99089.0
20080221:0200,14.59,18.1,0.0,0.0,0.0,316.8,3.03,56.0,99050.0
20080221:0300,14.0,18.9,0.0,0.0,0.0,323.2,2.9,62.0,98992.0
20080221:0400,13.33,20.2,0.0,0.0,0.0,315.2,2.97,70.0,98992.0
20080221:0500,12.3,22.4,0.0,0.0,0.0,296.0,3.03,74.0,98943.0
20080221:0600,11.37,24.75,0.0,0.0,0.0,295.8,2.83,69.0,99011.0
20080221:0700,11.11,26.75,86.0,437.08,35.0,294.8,2.9,84.0,99050.0
20080221:0800,12.61,24.55,313.0,684.93,88.0,299.2,2.41,87.0,99127.0
20080221:0900,16.99,18.15,539.0,855.32,101.0,301.6,2.55,98.0,99186.0
20080221:1000,20.8,13.85,712.0,899.32,123.0,307.4,2.34,114.0,99234.0
20080221:1100,23.76,11.25,838.0,975.49,109.0,322.2,2.14,139.0,99205.0
20080221:1200,25.65,10.05,880.0,972.0,119.0,327.8,1.93,157.0,99157.0
20080221:1300,26.75,9.35,854.0,979.81,110.0,334.6,1.31,165.0,99069.0
20080221:1400,27.3,9.6,729.0,861.17,145.0,337.8,0.83,202.0,98972.0
20080221:1500,27.61,10.2,546.0,710.21,159.0,338.2,0.83,250.0,98914.0
20080221:1600,27.69,10.7,328.0,526.17,134.0,333.6,0.97,297.0,98875.0
20080221:1700,27.55,11.0,93.0,148.59,69.0,331.2,1.59,327.0,98885.0
20080221:1800,26.69,11.6,0.0,0.0,0.0,331.8,2.41,340.0,98924.0
20080221:1900,26.09,14.15,0.0,0.0,0.0,324.0,0.62,339.0,98934.0
20080221:2000,24.61,14.75,0.0,0.0,0.0,321.0,1.03,17.0,99031.0
20080221:2100,22.48,16.8,0.0,0.0,0.0,320.8,1.66,23.0,99031.0
20080221:2200,20.54,18.5,0.0,0.0,0.0,316.6,2.34,32.0,99069.0
20080221:2300,19.18,19.75,0.0,0.0,0.0,314.2,2.83,40.0,99069.0
20080222:0000,17.82,21.45,0.0,0.0,0.0,312.2,2.97,49.0,99098.0
20080222:0100,16.59,23.3,0.0,0.0,0.0,310.2,2.97,58.0,99060.0
20080222:0200,15.54,25.2,0.0,0.0,0.0,308.0,3.1,70.0,99001.0
20080222:0300,14.42,27.4,0.0,0.0,0.0,304.8,3.17,83.0,98982.0
20080222:0400,13.43,29.45,0.0,0.0,0.0,301.8,2.9,88.0,99001.0
20080222:0500,12.72,30.8,0.0,0.0,0.0,298.2,3.1,93.0,99001.0
20080222:0600,12.38,31.25,0.0,0.0,0.0,296.4,3.79,105.0,99021.0
20080222:0700,12.9,30.25,75.0,241.25,46.0,296.6,4.14,125.0,99060.0
20080222:0800,14.61,26.3,300.0,568.87,111.0,295.8,3.52,131.0,99147.0
20080222:0900,18.41,19.3,538.0,825.61,112.0,299.8,3.17,141.0,99273.0
20080222:1000,21.7,14.6,697.0,821.04,156.0,307.0,2.76,154.0,99244.0
20080222:1100,24.17,12.1,852.0,1012.89,91.0,314.8,2.34,176.0,99224.0
20080222:1200,25.95,11.05,866.0,903.59,155.0,323.4,2.07,194.0,99176.0
20080222:1300,26.96,10.85,757.0,635.53,272.0,335.2,1.24,215.0,99108.0
20080222:1400,27.62,10.7,575.0,362.29,328.0,339.0,1.38,300.0,99050.0
20080222:1500,28.05,10.8,537.0,656.57,177.0,343.8,2.9,335.0,98992.0
20080222:1600,27.99,11.85,353.0,658.91,108.0,347.4,3.93,356.0,98972.0
20080222:1700,27.55,13.45,91.0,127.77,70.0,354.0,4.76,8.0,98953.0
20080222:1800,26.61,15.55,0.0,0.0,0.0,354.8,4.83,10.0,99011.0
20080222:1900,25.26,18.25,0.0,0.0,0.0,338.6,6.0,10.0,99021.0
20080222:2000,24.22,20.7,0.0,0.0,0.0,334.6,6.48,15.0,99108.0
20080222:2100,23.34,23.0,0.0,0.0,0.0,333.4,6.55,18.0,99127.0
20080222:2200,22.74,25.15,0.0,0.0,0.0,342.6,6.41,20.0,99176.0
20080222:2300,22.14,26.7,0.0,0.0,0.0,344.6,6.34,22.0,99195.0
20080223:0000,21.53,27.3,0.0,0.0,0.0,343.6,6.62,24.0,99186.0
20080223:0100,21.05,26.5,0.0,0.0,0.0,346.05,7.31,22.0,99166.0
20080223:0200,20.71,25.35,0.0,0.0,0.0,358.8,7.79,19.0,99118.0
20080223:0300,20.02,24.55,0.0,0.0,0.0,352.4,7.38,22.0,99060.0
20080223:0400,18.83,23.0,0.0,0.0,0.0,323.0,6.62,33.0,99021.0
20080223:0500,17.93,20.75,0.0,0.0,0.0,320.4,5.86,48.0,98992.0
20080223:0600,17.19,19.75,0.0,0.0,0.0,318.4,5.31,60.0,99031.0
20080223:0700,16.97,20.1,93.0,452.38,37.0,323.4,4.41,78.0,99079.0
20080223:0800,17.66,18.25,243.0,252.96,158.0,325.0,4.28,84.0,99137.0
20080223:0900,19.55,14.65,247.0,28.85,232.0,325.2,5.38,87.0,99157.0
20080223:1000,21.69,11.9,491.0,218.73,346.0,329.0,5.86,91.0,99205.0
20080223:1100,23.64,10.8,652.0,385.27,361.0,339.0,5.93,91.0,99157.0
20080223:1200,25.19,10.9,573.0,189.68,423.0,346.6,6.07,91.0,99060.0
20080223:1300,26.2,11.45,448.0,70.41,394.0,346.4,6.21,88.0,98953.0
20080223:1400,26.86,11.95,377.0,55.44,339.0,355.8,6.34,86.0,98875.0
20080223:1500,26.98,12.35,458.0,364.35,257.0,360.6,6.41,85.0,98778.0
20080223:1600,26.86,12.5,198.0,64.01,174.0,356.2,6.34,86.0,98788.0
20080223:1700,26.42,12.8,80.0,65.8,69.0,356.4,5.72,86.0,98798.0
20080223:1800,25.32,13.6,0.0,0.0,0.0,351.6,4.48,85.0,98827.0
20080223:1900,24.23,14.45,0.0,0.0,0.0,352.4,3.93,91.0,98875.0
20080223:2000,23.32,15.2,0.0,0.0,0.0,355.6,4.34,93.0,98904.0
20080223:2100,22.54,15.85,0.0,0.0,0.0,352.0,4.9,94.0,98914.0
20080223:2200,21.77,16.6,0.0,0.0,0.0,342.8,5.59,92.0,98914.0
20080223:2300,21.11,17.5,0.0,0.0,0.0,343.0,5.86,89.0,98943.0
20080224:0000,20.5,17.85,0.0,0.0,0.0,339.6,5.79,89.0,98924.0
20080224:0100,19.9,18.1,0.0,0.0,0.0,340.05,5.93,85.0,98846.0
20080224:0200,19.46,18.4,0.0,0.0,0.0,349.0,6.62,81.0,98808.0
20080224:0300,18.41,20.5,0.0,0.0,0.0,325.2,6.62,86.0,98711.0
20080224:0400,17.85,21.05,0.0,0.0,0.0,321.2,6.07,92.0,98711.0
20080224:0500,17.77,20.45,0.0,0.0,0.0,341.6,5.72,91.0,98681.0
20080224:0600,17.37,20.25,0.0,0.0,0.0,331.4,5.52,86.0,98701.0
20080224:0700,16.75,22.15,81.0,251.11,49.0,317.8,5.52,83.0,98730.0
20080224:0800,17.82,20.05,239.0,229.51,161.0,322.0,5.1,78.0,98788.0
20080224:0900,19.63,17.55,476.0,511.58,208.0,309.0,6.0,77.0,98846.0
20080224:1000,21.48,15.65,561.0,359.85,321.0,327.8,6.41,82.0,98885.0
20080224:1100,23.33,13.85,739.0,593.94,288.0,327.8,5.86,81.0,98846.0
20080224:1200,24.88,12.45,832.0,760.01,228.0,332.0,5.17,80.0,98778.0
20080224:1300,26.1,11.35,779.0,678.58,256.0,326.4,4.34,79.0,98681.0
20080224:1400,26.92,10.65,734.0,831.68,161.0,330.6,3.59,75.0,98594.0
20080224:1500,27.4,10.35,585.0,846.83,115.0,328.2,3.17,70.0,98507.0
20080224:1600,27.63,10.2,350.0,600.54,123.0,323.2,2.97,68.0,98488.0
20080224:1700,27.53,10.35,101.0,164.73,73.0,325.8,2.76,67.0,98478.0
20080224:1800,26.6,11.05,0.0,0.0,0.0,316.2,2.14,52.0,98478.0
20080224:1900,24.56,12.9,0.0,0.0,0.0,314.2,3.31,29.0,98507.0
20080224:2000,23.05,14.35,0.0,0.0,0.0,310.6,3.79,28.0,98555.0
20080224:2100,21.66,15.8,0.0,0.0,0.0,308.4,4.28,33.0,98594.0
20080224:2200,20.4,17.05,0.0,0.0,0.0,304.6,4.48,41.0,98594.0
20080224:2300,19.22,18.15,0.0,0.0,0.0,301.6,4.48,51.0,98623.0
20080225:0000,18.04,19.35,0.0,0.0,0.0,298.4,4.48,61.0,98614.0
20080225:0100,17.02,20.45,0.0,0.0,0.0,296.0,4.69,69.0,98594.0
20080225:0200,16.29,21.05,0.0,0.0,0.0,293.6,5.17,75.0,98555.0
20080225:0300,15.87,21.25,0.0,0.0,0.0,290.6,5.66,81.0,98517.0
20080225:0400,15.48,21.7,0.0,0.0,0.0,288.4,5.79,85.0,98526.0
20080225:0500,14.88,22.75,0.0,0.0,0.0,285.4,5.79,86.0,98507.0
20080225:0600,14.22,24.15,0.0,0.0,0.0,282.6,5.72,87.0,98555.0
20080225:0700,14.23,24.95,89.0,305.04,49.0,282.4,6.28,87.0,98575.0
20080225:0800,15.69,22.9,323.0,648.77,100.0,282.4,6.0,90.0,98604.0
20080225:0900,18.7,19.0,543.0,786.19,128.0,286.4,6.28,96.0,98643.0
20080225:1000,22.06,15.25,723.0,873.34,137.0,293.0,6.0,106.0,98672.0
20080225:1100,24.9,12.45,853.0,962.86,118.0,300.8,5.66,118.0,98623.0
20080225:1200,26.94,10.4,913.0,1030.48,90.0,308.4,5.38,130.0,98555.0
20080225:1300,28.21,9.05,872.0,983.86,110.0,316.0,4.97,142.0,98429.0
20080225:1400,28.97,8.2,766.0,948.71,109.0,318.6,4.76,149.0,98323.0
20080225:1500,29.36,7.75,567.0,743.3,152.0,322.2,5.17,153.0,98274.0
20080225:1600,29.27,7.75,385.0,808.34,77.0,325.2,5.45,154.0,98216.0
20080225:1700,28.69,8.05,79.0,52.1,70.0,329.2,5.24,150.0,98216.0
20080225:1800,27.27,8.9,0.0,0.0,0.0,331.4,4.48,148.0,98187.0
20080225:1900,25.66,10.05,0.0,0.0,0.0,325.6,4.69,136.0,98226.0
20080225:2000,24.51,11.05,0.0,0.0,0.0,326.2,4.69,125.0,98274.0
20080225:2100,23.57,12.0,0.0,0.0,0.0,328.4,4.9,116.0,98265.0
20080225:2200,22.71,12.95,0.0,0.0,0.0,319.0,5.31,114.0,98265.0
20080225:2300,22.03,13.8,0.0,0.0,0.0,316.2,5.24,116.0,98245.0
20080226:0000,21.34,14.65,0.0,0.0,0.0,317.4,4.55,120.0,98226.0
20080226:0100,20.32,16.0,0.0,0.0,0.0,320.45,3.59,114.0,98168.0
20080226:0200,19.34,17.25,0.0,0.0,0.0,322.2,3.59,99.0,98109.0
20080226:0300,18.59,17.9,0.0,0.0,0.0,317.2,4.21,86.0,98061.0
20080226:0400,17.96,18.3,0.0,0.0,0.0,311.4,4.41,88.0,98022.0
20080226:0500,17.45,18.6,0.0,0.0,0.0,300.6,4.21,103.0,97983.0
20080226:0600,17.35,18.9,0.0,0.0,0.0,296.4,4.48,125.0,98003.0
20080226:0700,20.74,16.15,104.0,474.47,40.0,303.8,10.14,137.0,98012.0
20080226:0800,22.59,15.2,338.0,727.75,85.0,311.2,10.76,134.0,98051.0
20080226:0900,24.86,14.3,545.0,772.72,134.0,312.2,10.9,130.0,98119.0
20080226:1000,27.41,13.0,732.0,890.31,131.0,313.6,12.9,134.0,98119.0
20080226:1100,28.76,11.55,844.0,910.9,145.0,320.8,13.59,138.0,98032.0
20080226:1200,28.98,11.75,747.0,503.38,343.0,323.4,14.07,135.0,97983.0
20080226:1300,28.96,12.55,339.0,11.56,330.0,324.6,13.93,135.0,97916.0
20080226:1400,28.93,12.5,527.0,237.05,362.0,325.8,13.79,138.0,97867.0
20080226:1500,28.5,13.3,451.0,320.52,271.0,325.4,13.66,135.0,97838.0
20080226:1600,28.11,13.7,252.0,166.65,188.0,322.8,13.17,136.0,97848.0
20080226:1700,27.18,14.7,0.0,0.0,0.0,318.6,12.07,136.0,97877.0
20080226:1800,25.69,16.65,0.0,0.0,0.0,314.6,10.21,133.0,97886.0
20080226:1900,25.08,18.5,0.0,0.0,0.0,315.0,9.03,133.0,97945.0
20080226:2000,24.04,21.8,0.0,0.0,0.0,311.8,8.28,130.0,98022.0
20080226:2100,23.2,23.85,0.0,0.0,0.0,311.4,7.59,125.0,98051.0
20080226:2200,22.44,24.85,0.0,0.0,0.0,310.0,6.76,118.0,98032.0
20080226:2300,21.48,25.4,0.0,0.0,0.0,307.6,5.31,107.0,98071.0
20080227:0000,20.06,26.6,0.0,0.0,0.0,310.0,3.38,71.0,98080.0
20080227:0100,18.75,27.4,0.0,0.0,0.0,306.8,4.07,25.0,98100.0
20080227:0200,17.83,28.2,0.0,0.0,0.0,313.2,4.76,29.0,98051.0
20080227:0300,17.35,28.65,0.0,0.0,0.0,306.6,5.86,39.0,98022.0
20080227:0400,16.88,29.4,0.0,0.0,0.0,301.8,6.97,42.0,97983.0
20080227:0500,16.41,29.35,0.0,0.0,0.0,298.8,8.07,39.0,97954.0
20080227:0600,16.06,28.75,0.0,0.0,0.0,296.6,9.31,36.0,97993.0
20080227:0700,16.23,28.2,94.0,295.62,53.0,291.8,7.45,32.0,97993.0
20080227:0800,17.71,24.8,315.0,548.91,122.0,293.2,8.0,32.0,98071.0
20080227:0900,19.77,21.6,513.0,612.01,185.0,297.0,9.79,36.0,98119.0
20080227:1000,21.92,19.7,721.0,827.54,159.0,301.8,10.55,45.0,98158.0
20080227:1100,24.32,17.55,858.0,946.34,128.0,307.2,10.48,54.0,98090.0
20080227:1200,26.36,15.35,879.0,874.17,174.0,315.0,10.14,58.0,97993.0
20080227:1300,27.68,13.6,777.0,639.41,277.0,321.4,10.21,56.0,97916.0
20080227:1400,28.36,12.85,587.0,355.94,338.0,325.0,10.48,53.0,97819.0
20080227:1500,28.61,12.5,496.0,446.14,244.0,325.2,10.69,50.0,97799.0
20080227:1600,28.41,11.75,312.0,366.92,170.0,326.0,11.03,44.0,97819.0
20080227:1700,27.0,13.5,87.0,72.96,74.0,326.2,11.93,36.0,97906.0
20080227:1800,25.24,16.0,0.0,0.0,0.0,324.2,12.41,31.0,98051.0
20080227:1900,23.21,17.6,0.0,0.0,0.0,314.0,13.52,31.0,98148.0
20080227:2000,22.01,18.8,0.0,0.0,0.0,306.8,12.62,36.0,98294.0
20080227:2100,21.19,19.95,0.0,0.0,0.0,304.4,11.66,42.0,98400.0
20080227:2200,20.43,21.1,0.0,0.0,0.0,303.4,10.69,47.0,98429.0
20080227:2300,19.64,22.3,0.0,0.0,0.0,302.0,9.66,49.0,98478.0
20080228:0000,18.83,23.55,0.0,0.0,0.0,300.2,8.55,50.0,98478.0
20080228:0100,18.0,25.05,0.0,0.0,0.0,298.0,7.45,47.0,98526.0
20080228:0200,17.09,26.85,0.0,0.0,0.0,296.0,6.62,38.0,98526.0
20080228:0300,16.14,28.8,0.0,0.0,0.0,294.0,6.34,29.0,98546.0
20080228:0400,15.25,30.8,0.0,0.0,0.0,291.6,6.21,25.0,98565.0
20080228:0500,14.47,32.65,0.0,0.0,0.0,289.4,6.28,26.0,98623.0
20080228:0600,13.83,34.3,0.0,0.0,0.0,287.8,6.34,26.0,98672.0
20080228:0700,13.81,35.25,102.0,357.77,51.0,288.8,6.34,27.0,98720.0
20080228:0800,15.13,32.5,330.0,618.66,110.0,289.2,6.21,29.0,98808.0
20080228:0900,17.49,28.0,554.0,777.76,134.0,293.6,7.52,33.0,98856.0
20080228:1000,19.97,24.25,725.0,828.45,159.0,298.6,8.0,37.0,98914.0
20080228:1100,22.3,21.4,840.0,862.77,171.0,305.4,8.0,38.0,98895.0
20080228:1200,24.28,19.1,873.0,841.59,191.0,311.2,7.93,38.0,98827.0
20080228:1300,25.65,17.35,862.0,899.86,155.0,316.4,7.72,37.0,98788.0
20080228:1400,26.42,16.15,745.0,819.31,169.0,319.2,7.24,33.0,98701.0
20080228:1500,26.75,15.25,584.0,776.33,143.0,319.8,6.97,30.0,98681.0
20080228:1600,26.95,12.88,363.0,607.77,126.0,316.64,6.98,30.0,98662.0
20080228:1700,25.7,14.25,107.0,160.35,78.0,312.9,6.74,30.0,98672.0
20080228:1800,24.46,15.63,0.0,0.0,0.0,309.17,6.5,20.0,98711.0
20080228:1900,23.22,17.0,0.0,0.0,0.0,305.43,6.26,15.0,98759.0
20080228:2000,21.97,18.38,0.0,0.0,0.0,301.7,6.03,19.0,98875.0
20080228:2100,20.73,19.75,0.0,0.0,0.0,297.96,5.79,25.0,98924.0
20080228:2200,19.49,21.13,0.0,0.0,0.0,294.23,5.55,31.0,98992.0
20080228:2300,18.25,22.5,0.0,0.0,0.0,290.49,5.32,37.0,98972.0
20070301:0000,17.0,23.87,0.0,0.0,0.0,286.76,5.08,46.0,99108.0
20070301:0100,15.76,25.25,0.0,0.0,0.0,283.02,4.84,57.0,99098.0
20070301:0200,14.52,26.62,0.0,0.0,0.0,279.29,4.61,67.0,99060.0
20070301:0300,13.28,28.0,0.0,0.0,0.0,275.55,4.37,73.0,99031.0
20070301:0400,12.03,29.37,0.0,0.0,0.0,271.82,4.13,78.0,99021.0
20070301:0500,10.79,30.75,0.0,0.0,0.0,268.08,3.9,81.0,99001.0
20070301:0600,9.55,32.12,0.0,0.0,0.0,264.35,3.66,82.0,99040.0
20070301:0700,8.3,33.5,111.0,409.68,51.0,260.61,3.42,77.0,99089.0
20070301:0800,10.92,29.2,343.0,653.43,108.0,265.8,3.1,74.0,99157.0
20070301:0900,14.76,22.6,555.0,735.14,155.0,270.2,3.24,73.0,99234.0
20070301:1000,18.28,17.85,730.0,801.69,179.0,276.8,3.17,68.0,99254.0
20070301:1100,21.02,14.7,840.0,821.11,200.0,284.4,3.52,59.0,99205.0
20070301:1200,22.89,13.15,869.0,784.78,230.0,290.6,4.34,47.0,99118.0
20070301:1300,24.31,11.75,838.0,776.58,225.0,295.0,5.03,41.0,99011.0
20070301:1400,25.33,10.75,741.0,762.94,202.0,297.8,5.59,38.0,98904.0
20070301:1500,25.94,10.25,577.0,705.49,174.0,299.6,5.86,37.0,98837.0
20070301:1600,26.13,10.2,373.0,628.72,126.0,300.2,5.93,36.0,98808.0
20070301:1700,25.86,10.55,145.0,435.95,65.0,299.8,5.72,35.0,98817.0
20070301:1800,24.35,12.2,0.0,0.0,0.0,298.2,4.55,24.0,98856.0
20070301:1900,22.77,14.15,0.0,0.0,0.0,296.4,4.62,17.0,98885.0
20070301:2000,21.34,16.6,0.0,0.0,0.0,293.8,4.97,18.0,98934.0
20070301:2100,20.12,18.75,0.0,0.0,0.0,291.2,5.1,22.0,98972.0
20070301:2200,19.02,20.6,0.0,0.0,0.0,288.4,5.17,27.0,99001.0
20070301:2300,17.99,22.1,0.0,0.0,0.0,285.0,5.24,33.0,99001.0
20070302:0000,17.01,23.25,0.0,0.0,0.0,282.2,5.31,39.0,99001.0
20070302:0100,16.04,23.7,0.0,0.0,0.0,279.4,5.24,46.0,98953.0
20070302:0200,15.1,23.15,0.0,0.0,0.0,276.8,5.03,54.0,98953.0
20070302:0300,14.15,22.05,0.0,0.0,0.0,274.6,4.76,60.0,98934.0
20070302:0400,13.22,21.25,0.0,0.0,0.0,273.0,4.55,66.0,98943.0
20070302:0500,12.28,21.35,0.0,0.0,0.0,272.4,4.28,69.0,98943.0
20070302:0600,11.35,22.35,0.0,0.0,0.0,271.4,4.07,68.0,99001.0
20070302:0700,10.63,24.5,115.0,418.86,52.0,272.2,3.86,66.0,99060.0
20070302:0800,12.42,21.85,348.0,654.36,110.0,274.8,3.31,66.0,99118.0
20070302:0900,16.4,17.2,560.0,736.91,156.0,280.4,3.1,68.0,99176.0
20070302:1000,20.42,13.6,735.0,802.73,180.0,289.0,2.69,65.0,99205.0
20070302:1100,23.64,11.1,840.0,805.42,209.0,298.6,2.76,58.0,99176.0
20070302:1200,25.67,10.0,878.0,801.86,222.0,306.6,3.31,52.0,99079.0
20070302:1300,27.01,10.5,842.0,778.05,225.0,311.8,4.0,47.0,99001.0
20070302:1400,27.85,11.0,753.0,794.5,189.0,315.0,4.34,44.0,98895.0
20070302:1500,28.27,10.95,584.0,720.78,170.0,317.2,4.55,39.0,98827.0
20070302:1600,28.35,10.95,379.0,641.84,125.0,317.0,4.76,34.0,98808.0
20070302:1700,27.96,11.35,149.0,445.93,66.0,316.0,4.9,28.0,98798.0
20070302:1800,26.42,12.75,0.0,0.0,0.0,313.0,4.34,12.0,98808.0
20070302:1900,24.65,14.55,0.0,0.0,0.0,310.2,5.17,11.0,98866.0
20070302:2000,23.31,15.9,0.0,0.0,0.0,307.2,5.52,14.0,98914.0
20070302:2100,22.2,17.15,0.0,0.0,0.0,304.0,5.59,21.0,98972.0
20070302:2200,21.15,18.5,0.0,0.0,0.0,301.6,5.45,27.0,99021.0
20070302:2300,20.13,19.9,0.0,0.0,0.0,299.0,5.38,33.0,99011.0
20070303:0000,19.18,21.35,0.0,0.0,0.0,296.6,5.45,39.0,99011.0
20070303:0100,18.25,22.9,0.0,0.0,0.0,293.6,5.45,46.0,98963.0
20070303:0200,17.29,24.35,0.0,0.0,0.0,289.6,5.38,54.0,98953.0
20070303:0300,16.3,25.25,0.0,0.0,0.0,285.2,5.1,62.0,98924.0
20070303:0400,15.3,25.5,0.0,0.0,0.0,282.2,4.83,70.0,98895.0
20070303:0500,14.37,25.45,0.0,0.0,0.0,278.4,4.62,76.0,98914.0
20070303:0600,13.49,25.45,0.0,0.0,0.0,276.4,4.41,78.0,98943.0
20070303:0700,12.77,26.85,118.0,414.49,54.0,276.6,4.14,80.0,98992.0
20070303:0800,14.57,23.35,352.0,657.94,110.0,279.8,3.52,79.0,99060.0
20070303:0900,18.56,17.7,564.0,738.63,156.0,286.0,3.38,74.0,99118.0
20070303:1000,22.48,13.75,744.0,819.55,174.0,294.2,3.24,67.0,99147.0
20070303:1100,25.35,12.45,849.0,822.91,201.0,303.8,3.59,59.0,99118.0
20070303:1200,27.08,12.5,877.0,785.94,231.0,311.0,4.48,57.0,99031.0
20070303:1300,28.19,11.4,846.0,778.27,226.0,316.4,4.9,56.0,98943.0
20070303:1400,28.95,10.4,753.0,779.52,197.0,319.6,4.9,56.0,98856.0
20070303:1500,29.38,9.75,591.0,735.94,166.0,320.8,4.69,55.0,98778.0
20070303:1600,29.48,9.4,377.0,619.7,130.0,320.0,4.55,53.0,98749.0
20070303:1700,29.25,9.3,150.0,439.81,67.0,318.2,4.21,50.0,98730.0
20070303:1800,27.77,10.35,0.0,0.0,0.0,315.4,3.24,30.0,98759.0
20070303:1900,25.73,13.0,0.0,0.0,0.0,312.6,3.93,8.0,98798.0
20070303:2000,24.06,15.45,0.0,0.0,0.0,310.4,4.55,10.0,98866.0
20070303:2100,22.75,17.7,0.0,0.0,0.0,307.8,4.97,17.0,98895.0
20070303:2200,21.62,19.5,0.0,0.0,0.0,304.6,5.1,25.0,98924.0
20070303:2300,20.55,21.05,0.0,0.0,0.0,301.2,5.17,34.0,98904.0
20070304:0000,19.43,22.55,0.0,0.0,0.0,297.4,5.1,41.0,98924.0
20070304:0100,18.15,23.85,0.0,0.0,0.0,292.2,4.83,48.0,98856.0
20070304:0200,16.81,24.2,0.0,0.0,0.0,287.2,4.55,56.0,98837.0
20070304:0300,15.56,23.1,0.0,0.0,0.0,282.8,4.41,64.0,98788.0
20070304:0400,14.6,20.75,0.0,0.0,0.0,279.0,4.62,75.0,98769.0
20070304:0500,13.95,18.55,0.0,0.0,0.0,276.4,4.83,85.0,98778.0
20070304:0600,13.39,18.4,0.0,0.0,0.0,274.4,4.76,90.0,98827.0
20070304:0700,13.29,20.1,122.0,422.86,55.0,275.4,4.55,86.0,98875.0
20070304:0800,15.32,18.2,357.0,661.39,111.0,278.2,4.0,84.0,98943.0
20070304:0900,19.36,14.55,569.0,740.31,157.0,283.6,3.86,85.0,99001.0
20070304:1000,23.27,11.65,740.0,789.01,188.0,291.8,3.31,85.0,98963.0
20070304:1100,26.25,9.7,854.0,823.82,202.0,301.4,2.55,82.0,98934.0
20070304:1200,28.01,8.55,882.0,787.15,232.0,310.0,2.0,66.0,98866.0
20070304:1300,28.86,8.6,850.0,778.52,227.0,315.0,2.28,35.0,98769.0
20070304:1400,29.45,8.25,761.0,795.42,191.0,317.8,2.97,16.0,98691.0
20070304:1500,29.71,7.95,598.0,751.0,162.0,317.6,3.66,7.0,98614.0
20070304:1600,29.62,7.95,389.0,670.18,120.0,316.6,4.34,3.0,98585.0
20070304:1700,29.12,8.25,155.0,465.29,66.0,314.4,4.83,1.0,98575.0
20070304:1800,27.63,9.35,0.0,0.0,0.0,311.4,4.69,352.0,98594.0
20070304:1900,26.1,10.85,0.0,0.0,0.0,310.6,4.9,351.0,98623.0
20070304:2000,24.72,12.3,0.0,0.0,0.0,308.0,5.45,358.0,98691.0
20070304:2100,23.52,13.55,0.0,0.0,0.0,304.8,5.59,6.0,98711.0
20070304:2200,22.41,14.7,0.0,0.0,0.0,301.2,5.45,15.0,98759.0
20070304:2300,21.3,15.9,0.0,0.0,0.0,298.2,5.31,22.0,98759.0
20070305:0000,20.25,17.2,0.0,0.0,0.0,295.8,5.17,24.0,98778.0
20070305:0100,19.21,18.6,0.0,0.0,0.0,293.4,5.1,23.0,98720.0
20070305:0200,18.16,19.8,0.0,0.0,0.0,290.0,4.97,24.0,98720.0
20070305:0300,17.11,20.55,0.0,0.0,0.0,286.6,4.83,28.0,98701.0
20070305:0400,16.16,20.8,0.0,0.0,0.0,283.6,4.69,31.0,98701.0
20070305:0500,15.29,20.85,0.0,0.0,0.0,281.0,4.62,34.0,98711.0
20070305:0600,14.41,21.2,0.0,0.0,0.0,278.4,4.48,36.0,98749.0
20070305:0700,13.76,21.2,126.0,430.71,56.0,277.8,4.0,42.0,98788.0
20070305:0800,15.46,19.0,362.0,664.71,112.0,279.0,3.52,35.0,98856.0
20070305:0900,19.03,15.05,577.0,756.21,153.0,283.6,3.79,27.0,98924.0
20070305:1000,22.21,12.25,749.0,805.72,182.0,290.4,4.28,23.0,98904.0
20070305:1100,25.12,10.15,854.0,808.38,211.0,298.2,4.76,20.0,98875.0
20070305:1200,27.78,8.4,891.0,804.04,224.0,305.2,5.45,20.0,98808.0
20070305:1300,29.39,7.45,859.0,794.97,220.0,311.8,6.41,27.0,98711.0
20070305:1400,29.96,6.8,774.0,827.88,178.0,314.4,6.28,27.0,98633.0
20070305:1500,30.1,6.5,605.0,767.65,157.0,314.8,6.14,21.0,98575.0
20070305:1600,29.89,6.5,392.0,673.01,120.0,312.8,6.34,18.0,98575.0
20070305:1700,29.24,6.9,158.0,474.69,66.0,311.0,6.41,15.0,98585.0
20070305:1800,27.5,8.0,0.0,0.0,0.0,307.6,5.66,8.0,98633.0
20070305:1900,26.18,9.6,0.0,0.0,0.0,307.4,5.79,8.0,98672.0
20070305:2000,24.82,11.15,0.0,0.0,0.0,304.6,5.72,11.0,98740.0
20070305:2100,23.59,12.55,0.0,0.0,0.0,302.6,5.45,17.0,98769.0
20070305:2200,22.37,13.75,0.0,0.0,0.0,300.2,5.03,24.0,98788.0
20070305:2300,21.16,14.8,0.0,0.0,0.0,297.6,4.97,28.0,98798.0
20070306:0000,20.02,15.65,0.0,0.0,0.0,295.2,4.9,34.0,98808.0
20070306:0100,18.95,16.25,0.0,0.0,0.0,293.0,4.83,44.0,98778.0
20070306:0200,17.98,16.6,0.0,0.0,0.0,290.8,4.76,55.0,98769.0
20070306:0300,17.04,16.9,0.0,0.0,0.0,288.6,4.55,65.0,98749.0
20070306:0400,16.09,17.4,0.0,0.0,0.0,286.8,4.34,74.0,98759.0
20070306:0500,15.09,18.25,0.0,0.0,0.0,286.6,4.14,78.0,98769.0
20070306:0600,14.16,19.4,0.0,0.0,0.0,286.4,3.93,73.0,98808.0
20070306:0700,13.71,20.35,134.0,480.08,54.0,287.0,3.72,80.0,98885.0
20070306:0800,15.78,17.95,368.0,681.07,109.0,290.4,3.03,79.0,98963.0
20070306:0900,19.99,13.75,588.0,787.79,143.0,295.8,2.41,68.0,99040.0
20070306:1000,23.54,11.1,767.0,854.74,162.0,303.4,2.0,60.0,99069.0
20070306:1100,26.33,9.5,873.0,858.16,187.0,312.0,1.86,58.0,99040.0
20070306:1200,28.27,8.55,900.0,820.8,216.0,319.4,1.86,44.0,98963.0
20070306:1300,29.51,8.15,868.0,812.55,212.0,324.6,2.14,29.0,98875.0
20070306:1400,30.27,8.2,782.0,844.88,171.0,327.8,2.76,13.0,98827.0
20070306:1500,30.61,8.35,612.0,784.18,152.0,328.6,3.45,2.0,98740.0
20070306:1600,30.57,8.55,393.0,661.11,124.0,327.2,4.0,357.0,98740.0
20070306:1700,30.09,8.95,142.0,310.73,81.0,325.2,4.14,354.0,98740.0
20070306:1800,28.76,9.85,0.0,0.0,0.0,322.0,3.72,343.0,98720.0
20070306:1900,27.03,11.0,0.0,0.0,0.0,319.2,3.93,348.0,98740.0
20070306:2000,25.61,12.15,0.0,0.0,0.0,317.2,3.59,354.0,98778.0
20070306:2100,24.19,13.4,0.0,0.0,0.0,315.8,3.52,359.0,98827.0
20070306:2200,22.86,14.7,0.0,0.0,0.0,317.0,3.52,5.0,98904.0
20070306:2300,21.46,16.25,0.0,0.0,0.0,309.6,3.38,15.0,98924.0
20070307:0000,20.0,18.1,0.0,0.0,0.0,307.4,3.03,34.0,98895.0
20070307:0100,18.67,19.95,0.0,0.0,0.0,305.4,3.1,61.0,98846.0
20070307:0200,17.35,21.9,0.0,0.0,0.0,303.8,3.24,81.0,98817.0
20070307:0300,16.09,24.0,0.0,0.0,0.0,302.2,3.1,94.0,98798.0
20070307:0400,14.88,26.35,0.0,0.0,0.0,301.6,2.69,105.0,98788.0
20070307:0500,14.02,28.35,0.0,0.0,0.0,301.6,2.07,118.0,98778.0
20070307:0600,14.75,26.75,0.0,0.0,0.0,298.2,1.45,131.0,98827.0
20070307:0700,15.52,25.2,132.0,415.72,61.0,293.2,0.48,140.0,98837.0
20070307:0800,16.02,24.55,359.0,598.19,129.0,295.4,0.21,284.0,98895.0
20070307:0900,18.9,20.3,567.0,676.55,182.0,299.8,0.55,247.0,98972.0
20070307:1000,22.53,15.7,741.0,747.27,209.0,307.2,1.59,239.0,98953.0
20070307:1100,25.74,12.35,863.0,810.37,212.0,315.6,2.69,245.0,98914.0
20070307:1200,28.13,10.25,910.0,837.44,209.0,323.6,3.72,251.0,98856.0
20070307:1300,29.65,9.25,862.0,781.91,228.0,327.6,4.83,260.0,98740.0
20070307:1400,30.68,8.45,759.0,753.01,212.0,331.4,5.86,271.0,98672.0
20070307:1500,31.23,7.75,615.0,785.34,152.0,332.0,6.41,280.0,98565.0
20070307:1600,31.31,7.35,398.0,676.28,121.0,331.0,6.62,288.0,98497.0
20070307:1700,30.81,7.3,161.0,462.81,69.0,329.4,6.21,294.0,98488.0
20070307:1800,29.24,8.1,0.0,0.0,0.0,328.0,4.48,304.0,98468.0
20070307:1900,27.35,9.3,0.0,0.0,0.0,323.2,3.72,323.0,98507.0
20070307:2000,25.56,10.75,0.0,0.0,0.0,319.4,3.72,353.0,98555.0
20070307:2100,23.92,12.6,0.0,0.0,0.0,315.2,4.07,17.0,98604.0
20070307:2200,22.46,14.8,0.0,0.0,0.0,311.8,4.0,31.0,98643.0
20070307:2300,21.1,17.0,0.0,0.0,0.0,309.6,3.24,46.0,98565.0
20070308:0000,19.48,19.75,0.0,0.0,0.0,308.6,2.34,74.0,98517.0
20070308:0100,19.08,20.7,0.0,0.0,0.0,309.2,1.59,106.0,98468.0
20070308:0200,20.29,18.55,0.0,0.0,0.0,308.4,0.97,175.0,98410.0
20070308:0300,16.82,23.7,0.0,0.0,0.0,307.4,1.93,237.0,98381.0
20070308:0400,14.84,26.35,0.0,0.0,0.0,304.6,2.76,280.0,98352.0
20070308:0500,14.7,26.05,0.0,0.0,0.0,301.4,4.55,319.0,98352.0
20070308:0600,15.02,27.5,0.0,0.0,0.0,299.0,5.66,332.0,98391.0
20070308:0700,14.96,28.4,138.0,445.79,60.0,296.6,5.1,329.0,98410.0
20070308:0800,17.45,28.7,374.0,661.15,117.0,293.2,4.9,336.0,98429.0
20070308:0900,20.73,24.65,585.0,732.66,165.0,288.2,6.34,350.0,98546.0
20070308:1000,22.7,17.85,763.0,810.04,183.0,289.0,8.28,352.0,98488.0
20070308:1100,24.47,11.2,857.0,780.41,227.0,291.8,10.0,349.0,98429.0
20070308:1200,25.79,6.95,914.0,838.5,209.0,294.0,10.9,347.0,98362.0
20070308:1300,26.33,5.5,891.0,862.09,189.0,293.8,11.1,350.0,98245.0
20070308:1400,26.06,5.75,789.0,847.03,171.0,291.4,11.24,358.0,98158.0
20070308:1500,25.38,7.55,594.0,685.26,188.0,289.4,10.97,5.0,98177.0
20070308:1600,24.4,9.95,359.0,460.88,169.0,288.6,10.62,9.0,98187.0
20070308:1700,23.15,12.55,149.0,337.93,81.0,287.2,9.79,14.0,98245.0
20070308:1800,21.62,14.85,0.0,0.0,0.0,285.6,8.41,20.0,98352.0
20070308:1900,20.7,16.1,0.0,0.0,0.0,285.4,7.38,29.0,98439.0
20070308:2000,19.78,16.6,0.0,0.0,0.0,285.0,7.17,23.0,98585.0
20070308:2100,19.05,16.1,0.0,0.0,0.0,282.8,7.86,16.0,98691.0
20070308:2200,18.4,15.5,0.0,0.0,0.0,279.0,9.17,11.0,98711.0
20070308:2300,17.66,15.75,0.0,0.0,0.0,275.2,9.45,7.0,98778.0
20070309:0000,16.61,16.7,0.0,0.0,0.0,271.0,9.03,10.0,98895.0
20070309:0100,15.44,18.85,0.0,0.0,0.0,269.0,8.9,15.0,98914.0
20070309:0200,14.45,23.15,0.0,0.0,0.0,269.0,8.55,12.0,98924.0
20070309:0300,13.59,27.4,0.0,0.0,0.0,269.8,8.21,7.0,98963.0
20070309:0400,12.85,30.6,0.0,0.0,0.0,269.6,8.14,5.0,98963.0
20070309:0500,12.19,33.15,0.0,0.0,0.0,269.0,8.07,5.0,98982.0
20070309:0600,11.63,35.1,0.0,0.0,0.0,268.4,8.14,7.0,99001.0
20070309:0700,11.88,35.65,127.0,306.95,72.0,268.2,8.55,8.0,99079.0
20070309:0800,13.03,33.2,370.0,613.3,129.0,270.4,8.34,7.0,99098.0
20070309:0900,14.61,30.6,596.0,763.7,155.0,274.4,10.34,8.0,99137.0
20070309:1000,16.11,29.2,781.0,858.21,163.0,279.2,11.59,13.0,99157.0
20070309:1100,17.5,27.9,925.0,998.55,115.0,284.8,11.45,16.0,99108.0
20070309:1200,18.82,26.65,983.0,1062.19,86.0,289.8,10.9,20.0,99040.0
20070309:1300,19.96,25.6,947.0,1050.47,88.0,295.2,10.07,22.0,98953.0
20070309:1400,20.83,24.7,822.0,964.84,115.0,299.4,9.31,24.0,98866.0
20070309:1500,21.41,24.0,632.0,833.11,136.0,302.4,8.76,25.0,98827.0
20070309:1600,21.56,23.65,388.0,592.94,142.0,303.0,8.28,26.0,98769.0
20070309:1700,21.27,23.9,164.0,451.78,72.0,302.4,7.66,26.0,98788.0
20070309:1800,20.39,25.15,0.0,0.0,0.0,299.6,5.93,21.0,98837.0
20070309:1900,19.3,26.5,0.0,0.0,0.0,297.2,5.17,13.0,98875.0
20070309:2000,18.31,28.05,0.0,0.0,0.0,294.6,5.03,10.0,98972.0
20070309:2100,17.36,29.5,0.0,0.0,0.0,292.0,4.9,11.0,99021.0
20070309:2200,16.4,31.0,0.0,0.0,0.0,289.6,4.62,12.0,99060.0
20070309:2300,15.44,32.55,0.0,0.0,0.0,286.8,4.34,14.0,99108.0
20070310:0000,14.44,34.3,0.0,0.0,0.0,283.8,4.28,15.0,99079.0
20070310:0100,13.45,35.9,0.0,0.0,0.0,280.6,4.48,15.0,99069.0
20070310:0200,12.61,36.95,0.0,0.0,0.0,277.8,4.97,18.0,99011.0
20070310:0300,11.96,37.75,0.0,0.0,0.0,275.2,5.45,25.0,99050.0
20070310:0400,11.38,39.0,0.0,0.0,0.0,272.4,5.66,32.0,99031.0
20070310:0500,10.87,40.9,0.0,0.0,0.0,270.0,5.72,35.0,99079.0
20070310:0600,10.28,43.3,0.0,0.0,0.0,267.6,5.66,35.0,99098.0
20070310:0700,10.13,44.45,147.0,457.96,63.0,266.0,5.24,32.0,99186.0
20070310:0800,11.8,40.25,387.0,692.32,112.0,266.8,5.52,31.0,99283.0
20070310:0900,13.84,35.7,611.0,809.76,140.0,271.0,6.76,33.0,99341.0
20070310:1000,15.58,31.5,794.0,893.43,147.0,275.4,7.1,35.0,99360.0
20070310:1100,17.11,27.5,901.0,895.63,171.0,280.2,6.62,33.0,99331.0
20070310:1200,18.39,24.3,949.0,924.38,165.0,284.6,6.21,27.0,99263.0
20070310:1300,19.36,21.75,904.0,880.5,181.0,288.0,6.14,20.0,99137.0
20070310:1400,20.07,19.9,801.0,865.64,164.0,289.4,6.34,15.0,99069.0
20070310:1500,20.42,18.65,628.0,802.41,148.0,289.8,6.48,14.0,98982.0
20070310:1600,20.46,17.8,414.0,721.0,113.0,288.4,6.55,14.0,98972.0
20070310:1700,20.05,17.45,171.0,490.24,70.0,286.2,6.34,15.0,98943.0
20070310:1800,19.11,18.0,0.0,0.0,0.0,282.2,5.03,12.0,99001.0
20070310:1900,17.88,18.5,0.0,0.0,0.0,278.6,4.55,8.0,99001.0
20070310:2000,16.75,19.35,0.0,0.0,0.0,276.0,4.48,9.0,99060.0
20070310:2100,15.69,20.15,0.0,0.0,0.0,274.0,4.55,12.0,99079.0
20070310:2200,14.73,20.95,0.0,0.0,0.0,271.0,4.62,17.0,99147.0
20070310:2300,13.73,22.1,0.0,0.0,0.0,267.2,4.55,22.0,99118.0
20070311:0000,12.7,23.75,0.0,0.0,0.0,263.6,4.07,29.0,99118.0
20070311:0100,11.5,26.0,0.0,0.0,0.0,260.2,3.52,38.0,99011.0
20070311:0200,10.25,28.75,0.0,0.0,0.0,258.8,3.17,44.0,98963.0
20070311:0300,9.11,31.55,0.0,0.0,0.0,258.6,3.38,39.0,98953.0
20070311:0400,8.27,33.65,0.0,0.0,0.0,259.0,3.79,31.0,98953.0
20070311:0500,7.97,34.25,0.0,0.0,0.0,258.6,4.48,26.0,98972.0
20070311:0600,7.74,34.6,0.0,0.0,0.0,256.2,5.03,26.0,99011.0
20070311:0700,7.79,34.9,151.0,463.54,64.0,253.4,5.03,27.0,99079.0
20070311:0800,9.86,31.2,392.0,694.93,113.0,249.8,5.45,32.0,99166.0
20070311:0900,12.49,27.65,613.0,795.42,147.0,249.2,6.41,36.0,99224.0
20070311:1000,14.51,23.85,790.0,860.98,163.0,254.0,6.83,37.0,99215.0
20070311:1100,16.17,20.05,901.0,879.19,181.0,260.0,6.34,36.0,99205.0
20070311:1200,17.63,17.75,942.0,891.1,183.0,266.2,5.72,32.0,99118.0
20070311:1300,18.81,16.2,903.0,864.79,190.0,271.6,5.52,27.0,99021.0
20070311:1400,19.65,15.0,804.0,866.1,164.0,275.0,5.31,23.0,98934.0
20070311:1500,20.09,14.3,635.0,818.64,143.0,277.0,5.17,19.0,98856.0
20070311:1600,20.09,14.3,412.0,695.19,120.0,278.0,5.17,15.0,98837.0
20070311:1700,19.64,14.85,174.0,503.9,69.0,277.4,5.24,11.0,98827.0
20070311:1800,18.61,16.2,0.0,0.0,0.0,276.2,4.34,6.0,98866.0
20070311:1900,17.21,17.8,0.0,0.0,0.0,272.8,4.0,8.0,98914.0
20070311:2000,15.97,19.55,0.0,0.0,0.0,270.4,3.86,11.0,98972.0
20070311:2100,14.84,21.3,0.0,0.0,0.0,268.2,3.86,16.0,99079.0
20070311:2200,13.71,23.05,0.0,0.0,0.0,266.4,3.72,21.0,99137.0
20070311:2300,12.59,24.95,0.0,0.0,0.0,265.4,3.31,26.0,99147.0
20070312:0000,11.29,27.4,0.0,0.0,0.0,264.2,2.69,29.0,99137.0
20070312:0100,9.78,30.95,0.0,0.0,0.0,263.4,2.14,28.0,99089.0
20070312:0200,8.79,33.1,0.0,0.0,0.0,262.4,2.07,23.0,99069.0
20070312:0300,7.97,34.95,0.0,0.0,0.0,261.0,2.07,18.0,99031.0
20070312:0400,7.26,36.5,0.0,0.0,0.0,258.8,2.14,14.0,99021.0
20070312:0500,6.19,39.1,0.0,0.0,0.0,257.4,2.34,10.0,99011.0
20070312:0600,5.53,40.15,0.0,0.0,0.0,255.8,3.24,20.0,99069.0
20070312:0700,5.86,38.65,156.0,468.82,66.0,254.2,4.41,29.0,99147.0
20070312:0800,8.69,32.0,403.0,736.89,104.0,254.8,4.76,36.0,99215.0
20070312:0900,12.18,29.4,621.0,813.49,141.0,259.4,5.45,45.0,99263.0
20070312:1000,15.24,29.05,804.0,895.83,148.0,267.2,5.38,51.0,99263.0
20070312:1100,17.74,26.25,910.0,896.96,172.0,275.6,4.9,52.0,99205.0
20070312:1200,19.23,21.35,947.0,892.03,184.0,283.4,4.21,40.0,99118.0
20070312:1300,20.25,18.65,906.0,864.95,190.0,287.8,4.21,24.0,99069.0
20070312:1400,20.94,17.0,812.0,882.78,157.0,289.4,4.48,17.0,98972.0
20070312:1500,21.31,16.0,631.0,790.05,154.0,289.8,4.76,14.0,98924.0
20070312:1600,21.28,15.85,415.0,698.15,120.0,289.0,4.9,12.0,98885.0
20070312:1700,20.83,16.5,176.0,498.34,71.0,287.0,4.83,11.0,98914.0
20070312:1800,19.87,18.05,0.0,0.0,0.0,284.0,3.79,10.0,98934.0
20070312:1900,18.48,20.1,0.0,0.0,0.0,282.0,3.38,14.0,98963.0
20070312:2000,17.24,22.3,0.0,0.0,0.0,279.0,3.38,19.0,99011.0
20070312:2100,15.98,24.7,0.0,0.0,0.0,276.2,3.45,22.0,99040.0
20070312:2200,14.75,27.4,0.0,0.0,0.0,274.2,3.45,24.0,99050.0
20070312:2300,13.61,30.15,0.0,0.0,0.0,272.2,3.59,29.0,99079.0
20070313:0000,12.57,32.95,0.0,0.0,0.0,270.6,3.66,36.0,99069.0
20070313:0100,11.59,35.75,0.0,0.0,0.0,269.0,3.79,43.0,99040.0
20070313:0200,10.71,38.45,0.0,0.0,0.0,267.4,3.86,49.0,98982.0
20070313:0300,9.91,41.15,0.0,0.0,0.0,266.2,3.93,56.0,98992.0
20070313:0400,9.21,43.7,0.0,0.0,0.0,264.4,3.93,62.0,98982.0
20070313:0500,8.62,46.05,0.0,0.0,0.0,263.0,4.07,65.0,98982.0
20070313:0600,8.15,48.05,0.0,0.0,0.0,261.0,4.21,67.0,99040.0
20070313:0700,8.33,49.0,160.0,473.81,67.0,261.0,4.07,68.0,99069.0
20070313:0800,11.17,40.8,406.0,726.75,108.0,262.2,3.93,70.0,99137.0
20070313:0900,15.41,30.85,626.0,814.49,142.0,267.4,4.41,71.0,99205.0
20070313:1000,18.44,23.25,804.0,880.06,156.0,274.8,6.07,68.0,99215.0
20070313:1100,20.12,17.75,914.0,897.67,172.0,281.0,7.17,62.0,99195.0
20070313:1200,21.44,15.25,945.0,875.53,193.0,284.6,7.17,59.0,99137.0
20070313:1300,22.48,13.5,915.0,883.2,181.0,288.0,7.17,56.0,99050.0
20070313:1400,23.22,12.3,806.0,851.05,172.0,289.6,7.24,54.0,98943.0
20070313:1500,23.62,11.55,638.0,806.3,149.0,290.8,7.45,52.0,98885.0
20070313:1600,23.65,11.25,418.0,698.78,121.0,290.2,7.45,50.0,98837.0
20070313:1700,23.27,11.4,179.0,507.06,71.0,289.0,7.24,49.0,98856.0
20070313:1800,22.08,12.65,0.0,0.0,0.0,287.0,5.86,44.0,98875.0
20070313:1900,20.43,14.95,0.0,0.0,0.0,285.2,5.66,37.0,98904.0
20070313:2000,19.24,17.0,0.0,0.0,0.0,283.8,6.07,37.0,98972.0
20070313:2100,18.22,19.3,0.0,0.0,0.0,282.2,6.34,40.0,98992.0
20070313:2200,17.33,21.5,0.0,0.0,0.0,281.2,6.55,45.0,99011.0
20070313:2300,16.48,23.7,0.0,0.0,0.0,279.6,6.55,52.0,99001.0
20070314:0000,15.67,26.1,0.0,0.0,0.0,278.2,6.41,59.0,98992.0
20070314:0100,14.84,28.7,0.0,0.0,0.0,276.2,6.28,63.0,98963.0
20070314:0200,14.02,31.3,0.0,0.0,0.0,273.6,6.14,64.0,98934.0
20070314:0300,13.22,33.85,0.0,0.0,0.0,270.8,6.07,64.0,98934.0
20070314:0400,12.44,36.35,0.0,0.0,0.0,268.4,6.0,65.0,98914.0
20070314:0500,11.71,38.85,0.0,0.0,0.0,265.8,6.07,65.0,98914.0
20070314:0600,11.06,41.25,0.0,0.0,0.0,263.4,6.21,66.0,98924.0
20070314:0700,11.49,42.75,166.0,498.5,66.0,265.8,6.62,62.0,98953.0
20070314:0800,13.42,39.1,411.0,728.88,109.0,268.2,6.34,61.0,99031.0
20070314:0900,16.02,33.75,630.0,817.15,141.0,274.8,7.45,64.0,99040.0
20070314:1000,18.71,27.9,809.0,880.7,157.0,281.8,7.66,69.0,99040.0
20070314:1100,20.96,22.5,924.0,916.46,163.0,289.6,8.0,76.0,98934.0
20070314:1200,22.61,18.05,970.0,945.01,155.0,296.0,7.72,80.0,98856.0
20070314:1300,23.82,15.5,934.0,934.92,154.0,300.0,7.03,77.0,98720.0
20070314:1400,24.73,13.85,831.0,934.6,132.0,302.8,6.62,75.0,98604.0
20070314:1500,25.28,12.9,644.0,822.45,143.0,304.2,6.41,72.0,98497.0
20070314:1600,25.5,12.3,413.0,662.03,130.0,304.4,6.28,72.0,98449.0
20070314:1700,25.28,12.2,174.0,445.97,78.0,303.0,6.07,71.0,98429.0
20070314:1800,24.15,13.2,0.0,0.0,0.0,301.0,4.62,65.0,98439.0
20070314:1900,22.37,16.3,0.0,0.0,0.0,299.8,4.69,37.0,98458.0
20070314:2000,20.91,18.9,0.0,0.0,0.0,297.2,5.38,36.0,98526.0
20070314:2100,19.67,21.35,0.0,0.0,0.0,295.0,5.93,41.0,98546.0
20070314:2200,18.67,23.25,0.0,0.0,0.0,292.2,6.14,49.0,98546.0
20070314:2300,17.81,24.65,0.0,0.0,0.0,289.6,6.28,57.0,98488.0
20070315:0000,17.11,26.25,0.0,0.0,0.0,286.8,6.62,64.0,98507.0
20070315:0100,16.44,28.5,0.0,0.0,0.0,284.4,6.97,67.0,98507.0
20070315:0200,15.7,30.95,0.0,0.0,0.0,282.4,7.17,66.0,98458.0
20070315:0300,14.94,32.95,0.0,0.0,0.0,280.2,7.17,65.0,98468.0
20070315:0400,14.19,34.5,0.0,0.0,0.0,278.2,7.17,64.0,98449.0
20070315:0500,13.5,35.75,0.0,0.0,0.0,276.6,7.1,63.0,98468.0
20070315:0600,12.85,36.85,0.0,0.0,0.0,274.6,6.9,62.0,98478.0
20070315:0700,13.42,35.2,128.0,185.42,90.0,276.0,6.76,61.0,98546.0
20070315:0800,15.12,31.45,405.0,666.47,126.0,277.6,6.41,60.0,98555.0
20070315:0900,17.66,26.8,639.0,833.07,137.0,282.6,7.24,64.0,98604.0
20070315:1000,20.32,22.5,818.0,898.82,149.0,290.2,6.69,66.0,98565.0
20070315:1100,22.85,18.95,923.0,900.35,172.0,298.8,5.72,65.0,98507.0
20070315:1200,24.96,16.3,974.0,945.84,155.0,307.6,5.03,62.0,98391.0
20070315:1300,26.61,14.35,932.0,918.22,163.0,315.4,4.62,59.0,98294.0
20070315:1400,27.76,13.0,826.0,901.69,149.0,320.2,4.21,55.0,98158.0
20070315:1500,28.45,12.05,647.0,823.82,143.0,322.6,3.86,52.0,98061.0
20070315:1600,28.68,11.55,421.0,688.56,125.0,323.0,3.45,49.0,97983.0
20070315:1700,28.57,11.35,177.0,459.77,77.0,321.0,2.76,49.0,97983.0
20070315:1800,27.55,12.1,0.0,0.0,0.0,317.6,1.93,23.0,97974.0
20070315:1900,24.52,16.6,0.0,0.0,0.0,311.0,4.97,346.0,98003.0
20070315:2000,22.96,19.2,0.0,0.0,0.0,307.6,5.66,353.0,98051.0
20070315:2100,21.68,21.25,0.0,0.0,0.0,303.8,5.72,1.0,98109.0
20070315:2200,20.43,22.9,0.0,0.0,0.0,299.8,5.1,4.0,98168.0
20070315:2300,19.06,24.55,0.0,0.0,0.0,295.2,4.28,1.0,98168.0
20070316:0000,17.55,26.6,0.0,0.0,0.0,290.6,3.52,351.0,98158.0
20070316:0100,16.0,29.05,0.0,0.0,0.0,286.8,3.38,335.0,98139.0
20070316:0200,14.63,31.3,0.0,0.0,0.0,283.8,3.72,321.0,98129.0
20070316:0300,13.56,32.9,0.0,0.0,0.0,281.2,4.21,317.0,98139.0
20070316:0400,12.72,34.05,0.0,0.0,0.0,278.0,4.28,317.0,98158.0
20070316:0500,11.86,35.45,0.0,0.0,0.0,274.0,4.14,315.0,98177.0
20070316:0600,11.03,37.05,0.0,0.0,0.0,270.6,4.14,313.0,98265.0
20070316:0700,11.0,38.2,168.0,439.58,76.0,268.6,4.07,324.0,98323.0
20070316:0800,13.13,33.25,414.0,695.17,120.0,269.6,4.07,330.0,98410.0
20070316:0900,15.89,28.0,640.0,819.11,143.0,275.6,4.41,334.0,98478.0
20070316:1000,18.59,23.7,827.0,916.77,141.0,282.8,4.69,337.0,98468.0
20070316:1100,20.92,20.65,947.0,970.35,134.0,291.4,5.24,338.0,98449.0
20070316:1200,22.74,18.7,957.0,877.68,194.0,299.4,5.86,340.0,98342.0
20070316:1300,24.02,17.5,951.0,971.89,134.0,305.6,6.48,342.0,98255.0
20070316:1400,24.77,16.55,779.0,729.76,229.0,309.2,6.62,345.0,98177.0
20070316:1500,25.03,16.1,639.0,778.02,161.0,312.6,6.21,349.0,98187.0
20070316:1600,24.83,16.45,428.0,717.16,118.0,310.6,5.45,355.0,98168.0
20070316:1700,24.29,17.45,166.0,350.46,89.0,308.6,4.62,0.0,98255.0
20070316:1800,23.25,19.25,0.0,0.0,0.0,306.2,3.59,1.0,98274.0
20070316:1900,21.84,21.6,0.0,0.0,0.0,313.2,3.31,359.0,98342.0
20070316:2000,20.6,24.0,0.0,0.0,0.0,309.6,3.52,2.0,98429.0
20070316:2100,19.28,26.65,0.0,0.0,0.0,299.2,3.86,6.0,98517.0
20070316:2200,18.14,29.25,0.0,0.0,0.0,296.0,4.21,7.0,98575.0
20070316:2300,17.13,31.65,0.0,0.0,0.0,293.8,4.41,6.0,98565.0
20070317:0000,16.19,33.9,0.0,0.0,0.0,291.2,4.62,6.0,98575.0
20070317:0100,15.42,36.0,0.0,0.0,0.0,288.6,5.66,12.0,98585.0
20070317:0200,14.67,40.3,0.0,0.0,0.0,285.8,6.55,22.0,98565.0
20070317:0300,13.73,47.0,0.0,0.0,0.0,283.0,6.41,31.0,98555.0
20070317:0400,12.86,52.45,0.0,0.0,0.0,280.4,6.07,34.0,98604.0
20070317:0500,12.14,56.0,0.0,0.0,0.0,278.0,6.0,35.0,98614.0
20070317:0600,11.55,57.6,0.0,0.0,0.0,275.8,6.0,36.0,98681.0
20070317:0700,11.92,54.75,174.0,458.69,76.0,274.6,5.93,39.0,98720.0
20070317:0800,13.8,46.3,419.0,697.56,121.0,276.4,6.21,43.0,98817.0
20070317:0900,16.14,37.8,642.0,805.37,150.0,281.0,7.17,50.0,98875.0
20070317:1000,18.63,31.2,827.0,901.34,149.0,288.0,7.03,53.0,98895.0
20070317:1100,20.92,26.4,932.0,901.94,173.0,296.2,7.1,54.0,98856.0
20070317:1200,22.63,22.8,982.0,947.59,155.0,302.6,7.45,51.0,98817.0
20070317:1300,23.86,19.35,929.0,885.35,182.0,307.4,7.31,47.0,98730.0
20070317:1400,24.65,17.15,824.0,869.81,166.0,309.4,7.31,44.0,98614.0
20070317:1500,25.04,15.95,649.0,808.84,150.0,309.6,7.31,42.0,98585.0
20070317:1600,25.0,15.65,431.0,717.9,119.0,309.0,7.38,40.0,98555.0
20070317:1700,24.5,16.05,186.0,500.23,75.0,306.8,7.38,40.0,98585.0
20070317:1800,23.38,17.4,0.0,0.0,0.0,304.0,6.34,34.0,98604.0
20070317:1900,21.66,19.55,0.0,0.0,0.0,299.8,6.41,27.0,98643.0
20070317:2000,20.5,21.35,0.0,0.0,0.0,297.2,6.69,26.0,98740.0
20070317:2100,19.47,23.3,0.0,0.0,0.0,294.8,6.76,28.0,98788.0
20070317:2200,18.54,25.45,0.0,0.0,0.0,292.8,6.83,31.0,98827.0
20070317:2300,17.68,27.8,0.0,0.0,0.0,291.4,6.83,35.0,98866.0
20070318:0000,16.89,30.3,0.0,0.0,0.0,290.2,6.69,39.0,98846.0
20070318:0100,16.09,32.8,0.0,0.0,0.0,288.6,6.34,42.0,98856.0
20070318:0200,15.28,35.2,0.0,0.0,0.0,286.4,6.0,47.0,98827.0
20070318:0300,14.52,37.35,0.0,0.0,0.0,284.2,5.72,52.0,98808.0
20070318:0400,13.85,39.2,0.0,0.0,0.0,281.8,5.59,57.0,98808.0
20070318:0500,13.26,40.75,0.0,0.0,0.0,280.0,5.59,61.0,98817.0
20070318:0600,12.78,41.95,0.0,0.0,0.0,278.0,5.66,64.0,98856.0
20070318:0700,13.24,40.65,180.0,486.2,74.0,278.6,5.52,65.0,98895.0
20070318:0800,15.5,34.85,429.0,727.72,115.0,280.0,5.45,66.0,98963.0
20070318:0900,18.54,28.45,646.0,808.1,149.0,285.2,6.34,68.0,98992.0
20070318:1000,21.15,23.85,813.0,837.16,180.0,292.4,6.83,70.0,99001.0
20070318:1100,23.09,19.7,931.0,885.03,183.0,300.2,6.9,72.0,98972.0
20070318:1200,24.47,16.7,975.0,913.14,175.0,306.8,6.14,68.0,98914.0
20070318:1300,25.48,14.7,906.0,804.21,225.0,312.0,5.52,61.0,98788.0
20070318:1400,26.2,13.4,818.0,838.98,181.0,315.0,5.31,54.0,98701.0
20070318:1500,26.63,12.6,648.0,794.26,156.0,317.2,5.31,49.0,98623.0
20070318:1600,26.73,12.2,424.0,666.05,133.0,314.8,5.31,47.0,98555.0
20070318:1700,26.46,12.3,187.0,490.95,77.0,312.2,5.24,45.0,98536.0
20070318:1800,25.4,13.3,0.0,0.0,0.0,308.2,4.41,35.0,98546.0
20070318:1900,23.37,15.55,0.0,0.0,0.0,304.4,5.1,27.0,98546.0
20070318:2000,22.06,17.25,0.0,0.0,0.0,301.8,5.59,29.0,98614.0
20070318:2100,20.92,18.95,0.0,0.0,0.0,299.0,5.86,33.0,98662.0
20070318:2200,19.85,20.75,0.0,0.0,0.0,296.6,5.93,38.0,98720.0
20070318:2300,18.82,22.6,0.0,0.0,0.0,294.8,5.79,42.0,98759.0
20070319:0000,17.76,24.55,0.0,0.0,0.0,292.6,5.45,45.0,98749.0
20070319:0100,16.68,26.6,0.0,0.0,0.0,290.0,5.17,47.0,98720.0
20070319:0200,15.66,28.65,0.0,0.0,0.0,287.4,4.97,48.0,98662.0
20070319:0300,14.73,30.6,0.0,0.0,0.0,284.6,4.97,50.0,98652.0
20070319:0400,13.9,32.45,0.0,0.0,0.0,282.8,4.9,52.0,98652.0
20070319:0500,13.13,34.4,0.0,0.0,0.0,280.0,4.69,54.0,98662.0
20070319:0600,12.37,36.45,0.0,0.0,0.0,278.8,4.48,58.0,98691.0
20070319:0700,11.92,39.2,189.0,526.11,72.0,275.8,3.86,60.0,98701.0
20070319:0800,14.19,34.15,438.0,757.3,108.0,277.4,3.38,62.0,98749.0
20070319:0900,17.58,27.6,658.0,839.89,138.0,282.0,3.17,63.0,98759.0
20070319:1000,20.7,22.4,836.0,903.94,149.0,289.8,3.03,58.0,98769.0
20070319:1100,22.74,18.3,945.0,920.14,164.0,298.0,3.31,44.0,98720.0
20070319:1200,24.21,15.05,979.0,913.11,176.0,305.8,3.03,34.0,98643.0
20070319:1300,25.34,13.0,941.0,903.74,173.0,309.2,2.9,28.0,98526.0
20070319:1400,26.07,12.0,834.0,888.48,157.0,312.4,2.48,23.0,98410.0
20070319:1500,26.37,11.55,658.0,826.48,144.0,314.0,1.66,13.0,98371.0
20070319:1600,26.38,11.35,433.0,705.88,123.0,313.4,1.17,348.0,98294.0
20070319:1700,26.14,11.4,192.0,521.68,74.0,310.0,1.1,310.0,98245.0
20070319:1800,25.61,11.85,0.0,0.0,0.0,306.0,1.59,281.0,98216.0
20070319:1900,24.42,12.75,0.0,0.0,0.0,302.4,2.34,275.0,98187.0
20070319:2000,22.96,14.05,0.0,0.0,0.0,299.2,2.69,269.0,98177.0
20070319:2100,21.41,15.35,0.0,0.0,0.0,295.8,3.03,260.0,98216.0
20070319:2200,19.97,16.55,0.0,0.0,0.0,293.2,3.24,255.0,98245.0
20070319:2300,18.62,17.65,0.0,0.0,0.0,289.0,3.31,259.0,98177.0
20070320:0000,17.33,18.8,0.0,0.0,0.0,285.4,3.38,261.0,98148.0
20070320:0100,16.0,20.15,0.0,0.0,0.0,282.2,3.31,263.0,98090.0
20070320:0200,14.7,21.75,0.0,0.0,0.0,279.8,3.1,263.0,98032.0
20070320:0300,13.46,23.45,0.0,0.0,0.0,277.2,3.03,258.0,97974.0
20070320:0400,12.23,25.55,0.0,0.0,0.0,275.4,2.83,252.0,97935.0
20070320:0500,11.38,27.25,0.0,0.0,0.0,274.8,2.41,245.0,97886.0
20070320:0600,10.82,28.35,0.0,0.0,0.0,274.2,2.34,236.0,97896.0
20070320:0700,10.28,31.85,152.0,229.32,100.0,278.8,2.62,215.0,97906.0
20070320:0800,13.2,27.0,441.0,747.69,112.0,283.8,2.14,209.0,97945.0
20070320:0900,18.55,18.95,641.0,750.94,173.0,291.8,2.76,213.0,97974.0
20070320:1000,22.45,15.3,808.0,792.03,203.0,302.6,4.21,218.0,97993.0
20070320:1100,25.69,12.9,988.0,1059.42,85.0,316.2,5.38,225.0,97867.0
20070320:1200,27.88,11.45,972.0,880.28,195.0,324.6,5.52,233.0,97789.0
20070320:1300,29.23,10.6,876.0,700.08,279.0,332.4,5.03,241.0,97634.0
20070320:1400,30.16,10.15,786.0,717.97,237.0,348.6,4.83,240.0,97518.0
20070320:1500,30.07,11.2,639.0,736.77,179.0,358.8,4.97,226.0,97421.0
20070320:1600,30.58,12.3,406.0,559.58,159.0,369.2,6.21,235.0,97353.0
20070320:1700,30.98,15.75,168.0,315.38,96.0,357.6,7.03,244.0,97295.0
20070320:1800,30.69,18.9,0.0,0.0,0.0,364.8,6.76,239.0,97305.0
20070320:1900,28.12,27.2,0.0,0.0,0.0,359.2,11.79,238.0,97314.0
20070320:2000,26.92,29.6,0.0,0.0,0.0,348.0,11.24,242.0,97382.0
20070320:2100,26.42,29.7,0.0,0.0,0.0,343.4,10.62,245.0,97431.0
20070320:2200,26.21,29.2,0.0,0.0,0.0,346.4,10.41,245.0,97411.0
20070320:2300,25.98,29.5,0.0,0.0,0.0,351.6,9.93,242.0,97460.0
20070321:0000,25.65,30.55,0.0,0.0,0.0,356.8,9.52,237.0,97431.0
20070321:0100,25.21,32.35,0.0,0.0,0.0,359.25,8.9,237.0,97392.0
20070321:0200,24.73,33.5,0.0,0.0,0.0,358.0,7.79,241.0,97334.0
20070321:0300,24.13,34.2,0.0,0.0,0.0,358.6,6.62,247.0,97285.0
20070321:0400,23.33,35.05,0.0,0.0,0.0,356.4,5.38,254.0,97266.0
20070321:0500,22.61,35.45,0.0,0.0,0.0,361.6,4.97,256.0,97285.0
20070321:0600,21.94,35.4,0.0,0.0,0.0,369.2,4.28,272.0,97314.0
20070321:0700,20.43,35.45,112.0,60.57,98.0,363.8,3.59,325.0,97421.0
20070321:0800,19.89,33.7,288.0,148.56,222.0,368.2,2.28,344.0,97489.0
20070321:0900,20.39,31.1,173.0,0.0,173.0,366.4,1.31,329.0,97537.0
20070321:1000,20.94,29.0,264.0,1.3,263.0,372.4,1.79,252.0,97673.0
20070321:1100,21.59,27.3,162.0,0.0,162.0,377.0,4.14,236.0,97634.0
20070321:1200,21.51,26.7,166.0,0.0,166.0,382.6,5.79,254.0,97596.0
20070321:1300,20.17,38.8,407.0,21.04,389.0,383.2,5.38,254.0,97489.0
20070321:1400,21.8,35.2,331.0,11.73,322.0,374.8,6.48,232.0,97373.0
20070321:1500,23.44,30.3,473.0,244.12,320.0,371.0,7.66,236.0,97266.0
20070321:1600,24.73,25.35,440.0,721.36,120.0,354.8,8.48,245.0,97188.0
20070321:1700,25.46,21.8,197.0,529.55,75.0,338.0,8.41,249.0,97111.0
20070321:1800,24.92,21.9,0.0,0.0,0.0,330.8,6.34,254.0,97062.0
20070321:1900,23.31,25.95,0.0,0.0,0.0,327.4,4.76,232.0,97072.0
20070321:2000,22.57,26.4,0.0,0.0,0.0,318.8,6.55,248.0,97179.0
20070321:2100,21.91,25.65,0.0,0.0,0.0,315.0,9.1,270.0,97314.0
20070321:2200,20.65,29.9,0.0,0.0,0.0,307.8,9.17,276.0,97382.0
20070321:2300,19.63,34.1,0.0,0.0,0.0,303.2,7.79,274.0,97431.0
20070322:0000,18.7,36.8,0.0,0.0,0.0,299.8,6.55,272.0,97460.0
20070322:0100,17.86,38.55,0.0,0.0,0.0,298.0,6.07,274.0,97450.0
20070322:0200,17.33,38.7,0.0,0.0,0.0,297.2,6.69,288.0,97479.0
20070322:0300,16.71,38.05,0.0,0.0,0.0,294.0,8.21,318.0,97479.0
20070322:0400,14.64,30.9,0.0,0.0,0.0,286.4,12.07,360.0,97615.0
20070322:0500,11.91,28.3,0.0,0.0,0.0,269.8,11.72,12.0,97819.0
20070322:0600,10.51,31.9,0.0,0.0,0.0,257.8,10.21,17.0,98022.0
20070322:0700,10.57,32.5,198.0,505.31,79.0,257.2,9.59,26.0,98197.0
20070322:0800,11.36,31.85,450.0,751.37,113.0,255.8,10.0,29.0,98303.0
20070322:0900,12.86,27.4,696.0,953.56,94.0,253.4,10.62,31.0,98449.0
20070322:1000,14.49,21.25,858.0,941.08,132.0,255.8,10.41,32.0,98517.0
20070322:1100,16.08,16.0,967.0,957.68,144.0,260.2,10.14,31.0,98565.0
20070322:1200,17.32,13.25,990.0,915.55,176.0,264.0,9.45,31.0,98565.0
20070322:1300,18.19,11.7,995.0,1061.09,84.0,266.2,8.48,30.0,98555.0
20070322:1400,18.69,11.0,847.0,906.64,149.0,267.2,7.79,28.0,98507.0
20070322:1500,18.84,10.9,693.0,953.77,93.0,267.6,7.66,25.0,98507.0
20070322:1600,18.62,11.4,391.0,473.33,180.0,267.2,7.59,24.0,98468.0
20070322:1700,18.01,12.35,175.0,339.87,96.0,266.2,7.17,25.0,98526.0
20070322:1800,16.94,14.2,0.0,0.0,0.0,265.0,6.0,25.0,98546.0
20070322:1900,15.59,17.7,0.0,0.0,0.0,263.6,4.9,22.0,98604.0
20070322:2000,14.43,20.0,0.0,0.0,0.0,261.6,5.1,26.0,98691.0
20070322:2100,13.44,21.45,0.0,0.0,0.0,260.0,5.17,32.0,98798.0
20070322:2200,12.53,22.7,0.0,0.0,0.0,259.8,4.9,40.0,98875.0
20070322:2300,11.59,24.0,0.0,0.0,0.0,257.4,4.55,47.0,98924.0
20070323:0000,10.61,25.3,0.0,0.0,0.0,253.0,4.28,55.0,98914.0
20070323:0100,9.67,26.5,0.0,0.0,0.0,252.8,4.21,62.0,98904.0
20070323:0200,8.73,27.55,0.0,0.0,0.0,248.4,4.07,68.0,98856.0
20070323:0300,7.79,28.65,0.0,0.0,0.0,244.4,4.0,73.0,98856.0
20070323:0400,6.86,29.75,0.0,0.0,0.0,241.4,3.93,76.0,98846.0
20070323:0500,5.94,30.9,0.0,0.0,0.0,238.4,3.86,74.0,98875.0
20070323:0600,5.01,32.2,0.0,0.0,0.0,235.6,3.79,70.0,98885.0
20070323:0700,4.88,33.3,203.0,508.64,81.0,234.4,3.66,50.0,98924.0
20070323:0800,7.62,27.05,450.0,726.7,121.0,236.4,3.59,51.0,98982.0
20070323:0900,11.0,20.45,670.0,815.33,152.0,241.4,3.79,55.0,99050.0
20070323:1000,13.89,16.0,853.0,908.16,149.0,248.2,3.93,64.0,99011.0
20070323:1100,16.08,13.4,951.0,888.95,184.0,256.0,3.86,74.0,98992.0
20070323:1200,17.52,12.2,1009.0,968.38,145.0,262.8,3.45,67.0,98904.0
20070323:1300,18.66,11.15,954.0,905.53,174.0,268.0,3.17,58.0,98808.0
20070323:1400,19.57,10.35,841.0,873.88,166.0,272.4,3.1,51.0,98740.0
20070323:1500,20.18,9.85,669.0,829.92,145.0,275.4,2.97,46.0,98672.0
20070323:1600,20.44,9.65,447.0,738.99,116.0,276.8,2.69,42.0,98623.0
20070323:1700,20.35,9.65,201.0,533.1,76.0,276.4,2.41,40.0,98604.0
20070323:1800,19.75,10.95,0.0,0.0,0.0,274.6,2.0,25.0,98594.0
20070323:1900,17.95,14.55,0.0,0.0,0.0,270.6,2.34,13.0,98594.0
20070323:2000,16.72,17.3,0.0,0.0,0.0,269.0,2.48,12.0,98652.0
20070323:2100,15.33,20.2,0.0,0.0,0.0,267.8,2.55,16.0,98691.0
20070323:2200,13.88,23.1,0.0,0.0,0.0,266.2,2.83,20.0,98681.0
20070323:2300,12.43,24.95,0.0,0.0,0.0,265.2,3.24,27.0,98730.0
20070324:0000,11.22,25.0,0.0,0.0,0.0,263.4,3.45,36.0,98720.0
20070324:0100,10.22,24.8,0.0,0.0,0.0,261.6,3.52,47.0,98633.0
20070324:0200,9.29,25.1,0.0,0.0,0.0,259.8,3.52,59.0,98585.0
20070324:0300,8.38,25.95,0.0,0.0,0.0,258.4,3.52,71.0,98546.0
20070324:0400,7.57,27.0,0.0,0.0,0.0,256.8,3.66,84.0,98517.0
20070324:0500,6.91,27.9,0.0,0.0,0.0,255.6,3.79,94.0,98526.0
20070324:0600,6.36,28.95,0.0,0.0,0.0,254.6,3.86,101.0,98536.0
20070324:0700,6.82,29.65,202.0,466.81,88.0,256.4,3.45,100.0,98585.0
20070324:0800,10.3,23.8,433.0,612.79,153.0,260.8,3.17,108.0,98633.0
20070324:0900,15.09,17.6,670.0,800.87,158.0,269.0,2.9,119.0,98662.0
20070324:1000,18.98,12.8,802.0,720.24,241.0,278.6,3.03,139.0,98681.0
20070324:1100,21.11,10.7,954.0,890.08,183.0,291.0,3.1,162.0,98633.0
20070324:1200,22.79,9.9,1013.0,969.52,145.0,295.0,3.1,172.0,98517.0
20070324:1300,24.1,9.7,983.0,994.04,124.0,300.2,3.1,181.0,98400.0
20070324:1400,24.99,9.75,883.0,1024.64,89.0,296.8,3.03,187.0,98265.0
20070324:1500,25.52,9.65,667.0,814.33,151.0,299.8,3.03,189.0,98197.0
20070324:1600,25.69,9.5,447.0,724.43,121.0,301.8,3.24,191.0,98129.0
20070324:1700,25.48,9.45,202.0,524.33,78.0,302.0,3.93,193.0,98100.0
20070324:1800,24.57,10.15,0.0,0.0,0.0,301.8,3.86,196.0,98080.0
20070324:1900,22.86,11.75,0.0,0.0,0.0,302.0,4.28,191.0,98061.0
20070324:2000,21.59,12.75,0.0,0.0,0.0,299.0,4.41,188.0,98129.0
20070324:2100,20.36,13.7,0.0,0.0,0.0,295.6,4.62,185.0,98148.0
20070324:2200,19.25,14.45,0.0,0.0,0.0,291.4,5.03,177.0,98139.0
20070324:2300,18.28,15.1,0.0,0.0,0.0,288.4,5.59,170.0,98109.0
20070325:0000,17.46,15.6,0.0,0.0,0.0,286.6,5.93,165.0,98080.0
20070325:0100,16.74,16.1,0.0,0.0,0.0,285.4,6.0,165.0,98042.0
20070325:0200,16.0,16.7,0.0,0.0,0.0,284.8,5.72,170.0,97954.0
20070325:0300,15.18,17.5,0.0,0.0,0.0,283.4,5.38,177.0,97954.0
20070325:0400,14.31,18.4,0.0,0.0,0.0,281.2,5.17,182.0,97964.0
20070325:0500,13.41,19.3,0.0,0.0,0.0,279.2,4.83,188.0,97983.0
20070325:0600,12.43,20.35,0.0,0.0,0.0,277.8,4.28,197.0,98022.0
20070325:0700,12.77,19.85,210.0,498.89,86.0,280.0,3.93,200.0,98061.0
20070325:0800,15.33,16.1,460.0,730.85,123.0,283.4,3.66,202.0,98129.0
20070325:0900,18.46,12.15,682.0,833.27,146.0,290.2,4.14,210.0,98139.0
20070325:1000,21.2,11.05,867.0,926.44,142.0,298.0,3.93,225.0,98129.0
20070325:1100,23.67,12.2,979.0,959.09,145.0,306.8,3.72,242.0,98071.0
20070325:1200,25.81,14.2,1027.0,1006.32,123.0,314.8,4.0,253.0,98012.0
20070325:1300,27.12,15.25,981.0,977.07,134.0,320.6,4.97,249.0,97896.0
20070325:1400,27.85,14.3,865.0,941.65,133.0,323.2,5.93,246.0,97828.0
20070325:1500,28.11,13.75,677.0,846.07,139.0,322.8,6.14,246.0,97731.0
20070325:1600,28.04,13.55,454.0,754.29,113.0,321.4,6.14,246.0,97663.0
20070325:1700,27.61,14.0,206.0,545.11,76.0,319.4,5.93,244.0,97673.0
20070325:1800,26.63,15.1,0.0,0.0,0.0,316.4,4.62,238.0,97644.0
20070325:1900,25.51,16.0,0.0,0.0,0.0,315.6,3.79,219.0,97654.0
20070325:2000,24.16,17.5,0.0,0.0,0.0,313.4,3.86,203.0,97673.0
20070325:2100,22.92,18.75,0.0,0.0,0.0,311.0,4.21,190.0,97673.0
20070325:2200,21.8,19.75,0.0,0.0,0.0,308.2,4.76,192.0,97586.0
20070325:2300,20.74,20.55,0.0,0.0,0.0,305.2,5.38,206.0,97605.0
20070326:0000,19.65,21.35,0.0,0.0,0.0,300.6,5.79,228.0,97605.0
20070326:0100,18.52,21.45,0.0,0.0,0.0,295.2,5.79,246.0,97605.0
20070326:0200,17.47,21.1,0.0,0.0,0.0,289.4,5.72,256.0,97596.0
20070326:0300,16.73,22.15,0.0,0.0,0.0,286.2,6.07,260.0,97625.0
20070326:0400,16.24,26.45,0.0,0.0,0.0,285.4,6.55,261.0,97663.0
20070326:0500,15.53,32.5,0.0,0.0,0.0,284.2,6.28,255.0,97693.0
20070326:0600,14.6,37.55,0.0,0.0,0.0,279.0,6.28,250.0,97722.0
20070326:0700,14.54,39.65,199.0,395.45,99.0,276.6,6.62,254.0,97799.0
20070326:0800,15.78,37.0,447.0,642.66,148.0,279.2,6.9,255.0,97886.0
20070326:0900,17.32,34.1,679.0,803.51,159.0,285.0,8.0,262.0,97964.0
20070326:1000,19.18,30.75,871.0,927.25,142.0,291.2,7.86,267.0,98032.0
20070326:1100,21.22,27.0,988.0,978.37,134.0,297.8,7.24,267.0,97974.0
20070326:1200,23.21,23.2,1036.0,1025.17,112.0,304.2,6.69,265.0,97916.0
20070326:1300,24.97,19.5,978.0,959.12,144.0,309.8,6.34,262.0,97857.0
20070326:1400,26.15,16.35,863.0,925.92,141.0,313.0,6.14,257.0,97760.0
20070326:1500,26.83,14.05,679.0,846.31,139.0,313.4,6.21,250.0,97731.0
20070326:1600,26.98,12.8,456.0,755.31,113.0,311.4,6.41,247.0,97673.0
20070326:1700,26.58,12.8,206.0,528.16,79.0,308.6,6.48,245.0,97683.0
20070326:1800,25.52,13.7,0.0,0.0,0.0,305.2,5.45,240.0,97702.0
20070326:1900,23.83,15.45,0.0,0.0,0.0,302.4,4.62,230.0,97731.0
20070326:2000,22.44,16.75,0.0,0.0,0.0,299.6,4.48,223.0,97789.0
20070326:2100,21.18,17.8,0.0,0.0,0.0,296.2,4.48,221.0,97857.0
20070326:2200,19.94,18.7,0.0,0.0,0.0,293.6,4.55,227.0,97867.0
20070326:2300,18.83,19.2,0.0,0.0,0.0,290.0,4.76,238.0,97867.0
20070327:0000,17.95,19.8,0.0,0.0,0.0,287.6,5.03,248.0,97896.0
20070327:0100,17.21,21.3,0.0,0.0,0.0,285.2,5.17,254.0,97828.0
20070327:0200,16.51,23.7,0.0,0.0,0.0,284.6,5.31,256.0,97799.0
20070327:0300,15.79,26.85,0.0,0.0,0.0,284.6,5.38,257.0,97780.0
20070327:0400,15.09,30.8,0.0,0.0,0.0,284.8,5.38,258.0,97770.0
20070327:0500,14.46,35.45,0.0,0.0,0.0,285.0,5.38,259.0,97809.0
20070327:0600,13.82,40.1,0.0,0.0,0.0,284.0,5.17,260.0,97828.0
20070327:0700,13.97,41.8,216.0,486.03,91.0,285.4,5.24,257.0,97896.0
20070327:0800,16.1,37.45,456.0,668.97,142.0,287.8,5.38,259.0,97954.0
20070327:0900,18.34,32.2,653.0,689.67,204.0,291.6,6.9,263.0,97993.0
20070327:1000,20.09,27.85,866.0,895.19,159.0,298.6,7.1,264.0,97983.0
20070327:1100,21.65,23.75,944.0,825.21,221.0,303.0,6.9,261.0,97945.0
20070327:1200,22.98,20.15,973.0,817.26,234.0,309.8,6.97,260.0,97896.0
20070327:1300,24.04,17.6,971.0,924.12,165.0,315.0,7.1,257.0,97819.0
20070327:1400,24.96,15.4,724.0,497.36,335.0,307.8,7.45,256.0,97770.0
20070327:1500,25.45,14.0,618.0,606.05,230.0,308.4,7.72,256.0,97731.0
20070327:1600,25.51,13.5,239.0,57.0,213.0,307.2,7.72,258.0,97683.0
20070327:1700,25.12,13.7,149.0,160.89,110.0,305.6,7.24,261.0,97712.0
20070327:1800,24.22,14.55,0.0,0.0,0.0,302.6,5.52,262.0,97683.0
20070327:1900,23.15,15.35,0.0,0.0,0.0,316.2,4.0,257.0,97770.0
20070327:2000,22.0,16.6,0.0,0.0,0.0,319.2,3.66,252.0,97809.0
20070327:2100,20.79,18.0,0.0,0.0,0.0,314.2,3.59,254.0,97896.0
20070327:2200,19.74,19.45,0.0,0.0,0.0,323.0,3.31,262.0,97935.0
20070327:2300,18.52,21.6,0.0,0.0,0.0,318.8,2.76,279.0,97974.0
20070328:0000,16.91,25.2,0.0,0.0,0.0,308.4,2.07,304.0,97993.0
20070328:0100,16.22,27.45,0.0,0.0,0.0,309.2,1.45,346.0,97964.0
20070328:0200,14.66,31.25,0.0,0.0,0.0,300.8,1.93,33.0,97945.0
20070328:0300,13.52,34.25,0.0,0.0,0.0,291.6,2.62,59.0,97935.0
20070328:0400,12.95,36.2,0.0,0.0,0.0,287.6,3.24,80.0,97945.0
20070328:0500,12.57,37.7,0.0,0.0,0.0,294.2,3.66,93.0,97954.0
20070328:0600,12.31,39.05,0.0,0.0,0.0,297.2,3.93,101.0,97983.0
20070328:0700,12.96,40.35,205.0,382.44,105.0,295.0,3.79,87.0,98032.0
20070328:0800,16.06,32.8,437.0,561.8,171.0,294.8,3.66,78.0,98119.0
20070328:0900,19.31,25.85,623.0,572.63,248.0,292.2,4.14,75.0,98158.0
20070328:1000,21.85,20.95,870.0,896.25,159.0,301.4,4.07,80.0,98148.0
20070328:1100,23.84,18.15,990.0,960.94,145.0,309.4,3.66,96.0,98061.0
20070328:1200,25.11,16.9,1048.0,1043.95,101.0,314.8,2.9,122.0,97974.0
20070328:1300,25.97,15.6,989.0,977.42,134.0,320.6,2.48,152.0,97886.0
20070328:1400,26.63,14.1,877.0,961.2,123.0,322.4,2.62,178.0,97799.0
20070328:1500,27.02,12.95,680.0,832.91,145.0,321.8,3.17,199.0,97760.0
20070328:1600,27.15,11.95,458.0,742.18,118.0,318.2,4.07,209.0,97683.0
20070328:1700,26.82,11.5,206.0,503.4,83.0,313.2,4.76,219.0,97693.0
20070328:1800,25.96,11.8,0.0,0.0,0.0,306.8,4.55,238.0,97702.0
20070328:1900,24.54,12.55,0.0,0.0,0.0,303.2,3.93,237.0,97770.0
20070328:2000,23.1,13.5,0.0,0.0,0.0,299.6,4.0,237.0,97828.0
20070328:2100,21.73,14.4,0.0,0.0,0.0,295.6,3.93,235.0,97886.0
20070328:2200,20.4,15.45,0.0,0.0,0.0,292.4,3.38,233.0,97954.0
20070328:2300,18.76,17.45,0.0,0.0,0.0,289.8,2.41,230.0,98003.0
20070329:0000,17.65,19.15,0.0,0.0,0.0,288.4,1.79,219.0,97974.0
20070329:0100,16.4,20.6,0.0,0.0,0.0,288.2,1.93,206.0,97925.0
20070329:0200,14.51,23.15,0.0,0.0,0.0,286.6,2.62,198.0,97935.0
20070329:0300,13.38,24.55,0.0,0.0,0.0,284.2,3.17,194.0,97857.0
20070329:0400,12.09,26.95,0.0,0.0,0.0,281.0,3.1,191.0,97867.0
20070329:0500,10.86,29.8,0.0,0.0,0.0,277.6,2.83,188.0,97877.0
20070329:0600,9.7,32.95,0.0,0.0,0.0,275.2,2.48,195.0,97945.0
20070329:0700,12.92,26.65,230.0,534.34,88.0,277.0,0.97,170.0,98012.0
20070329:0800,13.87,26.4,479.0,741.3,125.0,278.6,2.48,344.0,98158.0
20070329:0900,17.05,24.75,704.0,854.75,141.0,282.8,5.31,14.0,98216.0
20070329:1000,19.94,22.4,888.0,947.54,133.0,287.2,6.07,30.0,98226.0
20070329:1100,22.2,19.6,993.0,962.03,144.0,295.8,6.14,27.0,98187.0
20070329:1200,23.67,17.85,1029.0,971.47,145.0,302.8,6.14,21.0,98177.0
20070329:1300,24.59,16.7,976.0,925.58,164.0,307.8,5.86,17.0,98109.0
20070329:1400,25.14,15.9,866.0,910.12,150.0,310.8,5.52,14.0,98061.0
20070329:1500,25.3,15.65,683.0,833.34,146.0,311.6,5.52,11.0,98022.0
20070329:1600,25.07,15.9,458.0,730.34,122.0,310.2,5.93,10.0,97993.0
20070329:1700,24.35,16.7,212.0,536.04,80.0,307.8,6.62,12.0,98022.0
20070329:1800,23.14,17.95,0.0,0.0,0.0,304.0,6.48,12.0,98119.0
20070329:1900,21.58,19.6,0.0,0.0,0.0,299.8,7.17,11.0,98177.0
20070329:2000,20.48,19.4,0.0,0.0,0.0,295.8,7.38,12.0,98352.0
20070329:2100,19.47,18.6,0.0,0.0,0.0,292.4,7.1,13.0,98439.0
20070329:2200,18.44,18.5,0.0,0.0,0.0,287.4,6.41,16.0,98488.0
20070329:2300,17.36,19.4,0.0,0.0,0.0,282.6,5.59,24.0,98536.0
20070330:0000,16.26,20.95,0.0,0.0,0.0,278.6,4.83,36.0,98507.0
20070330:0100,15.18,22.8,0.0,0.0,0.0,274.4,4.62,42.0,98449.0
20070330:0200,14.13,24.8,0.0,0.0,0.0,272.4,4.62,36.0,98449.0
20070330:0300,13.07,26.9,0.0,0.0,0.0,270.8,5.03,24.0,98517.0
20070330:0400,12.19,29.15,0.0,0.0,0.0,269.6,5.72,19.0,98546.0
20070330:0500,11.63,32.3,0.0,0.0,0.0,267.6,6.41,23.0,98652.0
20070330:0600,11.14,37.15,0.0,0.0,0.0,266.4,6.76,28.0,98711.0
20070330:0700,11.69,42.3,237.0,559.27,86.0,266.8,7.03,30.0,98846.0
20070330:0800,13.44,41.4,488.0,772.47,116.0,269.4,7.59,33.0,98924.0
20070330:0900,15.42,38.4,708.0,855.94,141.0,273.0,8.55,38.0,98982.0
20070330:1000,17.44,33.7,887.0,930.97,142.0,279.4,8.14,41.0,98992.0
20070330:1100,19.3,28.15,997.0,963.17,144.0,285.6,7.45,43.0,98943.0
20070330:1200,20.77,23.55,1043.0,1007.95,123.0,291.6,6.69,40.0,98875.0
20070330:1300,21.84,21.0,989.0,960.48,144.0,295.6,6.28,35.0,98759.0
20070330:1400,22.6,19.55,877.0,944.32,132.0,298.8,6.07,30.0,98681.0
20070330:1500,23.01,18.7,699.0,897.23,119.0,300.6,6.0,28.0,98604.0
20070330:1600,23.09,18.55,467.0,772.76,110.0,300.6,5.93,26.0,98555.0
20070330:1700,22.78,18.85,217.0,568.22,76.0,299.2,5.86,25.0,98575.0
20070330:1800,22.0,20.0,0.0,0.0,0.0,296.4,5.1,22.0,98585.0
20070330:1900,20.84,21.75,0.0,0.0,0.0,294.4,4.97,14.0,98633.0
20070330:2000,19.62,23.75,0.0,0.0,0.0,291.6,5.31,13.0,98672.0
20070330:2100,18.55,25.6,0.0,0.0,0.0,288.4,5.45,16.0,98720.0
20070330:2200,17.55,27.4,0.0,0.0,0.0,285.4,5.45,20.0,98749.0
20070330:2300,16.58,29.15,0.0,0.0,0.0,282.6,5.45,26.0,98769.0
20070331:0000,15.67,30.75,0.0,0.0,0.0,280.2,5.45,31.0,98769.0
20070331:0100,14.81,32.2,0.0,0.0,0.0,278.4,5.45,37.0,98681.0
20070331:0200,14.04,33.55,0.0,0.0,0.0,276.4,5.45,43.0,98633.0
20070331:0300,13.34,34.8,0.0,0.0,0.0,275.0,5.52,48.0,98614.0
20070331:0400,12.66,36.1,0.0,0.0,0.0,272.4,5.45,54.0,98546.0
20070331:0500,12.03,37.6,0.0,0.0,0.0,270.0,5.24,60.0,98575.0
20070331:0600,11.44,39.3,13.0,21.51,12.0,268.0,5.1,66.0,98555.0
20070331:0700,11.83,40.8,253.0,660.07,72.0,267.0,4.69,64.0,98662.0
20070331:0800,14.68,34.6,493.0,774.36,117.0,274.6,4.97,67.0,98701.0
20070331:0900,17.97,28.75,595.0,457.86,290.0,292.0,5.66,71.0,98720.0
20070331:1000,20.42,23.45,857.0,816.29,201.0,301.8,6.0,73.0,98711.0
20070331:1100,22.02,18.25,979.0,893.46,185.0,307.2,5.38,65.0,98633.0
20070331:1200,23.25,15.0,1041.0,990.75,134.0,323.6,4.69,58.0,98555.0
20070331:1300,24.33,12.7,944.0,809.35,230.0,322.8,4.41,53.0,98410.0
20070331:1400,25.05,11.2,842.0,812.78,199.0,327.2,4.0,50.0,98303.0
20070331:1500,25.55,10.25,672.0,772.64,171.0,320.2,3.59,45.0,98226.0
20070331:1600,25.16,10.61,375.0,353.54,211.0,335.15,3.58,37.0,98187.0
20070331:1700,24.77,11.2,226.0,631.95,68.0,333.78,3.63,27.0,98177.0
20070331:1800,24.38,11.78,0.0,0.0,0.0,332.42,3.68,7.0,98187.0
20070331:1900,23.99,12.37,0.0,0.0,0.0,331.05,3.72,350.0,98158.0
20070331:2000,23.6,12.96,0.0,0.0,0.0,329.68,3.77,349.0,98197.0
20070331:2100,23.21,13.54,0.0,0.0,0.0,328.32,3.81,354.0,98206.0
20070331:2200,22.82,14.13,0.0,0.0,0.0,326.95,3.86,359.0,98235.0
20070331:2300,22.44,14.72,0.0,0.0,0.0,325.59,3.91,1.0,98197.0
20060401:0000,22.05,15.31,0.0,0.0,0.0,324.22,3.95,47.0,98701.0
20060401:0100,21.66,15.89,0.0,0.0,0.0,322.85,4.0,50.0,98633.0
20060401:0200,21.27,16.48,0.0,0.0,0.0,321.49,4.05,55.0,98546.0
20060401:0300,20.88,17.07,0.0,0.0,0.0,320.12,4.09,66.0,98517.0
20060401:0400,20.49,17.65,0.0,0.0,0.0,318.76,4.14,81.0,98517.0
20060401:0500,20.1,18.24,0.0,0.0,0.0,317.39,4.19,94.0,98555.0
20060401:0600,19.71,18.83,19.0,98.34,14.0,316.02,4.23,101.0,98575.0
20060401:0700,19.32,19.42,249.0,617.81,77.0,314.66,4.28,95.0,98623.0
20060401:0800,23.24,15.7,403.0,386.09,214.0,315.6,3.79,99.0,98662.0
20060401:0900,27.87,12.1,725.0,930.12,102.0,322.4,4.07,105.0,98711.0
20060401:1000,31.62,9.7,842.0,786.89,207.0,338.2,4.14,110.0,98749.0
20060401:1100,34.0,8.25,909.0,709.9,276.0,349.0,4.21,109.0,98711.0
20060401:1200,35.17,7.65,583.0,107.83,484.0,353.4,3.86,89.0,98614.0
20060401:1300,35.96,7.2,937.0,812.82,218.0,363.0,4.21,71.0,98526.0
20060401:1400,36.46,6.8,756.0,574.85,300.0,372.6,4.55,64.0,98410.0
20060401:1500,36.68,6.55,628.0,633.46,216.0,373.4,4.48,62.0,98362.0
20060401:1600,36.62,6.45,392.0,425.13,194.0,374.8,4.28,60.0,98303.0
20060401:1700,36.3,6.45,98.0,19.85,93.0,370.6,4.0,59.0,98274.0
20060401:1800,35.37,6.8,0.0,0.0,0.0,368.2,2.76,52.0,98294.0
20060401:1900,33.98,7.75,0.0,0.0,0.0,367.8,2.41,39.0,98303.0
20060401:2000,32.36,8.7,0.0,0.0,0.0,369.6,2.62,40.0,98381.0
20060401:2100,30.81,9.6,0.0,0.0,0.0,370.6,2.97,43.0,98439.0
20060401:2200,29.43,10.4,0.0,0.0,0.0,365.6,3.38,45.0,98497.0
20060401:2300,28.22,11.2,0.0,0.0,0.0,364.6,3.72,42.0,98497.0
20060402:0000,27.11,12.0,0.0,0.0,0.0,363.4,3.93,39.0,98488.0
20060402:0100,26.13,12.75,0.0,0.0,0.0,358.25,4.21,38.0,98439.0
20060402:0200,25.36,13.4,0.0,0.0,0.0,358.2,4.48,48.0,98362.0
20060402:0300,24.49,14.15,0.0,0.0,0.0,350.2,4.69,66.0,98362.0
20060402:0400,23.71,14.65,0.0,0.0,0.0,343.8,4.76,82.0,98352.0
20060402:0500,23.35,14.8,0.0,0.0,0.0,350.0,4.55,87.0,98391.0
20060402:0600,22.8,15.35,23.0,108.74,17.0,342.4,4.48,90.0,98449.0
20060402:0700,23.26,15.3,254.0,622.87,78.0,330.6,4.21,94.0,98468.0
20060402:0800,26.19,13.15,478.0,687.02,139.0,332.2,3.93,97.0,98526.0
20060402:0900,29.89,10.75,681.0,736.53,185.0,344.4,4.07,97.0,98546.0
20060402:1000,32.81,9.1,812.0,686.19,256.0,349.4,4.14,98.0,98546.0
20060402:1100,34.84,7.8,949.0,815.98,219.0,352.0,3.59,100.0,98507.0
20060402:1200,35.93,6.9,959.0,761.32,258.0,358.8,2.83,92.0,98439.0
20060402:1300,36.69,6.3,918.0,752.05,251.0,363.0,2.55,80.0,98362.0
20060402:1400,37.15,5.95,461.0,74.18,402.0,362.8,2.34,75.0,98274.0
20060402:1500,37.38,5.7,612.0,570.27,240.0,373.4,2.21,77.0,98206.0
20060402:1600,37.3,5.6,331.0,224.56,226.0,369.6,1.66,81.0,98158.0
20060402:1700,37.04,5.6,71.0,0.0,71.0,377.4,1.17,84.0,98148.0
20060402:1800,36.59,5.75,0.0,0.0,0.0,389.4,0.34,55.0,98148.0
20060402:1900,35.93,6.1,0.0,0.0,0.0,392.65,1.1,116.0,98158.0
20060402:2000,34.28,9.1,0.0,0.0,0.0,396.85,1.1,120.0,98206.0
20060402:2100,32.83,9.05,0.0,0.0,0.0,391.8,1.1,145.0,98274.0
20060402:2200,32.08,8.6,0.0,0.0,0.0,388.6,0.76,140.0,98274.0
20060402:2300,31.26,8.8,0.0,0.0,0.0,389.6,0.76,103.0,98323.0
20060403:0000,29.13,10.75,0.0,0.0,0.0,384.8,1.24,94.0,98294.0
20060403:0100,26.92,12.45,0.0,0.0,0.0,378.85,2.0,105.0,98265.0
20060403:0200,26.44,11.65,0.0,0.0,0.0,380.8,3.17,113.0,98226.0
20060403:0300,25.86,11.35,0.0,0.0,0.0,369.4,4.07,113.0,98206.0
20060403:0400,25.18,11.1,0.0,0.0,0.0,351.6,4.48,116.0,98216.0
20060403:0500,24.17,11.45,0.0,0.0,0.0,334.2,4.28,120.0,98265.0
20060403:0600,23.19,12.2,28.0,151.29,19.0,336.2,3.93,118.0,98294.0
20060403:0700,22.55,13.25,247.0,533.68,94.0,333.4,3.1,83.0,98362.0
20060403:0800,25.76,11.1,483.0,687.7,141.0,349.0,2.83,80.0,98400.0
20060403:0900,29.47,9.1,697.0,781.39,168.0,339.0,3.38,85.0,98429.0
20060403:1000,32.51,7.7,864.0,835.89,184.0,337.8,4.0,96.0,98458.0
20060403:1100,34.99,6.45,952.0,815.57,220.0,347.4,3.66,103.0,98400.0
20060403:1200,36.47,5.5,967.0,776.53,250.0,355.4,2.41,109.0,98313.0
20060403:1300,37.12,5.1,936.0,797.36,227.0,361.6,1.24,86.0,98226.0
20060403:1400,37.63,4.95,820.0,753.71,219.0,363.8,1.45,51.0,98119.0
20060403:1500,37.95,4.95,658.0,727.6,182.0,363.8,1.86,40.0,98051.0
20060403:1600,37.98,4.95,433.0,585.85,158.0,361.8,2.07,36.0,98003.0
20060403:1700,37.75,5.0,206.0,446.08,92.0,359.0,2.21,29.0,97983.0
20060403:1800,37.01,5.3,0.0,0.0,0.0,355.0,2.34,9.0,97964.0
20060403:1900,34.94,5.9,0.0,0.0,0.0,349.8,3.24,347.0,97974.0
20060403:2000,33.05,6.6,0.0,0.0,0.0,347.4,3.66,353.0,98051.0
20060403:2100,31.38,7.25,0.0,0.0,0.0,343.6,4.0,4.0,98080.0
20060403:2200,29.94,7.85,0.0,0.0,0.0,340.6,4.28,16.0,98139.0
20060403:2300,28.7,8.45,0.0,0.0,0.0,337.2,4.41,26.0,98148.0
20060404:0000,27.51,9.1,0.0,0.0,0.0,335.8,4.48,30.0,98129.0
20060404:0100,26.27,9.8,0.0,0.0,0.0,332.65,4.48,35.0,98090.0
20060404:0200,24.88,10.65,0.0,0.0,0.0,327.0,4.41,47.0,98032.0
20060404:0300,23.68,11.35,0.0,0.0,0.0,323.4,4.41,72.0,97983.0
20060404:0400,23.14,11.35,0.0,0.0,0.0,319.8,4.83,100.0,97983.0
20060404:0500,22.73,11.15,0.0,0.0,0.0,317.0,4.83,116.0,98012.0
20060404:0600,21.9,11.45,25.0,78.41,20.0,315.2,4.34,124.0,98042.0
20060404:0700,21.64,12.4,254.0,560.56,91.0,314.2,3.59,126.0,98080.0
20060404:0800,24.65,10.35,487.0,690.42,141.0,317.6,2.83,138.0,98109.0
20060404:0900,28.39,8.3,708.0,812.61,155.0,324.0,2.76,153.0,98148.0
20060404:1000,31.32,7.0,858.0,804.47,201.0,332.8,2.69,168.0,98129.0
20060404:1100,33.87,6.0,955.0,816.33,220.0,342.2,2.76,185.0,98080.0
20060404:1200,35.89,5.15,975.0,792.78,241.0,349.8,3.1,195.0,98012.0
20060404:1300,37.16,4.7,944.0,813.31,219.0,355.4,3.17,207.0,97906.0
20060404:1400,37.84,4.6,827.0,768.08,213.0,358.6,2.83,220.0,97828.0
20060404:1500,38.09,4.55,660.0,728.59,182.0,359.6,2.55,233.0,97751.0
20060404:1600,38.03,4.6,476.0,802.22,98.0,358.6,2.55,242.0,97712.0
20060404:1700,37.66,4.75,209.0,458.48,91.0,355.8,2.62,249.0,97683.0
20060404:1800,36.73,5.1,0.0,0.0,0.0,351.8,2.48,256.0,97683.0
20060404:1900,34.94,5.7,0.0,0.0,0.0,347.4,3.03,257.0,97673.0
20060404:2000,33.28,6.45,0.0,0.0,0.0,344.2,2.97,254.0,97731.0
20060404:2100,31.5,7.45,0.0,0.0,0.0,340.8,2.83,250.0,97799.0
20060404:2200,29.48,8.85,0.0,0.0,0.0,337.8,2.55,245.0,97809.0
20060404:2300,27.84,10.15,0.0,0.0,0.0,335.4,2.21,234.0,97780.0
20060405:0000,27.22,10.35,0.0,0.0,0.0,333.2,1.93,216.0,97731.0
20060405:0100,26.39,10.8,0.0,0.0,0.0,330.85,1.86,200.0,97683.0
20060405:0200,25.09,11.7,0.0,0.0,0.0,328.2,1.93,195.0,97634.0
20060405:0300,23.62,12.85,0.0,0.0,0.0,325.2,2.07,189.0,97615.0
20060405:0400,21.79,14.4,0.0,0.0,0.0,322.8,2.34,189.0,97625.0
20060405:0500,19.85,16.4,0.0,0.0,0.0,320.2,2.76,194.0,97625.0
20060405:0600,18.77,17.35,13.0,0.0,13.0,317.0,3.03,198.0,97654.0
20060405:0700,19.37,16.95,255.0,542.67,95.0,316.8,3.24,168.0,97693.0
20060405:0800,23.46,13.1,491.0,691.18,142.0,318.8,3.03,176.0,97741.0
20060405:0900,28.16,9.45,704.0,783.63,168.0,325.0,3.66,189.0,97780.0
20060405:1000,31.47,7.25,861.0,805.05,201.0,334.0,4.55,199.0,97799.0
20060405:1100,34.52,5.6,888.0,626.69,322.0,343.2,5.59,204.0,97683.0
20060405:1200,36.98,4.6,905.0,606.47,342.0,350.2,6.9,209.0,97634.0
20060405:1300,38.55,4.1,941.0,797.89,228.0,354.8,7.86,221.0,97557.0
20060405:1400,39.52,3.8,853.0,846.06,175.0,356.6,7.93,233.0,97460.0
20060405:1500,39.91,3.7,583.0,468.16,275.0,358.2,7.93,241.0,97411.0
20060405:1600,39.79,3.75,459.0,697.73,129.0,360.2,8.48,241.0,97343.0
20060405:1700,39.17,4.0,136.0,84.88,114.0,357.8,8.69,240.0,97334.0
20060405:1800,37.69,4.45,0.0,0.0,0.0,356.2,6.9,235.0,97353.0
20060405:1900,35.83,5.0,0.0,0.0,0.0,357.0,6.28,224.0,97353.0
20060405:2000,34.34,5.55,0.0,0.0,0.0,356.2,5.72,216.0,97421.0
20060405:2100,32.85,6.15,0.0,0.0,0.0,348.8,5.31,211.0,97450.0
20060405:2200,31.28,6.85,0.0,0.0,0.0,344.2,4.83,211.0,97518.0
20060405:2300,29.41,7.8,0.0,0.0,0.0,340.0,4.0,228.0,97576.0
20060406:0000,27.47,8.85,0.0,0.0,0.0,335.6,3.52,250.0,97537.0
20060406:0100,25.77,10.1,0.0,0.0,0.0,336.25,2.76,247.0,97537.0
20060406:0200,24.06,11.95,0.0,0.0,0.0,330.8,2.28,242.0,97479.0
20060406:0300,23.17,12.55,0.0,0.0,0.0,333.4,2.21,252.0,97470.0
20060406:0400,21.89,13.75,0.0,0.0,0.0,333.8,2.55,262.0,97489.0
20060406:0500,21.09,14.65,0.0,0.0,0.0,336.8,2.83,259.0,97518.0
20060406:0600,20.57,15.65,26.0,41.52,23.0,341.4,3.24,258.0,97605.0
20060406:0700,20.95,15.5,255.0,515.31,101.0,337.2,3.1,236.0,97673.0
20060406:0800,24.07,13.65,377.0,259.5,245.0,332.8,3.1,250.0,97751.0
20060406:0900,27.98,12.0,539.0,293.86,337.0,333.0,4.07,259.0,97809.0
20060406:1000,30.58,10.25,757.0,507.96,339.0,333.0,5.1,264.0,97828.0
20060406:1100,32.83,7.25,966.0,833.44,211.0,340.0,5.38,264.0,97789.0
20060406:1200,34.61,5.35,991.0,825.16,223.0,349.4,5.72,261.0,97751.0
20060406:1300,35.83,4.45,985.0,929.96,152.0,360.0,6.14,260.0,97683.0
20060406:1400,36.56,4.0,765.0,576.38,302.0,357.6,6.55,261.0,97625.0
20060406:1500,36.83,3.75,600.0,512.37,262.0,354.0,6.76,263.0,97586.0
20060406:1600,36.61,3.7,410.0,467.66,188.0,350.6,6.62,265.0,97557.0
20060406:1700,36.0,3.7,191.0,318.05,108.0,350.6,6.14,269.0,97586.0
20060406:1800,34.61,4.0,0.0,0.0,0.0,342.6,4.34,273.0,97605.0
20060406:1900,32.49,4.55,0.0,0.0,0.0,335.6,3.17,266.0,97634.0
20060406:2000,30.89,5.2,0.0,0.0,0.0,331.6,2.9,258.0,97693.0
20060406:2100,29.08,6.15,0.0,0.0,0.0,328.6,2.62,250.0,97770.0
20060406:2200,27.14,7.7,0.0,0.0,0.0,329.8,2.21,245.0,97799.0
20060406:2300,26.82,7.6,0.0,0.0,0.0,331.2,1.79,250.0,97799.0
20060407:0000,26.43,7.6,0.0,0.0,0.0,327.4,1.59,265.0,97809.0
20060407:0100,24.54,8.7,0.0,0.0,0.0,328.45,1.79,286.0,97770.0
20060407:0200,21.85,10.6,0.0,0.0,0.0,324.4,2.28,300.0,97751.0
20060407:0300,20.08,11.75,0.0,0.0,0.0,321.8,2.83,316.0,97760.0
20060407:0400,18.96,12.55,0.0,0.0,0.0,321.0,3.1,332.0,97799.0
20060407:0500,17.63,14.1,0.0,0.0,0.0,318.8,2.76,347.0,97819.0
20060407:0600,16.61,15.7,32.0,78.49,26.0,307.8,2.21,7.0,97857.0
20060407:0700,16.81,15.9,259.0,518.45,102.0,304.6,2.34,79.0,97935.0
20060407:0800,21.02,11.85,491.0,655.79,155.0,307.6,1.93,100.0,98003.0
20060407:0900,25.66,8.55,712.0,784.62,170.0,314.0,2.14,134.0,98071.0
20060407:1000,29.17,6.6,872.0,822.12,193.0,322.6,2.69,169.0,98090.0
20060407:1100,32.02,5.4,985.0,882.71,183.0,331.0,3.1,195.0,98071.0
20060407:1200,33.85,4.95,1011.0,874.51,195.0,338.6,3.31,218.0,97993.0
20060407:1300,35.0,5.0,967.0,863.2,192.0,344.2,4.0,233.0,97925.0
20060407:1400,35.78,4.95,837.0,783.69,206.0,347.4,4.62,237.0,97867.0
20060407:1500,36.13,4.85,665.0,728.71,183.0,352.0,5.03,239.0,97799.0
20060407:1600,36.05,4.85,455.0,661.17,140.0,351.0,5.1,241.0,97751.0
20060407:1700,35.63,4.9,211.0,437.68,96.0,348.0,4.9,242.0,97741.0
20060407:1800,34.57,5.25,0.0,0.0,0.0,346.6,3.79,249.0,97770.0
20060407:1900,32.67,5.6,0.0,0.0,0.0,339.6,3.1,261.0,97819.0
20060407:2000,31.1,6.3,0.0,0.0,0.0,337.6,2.97,265.0,97857.0
20060407:2100,29.26,7.65,0.0,0.0,0.0,335.4,2.21,262.0,97935.0
20060407:2200,29.25,7.7,0.0,0.0,0.0,334.0,1.24,246.0,97896.0
20060407:2300,29.71,7.1,0.0,0.0,0.0,334.8,0.97,202.0,97925.0
20060408:0000,29.21,7.4,0.0,0.0,0.0,334.0,1.17,185.0,97906.0
20060408:0100,28.59,7.75,0.0,0.0,0.0,334.25,1.24,193.0,97886.0
20060408:0200,27.62,8.3,0.0,0.0,0.0,333.0,1.24,219.0,97848.0
20060408:0300,25.16,10.1,0.0,0.0,0.0,332.0,1.59,250.0,97848.0
20060408:0400,21.51,13.35,0.0,0.0,0.0,330.6,2.14,272.0,97857.0
20060408:0500,19.58,15.45,0.0,0.0,0.0,332.2,2.41,288.0,97877.0
20060408:0600,18.51,16.55,30.0,49.63,26.0,326.4,2.41,306.0,97954.0
20060408:0700,19.19,16.25,260.0,502.03,106.0,330.2,2.21,327.0,97993.0
20060408:0800,22.75,12.5,486.0,620.15,166.0,331.4,2.07,331.0,98061.0
20060408:0900,27.6,8.2,715.0,786.65,169.0,336.0,2.62,328.0,98119.0
20060408:1000,31.13,6.3,890.0,871.06,168.0,343.0,3.1,326.0,98158.0
20060408:1100,33.67,5.6,1004.0,933.95,153.0,347.6,3.72,319.0,98168.0
20060408:1200,35.23,5.15,1040.0,960.02,142.0,354.6,3.86,312.0,98090.0
20060408:1300,36.33,5.05,1011.0,1000.15,111.0,359.4,3.86,310.0,98022.0
20060408:1400,37.07,5.1,858.0,847.57,174.0,364.4,3.86,312.0,97925.0
20060408:1500,37.42,5.4,685.0,802.21,153.0,366.0,3.72,314.0,97867.0
20060408:1600,37.35,5.75,339.0,225.88,231.0,364.4,3.17,320.0,97809.0
20060408:1700,36.93,6.05,233.0,597.32,75.0,360.8,2.34,333.0,97780.0
20060408:1800,36.2,6.35,0.0,0.0,0.0,358.4,1.52,2.0,97809.0
20060408:1900,34.66,6.85,0.0,0.0,0.0,355.4,1.1,38.0,97819.0
20060408:2000,32.55,9.05,0.0,0.0,0.0,354.4,1.59,75.0,97877.0
20060408:2100,30.55,9.6,0.0,0.0,0.0,352.2,2.21,84.0,97945.0
20060408:2200,28.81,10.35,0.0,0.0,0.0,349.6,2.69,88.0,97954.0
20060408:2300,27.25,11.2,0.0,0.0,0.0,348.0,3.03,89.0,97964.0
20060409:0000,25.76,12.05,0.0,0.0,0.0,342.6,3.31,92.0,97896.0
20060409:0100,24.46,12.8,0.0,0.0,0.0,341.05,3.52,96.0,97867.0
20060409:0200,23.61,13.05,0.0,0.0,0.0,338.8,3.79,101.0,97809.0
20060409:0300,23.19,12.95,0.0,0.0,0.0,337.0,4.07,103.0,97760.0
20060409:0400,22.9,12.8,0.0,0.0,0.0,334.8,4.34,105.0,97770.0
20060409:0500,22.67,12.7,0.0,0.0,0.0,333.4,4.69,106.0,97751.0
20060409:0600,22.58,12.6,14.0,0.0,14.0,333.6,4.97,109.0,97780.0
20060409:0700,23.85,12.1,284.0,653.5,81.0,335.6,4.69,108.0,97828.0
20060409:0800,27.71,9.8,498.0,660.14,155.0,337.2,4.48,112.0,97848.0
20060409:0900,32.51,7.8,711.0,757.16,183.0,341.6,5.03,120.0,97896.0
20060409:1000,36.05,7.0,864.0,776.65,218.0,353.8,5.86,130.0,97964.0
20060409:1100,38.05,6.4,936.0,726.68,272.0,365.8,7.52,144.0,97916.0
20060409:1200,39.21,5.7,1043.0,959.85,143.0,370.4,7.86,156.0,97857.0
20060409:1300,40.12,5.05,922.0,724.06,269.0,372.8,8.07,166.0,97770.0
20060409:1400,40.61,4.55,836.0,769.03,214.0,371.8,8.14,176.0,97673.0
20060409:1500,40.7,4.25,680.0,773.09,166.0,369.8,7.93,184.0,97615.0
20060409:1600,40.46,4.15,473.0,741.96,117.0,368.0,7.31,189.0,97576.0
20060409:1700,39.97,4.2,220.0,484.47,91.0,365.0,6.41,192.0,97576.0
20060409:1800,38.58,4.55,0.0,0.0,0.0,360.8,4.28,188.0,97586.0
20060409:1900,36.18,5.6,0.0,0.0,0.0,356.2,3.45,183.0,97625.0
20060409:2000,34.45,6.35,0.0,0.0,0.0,354.6,3.38,164.0,97654.0
20060409:2100,32.83,7.15,0.0,0.0,0.0,362.2,3.59,142.0,97702.0
20060409:2200,31.29,7.9,0.0,0.0,0.0,364.0,3.86,130.0,97760.0
20060409:2300,30.08,8.5,0.0,0.0,0.0,360.6,4.21,127.0,97702.0
20060410:0000,29.19,8.9,0.0,0.0,0.0,357.4,4.62,130.0,97741.0
20060410:0100,28.23,9.35,0.0,0.0,0.0,343.85,5.03,134.0,97673.0
20060410:0200,27.67,9.6,0.0,0.0,0.0,347.8,5.45,138.0,97654.0
20060410:0300,27.06,10.05,0.0,0.0,0.0,336.6,5.93,140.0,97634.0
20060410:0400,26.68,10.65,0.0,0.0,0.0,339.4,6.28,140.0,97644.0
20060410:0500,26.41,11.2,0.0,0.0,0.0,342.4,6.55,141.0,97673.0
20060410:0600,26.07,11.55,39.0,90.09,31.0,340.4,6.55,143.0,97751.0
20060410:0700,26.74,11.9,264.0,480.17,113.0,327.8,6.83,146.0,97819.0
20060410:0800,29.64,10.1,497.0,636.56,164.0,332.4,6.69,150.0,97857.0
20060410:0900,32.91,8.15,706.0,729.44,195.0,343.6,7.79,157.0,97886.0
20060410:1000,35.59,6.75,915.0,939.35,131.0,357.8,8.9,165.0,98003.0
20060410:1100,37.8,5.7,933.0,712.69,280.0,360.8,9.72,171.0,97935.0
20060410:1200,39.55,4.9,927.0,634.15,331.0,365.6,10.55,173.0,97886.0
20060410:1300,40.67,4.35,902.0,667.18,299.0,367.0,11.03,177.0,97789.0
20060410:1400,41.12,4.1,643.0,294.85,404.0,367.8,10.21,185.0,97722.0
20060410:1500,41.19,3.95,534.0,322.57,319.0,377.0,9.03,193.0,97654.0
20060410:1600,40.77,3.95,347.0,238.85,232.0,394.65,8.07,200.0,97625.0
20060410:1700,40.21,4.05,97.0,11.19,94.0,388.4,6.83,204.0,97634.0
20060410:1800,38.89,4.4,0.0,0.0,0.0,393.6,4.97,206.0,97663.0
20060410:1900,36.91,5.1,0.0,0.0,0.0,387.6,3.72,196.0,97702.0
20060410:2000,35.49,5.6,0.0,0.0,0.0,382.6,3.52,191.0,97751.0
20060410:2100,34.21,6.15,0.0,0.0,0.0,379.4,3.38,183.0,97819.0
20060410:2200,32.91,6.7,0.0,0.0,0.0,375.8,3.31,178.0,97848.0
20060410:2300,31.77,7.2,0.0,0.0,0.0,377.2,3.38,173.0,97838.0
20060411:0000,30.61,7.7,0.0,0.0,0.0,367.8,3.59,166.0,97809.0
20060411:0100,29.49,8.2,0.0,0.0,0.0,366.45,3.72,162.0,97751.0
20060411:0200,28.3,8.75,0.0,0.0,0.0,368.8,3.93,155.0,97731.0
20060411:0300,26.98,9.5,0.0,0.0,0.0,356.4,4.14,151.0,97741.0
20060411:0400,25.95,10.15,0.0,0.0,0.0,351.8,4.34,149.0,97760.0
20060411:0500,24.92,10.8,0.0,0.0,0.0,337.6,4.34,150.0,97770.0
20060411:0600,23.94,11.5,44.0,118.49,33.0,330.2,4.28,148.0,97848.0
20060411:0700,24.61,11.25,224.0,257.66,142.0,335.4,3.72,153.0,97896.0
20060411:0800,28.06,9.15,477.0,543.11,191.0,335.8,3.66,158.0,97945.0
20060411:0900,32.17,7.1,686.0,648.03,230.0,342.4,3.86,171.0,98012.0
20060411:1000,35.28,5.85,865.0,763.07,226.0,349.8,3.93,190.0,98090.0
20060411:1100,37.89,4.85,979.0,834.88,212.0,356.2,4.14,206.0,98061.0
20060411:1200,39.91,4.1,1014.0,858.83,205.0,364.8,4.69,216.0,98012.0
20060411:1300,41.23,3.65,969.0,846.86,202.0,369.0,5.17,226.0,97954.0
20060411:1400,41.93,3.45,835.0,754.64,222.0,371.8,5.72,234.0,97867.0
20060411:1500,42.17,3.3,660.0,688.45,200.0,374.6,5.93,238.0,97809.0
20060411:1600,42.01,3.2,399.0,401.56,205.0,378.8,5.45,243.0,97770.0
20060411:1700,41.57,3.2,219.0,448.55,98.0,377.8,4.83,245.0,97760.0
20060411:1800,40.25,3.55,13.0,46.91,11.0,377.0,3.17,240.0,97741.0
20060411:1900,38.69,4.2,0.0,0.0,0.0,379.2,2.07,191.0,97751.0
20060411:2000,36.71,4.9,0.0,0.0,0.0,376.8,2.76,170.0,97819.0
20060411:2100,34.78,5.6,0.0,0.0,0.0,377.0,3.1,166.0,97886.0
20060411:2200,32.86,6.5,0.0,0.0,0.0,375.8,2.83,172.0,97974.0
20060411:2300,30.76,8.05,0.0,0.0,0.0,367.4,2.34,189.0,97974.0
20060412:0000,30.07,8.3,0.0,0.0,0.0,364.6,1.86,221.0,97974.0
20060412:0100,30.65,7.6,0.0,0.0,0.0,358.05,1.38,248.0,97906.0
20060412:0200,30.48,7.5,0.0,0.0,0.0,346.4,0.34,245.0,97819.0
20060412:0300,29.97,7.75,0.0,0.0,0.0,336.6,0.55,85.0,97799.0
20060412:0400,29.11,8.15,0.0,0.0,0.0,336.6,1.17,67.0,97741.0
20060412:0500,27.98,8.75,0.0,0.0,0.0,332.8,1.38,45.0,97751.0
20060412:0600,26.69,9.55,61.0,309.81,31.0,331.4,1.31,9.0,97799.0
20060412:0700,24.02,12.0,271.0,484.49,115.0,327.4,1.45,133.0,97877.0
20060412:0800,26.75,10.0,487.0,566.02,187.0,330.0,0.07,274.0,97954.0
20060412:0900,29.54,8.2,721.0,759.82,184.0,336.6,0.62,314.0,97993.0
20060412:1000,32.61,6.7,897.0,857.01,177.0,344.2,0.34,296.0,97974.0
20060412:1100,35.48,5.65,998.0,884.83,183.0,353.2,0.69,264.0,97925.0
20060412:1200,37.71,5.55,1027.0,891.88,185.0,363.0,1.52,281.0,97857.0
20060412:1300,39.36,6.05,976.0,863.87,192.0,371.4,2.41,297.0,97760.0
20060412:1400,40.33,5.9,779.0,589.69,299.0,376.4,2.76,296.0,97702.0
20060412:1500,40.8,5.7,593.0,468.81,279.0,378.8,2.97,289.0,97596.0
20060412:1600,40.89,5.65,385.0,348.64,216.0,381.6,3.38,286.0,97566.0
20060412:1700,40.53,6.0,189.0,261.52,118.0,387.0,3.66,285.0,97547.0
20060412:1800,39.7,6.45,15.0,67.34,12.0,397.25,3.1,281.0,97518.0
20060412:1900,37.96,7.65,0.0,0.0,0.0,399.05,2.41,296.0,97528.0
20060412:2000,36.67,8.55,0.0,0.0,0.0,389.2,2.34,281.0,97586.0
20060412:2100,35.03,9.7,0.0,0.0,0.0,386.6,2.55,270.0,97625.0
20060412:2200,33.35,10.8,0.0,0.0,0.0,379.4,2.9,266.0,97644.0
20060412:2300,31.76,11.95,0.0,0.0,0.0,373.8,3.24,269.0,97625.0
20060413:0000,30.34,13.1,0.0,0.0,0.0,372.0,3.45,275.0,97596.0
20060413:0100,29.3,13.95,0.0,0.0,0.0,371.05,3.79,280.0,97537.0
20060413:0200,28.83,14.25,0.0,0.0,0.0,377.8,4.07,288.0,97489.0
20060413:0300,28.49,14.45,0.0,0.0,0.0,376.8,4.28,294.0,97479.0
20060413:0400,27.91,15.2,0.0,0.0,0.0,367.8,4.69,302.0,97470.0
20060413:0500,27.3,16.5,0.0,0.0,0.0,365.0,4.97,313.0,97508.0
20060413:0600,26.51,17.85,44.0,79.38,36.0,355.6,4.76,326.0,97586.0
20060413:0700,26.59,18.15,277.0,497.44,115.0,347.6,4.07,342.0,97673.0
20060413:0800,28.37,17.5,464.0,468.71,214.0,352.0,4.55,358.0,97722.0
20060413:0900,29.8,18.45,700.0,676.28,220.0,356.4,5.72,12.0,97789.0
20060413:1000,31.69,17.35,851.0,705.98,256.0,368.6,6.21,18.0,97819.0
20060413:1100,33.7,15.0,962.0,772.14,249.0,374.6,6.76,21.0,97799.0
20060413:1200,35.58,12.8,1024.0,875.16,196.0,376.0,6.83,22.0,97789.0
20060413:1300,36.81,11.85,999.0,931.43,152.0,378.6,6.69,21.0,97722.0
20060413:1400,37.42,11.6,819.0,697.61,250.0,382.0,6.69,19.0,97634.0
20060413:1500,37.56,11.55,690.0,789.44,160.0,380.6,6.69,20.0,97634.0
20060413:1600,37.27,11.65,426.0,491.41,187.0,379.2,6.76,23.0,97605.0
20060413:1700,36.56,12.2,228.0,497.78,92.0,377.2,6.76,29.0,97615.0
20060413:1800,35.42,13.35,19.0,129.11,13.0,371.0,5.93,36.0,97634.0
20060413:1900,33.46,15.6,0.0,0.0,0.0,368.0,5.86,46.0,97683.0
20060413:2000,32.03,17.7,0.0,0.0,0.0,362.6,6.07,51.0,97770.0
20060413:2100,30.65,20.05,0.0,0.0,0.0,356.2,6.41,54.0,97857.0
20060413:2200,29.32,22.5,0.0,0.0,0.0,352.8,6.62,54.0,97906.0
20060413:2300,28.0,25.15,0.0,0.0,0.0,348.4,6.9,55.0,97983.0
20060414:0000,26.71,28.15,0.0,0.0,0.0,345.0,7.38,58.0,98042.0
20060414:0100,25.48,31.4,0.0,0.0,0.0,344.65,7.66,63.0,98061.0
20060414:0200,24.32,34.35,0.0,0.0,0.0,343.4,7.79,68.0,98051.0
20060414:0300,23.39,36.5,0.0,0.0,0.0,343.4,7.72,70.0,98061.0
20060414:0400,22.58,38.05,0.0,0.0,0.0,342.2,7.38,72.0,98071.0
20060414:0500,21.78,39.6,0.0,0.0,0.0,338.0,7.24,73.0,98109.0
20060414:0600,21.14,40.85,48.0,95.53,38.0,340.2,7.17,76.0,98158.0
20060414:0700,21.71,39.6,280.0,501.07,115.0,339.2,7.03,78.0,98226.0
20060414:0800,23.04,35.85,520.0,680.1,155.0,340.0,8.21,82.0,98265.0
20060414:0900,25.2,30.75,744.0,822.2,158.0,340.8,8.28,86.0,98323.0
20060414:1000,27.75,25.6,913.0,890.71,160.0,343.8,7.79,90.0,98352.0
20060414:1100,30.2,21.3,1025.0,953.9,142.0,351.2,7.52,92.0,98332.0
20060414:1200,32.17,18.25,991.0,778.41,253.0,358.4,7.31,91.0,98235.0
20060414:1300,33.64,15.75,947.0,768.29,247.0,371.4,7.1,88.0,98158.0
20060414:1400,34.73,13.55,905.0,982.56,102.0,374.8,7.24,83.0,98071.0
20060414:1500,35.29,11.85,668.0,702.91,195.0,371.8,7.52,79.0,98012.0
20060414:1600,35.43,10.7,438.0,534.9,177.0,366.4,7.79,79.0,97993.0
20060414:1700,34.98,10.15,243.0,611.07,75.0,362.2,7.93,81.0,97983.0
20060414:1800,33.88,10.35,22.0,165.3,14.0,358.2,7.1,82.0,98003.0
20060414:1900,31.98,10.85,0.0,0.0,0.0,352.4,6.14,73.0,98032.0
20060414:2000,30.61,11.25,0.0,0.0,0.0,350.8,6.34,76.0,98129.0
20060414:2100,29.31,11.3,0.0,0.0,0.0,345.4,6.62,83.0,98206.0
20060414:2200,28.14,11.4,0.0,0.0,0.0,345.0,6.62,91.0,98274.0
20060414:2300,27.09,11.65,0.0,0.0,0.0,347.2,6.76,94.0,98303.0
20060415:0000,25.91,12.25,0.0,0.0,0.0,338.4,6.62,96.0,98303.0
20060415:0100,24.73,13.05,0.0,0.0,0.0,331.85,6.62,95.0,98235.0
20060415:0200,23.7,13.95,0.0,0.0,0.0,328.0,6.55,95.0,98197.0
20060415:0300,22.77,14.75,0.0,0.0,0.0,324.0,6.34,95.0,98187.0
20060415:0400,21.93,15.45,0.0,0.0,0.0,321.2,6.21,95.0,98197.0
20060415:0500,21.41,15.65,0.0,0.0,0.0,330.8,6.0,96.0,98206.0
20060415:0600,20.9,15.7,58.0,165.85,40.0,329.0,5.72,97.0,98284.0
20060415:0700,21.63,15.5,295.0,576.81,103.0,328.0,5.79,98.0,98313.0
20060415:0800,23.52,13.65,557.0,846.41,100.0,329.4,6.34,100.0,98371.0
20060415:0900,25.98,11.7,408.0,74.06,355.0,334.8,7.03,104.0,98381.0
20060415:1000,28.8,9.7,636.0,234.69,437.0,339.2,6.9,106.0,98420.0
20060415:1100,31.56,7.9,586.0,107.77,486.0,347.0,6.69,109.0,98342.0
20060415:1200,33.98,6.3,987.0,764.19,261.0,348.2,6.41,114.0,98294.0
20060415:1300,35.86,5.2,720.0,280.45,464.0,352.0,6.14,118.0,98216.0
20060415:1400,37.17,4.6,769.0,553.23,316.0,355.4,5.72,120.0,98148.0
20060415:1500,37.93,4.35,677.0,730.96,184.0,356.0,5.38,121.0,98100.0
20060415:1600,38.13,4.3,304.0,130.74,240.0,356.8,5.1,122.0,98080.0
20060415:1700,37.82,4.45,176.0,187.97,124.0,355.8,4.76,122.0,98090.0
20060415:1800,36.59,4.85,2.0,0.0,2.0,353.4,3.72,120.0,98090.0
20060415:1900,34.66,5.4,0.0,0.0,0.0,348.4,3.17,99.0,98129.0
20060415:2000,32.54,6.15,0.0,0.0,0.0,345.8,3.86,109.0,98187.0
20060415:2100,30.91,6.7,0.0,0.0,0.0,344.0,4.55,115.0,98245.0
20060415:2200,29.72,6.8,0.0,0.0,0.0,341.2,5.17,118.0,98323.0
20060415:2300,28.67,6.4,0.0,0.0,0.0,338.4,5.66,116.0,98332.0
20060416:0000,27.67,5.85,0.0,0.0,0.0,337.2,6.0,112.0,98294.0
20060416:0100,26.69,5.75,0.0,0.0,0.0,335.25,6.21,109.0,98245.0
20060416:0200,25.65,6.3,0.0,0.0,0.0,332.2,6.14,106.0,98197.0
20060416:0300,24.57,7.2,0.0,0.0,0.0,325.0,5.93,105.0,98187.0
20060416:0400,23.52,8.3,0.0,0.0,0.0,317.6,5.79,105.0,98168.0
20060416:0500,22.61,9.5,0.0,0.0,0.0,314.2,5.66,105.0,98177.0
20060416:0600,21.88,10.65,56.0,115.73,43.0,312.2,5.59,107.0,98177.0
20060416:0700,22.85,10.95,284.0,487.55,120.0,311.4,5.59,109.0,98226.0
20060416:0800,25.58,9.85,524.0,670.21,160.0,315.0,5.86,115.0,98245.0
20060416:0900,28.92,8.25,742.0,793.38,172.0,322.6,6.0,124.0,98255.0
20060416:1000,32.07,6.85,903.0,843.12,186.0,332.6,5.86,134.0,98235.0
20060416:1100,34.79,5.65,1029.0,953.71,142.0,346.8,5.93,145.0,98168.0
20060416:1200,36.78,4.7,1035.0,891.9,186.0,353.4,5.72,154.0,98090.0
20060416:1300,38.2,4.15,993.0,897.76,172.0,358.6,5.38,160.0,97964.0
20060416:1400,39.21,3.9,899.0,947.13,122.0,361.4,5.17,166.0,97886.0
20060416:1500,39.73,3.8,690.0,775.2,166.0,363.2,5.03,172.0,97819.0
20060416:1600,39.79,3.75,443.0,547.77,174.0,366.0,4.9,179.0,97741.0
20060416:1700,39.33,3.9,227.0,456.27,100.0,371.6,4.62,187.0,97722.0
20060416:1800,38.08,4.3,21.0,95.7,16.0,369.6,3.59,204.0,97693.0
20060416:1900,36.07,4.95,0.0,0.0,0.0,353.2,3.1,212.0,97702.0
20060416:2000,34.15,5.75,0.0,0.0,0.0,350.2,3.1,214.0,97722.0
20060416:2100,32.41,6.6,0.0,0.0,0.0,346.6,3.1,200.0,97770.0
20060416:2200,30.77,7.4,0.0,0.0,0.0,344.0,3.38,182.0,97731.0
20060416:2300,29.34,8.2,0.0,0.0,0.0,341.4,3.79,168.0,97693.0
20060417:0000,28.02,8.95,0.0,0.0,0.0,339.2,4.21,161.0,97663.0
20060417:0100,26.93,9.65,0.0,0.0,0.0,337.25,4.41,159.0,97586.0
20060417:0200,25.99,10.35,0.0,0.0,0.0,335.4,4.55,161.0,97518.0
20060417:0300,25.02,11.1,0.0,0.0,0.0,333.2,4.48,169.0,97460.0
20060417:0400,23.65,12.4,0.0,0.0,0.0,332.0,3.79,199.0,97489.0
20060417:0500,22.14,14.25,0.0,0.0,0.0,329.6,3.79,240.0,97547.0
20060417:0600,20.92,16.2,55.0,103.38,43.0,325.8,2.97,229.0,97557.0
20060417:0700,22.01,15.65,288.0,488.48,122.0,325.2,2.83,230.0,97615.0
20060417:0800,26.1,12.45,536.0,712.15,147.0,326.8,4.14,274.0,97663.0
20060417:0900,29.52,9.2,753.0,825.01,158.0,332.6,4.83,296.0,97693.0
20060417:1000,31.78,7.4,906.0,843.07,187.0,338.4,5.38,312.0,97702.0
20060417:1100,33.36,6.7,1021.0,919.38,164.0,343.8,5.24,317.0,97654.0
20060417:1200,34.64,6.3,1053.0,943.66,153.0,348.6,5.03,314.0,97596.0
20060417:1300,35.52,6.35,1000.0,914.72,162.0,353.2,5.03,314.0,97528.0
20060417:1400,36.02,6.85,858.0,800.6,200.0,356.2,4.9,316.0,97450.0
20060417:1500,36.14,7.45,699.0,804.5,154.0,358.6,4.48,316.0,97411.0
20060417:1600,35.94,8.15,442.0,535.9,178.0,359.4,4.07,316.0,97343.0
20060417:1700,35.41,8.95,164.0,135.69,126.0,356.4,3.79,317.0,97343.0
20060417:1800,34.44,10.25,21.0,92.29,16.0,352.8,3.52,325.0,97314.0
20060417:1900,32.77,11.6,0.0,0.0,0.0,348.2,3.31,340.0,97353.0
20060417:2000,31.02,14.15,0.0,0.0,0.0,345.2,4.07,357.0,97411.0
20060417:2100,29.49,16.85,0.0,0.0,0.0,342.8,4.83,10.0,97499.0
20060417:2200,28.18,19.15,0.0,0.0,0.0,340.2,5.45,19.0,97537.0
20060417:2300,27.04,20.8,0.0,0.0,0.0,336.6,5.72,26.0,97537.0
20060418:0000,26.0,22.05,0.0,0.0,0.0,333.6,6.07,34.0,97518.0
20060418:0100,25.04,23.15,0.0,0.0,0.0,330.85,6.41,39.0,97489.0
20060418:0200,24.14,24.05,0.0,0.0,0.0,327.8,6.76,42.0,97440.0
20060418:0300,23.28,24.4,0.0,0.0,0.0,324.8,7.31,44.0,97479.0
20060418:0400,22.4,24.1,0.0,0.0,0.0,321.2,7.72,47.0,97508.0
20060418:0500,21.63,23.4,0.0,0.0,0.0,320.2,7.86,50.0,97566.0
20060418:0600,21.09,22.7,69.0,192.05,46.0,318.0,7.86,52.0,97644.0
20060418:0700,22.4,20.0,301.0,550.67,112.0,325.4,7.31,51.0,97751.0
20060418:0800,23.8,17.4,540.0,713.66,148.0,333.6,9.17,51.0,97809.0
20060418:0900,24.94,16.7,744.0,780.49,179.0,336.0,10.21,54.0,97896.0
20060418:1000,26.6,16.25,928.0,909.74,150.0,346.0,10.28,58.0,97954.0
20060418:1100,28.32,15.6,1039.0,971.97,131.0,352.4,9.86,61.0,97896.0
20060418:1200,29.97,14.4,1004.0,795.39,244.0,359.6,9.1,65.0,97819.0
20060418:1300,31.49,13.15,947.0,754.05,255.0,369.0,7.93,71.0,97722.0
20060418:1400,32.72,12.1,897.0,930.33,131.0,367.0,6.76,75.0,97605.0
20060418:1500,33.63,11.35,727.0,914.72,106.0,358.0,5.79,79.0,97547.0
20060418:1600,34.09,11.0,500.0,813.51,98.0,357.2,4.83,77.0,97460.0
20060418:1700,34.11,10.9,185.0,209.42,126.0,362.8,4.48,72.0,97479.0
20060418:1800,33.46,11.35,21.0,71.29,17.0,385.2,4.21,56.0,97440.0
20060418:1900,31.95,12.4,0.0,0.0,0.0,387.0,4.76,47.0,97450.0
20060418:2000,30.41,13.5,0.0,0.0,0.0,372.0,5.66,45.0,97518.0
20060418:2100,29.07,14.35,0.0,0.0,0.0,367.8,6.34,46.0,97576.0
20060418:2200,28.18,14.9,0.0,0.0,0.0,375.6,6.55,52.0,97547.0
20060418:2300,27.37,15.7,0.0,0.0,0.0,369.4,6.34,63.0,97576.0
20060419:0000,26.76,16.8,0.0,0.0,0.0,368.0,6.21,76.0,97537.0
20060419:0100,26.07,18.15,0.0,0.0,0.0,356.45,6.21,87.0,97479.0
20060419:0200,25.29,19.25,0.0,0.0,0.0,348.6,6.14,94.0,97470.0
20060419:0300,24.33,20.2,0.0,0.0,0.0,338.8,6.14,98.0,97450.0
20060419:0400,23.43,20.9,0.0,0.0,0.0,331.8,6.0,101.0,97479.0
20060419:0500,23.0,21.0,0.0,0.0,0.0,343.8,5.79,107.0,97499.0
20060419:0600,22.51,21.15,68.0,170.19,47.0,336.2,5.24,113.0,97557.0
20060419:0700,23.53,19.85,284.0,435.72,133.0,333.4,4.55,114.0,97615.0
20060419:0800,25.84,17.1,437.0,331.36,254.0,335.4,4.69,130.0,97673.0
20060419:0900,28.41,14.35,655.0,494.12,296.0,339.8,4.55,156.0,97693.0
20060419:1000,30.66,12.55,955.0,995.94,101.0,355.2,4.9,176.0,97741.0
20060419:1100,32.83,11.2,1014.0,886.59,184.0,357.8,5.66,188.0,97673.0
20060419:1200,34.8,10.0,776.0,310.27,479.0,367.0,6.21,201.0,97644.0
20060419:1300,36.14,8.6,954.0,769.1,247.0,376.8,6.34,218.0,97566.0
20060419:1400,36.9,7.55,903.0,948.1,121.0,382.0,6.55,232.0,97479.0
20060419:1500,37.23,6.65,560.0,360.12,315.0,380.8,6.76,242.0,97470.0
20060419:1600,37.1,5.9,232.0,32.28,216.0,378.6,6.9,249.0,97411.0
20060419:1700,36.5,5.8,70.0,0.0,70.0,371.0,6.62,253.0,97450.0
20060419:1800,35.34,6.3,8.0,0.0,8.0,359.8,5.38,257.0,97450.0
20060419:1900,33.4,7.5,0.0,0.0,0.0,359.6,3.86,268.0,97470.0
20060419:2000,31.99,8.35,0.0,0.0,0.0,364.8,3.66,271.0,97537.0
20060419:2100,30.68,9.3,0.0,0.0,0.0,365.6,3.45,276.0,97644.0
20060419:2200,29.14,10.5,0.0,0.0,0.0,353.8,3.24,288.0,97625.0
20060419:2300,27.64,11.9,0.0,0.0,0.0,352.2,2.97,311.0,97625.0
20060420:0000,26.02,13.45,0.0,0.0,0.0,342.8,3.03,341.0,97586.0
20060420:0100,24.36,15.25,0.0,0.0,0.0,331.25,3.31,3.0,97586.0
20060420:0200,23.0,17.05,0.0,0.0,0.0,326.8,3.52,16.0,97566.0
20060420:0300,21.84,18.95,0.0,0.0,0.0,322.2,3.66,21.0,97576.0
20060420:0400,20.7,20.95,0.0,0.0,0.0,318.6,3.59,22.0,97605.0
20060420:0500,19.59,22.95,0.0,0.0,0.0,315.8,3.59,20.0,97634.0
20060420:0600,18.7,24.7,83.0,299.3,45.0,312.4,3.66,20.0,97741.0
20060420:0700,20.14,23.15,314.0,588.88,108.0,313.6,3.45,20.0,97809.0
20060420:0800,23.2,19.15,543.0,702.45,153.0,316.6,4.0,23.0,97867.0
20060420:0900,26.18,15.95,762.0,827.03,159.0,323.6,4.34,24.0,97906.0
20060420:1000,29.05,13.25,923.0,877.04,169.0,332.0,4.48,25.0,97954.0
20060420:1100,31.55,11.2,1021.0,902.9,174.0,341.0,4.55,29.0,97935.0
20060420:1200,33.3,9.8,1053.0,927.09,164.0,349.0,4.21,30.0,97857.0
20060420:1300,34.31,8.9,1010.0,931.84,152.0,355.2,3.66,24.0,97819.0
20060420:1400,34.95,8.3,828.0,698.36,251.0,358.8,3.45,13.0,97731.0
20060420:1500,35.25,8.0,707.0,821.42,147.0,359.0,3.59,6.0,97722.0
20060420:1600,35.23,7.9,462.0,607.42,160.0,355.8,3.93,5.0,97663.0
20060420:1700,34.84,8.1,236.0,480.52,99.0,351.8,4.28,7.0,97673.0
20060420:1800,33.97,8.65,28.0,150.06,19.0,347.6,4.34,5.0,97712.0
20060420:1900,32.11,10.1,0.0,0.0,0.0,343.0,4.9,11.0,97712.0
20060420:2000,30.57,11.45,0.0,0.0,0.0,339.0,5.52,13.0,97809.0
20060420:2100,29.21,13.0,0.0,0.0,0.0,335.8,5.93,18.0,97906.0
20060420:2200,28.0,14.65,0.0,0.0,0.0,332.6,6.07,24.0,97945.0
20060420:2300,26.89,16.35,0.0,0.0,0.0,330.2,6.07,28.0,97945.0
20060421:0000,25.83,18.05,0.0,0.0,0.0,327.8,6.07,34.0,97954.0
20060421:0100,24.85,19.85,0.0,0.0,0.0,325.45,5.93,40.0,97916.0
20060421:0200,23.94,21.7,0.0,0.0,0.0,323.8,5.79,47.0,97886.0
20060421:0300,23.14,23.75,0.0,0.0,0.0,321.6,5.79,55.0,97877.0
20060421:0400,22.46,25.95,0.0,0.0,0.0,320.0,6.0,63.0,97877.0
20060421:0500,21.88,28.2,0.0,0.0,0.0,318.0,6.28,71.0,97906.0
20060421:0600,21.5,29.85,72.0,160.95,51.0,317.2,6.55,78.0,97945.0
20060421:0700,22.69,28.6,315.0,580.71,110.0,317.2,6.55,77.0,97983.0
20060421:0800,25.39,24.5,549.0,716.77,149.0,322.8,7.31,84.0,98022.0
20060421:0900,28.43,20.15,768.0,843.33,151.0,331.8,7.66,91.0,98022.0
20060421:1000,31.21,16.35,930.0,893.4,160.0,342.2,7.86,98.0,97974.0
20060421:1100,33.3,13.35,1028.0,920.25,163.0,352.6,7.31,106.0,97954.0
20060421:1200,34.73,11.35,1054.0,926.56,164.0,361.0,6.0,114.0,97867.0
20060421:1300,35.73,10.3,1022.0,966.15,131.0,366.8,5.03,124.0,97751.0
20060421:1400,36.45,9.6,878.0,848.24,176.0,369.8,4.41,136.0,97634.0
20060421:1500,36.91,9.05,693.0,761.19,173.0,371.6,4.14,151.0,97547.0
20060421:1600,37.08,8.65,447.0,537.42,179.0,370.2,4.14,164.0,97460.0
20060421:1700,36.93,8.4,219.0,362.63,115.0,367.4,4.28,174.0,97450.0
20060421:1800,36.27,8.65,23.0,80.76,18.0,363.4,3.79,184.0,97421.0
20060421:1900,34.57,9.9,0.0,0.0,0.0,360.6,3.45,198.0,97421.0
20060421:2000,33.03,10.95,0.0,0.0,0.0,355.8,3.31,202.0,97470.0
20060421:2100,31.58,12.05,0.0,0.0,0.0,352.4,2.97,195.0,97537.0
20060421:2200,30.04,13.3,0.0,0.0,0.0,348.2,3.03,182.0,97557.0
20060421:2300,28.58,14.45,0.0,0.0,0.0,343.8,3.59,180.0,97528.0
20060422:0000,27.04,15.6,0.0,0.0,0.0,338.8,3.86,184.0,97489.0
20060422:0100,25.71,16.4,0.0,0.0,0.0,333.85,3.93,182.0,97411.0
20060422:0200,24.54,16.85,0.0,0.0,0.0,329.2,4.0,175.0,97353.0
20060422:0300,23.47,17.15,0.0,0.0,0.0,326.2,4.21,185.0,97343.0
20060422:0400,22.48,17.0,0.0,0.0,0.0,323.6,4.55,206.0,97353.0
20060422:0500,21.46,17.05,0.0,0.0,0.0,319.6,3.93,214.0,97402.0
20060422:0600,20.37,18.1,77.0,186.67,52.0,315.8,3.17,206.0,97421.0
20060422:0700,21.51,16.85,322.0,606.48,106.0,317.0,3.1,213.0,97479.0
20060422:0800,25.23,13.7,558.0,745.3,140.0,321.4,3.24,220.0,97518.0
20060422:0900,28.77,11.75,763.0,813.29,166.0,329.0,3.93,229.0,97547.0
20060422:1000,31.73,10.1,922.0,861.13,178.0,337.2,4.83,235.0,97499.0
20060422:1100,34.12,8.65,1019.0,886.63,184.0,345.0,5.93,237.0,97489.0
20060422:1200,35.61,7.05,1061.0,943.75,153.0,350.0,7.52,236.0,97431.0
20060422:1300,36.6,6.05,1007.0,914.86,162.0,351.8,8.48,237.0,97343.0
20060422:1400,37.21,5.75,884.0,864.95,167.0,353.6,8.9,236.0,97247.0
20060422:1500,37.5,5.95,714.0,837.09,141.0,354.6,9.24,235.0,97198.0
20060422:1600,37.39,6.45,462.0,595.81,164.0,356.2,9.38,234.0,97101.0
20060422:1700,36.96,6.85,226.0,395.19,112.0,356.0,9.24,232.0,97072.0
20060422:1800,35.97,7.15,29.0,140.94,20.0,354.4,7.79,229.0,97062.0
20060422:1900,34.49,7.7,0.0,0.0,0.0,352.6,7.1,223.0,97091.0
20060422:2000,33.06,8.05,0.0,0.0,0.0,347.2,6.9,219.0,97120.0
20060422:2100,31.75,8.15,0.0,0.0,0.0,341.2,6.9,219.0,97217.0
20060422:2200,30.44,8.2,0.0,0.0,0.0,335.6,6.83,222.0,97227.0
20060422:2300,29.13,8.35,0.0,0.0,0.0,331.2,6.62,226.0,97237.0
20060423:0000,27.84,8.8,0.0,0.0,0.0,327.4,6.41,231.0,97247.0
20060423:0100,26.58,9.55,0.0,0.0,0.0,324.85,6.07,234.0,97237.0
20060423:0200,25.37,10.6,0.0,0.0,0.0,322.6,5.79,237.0,97217.0
20060423:0300,24.38,11.8,0.0,0.0,0.0,329.2,5.45,235.0,97227.0
20060423:0400,23.25,13.4,0.0,0.0,0.0,324.2,4.9,231.0,97247.0
20060423:0500,22.29,15.25,0.0,0.0,0.0,330.0,4.28,232.0,97276.0
20060423:0600,21.36,17.7,59.0,58.26,51.0,323.6,3.86,228.0,97343.0
20060423:0700,22.33,17.95,339.0,698.73,88.0,319.4,3.66,219.0,97392.0
20060423:0800,24.59,18.25,450.0,342.46,257.0,318.6,4.83,234.0,97508.0
20060423:0900,25.7,18.05,605.0,351.7,346.0,321.8,6.55,246.0,97547.0
20060423:1000,26.8,14.85,513.0,83.14,441.0,336.8,6.69,242.0,97576.0
20060423:1100,28.13,11.8,1015.0,870.14,194.0,351.2,6.9,231.0,97547.0
20060423:1200,29.33,9.5,1074.0,979.61,130.0,345.6,6.62,227.0,97479.0
20060423:1300,30.79,7.5,998.0,881.06,183.0,348.2,7.03,229.0,97363.0
20060423:1400,31.63,6.65,913.0,965.95,111.0,349.8,7.72,228.0,97305.0
20060423:1500,31.79,6.6,257.0,4.37,254.0,354.8,8.83,222.0,97266.0
20060423:1600,31.1,7.35,55.0,0.0,55.0,375.6,8.76,225.0,97227.0
20060423:1700,30.33,8.5,34.0,0.0,34.0,385.2,8.14,222.0,97247.0
20060423:1800,29.41,9.95,24.0,60.79,20.0,383.0,6.97,216.0,97266.0
20060423:1900,29.06,10.1,0.0,0.0,0.0,388.0,7.38,196.0,97247.0
20060423:2000,28.11,11.5,0.0,0.0,0.0,368.2,6.69,198.0,97295.0
20060423:2100,27.02,12.7,0.0,0.0,0.0,350.0,6.62,209.0,97363.0
20060423:2200,25.52,14.7,0.0,0.0,0.0,317.8,6.55,210.0,97392.0
20060423:2300,24.17,17.0,0.0,0.0,0.0,314.4,6.0,214.0,97373.0
20060424:0000,22.79,19.05,0.0,0.0,0.0,313.0,5.24,225.0,97460.0
20060424:0100,21.16,21.2,0.0,0.0,0.0,307.6,4.62,242.0,97382.0
20060424:0200,19.72,23.35,0.0,0.0,0.0,304.0,4.14,257.0,97373.0
20060424:0300,18.53,25.8,0.0,0.0,0.0,299.4,3.66,259.0,97324.0
20060424:0400,17.44,28.85,0.0,0.0,0.0,296.4,3.31,251.0,97314.0
20060424:0500,16.46,32.05,0.0,0.0,0.0,294.4,3.31,242.0,97353.0
20060424:0600,15.71,34.9,78.0,163.54,55.0,292.8,3.38,240.0,97411.0
20060424:0700,17.55,33.3,316.0,532.82,123.0,294.0,3.93,253.0,97518.0
20060424:0800,19.8,31.0,552.0,692.31,160.0,299.2,5.72,263.0,97605.0
20060424:0900,21.09,31.0,768.0,813.55,167.0,307.0,6.48,266.0,97663.0
20060424:1000,22.6,28.25,936.0,895.15,159.0,313.2,5.79,245.0,97596.0
20060424:1100,24.37,24.95,1039.0,938.4,152.0,318.8,7.1,226.0,97547.0
20060424:1200,25.65,20.9,1070.0,961.53,142.0,322.0,8.76,226.0,97528.0
20060424:1300,26.44,17.85,1015.0,931.6,152.0,323.2,9.17,234.0,97460.0
20060424:1400,26.93,16.1,891.0,881.47,158.0,323.8,9.17,240.0,97402.0
20060424:1500,27.05,15.65,720.0,852.74,134.0,323.2,8.97,244.0,97353.0
20060424:1600,26.88,16.3,470.0,620.16,158.0,322.0,8.41,244.0,97305.0
20060424:1700,26.47,17.2,247.0,514.02,97.0,320.0,7.79,242.0,97334.0
20060424:1800,25.83,18.25,31.0,132.85,22.0,318.4,6.83,242.0,97334.0
20060424:1900,25.3,18.95,0.0,0.0,0.0,319.4,4.83,236.0,97392.0
20060424:2000,24.19,20.3,0.0,0.0,0.0,317.8,3.86,226.0,97440.0
20060424:2100,23.0,21.8,0.0,0.0,0.0,316.4,3.66,212.0,97479.0
20060424:2200,21.88,23.2,0.0,0.0,0.0,313.8,3.93,205.0,97508.0
20060424:2300,20.8,24.55,0.0,0.0,0.0,310.8,4.14,206.0,97479.0
20060425:0000,19.89,25.75,0.0,0.0,0.0,314.2,4.21,202.0,97421.0
20060425:0100,19.3,26.55,0.0,0.0,0.0,325.85,4.28,200.0,97343.0
20060425:0200,18.73,27.5,0.0,0.0,0.0,324.8,4.34,202.0,97314.0
20060425:0300,18.36,28.7,0.0,0.0,0.0,331.8,4.14,204.0,97276.0
20060425:0400,18.05,30.65,0.0,0.0,0.0,340.4,3.79,216.0,97285.0
20060425:0500,17.3,33.95,0.0,0.0,0.0,328.0,3.1,246.0,97334.0
20060425:0600,16.19,37.8,76.0,125.09,58.0,318.0,2.28,276.0,97402.0
20060425:0700,16.98,34.65,306.0,465.56,136.0,321.8,1.59,9.0,97479.0
20060425:0800,19.63,31.45,573.0,777.06,131.0,323.2,1.93,49.0,97537.0
20060425:0900,21.65,29.45,783.0,861.03,145.0,322.4,0.48,77.0,97596.0
20060425:1000,23.46,27.1,948.0,928.81,140.0,332.6,1.72,248.0,97605.0
20060425:1100,25.28,24.85,1046.0,955.78,141.0,336.8,3.1,260.0,97576.0
20060425:1200,26.67,23.25,1065.0,944.58,152.0,341.8,4.28,272.0,97557.0
20060425:1300,27.55,21.15,1027.0,965.86,131.0,344.4,4.83,277.0,97479.0
20060425:1400,28.13,19.3,882.0,848.91,175.0,344.6,5.03,279.0,97431.0
20060425:1500,28.52,17.75,717.0,838.04,140.0,342.4,5.31,280.0,97411.0
20060425:1600,28.61,16.65,477.0,646.12,151.0,339.6,5.45,280.0,97421.0
20060425:1700,28.34,16.2,247.0,504.28,99.0,335.6,5.59,279.0,97411.0
20060425:1800,27.75,16.65,32.0,129.13,23.0,331.6,5.38,278.0,97450.0
20060425:1900,26.39,18.2,0.0,0.0,0.0,326.2,4.0,283.0,97489.0
20060425:2000,25.42,19.65,0.0,0.0,0.0,324.6,3.31,275.0,97566.0
20060425:2100,24.35,21.4,0.0,0.0,0.0,324.4,3.1,258.0,97625.0
20060425:2200,23.22,23.4,0.0,0.0,0.0,323.0,3.45,252.0,97625.0
20060425:2300,22.07,25.6,0.0,0.0,0.0,322.4,3.79,270.0,97634.0
20060426:0000,21.06,27.5,0.0,0.0,0.0,318.6,4.0,298.0,97644.0
20060426:0100,20.15,29.05,0.0,0.0,0.0,314.25,4.41,313.0,97615.0
20060426:0200,19.39,30.3,0.0,0.0,0.0,310.2,5.45,327.0,97663.0
20060426:0300,18.73,33.25,0.0,0.0,0.0,307.2,6.07,348.0,97663.0
20060426:0400,17.91,39.5,0.0,0.0,0.0,304.4,6.28,360.0,97722.0
20060426:0500,17.05,47.7,0.0,0.0,0.0,302.8,6.34,1.0,97780.0
20060426:0600,16.53,54.4,84.0,169.97,59.0,301.6,6.14,4.0,97828.0
20060426:0700,17.65,54.3,333.0,603.23,111.0,305.2,5.24,5.0,97886.0
20060426:0800,19.58,48.75,566.0,735.13,146.0,310.0,6.48,7.0,97954.0
20060426:0900,21.4,43.75,781.0,846.4,152.0,317.8,7.1,11.0,97983.0
20060426:1000,23.04,38.65,945.0,911.92,150.0,325.6,6.69,11.0,98022.0
20060426:1100,24.48,33.9,1047.0,955.23,141.0,333.8,5.72,5.0,97993.0
20060426:1200,25.67,29.8,1067.0,944.26,153.0,340.6,4.9,352.0,97916.0
20060426:1300,26.6,26.8,1028.0,965.62,131.0,345.8,4.55,335.0,97886.0
20060426:1400,27.32,24.85,888.0,864.44,167.0,348.2,5.1,324.0,97789.0
20060426:1500,27.77,23.7,726.0,868.36,127.0,348.2,5.72,323.0,97780.0
20060426:1600,28.12,22.2,481.0,660.08,147.0,353.4,5.59,326.0,97722.0
20060426:1700,28.25,21.5,253.0,538.7,94.0,375.4,5.79,331.0,97722.0
20060426:1800,27.84,22.45,36.0,181.44,23.0,377.2,6.14,336.0,97712.0
20060426:1900,27.06,23.65,0.0,0.0,0.0,355.0,5.52,344.0,97760.0
20060426:2000,26.15,25.55,0.0,0.0,0.0,342.2,4.69,342.0,97848.0
20060426:2100,25.32,27.15,0.0,0.0,0.0,345.2,3.79,336.0,97916.0
20060426:2200,24.31,29.0,0.0,0.0,0.0,342.2,3.45,331.0,98003.0
20060426:2300,23.46,31.1,0.0,0.0,0.0,342.8,3.86,340.0,97974.0
20060427:0000,22.77,34.05,0.0,0.0,0.0,339.6,4.55,355.0,97983.0
20060427:0100,22.45,36.85,0.0,0.0,0.0,347.85,5.59,7.0,97964.0
20060427:0200,21.88,39.55,0.0,0.0,0.0,339.4,6.48,14.0,97974.0
20060427:0300,21.08,42.45,0.0,0.0,0.0,331.4,6.69,16.0,97993.0
20060427:0400,20.27,45.8,0.0,0.0,0.0,328.4,6.62,17.0,98032.0
20060427:0500,19.47,49.15,0.0,0.0,0.0,325.2,6.55,20.0,98109.0
20060427:0600,18.92,51.4,85.0,166.44,60.0,322.6,6.34,24.0,98177.0
20060427:0700,19.65,50.4,332.0,582.51,116.0,321.2,6.21,23.0,98265.0
20060427:0800,21.03,45.9,569.0,737.23,146.0,325.0,7.72,29.0,98294.0
20060427:0900,22.43,40.9,787.0,862.79,144.0,329.6,7.72,33.0,98332.0
20060427:1000,23.81,36.65,947.0,912.34,150.0,335.0,6.76,31.0,98323.0
20060427:1100,25.09,32.85,1049.0,955.8,141.0,340.6,6.07,24.0,98313.0
20060427:1200,26.22,29.7,1068.0,943.98,153.0,346.2,5.86,15.0,98245.0
20060427:1300,27.11,27.2,1018.0,931.01,152.0,349.4,5.86,9.0,98158.0
20060427:1400,27.77,25.4,884.0,848.82,175.0,351.0,5.93,5.0,98080.0
20060427:1500,28.13,24.25,720.0,837.81,141.0,350.8,6.0,3.0,98022.0
20060427:1600,28.18,23.75,480.0,646.39,152.0,349.2,6.0,3.0,97993.0
20060427:1700,27.88,23.85,251.0,518.83,97.0,346.0,5.93,6.0,97993.0
20060427:1800,27.29,24.5,36.0,149.45,25.0,342.0,5.66,9.0,98003.0
20060427:1900,26.59,25.5,0.0,0.0,0.0,339.0,4.55,7.0,98022.0
20060427:2000,25.62,26.95,0.0,0.0,0.0,336.0,4.41,3.0,98109.0
20060427:2100,24.59,28.65,0.0,0.0,0.0,332.6,4.62,3.0,98158.0
20060427:2200,23.65,30.35,0.0,0.0,0.0,329.8,4.76,6.0,98197.0
20060427:2300,22.75,32.1,0.0,0.0,0.0,327.2,4.76,9.0,98206.0
20060428:0000,21.89,33.95,0.0,0.0,0.0,325.0,4.69,12.0,98148.0
20060428:0100,21.05,35.9,0.0,0.0,0.0,322.65,4.55,15.0,98129.0
20060428:0200,20.22,37.9,0.0,0.0,0.0,321.0,4.41,19.0,98080.0
20060428:0300,19.44,39.9,0.0,0.0,0.0,319.2,4.34,25.0,98090.0
20060428:0400,18.68,41.95,0.0,0.0,0.0,317.8,4.34,30.0,98071.0
20060428:0500,17.96,44.1,0.0,0.0,0.0,316.2,4.34,37.0,98071.0
20060428:0600,17.52,45.8,90.0,189.22,61.0,314.8,4.28,46.0,98100.0
20060428:0700,18.86,42.35,339.0,607.71,112.0,314.0,3.66,54.0,98148.0
20060428:0800,22.0,35.8,572.0,737.66,147.0,320.4,3.79,66.0,98168.0
20060428:0900,24.92,31.05,789.0,863.11,144.0,329.8,3.59,82.0,98226.0
20060428:1000,27.17,27.25,944.0,895.68,160.0,341.6,3.03,97.0,98187.0
20060428:1100,28.21,24.3,1045.0,938.54,152.0,352.0,1.66,85.0,98148.0
20060428:1200,28.93,22.35,1069.0,943.75,153.0,360.0,0.69,49.0,98080.0
20060428:1300,29.64,20.65,1019.0,930.89,152.0,363.6,0.76,344.0,97983.0
20060428:1400,30.27,19.2,885.0,848.81,175.0,364.4,1.38,323.0,97867.0
20060428:1500,30.71,18.2,713.0,807.39,154.0,362.6,2.14,319.0,97838.0
20060428:1600,30.85,17.55,478.0,634.75,155.0,359.4,2.69,321.0,97770.0
20060428:1700,30.62,17.45,252.0,509.24,100.0,354.8,2.9,326.0,97770.0
20060428:1800,30.11,17.8,37.0,158.81,25.0,349.6,2.9,333.0,97741.0
20060428:1900,29.35,18.1,0.0,0.0,0.0,343.6,2.41,343.0,97741.0
20060428:2000,28.49,19.15,0.0,0.0,0.0,340.0,2.21,339.0,97809.0
20060428:2100,27.33,20.65,0.0,0.0,0.0,337.0,2.41,336.0,97848.0
20060428:2200,25.92,22.6,0.0,0.0,0.0,333.8,2.62,338.0,97857.0
20060428:2300,24.45,24.8,0.0,0.0,0.0,330.8,2.69,345.0,97848.0
20060429:0000,23.04,27.05,0.0,0.0,0.0,328.2,2.76,355.0,97809.0
20060429:0100,21.69,29.45,0.0,0.0,0.0,325.45,2.76,12.0,97780.0
20060429:0200,20.41,31.9,0.0,0.0,0.0,322.8,2.76,37.0,97722.0
20060429:0300,19.24,34.35,0.0,0.0,0.0,320.0,2.76,70.0,97693.0
20060429:0400,18.25,36.5,0.0,0.0,0.0,317.4,3.1,102.0,97654.0
20060429:0500,17.36,38.6,0.0,0.0,0.0,314.8,3.38,121.0,97663.0
20060429:0600,16.77,40.2,94.0,198.41,63.0,313.0,3.03,132.0,97702.0
20060429:0700,18.79,35.85,342.0,608.75,113.0,314.6,2.55,134.0,97780.0
20060429:0800,23.21,27.3,574.0,738.18,147.0,321.0,1.86,147.0,97848.0
20060429:0900,26.5,22.35,775.0,800.78,175.0,332.2,1.59,171.0,97886.0
20060429:1000,29.06,18.6,780.0,456.11,380.0,345.0,2.14,194.0,97867.0
20060429:1100,30.66,15.8,1057.0,972.82,130.0,353.8,2.62,219.0,97819.0
20060429:1200,31.86,13.6,1070.0,943.56,153.0,360.6,2.69,223.0,97741.0
20060429:1300,32.85,12.25,1051.0,1031.6,89.0,363.8,2.76,221.0,97683.0
20060429:1400,33.55,11.45,744.0,459.63,359.0,365.6,2.83,224.0,97625.0
20060429:1500,33.91,10.95,425.0,109.57,349.0,366.4,3.03,232.0,97557.0
20060429:1600,34.07,10.55,472.0,599.67,166.0,367.4,3.17,238.0,97508.0
20060429:1700,34.06,10.3,238.0,409.8,115.0,381.4,3.45,233.0,97489.0
20060429:1800,33.76,10.35,39.0,180.6,25.0,382.4,3.72,219.0,97460.0
20060429:1900,32.65,11.8,0.0,0.0,0.0,366.0,3.38,178.0,97470.0
20060429:2000,31.25,12.95,0.0,0.0,0.0,352.0,4.14,168.0,97508.0
20060429:2100,30.09,13.95,0.0,0.0,0.0,352.2,4.62,169.0,97576.0
20060429:2200,28.92,15.0,0.0,0.0,0.0,346.0,4.83,173.0,97644.0
20060429:2300,27.79,16.1,0.0,0.0,0.0,341.2,4.76,182.0,97625.0
20060430:0000,26.74,17.15,0.0,0.0,0.0,343.8,4.55,194.0,97615.0
20060430:0100,25.38,18.6,0.0,0.0,0.0,332.85,4.41,205.0,97586.0
20060430:0200,24.1,20.1,0.0,0.0,0.0,328.4,4.41,210.0,97557.0
20060430:0300,23.0,21.5,0.0,0.0,0.0,324.4,4.41,208.0,97537.0
20060430:0400,22.02,22.8,0.0,0.0,0.0,320.4,4.48,209.0,97518.0
20060430:0500,21.0,24.25,0.0,0.0,0.0,317.2,4.28,218.0,97547.0
20060430:0600,20.23,25.3,94.0,188.5,64.0,314.6,4.0,225.0,97576.0
20060430:0700,21.52,23.55,341.0,588.77,118.0,316.0,3.31,223.0,97634.0
20060430:0800,24.92,18.85,570.0,711.23,157.0,321.6,3.59,228.0,97693.0
20060430:0900,28.48,14.85,785.0,832.03,160.0,329.6,4.21,225.0,97702.0
20060430:1000,31.84,11.85,947.0,895.75,160.0,340.0,5.1,221.0,97625.0
20060430:1100,34.24,9.65,1047.0,937.88,152.0,350.8,6.21,224.0,97605.0
20060430:1200,35.49,8.7,1065.0,926.97,163.0,359.2,6.34,233.0,97566.0
20060430:1300,36.25,8.35,1026.0,947.89,141.0,364.6,6.41,245.0,97518.0
20060430:1400,36.67,8.2,887.0,848.87,175.0,367.6,6.55,253.0,97479.0
20060430:1500,36.81,8.05,700.0,748.38,180.0,368.2,6.41,260.0,97440.0
20060430:1600,36.99,5.79,484.0,648.83,152.0,372.68,3.99,265.0,97411.0
20060430:1700,35.78,7.23,256.0,523.52,98.0,368.43,4.14,267.0,97411.0
20060430:1800,34.57,8.67,46.0,264.22,25.0,364.17,4.28,266.0,97392.0
20060430:1900,33.37,10.11,0.0,0.0,0.0,359.91,4.43,230.0,97411.0
20060430:2000,32.16,11.56,0.0,0.0,0.0,355.65,4.57,186.0,97431.0
20060430:2100,30.95,13.0,0.0,0.0,0.0,351.4,4.72,161.0,97479.0
20060430:2200,29.74,14.44,0.0,0.0,0.0,347.14,4.86,159.0,97508.0
20060430:2300,28.54,15.88,0.0,0.0,0.0,342.88,5.01,165.0,97518.0
20070501:0000,27.33,17.32,0.0,0.0,0.0,338.62,5.15,53.0,97964.0
20070501:0100,26.12,18.76,0.0,0.0,0.0,334.37,5.3,62.0,97916.0
20070501:0200,24.91,20.2,0.0,0.0,0.0,330.11,5.45,74.0,97857.0
20070501:0300,23.71,21.64,0.0,0.0,0.0,325.85,5.59,86.0,97828.0
20070501:0400,22.5,23.09,0.0,0.0,0.0,321.59,5.74,97.0,97819.0
20070501:0500,21.29,24.53,0.0,0.0,0.0,317.34,5.88,103.0,97867.0
20070501:0600,20.08,25.97,111.0,314.84,60.0,313.08,6.03,109.0,97877.0
20070501:0700,18.87,27.41,334.0,537.69,129.0,308.82,6.17,117.0,97954.0
20070501:0800,25.5,23.8,570.0,701.73,161.0,324.8,7.72,125.0,97983.0
20070501:0900,28.28,21.75,774.0,782.19,185.0,334.6,8.48,134.0,97993.0
20070501:1000,30.55,18.25,920.0,799.87,216.0,344.4,8.76,142.0,98003.0
20070501:1100,32.23,15.8,1018.0,840.31,215.0,356.8,7.93,153.0,97983.0
20070501:1200,33.41,14.35,1029.0,813.98,236.0,363.0,6.83,163.0,97935.0
20070501:1300,34.22,13.4,986.0,817.33,222.0,367.8,5.93,170.0,97828.0
20070501:1400,34.75,13.0,865.0,770.35,218.0,372.2,5.1,176.0,97751.0
20070501:1500,34.95,12.8,580.0,380.72,315.0,373.2,4.14,185.0,97663.0
20070501:1600,34.83,12.85,469.0,576.89,173.0,375.6,3.24,194.0,97634.0
20070501:1700,34.55,12.95,169.0,108.75,136.0,373.0,2.83,203.0,97634.0
20070501:1800,34.09,13.3,38.0,122.79,28.0,367.8,2.62,208.0,97596.0
20070501:1900,32.82,15.0,0.0,0.0,0.0,371.8,2.62,224.0,97615.0
20070501:2000,31.73,16.25,0.0,0.0,0.0,367.4,2.55,214.0,97673.0
20070501:2100,30.46,17.7,0.0,0.0,0.0,363.4,2.55,194.0,97731.0
20070501:2200,29.07,19.1,0.0,0.0,0.0,361.8,3.03,165.0,97741.0
20070501:2300,27.76,19.9,0.0,0.0,0.0,359.8,4.07,144.0,97712.0
20070502:0000,26.99,18.7,0.0,0.0,0.0,354.0,5.31,138.0,97644.0
20070502:0100,26.42,16.35,0.0,0.0,0.0,344.85,6.28,138.0,97596.0
20070502:0200,25.89,15.1,0.0,0.0,0.0,340.8,6.48,142.0,97566.0
20070502:0300,25.26,15.3,0.0,0.0,0.0,337.6,6.21,149.0,97557.0
20070502:0400,24.81,15.65,0.0,0.0,0.0,348.6,6.21,152.0,97576.0
20070502:0500,24.5,16.05,0.0,0.0,0.0,364.2,6.48,151.0,97605.0
20070502:0600,24.16,16.85,118.0,364.18,58.0,361.6,6.9,148.0,97654.0
20070502:0700,25.59,16.6,337.0,539.49,130.0,353.0,7.66,143.0,97722.0
20070502:0800,27.9,15.0,573.0,702.63,162.0,342.0,8.55,144.0,97731.0
20070502:0900,30.74,12.9,780.0,796.26,179.0,347.4,9.1,149.0,97751.0
20070502:1000,33.33,11.0,936.0,846.15,190.0,353.2,9.45,156.0,97760.0
20070502:1100,35.38,9.7,1019.0,840.24,215.0,360.2,9.31,172.0,97722.0
20070502:1200,36.69,9.15,1042.0,845.85,217.0,366.2,9.03,197.0,97654.0
20070502:1300,37.34,8.55,993.0,832.43,214.0,369.4,9.1,218.0,97615.0
20070502:1400,37.67,8.1,876.0,800.27,203.0,371.0,8.83,226.0,97537.0
20070502:1500,37.8,7.65,706.0,755.82,179.0,370.2,8.48,228.0,97440.0
20070502:1600,37.65,7.3,479.0,612.26,164.0,368.2,8.28,225.0,97373.0
20070502:1700,37.24,7.25,249.0,455.57,110.0,364.2,7.72,222.0,97353.0
20070502:1800,36.42,7.5,44.0,191.84,28.0,359.8,5.86,220.0,97334.0
20070502:1900,34.67,7.95,0.0,0.0,0.0,355.0,3.72,205.0,97305.0
20070502:2000,33.11,8.75,0.0,0.0,0.0,350.2,3.24,185.0,97363.0
20070502:2100,31.54,9.6,0.0,0.0,0.0,347.4,3.38,172.0,97402.0
20070502:2200,29.82,10.6,0.0,0.0,0.0,344.4,3.66,173.0,97411.0
20070502:2300,28.12,11.6,0.0,0.0,0.0,341.0,4.0,188.0,97421.0
20070503:0000,26.54,12.55,0.0,0.0,0.0,335.6,4.21,209.0,97392.0
20070503:0100,25.32,13.3,0.0,0.0,0.0,329.45,4.14,233.0,97382.0
20070503:0200,24.22,13.7,0.0,0.0,0.0,323.6,4.07,254.0,97353.0
20070503:0300,22.94,13.95,0.0,0.0,0.0,318.0,3.93,265.0,97353.0
20070503:0400,21.55,14.45,0.0,0.0,0.0,314.2,3.52,266.0,97343.0
20070503:0500,20.09,15.65,0.0,0.0,0.0,309.8,2.97,256.0,97373.0
20070503:0600,18.96,16.9,115.0,310.55,63.0,306.0,2.76,236.0,97373.0
20070503:0700,20.54,15.45,335.0,520.66,134.0,305.0,2.83,214.0,97450.0
20070503:0800,24.35,13.9,565.0,664.44,175.0,309.8,3.66,217.0,97489.0
20070503:0900,27.14,14.85,760.0,724.4,212.0,318.2,4.76,226.0,97537.0
20070503:1000,29.67,14.85,912.0,770.04,232.0,329.0,5.45,230.0,97528.0
20070503:1100,31.95,13.9,1009.0,808.9,234.0,340.0,6.48,230.0,97460.0
20070503:1200,33.47,11.85,1019.0,782.44,255.0,348.8,7.45,230.0,97392.0
20070503:1300,34.66,10.2,988.0,816.57,223.0,353.6,8.07,231.0,97305.0
20070503:1400,35.43,9.05,877.0,800.44,203.0,355.8,8.55,233.0,97208.0
20070503:1500,35.81,8.5,703.0,741.64,185.0,356.6,8.69,236.0,97120.0
20070503:1600,35.75,8.4,477.0,600.92,167.0,356.0,8.62,238.0,97062.0
20070503:1700,35.28,8.75,253.0,475.93,107.0,354.0,8.21,239.0,97033.0
20070503:1800,34.38,9.5,43.0,164.0,29.0,351.2,6.83,239.0,97033.0
20070503:1900,32.91,10.45,0.0,0.0,0.0,348.2,5.93,229.0,97043.0
20070503:2000,31.44,11.6,0.0,0.0,0.0,344.8,5.52,221.0,97130.0
20070503:2100,30.07,12.8,0.0,0.0,0.0,341.8,5.45,214.0,97188.0
20070503:2200,28.81,13.85,0.0,0.0,0.0,338.8,5.66,211.0,97217.0
20070503:2300,27.66,14.85,0.0,0.0,0.0,336.0,5.86,213.0,97198.0
20070504:0000,26.56,15.9,0.0,0.0,0.0,332.4,5.86,219.0,97169.0
20070504:0100,25.46,17.2,0.0,0.0,0.0,329.05,5.66,225.0,97140.0
20070504:0200,24.36,18.75,0.0,0.0,0.0,325.8,5.31,230.0,97120.0
20070504:0300,23.32,20.55,0.0,0.0,0.0,323.0,5.03,233.0,97082.0
20070504:0400,22.44,22.45,0.0,0.0,0.0,319.8,5.03,238.0,97111.0
20070504:0500,21.65,24.65,0.0,0.0,0.0,317.6,5.1,246.0,97159.0
20070504:0600,21.1,26.8,111.0,264.61,66.0,315.0,4.97,249.0,97208.0
20070504:0700,22.41,26.45,334.0,502.14,139.0,315.8,5.03,244.0,97256.0
20070504:0800,24.23,23.9,567.0,663.93,176.0,317.6,6.41,251.0,97305.0
20070504:0900,25.46,21.65,766.0,738.66,206.0,319.2,7.17,257.0,97373.0
20070504:1000,26.7,19.5,913.0,769.97,232.0,320.6,6.83,256.0,97392.0
20070504:1100,28.14,17.35,1004.0,793.31,243.0,323.8,6.48,249.0,97353.0
20070504:1200,29.64,15.15,1020.0,782.62,255.0,328.6,6.69,241.0,97324.0
20070504:1300,30.91,13.1,978.0,785.84,241.0,332.4,7.24,240.0,97256.0
20070504:1400,31.77,11.5,868.0,769.8,219.0,334.6,7.86,242.0,97217.0
20070504:1500,32.11,10.7,696.0,714.67,196.0,335.2,8.21,245.0,97159.0
20070504:1600,32.0,10.85,487.0,636.04,158.0,334.6,8.34,249.0,97159.0
20070504:1700,31.5,11.85,258.0,496.08,105.0,334.0,8.28,255.0,97159.0
20070504:1800,30.72,13.35,49.0,240.48,28.0,333.6,7.17,261.0,97198.0
20070504:1900,29.33,16.85,0.0,0.0,0.0,335.6,5.31,283.0,97256.0
20070504:2000,28.05,20.65,0.0,0.0,0.0,337.4,6.34,319.0,97402.0
20070504:2100,26.84,22.1,0.0,0.0,0.0,338.4,8.97,348.0,97537.0
20070504:2200,25.67,21.7,0.0,0.0,0.0,335.4,9.03,0.0,97596.0
20070504:2300,24.3,23.4,0.0,0.0,0.0,328.0,8.83,6.0,97634.0
20070505:0000,22.76,26.4,0.0,0.0,0.0,322.2,8.9,9.0,97654.0
20070505:0100,21.41,29.15,0.0,0.0,0.0,316.85,8.62,13.0,97702.0
20070505:0200,20.36,31.2,0.0,0.0,0.0,312.0,8.14,18.0,97702.0
20070505:0300,19.44,33.1,0.0,0.0,0.0,307.8,7.52,21.0,97693.0
20070505:0400,18.6,35.05,0.0,0.0,0.0,303.8,7.1,24.0,97760.0
20070505:0500,17.81,36.8,0.0,0.0,0.0,300.4,6.76,26.0,97789.0
20070505:0600,17.37,37.4,115.0,278.09,67.0,297.4,6.55,29.0,97877.0
20070505:0700,19.28,34.05,342.0,532.59,134.0,303.6,6.07,29.0,97935.0
20070505:0800,21.09,29.6,576.0,690.59,168.0,307.6,7.52,34.0,97993.0
20070505:0900,22.95,26.1,777.0,768.72,193.0,313.0,7.72,39.0,98051.0
20070505:1000,24.85,23.1,940.0,846.72,190.0,320.4,7.31,42.0,98051.0
20070505:1100,26.53,20.85,1033.0,872.56,195.0,327.2,6.48,42.0,98012.0
20070505:1200,27.74,19.35,1044.0,845.18,217.0,335.0,5.38,35.0,97993.0
20070505:1300,28.57,17.75,1001.0,848.93,204.0,340.8,4.62,25.0,97906.0
20070505:1400,29.24,16.1,883.0,815.06,195.0,343.6,4.48,16.0,97867.0
20070505:1500,29.6,15.2,709.0,756.29,179.0,344.0,4.69,11.0,97799.0
20070505:1600,29.61,15.05,488.0,636.28,158.0,342.4,4.97,9.0,97751.0
20070505:1700,29.23,15.4,261.0,506.34,104.0,339.2,5.31,10.0,97780.0
20070505:1800,28.42,16.3,51.0,246.4,29.0,335.6,5.66,10.0,97760.0
20070505:1900,26.8,19.15,0.0,0.0,0.0,331.2,5.38,11.0,97809.0
20070505:2000,25.7,20.5,0.0,0.0,0.0,328.2,5.59,14.0,97867.0
20070505:2100,24.68,21.6,0.0,0.0,0.0,325.4,5.52,16.0,97983.0
20070505:2200,23.67,22.7,0.0,0.0,0.0,323.0,5.24,17.0,98080.0
20070505:2300,22.64,24.1,0.0,0.0,0.0,320.2,4.9,21.0,98022.0
20070506:0000,21.69,25.5,0.0,0.0,0.0,317.4,4.9,29.0,98032.0
20070506:0100,20.87,26.75,0.0,0.0,0.0,315.05,5.17,39.0,97935.0
20070506:0200,20.16,27.9,0.0,0.0,0.0,311.8,5.24,43.0,97916.0
20070506:0300,19.64,28.85,0.0,0.0,0.0,321.6,4.97,41.0,97886.0
20070506:0400,19.03,30.1,0.0,0.0,0.0,326.0,4.69,37.0,97896.0
20070506:0500,18.22,31.85,0.0,0.0,0.0,319.4,4.34,35.0,97925.0
20070506:0600,17.59,33.35,116.0,274.17,68.0,313.8,4.48,25.0,97964.0
20070506:0700,18.52,32.9,264.0,206.27,183.0,314.8,5.86,3.0,98051.0
20070506:0800,20.45,30.3,561.0,627.74,189.0,321.6,7.24,13.0,98100.0
20070506:0900,22.52,28.5,748.0,671.29,237.0,325.2,7.72,17.0,98129.0
20070506:1000,24.43,26.75,745.0,368.65,418.0,329.2,8.21,18.0,98119.0
20070506:1100,25.88,24.75,1012.0,808.14,235.0,339.4,8.48,18.0,98090.0
20070506:1200,26.8,22.7,1039.0,829.03,227.0,338.8,8.83,15.0,98032.0
20070506:1300,27.16,21.8,682.0,204.31,490.0,342.6,8.76,11.0,98003.0
20070506:1400,27.2,21.9,419.0,34.31,390.0,345.4,8.48,6.0,97964.0
20070506:1500,26.98,22.4,655.0,574.12,252.0,345.0,7.72,1.0,97954.0
20070506:1600,26.83,22.65,518.0,776.91,114.0,342.4,7.17,349.0,97954.0
20070506:1700,26.54,23.05,212.0,237.4,138.0,338.8,6.48,339.0,97974.0
20070506:1800,26.12,23.3,19.0,0.0,19.0,339.4,5.17,336.0,97954.0
20070506:1900,25.05,25.65,0.0,0.0,0.0,333.2,5.24,356.0,98012.0
20070506:2000,24.09,27.1,0.0,0.0,0.0,328.8,5.86,357.0,98109.0
20070506:2100,23.02,28.6,0.0,0.0,0.0,327.2,7.03,359.0,98187.0
20070506:2200,21.79,30.8,0.0,0.0,0.0,318.2,7.1,0.0,98235.0
20070506:2300,20.69,33.05,0.0,0.0,0.0,311.6,6.48,360.0,98284.0
20070507:0000,19.77,34.95,0.0,0.0,0.0,308.0,6.0,358.0,98303.0
20070507:0100,19.0,36.6,0.0,0.0,0.0,306.4,5.79,358.0,98303.0
20070507:0200,18.34,38.05,0.0,0.0,0.0,306.2,5.66,1.0,98303.0
20070507:0300,17.73,39.4,0.0,0.0,0.0,304.4,5.79,7.0,98303.0
20070507:0400,17.23,40.85,0.0,0.0,0.0,304.2,5.93,15.0,98332.0
20070507:0500,16.78,42.6,0.0,0.0,0.0,303.4,5.86,25.0,98391.0
20070507:0600,16.68,44.15,128.0,366.27,63.0,304.8,5.66,34.0,98429.0
20070507:0700,17.59,42.1,354.0,580.12,125.0,304.6,5.52,19.0,98507.0
20070507:0800,19.77,38.7,586.0,718.44,159.0,309.6,7.24,27.0,98555.0
20070507:0900,21.9,35.6,784.0,784.09,186.0,316.0,8.28,34.0,98604.0
20070507:1000,23.84,31.4,932.0,815.1,208.0,325.6,8.55,34.0,98585.0
20070507:1100,25.07,27.2,1024.0,839.49,216.0,334.0,8.28,28.0,98585.0
20070507:1200,25.89,24.8,1040.0,829.27,227.0,347.6,8.21,21.0,98555.0
20070507:1300,26.41,23.8,974.0,770.71,249.0,339.0,8.28,16.0,98526.0
20070507:1400,26.8,23.25,841.0,684.31,262.0,339.0,8.28,13.0,98468.0
20070507:1500,27.0,22.85,648.0,550.43,261.0,339.2,8.34,12.0,98468.0
20070507:1600,26.83,23.2,494.0,650.21,155.0,337.6,8.62,13.0,98439.0
20070507:1700,26.32,24.4,261.0,488.27,108.0,334.8,8.9,15.0,98488.0
20070507:1800,25.42,26.5,53.0,236.05,31.0,331.8,8.83,18.0,98488.0
20070507:1900,24.29,28.5,0.0,0.0,0.0,326.8,7.86,19.0,98565.0
20070507:2000,23.42,30.3,0.0,0.0,0.0,324.8,7.59,24.0,98652.0
20070507:2100,22.66,32.15,0.0,0.0,0.0,323.6,7.17,29.0,98788.0
20070507:2200,21.86,34.4,0.0,0.0,0.0,321.0,6.41,35.0,98875.0
20070507:2300,20.97,37.1,0.0,0.0,0.0,318.6,5.59,38.0,98885.0
20070508:0000,20.0,40.2,0.0,0.0,0.0,315.2,4.83,40.0,98895.0
20070508:0100,18.95,43.8,0.0,0.0,0.0,311.45,4.34,42.0,98856.0
20070508:0200,17.94,47.6,0.0,0.0,0.0,307.2,4.14,44.0,98885.0
20070508:0300,17.0,51.5,0.0,0.0,0.0,303.8,4.0,42.0,98914.0
20070508:0400,16.09,55.4,0.0,0.0,0.0,300.8,3.93,37.0,98943.0
20070508:0500,15.22,59.2,0.0,0.0,0.0,298.2,4.0,31.0,99021.0
20070508:0600,14.84,60.85,130.0,361.56,65.0,296.8,4.21,29.0,99089.0
20070508:0700,16.55,57.15,354.0,569.66,128.0,299.2,4.14,33.0,99166.0
20070508:0800,19.01,47.9,591.0,733.2,154.0,305.4,4.97,32.0,99215.0
20070508:0900,21.35,39.9,789.0,798.38,179.0,312.6,5.52,35.0,99224.0
20070508:1000,23.41,32.4,938.0,830.91,199.0,320.6,6.21,38.0,99215.0
20070508:1100,25.02,26.35,1030.0,856.27,205.0,326.4,6.62,36.0,99186.0
20070508:1200,26.2,22.0,1046.0,844.82,217.0,330.2,7.59,32.0,99089.0
20070508:1300,27.04,19.15,1003.0,848.58,204.0,330.8,8.0,32.0,99050.0
20070508:1400,27.57,17.55,886.0,815.75,195.0,330.8,8.0,34.0,98963.0
20070508:1500,27.9,16.55,720.0,786.69,166.0,329.8,8.07,35.0,98943.0
20070508:1600,27.86,16.05,500.0,675.3,147.0,328.6,8.14,36.0,98856.0
20070508:1700,27.54,15.9,267.0,517.47,104.0,325.6,8.0,37.0,98866.0
20070508:1800,26.85,16.3,54.0,220.69,33.0,322.2,7.45,38.0,98904.0
20070508:1900,25.43,18.35,0.0,0.0,0.0,318.8,6.28,36.0,98904.0
20070508:2000,24.37,19.55,0.0,0.0,0.0,315.4,5.86,35.0,99021.0
20070508:2100,23.31,20.9,0.0,0.0,0.0,312.2,5.66,37.0,99089.0
20070508:2200,22.29,22.4,0.0,0.0,0.0,309.4,5.52,40.0,99195.0
20070508:2300,21.3,24.05,0.0,0.0,0.0,306.6,5.45,42.0,99195.0
20070509:0000,20.34,25.95,0.0,0.0,0.0,303.8,5.45,47.0,99137.0
20070509:0100,19.42,28.35,0.0,0.0,0.0,301.4,5.31,53.0,99118.0
20070509:0200,18.52,31.1,0.0,0.0,0.0,299.8,5.1,59.0,99069.0
20070509:0300,17.66,34.0,0.0,0.0,0.0,297.2,4.97,63.0,99040.0
20070509:0400,16.87,36.8,0.0,0.0,0.0,295.0,4.83,62.0,99108.0
20070509:0500,16.09,39.6,0.0,0.0,0.0,293.2,4.69,59.0,99118.0
20070509:0600,15.7,41.4,130.0,351.62,66.0,291.4,4.55,56.0,99176.0
20070509:0700,17.53,37.5,356.0,571.94,128.0,293.6,4.28,57.0,99244.0
20070509:0800,20.55,31.3,586.0,706.14,164.0,299.8,5.17,58.0,99302.0
20070509:0900,23.29,26.5,786.0,783.93,186.0,308.0,6.07,60.0,99312.0
20070509:1000,25.39,22.25,929.0,800.69,216.0,317.6,6.83,65.0,99283.0
20070509:1100,27.04,18.6,1014.0,807.74,235.0,324.8,7.1,62.0,99244.0
20070509:1200,28.42,16.6,1035.0,813.53,236.0,330.4,7.38,59.0,99127.0
20070509:1300,29.55,15.3,992.0,817.03,222.0,335.4,7.38,57.0,99060.0
20070509:1400,30.36,14.35,877.0,785.35,211.0,339.4,7.38,54.0,98934.0
20070509:1500,30.88,13.75,709.0,742.91,185.0,341.4,7.52,52.0,98846.0
20070509:1600,31.04,13.5,494.0,639.21,159.0,341.8,7.66,50.0,98788.0
20070509:1700,30.8,13.65,266.0,502.17,107.0,340.8,7.79,49.0,98769.0
20070509:1800,30.13,14.15,53.0,195.66,34.0,338.0,7.31,46.0,98749.0
20070509:1900,28.63,15.5,0.0,0.0,0.0,334.2,6.21,38.0,98730.0
20070509:2000,27.42,16.75,0.0,0.0,0.0,331.0,6.14,35.0,98798.0
20070509:2100,26.3,18.05,0.0,0.0,0.0,328.0,6.0,37.0,98856.0
20070509:2200,25.21,19.4,0.0,0.0,0.0,324.8,5.79,43.0,98943.0
20070509:2300,24.11,20.9,0.0,0.0,0.0,321.8,5.72,50.0,98914.0
20070510:0000,23.08,22.45,0.0,0.0,0.0,318.2,5.66,59.0,98885.0
20070510:0100,22.13,24.2,0.0,0.0,0.0,314.85,5.52,66.0,98846.0
20070510:0200,21.2,26.05,0.0,0.0,0.0,311.8,5.38,68.0,98798.0
20070510:0300,20.28,28.0,0.0,0.0,0.0,307.8,5.24,67.0,98788.0
20070510:0400,19.41,29.85,0.0,0.0,0.0,304.8,5.17,67.0,98798.0
20070510:0500,18.61,31.65,0.0,0.0,0.0,302.0,5.1,68.0,98846.0
20070510:0600,18.23,32.65,132.0,347.5,68.0,299.8,4.97,69.0,98875.0
20070510:0700,19.9,30.45,360.0,584.3,126.0,301.4,4.62,68.0,98953.0
20070510:0800,22.94,25.4,591.0,721.03,159.0,307.8,5.31,68.0,98992.0
20070510:0900,25.75,21.6,788.0,783.95,187.0,316.4,5.86,68.0,99021.0
20070510:1000,27.56,19.15,935.0,815.46,208.0,326.0,6.97,72.0,98972.0
20070510:1100,28.99,16.65,1014.0,808.03,234.0,332.6,6.69,67.0,98943.0
20070510:1200,30.27,14.65,1036.0,812.85,237.0,338.4,6.41,61.0,98846.0
20070510:1300,31.36,13.1,987.0,801.46,231.0,342.8,6.34,56.0,98740.0
20070510:1400,32.2,11.95,877.0,784.49,211.0,345.6,6.28,52.0,98633.0
20070510:1500,32.75,11.15,710.0,743.16,185.0,346.6,6.28,50.0,98546.0
20070510:1600,32.93,10.8,498.0,652.8,155.0,346.4,6.21,48.0,98468.0
20070510:1700,32.77,10.8,271.0,521.59,105.0,344.8,6.07,46.0,98458.0
20070510:1800,32.19,11.2,58.0,242.3,34.0,342.6,5.59,41.0,98391.0
20070510:1900,30.53,12.65,0.0,0.0,0.0,339.6,4.97,26.0,98400.0
20070510:2000,29.09,13.85,0.0,0.0,0.0,337.0,5.24,22.0,98458.0
20070510:2100,27.85,15.1,0.0,0.0,0.0,334.4,5.72,24.0,98526.0
20070510:2200,26.77,16.35,0.0,0.0,0.0,331.6,6.0,30.0,98585.0
20070510:2300,25.75,17.65,0.0,0.0,0.0,328.8,5.93,37.0,98594.0
20070511:0000,24.67,19.0,0.0,0.0,0.0,325.0,5.59,46.0,98565.0
20070511:0100,23.62,20.2,0.0,0.0,0.0,321.65,5.38,53.0,98478.0
20070511:0200,22.63,21.4,0.0,0.0,0.0,317.6,5.31,57.0,98439.0
20070511:0300,21.72,22.7,0.0,0.0,0.0,314.4,5.31,57.0,98439.0
20070511:0400,20.87,24.2,0.0,0.0,0.0,311.8,5.31,58.0,98488.0
20070511:0500,20.12,25.9,0.0,0.0,0.0,308.8,5.38,61.0,98526.0
20070511:0600,19.85,27.25,136.0,370.46,67.0,307.0,5.31,65.0,98585.0
20070511:0700,21.92,25.05,362.0,584.22,127.0,310.2,5.17,61.0,98633.0
20070511:0800,25.04,21.8,595.0,734.26,154.0,316.4,6.0,66.0,98672.0
20070511:0900,28.01,19.25,789.0,784.03,187.0,325.8,6.48,68.0,98672.0
20070511:1000,29.99,17.05,931.0,799.99,217.0,335.6,6.69,66.0,98633.0
20070511:1100,31.21,14.5,1027.0,839.41,216.0,344.0,6.14,54.0,98585.0
20070511:1200,32.25,12.7,1042.0,828.46,227.0,348.4,6.14,45.0,98507.0
20070511:1300,33.12,11.15,993.0,816.66,222.0,351.2,6.28,39.0,98420.0
20070511:1400,33.72,9.95,883.0,800.12,203.0,351.8,6.41,36.0,98323.0
20070511:1500,34.07,9.05,715.0,757.56,179.0,350.8,6.55,34.0,98255.0
20070511:1600,34.1,8.45,504.0,677.72,147.0,348.6,6.62,32.0,98187.0
20070511:1700,33.77,8.25,275.0,543.95,101.0,345.0,6.69,30.0,98177.0
20070511:1800,33.05,8.4,59.0,237.64,35.0,341.4,6.28,25.0,98177.0
20070511:1900,31.39,10.0,0.0,0.0,0.0,340.0,6.0,10.0,98187.0
20070511:2000,30.02,11.0,0.0,0.0,0.0,336.4,6.55,8.0,98284.0
20070511:2100,28.87,12.05,0.0,0.0,0.0,334.0,7.03,12.0,98313.0
20070511:2200,27.89,13.0,0.0,0.0,0.0,331.4,7.31,18.0,98352.0
20070511:2300,26.97,13.7,0.0,0.0,0.0,329.0,7.31,26.0,98342.0
20070512:0000,26.04,14.3,0.0,0.0,0.0,326.8,7.17,34.0,98332.0
20070512:0100,25.13,14.8,0.0,0.0,0.0,324.25,6.9,40.0,98284.0
20070512:0200,24.25,15.4,0.0,0.0,0.0,322.0,6.62,44.0,98274.0
20070512:0300,23.45,16.1,0.0,0.0,0.0,319.2,6.41,49.0,98294.0
20070512:0400,22.73,16.65,0.0,0.0,0.0,317.4,6.14,55.0,98313.0
20070512:0500,22.05,17.3,0.0,0.0,0.0,314.6,5.79,62.0,98323.0
20070512:0600,21.72,17.7,139.0,377.14,68.0,313.0,5.52,67.0,98362.0
20070512:0700,23.28,17.0,362.0,574.35,130.0,316.2,5.17,53.0,98429.0
20070512:0800,25.99,14.55,594.0,722.59,159.0,319.8,5.86,52.0,98458.0
20070512:0900,28.78,12.75,790.0,784.17,187.0,326.4,6.0,54.0,98468.0
20070512:1000,31.36,11.85,931.0,800.27,216.0,335.2,6.0,57.0,98449.0
20070512:1100,32.81,10.15,1027.0,839.74,215.0,343.6,6.76,49.0,98371.0
20070512:1200,33.87,8.6,1049.0,845.1,217.0,346.2,7.31,46.0,98342.0
20070512:1300,34.72,7.45,1010.0,864.66,193.0,347.2,7.79,45.0,98255.0
20070512:1400,35.27,6.7,889.0,815.72,195.0,347.8,8.0,45.0,98197.0
20070512:1500,35.5,6.35,720.0,771.92,173.0,347.0,8.14,44.0,98129.0
20070512:1600,35.39,6.45,497.0,640.03,159.0,346.0,8.07,42.0,98109.0
20070512:1700,34.92,6.75,275.0,534.98,103.0,344.4,7.86,41.0,98100.0
20070512:1800,34.08,7.4,59.0,233.18,35.0,342.2,6.83,37.0,98109.0
20070512:1900,32.48,8.45,0.0,0.0,0.0,340.4,6.0,22.0,98100.0
20070512:2000,30.96,9.75,0.0,0.0,0.0,337.8,5.79,19.0,98197.0
20070512:2100,29.62,11.0,0.0,0.0,0.0,335.2,5.72,18.0,98265.0
20070512:2200,28.36,12.1,0.0,0.0,0.0,332.4,5.52,20.0,98303.0
20070512:2300,27.12,13.15,0.0,0.0,0.0,328.8,5.31,26.0,98313.0
20070513:0000,25.86,14.1,0.0,0.0,0.0,325.0,5.1,35.0,98294.0
20070513:0100,24.63,14.65,0.0,0.0,0.0,320.45,4.9,47.0,98226.0
20070513:0200,23.53,14.45,0.0,0.0,0.0,316.4,4.76,60.0,98235.0
20070513:0300,22.65,13.65,0.0,0.0,0.0,313.2,4.76,71.0,98216.0
20070513:0400,21.9,13.3,0.0,0.0,0.0,310.4,4.9,79.0,98226.0
20070513:0500,21.28,13.7,0.0,0.0,0.0,309.2,5.03,83.0,98255.0
20070513:0600,21.15,14.1,140.0,373.31,69.0,308.6,4.97,85.0,98274.0
20070513:0700,23.29,12.95,365.0,586.86,127.0,307.8,4.9,80.0,98332.0
20070513:0800,26.92,10.9,595.0,722.66,159.0,312.4,5.17,77.0,98352.0
20070513:0900,30.46,9.5,791.0,784.38,187.0,320.0,5.72,74.0,98362.0
20070513:1000,32.9,8.1,932.0,800.6,216.0,329.6,6.69,74.0,98371.0
20070513:1100,34.14,6.7,1022.0,823.58,225.0,337.0,6.07,73.0,98332.0
20070513:1200,35.17,5.9,1037.0,813.01,236.0,341.6,5.38,67.0,98284.0
20070513:1300,36.01,5.2,994.0,816.38,222.0,345.0,5.17,57.0,98226.0
20070513:1400,36.59,4.7,880.0,784.35,212.0,346.2,5.24,48.0,98119.0
20070513:1500,36.96,4.4,709.0,729.89,191.0,345.8,5.66,42.0,98080.0
20070513:1600,36.96,4.15,499.0,640.32,160.0,343.6,6.07,39.0,98012.0
20070513:1700,36.66,4.05,278.0,544.68,102.0,340.8,6.28,38.0,97993.0
20070513:1800,35.84,4.25,60.0,219.35,37.0,337.8,5.52,35.0,97983.0
20070513:1900,33.61,5.2,0.0,0.0,0.0,333.8,4.83,13.0,97993.0
20070513:2000,31.81,6.2,0.0,0.0,0.0,330.8,5.1,11.0,98071.0
20070513:2100,30.32,7.45,0.0,0.0,0.0,328.6,5.52,13.0,98168.0
20070513:2200,29.04,8.8,0.0,0.0,0.0,326.6,5.72,17.0,98274.0
20070513:2300,27.81,10.05,0.0,0.0,0.0,324.2,5.79,23.0,98226.0
20070514:0000,26.59,11.0,0.0,0.0,0.0,321.4,5.66,30.0,98206.0
20070514:0100,25.37,11.5,0.0,0.0,0.0,318.05,5.52,40.0,98177.0
20070514:0200,24.31,11.45,0.0,0.0,0.0,314.6,5.31,50.0,98139.0
20070514:0300,23.47,11.15,0.0,0.0,0.0,310.6,5.24,61.0,98139.0
20070514:0400,22.78,11.35,0.0,0.0,0.0,308.6,5.24,71.0,98148.0
20070514:0500,22.13,12.0,0.0,0.0,0.0,306.6,5.24,77.0,98197.0
20070514:0600,21.92,12.45,140.0,364.51,70.0,305.6,5.1,79.0,98197.0
20070514:0700,23.5,11.4,367.0,587.09,128.0,306.8,4.83,80.0,98255.0
20070514:0800,27.36,9.15,596.0,722.81,159.0,312.6,4.69,82.0,98255.0
20070514:0900,31.39,7.25,792.0,784.64,187.0,321.0,5.03,82.0,98265.0
20070514:1000,34.03,5.9,933.0,799.85,217.0,330.6,5.93,80.0,98226.0
20070514:1100,35.01,5.15,1022.0,822.97,225.0,337.2,5.31,70.0,98168.0
20070514:1200,35.87,4.65,1038.0,812.44,237.0,341.0,4.9,64.0,98090.0
20070514:1300,36.57,4.3,995.0,815.74,223.0,343.2,4.69,57.0,98042.0
20070514:1400,37.09,4.0,885.0,799.97,203.0,344.2,4.62,50.0,97935.0
20070514:1500,37.42,3.8,722.0,772.41,173.0,344.4,4.83,44.0,97838.0
20070514:1600,37.49,3.65,503.0,653.8,156.0,343.4,4.97,39.0,97789.0
20070514:1700,37.25,3.65,276.0,517.35,108.0,341.4,5.1,37.0,97770.0
20070514:1800,36.51,3.8,61.0,215.41,38.0,339.4,4.48,28.0,97722.0
20070514:1900,34.48,4.45,0.0,0.0,0.0,337.8,4.21,11.0,97751.0
20070514:2000,32.64,4.95,0.0,0.0,0.0,335.4,4.83,8.0,97819.0
20070514:2100,31.17,5.4,0.0,0.0,0.0,332.8,5.38,14.0,97896.0
20070514:2200,29.96,5.9,0.0,0.0,0.0,331.2,5.72,24.0,97916.0
20070514:2300,28.95,6.55,0.0,0.0,0.0,329.2,6.21,34.0,97896.0
20070515:0000,28.3,7.65,0.0,0.0,0.0,328.8,6.76,47.0,97896.0
20070515:0100,27.77,8.95,0.0,0.0,0.0,328.05,7.1,59.0,97877.0
20070515:0200,27.05,9.95,0.0,0.0,0.0,327.2,7.03,66.0,97848.0
20070515:0300,26.26,10.7,0.0,0.0,0.0,325.4,6.83,71.0,97848.0
20070515:0400,25.52,11.5,0.0,0.0,0.0,323.8,6.48,73.0,97886.0
20070515:0500,24.79,12.35,0.0,0.0,0.0,322.2,6.21,73.0,97906.0
20070515:0600,24.54,12.9,141.0,356.02,72.0,321.0,6.0,73.0,97945.0
20070515:0700,26.5,12.25,368.0,587.43,128.0,324.0,5.86,77.0,97954.0
20070515:0800,29.51,10.65,597.0,723.04,159.0,330.2,6.21,75.0,97954.0
20070515:0900,32.5,9.1,793.0,784.96,187.0,338.2,6.97,76.0,97925.0
20070515:1000,35.13,7.85,944.0,831.52,199.0,347.6,6.97,76.0,97916.0
20070515:1100,37.14,7.0,1029.0,838.89,216.0,356.8,6.21,78.0,97877.0
20070515:1200,38.05,6.15,1050.0,844.33,217.0,364.8,4.34,69.0,97789.0
20070515:1300,38.57,5.5,1001.0,832.01,213.0,368.4,3.45,50.0,97722.0
20070515:1400,38.98,5.05,886.0,800.34,203.0,369.0,3.31,34.0,97625.0
20070515:1500,39.13,4.8,715.0,744.57,185.0,367.4,3.31,23.0,97537.0
20070515:1600,39.05,4.65,501.0,642.79,159.0,365.0,3.24,13.0,97479.0
20070515:1700,38.76,4.65,276.0,508.68,110.0,361.4,3.38,1.0,97460.0
20070515:1800,38.13,4.7,61.0,202.42,39.0,357.2,3.72,348.0,97421.0
20070515:1900,36.17,5.45,0.0,0.0,0.0,353.8,4.21,332.0,97470.0
20070515:2000,34.36,5.9,0.0,0.0,0.0,350.2,4.83,334.0,97508.0
20070515:2100,32.82,6.2,0.0,0.0,0.0,345.4,5.24,341.0,97605.0
20070515:2200,31.45,6.45,0.0,0.0,0.0,342.2,5.72,350.0,97615.0
20070515:2300,30.3,7.1,0.0,0.0,0.0,339.4,6.0,2.0,97586.0
20070516:0000,29.37,8.65,0.0,0.0,0.0,337.2,5.72,23.0,97528.0
20070516:0100,28.57,10.1,0.0,0.0,0.0,335.85,5.59,48.0,97479.0
20070516:0200,27.79,10.7,0.0,0.0,0.0,333.6,5.66,66.0,97460.0
20070516:0300,26.74,11.1,0.0,0.0,0.0,330.6,5.24,74.0,97431.0
20070516:0400,25.38,11.7,0.0,0.0,0.0,327.6,4.28,73.0,97470.0
20070516:0500,23.89,12.55,0.0,0.0,0.0,323.6,3.72,62.0,97518.0
20070516:0600,22.89,13.1,139.0,332.47,74.0,320.6,3.66,54.0,97547.0
20070516:0700,25.04,10.95,360.0,534.2,141.0,323.6,3.31,45.0,97596.0
20070516:0800,28.38,8.95,595.0,710.17,164.0,327.4,3.72,47.0,97644.0
20070516:0900,30.94,7.9,789.0,769.81,194.0,334.4,3.45,57.0,97673.0
20070516:1000,32.92,7.3,939.0,815.23,208.0,342.8,2.07,60.0,97741.0
20070516:1100,34.41,6.85,1035.0,854.83,206.0,352.0,0.83,2.0,97722.0
20070516:1200,36.02,6.25,1056.0,860.0,207.0,359.0,2.21,311.0,97683.0
20070516:1300,37.45,5.75,1007.0,847.22,204.0,362.4,3.72,311.0,97654.0
20070516:1400,38.33,5.5,887.0,799.55,204.0,365.0,4.48,318.0,97576.0
20070516:1500,38.71,5.4,716.0,744.88,185.0,365.8,4.62,325.0,97537.0
20070516:1600,38.7,5.5,500.0,629.97,164.0,365.2,4.41,329.0,97508.0
20070516:1700,38.41,5.65,274.0,490.95,113.0,363.2,4.07,330.0,97508.0
20070516:1800,37.86,6.0,65.0,235.1,39.0,360.4,3.38,327.0,97508.0
20070516:1900,36.2,6.75,0.0,0.0,0.0,354.6,2.69,312.0,97528.0
20070516:2000,34.41,7.85,0.0,0.0,0.0,351.8,2.9,319.0,97634.0
20070516:2100,32.64,9.3,0.0,0.0,0.0,351.0,3.52,348.0,97722.0
20070516:2200,31.41,10.9,0.0,0.0,0.0,350.2,4.97,21.0,97809.0
20070516:2300,30.61,12.25,0.0,0.0,0.0,349.2,5.86,38.0,97848.0
20070517:0000,29.81,13.05,0.0,0.0,0.0,346.6,6.07,46.0,97848.0
20070517:0100,28.71,14.15,0.0,0.0,0.0,343.25,5.79,48.0,97838.0
20070517:0200,27.54,15.9,0.0,0.0,0.0,339.8,5.59,48.0,97819.0
20070517:0300,26.45,18.2,0.0,0.0,0.0,336.6,5.72,44.0,97828.0
20070517:0400,25.55,20.75,0.0,0.0,0.0,333.8,6.07,43.0,97848.0
20070517:0500,24.76,23.25,0.0,0.0,0.0,330.8,6.14,45.0,97906.0
20070517:0600,24.46,24.7,134.0,284.09,78.0,328.4,6.07,48.0,97954.0
20070517:0700,26.03,23.5,359.0,525.19,143.0,330.6,5.59,55.0,98003.0
20070517:0800,28.59,20.5,593.0,697.42,169.0,335.6,6.69,57.0,98051.0
20070517:0900,31.37,16.75,798.0,799.99,179.0,343.4,6.76,55.0,98080.0
20070517:1000,34.01,12.9,945.0,831.31,199.0,353.6,6.83,51.0,98119.0
20070517:1100,35.85,10.0,1052.0,903.76,175.0,362.0,6.83,50.0,98109.0
20070517:1200,36.98,8.6,1062.0,876.68,196.0,367.8,6.21,46.0,98061.0
20070517:1300,37.78,7.75,1024.0,896.17,174.0,370.8,6.0,42.0,98003.0
20070517:1400,38.27,7.15,897.0,830.36,187.0,372.2,5.86,37.0,97916.0
20070517:1500,38.44,6.7,725.0,773.21,173.0,371.4,6.14,31.0,97867.0
20070517:1600,38.28,6.55,510.0,667.72,153.0,368.4,6.62,28.0,97857.0
20070517:1700,37.69,6.9,281.0,521.97,109.0,364.6,7.03,27.0,97828.0
20070517:1800,36.68,7.9,66.0,231.15,40.0,360.8,6.83,24.0,97867.0
20070517:1900,34.84,9.8,0.0,0.0,0.0,357.6,6.28,21.0,97877.0
20070517:2000,33.36,11.5,0.0,0.0,0.0,354.4,6.28,20.0,97983.0
20070517:2100,32.05,13.1,0.0,0.0,0.0,350.8,6.14,24.0,98071.0
20070517:2200,30.82,14.65,0.0,0.0,0.0,347.6,6.0,27.0,98109.0
20070517:2300,29.64,16.25,0.0,0.0,0.0,344.2,5.93,31.0,98100.0
20070518:0000,28.55,17.9,0.0,0.0,0.0,341.6,5.93,35.0,98071.0
20070518:0100,27.51,19.65,0.0,0.0,0.0,339.45,5.93,42.0,98051.0
20070518:0200,26.52,21.65,0.0,0.0,0.0,337.6,5.79,53.0,98032.0
20070518:0300,25.6,24.05,0.0,0.0,0.0,335.4,5.66,63.0,98022.0
20070518:0400,24.73,26.6,0.0,0.0,0.0,332.4,5.59,71.0,98012.0
20070518:0500,23.9,28.9,0.0,0.0,0.0,330.4,5.59,78.0,98051.0
20070518:0600,23.56,30.05,147.0,377.53,72.0,328.0,5.52,85.0,98071.0
20070518:0700,24.98,28.85,375.0,601.17,127.0,330.2,5.17,83.0,98148.0
20070518:0800,27.46,25.15,601.0,724.19,160.0,336.0,5.86,89.0,98158.0
20070518:0900,30.14,21.35,803.0,814.67,172.0,345.2,5.45,93.0,98158.0
20070518:1000,32.57,17.75,956.0,863.01,181.0,356.2,5.03,95.0,98158.0
20070518:1100,33.89,15.45,1046.0,887.78,184.0,366.6,4.34,80.0,98119.0
20070518:1200,34.78,14.05,1062.0,876.17,196.0,373.4,3.86,68.0,98071.0
20070518:1300,35.47,13.0,1013.0,863.94,193.0,377.6,3.45,60.0,98003.0
20070518:1400,35.99,12.2,898.0,830.74,187.0,379.6,3.17,53.0,97935.0
20070518:1500,36.32,11.6,726.0,773.5,173.0,379.2,3.17,45.0,97848.0
20070518:1600,36.41,11.25,508.0,656.78,156.0,376.8,3.31,38.0,97828.0
20070518:1700,36.19,11.2,285.0,540.61,106.0,373.2,3.52,33.0,97770.0
20070518:1800,35.71,11.45,68.0,236.09,41.0,368.4,3.66,29.0,97741.0
20070518:1900,34.42,12.35,0.0,0.0,0.0,363.6,3.66,23.0,97741.0
20070518:2000,33.05,13.4,0.0,0.0,0.0,359.8,3.86,22.0,97828.0
20070518:2100,31.7,14.55,0.0,0.0,0.0,356.0,4.14,28.0,97896.0
20070518:2200,30.4,15.7,0.0,0.0,0.0,352.4,4.41,35.0,97945.0
20070518:2300,29.18,16.9,0.0,0.0,0.0,349.0,4.48,44.0,97974.0
20070519:0000,28.0,18.1,0.0,0.0,0.0,345.2,4.48,57.0,97916.0
20070519:0100,26.91,19.0,0.0,0.0,0.0,341.65,4.55,72.0,97916.0
20070519:0200,25.96,19.65,0.0,0.0,0.0,338.0,4.62,86.0,97857.0
20070519:0300,25.03,20.6,0.0,0.0,0.0,334.2,4.55,95.0,97877.0
20070519:0400,24.06,22.15,0.0,0.0,0.0,331.2,4.48,101.0,97886.0
20070519:0500,23.17,24.05,0.0,0.0,0.0,328.4,4.55,106.0,97916.0
20070519:0600,22.9,25.25,148.0,374.77,73.0,325.6,4.62,110.0,97945.0
20070519:0700,24.89,24.3,374.0,592.2,129.0,327.8,4.41,112.0,97993.0
20070519:0800,27.95,20.65,595.0,696.85,170.0,333.4,5.31,119.0,98051.0
20070519:0900,30.81,17.3,795.0,785.53,186.0,343.0,5.45,128.0,98071.0
20070519:1000,33.02,14.45,946.0,831.28,199.0,353.4,5.17,133.0,98061.0
20070519:1100,34.4,12.85,1041.0,870.83,195.0,363.8,3.86,135.0,98051.0
20070519:1200,35.3,11.5,1057.0,859.5,207.0,372.2,2.55,130.0,97964.0
20070519:1300,35.99,10.6,1014.0,863.36,194.0,377.0,1.66,120.0,97916.0
20070519:1400,36.49,10.1,883.0,784.44,211.0,380.4,1.03,99.0,97848.0
20070519:1500,36.84,9.75,699.0,676.02,215.0,381.4,0.97,60.0,97760.0
20070519:1600,37.02,9.65,509.0,657.07,156.0,380.0,1.17,37.0,97722.0
20070519:1700,36.94,9.7,285.0,532.05,108.0,376.6,1.38,30.0,97673.0
20070519:1800,36.59,9.9,72.0,266.71,41.0,372.2,1.38,24.0,97683.0
20070519:1900,36.04,10.85,0.0,0.0,0.0,370.2,0.28,355.0,97683.0
20070519:2000,34.93,13.6,0.0,0.0,0.0,367.0,0.83,293.0,97731.0
20070519:2100,33.27,14.5,0.0,0.0,0.0,364.6,1.17,288.0,97809.0
20070519:2200,32.13,15.0,0.0,0.0,0.0,361.6,1.31,288.0,97819.0
20070519:2300,31.41,15.4,0.0,0.0,0.0,358.2,1.31,284.0,97819.0
20070520:0000,30.84,15.75,0.0,0.0,0.0,355.2,1.31,277.0,97760.0
20070520:0100,30.46,15.95,0.0,0.0,0.0,351.85,1.03,271.0,97722.0
20070520:0200,29.69,16.65,0.0,0.0,0.0,348.4,0.14,130.0,97683.0
20070520:0300,24.72,22.9,0.0,0.0,0.0,344.6,2.97,103.0,97683.0
20070520:0400,23.27,24.85,0.0,0.0,0.0,341.0,3.93,108.0,97693.0
20070520:0500,22.37,25.95,0.0,0.0,0.0,338.2,3.79,121.0,97722.0
20070520:0600,22.07,25.95,147.0,362.27,74.0,336.4,3.24,137.0,97809.0
20070520:0700,25.32,19.95,375.0,593.03,129.0,339.4,3.59,147.0,97877.0
20070520:0800,29.55,14.95,606.0,738.43,155.0,345.4,3.86,151.0,97935.0
20070520:0900,32.81,12.55,800.0,800.3,179.0,354.2,4.41,158.0,98012.0
20070520:1000,35.13,11.2,951.0,846.34,190.0,364.0,4.97,169.0,97993.0
20070520:1100,36.79,10.1,1036.0,854.95,205.0,372.8,4.97,181.0,97974.0
20070520:1200,37.96,9.45,1057.0,860.06,206.0,379.8,4.69,184.0,97886.0
20070520:1300,38.86,8.6,1009.0,847.01,204.0,384.2,4.41,184.0,97809.0
20070520:1400,39.42,7.9,894.0,815.2,195.0,386.2,3.86,183.0,97722.0
20070520:1500,39.56,7.35,731.0,788.04,166.0,386.2,2.9,184.0,97644.0
20070520:1600,39.48,7.15,514.0,670.37,153.0,383.0,2.07,208.0,97596.0
20070520:1700,39.29,7.1,290.0,553.5,105.0,383.2,2.34,242.0,97586.0
20070520:1800,38.88,7.25,76.0,304.87,40.0,381.0,2.69,243.0,97576.0
20070520:1900,37.44,7.5,0.0,0.0,0.0,372.2,2.48,198.0,97547.0
20070520:2000,35.89,8.35,0.0,0.0,0.0,367.6,3.24,169.0,97596.0
20070520:2100,34.3,9.3,0.0,0.0,0.0,367.6,3.66,156.0,97634.0
20070520:2200,32.77,10.3,0.0,0.0,0.0,362.4,3.45,164.0,97693.0
20070520:2300,30.97,11.65,0.0,0.0,0.0,357.6,3.38,233.0,97731.0
20070521:0000,29.42,13.1,0.0,0.0,0.0,358.4,4.34,281.0,97741.0
20070521:0100,28.57,14.65,0.0,0.0,0.0,354.25,3.45,316.0,97673.0
20070521:0200,27.54,16.3,0.0,0.0,0.0,349.4,3.03,4.0,97634.0
20070521:0300,26.46,17.65,0.0,0.0,0.0,348.8,3.1,45.0,97625.0
20070521:0400,25.33,18.85,0.0,0.0,0.0,347.0,3.24,70.0,97605.0
20070521:0500,24.22,20.0,0.0,0.0,0.0,346.6,3.45,81.0,97625.0
20070521:0600,23.54,20.95,137.0,276.11,81.0,347.0,3.24,83.0,97663.0
20070521:0700,26.54,17.7,368.0,548.26,140.0,352.0,3.17,73.0,97693.0
20070521:0800,30.79,13.6,597.0,698.21,170.0,357.6,2.28,61.0,97780.0
20070521:0900,34.02,11.2,809.0,830.56,164.0,370.6,2.55,332.0,97857.0
20070521:1000,35.83,10.25,962.0,878.09,172.0,373.2,4.48,321.0,97828.0
20070521:1100,37.05,9.55,1058.0,920.35,163.0,380.8,4.0,330.0,97799.0
20070521:1200,37.82,8.9,1075.0,909.12,175.0,391.85,2.9,340.0,97722.0
20070521:1300,38.51,8.35,1020.0,879.07,184.0,397.85,1.86,334.0,97625.0
20070521:1400,39.08,7.9,923.0,910.01,142.0,390.8,1.66,295.0,97576.0
20070521:1500,39.54,7.55,736.0,803.66,159.0,394.25,2.48,271.0,97508.0
20070521:1600,39.62,7.5,481.0,529.85,195.0,391.85,3.45,267.0,97450.0
20070521:1700,39.27,7.75,290.0,544.98,107.0,386.6,3.66,267.0,97440.0
20070521:1800,38.6,8.2,77.0,308.53,40.0,381.6,3.38,272.0,97411.0
20070521:1900,37.87,8.7,0.0,0.0,0.0,393.0,2.69,234.0,97440.0
20070521:2000,36.73,9.5,0.0,0.0,0.0,382.6,2.0,220.0,97479.0
20070521:2100,34.8,11.75,0.0,0.0,0.0,374.2,1.72,192.0,97547.0
20070521:2200,33.65,12.45,0.0,0.0,0.0,373.2,1.45,206.0,97596.0
20070521:2300,34.0,11.5,0.0,0.0,0.0,370.8,1.1,249.0,97576.0
20070522:0000,33.09,12.3,0.0,0.0,0.0,366.4,0.69,287.0,97518.0
20070522:0100,32.26,13.05,0.0,0.0,0.0,363.65,0.0,272.0,97460.0
20070522:0200,30.78,14.5,0.0,0.0,0.0,360.8,1.31,243.0,97450.0
20070522:0300,26.72,19.3,0.0,0.0,0.0,358.8,4.14,265.0,97450.0
20070522:0400,25.97,21.75,0.0,0.0,0.0,355.2,5.1,283.0,97479.0
20070522:0500,25.19,23.05,0.0,0.0,0.0,350.6,4.97,299.0,97528.0
20070522:0600,24.84,22.85,160.0,460.67,66.0,351.2,4.55,307.0,97605.0
20070522:0700,26.27,22.35,339.0,412.64,167.0,357.6,3.17,309.0,97673.0
20070522:0800,28.99,17.75,498.0,367.46,273.0,374.8,3.72,314.0,97751.0
20070522:0900,30.77,14.85,326.0,12.87,316.0,376.0,3.86,314.0,97799.0
20070522:1000,32.11,13.55,644.0,199.97,464.0,381.0,3.93,310.0,97828.0
20070522:1100,33.77,12.35,916.0,557.1,374.0,384.6,3.52,298.0,97828.0
20070522:1200,34.9,11.75,645.0,128.23,518.0,392.4,3.17,288.0,97799.0
20070522:1300,35.69,11.5,987.0,783.95,241.0,391.85,3.45,283.0,97780.0
20070522:1400,36.3,11.3,914.0,877.77,160.0,389.8,3.66,284.0,97731.0
20070522:1500,36.59,11.3,561.0,303.22,343.0,388.6,3.86,277.0,97693.0
20070522:1600,36.53,11.55,258.0,38.81,237.0,390.05,4.0,268.0,97625.0
20070522:1700,36.18,12.05,293.0,557.31,105.0,390.2,4.21,264.0,97644.0
20070522:1800,35.4,12.85,43.0,32.86,39.0,387.2,4.48,266.0,97605.0
20070522:1900,33.85,14.65,0.0,0.0,0.0,392.05,3.31,262.0,97634.0
20070522:2000,32.95,15.35,0.0,0.0,0.0,389.0,2.9,262.0,97702.0
20070522:2100,31.94,16.35,0.0,0.0,0.0,389.6,2.48,252.0,97760.0
20070522:2200,30.81,17.8,0.0,0.0,0.0,388.8,1.93,230.0,97809.0
20070522:2300,30.61,17.95,0.0,0.0,0.0,381.0,0.41,202.0,97760.0
20070523:0000,29.96,18.8,0.0,0.0,0.0,369.8,0.62,352.0,97722.0
20070523:0100,28.93,20.1,0.0,0.0,0.0,362.85,1.03,271.0,97683.0
20070523:0200,26.87,23.15,0.0,0.0,0.0,360.2,1.38,257.0,97673.0
20070523:0300,27.33,21.9,0.0,0.0,0.0,356.0,0.48,273.0,97644.0
20070523:0400,26.83,22.55,0.0,0.0,0.0,352.2,0.0,319.0,97673.0
20070523:0500,26.11,23.6,0.0,0.0,0.0,348.8,0.41,315.0,97712.0
20070523:0600,22.27,30.5,151.0,365.49,76.0,345.8,2.07,301.0,97770.0
20070523:0700,23.85,27.75,372.0,560.17,138.0,345.0,2.48,300.0,97848.0
20070523:0800,26.68,21.75,601.0,711.27,165.0,350.4,3.17,317.0,97886.0
20070523:0900,29.37,17.1,797.0,785.67,186.0,356.4,3.79,333.0,97916.0
20070523:1000,31.52,14.65,952.0,846.13,190.0,364.4,3.79,336.0,97886.0
20070523:1100,33.12,13.4,1031.0,838.39,215.0,375.4,2.9,338.0,97877.0
20070523:1200,34.3,12.85,1064.0,875.98,196.0,381.4,2.0,325.0,97848.0
20070523:1300,35.29,12.45,0.0,0.0,0.0,389.0,1.79,287.0,97789.0
20070523:1400,36.21,12.0,891.0,800.24,203.0,394.05,2.69,260.0,97702.0
20070523:1500,36.68,11.8,730.0,773.67,173.0,397.85,3.03,255.0,97673.0
20070523:1600,36.73,11.65,523.0,697.06,145.0,394.8,3.72,254.0,97634.0
20070523:1700,36.41,11.55,274.0,433.81,127.0,388.25,4.07,257.0,97615.0
20070523:1800,35.77,11.65,50.0,56.66,43.0,388.0,3.86,254.0,97615.0
20070523:1900,34.98,12.55,0.0,0.0,0.0,392.8,2.55,252.0,97625.0
20070523:2000,33.94,13.35,0.0,0.0,0.0,382.4,2.21,256.0,97702.0
20070523:2100,32.72,14.55,0.0,0.0,0.0,375.4,1.93,259.0,97770.0
20070523:2200,30.9,17.55,0.0,0.0,0.0,369.8,1.59,263.0,97819.0
20070523:2300,30.8,16.75,0.0,0.0,0.0,364.0,1.03,271.0,97760.0
20070524:0000,30.48,16.65,0.0,0.0,0.0,360.2,0.76,299.0,97780.0
20070524:0100,29.62,17.55,0.0,0.0,0.0,357.45,1.03,343.0,97712.0
20070524:0200,26.9,21.25,0.0,0.0,0.0,357.4,1.66,4.0,97683.0
20070524:0300,24.58,24.6,0.0,0.0,0.0,354.0,2.34,20.0,97673.0
20070524:0400,23.83,25.4,0.0,0.0,0.0,354.2,3.1,42.0,97693.0
20070524:0500,22.91,26.9,0.0,0.0,0.0,354.8,3.24,50.0,97712.0
20070524:0600,22.2,28.25,155.0,397.51,73.0,350.2,2.76,35.0,97770.0
20070524:0700,24.3,26.05,396.0,697.63,104.0,350.2,2.07,10.0,97828.0
20070524:0800,28.19,19.75,578.0,620.91,197.0,360.6,2.83,355.0,97896.0
20070524:0900,30.75,16.35,827.0,893.14,132.0,370.4,3.38,353.0,97925.0
20070524:1000,33.09,14.05,947.0,830.23,199.0,375.8,3.17,354.0,97935.0
20070524:1100,34.81,12.75,1070.0,954.13,141.0,385.6,2.28,345.0,97916.0
20070524:1200,36.09,12.0,1086.0,942.18,152.0,397.45,1.66,307.0,97896.0
20070524:1300,37.16,11.4,1048.0,963.56,130.0,406.05,2.21,274.0,97809.0
20070524:1400,37.96,10.95,920.0,893.68,151.0,410.05,2.83,265.0,97741.0
20070524:1500,38.47,10.65,715.0,717.15,198.0,410.25,3.17,262.0,97693.0
20070524:1600,38.61,10.55,527.0,710.19,141.0,406.65,3.31,261.0,97654.0
20070524:1700,38.39,10.65,295.0,549.39,108.0,398.25,3.24,259.0,97644.0
20070524:1800,37.89,10.8,78.0,263.28,45.0,393.0,2.97,262.0,97634.0
20070524:1900,36.79,11.7,0.0,0.0,0.0,388.2,2.0,264.0,97654.0
20070524:2000,35.81,12.5,0.0,0.0,0.0,384.8,1.72,278.0,97712.0
20070524:2100,34.16,15.1,0.0,0.0,0.0,384.2,1.38,306.0,97760.0
20070524:2200,32.92,16.0,0.0,0.0,0.0,382.2,1.31,342.0,97819.0
20070524:2300,31.2,17.5,0.0,0.0,0.0,382.8,1.86,15.0,97789.0
20070525:0000,29.86,18.25,0.0,0.0,0.0,375.8,2.69,30.0,97722.0
20070525:0100,28.73,19.25,0.0,0.0,0.0,371.45,3.24,42.0,97683.0
20070525:0200,27.49,20.75,0.0,0.0,0.0,369.2,3.38,58.0,97644.0
20070525:0300,26.57,22.05,0.0,0.0,0.0,374.4,3.03,72.0,97596.0
20070525:0400,25.46,24.0,0.0,0.0,0.0,368.2,2.69,82.0,97634.0
20070525:0500,24.82,25.45,0.0,0.0,0.0,377.8,2.69,102.0,97615.0
20070525:0600,25.0,26.2,77.0,19.3,73.0,378.0,1.38,125.0,97673.0
20070525:0700,28.13,21.55,101.0,0.0,101.0,387.0,0.97,177.0,97770.0
20070525:0800,29.76,18.85,116.0,0.0,116.0,397.45,2.62,297.0,97906.0
20070525:0900,30.87,15.7,240.0,0.0,240.0,406.85,3.59,319.0,97945.0
20070525:1000,32.72,12.55,190.0,0.0,190.0,408.85,4.21,332.0,97974.0
20070525:1100,34.51,11.2,689.0,184.8,509.0,413.85,4.28,329.0,98003.0
20070525:1200,35.69,10.5,965.0,624.17,346.0,424.05,4.34,315.0,97945.0
20070525:1300,36.83,10.15,1054.0,979.81,120.0,422.45,3.66,311.0,97877.0
20070525:1400,37.68,9.95,882.0,769.85,219.0,427.05,3.79,303.0,97809.0
20070525:1500,37.98,9.8,668.0,563.81,261.0,426.85,4.21,296.0,97760.0
20070525:1600,37.96,9.95,442.0,381.83,234.0,421.25,4.41,288.0,97731.0
20070525:1700,37.78,10.2,204.0,140.4,156.0,410.85,4.41,279.0,97731.0
20070525:1800,37.21,10.65,64.0,125.87,48.0,411.85,3.93,272.0,97722.0
20070525:1900,35.75,11.45,0.0,0.0,0.0,413.25,3.1,286.0,97712.0
20070525:2000,34.7,12.2,0.0,0.0,0.0,410.05,2.62,290.0,97760.0
20070525:2100,33.74,13.05,0.0,0.0,0.0,411.85,2.14,296.0,97799.0
20070525:2200,32.46,14.7,0.0,0.0,0.0,405.05,1.79,300.0,97809.0
20070525:2300,31.48,16.2,0.0,0.0,0.0,396.45,1.24,297.0,97828.0
20070526:0000,31.86,14.85,0.0,0.0,0.0,393.25,0.9,259.0,97799.0
20070526:0100,30.75,16.25,0.0,0.0,0.0,401.05,1.03,250.0,97760.0
20070526:0200,28.17,19.3,0.0,0.0,0.0,400.05,2.28,281.0,97741.0
20070526:0300,27.71,18.55,0.0,0.0,0.0,395.65,4.0,305.0,97751.0
20070526:0400,27.03,16.55,0.0,0.0,0.0,395.85,4.62,316.0,97770.0
20070526:0500,26.42,14.55,0.0,0.0,0.0,392.0,4.28,324.0,97809.0
20070526:0600,25.98,14.1,71.0,14.41,68.0,385.4,4.21,328.0,97828.0
20070526:0700,26.48,14.15,256.0,138.09,198.0,387.0,3.59,339.0,97896.0
20070526:0800,27.46,13.5,118.0,0.0,118.0,390.4,3.31,342.0,97935.0
20070526:0900,28.55,13.0,266.0,1.28,265.0,394.05,2.76,332.0,98012.0
20070526:1000,29.5,12.65,686.0,256.21,455.0,398.65,2.62,312.0,98061.0
20070526:1100,30.65,12.1,842.0,409.52,443.0,402.05,2.76,315.0,98042.0
20070526:1200,31.65,11.55,416.0,10.08,406.0,406.25,3.24,299.0,97974.0
20070526:1300,32.5,10.85,462.0,28.31,435.0,409.25,2.34,274.0,97867.0
20070526:1400,33.68,9.9,314.0,3.48,311.0,410.05,4.48,242.0,97867.0
20070526:1500,33.96,9.5,657.0,528.48,275.0,410.85,5.52,236.0,97789.0
20070526:1600,33.62,10.15,334.0,126.38,265.0,408.05,5.72,232.0,97760.0
20070526:1700,33.44,10.2,45.0,0.0,45.0,408.25,6.28,239.0,97770.0
20070526:1800,33.15,10.6,12.0,0.0,12.0,406.25,6.28,243.0,97751.0
20070526:1900,32.25,11.95,0.0,0.0,0.0,402.25,4.69,242.0,97751.0
20070526:2000,31.2,13.05,0.0,0.0,0.0,384.2,4.48,239.0,97809.0
20070526:2100,30.17,14.3,0.0,0.0,0.0,375.2,4.34,232.0,97867.0
20070526:2200,29.25,15.5,0.0,0.0,0.0,374.2,4.0,229.0,97819.0
20070526:2300,28.21,17.0,0.0,0.0,0.0,366.0,3.79,235.0,97809.0
20070527:0000,27.38,18.4,0.0,0.0,0.0,377.6,3.79,256.0,97838.0
20070527:0100,26.58,19.15,0.0,0.0,0.0,377.25,4.14,278.0,97857.0
20070527:0200,25.88,17.15,0.0,0.0,0.0,372.4,4.14,283.0,97848.0
20070527:0300,25.26,14.9,0.0,0.0,0.0,372.4,3.93,286.0,97867.0
20070527:0400,24.09,15.0,0.0,0.0,0.0,347.6,3.66,285.0,97886.0
20070527:0500,22.78,16.5,0.0,0.0,0.0,328.6,3.79,284.0,97906.0
20070527:0600,22.01,18.15,138.0,253.49,85.0,321.8,3.72,281.0,97993.0
20070527:0700,23.28,17.35,397.0,689.4,107.0,323.4,3.31,297.0,98090.0
20070527:0800,25.02,16.2,596.0,686.02,174.0,327.4,3.59,305.0,98139.0
20070527:0900,26.69,15.0,771.0,699.37,226.0,338.2,3.1,309.0,98168.0
20070527:1000,28.62,13.8,931.0,783.92,224.0,347.4,2.83,306.0,98168.0
20070527:1100,30.25,13.05,1013.0,790.07,243.0,358.6,3.03,301.0,98177.0
20070527:1200,31.58,11.85,1093.0,959.22,141.0,369.8,3.45,295.0,98129.0
20070527:1300,32.56,10.6,966.0,725.15,274.0,369.2,3.72,295.0,98071.0
20070527:1400,33.19,9.7,814.0,579.62,314.0,375.4,3.79,293.0,98042.0
20070527:1500,33.48,9.35,517.0,214.16,362.0,368.2,3.66,291.0,97993.0
20070527:1600,33.59,9.15,301.0,78.59,258.0,372.6,3.59,291.0,97964.0
20070527:1700,33.45,9.2,68.0,0.0,68.0,372.2,3.52,290.0,97945.0
20070527:1800,33.01,9.6,74.0,191.44,49.0,370.8,3.31,290.0,97954.0
20070527:1900,31.91,11.15,0.0,0.0,0.0,368.4,1.93,298.0,97945.0
20070527:2000,30.98,12.2,0.0,0.0,0.0,356.8,1.66,294.0,97993.0
20070527:2100,29.41,15.35,0.0,0.0,0.0,360.4,1.31,293.0,98051.0
20070527:2200,29.03,14.8,0.0,0.0,0.0,354.2,0.97,303.0,98090.0
20070527:2300,28.57,14.9,0.0,0.0,0.0,344.8,0.97,341.0,98090.0
20070528:0000,25.49,19.1,0.0,0.0,0.0,336.4,1.72,21.0,98032.0
20070528:0100,23.62,21.5,0.0,0.0,0.0,337.85,2.9,42.0,98022.0
20070528:0200,22.82,22.95,0.0,0.0,0.0,332.0,3.72,54.0,97974.0
20070528:0300,22.22,24.2,0.0,0.0,0.0,333.6,4.14,64.0,97983.0
20070528:0400,21.98,24.9,0.0,0.0,0.0,338.6,4.41,73.0,97993.0
20070528:0500,21.61,25.45,0.0,0.0,0.0,337.8,4.55,80.0,98012.0
20070528:0600,21.75,25.25,147.0,309.72,82.0,338.2,4.55,84.0,98080.0
20070528:0700,23.76,23.1,354.0,460.56,160.0,334.0,4.41,77.0,98139.0
20070528:0800,27.06,18.8,586.0,646.59,188.0,340.2,5.17,80.0,98187.0
20070528:0900,30.09,15.4,789.0,755.55,200.0,344.4,5.72,82.0,98206.0
20070528:1000,32.05,13.35,926.0,768.19,233.0,357.6,5.38,80.0,98197.0
20070528:1100,33.23,11.85,1013.0,789.86,243.0,364.8,3.79,75.0,98177.0
20070528:1200,34.04,10.6,1035.0,794.71,246.0,365.8,2.55,68.0,98119.0
20070528:1300,34.68,9.8,972.0,738.39,267.0,371.0,1.59,60.0,98090.0
20070528:1400,35.13,9.2,894.0,799.23,204.0,367.4,0.9,45.0,98012.0
20070528:1500,35.48,8.65,715.0,703.73,205.0,367.4,0.48,355.0,97916.0
20070528:1600,35.67,8.3,548.0,789.63,115.0,365.4,0.83,300.0,97867.0
20070528:1700,35.63,8.1,291.0,493.8,120.0,360.6,1.38,291.0,97838.0
20070528:1800,35.28,8.2,57.0,68.03,48.0,355.8,1.79,299.0,97809.0
20070528:1900,34.36,9.2,0.0,0.0,0.0,350.4,1.93,318.0,97819.0
20070528:2000,32.98,10.25,0.0,0.0,0.0,346.8,2.55,339.0,97857.0
20070528:2100,31.3,11.55,0.0,0.0,0.0,342.8,2.97,360.0,97906.0
20070528:2200,29.63,12.85,0.0,0.0,0.0,339.2,3.45,20.0,97916.0
20070528:2300,28.21,13.9,0.0,0.0,0.0,335.6,4.0,35.0,97916.0
20070529:0000,27.08,14.6,0.0,0.0,0.0,331.8,4.62,43.0,97867.0
20070529:0100,26.19,15.25,0.0,0.0,0.0,328.25,5.17,49.0,97828.0
20070529:0200,25.43,16.25,0.0,0.0,0.0,325.2,5.59,54.0,97819.0
20070529:0300,24.71,17.45,0.0,0.0,0.0,322.0,5.72,59.0,97809.0
20070529:0400,24.03,18.5,0.0,0.0,0.0,320.6,5.72,65.0,97838.0
20070529:0500,23.37,19.4,0.0,0.0,0.0,318.8,5.59,70.0,97867.0
20070529:0600,23.29,19.65,156.0,370.41,78.0,317.8,5.31,73.0,97906.0
20070529:0700,25.71,17.6,375.0,561.97,138.0,322.8,4.97,67.0,97964.0
20070529:0800,28.77,14.75,603.0,711.18,165.0,329.0,5.38,72.0,97993.0
20070529:0900,31.74,12.5,794.0,769.43,194.0,337.4,5.24,80.0,98012.0
20070529:1000,34.46,10.65,942.0,813.46,208.0,347.2,4.9,89.0,97993.0
20070529:1100,36.01,8.4,1031.0,836.85,215.0,357.2,4.14,88.0,97974.0
20070529:1200,36.82,7.3,1053.0,841.77,217.0,363.2,2.69,82.0,97916.0
20070529:1300,37.36,6.7,1006.0,830.14,213.0,366.6,1.52,67.0,97857.0
20070529:1400,37.77,6.15,894.0,799.76,203.0,369.2,0.9,28.0,97819.0
20070529:1500,38.06,5.6,724.0,731.78,193.0,367.6,1.03,339.0,97741.0
20070529:1600,38.18,5.15,516.0,636.9,166.0,364.2,1.59,327.0,97712.0
20070529:1700,38.0,5.0,298.0,526.26,115.0,359.4,1.93,328.0,97673.0
20070529:1800,37.6,5.05,83.0,253.78,49.0,353.6,2.28,330.0,97683.0
20070529:1900,36.62,6.2,0.0,0.0,0.0,352.4,2.21,335.0,97683.0
20070529:2000,34.88,7.2,0.0,0.0,0.0,349.4,2.83,334.0,97780.0
20070529:2100,32.92,8.35,0.0,0.0,0.0,348.0,3.45,344.0,97828.0
20070529:2200,31.41,9.7,0.0,0.0,0.0,346.0,4.34,3.0,97886.0
20070529:2300,30.36,11.75,0.0,0.0,0.0,344.0,5.72,21.0,97896.0
20070530:0000,29.65,14.4,0.0,0.0,0.0,342.2,6.76,34.0,97867.0
20070530:0100,28.99,16.55,0.0,0.0,0.0,340.65,7.17,46.0,97828.0
20070530:0200,28.11,18.4,0.0,0.0,0.0,339.0,7.17,57.0,97780.0
20070530:0300,27.2,20.05,0.0,0.0,0.0,335.8,7.24,66.0,97731.0
20070530:0400,26.45,21.25,0.0,0.0,0.0,333.2,7.17,75.0,97789.0
20070530:0500,25.77,22.05,0.0,0.0,0.0,331.2,6.9,83.0,97789.0
20070530:0600,25.49,22.55,154.0,359.82,78.0,329.0,6.21,84.0,97867.0
20070530:0700,26.9,21.15,376.0,563.76,138.0,330.6,5.1,82.0,97896.0
20070530:0800,29.48,18.3,604.0,712.47,165.0,336.6,5.86,85.0,97974.0
20070530:0900,32.1,15.3,776.0,712.83,220.0,345.6,6.14,92.0,98003.0
20070530:1000,34.63,12.65,952.0,845.45,189.0,356.0,6.07,101.0,97954.0
20070530:1100,36.94,10.3,1059.0,918.7,163.0,367.0,6.0,112.0,97935.0
20070530:1200,38.54,8.4,1076.0,907.95,174.0,376.0,5.72,124.0,97896.0
20070530:1300,39.31,7.3,1033.0,911.35,162.0,381.6,4.9,127.0,97828.0
20070530:1400,39.73,6.9,905.0,830.36,187.0,383.2,4.41,126.0,97799.0
20070530:1500,39.92,6.75,737.0,774.9,174.0,382.8,4.07,123.0,97731.0
20070530:1600,39.91,6.7,520.0,650.08,162.0,382.0,3.93,120.0,97693.0
20070530:1700,39.62,6.7,299.0,526.99,115.0,379.0,3.79,117.0,97663.0
20070530:1800,39.08,6.9,84.0,250.68,50.0,375.8,3.52,111.0,97644.0
20070530:1900,37.55,7.75,0.0,0.0,0.0,372.0,3.03,73.0,97663.0
20070530:2000,35.72,8.75,0.0,0.0,0.0,367.8,3.66,60.0,97741.0
20070530:2100,34.0,9.7,0.0,0.0,0.0,364.6,4.69,52.0,97828.0
20070530:2200,32.78,10.2,0.0,0.0,0.0,360.8,5.86,53.0,97906.0
20070530:2300,31.95,10.3,0.0,0.0,0.0,355.4,6.83,59.0,97906.0
20070531:0000,31.29,10.55,0.0,0.0,0.0,351.6,7.66,71.0,97886.0
20070531:0100,30.49,11.2,0.0,0.0,0.0,347.85,7.86,82.0,97857.0
20070531:0200,29.61,12.1,0.0,0.0,0.0,344.2,7.59,86.0,97838.0
20070531:0300,28.74,13.1,0.0,0.0,0.0,341.8,7.1,87.0,97848.0
20070531:0400,27.82,14.05,0.0,0.0,0.0,338.6,6.34,89.0,97886.0
20070531:0500,26.83,14.95,0.0,0.0,0.0,336.0,5.31,95.0,97916.0
20070531:0600,26.11,15.75,157.0,373.01,78.0,333.6,4.07,106.0,97983.0
20070531:0700,27.9,14.85,382.0,596.38,130.0,334.8,5.03,103.0,98051.0
20070531:0800,30.65,12.9,610.0,738.15,155.0,340.0,5.79,109.0,98109.0
20070531:0900,33.47,11.15,807.0,813.95,172.0,348.2,6.83,112.0,98139.0
20070531:1000,35.88,9.75,952.0,844.21,190.0,357.4,7.45,113.0,98139.0
20070531:1100,37.63,8.25,1042.0,868.3,195.0,366.6,7.38,111.0,98100.0
20070531:1200,38.68,7.2,1064.0,874.48,195.0,373.8,6.41,103.0,98032.0
20070531:1300,39.27,6.75,1017.0,861.76,193.0,377.8,5.52,90.0,97983.0
20070531:1400,39.58,6.3,900.0,814.7,195.0,379.0,4.83,75.0,97896.0
20070531:1500,39.72,5.85,738.0,775.32,174.0,378.0,4.62,68.0,97848.0
20070531:1600,39.15,2.27,524.0,663.21,158.0,367.58,4.62,67.0,97789.0
20070531:1700,38.26,4.17,304.0,547.7,112.0,368.37,4.5,69.0,97780.0
20070531:1800,37.38,6.06,86.0,254.99,51.0,369.16,4.38,72.0,97770.0
20070531:1900,36.5,7.96,0.0,0.0,0.0,369.95,4.26,80.0,97770.0
20070531:2000,35.61,9.85,0.0,0.0,0.0,370.74,4.13,78.0,97857.0
20070531:2100,34.73,11.75,0.0,0.0,0.0,371.53,4.01,79.0,97925.0
20070531:2200,33.85,13.64,0.0,0.0,0.0,372.32,3.89,85.0,97974.0
20070531:2300,32.96,15.54,0.0,0.0,0.0,373.11,3.77,96.0,98003.0
20170601:0000,32.08,17.43,0.0,0.0,0.0,373.9,3.65,203.0,97537.0
20170601:0100,31.2,19.33,0.0,0.0,0.0,374.7,3.52,220.0,97508.0
20170601:0200,30.31,21.22,0.0,0.0,0.0,375.49,3.4,241.0,97566.0
20170601:0300,29.43,23.12,0.0,0.0,0.0,376.28,3.28,264.0,97576.0
20170601:0400,28.55,25.01,0.0,0.0,0.0,377.07,3.16,270.0,97615.0
20170601:0500,27.66,26.9,0.0,0.0,0.0,377.86,3.04,253.0,97644.0
20170601:0600,26.78,28.8,155.0,362.72,78.0,378.65,2.91,239.0,97702.0
20170601:0700,25.9,30.69,288.0,224.66,193.0,379.44,2.79,227.0,97760.0
20170601:0800,31.17,22.85,374.0,121.64,299.0,385.4,1.93,226.0,97799.0
20170601:0900,33.8,19.65,382.0,37.17,353.0,391.25,2.21,213.0,97828.0
20170601:1000,36.37,17.0,711.0,306.85,434.0,392.8,3.66,202.0,97877.0
20170601:1100,38.55,14.6,735.0,252.15,489.0,406.45,4.97,200.0,97867.0
20170601:1200,39.84,12.1,1018.0,775.65,247.0,410.05,6.21,203.0,97857.0
20170601:1300,40.43,11.6,1000.0,839.41,197.0,413.45,6.9,214.0,97799.0
20170601:1400,40.72,11.35,889.0,806.0,191.0,415.65,6.41,218.0,97741.0
20170601:1500,40.75,11.05,719.0,734.55,184.0,415.85,5.45,220.0,97683.0
20170601:1600,40.56,10.95,521.0,669.08,151.0,421.65,4.83,218.0,97644.0
20170601:1700,40.19,11.1,290.0,480.2,121.0,408.65,4.55,216.0,97654.0
20170601:1800,39.54,11.4,70.0,122.42,53.0,404.85,4.69,214.0,97644.0
20170601:1900,38.17,11.9,0.0,0.0,0.0,395.65,4.83,209.0,97693.0
20170601:2000,36.76,12.6,0.0,0.0,0.0,390.4,5.17,203.0,97760.0
20170601:2100,35.46,13.15,0.0,0.0,0.0,385.0,5.17,203.0,97838.0
20170601:2200,34.16,13.8,0.0,0.0,0.0,379.0,4.76,205.0,97809.0
20170601:2300,32.87,14.65,0.0,0.0,0.0,372.8,4.14,208.0,97877.0
20170602:0000,31.55,15.75,0.0,0.0,0.0,366.8,3.59,213.0,97809.0
20170602:0100,30.12,17.25,0.0,0.0,0.0,361.45,2.97,219.0,97770.0
20170602:0200,28.32,19.9,0.0,0.0,0.0,356.4,2.21,226.0,97741.0
20170602:0300,29.4,18.15,0.0,0.0,0.0,352.4,1.17,234.0,97741.0
20170602:0400,29.21,18.2,0.0,0.0,0.0,347.8,0.28,188.0,97751.0
20170602:0500,28.29,19.35,0.0,0.0,0.0,344.0,0.9,116.0,97809.0
20170602:0600,27.16,20.85,153.0,352.58,78.0,342.6,1.31,130.0,97857.0
20170602:0700,25.9,23.3,364.0,519.95,144.0,345.2,2.07,165.0,97954.0
20170602:0800,30.39,16.85,587.0,669.67,174.0,348.8,2.83,182.0,97993.0
20170602:0900,33.05,14.2,778.0,744.56,197.0,356.6,3.24,188.0,98022.0
20170602:1000,35.58,12.05,919.0,776.48,218.0,366.0,3.66,192.0,98071.0
20170602:1100,37.85,10.1,1013.0,815.78,217.0,375.2,4.48,193.0,98032.0
20170602:1200,39.22,7.55,1018.0,775.45,247.0,380.8,5.38,191.0,97974.0
20170602:1300,39.82,6.55,995.0,824.41,206.0,381.6,5.31,198.0,97896.0
20170602:1400,40.12,6.15,894.0,821.56,182.0,380.6,4.97,204.0,97819.0
20170602:1500,40.22,6.0,720.0,735.04,184.0,378.8,4.55,211.0,97789.0
20170602:1600,40.11,6.1,525.0,680.35,148.0,377.0,4.21,219.0,97722.0
20170602:1700,39.73,6.35,287.0,455.7,126.0,374.4,3.79,229.0,97722.0
20170602:1800,39.16,6.65,65.0,92.57,52.0,371.0,3.17,238.0,97683.0
20170602:1900,37.54,7.95,0.0,0.0,0.0,368.6,2.62,220.0,97722.0
20170602:2000,36.08,8.85,0.0,0.0,0.0,368.2,2.83,199.0,97760.0
20170602:2100,34.47,9.8,0.0,0.0,0.0,370.8,3.24,189.0,97799.0
20170602:2200,33.22,10.55,0.0,0.0,0.0,379.8,3.38,187.0,97799.0
20170602:2300,32.15,11.25,0.0,0.0,0.0,383.4,3.45,193.0,97809.0
20170603:0000,30.87,12.15,0.0,0.0,0.0,372.2,3.52,199.0,97751.0
20170603:0100,29.57,13.15,0.0,0.0,0.0,365.05,3.45,206.0,97760.0
20170603:0200,28.11,14.4,0.0,0.0,0.0,353.0,3.17,211.0,97702.0
20170603:0300,26.62,16.0,0.0,0.0,0.0,348.0,2.76,211.0,97702.0
20170603:0400,25.37,17.8,0.0,0.0,0.0,346.0,2.14,207.0,97712.0
20170603:0500,25.01,18.1,0.0,0.0,0.0,343.6,1.86,191.0,97731.0
20170603:0600,23.83,19.65,150.0,323.83,81.0,342.0,2.28,181.0,97789.0
20170603:0700,25.69,18.15,362.0,510.26,146.0,345.0,1.93,200.0,97857.0
20170603:0800,30.04,13.2,577.0,632.29,187.0,350.4,2.07,224.0,97925.0
20170603:0900,32.68,11.4,769.0,716.34,210.0,358.8,2.83,239.0,97925.0
20170603:1000,35.29,10.05,909.0,746.54,235.0,368.0,3.24,236.0,97906.0
20170603:1100,37.73,9.05,1007.0,800.31,226.0,378.2,3.45,235.0,97867.0
20170603:1200,39.71,8.35,1018.0,775.26,247.0,388.0,3.45,234.0,97809.0
20170603:1300,41.01,8.05,990.0,808.38,216.0,396.25,4.07,240.0,97722.0
20170603:1400,41.7,7.9,871.0,748.32,222.0,400.25,4.97,248.0,97673.0
20170603:1500,41.96,7.7,705.0,680.74,208.0,400.25,5.17,252.0,97566.0
20170603:1600,41.98,7.55,512.0,621.36,167.0,398.85,5.1,255.0,97537.0
20170603:1700,41.67,7.65,285.0,439.88,129.0,396.85,4.9,258.0,97508.0
20170603:1800,41.12,7.9,66.0,84.52,54.0,393.25,4.34,260.0,97499.0
20170603:1900,39.55,9.4,0.0,0.0,0.0,393.25,2.9,279.0,97547.0
20170603:2000,38.17,10.25,0.0,0.0,0.0,389.2,2.28,292.0,97634.0
20170603:2100,36.2,12.05,0.0,0.0,0.0,386.2,1.86,313.0,97693.0
20170603:2200,34.22,14.1,0.0,0.0,0.0,382.4,1.72,345.0,97751.0
20170603:2300,32.93,14.9,0.0,0.0,0.0,378.6,1.66,12.0,97780.0
20170604:0000,31.04,16.8,0.0,0.0,0.0,379.8,2.28,25.0,97751.0
20170604:0100,30.96,16.9,0.0,0.0,0.0,376.65,4.07,33.0,97741.0
20170604:0200,30.37,18.55,0.0,0.0,0.0,377.8,5.31,45.0,97741.0
20170604:0300,29.66,20.6,0.0,0.0,0.0,367.4,5.59,57.0,97702.0
20170604:0400,28.8,22.65,0.0,0.0,0.0,363.0,5.31,62.0,97741.0
20170604:0500,27.86,25.05,0.0,0.0,0.0,359.8,4.76,63.0,97780.0
20170604:0600,27.29,27.4,144.0,276.52,85.0,357.4,3.86,61.0,97848.0
20170604:0700,29.07,24.7,354.0,472.31,154.0,363.8,2.55,56.0,97906.0
20170604:0800,31.67,22.0,570.0,607.94,195.0,366.4,2.83,44.0,97935.0
20170604:0900,33.72,19.55,769.0,716.35,210.0,377.4,2.76,42.0,97925.0
20170604:1000,35.92,16.8,924.0,790.84,210.0,386.2,2.28,48.0,97886.0
20170604:1100,37.97,14.35,1018.0,830.98,207.0,397.65,1.38,64.0,97857.0
20170604:1200,39.58,12.3,1029.0,805.24,228.0,407.65,0.41,169.0,97770.0
20170604:1300,40.96,10.35,990.0,809.08,215.0,413.05,1.86,234.0,97683.0
20170604:1400,41.81,8.95,881.0,776.59,207.0,415.25,2.76,250.0,97586.0
20170604:1500,42.29,7.7,710.0,695.0,202.0,414.05,3.31,258.0,97537.0
20170604:1600,42.21,7.1,476.0,479.94,209.0,406.05,3.38,265.0,97470.0
20170604:1700,41.92,7.05,278.0,398.93,136.0,404.85,3.38,265.0,97460.0
20170604:1800,41.42,7.2,62.0,69.69,52.0,393.25,3.59,261.0,97450.0
20170604:1900,40.31,7.65,0.0,0.0,0.0,390.2,3.66,252.0,97470.0
20170604:2000,38.8,8.5,0.0,0.0,0.0,387.0,3.03,254.0,97508.0
20170604:2100,37.27,9.6,0.0,0.0,0.0,382.8,2.28,263.0,97557.0
20170604:2200,36.74,10.3,0.0,0.0,0.0,380.2,1.1,305.0,97557.0
20170604:2300,35.44,11.15,0.0,0.0,0.0,378.8,1.38,17.0,97528.0
20170605:0000,32.23,13.6,0.0,0.0,0.0,376.4,2.69,40.0,97508.0
20170605:0100,30.97,14.25,0.0,0.0,0.0,373.05,3.52,53.0,97431.0
20170605:0200,29.92,15.15,0.0,0.0,0.0,377.8,3.79,64.0,97440.0
20170605:0300,29.25,16.1,0.0,0.0,0.0,375.2,4.21,76.0,97421.0
20170605:0400,28.46,17.55,0.0,0.0,0.0,359.6,4.76,83.0,97431.0
20170605:0500,27.95,18.65,0.0,0.0,0.0,356.0,5.17,89.0,97479.0
20170605:0600,28.09,19.05,157.0,374.54,77.0,356.2,5.38,92.0,97508.0
20170605:0700,30.12,16.6,368.0,540.69,139.0,354.0,4.83,104.0,97566.0
20170605:0800,33.43,14.15,577.0,630.65,188.0,365.2,5.45,109.0,97576.0
20170605:0900,36.48,12.0,760.0,689.47,222.0,368.0,5.52,113.0,97576.0
20170605:1000,38.98,9.95,898.0,717.75,250.0,377.4,4.62,117.0,97596.0
20170605:1100,40.61,8.3,984.0,740.75,261.0,387.0,2.83,124.0,97499.0
20170605:1200,41.57,7.25,1001.0,730.69,274.0,395.25,1.17,151.0,97479.0
20170605:1300,42.25,6.4,963.0,734.66,259.0,399.85,0.55,219.0,97402.0
20170605:1400,42.74,5.95,862.0,719.62,237.0,401.25,0.83,327.0,97343.0
20170605:1500,43.21,5.85,707.0,681.9,208.0,400.25,2.0,355.0,97276.0
20170605:1600,43.48,6.1,503.0,575.89,182.0,398.85,3.59,1.0,97237.0
20170605:1700,43.32,6.6,261.0,316.31,148.0,396.85,5.17,1.0,97266.0
20170605:1800,42.57,7.3,61.0,62.08,52.0,395.85,6.83,359.0,97295.0
20170605:1900,40.29,9.4,0.0,0.0,0.0,397.45,8.9,2.0,97363.0
20170605:2000,38.75,11.4,0.0,0.0,0.0,393.45,8.28,10.0,97460.0
20170605:2100,37.35,13.75,0.0,0.0,0.0,387.6,7.79,17.0,97557.0
20170605:2200,36.0,16.25,0.0,0.0,0.0,383.2,7.66,22.0,97663.0
20170605:2300,34.79,18.75,0.0,0.0,0.0,381.4,7.66,29.0,97731.0
20170606:0000,33.73,21.05,0.0,0.0,0.0,378.6,7.52,36.0,97712.0
20170606:0100,32.77,22.85,0.0,0.0,0.0,376.65,7.72,39.0,97683.0
20170606:0200,31.95,23.85,0.0,0.0,0.0,374.8,8.21,41.0,97683.0
20170606:0300,31.19,23.5,0.0,0.0,0.0,372.4,8.69,46.0,97663.0
20170606:0400,30.55,21.5,0.0,0.0,0.0,369.2,8.97,50.0,97683.0
20170606:0500,30.0,18.95,0.0,0.0,0.0,364.8,8.97,54.0,97731.0
20170606:0600,29.96,16.2,151.0,327.48,81.0,361.8,8.76,56.0,97760.0
20170606:0700,31.23,12.95,370.0,550.1,137.0,359.4,7.24,60.0,97848.0
20170606:0800,33.23,10.65,589.0,680.97,169.0,359.8,8.28,59.0,97925.0
20170606:0900,35.18,9.9,781.0,757.47,190.0,361.6,8.62,59.0,97945.0
20170606:1000,36.8,9.0,923.0,789.78,210.0,363.4,8.28,59.0,98003.0
20170606:1100,38.09,7.0,1006.0,799.11,226.0,366.8,7.79,54.0,97935.0
20170606:1200,39.11,6.0,1029.0,804.91,228.0,369.2,7.31,50.0,97916.0
20170606:1300,39.88,5.65,996.0,824.07,206.0,372.8,7.03,47.0,97838.0
20170606:1400,40.46,5.6,882.0,776.66,207.0,377.4,6.83,47.0,97819.0
20170606:1500,40.72,5.8,727.0,749.38,178.0,381.0,6.62,47.0,97741.0
20170606:1600,40.68,6.1,515.0,623.15,167.0,382.8,6.48,45.0,97741.0
20170606:1700,40.29,6.5,295.0,476.97,124.0,383.2,6.55,43.0,97731.0
20170606:1800,39.52,6.9,66.0,81.96,54.0,381.6,6.48,41.0,97780.0
20170606:1900,37.75,7.85,0.0,0.0,0.0,379.6,5.66,37.0,97809.0
20170606:2000,36.2,8.65,0.0,0.0,0.0,375.8,5.45,37.0,97896.0
20170606:2100,34.81,9.5,0.0,0.0,0.0,372.4,5.52,38.0,97983.0
20170606:2200,33.49,10.45,0.0,0.0,0.0,368.8,5.45,41.0,98012.0
20170606:2300,32.23,11.55,0.0,0.0,0.0,365.0,5.52,43.0,98071.0
20170607:0000,31.01,12.85,0.0,0.0,0.0,361.2,5.66,45.0,98042.0
20170607:0100,29.91,14.35,0.0,0.0,0.0,356.65,5.93,50.0,98051.0
20170607:0200,28.93,15.85,0.0,0.0,0.0,352.8,6.0,56.0,98080.0
20170607:0300,28.04,17.25,0.0,0.0,0.0,348.8,6.0,65.0,98071.0
20170607:0400,27.23,18.6,0.0,0.0,0.0,345.6,5.86,74.0,98158.0
20170607:0500,26.4,20.1,0.0,0.0,0.0,342.0,5.66,83.0,98187.0
20170607:0600,26.18,20.85,154.0,346.04,80.0,339.2,5.66,91.0,98206.0
20170607:0700,28.14,19.2,368.0,538.34,140.0,342.4,6.07,99.0,98274.0
20170607:0800,30.51,16.65,592.0,694.05,164.0,347.4,7.52,104.0,98284.0
20170607:0900,32.94,14.05,781.0,757.59,190.0,354.0,8.0,105.0,98323.0
20170607:1000,34.93,11.6,923.0,789.84,210.0,361.6,8.28,103.0,98332.0
20170607:1100,36.38,10.1,1012.0,814.45,217.0,368.2,7.79,98.0,98294.0
20170607:1200,37.63,9.1,1029.0,804.76,228.0,373.4,7.24,93.0,98235.0
20170607:1300,38.66,8.35,996.0,823.75,206.0,378.0,6.76,87.0,98177.0
20170607:1400,39.45,7.75,882.0,777.28,206.0,381.6,6.41,80.0,98090.0
20170607:1500,39.92,7.35,724.0,736.27,184.0,383.2,6.21,75.0,97974.0
20170607:1600,40.09,7.15,502.0,564.8,186.0,383.8,6.07,72.0,97954.0
20170607:1700,39.84,7.2,285.0,416.95,135.0,382.6,5.79,72.0,97906.0
20170607:1800,39.27,7.5,66.0,74.41,55.0,381.8,5.31,74.0,97925.0
20170607:1900,37.84,8.7,0.0,0.0,0.0,384.8,4.0,70.0,97954.0
20170607:2000,36.22,9.8,0.0,0.0,0.0,379.2,4.41,69.0,98032.0
20170607:2100,34.85,10.8,0.0,0.0,0.0,373.4,5.38,73.0,98080.0
20170607:2200,33.8,11.6,0.0,0.0,0.0,371.6,6.34,78.0,98109.0
20170607:2300,32.85,12.2,0.0,0.0,0.0,374.6,6.62,82.0,98139.0
20170608:0000,31.95,12.85,0.0,0.0,0.0,378.4,6.62,84.0,98139.0
20170608:0100,30.9,13.75,0.0,0.0,0.0,370.65,6.76,84.0,98129.0
20170608:0200,29.98,15.0,0.0,0.0,0.0,371.2,6.97,83.0,98109.0
20170608:0300,29.06,16.75,0.0,0.0,0.0,366.0,6.83,84.0,98071.0
20170608:0400,28.18,18.7,0.0,0.0,0.0,361.4,6.62,86.0,98109.0
20170608:0500,27.37,20.55,0.0,0.0,0.0,357.6,6.62,89.0,98100.0
20170608:0600,27.09,21.65,141.0,257.16,86.0,351.0,6.83,89.0,98119.0
20170608:0700,28.91,19.8,387.0,644.72,114.0,349.4,6.9,86.0,98168.0
20170608:0800,31.13,17.7,585.0,668.27,173.0,353.4,7.93,88.0,98197.0
20170608:0900,33.27,15.65,780.0,757.73,189.0,359.8,8.34,90.0,98245.0
20170608:1000,34.87,13.35,923.0,789.93,210.0,367.8,7.86,85.0,98265.0
20170608:1100,36.32,11.45,1006.0,799.07,226.0,373.6,7.17,80.0,98245.0
20170608:1200,37.47,9.75,1023.0,789.56,237.0,378.4,6.69,72.0,98206.0
20170608:1300,38.44,8.4,991.0,808.85,215.0,379.8,6.62,64.0,98100.0
20170608:1400,39.13,7.4,873.0,748.04,222.0,379.8,6.69,58.0,98032.0
20170608:1500,39.54,6.65,725.0,735.47,185.0,378.2,6.83,56.0,97954.0
20170608:1600,39.65,6.1,520.0,635.13,164.0,375.4,6.97,55.0,97906.0
20170608:1700,39.38,5.75,300.0,487.58,124.0,371.2,6.97,55.0,97867.0
20170608:1800,38.79,5.6,74.0,107.24,58.0,366.2,6.55,55.0,97857.0
20170608:1900,37.24,5.75,0.0,0.0,0.0,361.8,4.97,52.0,97867.0
20170608:2000,35.49,6.4,0.0,0.0,0.0,358.0,4.9,47.0,97935.0
20170608:2100,34.05,7.15,0.0,0.0,0.0,354.6,5.38,47.0,97993.0
20170608:2200,32.89,8.1,0.0,0.0,0.0,352.4,6.0,53.0,98032.0
20170608:2300,31.86,9.3,0.0,0.0,0.0,350.6,6.28,60.0,98051.0
20170609:0000,30.82,10.8,0.0,0.0,0.0,349.4,6.48,67.0,98012.0
20170609:0100,29.84,12.5,0.0,0.0,0.0,347.05,6.55,71.0,97974.0
20170609:0200,28.88,14.4,0.0,0.0,0.0,344.6,6.55,73.0,97945.0
20170609:0300,27.95,16.3,0.0,0.0,0.0,342.4,6.28,72.0,97954.0
20170609:0400,26.99,18.05,0.0,0.0,0.0,340.2,5.86,70.0,97964.0
20170609:0500,26.08,19.45,0.0,0.0,0.0,337.4,5.59,68.0,98022.0
20170609:0600,25.79,19.85,157.0,374.11,77.0,335.2,5.31,66.0,98042.0
20170609:0700,27.83,17.7,373.0,569.33,132.0,339.0,5.03,69.0,98109.0
20170609:0800,30.54,14.9,595.0,705.79,160.0,344.0,5.79,69.0,98129.0
20170609:0900,33.31,12.5,780.0,756.63,190.0,351.4,6.28,74.0,98129.0
20170609:1000,35.86,9.85,927.0,804.43,201.0,361.0,6.48,77.0,98080.0
20170609:1100,38.02,7.65,1011.0,814.44,216.0,370.4,6.14,78.0,98051.0
20170609:1200,39.62,6.6,1029.0,804.5,228.0,379.4,6.34,73.0,97993.0
20170609:1300,40.79,6.55,991.0,808.55,215.0,384.4,7.66,66.0,97886.0
20170609:1400,41.49,6.0,888.0,792.33,198.0,386.0,8.41,61.0,97789.0
20170609:1500,41.74,5.45,733.0,764.61,171.0,385.8,8.62,56.0,97722.0
20170609:1600,41.65,5.05,527.0,660.72,156.0,383.0,8.9,51.0,97673.0
20170609:1700,41.21,4.95,289.0,428.0,134.0,379.0,9.03,48.0,97644.0
20170609:1800,40.35,5.15,72.0,93.0,58.0,374.0,8.34,45.0,97634.0
20170609:1900,38.75,5.9,0.0,0.0,0.0,372.2,6.76,38.0,97673.0
20170609:2000,37.14,6.6,0.0,0.0,0.0,366.8,6.97,37.0,97731.0
20170609:2100,35.84,7.3,0.0,0.0,0.0,362.6,7.17,39.0,97809.0
20170609:2200,34.63,8.05,0.0,0.0,0.0,358.4,7.24,43.0,97838.0
20170609:2300,33.47,9.0,0.0,0.0,0.0,355.2,7.17,48.0,97857.0
20170610:0000,32.35,10.05,0.0,0.0,0.0,352.2,7.17,53.0,97848.0
20170610:0100,31.32,11.2,0.0,0.0,0.0,348.65,7.17,56.0,97838.0
20170610:0200,30.32,12.3,0.0,0.0,0.0,344.8,7.1,57.0,97828.0
20170610:0300,29.3,13.35,0.0,0.0,0.0,340.2,6.83,57.0,97789.0
20170610:0400,28.3,14.3,0.0,0.0,0.0,335.4,6.62,57.0,97828.0
20170610:0500,27.39,15.1,0.0,0.0,0.0,331.2,6.48,57.0,97838.0
20170610:0600,27.13,15.35,154.0,350.89,79.0,328.4,6.34,57.0,97896.0
20170610:0700,28.99,13.35,369.0,548.32,137.0,331.8,6.41,56.0,97935.0
20170610:0800,31.69,11.4,588.0,680.08,169.0,337.6,7.24,60.0,97954.0
20170610:0900,34.64,9.8,775.0,742.72,196.0,347.8,7.66,62.0,97945.0
20170610:1000,37.31,8.55,912.0,760.23,226.0,362.0,8.0,60.0,97935.0
20170610:1100,39.38,8.1,1000.0,783.72,235.0,375.6,8.14,59.0,97867.0
20170610:1200,40.78,8.55,1018.0,774.25,247.0,387.0,7.66,57.0,97799.0
20170610:1300,41.72,8.45,991.0,808.26,215.0,396.45,6.9,55.0,97712.0
20170610:1400,42.36,7.5,874.0,748.22,222.0,400.45,6.55,49.0,97625.0
20170610:1500,42.72,6.8,730.0,750.22,178.0,401.45,6.76,45.0,97537.0
20170610:1600,42.78,6.45,516.0,611.57,172.0,398.85,7.03,42.0,97499.0
20170610:1700,42.53,6.25,295.0,454.16,130.0,396.65,7.31,40.0,97460.0
20170610:1800,41.83,6.1,70.0,85.62,57.0,392.65,7.1,34.0,97450.0
20170610:1900,40.1,6.0,0.0,0.0,0.0,386.8,6.69,26.0,97470.0
20170610:2000,38.59,6.0,0.0,0.0,0.0,383.4,7.79,32.0,97518.0
20170610:2100,37.42,6.05,0.0,0.0,0.0,375.4,9.17,42.0,97644.0
20170610:2200,36.37,6.55,0.0,0.0,0.0,373.0,9.45,48.0,97722.0
20170610:2300,35.35,7.2,0.0,0.0,0.0,370.2,8.97,50.0,97751.0
20170611:0000,34.35,7.95,0.0,0.0,0.0,367.4,8.48,50.0,97693.0
20170611:0100,33.36,8.6,0.0,0.0,0.0,367.45,8.14,52.0,97702.0
20170611:0200,32.43,9.2,0.0,0.0,0.0,366.8,7.66,54.0,97693.0
20170611:0300,31.53,9.95,0.0,0.0,0.0,365.2,7.31,55.0,97683.0
20170611:0400,30.65,10.85,0.0,0.0,0.0,365.6,6.9,54.0,97693.0
20170611:0500,29.9,11.75,0.0,0.0,0.0,369.8,6.41,53.0,97731.0
20170611:0600,29.67,12.3,130.0,191.96,89.0,369.6,6.14,54.0,97770.0
20170611:0700,31.39,11.05,359.0,498.97,148.0,376.2,5.59,53.0,97819.0
20170611:0800,33.71,10.15,424.0,206.23,297.0,381.2,6.07,53.0,97857.0
20170611:0900,35.65,9.55,728.0,597.96,262.0,401.05,5.66,49.0,97867.0
20170611:1000,36.91,9.4,906.0,744.85,234.0,419.85,4.97,47.0,97896.0
20170611:1100,38.79,8.55,983.0,739.7,261.0,422.85,3.93,40.0,97848.0
20170611:1200,39.9,7.9,887.0,476.94,412.0,421.65,3.1,15.0,97780.0
20170611:1300,40.28,7.85,698.0,220.74,486.0,428.45,2.83,352.0,97722.0
20170611:1400,40.74,7.5,637.0,232.81,434.0,418.85,2.69,333.0,97615.0
20170611:1500,41.38,7.1,699.0,643.55,225.0,417.05,2.76,323.0,97508.0
20170611:1600,41.63,6.9,428.0,312.37,252.0,409.45,2.62,324.0,97402.0
20170611:1700,41.54,6.9,319.0,587.21,105.0,431.45,2.69,336.0,97343.0
20170611:1800,41.23,7.0,62.0,45.73,55.0,409.45,3.1,354.0,97314.0
20170611:1900,39.94,7.85,0.0,0.0,0.0,400.25,5.38,31.0,97373.0
20170611:2000,38.36,9.2,0.0,0.0,0.0,391.4,6.97,32.0,97421.0
20170611:2100,37.22,10.6,0.0,0.0,0.0,386.8,8.0,33.0,97518.0
20170611:2200,36.41,11.35,0.0,0.0,0.0,386.0,7.72,30.0,97576.0
20170611:2300,35.48,11.85,0.0,0.0,0.0,380.0,7.03,29.0,97586.0
20170612:0000,34.49,12.3,0.0,0.0,0.0,381.6,6.76,34.0,97547.0
20170612:0100,33.31,12.45,0.0,0.0,0.0,377.25,6.41,43.0,97547.0
20170612:0200,32.27,12.25,0.0,0.0,0.0,373.2,5.93,53.0,97537.0
20170612:0300,31.44,12.45,0.0,0.0,0.0,369.4,5.66,60.0,97508.0
20170612:0400,30.77,13.2,0.0,0.0,0.0,368.4,5.72,65.0,97557.0
20170612:0500,30.1,14.35,0.0,0.0,0.0,362.8,5.72,70.0,97596.0
20170612:0600,30.02,15.15,25.0,0.0,25.0,360.2,5.93,74.0,97663.0
20170612:0700,30.41,15.05,253.0,137.25,195.0,369.8,5.52,22.0,97693.0
20170612:0800,32.98,13.35,360.0,103.98,296.0,376.4,6.34,26.0,97731.0
20170612:0900,35.36,11.75,477.0,115.53,387.0,390.4,6.69,29.0,97712.0
20170612:1000,37.4,10.7,779.0,437.91,384.0,399.45,6.48,28.0,97760.0
20170612:1100,39.21,9.8,689.0,195.69,498.0,404.05,6.34,26.0,97702.0
20170612:1200,40.37,9.0,898.0,498.97,401.0,406.45,6.83,24.0,97683.0
20170612:1300,40.89,8.85,850.0,470.47,398.0,407.25,7.38,21.0,97596.0
20170612:1400,41.34,8.55,787.0,518.07,335.0,404.65,7.66,20.0,97518.0
20170612:1500,41.54,8.2,557.0,280.76,350.0,405.65,7.72,21.0,97450.0
20170612:1600,41.37,8.05,386.0,209.08,268.0,410.25,7.66,22.0,97402.0
20170612:1700,40.94,7.85,0.0,0.0,0.0,400.85,7.17,22.0,97382.0
20170612:1800,40.25,8.45,49.0,12.96,47.0,394.25,6.69,14.0,97373.0
20170612:1900,38.55,10.2,0.0,0.0,0.0,401.85,5.24,360.0,97392.0
20170612:2000,37.19,11.05,0.0,0.0,0.0,393.0,4.9,350.0,97431.0
20170612:2100,36.01,11.8,0.0,0.0,0.0,387.45,5.1,356.0,97489.0
20170612:2200,35.32,12.35,0.0,0.0,0.0,396.45,6.07,22.0,97537.0
20170612:2300,34.68,13.45,0.0,0.0,0.0,394.45,6.41,55.0,97547.0
20170613:0000,33.39,15.45,0.0,0.0,0.0,382.6,4.48,66.0,97596.0
20170613:0100,31.83,17.5,0.0,0.0,0.0,380.25,3.52,54.0,97518.0
20170613:0200,30.59,19.1,0.0,0.0,0.0,377.0,4.28,42.0,97528.0
20170613:0300,30.13,19.85,0.0,0.0,0.0,373.0,5.17,53.0,97508.0
20170613:0400,29.94,20.75,0.0,0.0,0.0,370.0,6.21,68.0,97528.0
20170613:0500,29.46,22.2,0.0,0.0,0.0,367.6,6.76,73.0,97547.0
20170613:0600,29.39,22.8,155.0,366.05,77.0,368.0,6.76,72.0,97596.0
20170613:0700,30.49,21.65,0.0,0.0,0.0,366.6,5.24,71.0,97634.0
20170613:0800,32.78,19.0,596.0,718.5,154.0,372.4,6.83,71.0,97673.0
20170613:0900,34.92,16.6,795.0,814.14,161.0,380.8,7.52,70.0,97663.0
20170613:1000,36.87,14.55,936.0,833.89,184.0,389.8,7.59,70.0,97693.0
20170613:1100,38.37,13.05,0.0,0.0,0.0,399.05,7.1,68.0,97693.0
20170613:1200,39.22,12.35,1046.0,851.26,198.0,406.45,6.62,60.0,97683.0
20170613:1300,39.84,11.75,899.0,574.37,347.0,412.85,6.34,50.0,97625.0
20170613:1400,40.31,11.2,768.0,473.08,355.0,412.85,6.28,41.0,97596.0
20170613:1500,40.24,11.05,649.0,491.87,286.0,411.45,6.34,35.0,97528.0
20170613:1600,39.98,11.05,246.0,24.77,232.0,414.05,6.48,33.0,97489.0
20170613:1700,39.61,10.85,224.0,160.94,165.0,419.85,6.41,31.0,97440.0
20170613:1800,38.92,11.25,100.0,270.14,58.0,414.45,6.48,34.0,97450.0
20170613:1900,37.39,11.9,0.0,0.0,0.0,390.85,6.62,31.0,97460.0
20170613:2000,36.04,12.6,0.0,0.0,0.0,385.6,6.69,31.0,97557.0
20170613:2100,34.86,13.2,0.0,0.0,0.0,383.0,6.9,34.0,97625.0
20170613:2200,33.77,13.8,0.0,0.0,0.0,379.6,6.76,36.0,97731.0
20170613:2300,32.7,14.3,0.0,0.0,0.0,377.0,6.55,34.0,97770.0
20170614:0000,31.7,15.0,0.0,0.0,0.0,377.2,6.62,33.0,97731.0
20170614:0100,30.67,16.6,0.0,0.0,0.0,371.65,6.34,35.0,97693.0
20170614:0200,29.68,19.1,0.0,0.0,0.0,370.0,6.0,36.0,97693.0
20170614:0300,28.75,21.8,0.0,0.0,0.0,368.2,5.72,37.0,97663.0
20170614:0400,27.94,24.65,0.0,0.0,0.0,366.8,5.59,40.0,97693.0
20170614:0500,27.21,27.7,0.0,0.0,0.0,365.6,5.52,42.0,97722.0
20170614:0600,27.1,29.9,153.0,352.53,78.0,365.0,5.59,43.0,97760.0
20170614:0700,28.74,28.65,375.0,590.26,126.0,368.4,5.59,44.0,97819.0
20170614:0800,30.87,26.55,592.0,704.31,159.0,376.0,6.69,48.0,97848.0
20170614:0900,33.11,23.35,790.0,799.07,168.0,384.8,6.69,50.0,97819.0
20170614:1000,35.28,20.35,935.0,834.1,183.0,395.65,6.14,48.0,97886.0
20170614:1100,37.05,18.0,1032.0,876.13,177.0,406.25,5.45,45.0,97857.0
20170614:1200,38.25,16.45,1051.0,867.24,187.0,416.65,5.03,36.0,97799.0
20170614:1300,39.12,15.3,1003.0,839.45,196.0,426.85,5.03,32.0,97731.0
20170614:1400,39.6,14.6,886.0,777.33,207.0,425.05,4.9,31.0,97663.0
20170614:1500,39.57,14.45,530.0,230.13,360.0,441.85,4.76,26.0,97605.0
20170614:1600,39.6,14.25,60.0,0.0,60.0,434.85,4.55,25.0,97547.0
20170614:1700,39.32,14.3,141.0,16.32,135.0,418.25,3.38,29.0,97489.0
20170614:1800,38.76,14.5,66.0,57.47,57.0,413.65,1.38,54.0,97499.0
20170614:1900,38.11,14.2,0.0,0.0,0.0,415.25,4.62,51.0,97547.0
20170614:2000,37.09,15.45,0.0,0.0,0.0,430.65,5.38,68.0,97644.0
20170614:2100,35.8,17.3,0.0,0.0,0.0,409.05,3.72,74.0,97702.0
20170614:2200,34.49,19.4,0.0,0.0,0.0,401.25,1.66,64.0,97760.0
20170614:2300,33.45,21.75,0.0,0.0,0.0,416.25,1.17,338.0,97751.0
20170615:0000,32.33,22.0,0.0,0.0,0.0,410.65,2.41,318.0,97760.0
20170615:0100,31.29,22.95,0.0,0.0,0.0,398.45,3.17,332.0,97702.0
20170615:0200,30.47,23.6,0.0,0.0,0.0,397.45,3.59,354.0,97673.0
20170615:0300,29.66,24.3,0.0,0.0,0.0,383.2,3.86,16.0,97663.0
20170615:0400,29.05,25.0,0.0,0.0,0.0,383.8,3.93,31.0,97673.0
20170615:0500,28.31,26.35,0.0,0.0,0.0,377.8,4.0,37.0,97712.0
20170615:0600,27.99,27.5,134.0,226.03,86.0,373.8,3.79,34.0,97722.0
20170615:0700,29.04,26.55,333.0,389.17,169.0,371.6,2.48,49.0,97819.0
20170615:0800,31.98,22.35,553.0,558.3,210.0,378.6,2.83,54.0,97838.0
20170615:0900,34.38,19.4,751.0,673.48,227.0,388.0,2.41,56.0,97867.0
20170615:1000,36.14,17.25,910.0,758.88,226.0,399.85,1.31,51.0,97877.0
20170615:1100,37.57,15.5,1010.0,812.68,217.0,411.65,0.9,359.0,97857.0
20170615:1200,38.71,14.15,1046.0,851.1,198.0,417.85,1.52,339.0,97819.0
20170615:1300,39.53,13.2,987.0,793.44,224.0,422.85,1.79,342.0,97751.0
20170615:1400,40.05,12.55,862.0,705.96,245.0,424.85,1.66,346.0,97673.0
20170615:1500,40.29,12.25,678.0,572.09,255.0,428.85,1.38,350.0,97586.0
20170615:1600,40.3,12.0,455.0,379.18,240.0,423.05,1.31,358.0,97528.0
20170615:1700,40.0,11.55,238.0,195.33,166.0,420.85,1.59,341.0,97489.0
20170615:1800,39.54,12.2,60.0,31.71,55.0,418.25,2.07,313.0,97518.0
20170615:1900,39.32,11.95,0.0,0.0,0.0,405.85,3.1,15.0,97537.0
20170615:2000,38.3,12.95,0.0,0.0,0.0,401.45,3.31,10.0,97615.0
20170615:2100,37.04,14.3,0.0,0.0,0.0,398.65,3.86,14.0,97702.0
20170615:2200,35.82,15.6,0.0,0.0,0.0,397.65,4.34,20.0,97789.0
20170615:2300,34.98,16.6,0.0,0.0,0.0,403.85,5.17,29.0,97819.0
20170616:0000,34.0,18.8,0.0,0.0,0.0,402.45,6.28,46.0,97780.0
20170616:0100,32.89,21.45,0.0,0.0,0.0,394.65,5.86,53.0,97770.0
20170616:0200,31.87,23.15,0.0,0.0,0.0,386.2,5.1,60.0,97780.0
20170616:0300,31.0,24.05,0.0,0.0,0.0,380.0,4.83,77.0,97760.0
20170616:0400,30.31,25.3,0.0,0.0,0.0,377.8,4.69,93.0,97809.0
20170616:0500,29.76,26.95,0.0,0.0,0.0,378.6,4.9,101.0,97819.0
20170616:0600,29.79,27.85,125.0,174.6,88.0,373.8,5.24,106.0,97886.0
20170616:0700,30.73,29.45,304.0,282.7,185.0,385.8,4.28,94.0,97945.0
20170616:0800,33.01,26.05,527.0,474.02,236.0,387.4,4.69,92.0,97964.0
20170616:0900,35.24,22.7,742.0,646.81,239.0,400.65,4.41,92.0,97983.0
20170616:1000,37.19,19.55,894.0,715.82,249.0,407.25,3.72,87.0,97993.0
20170616:1100,38.66,17.2,993.0,767.67,244.0,418.25,3.45,75.0,97964.0
20170616:1200,39.88,14.8,1017.0,773.76,246.0,428.25,3.72,66.0,97906.0
20170616:1300,40.56,13.5,954.0,705.88,275.0,435.85,3.45,65.0,97848.0
20170616:1400,41.1,12.7,857.0,691.85,252.0,436.25,2.9,64.0,97751.0
20170616:1500,41.31,12.3,671.0,548.6,265.0,451.05,2.28,48.0,97722.0
20170616:1600,41.06,12.3,481.0,464.91,217.0,449.05,3.72,70.0,97654.0
20170616:1700,40.04,13.45,247.0,224.59,164.0,431.05,5.45,74.0,97605.0
20170616:1800,38.83,14.4,68.0,56.7,59.0,428.65,5.66,48.0,97625.0
20170616:1900,38.75,14.1,0.0,0.0,0.0,415.85,4.0,61.0,97673.0
20170616:2000,37.68,15.45,0.0,0.0,0.0,420.45,4.97,51.0,97789.0
20170616:2100,36.43,16.9,0.0,0.0,0.0,412.65,5.38,47.0,97838.0
20170616:2200,35.37,17.95,0.0,0.0,0.0,404.25,5.79,53.0,97857.0
20170616:2300,34.34,20.6,0.0,0.0,0.0,405.45,5.79,76.0,97916.0
20170617:0000,33.26,23.7,0.0,0.0,0.0,393.4,5.1,85.0,97896.0
20170617:0100,32.19,25.9,0.0,0.0,0.0,390.25,4.55,83.0,97867.0
20170617:0200,31.16,28.05,0.0,0.0,0.0,388.4,4.48,82.0,97877.0
20170617:0300,30.21,30.25,0.0,0.0,0.0,384.6,4.55,84.0,97857.0
20170617:0400,29.36,32.55,0.0,0.0,0.0,381.8,4.48,86.0,97886.0
20170617:0500,28.63,34.7,0.0,0.0,0.0,380.4,4.34,88.0,97906.0
20170617:0600,28.56,35.2,126.0,179.75,88.0,380.8,4.21,90.0,97935.0
20170617:0700,30.03,33.5,319.0,340.14,176.0,382.8,4.07,67.0,97974.0
20170617:0800,32.29,29.2,543.0,524.93,221.0,390.2,4.97,66.0,97993.0
20170617:0900,34.63,25.05,746.0,660.01,233.0,399.45,5.31,69.0,98012.0
20170617:1000,36.86,21.1,903.0,743.8,233.0,410.65,5.59,73.0,97974.0
20170617:1100,38.44,17.8,1009.0,812.87,216.0,420.25,5.93,74.0,97906.0
20170617:1200,39.31,16.5,1040.0,834.92,208.0,427.65,5.38,74.0,97906.0
20170617:1300,39.91,15.65,998.0,823.13,206.0,435.85,4.48,72.0,97819.0
20170617:1400,40.32,15.15,877.0,748.62,222.0,441.05,3.66,67.0,97722.0
20170617:1500,40.42,14.9,699.0,631.82,231.0,443.65,3.17,58.0,97634.0
20170617:1600,39.92,15.1,500.0,525.8,201.0,447.85,2.9,46.0,97576.0
20170617:1700,39.79,15.15,275.0,329.3,153.0,447.25,2.55,58.0,97537.0
20170617:1800,39.29,15.25,71.0,68.87,60.0,438.05,2.55,90.0,97537.0
20170617:1900,38.72,15.55,0.0,0.0,0.0,422.65,0.55,58.0,97547.0
20170617:2000,37.54,16.95,0.0,0.0,0.0,415.25,1.17,76.0,97615.0
20170617:2100,36.21,18.75,0.0,0.0,0.0,409.45,1.86,72.0,97693.0
20170617:2200,34.79,20.65,0.0,0.0,0.0,406.45,2.28,62.0,97770.0
20170617:2300,33.39,22.6,0.0,0.0,0.0,401.65,2.41,51.0,97770.0
20170618:0000,32.26,24.3,0.0,0.0,0.0,409.85,2.34,43.0,97751.0
20170618:0100,31.32,25.85,0.0,0.0,0.0,412.65,2.41,40.0,97673.0
20170618:0200,30.31,27.7,0.0,0.0,0.0,399.85,2.83,48.0,97654.0
20170618:0300,29.57,29.9,0.0,0.0,0.0,403.45,3.03,62.0,97644.0
20170618:0400,28.65,33.3,0.0,0.0,0.0,386.4,3.24,77.0,97683.0
20170618:0500,27.91,36.8,0.0,0.0,0.0,384.6,3.31,90.0,97673.0
20170618:0600,27.65,38.75,138.0,256.11,84.0,383.0,3.24,96.0,97722.0
20170618:0700,30.02,33.95,345.0,450.17,156.0,383.4,3.72,76.0,97789.0
20170618:0800,32.88,28.25,571.0,628.17,186.0,391.25,4.28,78.0,97809.0
20170618:0900,35.92,22.5,771.0,740.19,196.0,402.45,4.34,84.0,97809.0
20170618:1000,38.38,18.0,923.0,801.79,201.0,414.85,4.62,90.0,97780.0
20170618:1100,39.74,15.65,1025.0,859.11,187.0,432.05,4.0,83.0,97731.0
20170618:1200,40.4,14.85,1051.0,865.98,188.0,435.05,3.59,70.0,97702.0
20170618:1300,40.94,14.25,998.0,822.91,206.0,446.05,3.24,57.0,97625.0
20170618:1400,41.57,13.65,0.0,0.0,0.0,441.25,3.03,42.0,97576.0
20170618:1500,41.71,13.5,744.0,779.67,166.0,447.25,3.17,29.0,97537.0
20170618:1600,41.75,13.45,533.0,651.53,162.0,444.45,3.59,21.0,97499.0
20170618:1700,41.4,13.65,295.0,417.37,140.0,446.85,3.93,20.0,97479.0
20170618:1800,40.49,13.05,75.0,80.92,62.0,439.45,4.41,24.0,97508.0
20170618:1900,39.18,15.2,0.0,0.0,0.0,431.25,2.28,324.0,97596.0
20170618:2000,38.61,15.65,0.0,0.0,0.0,430.45,1.66,307.0,97644.0
20170618:2100,37.65,16.75,0.0,0.0,0.0,427.25,1.72,351.0,97693.0
20170618:2200,36.22,18.3,0.0,0.0,0.0,410.65,2.83,11.0,97702.0
20170618:2300,35.23,19.5,0.0,0.0,0.0,415.45,3.86,14.0,97712.0
20170619:0000,34.32,20.8,0.0,0.0,0.0,406.45,4.41,15.0,97722.0
20170619:0100,33.47,21.9,0.0,0.0,0.0,405.05,4.41,18.0,97673.0
20170619:0200,32.45,23.2,0.0,0.0,0.0,397.25,4.14,25.0,97663.0
20170619:0300,31.41,24.6,0.0,0.0,0.0,393.25,3.93,30.0,97634.0
20170619:0400,30.42,26.1,0.0,0.0,0.0,391.0,3.86,34.0,97712.0
20170619:0500,29.55,27.45,0.0,0.0,0.0,386.8,4.07,47.0,97702.0
20170619:0600,29.71,27.2,146.0,309.18,81.0,390.4,4.41,65.0,97760.0
20170619:0700,31.81,24.3,354.0,496.14,146.0,388.8,4.21,72.0,97828.0
20170619:0800,34.82,20.2,570.0,627.11,186.0,396.05,5.17,86.0,97838.0
20170619:0900,37.66,16.65,770.0,740.63,195.0,405.05,5.38,94.0,97857.0
20170619:1000,39.83,14.5,918.0,787.63,209.0,415.45,5.03,98.0,97857.0
20170619:1100,41.02,13.3,1014.0,827.45,207.0,425.85,4.62,80.0,97809.0
20170619:1200,41.91,12.1,1034.0,818.77,218.0,431.65,4.76,61.0,97780.0
20170619:1300,42.53,11.3,993.0,808.15,215.0,434.45,4.83,48.0,97702.0
20170619:1400,42.97,10.65,893.0,792.4,199.0,434.65,4.97,39.0,97634.0
20170619:1500,43.21,10.15,729.0,723.77,192.0,432.85,5.1,34.0,97605.0
20170619:1600,43.19,9.8,530.0,640.16,165.0,429.85,5.24,30.0,97537.0
20170619:1700,42.94,9.75,304.0,459.42,133.0,425.05,5.24,28.0,97537.0
20170619:1800,42.41,9.9,78.0,92.85,63.0,420.65,4.9,28.0,97508.0
20170619:1900,41.37,10.45,0.0,0.0,0.0,420.05,3.79,18.0,97528.0
20170619:2000,39.97,11.25,0.0,0.0,0.0,411.65,3.1,20.0,97596.0
20170619:2100,38.71,12.45,0.0,0.0,0.0,428.65,2.83,71.0,97663.0
20170619:2200,37.42,14.75,0.0,0.0,0.0,417.05,3.72,104.0,97760.0
20170619:2300,35.97,17.4,0.0,0.0,0.0,407.45,2.48,105.0,97751.0
20170620:0000,34.48,19.2,0.0,0.0,0.0,400.25,2.62,38.0,97731.0
20170620:0100,33.29,19.75,0.0,0.0,0.0,396.45,4.48,44.0,97663.0
20170620:0200,33.5,18.1,0.0,0.0,0.0,404.65,6.0,69.0,97693.0
20170620:0300,33.96,15.15,0.0,0.0,0.0,400.85,7.31,89.0,97702.0
20170620:0400,33.54,14.25,0.0,0.0,0.0,392.4,6.97,93.0,97760.0
20170620:0500,32.75,14.95,0.0,0.0,0.0,384.2,6.9,92.0,97789.0
20170620:0600,32.67,15.6,150.0,348.33,77.0,385.4,7.17,93.0,97886.0
20170620:0700,34.3,14.1,370.0,575.75,129.0,388.0,7.79,96.0,97906.0
20170620:0800,36.65,13.0,591.0,715.99,153.0,389.8,8.41,97.0,97954.0
20170620:0900,39.25,11.3,782.0,782.33,175.0,398.05,9.52,100.0,97964.0
20170620:1000,41.47,9.85,927.0,816.82,192.0,407.85,10.21,100.0,97983.0
20170620:1100,42.81,9.2,1019.0,842.96,197.0,417.25,9.45,97.0,97993.0
20170620:1200,43.61,9.0,1045.0,849.85,198.0,424.05,8.21,96.0,97916.0
20170620:1300,44.07,8.65,993.0,807.96,215.0,428.85,6.9,93.0,97857.0
20170620:1400,44.29,8.3,893.0,792.01,199.0,431.45,5.93,86.0,97770.0
20170620:1500,44.47,8.05,741.0,766.3,172.0,434.45,5.31,78.0,97712.0
20170620:1600,44.34,7.95,540.0,677.89,153.0,433.65,5.1,67.0,97654.0
20170620:1700,43.2,9.15,302.0,442.34,137.0,442.85,5.1,59.0,97605.0
20170620:1800,43.07,8.45,76.0,86.21,62.0,434.05,4.34,50.0,97634.0
20170620:1900,41.86,9.1,0.0,0.0,0.0,413.45,3.31,54.0,97654.0
20170620:2000,40.23,10.1,0.0,0.0,0.0,406.45,3.38,41.0,97741.0
20170620:2100,38.62,11.05,0.0,0.0,0.0,403.05,3.93,39.0,97809.0
20170620:2200,37.3,11.75,0.0,0.0,0.0,398.85,4.69,44.0,97916.0
20170620:2300,36.42,11.8,0.0,0.0,0.0,396.25,5.66,53.0,97916.0
20170621:0000,35.91,11.6,0.0,0.0,0.0,402.65,6.83,71.0,97896.0
20170621:0100,35.64,11.75,0.0,0.0,0.0,406.45,7.72,88.0,97877.0
20170621:0200,35.04,12.15,0.0,0.0,0.0,394.8,7.45,96.0,97886.0
20170621:0300,34.13,12.7,0.0,0.0,0.0,383.6,7.1,98.0,97906.0
20170621:0400,33.29,13.55,0.0,0.0,0.0,380.2,7.03,97.0,97935.0
20170621:0500,32.61,14.7,0.0,0.0,0.0,377.8,7.1,98.0,97964.0
20170621:0600,32.44,15.9,141.0,277.7,83.0,377.0,7.31,99.0,98032.0
20170621:0700,34.05,14.75,271.0,189.04,192.0,392.65,6.69,135.0,98109.0
20170621:0800,35.63,13.95,419.0,204.54,294.0,392.6,7.59,148.0,98148.0
20170621:0900,36.97,13.6,596.0,295.34,367.0,413.45,7.03,152.0,98158.0
20170621:1000,38.63,13.45,841.0,583.66,316.0,405.45,4.97,161.0,98197.0
20170621:1100,39.78,13.35,963.0,695.41,285.0,421.25,3.1,169.0,98177.0
20170621:1200,40.78,12.95,1000.0,729.42,273.0,431.65,2.0,166.0,98168.0
20170621:1300,41.48,12.5,938.0,664.49,298.0,430.45,1.52,141.0,98051.0
20170621:1400,41.97,11.8,825.0,602.29,297.0,434.85,2.34,106.0,97974.0
20170621:1500,42.13,10.25,658.0,504.65,283.0,447.05,3.79,86.0,97925.0
20170621:1600,41.27,10.6,409.0,248.44,267.0,444.25,2.07,123.0,97848.0
20170621:1700,41.11,10.65,308.0,470.87,132.0,445.05,2.14,184.0,97838.0
20170621:1800,40.9,10.9,85.0,128.69,64.0,424.25,2.41,202.0,97838.0
20170621:1900,41.29,10.75,0.0,0.0,0.0,415.65,1.1,128.0,97877.0
20170621:2000,39.83,14.55,0.0,0.0,0.0,414.05,0.83,216.0,97935.0
20170621:2100,38.15,14.75,0.0,0.0,0.0,403.65,0.9,246.0,97983.0
20170621:2200,37.82,13.9,0.0,0.0,0.0,414.85,0.62,23.0,98061.0
20170621:2300,35.01,16.65,0.0,0.0,0.0,416.05,2.55,68.0,98080.0
20170622:0000,33.96,17.4,0.0,0.0,0.0,399.45,3.66,92.0,98090.0
20170622:0100,33.04,18.6,0.0,0.0,0.0,400.85,3.72,113.0,98032.0
20170622:0200,32.05,19.9,0.0,0.0,0.0,395.85,3.52,125.0,98061.0
20170622:0300,30.86,21.6,0.0,0.0,0.0,385.0,3.31,126.0,98022.0
20170622:0400,29.82,23.15,0.0,0.0,0.0,384.0,3.31,120.0,98080.0
20170622:0500,29.05,24.35,0.0,0.0,0.0,382.8,3.52,114.0,98109.0
20170622:0600,29.07,24.4,143.0,302.75,80.0,379.4,3.86,114.0,98158.0
20170622:0700,32.08,20.45,360.0,534.56,137.0,386.0,3.86,120.0,98216.0
20170622:0800,35.69,16.35,583.0,687.98,163.0,389.6,4.14,124.0,98245.0
20170622:0900,38.32,13.7,781.0,782.07,175.0,399.65,4.62,134.0,98274.0
20170622:1000,39.99,12.15,926.0,816.35,192.0,409.25,4.69,149.0,98245.0
20170622:1100,41.21,11.2,1018.0,843.26,196.0,417.85,4.21,159.0,98255.0
20170622:1200,42.01,10.6,1056.0,881.91,177.0,425.25,3.24,167.0,98197.0
20170622:1300,42.51,10.25,982.0,777.49,233.0,430.85,2.14,174.0,98119.0
20170622:1400,42.75,10.05,240.0,0.0,240.0,434.45,0.9,186.0,98061.0
20170622:1500,42.9,9.9,189.0,0.0,189.0,436.65,0.41,303.0,97983.0
20170622:1600,43.16,9.7,558.0,751.46,128.0,436.85,1.45,338.0,97925.0
20170622:1700,43.14,9.65,330.0,595.47,107.0,429.25,2.28,346.0,97906.0
20170622:1800,42.84,9.55,56.0,18.3,53.0,424.05,2.9,8.0,97886.0
20170622:1900,41.76,10.6,0.0,0.0,0.0,420.45,3.17,26.0,97896.0
20170622:2000,40.64,11.35,0.0,0.0,0.0,417.45,3.03,46.0,97945.0
20170622:2100,39.27,12.3,0.0,0.0,0.0,409.05,3.45,53.0,98032.0
20170622:2200,37.95,13.25,0.0,0.0,0.0,405.85,3.79,54.0,98061.0
20170622:2300,36.72,14.25,0.0,0.0,0.0,402.05,3.86,55.0,98100.0
20170623:0000,35.48,15.35,0.0,0.0,0.0,397.25,3.59,60.0,98071.0
20170623:0100,34.18,16.65,0.0,0.0,0.0,393.85,3.24,67.0,98003.0
20170623:0200,32.8,18.15,0.0,0.0,0.0,390.6,3.03,77.0,97974.0
20170623:0300,31.51,19.65,0.0,0.0,0.0,389.65,3.31,92.0,97945.0
20170623:0400,30.52,20.55,0.0,0.0,0.0,385.6,4.0,101.0,97974.0
20170623:0500,29.86,20.9,0.0,0.0,0.0,382.0,3.93,103.0,98012.0
20170623:0600,29.54,20.9,137.0,260.51,83.0,379.4,3.38,98.0,98032.0
20170623:0700,32.67,17.65,339.0,437.08,157.0,392.8,3.03,106.0,98139.0
20170623:0800,36.91,13.6,567.0,626.43,185.0,400.05,2.69,110.0,98119.0
20170623:0900,40.05,11.45,776.0,767.12,182.0,410.45,2.21,117.0,98148.0
20170623:1000,41.34,11.05,935.0,846.73,174.0,421.25,1.03,74.0,98187.0
20170623:1100,42.43,10.85,1040.0,907.04,156.0,430.45,2.76,6.0,98148.0
20170623:1200,43.31,10.45,1062.0,897.96,167.0,437.85,4.69,2.0,98109.0
20170623:1300,43.76,10.2,1031.0,918.47,146.0,442.85,5.86,1.0,98032.0
20170623:1400,43.79,10.05,918.0,869.6,155.0,445.05,6.28,2.0,97954.0
20170623:1500,43.98,9.75,755.0,810.33,152.0,439.25,6.48,6.0,97877.0
20170623:1600,43.78,9.6,545.0,691.29,149.0,446.25,6.9,12.0,97809.0
20170623:1700,43.27,9.5,309.0,471.79,132.0,434.25,7.45,20.0,97789.0
20170623:1800,42.44,9.65,80.0,97.21,64.0,422.45,7.38,25.0,97819.0
20170623:1900,41.11,10.2,0.0,0.0,0.0,412.05,6.83,25.0,97828.0
20170623:2000,39.72,10.55,0.0,0.0,0.0,405.25,7.03,26.0,97925.0
20170623:2100,38.43,10.75,0.0,0.0,0.0,397.25,7.38,30.0,98003.0
20170623:2200,37.18,11.5,0.0,0.0,0.0,389.6,7.66,35.0,98051.0
20170623:2300,36.0,12.55,0.0,0.0,0.0,383.6,7.59,40.0,98109.0
20170624:0000,34.86,13.35,0.0,0.0,0.0,378.0,7.24,44.0,98080.0
20170624:0100,33.75,14.55,0.0,0.0,0.0,373.65,6.83,45.0,98032.0
20170624:0200,32.66,16.4,0.0,0.0,0.0,369.4,6.41,41.0,98012.0
20170624:0300,31.61,18.6,0.0,0.0,0.0,366.0,6.62,36.0,97974.0
20170624:0400,30.74,21.25,0.0,0.0,0.0,362.6,7.31,36.0,97983.0
20170624:0500,29.95,23.5,0.0,0.0,0.0,359.0,7.17,42.0,98022.0
20170624:0600,29.61,23.5,151.0,377.86,73.0,354.8,6.97,48.0,98032.0
20170624:0700,31.36,20.7,368.0,584.7,125.0,357.8,7.31,49.0,98080.0
20170624:0800,33.34,18.35,591.0,727.3,148.0,363.2,9.31,56.0,98080.0
20170624:0900,35.61,16.15,775.0,766.38,182.0,372.6,10.0,63.0,98042.0
20170624:1000,38.02,13.75,925.0,815.93,192.0,383.6,9.86,70.0,98080.0
20170624:1100,40.18,11.65,1023.0,857.96,187.0,395.05,9.31,76.0,98003.0
20170624:1200,41.86,9.8,1045.0,849.8,198.0,405.65,8.34,83.0,97964.0
20170624:1300,42.8,8.3,1004.0,838.4,196.0,412.25,7.17,87.0,97877.0
20170624:1400,43.3,7.75,904.0,822.54,182.0,414.05,6.55,84.0,97809.0
20170624:1500,43.49,7.5,744.0,766.82,173.0,414.25,6.28,80.0,97722.0
20170624:1600,43.4,7.5,546.0,692.34,149.0,412.45,6.14,76.0,97663.0
20170624:1700,43.05,7.65,317.0,510.92,125.0,409.65,6.0,72.0,97654.0
20170624:1800,42.41,8.0,83.0,108.95,65.0,405.65,5.86,67.0,97634.0
20170624:1900,40.76,9.45,0.0,0.0,0.0,402.25,5.31,42.0,97683.0
20170624:2000,39.11,10.8,0.0,0.0,0.0,398.85,6.14,36.0,97751.0
20170624:2100,37.81,12.1,0.0,0.0,0.0,395.45,7.38,36.0,97828.0
20170624:2200,36.8,13.5,0.0,0.0,0.0,392.25,8.34,41.0,97848.0
20170624:2300,35.94,14.9,0.0,0.0,0.0,389.8,8.9,49.0,97867.0
20170625:0000,35.09,16.1,0.0,0.0,0.0,386.8,9.03,57.0,97848.0
20170625:0100,34.2,17.1,0.0,0.0,0.0,383.45,8.83,62.0,97848.0
20170625:0200,33.32,17.65,0.0,0.0,0.0,378.8,8.28,66.0,97857.0
20170625:0300,32.46,18.05,0.0,0.0,0.0,374.4,7.72,68.0,97838.0
20170625:0400,31.64,18.65,0.0,0.0,0.0,370.6,7.17,69.0,97896.0
20170625:0500,30.79,19.75,0.0,0.0,0.0,367.2,6.62,69.0,97954.0
20170625:0600,30.36,20.7,150.0,374.65,73.0,364.6,6.07,67.0,97993.0
20170625:0700,31.9,19.15,369.0,595.53,122.0,369.0,5.52,61.0,98061.0
20170625:0800,33.99,17.6,587.0,713.37,153.0,375.0,6.34,68.0,98051.0
20170625:0900,36.34,15.65,778.0,781.18,174.0,383.2,6.55,83.0,98042.0
20170625:1000,38.68,13.45,914.0,786.22,208.0,393.65,6.62,94.0,98042.0
20170625:1100,40.61,11.6,967.0,708.28,277.0,403.45,5.66,99.0,97974.0
20170625:1200,41.99,10.25,943.0,594.97,350.0,413.25,4.21,103.0,97925.0
20170625:1300,42.9,8.95,683.0,200.23,490.0,420.25,2.83,101.0,97857.0
20170625:1400,43.27,8.15,617.0,199.29,442.0,424.05,1.93,70.0,97799.0
20170625:1500,43.48,7.75,463.0,126.16,369.0,423.05,2.0,32.0,97731.0
20170625:1600,43.56,7.55,347.0,125.44,275.0,419.45,2.41,19.0,97673.0
20170625:1700,43.37,7.5,192.0,74.39,164.0,414.65,2.76,14.0,97654.0
20170625:1800,42.95,7.65,46.0,6.03,45.0,409.25,2.97,14.0,97634.0
20170625:1900,42.0,8.6,0.0,0.0,0.0,409.45,3.24,13.0,97683.0
20170625:2000,40.42,9.5,0.0,0.0,0.0,404.85,3.72,15.0,97712.0
20170625:2100,38.94,10.4,0.0,0.0,0.0,400.05,4.28,20.0,97799.0
20170625:2200,37.65,11.4,0.0,0.0,0.0,396.25,5.24,24.0,97906.0
20170625:2300,36.59,12.6,0.0,0.0,0.0,393.25,6.48,28.0,97877.0
20170626:0000,35.78,13.65,0.0,0.0,0.0,389.0,7.31,34.0,97925.0
20170626:0100,35.11,14.4,0.0,0.0,0.0,386.25,7.66,41.0,97886.0
20170626:0200,34.4,14.8,0.0,0.0,0.0,385.8,7.79,51.0,97848.0
20170626:0300,33.48,15.05,0.0,0.0,0.0,380.2,7.52,62.0,97848.0
20170626:0400,32.34,15.55,0.0,0.0,0.0,376.0,6.48,66.0,97848.0
20170626:0500,31.12,16.5,0.0,0.0,0.0,373.2,5.38,69.0,97906.0
20170626:0600,30.15,17.75,109.0,122.2,84.0,368.8,4.41,81.0,97945.0
20170626:0700,32.01,15.0,266.0,183.63,190.0,372.2,3.66,94.0,97974.0
20170626:0800,34.32,13.85,470.0,324.21,273.0,377.4,2.21,124.0,98012.0
20170626:0900,36.53,12.6,685.0,502.2,297.0,390.8,1.38,216.0,98022.0
20170626:1000,38.88,11.05,883.0,699.68,255.0,398.85,2.48,266.0,97983.0
20170626:1100,41.06,9.8,995.0,781.33,234.0,407.45,2.97,281.0,97935.0
20170626:1200,42.63,8.85,1011.0,758.53,255.0,416.25,2.76,289.0,97906.0
20170626:1300,43.44,8.15,972.0,747.87,251.0,422.85,2.55,301.0,97838.0
20170626:1400,43.97,7.7,861.0,693.29,252.0,424.25,3.45,312.0,97770.0
20170626:1500,44.18,7.45,680.0,562.02,261.0,421.85,4.07,319.0,97722.0
20170626:1600,44.07,7.35,476.0,428.21,230.0,418.65,4.34,326.0,97654.0
20170626:1700,43.72,7.35,257.0,238.78,167.0,414.65,4.48,331.0,97634.0
20170626:1800,43.15,7.45,60.0,24.05,56.0,409.45,4.34,334.0,97654.0
20170626:1900,42.23,8.05,0.0,0.0,0.0,405.85,3.52,323.0,97654.0
20170626:2000,40.67,8.85,0.0,0.0,0.0,401.45,3.59,324.0,97731.0
20170626:2100,39.23,9.5,0.0,0.0,0.0,397.25,4.14,335.0,97789.0
20170626:2200,37.98,10.05,0.0,0.0,0.0,393.45,4.9,348.0,97789.0
20170626:2300,36.67,10.6,0.0,0.0,0.0,389.45,4.55,360.0,97789.0
20170627:0000,35.06,12.0,0.0,0.0,0.0,385.0,2.34,21.0,97780.0
20170627:0100,34.4,12.85,0.0,0.0,0.0,378.45,0.76,297.0,97751.0
20170627:0200,32.01,16.55,0.0,0.0,0.0,372.6,1.59,245.0,97741.0
20170627:0300,30.53,20.0,0.0,0.0,0.0,369.8,3.72,249.0,97751.0
20170627:0400,29.62,23.25,0.0,0.0,0.0,366.2,4.55,267.0,97799.0
20170627:0500,28.76,24.9,0.0,0.0,0.0,364.2,4.34,277.0,97828.0
20170627:0600,28.2,25.4,144.0,334.01,76.0,361.6,3.66,284.0,97867.0
20170627:0700,30.3,15.15,355.0,530.29,136.0,363.8,2.69,314.0,97906.0
20170627:0800,34.28,11.7,579.0,685.51,163.0,370.2,3.17,319.0,97925.0
20170627:0900,36.99,10.05,773.0,765.56,182.0,380.0,3.45,315.0,97935.0
20170627:1000,39.35,8.95,918.0,800.33,200.0,389.8,3.66,308.0,97983.0
20170627:1100,41.48,8.05,1016.0,842.1,196.0,399.65,4.0,304.0,97877.0
20170627:1200,43.21,7.5,1039.0,833.81,208.0,408.05,4.48,305.0,97886.0
20170627:1300,44.16,6.95,1005.0,839.02,196.0,413.85,4.34,310.0,97799.0
20170627:1400,44.45,6.5,896.0,793.21,199.0,416.65,3.93,310.0,97751.0
20170627:1500,44.57,6.35,713.0,659.57,221.0,415.45,3.86,312.0,97683.0
20170627:1600,44.46,6.4,518.0,572.22,189.0,415.05,3.93,316.0,97625.0
20170627:1700,44.15,6.65,296.0,394.81,147.0,415.25,4.14,319.0,97615.0
20170627:1800,43.55,7.0,84.0,107.95,66.0,411.05,4.28,321.0,97586.0
20170627:1900,42.31,8.15,0.0,0.0,0.0,407.85,4.34,316.0,97615.0
20170627:2000,40.6,8.7,0.0,0.0,0.0,400.65,4.41,315.0,97644.0
20170627:2100,39.14,9.15,0.0,0.0,0.0,394.85,4.55,322.0,97731.0
20170627:2200,37.82,9.6,0.0,0.0,0.0,392.8,4.48,332.0,97751.0
20170627:2300,36.5,10.15,0.0,0.0,0.0,386.0,4.21,342.0,97780.0
20170628:0000,35.18,10.8,0.0,0.0,0.0,384.2,4.0,355.0,97693.0
20170628:0100,33.8,11.6,0.0,0.0,0.0,379.85,3.93,16.0,97654.0
20170628:0200,32.66,12.25,0.0,0.0,0.0,377.2,3.93,29.0,97625.0
20170628:0300,31.41,13.15,0.0,0.0,0.0,373.8,3.59,34.0,97615.0
20170628:0400,30.18,14.15,0.0,0.0,0.0,370.2,3.17,30.0,97654.0
20170628:0500,28.8,15.4,0.0,0.0,0.0,369.0,2.83,14.0,97683.0
20170628:0600,27.87,16.25,143.0,330.78,76.0,366.6,2.76,348.0,97741.0
20170628:0700,30.19,14.05,346.0,490.24,144.0,364.8,3.59,353.0,97789.0
20170628:0800,33.55,11.0,575.0,673.21,167.0,372.2,4.21,7.0,97799.0
20170628:0900,36.9,8.6,764.0,737.66,195.0,377.4,4.41,14.0,97799.0
20170628:1000,39.98,7.0,908.0,770.61,217.0,389.2,4.55,14.0,97770.0
20170628:1100,42.53,6.2,1005.0,811.49,215.0,399.25,4.55,12.0,97751.0
20170628:1200,43.92,5.85,1027.0,802.74,227.0,409.85,4.41,18.0,97702.0
20170628:1300,44.7,6.35,994.0,807.8,215.0,416.65,4.62,13.0,97634.0
20170628:1400,45.17,6.65,896.0,792.96,199.0,422.65,4.55,1.0,97566.0
20170628:1500,45.36,6.9,730.0,712.83,198.0,426.05,4.62,349.0,97508.0
20170628:1600,45.26,7.3,530.0,618.72,174.0,427.05,4.62,341.0,97460.0
20170628:1700,44.89,7.9,293.0,381.12,149.0,426.65,4.55,337.0,97431.0
20170628:1800,44.3,8.65,75.0,65.81,64.0,425.45,4.14,336.0,97402.0
20170628:1900,43.02,9.7,0.0,0.0,0.0,421.05,2.83,341.0,97402.0
20170628:2000,41.71,10.85,0.0,0.0,0.0,419.05,2.21,347.0,97411.0
20170628:2100,39.84,13.15,0.0,0.0,0.0,415.25,1.72,356.0,97499.0
20170628:2200,38.5,14.7,0.0,0.0,0.0,416.05,1.38,21.0,97499.0
20170628:2300,37.77,15.0,0.0,0.0,0.0,413.25,1.31,55.0,97489.0
20170629:0000,37.29,15.1,0.0,0.0,0.0,410.65,1.17,59.0,97431.0
20170629:0100,36.94,15.2,0.0,0.0,0.0,406.65,0.97,354.0,97402.0
20170629:0200,32.56,20.75,0.0,0.0,0.0,403.05,2.34,316.0,97382.0
20170629:0300,31.84,21.25,0.0,0.0,0.0,398.85,3.31,313.0,97392.0
20170629:0400,31.15,22.1,0.0,0.0,0.0,394.65,3.79,311.0,97402.0
20170629:0500,30.43,23.2,0.0,0.0,0.0,390.4,3.72,319.0,97450.0
20170629:0600,29.8,24.5,127.0,223.35,82.0,387.4,2.97,348.0,97489.0
20170629:0700,31.48,22.5,328.0,408.68,160.0,388.6,1.24,6.0,97528.0
20170629:0800,35.44,16.9,552.0,588.2,196.0,394.25,1.45,3.0,97547.0
20170629:0900,38.73,13.65,750.0,695.46,214.0,404.45,1.59,344.0,97547.0
20170629:1000,41.53,10.8,907.0,769.88,217.0,416.85,1.59,317.0,97528.0
20170629:1100,43.47,8.95,1016.0,841.49,197.0,429.25,1.38,294.0,97460.0
20170629:1200,44.52,8.55,1050.0,866.0,187.0,439.25,1.03,282.0,97460.0
20170629:1300,45.19,8.55,1005.0,838.81,196.0,446.85,1.1,280.0,97373.0
20170629:1400,45.66,8.5,901.0,808.65,190.0,448.65,1.59,276.0,97324.0
20170629:1500,45.93,8.45,726.0,699.11,204.0,448.45,2.28,276.0,97266.0
20170629:1600,45.95,8.6,528.0,607.87,178.0,446.45,2.9,277.0,97188.0
20170629:1700,45.66,8.95,290.0,364.86,152.0,442.85,3.17,277.0,97188.0
20170629:1800,45.42,8.3,74.0,65.68,63.0,439.25,3.1,271.0,97169.0
20170629:1900,44.26,8.1,0.0,0.0,0.0,430.65,4.07,311.0,97188.0
20170629:2000,42.66,9.15,0.0,0.0,0.0,423.05,3.59,320.0,97256.0
20170629:2100,41.13,10.2,0.0,0.0,0.0,414.25,3.24,329.0,97324.0
20170629:2200,39.56,11.45,0.0,0.0,0.0,412.45,2.97,318.0,97334.0
20170629:2300,38.18,12.55,0.0,0.0,0.0,407.05,3.86,300.0,97402.0
20170630:0000,37.09,14.35,0.0,0.0,0.0,405.05,4.14,311.0,97334.0
20170630:0100,35.76,16.95,0.0,0.0,0.0,402.05,3.1,332.0,97285.0
20170630:0200,34.29,19.95,0.0,0.0,0.0,398.05,1.93,6.0,97247.0
20170630:0300,33.99,20.1,0.0,0.0,0.0,395.65,1.66,75.0,97217.0
20170630:0400,31.77,22.4,0.0,0.0,0.0,393.4,2.62,106.0,97237.0
20170630:0500,30.79,22.8,0.0,0.0,0.0,391.65,3.03,123.0,97285.0
20170630:0600,29.58,24.55,125.0,219.6,81.0,389.4,2.21,156.0,97324.0
20170630:0700,33.59,22.0,331.0,424.31,157.0,393.25,1.38,109.0,97373.0
20170630:0800,36.74,18.25,560.0,622.11,184.0,400.45,1.31,198.0,97411.0
20170630:0900,39.95,14.05,762.0,736.31,195.0,413.45,2.83,227.0,97440.0
20170630:1000,41.94,12.1,911.0,784.79,208.0,422.05,3.45,240.0,97470.0
20170630:1100,43.64,10.6,1026.0,873.58,176.0,432.45,3.79,254.0,97440.0
20170630:1200,45.05,9.25,1055.0,881.11,177.0,439.05,4.55,265.0,97402.0
20170630:1300,46.1,8.3,1010.0,854.27,186.0,443.05,5.52,271.0,97373.0
20170630:1400,46.72,7.5,906.0,823.22,182.0,443.85,6.34,274.0,97324.0
20170630:1500,46.86,7.15,730.0,712.2,198.0,442.45,6.83,274.0,97285.0
20170630:1600,47.02,8.59,522.0,584.94,185.0,441.37,5.84,276.0,97266.0
20170630:1700,45.71,8.67,292.0,372.46,151.0,435.77,5.86,277.0,97256.0
20170630:1800,44.41,8.76,85.0,107.31,67.0,430.16,5.87,278.0,97285.0
20170630:1900,43.11,8.85,0.0,0.0,0.0,424.55,5.88,280.0,97314.0
20170630:2000,41.81,8.94,0.0,0.0,0.0,418.94,5.89,278.0,97392.0
20170630:2100,40.51,9.03,0.0,0.0,0.0,413.33,5.9,275.0,97440.0
20170630:2200,39.2,9.12,0.0,0.0,0.0,407.73,5.91,279.0,97470.0
20170630:2300,37.9,9.21,0.0,0.0,0.0,402.12,5.92,290.0,97470.0
20110701:0000,36.6,9.3,0.0,0.0,0.0,396.51,5.93,65.0,97760.0
20110701:0100,35.3,9.39,0.0,0.0,0.0,390.9,5.94,63.0,97760.0
20110701:0200,34.0,9.48,0.0,0.0,0.0,385.3,5.95,60.0,97789.0
20110701:0300,32.7,9.56,0.0,0.0,0.0,379.69,5.96,56.0,97809.0
20110701:0400,31.39,9.65,0.0,0.0,0.0,374.08,5.97,53.0,97828.0
20110701:0500,30.09,9.74,0.0,0.0,0.0,368.47,5.98,52.0,97877.0
20110701:0600,28.79,9.83,129.0,245.96,80.0,362.87,5.99,51.0,97925.0
20110701:0700,27.49,9.92,316.0,354.47,171.0,357.26,6.0,75.0,97993.0
20110701:0800,33.51,7.7,527.0,493.76,229.0,382.4,4.62,82.0,98022.0
20110701:0900,35.79,6.8,739.0,648.57,240.0,386.4,5.72,93.0,98022.0
20110701:1000,38.42,6.25,905.0,747.22,236.0,390.4,6.21,100.0,98012.0
20110701:1100,40.62,6.25,1025.0,849.14,199.0,400.05,6.07,105.0,97993.0
20110701:1200,42.09,6.7,1049.0,841.03,211.0,408.25,5.24,112.0,97935.0
20110701:1300,42.99,6.9,1004.0,814.8,218.0,416.85,4.34,115.0,97857.0
20110701:1400,43.52,7.05,886.0,742.32,233.0,423.25,3.86,117.0,97770.0
20110701:1500,43.89,7.1,722.0,666.43,224.0,424.65,3.72,119.0,97702.0
20110701:1600,43.99,7.25,504.0,503.09,214.0,422.25,3.59,122.0,97663.0
20110701:1700,43.73,7.4,294.0,369.54,154.0,422.25,3.38,130.0,97634.0
20110701:1800,43.31,7.35,98.0,178.64,68.0,420.85,3.03,146.0,97654.0
20110701:1900,42.09,7.25,0.0,0.0,0.0,436.25,1.86,187.0,97615.0
20110701:2000,40.44,6.9,0.0,0.0,0.0,413.45,1.59,223.0,97693.0
20110701:2100,38.21,8.55,0.0,0.0,0.0,403.05,1.17,272.0,97760.0
20110701:2200,36.32,8.1,0.0,0.0,0.0,408.45,1.86,359.0,97819.0
20110701:2300,35.14,7.35,0.0,0.0,0.0,392.0,3.31,48.0,97867.0
20110702:0000,34.31,7.55,0.0,0.0,0.0,382.4,4.83,75.0,97848.0
20110702:0100,33.39,7.85,0.0,0.0,0.0,370.85,5.72,86.0,97809.0
20110702:0200,32.32,8.05,0.0,0.0,0.0,363.0,5.93,92.0,97799.0
20110702:0300,31.28,8.75,0.0,0.0,0.0,359.0,5.86,92.0,97751.0
20110702:0400,30.31,9.8,0.0,0.0,0.0,356.8,5.66,91.0,97799.0
20110702:0500,29.48,11.15,0.0,0.0,0.0,357.0,5.59,89.0,97809.0
20110702:0600,29.22,12.2,140.0,328.23,75.0,354.2,5.66,88.0,97857.0
20110702:0700,30.94,11.9,356.0,544.11,134.0,350.0,5.45,91.0,97877.0
20110702:0800,34.04,10.4,577.0,678.67,168.0,356.2,5.79,93.0,97906.0
20110702:0900,37.12,8.9,768.0,742.81,197.0,365.6,6.62,97.0,97896.0
20110702:1000,39.75,7.5,919.0,791.2,211.0,376.4,6.83,101.0,97867.0
20110702:1100,41.49,6.0,1019.0,832.93,209.0,386.2,5.93,101.0,97848.0
20110702:1200,42.44,5.3,1043.0,825.05,221.0,393.85,4.55,87.0,97780.0
20110702:1300,43.02,5.0,1010.0,830.29,209.0,398.05,3.79,70.0,97712.0
20110702:1400,43.44,4.85,896.0,770.58,218.0,399.85,3.59,54.0,97644.0
20110702:1500,43.66,4.75,747.0,747.81,188.0,399.65,3.59,43.0,97596.0
20110702:1600,43.67,4.7,544.0,650.24,169.0,397.65,3.66,36.0,97547.0
20110702:1700,43.42,4.6,328.0,540.79,123.0,393.6,3.72,32.0,97508.0
20110702:1800,42.89,4.55,114.0,309.38,62.0,389.4,3.66,29.0,97499.0
20110702:1900,41.39,4.95,0.0,0.0,0.0,384.0,3.17,14.0,97499.0
20110702:2000,39.35,5.6,0.0,0.0,0.0,379.2,3.45,9.0,97547.0
20110702:2100,37.41,6.3,0.0,0.0,0.0,375.4,3.66,9.0,97576.0
20110702:2200,35.65,7.15,0.0,0.0,0.0,372.2,3.86,16.0,97634.0
20110702:2300,33.97,8.2,0.0,0.0,0.0,369.0,3.93,33.0,97596.0
20110703:0000,32.57,9.2,0.0,0.0,0.0,364.8,4.34,59.0,97615.0
20110703:0100,31.66,9.75,0.0,0.0,0.0,361.05,5.1,79.0,97605.0
20110703:0200,31.05,10.05,0.0,0.0,0.0,357.4,5.52,88.0,97586.0
20110703:0300,30.66,10.7,0.0,0.0,0.0,355.2,5.72,92.0,97596.0
20110703:0400,30.53,12.0,0.0,0.0,0.0,354.2,6.21,96.0,97596.0
20110703:0500,30.54,13.2,0.0,0.0,0.0,354.4,6.62,98.0,97615.0
20110703:0600,30.89,13.7,147.0,401.4,68.0,354.0,6.9,97.0,97634.0
20110703:0700,31.79,13.0,366.0,606.99,119.0,357.2,5.79,82.0,97663.0
20110703:0800,35.02,11.0,579.0,689.65,164.0,363.4,5.66,79.0,97693.0
20110703:0900,38.38,9.2,771.0,756.51,190.0,372.6,6.28,80.0,97683.0
20110703:1000,40.9,8.05,919.0,791.64,211.0,383.2,6.48,83.0,97625.0
20110703:1100,42.55,6.65,1008.0,802.32,228.0,393.65,5.86,86.0,97615.0
20110703:1200,43.37,5.9,1025.0,778.96,249.0,401.85,4.48,81.0,97537.0
20110703:1300,43.95,5.85,999.0,800.19,227.0,406.45,3.38,76.0,97479.0
20110703:1400,44.36,5.85,891.0,756.8,225.0,408.85,2.62,73.0,97392.0
20110703:1500,44.6,5.65,739.0,719.5,201.0,409.85,2.0,72.0,97324.0
20110703:1600,44.55,5.55,538.0,627.45,176.0,409.45,1.1,67.0,97256.0
20110703:1700,44.32,5.55,325.0,522.08,127.0,406.85,0.41,13.0,97227.0
20110703:1800,44.06,5.65,109.0,261.66,65.0,404.25,0.9,292.0,97217.0
20110703:1900,42.98,6.15,0.0,0.0,0.0,399.05,1.38,256.0,97208.0
20110703:2000,41.15,7.2,0.0,0.0,0.0,390.4,1.59,269.0,97256.0
20110703:2100,38.79,9.5,0.0,0.0,0.0,385.6,1.17,287.0,97314.0
20110703:2200,37.95,9.0,0.0,0.0,0.0,379.8,0.97,292.0,97402.0
20110703:2300,35.99,10.1,0.0,0.0,0.0,375.8,1.31,277.0,97402.0
20110704:0000,32.81,12.2,0.0,0.0,0.0,371.4,2.07,273.0,97382.0
20110704:0100,30.86,13.35,0.0,0.0,0.0,367.25,2.41,278.0,97353.0
20110704:0200,29.64,14.15,0.0,0.0,0.0,363.6,2.41,284.0,97353.0
20110704:0300,28.75,14.85,0.0,0.0,0.0,360.4,2.21,280.0,97334.0
20110704:0400,28.29,15.3,0.0,0.0,0.0,358.4,1.93,280.0,97353.0
20110704:0500,29.89,13.6,0.0,0.0,0.0,355.4,1.03,292.0,97392.0
20110704:0600,29.24,14.3,144.0,378.41,70.0,352.6,0.69,85.0,97421.0
20110704:0700,27.25,15.9,354.0,542.11,134.0,353.8,2.48,131.0,97499.0
20110704:0800,32.14,11.6,572.0,664.08,173.0,358.6,1.79,142.0,97537.0
20110704:0900,37.02,8.05,766.0,741.57,197.0,367.8,1.72,165.0,97596.0
20110704:1000,40.15,6.6,918.0,790.96,211.0,378.6,1.45,183.0,97625.0
20110704:1100,42.56,5.7,1013.0,817.99,218.0,390.85,1.45,185.0,97615.0
20110704:1200,44.18,4.95,1037.0,810.17,230.0,400.65,2.48,200.0,97615.0
20110704:1300,45.11,4.7,1004.0,814.68,218.0,405.65,3.52,218.0,97586.0
20110704:1400,45.58,4.65,896.0,771.46,217.0,408.05,4.07,232.0,97547.0
20110704:1500,45.73,4.7,739.0,720.66,200.0,409.45,4.14,237.0,97518.0
20110704:1600,45.58,4.75,532.0,603.0,184.0,409.25,3.93,238.0,97508.0
20110704:1700,45.23,4.85,314.0,463.93,138.0,407.05,3.72,237.0,97499.0
20110704:1800,44.68,5.05,104.0,220.03,67.0,402.25,3.31,234.0,97508.0
20110704:1900,43.39,5.75,0.0,0.0,0.0,420.05,2.55,218.0,97518.0
20110704:2000,41.69,6.55,0.0,0.0,0.0,395.85,2.48,195.0,97605.0
20110704:2100,39.71,7.6,0.0,0.0,0.0,394.25,2.83,182.0,97663.0
20110704:2200,37.95,8.5,0.0,0.0,0.0,389.4,3.17,179.0,97760.0
20110704:2300,36.22,9.5,0.0,0.0,0.0,385.8,3.17,184.0,97770.0
20110705:0000,34.27,11.05,0.0,0.0,0.0,381.6,2.69,195.0,97760.0
20110705:0100,33.55,11.75,0.0,0.0,0.0,378.65,1.86,214.0,97712.0
20110705:0200,34.96,10.25,0.0,0.0,0.0,374.8,1.03,262.0,97722.0
20110705:0300,34.13,10.9,0.0,0.0,0.0,371.8,0.97,338.0,97731.0
20110705:0400,33.26,11.55,0.0,0.0,0.0,369.0,1.38,44.0,97751.0
20110705:0500,29.01,15.35,0.0,0.0,0.0,365.4,2.34,75.0,97780.0
20110705:0600,27.87,16.45,130.0,277.97,76.0,365.4,2.48,79.0,97809.0
20110705:0700,29.69,15.1,337.0,464.54,149.0,372.2,2.07,90.0,97857.0
20110705:0800,35.06,10.55,561.0,626.77,185.0,376.0,0.55,138.0,97916.0
20110705:0900,37.79,8.65,761.0,727.92,203.0,388.4,0.9,228.0,97983.0
20110705:1000,40.02,7.5,917.0,790.29,211.0,393.25,1.1,253.0,97954.0
20110705:1100,42.09,6.6,957.0,673.13,303.0,403.65,1.1,263.0,97983.0
20110705:1200,43.93,6.0,1076.0,921.72,158.0,412.65,1.66,265.0,97925.0
20110705:1300,45.29,5.55,1004.0,815.7,217.0,419.45,2.55,268.0,97877.0
20110705:1400,45.81,5.15,921.0,846.34,176.0,421.45,2.41,274.0,97809.0
20110705:1500,45.9,5.0,719.0,653.68,230.0,421.45,1.93,282.0,97770.0
20110705:1600,45.85,5.0,526.0,580.34,191.0,420.25,1.93,302.0,97731.0
20110705:1700,45.63,5.05,309.0,437.5,143.0,417.45,2.07,318.0,97693.0
20110705:1800,45.23,5.2,111.0,273.64,65.0,412.25,2.34,328.0,97712.0
20110705:1900,44.07,5.75,0.0,0.0,0.0,406.25,2.48,339.0,97693.0
20110705:2000,42.56,6.45,0.0,0.0,0.0,401.45,2.34,349.0,97760.0
20110705:2100,40.45,7.7,0.0,0.0,0.0,397.45,2.28,3.0,97780.0
20110705:2200,38.23,9.15,0.0,0.0,0.0,393.85,2.34,24.0,97809.0
20110705:2300,36.38,9.95,0.0,0.0,0.0,389.8,2.62,48.0,97799.0
20110706:0000,34.85,10.45,0.0,0.0,0.0,385.8,3.24,68.0,97741.0
20110706:0100,33.39,11.0,0.0,0.0,0.0,382.05,3.79,80.0,97673.0
20110706:0200,32.36,11.35,0.0,0.0,0.0,378.2,4.07,85.0,97605.0
20110706:0300,31.66,11.85,0.0,0.0,0.0,374.6,4.21,88.0,97605.0
20110706:0400,30.69,12.95,0.0,0.0,0.0,373.0,3.93,90.0,97644.0
20110706:0500,29.58,14.6,0.0,0.0,0.0,369.8,3.45,91.0,97663.0
20110706:0600,29.56,15.8,131.0,290.24,75.0,376.6,1.52,102.0,97702.0
20110706:0700,30.57,15.5,349.0,530.3,135.0,373.0,2.48,98.0,97760.0
20110706:0800,34.04,14.55,566.0,651.14,176.0,385.2,0.97,222.0,97819.0
20110706:0900,37.37,9.9,777.0,784.77,176.0,395.45,3.03,263.0,97809.0
20110706:1000,40.02,8.25,951.0,899.39,148.0,399.25,2.9,278.0,97741.0
20110706:1100,42.49,7.05,978.0,727.91,271.0,408.25,2.62,284.0,97702.0
20110706:1200,44.44,6.25,1053.0,856.58,200.0,414.05,2.48,286.0,97663.0
20110706:1300,45.53,5.55,999.0,800.16,227.0,419.25,2.21,289.0,97605.0
20110706:1400,46.11,4.95,892.0,756.52,226.0,421.05,2.41,304.0,97528.0
20110706:1500,46.39,4.7,740.0,720.41,201.0,421.05,2.76,317.0,97489.0
20110706:1600,46.4,4.7,539.0,627.02,177.0,421.65,2.97,329.0,97440.0
20110706:1700,46.17,4.8,323.0,511.29,129.0,418.45,3.38,335.0,97411.0
20110706:1800,45.67,5.0,109.0,261.94,65.0,418.85,3.72,335.0,97392.0
20110706:1900,44.15,5.1,0.0,0.0,0.0,413.05,4.41,350.0,97392.0
20110706:2000,42.25,5.75,0.0,0.0,0.0,399.05,4.55,354.0,97411.0
20110706:2100,40.64,6.4,0.0,0.0,0.0,395.25,4.55,7.0,97440.0
20110706:2200,39.13,7.05,0.0,0.0,0.0,391.25,4.55,28.0,97508.0
20110706:2300,37.89,7.65,0.0,0.0,0.0,390.65,4.83,47.0,97518.0
20110707:0000,37.12,8.25,0.0,0.0,0.0,389.8,5.38,56.0,97489.0
20110707:0100,36.69,9.55,0.0,0.0,0.0,388.25,6.34,70.0,97450.0
20110707:0200,36.14,11.8,0.0,0.0,0.0,386.0,6.97,86.0,97431.0
20110707:0300,35.34,12.95,0.0,0.0,0.0,382.8,6.97,95.0,97373.0
20110707:0400,34.49,13.45,0.0,0.0,0.0,378.6,6.69,102.0,97411.0
20110707:0500,33.52,14.2,0.0,0.0,0.0,374.6,6.14,107.0,97431.0
20110707:0600,32.85,14.8,135.0,328.83,72.0,371.2,5.79,113.0,97479.0
20110707:0700,34.11,13.5,350.0,539.3,133.0,369.0,4.9,114.0,97518.0
20110707:0800,36.93,11.35,571.0,675.6,167.0,376.6,5.24,124.0,97557.0
20110707:0900,39.98,9.5,747.0,686.2,222.0,384.4,6.34,126.0,97557.0
20110707:1000,42.95,7.85,926.0,820.35,194.0,396.65,7.03,128.0,97537.0
20110707:1100,45.31,6.4,1001.0,786.86,237.0,408.25,7.72,131.0,97518.0
20110707:1200,46.65,5.45,1059.0,872.78,190.0,417.45,7.31,130.0,97470.0
20110707:1300,47.09,5.0,938.0,643.67,317.0,425.25,5.17,119.0,97440.0
20110707:1400,47.25,4.95,669.0,265.79,435.0,440.85,3.86,104.0,97353.0
20110707:1500,47.12,5.05,778.0,860.67,134.0,461.85,3.66,90.0,97305.0
20110707:1600,47.07,5.15,557.0,701.46,152.0,461.65,3.79,85.0,97276.0
20110707:1700,46.73,5.3,239.0,171.33,174.0,470.85,4.21,86.0,97266.0
20110707:1800,46.26,5.6,119.0,357.61,59.0,461.25,4.41,86.0,97266.0
20110707:1900,44.76,6.15,0.0,0.0,0.0,452.25,5.03,100.0,97266.0
20110707:2000,42.78,7.3,0.0,0.0,0.0,421.05,5.59,105.0,97334.0
20110707:2100,41.23,8.4,0.0,0.0,0.0,410.05,6.07,105.0,97382.0
20110707:2200,40.0,9.35,0.0,0.0,0.0,405.45,6.28,103.0,97470.0
20110707:2300,38.9,10.05,0.0,0.0,0.0,401.05,7.03,100.0,97479.0
20110708:0000,38.08,10.05,0.0,0.0,0.0,398.85,8.28,98.0,97431.0
20110708:0100,37.0,10.1,0.0,0.0,0.0,392.65,8.07,100.0,97411.0
20110708:0200,35.74,10.95,0.0,0.0,0.0,391.05,7.59,99.0,97402.0
20110708:0300,34.75,11.9,0.0,0.0,0.0,396.25,7.45,98.0,97421.0
20110708:0400,33.79,12.6,0.0,0.0,0.0,391.65,7.17,101.0,97440.0
20110708:0500,32.77,13.1,0.0,0.0,0.0,381.2,6.69,110.0,97518.0
20110708:0600,32.07,13.2,125.0,262.87,75.0,374.4,6.28,123.0,97576.0
20110708:0700,33.4,11.8,341.0,498.53,141.0,378.6,6.07,124.0,97634.0
20110708:0800,35.34,9.8,561.0,638.18,180.0,382.2,7.1,121.0,97683.0
20110708:0900,37.51,8.15,775.0,783.69,176.0,383.6,7.52,114.0,97741.0
20110708:1000,39.71,6.7,870.0,663.85,278.0,390.6,7.66,114.0,97760.0
20110708:1100,41.76,5.45,978.0,727.38,272.0,393.05,7.72,115.0,97760.0
20110708:1200,43.5,4.5,1019.0,764.44,258.0,400.05,7.52,114.0,97722.0
20110708:1300,44.77,4.0,943.0,657.18,309.0,406.45,7.1,113.0,97654.0
20110708:1400,45.59,3.8,624.0,201.04,447.0,408.05,6.69,111.0,97586.0
20110708:1500,45.96,3.95,695.0,579.99,261.0,410.05,6.34,107.0,97518.0
20110708:1600,45.95,4.25,533.0,604.48,184.0,410.05,6.0,103.0,97499.0
20110708:1700,45.58,4.6,322.0,503.61,131.0,409.05,5.86,97.0,97460.0
20110708:1800,44.88,5.0,110.0,274.6,64.0,406.25,5.31,92.0,97499.0
20110708:1900,42.82,5.75,0.0,0.0,0.0,401.45,4.48,85.0,97489.0
20110708:2000,40.91,6.7,0.0,0.0,0.0,397.45,4.76,78.0,97586.0
20110708:2100,39.37,7.55,0.0,0.0,0.0,394.45,5.72,73.0,97654.0
20110708:2200,38.22,7.95,0.0,0.0,0.0,391.0,6.69,74.0,97741.0
20110708:2300,37.07,8.15,0.0,0.0,0.0,387.0,6.97,75.0,97770.0
20110709:0000,35.87,8.6,0.0,0.0,0.0,382.0,6.9,74.0,97731.0
20110709:0100,34.63,9.55,0.0,0.0,0.0,377.65,6.62,72.0,97712.0
20110709:0200,33.48,10.95,0.0,0.0,0.0,373.6,6.34,68.0,97741.0
20110709:0300,32.41,12.55,0.0,0.0,0.0,370.2,6.14,67.0,97731.0
20110709:0400,31.42,14.05,0.0,0.0,0.0,367.4,5.93,65.0,97760.0
20110709:0500,30.54,15.4,0.0,0.0,0.0,364.8,5.79,64.0,97780.0
20110709:0600,30.12,16.4,131.0,312.5,72.0,362.8,5.72,61.0,97848.0
20110709:0700,31.76,15.95,347.0,537.54,132.0,364.2,5.93,63.0,97867.0
20110709:0800,34.08,14.35,569.0,674.48,167.0,369.2,6.97,63.0,97877.0
20110709:0900,36.69,12.7,770.0,768.76,183.0,377.0,7.59,65.0,97886.0
20110709:1000,39.28,11.1,930.0,835.94,185.0,387.2,7.59,66.0,97867.0
20110709:1100,41.64,9.6,1022.0,848.23,199.0,398.45,7.59,70.0,97828.0
20110709:1200,43.45,8.2,1047.0,840.94,210.0,408.85,7.24,76.0,97751.0
20110709:1300,44.69,7.0,1010.0,830.34,209.0,415.85,6.62,81.0,97654.0
20110709:1400,45.59,6.05,902.0,786.0,210.0,418.65,6.21,83.0,97576.0
20110709:1500,46.1,5.35,744.0,735.02,194.0,418.05,5.93,88.0,97518.0
20110709:1600,46.24,4.9,545.0,651.32,169.0,415.45,5.59,94.0,97489.0
20110709:1700,45.96,4.75,329.0,543.41,123.0,411.25,5.24,101.0,97470.0
20110709:1800,45.33,4.85,114.0,311.04,62.0,406.65,4.41,108.0,97470.0
20110709:1900,43.45,5.7,0.0,0.0,0.0,403.65,3.1,90.0,97450.0
20110709:2000,41.35,6.6,0.0,0.0,0.0,398.05,2.97,83.0,97537.0
20110709:2100,39.32,7.6,0.0,0.0,0.0,394.05,3.24,74.0,97586.0
20110709:2200,37.63,8.6,0.0,0.0,0.0,390.0,4.41,60.0,97615.0
20110709:2300,36.31,9.9,0.0,0.0,0.0,385.8,5.72,58.0,97663.0
20110710:0000,35.72,11.4,0.0,0.0,0.0,380.8,6.76,68.0,97625.0
20110710:0100,35.3,12.8,0.0,0.0,0.0,377.65,7.38,77.0,97615.0
20110710:0200,34.67,13.95,0.0,0.0,0.0,375.8,7.38,82.0,97605.0
20110710:0300,33.86,14.85,0.0,0.0,0.0,373.6,7.03,84.0,97625.0
20110710:0400,33.02,15.8,0.0,0.0,0.0,369.8,6.76,84.0,97663.0
20110710:0500,32.21,16.75,0.0,0.0,0.0,366.8,6.55,83.0,97683.0
20110710:0600,31.87,17.3,136.0,373.6,66.0,364.0,6.41,83.0,97741.0
20110710:0700,33.62,15.0,351.0,566.79,125.0,363.8,6.48,92.0,97770.0
20110710:0800,36.36,12.7,568.0,673.94,167.0,369.6,6.62,94.0,97819.0
20110710:0900,39.38,10.25,769.0,768.23,183.0,378.8,7.79,99.0,97819.0
20110710:1000,42.18,8.25,924.0,819.61,194.0,390.0,7.86,104.0,97857.0
20110710:1100,44.47,6.45,1011.0,816.58,219.0,401.45,7.93,110.0,97828.0
20110710:1200,45.87,5.2,1053.0,857.19,200.0,410.25,7.38,113.0,97780.0
20110710:1300,46.52,4.8,1010.0,830.42,209.0,416.05,6.34,107.0,97693.0
20110710:1400,46.85,4.65,897.0,771.27,218.0,418.45,5.66,99.0,97663.0
20110710:1500,46.95,4.6,740.0,720.37,201.0,419.65,5.38,94.0,97605.0
20110710:1600,46.81,4.6,533.0,604.67,184.0,417.65,5.1,91.0,97557.0
20110710:1700,46.43,4.65,325.0,522.64,127.0,415.05,4.97,89.0,97547.0
20110710:1800,45.77,4.85,112.0,293.82,63.0,411.25,4.48,87.0,97528.0
20110710:1900,43.21,5.05,0.0,0.0,0.0,396.65,3.59,110.0,97547.0
20110710:2000,41.23,5.8,0.0,0.0,0.0,391.85,3.72,107.0,97605.0
20110710:2100,39.44,6.5,0.0,0.0,0.0,389.2,3.86,108.0,97644.0
20110710:2200,37.91,7.25,0.0,0.0,0.0,386.6,4.21,112.0,97693.0
20110710:2300,36.66,8.05,0.0,0.0,0.0,384.4,5.03,108.0,97693.0
20110711:0000,35.88,9.25,0.0,0.0,0.0,382.2,6.41,102.0,97673.0
20110711:0100,35.43,10.75,0.0,0.0,0.0,379.45,7.52,103.0,97712.0
20110711:0200,34.68,11.55,0.0,0.0,0.0,376.8,7.31,103.0,97722.0
20110711:0300,33.77,12.0,0.0,0.0,0.0,373.6,7.1,103.0,97722.0
20110711:0400,32.93,12.2,0.0,0.0,0.0,370.4,6.76,106.0,97751.0
20110711:0500,32.03,12.5,0.0,0.0,0.0,367.6,6.07,113.0,97828.0
20110711:0600,31.33,12.9,100.0,129.1,76.0,365.0,5.03,127.0,97877.0
20110711:0700,32.91,12.05,265.0,208.81,182.0,367.4,4.14,124.0,97964.0
20110711:0800,35.25,10.7,483.0,383.85,255.0,372.6,3.86,137.0,98003.0
20110711:0900,37.38,9.75,689.0,526.24,288.0,380.4,4.07,136.0,98012.0
20110711:1000,39.4,8.8,878.0,689.81,264.0,389.4,4.34,132.0,98022.0
20110711:1100,41.21,7.9,1027.0,864.33,189.0,398.85,4.62,127.0,98032.0
20110711:1200,42.54,7.35,1041.0,825.21,220.0,406.45,4.62,122.0,97945.0
20110711:1300,43.41,7.1,1015.0,846.07,199.0,412.45,4.34,116.0,97886.0
20110711:1400,43.92,6.9,902.0,786.1,210.0,415.85,3.93,108.0,97819.0
20110711:1500,44.18,6.8,748.0,748.52,188.0,417.45,3.59,96.0,97741.0
20110711:1600,44.25,6.75,548.0,663.77,165.0,416.05,3.72,86.0,97702.0
20110711:1700,44.08,6.7,330.0,552.11,121.0,412.85,3.93,80.0,97683.0
20110711:1800,43.66,6.7,113.0,300.68,63.0,408.65,4.07,81.0,97663.0
20110711:1900,42.15,7.2,0.0,0.0,0.0,401.85,3.03,81.0,97663.0
20110711:2000,40.4,7.95,0.0,0.0,0.0,396.65,3.24,90.0,97731.0
20110711:2100,38.55,8.65,0.0,0.0,0.0,392.05,3.93,94.0,97751.0
20110711:2200,37.03,9.25,0.0,0.0,0.0,387.2,4.62,99.0,97877.0
20110711:2300,35.67,9.9,0.0,0.0,0.0,381.6,4.9,101.0,97906.0
20110712:0000,34.4,10.65,0.0,0.0,0.0,376.4,4.69,102.0,97906.0
20110712:0100,33.17,11.5,0.0,0.0,0.0,372.25,4.41,102.0,97925.0
20110712:0200,31.89,12.55,0.0,0.0,0.0,369.0,3.93,101.0,97906.0
20110712:0300,30.57,13.85,0.0,0.0,0.0,367.0,3.52,94.0,97896.0
20110712:0400,29.3,15.25,0.0,0.0,0.0,364.4,3.45,85.0,97916.0
20110712:0500,28.2,16.75,0.0,0.0,0.0,363.0,3.45,80.0,97964.0
20110712:0600,27.71,17.85,132.0,357.88,66.0,361.0,3.59,79.0,97974.0
20110712:0700,30.03,16.7,349.0,565.34,125.0,363.6,3.79,77.0,98022.0
20110712:0800,33.7,13.55,572.0,698.19,158.0,369.2,4.41,80.0,98071.0
20110712:0900,37.12,10.85,771.0,782.96,175.0,378.8,5.03,84.0,98071.0
20110712:1000,39.55,9.2,928.0,835.27,185.0,389.2,5.86,88.0,98042.0
20110712:1100,40.92,8.45,1021.0,848.16,199.0,396.65,6.62,82.0,98022.0
20110712:1200,41.92,7.45,1035.0,809.32,230.0,401.45,6.97,76.0,97954.0
20110712:1300,42.7,6.65,1020.0,862.79,188.0,402.85,6.97,72.0,97867.0
20110712:1400,43.24,6.0,902.0,786.19,210.0,403.25,6.97,69.0,97789.0
20110712:1500,43.53,5.45,748.0,748.66,188.0,401.25,7.03,68.0,97683.0
20110712:1600,43.57,5.15,545.0,651.89,169.0,398.25,7.1,68.0,97634.0
20110712:1700,43.27,5.2,0.0,0.0,0.0,394.65,7.03,69.0,97586.0
20110712:1800,42.57,5.55,114.0,319.78,61.0,391.05,6.48,72.0,97596.0
20110712:1900,40.96,7.0,0.0,0.0,0.0,391.2,4.83,67.0,97596.0
20110712:2000,39.19,8.25,0.0,0.0,0.0,389.65,4.41,66.0,97663.0
20110712:2100,37.64,9.5,0.0,0.0,0.0,388.0,4.41,68.0,97731.0
20110712:2200,36.29,10.7,0.0,0.0,0.0,386.2,4.48,69.0,97819.0
20110712:2300,35.08,11.8,0.0,0.0,0.0,383.0,4.62,74.0,97857.0
20110713:0000,34.0,12.75,0.0,0.0,0.0,379.4,4.69,80.0,97819.0
20110713:0100,33.05,13.6,0.0,0.0,0.0,376.05,4.9,83.0,97799.0
20110713:0200,32.26,14.3,0.0,0.0,0.0,372.8,5.03,83.0,97799.0
20110713:0300,31.57,15.0,0.0,0.0,0.0,370.6,5.1,82.0,97760.0
20110713:0400,30.86,15.85,0.0,0.0,0.0,367.8,4.97,81.0,97770.0
20110713:0500,30.05,16.85,0.0,0.0,0.0,365.4,4.62,79.0,97799.0
20110713:0600,29.48,17.65,132.0,366.3,65.0,364.6,4.28,81.0,97819.0
20110713:0700,30.7,16.95,351.0,584.89,120.0,365.6,3.79,84.0,97828.0
20110713:0800,34.12,13.85,586.0,763.62,134.0,372.8,4.14,88.0,97848.0
20110713:0900,37.25,11.2,779.0,811.4,162.0,382.8,4.48,90.0,97867.0
20110713:1000,39.44,9.5,932.0,850.44,176.0,393.25,5.24,92.0,97877.0
20110713:1100,40.92,9.05,1026.0,863.99,189.0,402.05,6.34,85.0,97828.0
20110713:1200,42.07,8.5,1052.0,856.79,200.0,408.05,6.97,73.0,97760.0
20110713:1300,42.95,8.05,1026.0,878.49,179.0,412.85,7.24,63.0,97693.0
20110713:1400,43.56,7.65,917.0,831.77,185.0,415.45,7.45,55.0,97605.0
20110713:1500,43.84,7.45,748.0,748.83,188.0,416.05,7.72,50.0,97547.0
20110713:1600,43.82,7.45,547.0,664.35,164.0,415.65,7.79,47.0,97499.0
20110713:1700,43.46,7.65,329.0,553.28,120.0,413.25,7.72,44.0,97460.0
20110713:1800,42.79,7.95,112.0,302.83,62.0,412.45,7.24,42.0,97470.0
20110713:1900,41.17,8.5,0.0,0.0,0.0,404.05,5.24,47.0,97440.0
20110713:2000,39.51,9.45,0.0,0.0,0.0,398.85,4.69,41.0,97499.0
20110713:2100,37.99,10.4,0.0,0.0,0.0,394.25,4.69,40.0,97566.0
20110713:2200,36.62,11.3,0.0,0.0,0.0,390.0,4.69,45.0,97615.0
20110713:2300,35.28,12.25,0.0,0.0,0.0,385.8,4.28,49.0,97615.0
20110714:0000,33.89,13.4,0.0,0.0,0.0,381.8,3.93,47.0,97586.0
20110714:0100,32.55,14.6,0.0,0.0,0.0,378.25,3.79,46.0,97586.0
20110714:0200,31.35,15.75,0.0,0.0,0.0,374.4,3.79,54.0,97596.0
20110714:0300,30.28,16.7,0.0,0.0,0.0,370.6,3.79,65.0,97576.0
20110714:0400,29.33,17.6,0.0,0.0,0.0,367.2,3.72,78.0,97596.0
20110714:0500,28.42,18.6,0.0,0.0,0.0,363.6,3.52,88.0,97615.0
20110714:0600,27.79,19.35,132.0,374.9,64.0,362.0,3.38,96.0,97625.0
20110714:0700,29.71,17.2,351.0,594.44,117.0,364.0,3.38,106.0,97663.0
20110714:0800,33.6,13.45,566.0,683.74,162.0,370.0,3.31,110.0,97722.0
20110714:0900,37.2,10.8,769.0,781.98,175.0,379.8,3.72,117.0,97712.0
20110714:1000,40.11,9.55,926.0,834.12,185.0,391.45,4.55,119.0,97693.0
20110714:1100,41.79,9.1,1014.0,832.34,208.0,401.65,6.34,105.0,97673.0
20110714:1200,42.71,8.4,1052.0,857.02,200.0,408.45,6.55,97.0,97634.0
20110714:1300,43.39,7.95,993.0,785.3,236.0,413.05,6.48,92.0,97605.0
20110714:1400,43.86,7.45,941.0,910.36,140.0,415.45,6.21,89.0,97508.0
20110714:1500,44.12,7.1,748.0,749.06,188.0,418.05,5.93,86.0,97470.0
20110714:1600,44.14,6.85,570.0,763.66,130.0,418.65,5.79,85.0,97411.0
20110714:1700,43.91,6.8,332.0,572.56,116.0,413.65,5.52,85.0,97421.0
20110714:1800,43.35,7.0,116.0,352.78,58.0,407.45,4.83,87.0,97392.0
20110714:1900,41.99,7.5,0.0,0.0,0.0,412.05,3.66,74.0,97431.0
20110714:2000,40.38,8.4,0.0,0.0,0.0,415.25,3.45,62.0,97470.0
20110714:2100,38.66,9.4,0.0,0.0,0.0,400.05,3.72,59.0,97537.0
20110714:2200,37.0,10.45,0.0,0.0,0.0,391.0,3.86,59.0,97615.0
20110714:2300,35.48,11.45,0.0,0.0,0.0,385.4,4.0,57.0,97663.0
20110715:0000,34.16,12.45,0.0,0.0,0.0,380.8,4.34,51.0,97663.0
20110715:0100,33.09,13.4,0.0,0.0,0.0,376.45,4.83,47.0,97634.0
20110715:0200,32.25,14.25,0.0,0.0,0.0,372.4,5.1,47.0,97615.0
20110715:0300,31.47,15.05,0.0,0.0,0.0,369.4,5.38,50.0,97615.0
20110715:0400,30.72,15.7,0.0,0.0,0.0,366.0,5.45,57.0,97663.0
20110715:0500,29.95,16.1,0.0,0.0,0.0,363.0,5.31,66.0,97722.0
20110715:0600,29.49,16.25,115.0,244.67,71.0,360.2,5.03,75.0,97751.0
20110715:0700,30.8,14.45,255.0,191.16,180.0,363.0,4.21,86.0,97819.0
20110715:0800,34.02,11.95,420.0,235.67,281.0,369.2,4.07,90.0,97867.0
20110715:0900,37.35,9.9,598.0,318.93,356.0,379.6,4.0,96.0,97886.0
20110715:1000,40.01,8.65,680.0,273.72,437.0,391.25,4.14,107.0,97906.0
20110715:1100,42.2,7.9,787.0,334.73,463.0,402.65,4.9,121.0,97916.0
20110715:1200,43.73,7.1,851.0,405.49,448.0,411.85,5.86,117.0,97848.0
20110715:1300,44.4,6.7,877.0,508.43,387.0,417.25,5.66,103.0,97780.0
20110715:1400,44.75,6.5,773.0,456.99,371.0,420.05,5.24,94.0,97722.0
20110715:1500,44.86,6.4,567.0,278.32,359.0,422.65,4.83,88.0,97693.0
20110715:1600,44.78,6.35,391.0,196.26,278.0,419.45,4.41,84.0,97634.0
20110715:1700,44.63,6.3,254.0,220.34,171.0,415.85,4.21,79.0,97615.0
20110715:1800,44.2,6.5,101.0,220.0,65.0,430.85,3.79,79.0,97615.0
20110715:1900,42.81,7.2,0.0,0.0,0.0,432.85,3.03,68.0,97615.0
20110715:2000,41.38,7.8,0.0,0.0,0.0,418.25,2.76,63.0,97722.0
20110715:2100,39.65,8.85,0.0,0.0,0.0,410.05,3.45,57.0,97789.0
20110715:2200,37.98,9.95,0.0,0.0,0.0,403.05,4.41,55.0,97819.0
20110715:2300,36.71,10.85,0.0,0.0,0.0,393.25,5.03,59.0,97857.0
20110716:0000,35.79,11.5,0.0,0.0,0.0,387.65,5.38,66.0,97848.0
20110716:0100,35.03,11.85,0.0,0.0,0.0,387.65,5.38,74.0,97819.0
20110716:0200,34.23,12.3,0.0,0.0,0.0,383.0,5.45,81.0,97819.0
20110716:0300,33.34,12.95,0.0,0.0,0.0,377.4,5.45,84.0,97799.0
20110716:0400,32.48,13.65,0.0,0.0,0.0,375.0,5.45,85.0,97848.0
20110716:0500,31.73,14.25,0.0,0.0,0.0,372.2,5.38,87.0,97848.0
20110716:0600,31.33,14.4,105.0,185.12,72.0,370.6,5.24,90.0,97886.0
20110716:0700,33.38,12.65,278.0,268.53,173.0,371.6,5.52,96.0,97954.0
20110716:0800,36.34,10.5,509.0,477.29,228.0,377.8,5.66,98.0,97983.0
20110716:0900,39.42,8.7,739.0,683.41,221.0,386.4,6.14,103.0,98022.0
20110716:1000,41.97,7.5,910.0,789.04,210.0,397.65,6.14,109.0,98022.0
20110716:1100,43.44,7.2,1014.0,832.03,209.0,408.05,6.14,105.0,97983.0
20110716:1200,44.16,6.9,1040.0,825.32,220.0,415.85,4.76,95.0,97954.0
20110716:1300,44.41,6.85,998.0,800.21,227.0,425.65,3.86,82.0,97857.0
20110716:1400,44.63,6.85,877.0,714.11,249.0,427.05,3.38,69.0,97799.0
20110716:1500,44.85,6.8,620.0,388.21,330.0,425.25,3.31,56.0,97741.0
20110716:1600,44.85,6.9,569.0,764.78,129.0,424.45,3.66,48.0,97693.0
20110716:1700,44.48,7.1,186.0,61.16,163.0,423.25,3.72,44.0,97644.0
20110716:1800,43.91,7.35,78.0,86.0,64.0,418.25,3.38,36.0,97634.0
20110716:1900,42.48,7.6,0.0,0.0,0.0,413.25,3.66,38.0,97634.0
20110716:2000,40.83,8.45,0.0,0.0,0.0,402.65,3.52,35.0,97693.0
20110716:2100,39.2,9.4,0.0,0.0,0.0,398.65,3.52,31.0,97751.0
20110716:2200,37.61,10.45,0.0,0.0,0.0,395.6,3.72,28.0,97789.0
20110716:2300,36.23,11.4,0.0,0.0,0.0,392.65,4.07,25.0,97799.0
20110717:0000,34.96,12.4,0.0,0.0,0.0,388.8,4.48,31.0,97780.0
20110717:0100,33.8,13.45,0.0,0.0,0.0,385.45,4.83,47.0,97751.0
20110717:0200,32.98,14.15,0.0,0.0,0.0,381.2,4.9,66.0,97741.0
20110717:0300,32.4,14.35,0.0,0.0,0.0,377.8,4.83,82.0,97751.0
20110717:0400,31.67,14.6,0.0,0.0,0.0,374.2,4.62,92.0,97741.0
20110717:0500,30.82,15.25,0.0,0.0,0.0,370.8,4.48,98.0,97780.0
20110717:0600,30.27,15.8,125.0,350.93,63.0,368.4,4.34,105.0,97809.0
20110717:0700,31.8,14.75,343.0,569.7,121.0,371.0,4.14,113.0,97848.0
20110717:0800,34.84,12.5,560.0,670.46,166.0,375.8,4.34,125.0,97906.0
20110717:0900,37.76,10.65,767.0,780.58,176.0,384.8,4.97,135.0,97886.0
20110717:1000,40.36,9.1,924.0,834.71,184.0,395.45,5.03,144.0,97886.0
20110717:1100,42.33,8.0,1024.0,863.44,189.0,406.25,4.83,147.0,97886.0
20110717:1200,43.38,7.65,1051.0,856.81,200.0,415.45,3.66,144.0,97857.0
20110717:1300,43.83,7.55,1020.0,862.72,189.0,422.25,2.28,137.0,97760.0
20110717:1400,44.05,7.5,911.0,816.72,193.0,425.25,1.31,118.0,97712.0
20110717:1500,44.2,7.3,747.0,748.68,188.0,429.65,0.9,79.0,97644.0
20110717:1600,44.22,7.2,540.0,640.2,172.0,423.85,0.97,39.0,97586.0
20110717:1700,44.09,7.15,324.0,530.16,125.0,420.05,1.31,21.0,97528.0
20110717:1800,43.78,7.2,113.0,339.81,58.0,414.05,1.59,13.0,97528.0
20110717:1900,42.81,7.65,0.0,0.0,0.0,408.25,1.79,9.0,97499.0
20110717:2000,41.5,8.45,0.0,0.0,0.0,403.65,2.21,7.0,97557.0
20110717:2100,39.66,9.6,0.0,0.0,0.0,400.05,2.48,18.0,97615.0
20110717:2200,37.76,10.85,0.0,0.0,0.0,396.85,2.76,32.0,97615.0
20110717:2300,36.02,12.0,0.0,0.0,0.0,393.6,2.97,43.0,97605.0
20110718:0000,34.49,13.1,0.0,0.0,0.0,390.05,3.17,49.0,97547.0
20110718:0100,33.15,14.2,0.0,0.0,0.0,387.05,3.17,53.0,97528.0
20110718:0200,32.01,15.15,0.0,0.0,0.0,383.2,3.38,61.0,97499.0
20110718:0300,31.02,16.0,0.0,0.0,0.0,379.4,3.79,75.0,97479.0
20110718:0400,30.02,16.95,0.0,0.0,0.0,374.8,3.93,88.0,97479.0
20110718:0500,29.1,17.8,0.0,0.0,0.0,371.2,4.07,100.0,97479.0
20110718:0600,28.94,17.85,119.0,308.45,65.0,368.4,4.48,113.0,97528.0
20110718:0700,31.41,15.15,322.0,460.95,143.0,370.8,4.76,126.0,97547.0
20110718:0800,35.29,11.75,537.0,584.75,194.0,376.6,5.38,136.0,97615.0
20110718:0900,38.88,9.3,749.0,724.59,201.0,385.8,6.14,143.0,97625.0
20110718:1000,41.59,7.85,904.0,774.34,218.0,396.65,6.83,150.0,97693.0
20110718:1100,43.32,7.05,1002.0,800.74,228.0,406.65,6.62,159.0,97702.0
20110718:1200,44.37,6.7,1034.0,809.77,230.0,414.65,5.66,166.0,97673.0
20110718:1300,44.96,6.5,1003.0,815.23,218.0,420.25,4.69,173.0,97596.0
20110718:1400,45.23,6.45,901.0,786.3,210.0,423.25,3.79,182.0,97528.0
20110718:1500,45.29,6.4,739.0,720.95,201.0,423.65,3.1,195.0,97450.0
20110718:1600,45.17,6.4,527.0,592.07,187.0,422.45,2.69,209.0,97411.0
20110718:1700,44.89,6.5,316.0,491.2,132.0,418.45,2.55,221.0,97363.0
20110718:1800,44.42,6.65,106.0,279.77,61.0,414.05,2.62,231.0,97334.0
20110718:1900,42.78,7.4,0.0,0.0,0.0,407.85,2.76,248.0,97353.0
20110718:2000,41.21,8.2,0.0,0.0,0.0,403.45,2.83,249.0,97411.0
20110718:2100,39.63,9.05,0.0,0.0,0.0,399.45,2.9,246.0,97450.0
20110718:2200,38.06,10.05,0.0,0.0,0.0,395.45,2.9,240.0,97440.0
20110718:2300,36.54,11.0,0.0,0.0,0.0,391.6,3.03,234.0,97450.0
20110719:0000,35.13,11.95,0.0,0.0,0.0,387.85,3.17,228.0,97353.0
20110719:0100,33.76,12.9,0.0,0.0,0.0,384.45,3.17,218.0,97314.0
20110719:0200,32.41,14.05,0.0,0.0,0.0,380.8,2.97,208.0,97285.0
20110719:0300,31.21,15.1,0.0,0.0,0.0,377.2,2.97,176.0,97256.0
20110719:0400,30.02,16.05,0.0,0.0,0.0,372.8,3.66,140.0,97295.0
20110719:0500,28.48,17.75,0.0,0.0,0.0,369.8,3.45,132.0,97343.0
20110719:0600,27.17,20.1,115.0,282.5,66.0,365.6,2.21,166.0,97421.0
20110719:0700,30.44,16.45,330.0,509.08,133.0,376.6,1.17,211.0,97508.0
20110719:0800,32.96,13.95,560.0,681.49,161.0,374.8,1.45,237.0,97537.0
20110719:0900,36.09,11.25,761.0,766.44,182.0,384.0,1.59,192.0,97566.0
20110719:1000,38.98,9.15,918.0,818.95,193.0,393.85,2.41,173.0,97508.0
20110719:1100,41.63,7.55,1012.0,832.19,208.0,403.25,3.1,171.0,97508.0
20110719:1200,43.54,6.7,1039.0,825.19,220.0,411.65,3.31,179.0,97450.0
20110719:1300,44.5,6.7,1003.0,815.51,218.0,418.05,2.48,195.0,97411.0
20110719:1400,44.98,6.5,906.0,801.43,202.0,422.45,2.14,213.0,97353.0
20110719:1500,45.21,6.0,746.0,748.23,188.0,422.45,2.0,218.0,97305.0
20110719:1600,45.18,5.75,536.0,627.58,176.0,420.05,1.72,229.0,97266.0
20110719:1700,44.96,5.75,319.0,511.03,128.0,416.45,1.52,240.0,97247.0
20110719:1800,44.56,5.85,103.0,256.63,62.0,411.65,1.38,252.0,97237.0
20110719:1900,43.94,6.0,0.0,0.0,0.0,404.25,1.17,278.0,97227.0
20110719:2000,42.14,9.25,0.0,0.0,0.0,401.05,1.1,294.0,97305.0
20110719:2100,40.78,8.5,0.0,0.0,0.0,397.85,1.03,306.0,97334.0
20110719:2200,39.92,8.35,0.0,0.0,0.0,394.25,1.24,303.0,97276.0
20110719:2300,36.94,10.3,0.0,0.0,0.0,390.45,2.07,290.0,97256.0
20110720:0000,34.85,11.15,0.0,0.0,0.0,384.8,3.38,294.0,97256.0
20110720:0100,33.26,11.7,0.0,0.0,0.0,379.25,3.93,308.0,97227.0
20110720:0200,32.02,11.8,0.0,0.0,0.0,374.4,4.14,333.0,97247.0
20110720:0300,31.06,11.85,0.0,0.0,0.0,371.2,4.21,350.0,97256.0
20110720:0400,30.42,11.85,0.0,0.0,0.0,372.0,4.28,354.0,97295.0
20110720:0500,29.69,11.95,0.0,0.0,0.0,372.2,4.21,346.0,97305.0
20110720:0600,28.76,12.2,113.0,273.55,66.0,360.0,4.0,333.0,97353.0
20110720:0700,29.35,14.35,323.0,479.76,138.0,369.8,2.41,13.0,97421.0
20110720:0800,32.6,11.75,544.0,619.46,182.0,373.0,1.45,2.0,97460.0
20110720:0900,35.1,9.85,743.0,710.32,207.0,381.2,1.03,356.0,97489.0
20110720:1000,37.65,8.35,898.0,758.51,227.0,385.8,1.03,54.0,97479.0
20110720:1100,40.21,7.1,995.0,786.0,236.0,393.8,1.31,91.0,97470.0
20110720:1200,42.34,6.25,1022.0,779.15,249.0,401.45,1.31,112.0,97392.0
20110720:1300,44.04,5.6,997.0,800.23,227.0,410.25,1.38,134.0,97343.0
20110720:1400,45.14,5.15,891.0,757.38,226.0,415.05,1.38,155.0,97285.0
20110720:1500,45.74,4.8,734.0,707.15,207.0,416.45,1.38,178.0,97227.0
20110720:1600,45.9,4.65,532.0,616.12,179.0,414.85,1.38,210.0,97208.0
20110720:1700,45.77,4.6,318.0,509.59,128.0,413.25,1.93,246.0,97188.0
20110720:1800,45.38,4.7,106.0,290.03,60.0,409.45,3.03,267.0,97150.0
20110720:1900,43.56,5.2,0.0,0.0,0.0,400.25,4.41,270.0,97179.0
20110720:2000,41.74,5.85,0.0,0.0,0.0,396.0,5.59,277.0,97237.0
20110720:2100,40.16,6.85,0.0,0.0,0.0,391.4,6.41,283.0,97305.0
20110720:2200,38.71,8.2,0.0,0.0,0.0,387.0,6.55,290.0,97363.0
20110720:2300,37.34,9.25,0.0,0.0,0.0,383.4,6.21,297.0,97402.0
20110721:0000,36.03,10.0,0.0,0.0,0.0,379.4,5.79,301.0,97392.0
20110721:0100,34.76,10.55,0.0,0.0,0.0,375.85,5.52,304.0,97314.0
20110721:0200,33.54,11.05,0.0,0.0,0.0,371.2,5.17,311.0,97314.0
20110721:0300,32.35,11.5,0.0,0.0,0.0,367.4,4.9,322.0,97295.0
20110721:0400,31.25,12.0,0.0,0.0,0.0,363.2,4.83,329.0,97363.0
20110721:0500,30.29,12.45,0.0,0.0,0.0,359.8,4.83,326.0,97382.0
20110721:0600,29.62,12.65,118.0,329.08,62.0,356.0,4.83,315.0,97421.0
20110721:0700,30.82,11.7,332.0,536.13,126.0,356.6,4.28,319.0,97479.0
20110721:0800,33.48,10.0,552.0,654.92,170.0,360.2,4.83,314.0,97518.0
20110721:0900,36.28,8.5,751.0,737.67,195.0,367.6,5.31,314.0,97528.0
20110721:1000,38.94,7.25,907.0,788.49,210.0,376.4,5.52,313.0,97479.0
20110721:1100,41.22,6.3,1000.0,800.92,227.0,386.2,5.59,311.0,97528.0
20110721:1200,42.9,5.75,1027.0,794.6,239.0,395.25,5.79,307.0,97440.0
20110721:1300,44.08,5.5,1002.0,816.16,217.0,401.85,5.93,301.0,97421.0
20110721:1400,44.76,5.4,900.0,786.26,210.0,406.45,6.07,294.0,97334.0
20110721:1500,45.02,5.35,741.0,734.55,194.0,408.05,6.14,289.0,97314.0
20110721:1600,44.89,5.45,535.0,627.42,176.0,408.05,6.14,284.0,97305.0
20110721:1700,44.34,5.7,320.0,529.76,123.0,405.65,6.28,281.0,97305.0
20110721:1800,43.39,6.15,104.0,279.6,60.0,402.45,6.07,280.0,97314.0
20110721:1900,41.59,6.95,0.0,0.0,0.0,397.25,5.24,284.0,97363.0
20110721:2000,39.8,8.0,0.0,0.0,0.0,392.45,4.97,287.0,97411.0
20110721:2100,38.27,9.05,0.0,0.0,0.0,388.4,4.69,291.0,97479.0
20110721:2200,36.86,10.1,0.0,0.0,0.0,385.0,4.41,297.0,97489.0
20110721:2300,35.49,11.1,0.0,0.0,0.0,381.8,4.28,301.0,97479.0
20110722:0000,34.21,12.05,0.0,0.0,0.0,378.4,4.41,304.0,97460.0
20110722:0100,33.01,12.9,0.0,0.0,0.0,374.65,4.41,307.0,97450.0
20110722:0200,31.83,13.75,0.0,0.0,0.0,371.0,4.48,312.0,97402.0
20110722:0300,30.73,14.5,0.0,0.0,0.0,367.0,4.41,317.0,97411.0
20110722:0400,29.67,15.3,0.0,0.0,0.0,363.4,4.41,321.0,97440.0
20110722:0500,28.68,16.2,0.0,0.0,0.0,359.8,4.28,325.0,97499.0
20110722:0600,27.96,17.15,109.0,261.11,65.0,356.8,4.07,330.0,97528.0
20110722:0700,29.46,16.25,318.0,467.54,139.0,360.2,3.66,329.0,97615.0
20110722:0800,32.17,14.75,535.0,594.34,189.0,364.8,4.41,329.0,97654.0
20110722:0900,34.72,13.9,737.0,696.02,213.0,372.8,4.83,329.0,97693.0
20110722:1000,37.1,12.95,896.0,758.51,226.0,382.8,4.97,327.0,97722.0
20110722:1100,39.11,11.85,1000.0,801.35,227.0,393.65,4.76,321.0,97731.0
20110722:1200,40.72,10.9,1027.0,793.95,240.0,403.85,4.48,313.0,97693.0
20110722:1300,41.96,10.05,997.0,800.92,227.0,411.05,4.21,302.0,97644.0
20110722:1400,42.86,9.35,890.0,757.06,226.0,416.45,4.21,289.0,97596.0
20110722:1500,43.34,8.9,733.0,706.95,207.0,418.65,4.34,279.0,97557.0
20110722:1600,43.41,8.75,528.0,603.81,183.0,418.05,4.34,273.0,97566.0
20110722:1700,43.14,8.85,311.0,480.02,133.0,415.65,4.21,269.0,97537.0
20110722:1800,42.55,9.15,99.0,243.51,61.0,411.05,3.86,265.0,97557.0
20110722:1900,41.33,9.95,0.0,0.0,0.0,406.45,2.76,258.0,97576.0
20110722:2000,39.86,10.95,0.0,0.0,0.0,401.45,2.69,257.0,97644.0
20110722:2100,38.36,12.1,0.0,0.0,0.0,396.85,2.76,260.0,97712.0
20110722:2200,36.75,13.35,0.0,0.0,0.0,393.4,2.9,270.0,97731.0
20110722:2300,35.23,14.65,0.0,0.0,0.0,389.45,3.17,281.0,97770.0
20110723:0000,33.81,15.95,0.0,0.0,0.0,385.8,3.45,295.0,97731.0
20110723:0100,32.52,17.15,0.0,0.0,0.0,381.25,3.72,308.0,97712.0
20110723:0200,31.4,17.9,0.0,0.0,0.0,376.4,4.07,316.0,97683.0
20110723:0300,30.41,18.05,0.0,0.0,0.0,371.4,4.34,320.0,97663.0
20110723:0400,29.54,18.0,0.0,0.0,0.0,367.0,4.55,324.0,97712.0
20110723:0500,28.71,18.4,0.0,0.0,0.0,363.2,4.55,331.0,97731.0
20110723:0600,28.16,18.95,106.0,245.75,65.0,359.4,4.41,337.0,97789.0
20110723:0700,29.81,17.4,324.0,503.33,132.0,362.2,4.14,340.0,97857.0
20110723:0800,32.68,14.85,555.0,679.81,160.0,366.8,4.41,346.0,97886.0
20110723:0900,35.46,12.65,749.0,736.72,195.0,374.2,4.28,354.0,97945.0
20110723:1000,37.71,10.65,906.0,787.42,211.0,383.6,3.79,5.0,97916.0
20110723:1100,39.47,9.15,1016.0,847.44,199.0,393.05,2.83,6.0,97935.0
20110723:1200,40.61,8.45,1038.0,825.61,220.0,402.45,1.31,351.0,97935.0
20110723:1300,41.52,8.0,1007.0,831.49,208.0,409.45,0.9,274.0,97877.0
20110723:1400,42.46,7.55,899.0,787.19,209.0,412.65,1.93,260.0,97819.0
20110723:1500,43.13,7.15,744.0,747.95,188.0,412.85,2.76,264.0,97770.0
20110723:1600,43.43,6.85,533.0,625.78,176.0,410.85,3.31,264.0,97760.0
20110723:1700,43.29,6.85,313.0,497.71,129.0,407.85,3.59,264.0,97731.0
20110723:1800,42.79,7.05,99.0,252.18,60.0,403.65,3.66,264.0,97722.0
20110723:1900,41.48,7.6,0.0,0.0,0.0,397.85,2.41,273.0,97712.0
20110723:2000,40.17,8.4,0.0,0.0,0.0,393.25,2.21,268.0,97780.0
20110723:2100,38.38,9.8,0.0,0.0,0.0,389.2,2.14,265.0,97838.0
20110723:2200,36.36,11.7,0.0,0.0,0.0,386.0,2.07,263.0,97819.0
20110723:2300,34.68,12.85,0.0,0.0,0.0,383.2,2.34,267.0,97848.0
20110724:0000,33.25,13.7,0.0,0.0,0.0,381.0,2.69,276.0,97809.0
20110724:0100,32.05,14.4,0.0,0.0,0.0,379.25,3.1,288.0,97741.0
20110724:0200,31.01,14.95,0.0,0.0,0.0,374.2,3.66,297.0,97731.0
20110724:0300,30.23,15.25,0.0,0.0,0.0,375.0,4.28,306.0,97722.0
20110724:0400,29.92,14.8,0.0,0.0,0.0,386.2,5.1,314.0,97731.0
20110724:0500,29.65,13.85,0.0,0.0,0.0,389.0,5.52,323.0,97770.0
20110724:0600,29.69,12.7,84.0,108.99,66.0,398.05,5.24,333.0,97770.0
20110724:0700,30.88,11.4,333.0,563.06,119.0,397.65,4.21,346.0,97857.0
20110724:0800,33.21,9.55,527.0,570.77,196.0,378.4,4.14,356.0,97886.0
20110724:0900,35.9,7.9,736.0,694.98,214.0,376.6,4.07,3.0,97906.0
20110724:1000,38.26,6.75,895.0,758.55,226.0,388.2,3.72,5.0,97877.0
20110724:1100,40.21,5.9,993.0,785.66,236.0,401.85,3.17,359.0,97867.0
20110724:1200,41.74,5.2,1020.0,779.57,248.0,395.65,2.97,351.0,97789.0
20110724:1300,42.78,4.45,990.0,785.07,236.0,400.45,2.97,338.0,97741.0
20110724:1400,43.5,4.05,889.0,756.89,226.0,402.45,3.03,326.0,97654.0
20110724:1500,43.94,3.85,727.0,693.48,212.0,403.45,3.03,317.0,97586.0
20110724:1600,44.02,3.9,526.0,602.24,183.0,402.65,2.9,310.0,97537.0
20110724:1700,43.81,4.05,312.0,496.62,129.0,401.05,2.76,303.0,97499.0
20110724:1800,43.34,4.2,99.0,261.14,59.0,397.85,2.62,296.0,97489.0
20110724:1900,42.04,4.65,0.0,0.0,0.0,392.8,2.34,278.0,97479.0
20110724:2000,40.51,5.25,0.0,0.0,0.0,389.4,2.41,274.0,97528.0
20110724:2100,38.56,6.2,0.0,0.0,0.0,385.8,2.41,269.0,97566.0
20110724:2200,36.53,7.5,0.0,0.0,0.0,382.8,2.34,263.0,97663.0
20110724:2300,34.76,8.5,0.0,0.0,0.0,380.0,2.41,257.0,97654.0
20110725:0000,33.15,9.3,0.0,0.0,0.0,377.4,2.55,260.0,97557.0
20110725:0100,31.87,9.7,0.0,0.0,0.0,374.45,3.03,271.0,97508.0
20110725:0200,30.85,10.15,0.0,0.0,0.0,371.6,3.79,285.0,97470.0
20110725:0300,29.83,10.7,0.0,0.0,0.0,368.6,4.21,298.0,97470.0
20110725:0400,29.21,10.2,0.0,0.0,0.0,364.2,4.62,311.0,97508.0
20110725:0500,28.72,9.05,0.0,0.0,0.0,359.8,4.9,319.0,97518.0
20110725:0600,28.39,8.4,108.0,281.4,62.0,356.6,4.97,327.0,97528.0
20110725:0700,30.15,7.7,312.0,454.23,140.0,360.8,5.03,337.0,97576.0
20110725:0800,33.18,6.45,538.0,616.8,181.0,364.6,5.52,339.0,97557.0
20110725:0900,36.24,5.95,739.0,709.13,207.0,370.4,5.93,336.0,97566.0
20110725:1000,38.82,5.65,894.0,758.02,226.0,380.4,5.79,334.0,97547.0
20110725:1100,40.81,5.05,999.0,800.66,228.0,388.4,5.79,332.0,97547.0
20110725:1200,42.13,4.5,1026.0,794.12,240.0,394.65,5.17,329.0,97489.0
20110725:1300,43.13,4.15,1001.0,815.72,218.0,399.45,4.62,319.0,97431.0
20110725:1400,43.92,4.05,888.0,757.44,225.0,402.85,4.48,304.0,97373.0
20110725:1500,44.4,4.0,735.0,721.19,200.0,403.85,4.76,292.0,97305.0
20110725:1600,44.53,4.05,528.0,613.86,179.0,404.05,5.17,286.0,97276.0
20110725:1700,44.25,4.05,316.0,525.57,123.0,401.85,5.38,282.0,97256.0
20110725:1800,43.54,4.05,97.0,257.22,58.0,397.45,4.83,280.0,97256.0
20110725:1900,41.7,4.5,0.0,0.0,0.0,392.25,3.17,272.0,97256.0
20110725:2000,39.95,5.0,0.0,0.0,0.0,386.6,3.1,262.0,97295.0
20110725:2100,38.15,5.55,0.0,0.0,0.0,381.2,3.17,260.0,97343.0
20110725:2200,36.31,6.15,0.0,0.0,0.0,376.0,3.31,266.0,97373.0
20110725:2300,34.49,6.7,0.0,0.0,0.0,370.2,3.45,274.0,97353.0
20110726:0000,32.83,7.25,0.0,0.0,0.0,364.8,3.52,282.0,97334.0
20110726:0100,31.29,7.8,0.0,0.0,0.0,360.05,3.59,289.0,97285.0
20110726:0200,29.87,8.45,0.0,0.0,0.0,356.0,3.59,297.0,97285.0
20110726:0300,28.49,9.2,0.0,0.0,0.0,352.4,3.66,309.0,97295.0
20110726:0400,27.06,10.75,0.0,0.0,0.0,348.4,3.52,324.0,97343.0
20110726:0500,25.7,13.35,0.0,0.0,0.0,344.8,3.24,342.0,97382.0
20110726:0600,24.87,16.7,109.0,302.9,60.0,342.8,3.38,3.0,97421.0
20110726:0700,27.4,16.5,321.0,511.59,128.0,348.8,3.86,23.0,97499.0
20110726:0800,31.05,15.55,537.0,616.28,181.0,352.6,5.03,43.0,97537.0
20110726:0900,34.49,15.65,738.0,708.65,207.0,363.2,5.38,51.0,97566.0
20110726:1000,37.71,15.1,894.0,758.64,226.0,376.2,5.45,54.0,97596.0
20110726:1100,40.38,12.45,992.0,785.57,236.0,391.6,4.97,57.0,97596.0
20110726:1200,42.12,9.9,1014.0,764.23,258.0,404.65,4.14,48.0,97576.0
20110726:1300,43.13,8.35,989.0,784.94,236.0,413.05,3.45,32.0,97518.0
20110726:1400,43.73,7.6,888.0,756.89,226.0,417.05,2.97,13.0,97489.0
20110726:1500,44.07,7.25,726.0,693.68,212.0,417.45,3.03,355.0,97450.0
20110726:1600,44.11,7.15,527.0,613.27,179.0,415.85,3.38,345.0,97411.0
20110726:1700,43.84,7.25,315.0,524.77,123.0,412.05,3.52,341.0,97402.0
20110726:1800,43.23,7.65,97.0,266.69,57.0,407.05,3.38,338.0,97421.0
20110726:1900,41.79,8.9,0.0,0.0,0.0,404.65,3.1,15.0,97411.0
20110726:2000,40.12,10.2,0.0,0.0,0.0,399.65,3.17,12.0,97508.0
20110726:2100,38.42,11.85,0.0,0.0,0.0,396.25,3.59,13.0,97557.0
20110726:2200,36.96,13.95,0.0,0.0,0.0,393.65,4.14,18.0,97654.0
20110726:2300,35.9,16.6,0.0,0.0,0.0,392.0,4.9,35.0,97673.0
20110727:0000,35.27,19.2,0.0,0.0,0.0,390.8,6.14,59.0,97654.0
20110727:0100,34.54,21.7,0.0,0.0,0.0,389.05,6.76,73.0,97663.0
20110727:0200,33.57,23.2,0.0,0.0,0.0,385.4,6.9,76.0,97663.0
20110727:0300,32.68,23.75,0.0,0.0,0.0,380.8,6.97,80.0,97693.0
20110727:0400,31.88,24.0,0.0,0.0,0.0,377.4,7.1,84.0,97712.0
20110727:0500,31.18,24.5,0.0,0.0,0.0,374.2,7.03,88.0,97789.0
20110727:0600,30.74,25.2,105.0,281.14,60.0,372.2,6.83,92.0,97809.0
20110727:0700,32.21,22.75,323.0,529.47,124.0,374.4,6.62,90.0,97877.0
20110727:0800,34.57,20.55,542.0,640.05,173.0,381.0,7.38,93.0,97925.0
20110727:0900,37.28,18.2,749.0,749.59,188.0,391.05,7.1,96.0,97945.0
20110727:1000,39.87,15.8,913.0,817.23,194.0,403.65,6.62,101.0,97886.0
20110727:1100,41.79,13.6,1008.0,831.82,208.0,415.85,5.45,103.0,97896.0
20110727:1200,43.04,11.5,1031.0,810.19,230.0,427.05,4.14,100.0,97867.0
20110727:1300,43.91,10.1,1011.0,846.98,199.0,433.65,3.17,89.0,97789.0
20110727:1400,44.4,9.2,897.0,786.12,210.0,443.25,2.28,70.0,97722.0
20110727:1500,44.63,8.55,741.0,748.58,187.0,438.25,1.86,37.0,97693.0
20110727:1600,44.89,7.85,532.0,637.47,171.0,435.65,2.69,360.0,97673.0
20110727:1700,44.7,7.6,312.0,515.84,124.0,431.85,4.0,346.0,97683.0
20110727:1800,44.14,7.85,98.0,290.01,55.0,425.65,4.14,345.0,97663.0
20110727:1900,42.87,8.05,0.0,0.0,0.0,411.85,3.1,0.0,97702.0
20110727:2000,41.32,8.95,0.0,0.0,0.0,407.25,2.83,16.0,97741.0
20110727:2100,39.63,10.0,0.0,0.0,0.0,402.85,2.69,29.0,97838.0
20110727:2200,37.75,11.2,0.0,0.0,0.0,399.45,2.9,43.0,97896.0
20110727:2300,35.97,12.25,0.0,0.0,0.0,395.85,3.1,62.0,97877.0
20110728:0000,34.48,12.9,0.0,0.0,0.0,391.85,3.38,78.0,97848.0
20110728:0100,33.52,13.0,0.0,0.0,0.0,387.45,3.72,92.0,97828.0
20110728:0200,32.97,13.1,0.0,0.0,0.0,384.2,4.34,104.0,97799.0
20110728:0300,32.5,13.95,0.0,0.0,0.0,380.8,4.97,113.0,97799.0
20110728:0400,31.9,15.85,0.0,0.0,0.0,377.4,5.03,117.0,97828.0
20110728:0500,31.14,17.7,0.0,0.0,0.0,375.2,4.83,119.0,97857.0
20110728:0600,30.54,18.85,103.0,271.54,60.0,372.8,4.48,120.0,97857.0
20110728:0700,31.72,17.7,317.0,499.43,130.0,374.8,3.72,125.0,97916.0
20110728:0800,34.94,14.8,540.0,639.58,172.0,380.2,3.45,133.0,97964.0
20110728:0900,38.26,12.35,740.0,721.07,201.0,389.8,3.17,144.0,97983.0
20110728:1000,41.1,10.65,897.0,772.41,218.0,401.45,2.9,155.0,97983.0
20110728:1100,43.28,9.2,997.0,801.15,227.0,413.85,2.55,163.0,97983.0
20110728:1200,44.51,8.0,1019.0,779.31,249.0,424.25,1.52,182.0,97925.0
20110728:1300,45.13,7.35,988.0,784.93,236.0,432.05,0.97,272.0,97857.0
20110728:1400,45.74,6.9,877.0,728.42,241.0,434.65,2.07,310.0,97780.0
20110728:1500,45.94,6.55,720.0,679.2,218.0,437.05,2.55,322.0,97712.0
20110728:1600,46.02,6.35,522.0,601.67,182.0,429.65,2.9,331.0,97663.0
20110728:1700,45.77,6.3,308.0,504.19,125.0,425.05,3.03,335.0,97605.0
20110728:1800,45.24,6.5,95.0,266.26,56.0,418.45,2.9,333.0,97634.0
20110728:1900,43.94,7.1,0.0,0.0,0.0,411.25,2.14,323.0,97615.0
20110728:2000,42.49,8.35,0.0,0.0,0.0,407.05,1.38,332.0,97693.0
20110728:2100,41.88,8.3,0.0,0.0,0.0,402.85,0.55,43.0,97712.0
20110728:2200,39.18,10.55,0.0,0.0,0.0,398.65,1.52,110.0,97799.0
20110728:2300,37.07,11.8,0.0,0.0,0.0,394.85,2.0,125.0,97789.0
20110729:0000,37.86,10.8,0.0,0.0,0.0,390.8,1.38,127.0,97731.0
20110729:0100,37.81,10.6,0.0,0.0,0.0,387.45,0.34,32.0,97683.0
20110729:0200,32.33,15.2,0.0,0.0,0.0,385.2,3.03,335.0,97634.0
20110729:0300,31.44,15.7,0.0,0.0,0.0,381.4,4.14,342.0,97644.0
20110729:0400,29.9,17.05,0.0,0.0,0.0,375.0,3.17,11.0,97654.0
20110729:0500,28.82,17.95,0.0,0.0,0.0,369.4,3.59,79.0,97712.0
20110729:0600,28.18,18.45,101.0,261.75,60.0,368.4,3.45,101.0,97770.0
20110729:0700,29.55,17.0,319.0,517.41,126.0,367.4,2.55,82.0,97828.0
20110729:0800,33.8,13.3,542.0,651.31,168.0,371.8,1.86,69.0,97867.0
20110729:0900,37.9,10.55,739.0,720.62,201.0,381.8,1.66,75.0,97886.0
20110729:1000,40.46,9.65,906.0,802.67,201.0,394.25,1.38,104.0,97896.0
20110729:1100,42.45,8.95,1002.0,816.27,218.0,407.25,0.97,147.0,97916.0
20110729:1200,43.82,8.1,1024.0,793.99,240.0,418.45,0.9,239.0,97848.0
20110729:1300,44.86,7.25,999.0,815.8,218.0,424.05,2.0,298.0,97789.0
20110729:1400,45.63,6.6,891.0,771.52,218.0,424.85,3.31,320.0,97702.0
20110729:1500,45.98,6.15,735.0,732.99,194.0,423.25,4.34,334.0,97644.0
20110729:1600,45.94,6.0,527.0,624.33,175.0,420.65,5.1,344.0,97576.0
20110729:1700,45.55,6.05,310.0,522.99,121.0,415.65,5.52,350.0,97547.0
20110729:1800,44.77,6.5,92.0,248.96,56.0,410.45,5.66,355.0,97557.0
20110729:1900,43.09,7.1,0.0,0.0,0.0,404.05,4.48,359.0,97576.0
20110729:2000,41.35,8.2,0.0,0.0,0.0,398.65,4.69,2.0,97634.0
20110729:2100,39.88,9.2,0.0,0.0,0.0,394.25,5.1,4.0,97731.0
20110729:2200,38.57,10.1,0.0,0.0,0.0,390.6,5.59,6.0,97780.0
20110729:2300,37.36,10.75,0.0,0.0,0.0,386.0,5.86,6.0,97780.0
20110730:0000,36.23,11.0,0.0,0.0,0.0,381.0,6.14,8.0,97770.0
20110730:0100,35.09,11.15,0.0,0.0,0.0,374.65,6.34,12.0,97751.0
20110730:0200,33.94,11.7,0.0,0.0,0.0,369.0,6.34,18.0,97702.0
20110730:0300,32.84,12.75,0.0,0.0,0.0,364.4,6.28,23.0,97712.0
20110730:0400,31.8,14.1,0.0,0.0,0.0,360.2,6.14,25.0,97722.0
20110730:0500,30.81,15.65,0.0,0.0,0.0,357.8,6.0,20.0,97780.0
20110730:0600,30.09,17.05,105.0,316.3,56.0,355.6,5.93,16.0,97789.0
20110730:0700,31.45,15.95,321.0,535.53,122.0,356.4,5.66,25.0,97867.0
20110730:0800,33.89,14.5,538.0,638.65,172.0,362.6,5.93,24.0,97867.0
20110730:0900,36.62,13.2,734.0,706.76,207.0,372.2,6.48,22.0,97906.0
20110730:1000,39.27,12.2,886.0,742.97,234.0,384.4,6.76,18.0,97916.0
20110730:1100,41.65,11.3,985.0,771.0,245.0,396.85,7.31,16.0,97916.0
20110730:1200,43.33,9.7,1012.0,764.12,258.0,408.05,7.72,20.0,97838.0
20110730:1300,44.38,8.1,987.0,785.06,236.0,414.05,7.79,19.0,97789.0
20110730:1400,45.05,7.3,885.0,757.39,225.0,416.05,8.41,19.0,97683.0
20110730:1500,45.34,6.85,718.0,679.8,217.0,416.25,9.1,19.0,97654.0
20110730:1600,45.18,6.65,519.0,600.94,181.0,414.85,9.45,20.0,97596.0
20110730:1700,44.66,6.6,307.0,511.49,123.0,411.25,9.38,20.0,97586.0
20110730:1800,43.72,6.85,97.0,315.47,52.0,405.65,8.34,20.0,97576.0
20110730:1900,41.77,7.7,0.0,0.0,0.0,399.25,6.62,20.0,97557.0
20110730:2000,40.16,8.55,0.0,0.0,0.0,392.25,6.0,19.0,97634.0
20110730:2100,38.73,9.45,0.0,0.0,0.0,387.45,6.07,16.0,97693.0
20110730:2200,37.52,10.4,0.0,0.0,0.0,383.6,6.07,16.0,97760.0
20110730:2300,36.39,11.45,0.0,0.0,0.0,381.4,5.66,20.0,97760.0
20110731:0000,35.25,12.5,0.0,0.0,0.0,378.8,4.97,26.0,97731.0
20110731:0100,34.05,13.6,0.0,0.0,0.0,376.45,4.41,37.0,97673.0
20110731:0200,32.81,14.75,0.0,0.0,0.0,374.4,4.21,46.0,97615.0
20110731:0300,31.6,15.9,0.0,0.0,0.0,372.8,4.14,53.0,97615.0
20110731:0400,30.49,17.1,0.0,0.0,0.0,370.6,4.07,58.0,97634.0
20110731:0500,29.47,18.25,0.0,0.0,0.0,368.0,4.0,60.0,97663.0
20110731:0600,28.73,19.2,98.0,261.11,58.0,365.6,3.93,56.0,97741.0
20110731:0700,30.15,18.1,307.0,467.35,134.0,366.2,4.21,30.0,97809.0
20110731:0800,33.08,15.15,537.0,638.19,172.0,371.6,5.52,22.0,97906.0
20110731:0900,35.57,12.6,741.0,734.5,194.0,378.4,6.21,28.0,97925.0
20110731:1000,38.07,10.6,895.0,772.15,218.0,387.0,5.86,36.0,97964.0
20110731:1100,40.32,9.3,1011.0,847.68,198.0,396.65,5.45,41.0,97945.0
20110731:1200,41.89,8.55,1034.0,825.51,220.0,405.65,4.76,37.0,97867.0
20110731:1300,42.88,7.95,1003.0,831.73,208.0,412.25,4.28,26.0,97848.0
20110731:1400,43.42,7.4,894.0,786.92,209.0,415.45,4.34,15.0,97702.0
20110731:1500,43.67,7.1,737.0,747.46,187.0,415.25,4.69,8.0,97663.0
20110731:1600,42.7,6.69,527.0,634.55,171.0,406.11,5.33,5.0,97605.0
20110731:1700,41.8,7.27,310.0,539.09,117.0,403.28,5.29,4.0,97576.0
20110731:1800,40.91,7.86,93.0,284.48,53.0,400.46,5.26,8.0,97586.0
20110731:1900,40.02,8.44,0.0,0.0,0.0,397.63,5.22,14.0,97557.0
20110731:2000,39.12,9.02,0.0,0.0,0.0,394.8,5.19,20.0,97615.0
20110731:2100,38.23,9.6,0.0,0.0,0.0,391.97,5.15,26.0,97673.0
20110731:2200,37.34,10.19,0.0,0.0,0.0,389.15,5.12,29.0,97693.0
20110731:2300,36.44,10.77,0.0,0.0,0.0,386.32,5.08,32.0,97751.0
20090801:0000,35.55,11.35,0.0,0.0,0.0,383.49,5.05,38.0,97896.0
20090801:0100,34.66,11.94,0.0,0.0,0.0,380.67,5.01,53.0,97886.0
20090801:0200,33.76,12.52,0.0,0.0,0.0,377.84,4.98,80.0,97877.0
20090801:0300,32.87,13.1,0.0,0.0,0.0,375.01,4.94,104.0,97867.0
20090801:0400,31.98,13.69,0.0,0.0,0.0,372.18,4.91,114.0,97886.0
20090801:0500,31.08,14.27,0.0,0.0,0.0,369.36,4.87,115.0,97925.0
20090801:0600,30.19,14.85,93.0,231.07,58.0,366.53,4.83,113.0,97974.0
20090801:0700,29.3,15.44,309.0,493.57,127.0,363.7,4.8,111.0,98042.0
20090801:0800,34.65,11.6,530.0,623.72,174.0,371.0,5.38,117.0,98080.0
20090801:0900,37.5,10.1,737.0,732.74,192.0,378.4,6.62,125.0,98119.0
20090801:1000,39.76,9.0,900.0,800.24,199.0,386.8,7.03,131.0,98109.0
20090801:1100,41.48,7.7,1006.0,845.18,196.0,395.45,6.55,136.0,98071.0
20090801:1200,42.53,7.2,1040.0,854.54,198.0,402.05,5.17,133.0,98022.0
20090801:1300,43.12,6.9,997.0,829.31,205.0,407.45,3.79,117.0,97945.0
20090801:1400,43.57,6.45,894.0,799.31,199.0,410.65,3.17,90.0,97877.0
20090801:1500,43.91,6.1,732.0,745.98,184.0,410.25,3.45,65.0,97809.0
20090801:1600,43.96,6.0,514.0,598.71,179.0,408.65,3.86,52.0,97770.0
20090801:1700,43.74,6.05,299.0,488.48,125.0,404.85,4.14,45.0,97741.0
20090801:1800,43.19,6.2,86.0,231.06,54.0,401.25,3.93,39.0,97722.0
20090801:1900,41.63,6.95,0.0,0.0,0.0,396.65,3.1,22.0,97712.0
20090801:2000,39.84,7.8,0.0,0.0,0.0,392.4,3.52,21.0,97799.0
20090801:2100,38.21,8.6,0.0,0.0,0.0,389.4,4.0,25.0,97867.0
20090801:2200,36.86,9.25,0.0,0.0,0.0,386.0,4.34,33.0,97848.0
20090801:2300,35.57,9.9,0.0,0.0,0.0,382.8,4.48,46.0,97857.0
20090802:0000,34.18,10.75,0.0,0.0,0.0,378.6,4.34,69.0,97828.0
20090802:0100,32.7,11.85,0.0,0.0,0.0,374.05,4.34,94.0,97838.0
20090802:0200,31.46,12.85,0.0,0.0,0.0,369.2,4.21,110.0,97848.0
20090802:0300,30.42,13.7,0.0,0.0,0.0,365.6,4.21,120.0,97819.0
20090802:0400,29.55,14.4,0.0,0.0,0.0,363.0,4.21,126.0,97867.0
20090802:0500,28.71,15.2,0.0,0.0,0.0,361.0,4.21,126.0,97916.0
20090802:0600,28.13,16.15,93.0,240.42,57.0,359.2,4.14,124.0,97935.0
20090802:0700,29.97,16.1,309.0,500.93,125.0,361.2,4.21,126.0,97983.0
20090802:0800,33.3,13.65,532.0,635.52,170.0,366.6,4.28,127.0,98022.0
20090802:0900,36.63,11.15,736.0,732.33,192.0,374.6,4.9,128.0,98042.0
20090802:1000,39.35,9.25,899.0,799.84,199.0,385.2,5.1,130.0,98071.0
20090802:1100,41.25,7.9,1000.0,830.18,205.0,395.25,5.24,131.0,98042.0
20090802:1200,42.37,7.25,1033.0,838.95,207.0,403.65,4.34,124.0,98003.0
20090802:1300,42.99,6.95,991.0,814.34,214.0,409.85,3.1,108.0,97935.0
20090802:1400,43.43,6.7,888.0,784.15,207.0,413.65,2.41,82.0,97867.0
20090802:1500,43.71,6.6,727.0,730.91,191.0,414.85,2.34,56.0,97828.0
20090802:1600,43.82,6.5,504.0,562.75,190.0,413.65,2.69,35.0,97799.0
20090802:1700,43.67,6.55,295.0,479.77,125.0,410.25,3.1,22.0,97770.0
20090802:1800,43.25,6.7,85.0,234.78,53.0,408.85,3.59,10.0,97760.0
20090802:1900,41.7,7.45,0.0,0.0,0.0,403.05,3.86,1.0,97712.0
20090802:2000,40.12,8.2,0.0,0.0,0.0,397.65,4.21,7.0,97819.0
20090802:2100,38.7,8.95,0.0,0.0,0.0,393.45,4.48,19.0,97857.0
20090802:2200,37.4,9.6,0.0,0.0,0.0,389.4,4.62,32.0,97848.0
20090802:2300,36.05,10.3,0.0,0.0,0.0,385.0,4.69,48.0,97867.0
20090803:0000,34.65,11.05,0.0,0.0,0.0,380.0,4.83,70.0,97809.0
20090803:0100,33.38,11.8,0.0,0.0,0.0,374.85,4.76,90.0,97819.0
20090803:0200,32.17,12.8,0.0,0.0,0.0,370.6,4.21,101.0,97828.0
20090803:0300,30.94,14.1,0.0,0.0,0.0,366.0,3.93,103.0,97838.0
20090803:0400,29.87,15.55,0.0,0.0,0.0,363.4,3.79,99.0,97877.0
20090803:0500,28.98,16.95,0.0,0.0,0.0,360.8,3.72,98.0,97906.0
20090803:0600,28.38,18.0,0.0,0.0,0.0,358.0,3.66,99.0,97925.0
20090803:0700,31.05,15.15,306.0,491.95,126.0,361.4,5.03,96.0,97983.0
20090803:0800,34.48,12.5,525.0,610.43,178.0,365.4,5.1,97.0,97993.0
20090803:0900,37.95,10.4,735.0,731.93,192.0,373.4,6.83,97.0,98012.0
20090803:1000,40.23,8.25,893.0,785.72,206.0,383.6,8.28,96.0,98003.0
20090803:1100,41.67,6.85,994.0,814.12,215.0,392.05,7.66,91.0,97983.0
20090803:1200,42.63,6.1,1033.0,838.61,208.0,398.65,6.83,83.0,97935.0
20090803:1300,43.38,5.6,985.0,798.33,224.0,402.45,6.34,74.0,97819.0
20090803:1400,43.96,5.3,872.0,741.33,229.0,404.05,6.41,67.0,97789.0
20090803:1500,44.3,5.0,722.0,717.23,197.0,403.25,6.76,60.0,97722.0
20090803:1600,44.33,4.8,511.0,596.77,179.0,400.65,7.45,55.0,97673.0
20090803:1700,43.87,4.85,293.0,476.76,125.0,396.65,8.0,54.0,97654.0
20090803:1800,42.93,5.25,84.0,238.77,52.0,392.4,7.45,55.0,97654.0
20090803:1900,41.12,5.6,0.0,0.0,0.0,386.6,6.14,55.0,97663.0
20090803:2000,39.53,6.35,0.0,0.0,0.0,382.8,6.14,58.0,97760.0
20090803:2100,38.21,7.0,0.0,0.0,0.0,379.2,6.34,61.0,97838.0
20090803:2200,37.05,7.7,0.0,0.0,0.0,376.2,6.41,61.0,97877.0
20090803:2300,35.75,8.5,0.0,0.0,0.0,371.8,6.14,57.0,97857.0
20090804:0000,34.46,9.4,0.0,0.0,0.0,367.4,6.0,53.0,97828.0
20090804:0100,33.24,10.45,0.0,0.0,0.0,363.65,6.0,51.0,97819.0
20090804:0200,32.18,11.55,0.0,0.0,0.0,361.0,6.07,53.0,97789.0
20090804:0300,31.27,12.85,0.0,0.0,0.0,359.2,6.0,57.0,97789.0
20090804:0400,30.51,14.25,0.0,0.0,0.0,358.4,5.86,63.0,97838.0
20090804:0500,29.81,15.7,0.0,0.0,0.0,358.0,5.66,70.0,97867.0
20090804:0600,29.36,16.95,93.0,259.77,55.0,358.2,5.45,76.0,97896.0
20090804:0700,30.91,15.5,312.0,529.54,119.0,358.8,5.31,77.0,97964.0
20090804:0800,33.81,13.65,532.0,646.94,165.0,364.8,5.24,83.0,97964.0
20090804:0900,37.0,11.75,734.0,731.53,192.0,374.4,5.66,90.0,97983.0
20090804:1000,39.67,10.2,902.0,815.1,190.0,385.2,5.86,98.0,98003.0
20090804:1100,41.43,9.25,993.0,813.75,215.0,396.45,5.86,99.0,97954.0
20090804:1200,42.34,8.05,1032.0,839.33,207.0,404.65,5.17,74.0,97925.0
20090804:1300,43.11,7.25,990.0,813.83,215.0,407.85,5.52,57.0,97848.0
20090804:1400,43.68,6.6,890.0,798.88,198.0,408.45,6.0,49.0,97770.0
20090804:1500,44.02,6.1,732.0,758.31,178.0,407.65,6.41,45.0,97712.0
20090804:1600,44.09,5.75,503.0,573.36,185.0,404.65,6.83,45.0,97663.0
20090804:1700,43.82,5.65,300.0,522.34,117.0,401.25,7.17,46.0,97644.0
20090804:1800,43.11,5.85,84.0,258.23,50.0,396.85,6.76,47.0,97615.0
20090804:1900,41.34,6.45,0.0,0.0,0.0,392.6,4.83,50.0,97605.0
20090804:2000,39.55,7.25,0.0,0.0,0.0,388.0,4.62,46.0,97683.0
20090804:2100,38.0,8.05,0.0,0.0,0.0,383.4,5.03,44.0,97751.0
20090804:2200,36.72,8.65,0.0,0.0,0.0,378.8,5.45,47.0,97819.0
20090804:2300,35.67,8.95,0.0,0.0,0.0,374.2,5.79,54.0,97828.0
20090805:0000,34.69,9.1,0.0,0.0,0.0,369.6,5.86,61.0,97789.0
20090805:0100,33.64,9.5,0.0,0.0,0.0,365.25,5.66,66.0,97789.0
20090805:0200,32.46,10.25,0.0,0.0,0.0,361.2,5.38,68.0,97770.0
20090805:0300,31.3,11.15,0.0,0.0,0.0,357.0,5.24,69.0,97760.0
20090805:0400,30.22,12.15,0.0,0.0,0.0,353.0,5.03,71.0,97789.0
20090805:0500,29.31,13.25,0.0,0.0,0.0,351.0,4.97,74.0,97828.0
20090805:0600,28.69,14.3,93.0,269.8,54.0,348.8,4.83,77.0,97877.0
20090805:0700,30.35,13.6,308.0,517.85,120.0,351.6,4.76,78.0,97916.0
20090805:0800,33.67,11.65,534.0,658.88,161.0,355.8,4.76,79.0,97945.0
20090805:0900,37.27,9.75,733.0,732.5,191.0,364.8,5.38,78.0,97974.0
20090805:1000,40.11,8.35,892.0,784.95,207.0,375.2,5.86,76.0,98012.0
20090805:1100,41.61,7.0,987.0,798.75,224.0,385.8,6.14,72.0,97964.0
20090805:1200,42.63,6.25,1020.0,807.48,227.0,392.85,5.93,64.0,97935.0
20090805:1300,43.56,5.6,972.0,768.44,241.0,396.45,6.0,59.0,97838.0
20090805:1400,44.32,4.9,865.0,726.01,237.0,398.05,6.41,57.0,97751.0
20090805:1500,44.81,4.2,715.0,703.61,202.0,397.65,6.9,57.0,97663.0
20090805:1600,44.86,3.85,499.0,560.74,189.0,394.85,7.24,59.0,97586.0
20090805:1700,44.55,3.7,293.0,493.91,121.0,391.2,7.24,60.0,97586.0
20090805:1800,43.72,3.9,80.0,232.14,50.0,387.2,6.07,59.0,97576.0
20090805:1900,41.68,4.85,0.0,0.0,0.0,386.2,4.97,53.0,97557.0
20090805:2000,39.8,5.55,0.0,0.0,0.0,381.4,5.1,47.0,97654.0
20090805:2100,38.31,6.3,0.0,0.0,0.0,377.6,5.79,46.0,97741.0
20090805:2200,37.29,7.0,0.0,0.0,0.0,374.0,6.69,51.0,97799.0
20090805:2300,36.71,7.75,0.0,0.0,0.0,372.2,7.72,60.0,97809.0
20090806:0000,36.32,8.6,0.0,0.0,0.0,372.2,8.34,68.0,97760.0
20090806:0100,35.74,9.4,0.0,0.0,0.0,372.25,8.14,74.0,97751.0
20090806:0200,34.82,10.2,0.0,0.0,0.0,371.0,7.24,80.0,97760.0
20090806:0300,33.63,11.05,0.0,0.0,0.0,368.2,6.34,84.0,97741.0
20090806:0400,32.48,11.95,0.0,0.0,0.0,364.4,5.79,88.0,97809.0
20090806:0500,31.51,12.65,0.0,0.0,0.0,360.4,5.52,90.0,97819.0
20090806:0600,30.88,13.1,86.0,224.05,54.0,357.0,5.38,90.0,97867.0
20090806:0700,32.29,11.7,307.0,517.13,120.0,356.8,5.38,85.0,97906.0
20090806:0800,35.3,9.8,530.0,646.09,165.0,361.0,5.17,82.0,97964.0
20090806:0900,38.71,8.05,732.0,732.12,191.0,369.6,6.14,80.0,98003.0
20090806:1000,41.44,6.85,896.0,799.51,199.0,380.8,7.17,84.0,98003.0
20090806:1100,43.12,6.15,997.0,829.84,205.0,392.4,7.93,86.0,97983.0
20090806:1200,44.22,5.9,1031.0,838.81,208.0,401.25,7.93,79.0,97896.0
20090806:1300,44.99,5.75,982.0,798.75,223.0,406.85,8.07,76.0,97857.0
20090806:1400,45.49,5.45,835.0,644.87,278.0,411.45,8.07,77.0,97770.0
20090806:1500,45.65,5.25,690.0,625.38,235.0,414.05,7.79,77.0,97702.0
20090806:1600,45.54,5.15,474.0,477.32,211.0,417.65,7.66,75.0,97663.0
20090806:1700,44.88,5.5,284.0,453.69,127.0,439.45,7.52,71.0,97663.0
20090806:1800,44.13,5.85,61.0,102.59,48.0,438.65,6.55,66.0,97693.0
20090806:1900,42.47,6.65,0.0,0.0,0.0,423.05,5.66,61.0,97693.0
20090806:2000,40.68,7.35,0.0,0.0,0.0,401.45,5.24,52.0,97780.0
20090806:2100,39.2,7.9,0.0,0.0,0.0,393.85,5.52,48.0,97867.0
20090806:2200,38.07,8.4,0.0,0.0,0.0,389.6,6.0,52.0,97896.0
20090806:2300,37.21,9.05,0.0,0.0,0.0,387.2,6.41,63.0,97896.0
20090807:0000,36.38,9.95,0.0,0.0,0.0,385.05,6.48,74.0,97916.0
20090807:0100,35.45,10.85,0.0,0.0,0.0,382.25,6.34,80.0,97886.0
20090807:0200,34.51,11.55,0.0,0.0,0.0,378.4,6.07,82.0,97896.0
20090807:0300,33.61,12.25,0.0,0.0,0.0,374.8,6.07,83.0,97857.0
20090807:0400,32.85,13.15,0.0,0.0,0.0,371.6,6.07,86.0,97906.0
20090807:0500,32.2,14.35,0.0,0.0,0.0,368.6,6.28,89.0,97906.0
20090807:0600,31.85,15.3,91.0,283.49,51.0,366.4,6.41,92.0,97925.0
20090807:0700,33.81,12.95,304.0,505.3,122.0,366.4,7.31,91.0,97954.0
20090807:0800,36.63,10.7,534.0,670.5,156.0,373.0,6.97,92.0,97993.0
20090807:0900,39.64,8.45,735.0,745.3,185.0,383.2,7.86,93.0,98022.0
20090807:1000,41.8,7.15,890.0,785.4,206.0,394.25,8.69,94.0,98022.0
20090807:1100,43.07,6.75,986.0,799.14,224.0,402.85,8.41,90.0,98042.0
20090807:1200,43.81,6.75,1007.0,777.38,245.0,409.25,7.66,82.0,97974.0
20090807:1300,44.29,6.65,1033.0,953.5,128.0,414.45,6.9,72.0,97935.0
20090807:1400,44.61,6.55,853.0,698.04,251.0,418.45,6.55,63.0,97838.0
20090807:1500,44.69,6.5,633.0,464.22,296.0,419.45,6.69,55.0,97799.0
20090807:1600,44.6,6.5,230.0,18.21,220.0,417.45,6.9,51.0,97741.0
20090807:1700,44.17,6.55,291.0,509.03,116.0,414.45,6.9,51.0,97741.0
20090807:1800,43.42,6.75,81.0,290.03,45.0,408.45,6.41,51.0,97702.0
20090807:1900,41.6,7.7,0.0,0.0,0.0,403.25,5.1,43.0,97702.0
20090807:2000,40.0,8.35,0.0,0.0,0.0,398.05,5.1,44.0,97780.0
20090807:2100,38.69,8.8,0.0,0.0,0.0,393.25,5.52,54.0,97877.0
20090807:2200,37.69,8.95,0.0,0.0,0.0,388.4,6.34,69.0,97877.0
20090807:2300,36.89,9.25,0.0,0.0,0.0,384.4,7.03,83.0,97877.0
20090808:0000,36.04,9.8,0.0,0.0,0.0,380.2,7.17,91.0,97877.0
20090808:0100,35.09,10.5,0.0,0.0,0.0,377.05,7.1,93.0,97857.0
20090808:0200,34.15,11.25,0.0,0.0,0.0,372.8,6.83,92.0,97828.0
20090808:0300,33.21,11.9,0.0,0.0,0.0,367.4,6.48,90.0,97819.0
20090808:0400,32.32,12.6,0.0,0.0,0.0,363.4,6.14,90.0,97828.0
20090808:0500,31.35,13.45,0.0,0.0,0.0,359.4,5.72,92.0,97848.0
20090808:0600,30.52,14.2,88.0,258.29,52.0,356.2,5.31,97.0,97896.0
20090808:0700,31.56,13.75,302.0,504.52,121.0,357.0,4.97,94.0,97945.0
20090808:0800,34.31,11.7,527.0,645.24,164.0,362.6,5.03,101.0,97993.0
20090808:0900,37.23,9.7,734.0,744.96,185.0,370.8,6.07,108.0,98012.0
20090808:1000,39.75,7.9,894.0,800.01,198.0,379.0,7.17,113.0,98022.0
20090808:1100,41.68,6.35,1001.0,845.04,196.0,387.0,7.93,113.0,97964.0
20090808:1200,42.91,5.7,1023.0,823.1,217.0,394.85,8.0,109.0,97906.0
20090808:1300,43.67,6.15,980.0,798.54,223.0,401.65,7.79,103.0,97809.0
20090808:1400,44.17,6.25,871.0,754.91,221.0,406.45,7.66,99.0,97731.0
20090808:1500,44.39,6.1,710.0,701.39,202.0,410.25,7.38,98.0,97654.0
20090808:1600,44.38,5.95,510.0,628.81,166.0,408.05,7.17,97.0,97596.0
20090808:1700,44.04,5.9,283.0,468.59,123.0,405.65,6.9,98.0,97566.0
20090808:1800,43.28,5.95,74.0,230.53,46.0,402.45,5.86,103.0,97557.0
20090808:1900,41.44,6.5,0.0,0.0,0.0,397.25,4.34,108.0,97537.0
20090808:2000,39.62,7.15,0.0,0.0,0.0,390.6,4.14,111.0,97615.0
20090808:2100,38.02,7.75,0.0,0.0,0.0,385.8,4.34,107.0,97673.0
20090808:2200,36.65,8.4,0.0,0.0,0.0,382.4,4.69,102.0,97683.0
20090808:2300,35.54,9.1,0.0,0.0,0.0,378.8,5.1,100.0,97722.0
20090809:0000,34.62,9.7,0.0,0.0,0.0,375.6,5.52,100.0,97693.0
20090809:0100,33.85,10.25,0.0,0.0,0.0,372.25,5.93,102.0,97673.0
20090809:0200,33.28,10.65,0.0,0.0,0.0,368.8,6.41,106.0,97654.0
20090809:0300,32.77,11.1,0.0,0.0,0.0,366.2,6.83,109.0,97615.0
20090809:0400,32.33,11.6,0.0,0.0,0.0,364.2,7.03,112.0,97654.0
20090809:0500,31.86,12.25,0.0,0.0,0.0,362.2,7.1,113.0,97673.0
20090809:0600,31.56,12.9,86.0,246.99,52.0,361.2,7.24,112.0,97654.0
20090809:0700,33.0,12.7,303.0,512.13,120.0,365.2,7.79,109.0,97722.0
20090809:0800,35.23,11.5,532.0,667.98,157.0,368.8,7.38,110.0,97741.0
20090809:0900,37.61,10.25,737.0,759.58,178.0,374.6,8.97,111.0,97751.0
20090809:1000,39.61,9.0,898.0,814.68,190.0,381.2,10.14,110.0,97751.0
20090809:1100,41.3,7.15,995.0,829.05,206.0,387.0,9.66,108.0,97722.0
20090809:1200,42.61,5.75,1028.0,839.3,207.0,391.4,8.62,105.0,97654.0
20090809:1300,43.54,4.8,979.0,798.49,223.0,393.65,7.72,101.0,97596.0
20090809:1400,44.13,4.3,875.0,768.98,214.0,394.65,6.9,99.0,97528.0
20090809:1500,44.34,4.05,712.0,715.53,195.0,394.05,6.14,97.0,97421.0
20090809:1600,44.29,3.9,471.0,484.41,207.0,392.0,5.52,96.0,97382.0
20090809:1700,43.95,3.85,284.0,486.67,119.0,388.8,4.97,95.0,97353.0
20090809:1800,43.12,4.05,67.0,176.9,46.0,385.4,3.86,94.0,97324.0
20090809:1900,41.33,4.95,0.0,0.0,0.0,383.8,2.48,93.0,97324.0
20090809:2000,39.29,5.85,0.0,0.0,0.0,381.6,2.76,101.0,97373.0
20090809:2100,37.27,6.9,0.0,0.0,0.0,383.6,3.03,109.0,97460.0
20090809:2200,35.58,8.05,0.0,0.0,0.0,386.4,3.38,117.0,97460.0
20090809:2300,34.53,9.1,0.0,0.0,0.0,403.25,3.31,123.0,97489.0
20090810:0000,33.34,10.25,0.0,0.0,0.0,395.25,3.24,123.0,97450.0
20090810:0100,32.28,11.1,0.0,0.0,0.0,392.05,3.52,115.0,97421.0
20090810:0200,31.22,11.3,0.0,0.0,0.0,373.2,4.34,107.0,97402.0
20090810:0300,31.09,10.0,0.0,0.0,0.0,382.2,4.69,111.0,97392.0
20090810:0400,30.84,9.05,0.0,0.0,0.0,372.0,4.97,115.0,97431.0
20090810:0500,30.55,9.3,0.0,0.0,0.0,367.8,5.66,114.0,97450.0
20090810:0600,30.47,10.1,89.0,294.25,49.0,365.8,6.28,114.0,97450.0
20090810:0700,32.67,9.3,304.0,531.03,115.0,369.4,8.07,117.0,97499.0
20090810:0800,35.65,8.3,545.0,731.87,135.0,375.6,7.93,118.0,97537.0
20090810:0900,38.73,7.2,744.0,787.85,165.0,385.4,7.79,122.0,97576.0
20090810:1000,41.96,6.35,849.0,671.58,266.0,401.65,6.76,129.0,97615.0
20090810:1100,44.38,6.0,983.0,798.34,224.0,409.45,5.45,140.0,97576.0
20090810:1200,45.14,6.4,954.0,650.88,318.0,421.65,3.17,164.0,97576.0
20090810:1300,45.58,6.4,967.0,767.82,241.0,429.45,2.55,201.0,97547.0
20090810:1400,45.94,6.3,762.0,476.64,353.0,439.45,2.83,220.0,97479.0
20090810:1500,46.07,6.3,636.0,485.62,286.0,444.45,2.76,231.0,97431.0
20090810:1600,45.82,6.35,533.0,749.75,126.0,447.85,2.69,245.0,97392.0
20090810:1700,45.65,6.4,219.0,196.11,153.0,442.65,2.76,259.0,97373.0
20090810:1800,45.14,6.55,43.0,34.52,39.0,444.25,3.52,278.0,97373.0
20090810:1900,43.37,7.75,0.0,0.0,0.0,441.05,3.1,296.0,97373.0
20090810:2000,41.94,8.6,0.0,0.0,0.0,433.45,3.59,301.0,97450.0
20090810:2100,40.56,9.45,0.0,0.0,0.0,424.85,3.52,306.0,97508.0
20090810:2200,39.17,10.35,0.0,0.0,0.0,420.65,3.24,311.0,97596.0
20090810:2300,37.49,11.75,0.0,0.0,0.0,412.25,2.41,327.0,97625.0
20090811:0000,36.03,13.65,0.0,0.0,0.0,421.85,2.0,27.0,97586.0
20090811:0100,35.22,13.8,0.0,0.0,0.0,422.25,2.9,76.0,97586.0
20090811:0200,33.82,15.45,0.0,0.0,0.0,414.25,2.9,97.0,97557.0
20090811:0300,32.37,17.35,0.0,0.0,0.0,399.05,2.62,115.0,97537.0
20090811:0400,31.22,18.85,0.0,0.0,0.0,392.8,2.9,127.0,97576.0
20090811:0500,30.05,20.45,0.0,0.0,0.0,383.8,3.17,129.0,97576.0
20090811:0600,28.9,22.5,74.0,171.35,51.0,383.6,2.55,146.0,97634.0
20090811:0700,30.07,21.6,267.0,341.34,146.0,381.8,2.07,190.0,97673.0
20090811:0800,34.18,16.05,486.0,497.3,208.0,390.4,2.48,224.0,97722.0
20090811:0900,37.32,12.85,703.0,649.98,226.0,404.65,1.66,186.0,97780.0
20090811:1000,39.85,11.15,882.0,769.2,215.0,410.05,3.38,130.0,97760.0
20090811:1100,42.09,9.65,993.0,829.71,205.0,433.25,3.31,136.0,97760.0
20090811:1200,43.52,8.45,1037.0,870.87,187.0,431.25,1.86,154.0,97722.0
20090811:1300,44.46,7.7,977.0,798.53,223.0,443.05,1.03,194.0,97693.0
20090811:1400,45.01,7.35,708.0,365.43,395.0,439.45,0.76,239.0,97615.0
20090811:1500,45.27,7.2,669.0,587.04,247.0,443.25,0.69,293.0,97576.0
20090811:1600,45.27,7.2,337.0,138.73,262.0,440.25,0.97,339.0,97518.0
20090811:1700,45.15,7.25,214.0,185.64,152.0,437.45,1.31,10.0,97518.0
20090811:1800,44.8,7.45,60.0,141.6,44.0,431.45,1.79,31.0,97508.0
20090811:1900,44.63,7.85,0.0,0.0,0.0,454.85,1.45,316.0,97499.0
20090811:2000,43.41,8.65,0.0,0.0,0.0,437.45,1.66,342.0,97557.0
20090811:2100,41.31,10.4,0.0,0.0,0.0,420.65,1.79,22.0,97634.0
20090811:2200,39.67,11.15,0.0,0.0,0.0,420.85,3.03,67.0,97605.0
20090811:2300,38.21,12.45,0.0,0.0,0.0,413.85,4.07,88.0,97576.0
20090812:0000,37.49,13.55,0.0,0.0,0.0,416.05,4.69,103.0,97576.0
20090812:0100,36.66,14.65,0.0,0.0,0.0,408.45,4.55,112.0,97537.0
20090812:0200,35.92,15.5,0.0,0.0,0.0,409.85,4.62,117.0,97537.0
20090812:0300,35.6,15.55,0.0,0.0,0.0,411.65,6.76,115.0,97557.0
20090812:0400,35.08,11.5,0.0,0.0,0.0,401.65,7.86,116.0,97605.0
20090812:0500,34.11,9.65,0.0,0.0,0.0,392.2,6.97,119.0,97654.0
20090812:0600,33.36,10.1,74.0,173.57,51.0,394.05,5.79,119.0,97693.0
20090812:0700,34.5,9.95,282.0,419.19,134.0,398.85,5.86,123.0,97731.0
20090812:0800,36.45,9.85,430.0,324.48,249.0,403.45,6.0,122.0,97789.0
20090812:0900,38.57,9.0,666.0,541.74,269.0,408.85,6.9,124.0,97799.0
20090812:1000,40.75,7.65,842.0,658.09,272.0,422.25,7.1,130.0,97789.0
20090812:1100,43.02,6.15,938.0,683.03,290.0,423.25,6.9,139.0,97809.0
20090812:1200,44.82,5.4,1031.0,854.46,198.0,421.85,5.93,150.0,97722.0
20090812:1300,45.84,5.5,938.0,696.8,281.0,428.05,4.97,156.0,97673.0
20090812:1400,46.31,5.95,687.0,329.86,405.0,434.05,3.79,153.0,97596.0
20090812:1500,46.45,6.0,387.0,64.16,341.0,438.45,2.83,133.0,97537.0
20090812:1600,46.36,5.95,117.0,0.0,117.0,432.85,2.69,108.0,97489.0
20090812:1700,46.1,6.0,100.0,3.02,99.0,429.25,3.03,92.0,97460.0
20090812:1800,45.5,6.15,65.0,209.05,42.0,420.85,3.31,84.0,97440.0
20090812:1900,43.83,7.15,0.0,0.0,0.0,436.45,3.17,40.0,97450.0
20090812:2000,42.14,7.75,0.0,0.0,0.0,428.85,4.0,38.0,97518.0
20090812:2100,40.62,8.45,0.0,0.0,0.0,421.25,4.55,39.0,97566.0
20090812:2200,39.31,9.1,0.0,0.0,0.0,411.65,4.69,45.0,97615.0
20090812:2300,38.23,9.6,0.0,0.0,0.0,410.25,4.69,58.0,97596.0
20090813:0000,37.0,10.3,0.0,0.0,0.0,401.25,5.03,78.0,97547.0
20090813:0100,35.98,10.85,0.0,0.0,0.0,399.85,5.72,97.0,97547.0
20090813:0200,35.22,11.2,0.0,0.0,0.0,391.4,6.76,111.0,97537.0
20090813:0300,34.31,12.5,0.0,0.0,0.0,385.2,7.24,115.0,97566.0
20090813:0400,33.47,13.85,0.0,0.0,0.0,380.2,7.45,116.0,97586.0
20090813:0500,32.8,14.55,0.0,0.0,0.0,377.2,7.52,115.0,97586.0
20090813:0600,32.32,14.7,71.0,160.54,50.0,374.8,7.45,113.0,97605.0
20090813:0700,33.38,13.65,297.0,509.04,118.0,376.8,7.24,112.0,97683.0
20090813:0800,35.67,11.75,455.0,400.64,232.0,382.4,7.66,113.0,97663.0
20090813:0900,38.44,9.85,759.0,855.48,133.0,388.0,8.28,116.0,97712.0
20090813:1000,41.07,8.3,579.0,158.36,442.0,397.65,8.14,122.0,97683.0
20090813:1100,43.1,7.0,964.0,753.44,250.0,406.45,7.24,127.0,97683.0
20090813:1200,44.42,6.1,1013.0,807.24,227.0,414.05,5.79,128.0,97625.0
20090813:1300,45.18,5.8,969.0,782.81,232.0,419.65,4.41,123.0,97576.0
20090813:1400,45.52,5.85,859.0,738.39,229.0,423.05,3.38,108.0,97499.0
20090813:1500,45.67,5.85,701.0,699.4,201.0,423.85,2.9,86.0,97450.0
20090813:1600,45.62,5.9,477.0,533.61,191.0,422.45,2.9,66.0,97411.0
20090813:1700,45.35,5.95,266.0,435.16,123.0,418.45,3.17,55.0,97402.0
20090813:1800,44.78,6.15,63.0,215.01,40.0,413.85,3.03,48.0,97402.0
20090813:1900,43.08,7.1,0.0,0.0,0.0,410.65,2.97,30.0,97392.0
20090813:2000,41.27,8.0,0.0,0.0,0.0,405.65,3.24,27.0,97470.0
20090813:2100,39.52,8.85,0.0,0.0,0.0,404.05,3.59,33.0,97528.0
20090813:2200,37.84,9.65,0.0,0.0,0.0,396.65,3.93,46.0,97557.0
20090813:2300,36.29,10.35,0.0,0.0,0.0,391.0,4.28,68.0,97528.0
20090814:0000,35.12,10.65,0.0,0.0,0.0,384.8,4.55,91.0,97528.0
20090814:0100,34.15,10.85,0.0,0.0,0.0,380.25,4.62,102.0,97489.0
20090814:0200,33.18,11.3,0.0,0.0,0.0,375.0,4.83,102.0,97508.0
20090814:0300,32.49,11.9,0.0,0.0,0.0,372.6,5.31,104.0,97499.0
20090814:0400,31.93,12.95,0.0,0.0,0.0,371.2,5.59,107.0,97537.0
20090814:0500,31.28,13.9,0.0,0.0,0.0,368.8,5.45,108.0,97547.0
20090814:0600,30.75,14.4,76.0,209.12,49.0,366.6,5.24,110.0,97586.0
20090814:0700,32.73,12.85,284.0,442.58,129.0,370.8,6.14,113.0,97625.0
20090814:0800,35.67,10.85,509.0,594.16,179.0,375.0,6.21,117.0,97654.0
20090814:0900,38.99,9.1,716.0,702.09,203.0,383.6,6.97,120.0,97663.0
20090814:1000,41.89,7.9,879.0,769.6,214.0,394.85,6.55,124.0,97663.0
20090814:1100,44.13,6.4,980.0,798.68,224.0,406.65,6.62,123.0,97663.0
20090814:1200,45.43,5.55,1012.0,807.24,227.0,415.85,6.14,114.0,97586.0
20090814:1300,46.12,5.55,978.0,812.75,214.0,421.25,5.66,96.0,97537.0
20090814:1400,46.45,5.45,871.0,782.18,205.0,423.45,5.38,80.0,97470.0
20090814:1500,46.59,5.35,710.0,739.32,183.0,423.05,5.52,67.0,97431.0
20090814:1600,46.44,5.25,488.0,588.53,174.0,420.45,5.52,61.0,97421.0
20090814:1700,46.04,5.2,268.0,460.37,118.0,416.65,5.38,59.0,97421.0
20090814:1800,45.19,5.35,61.0,211.84,39.0,411.45,4.34,62.0,97421.0
20090814:1900,43.01,6.0,0.0,0.0,0.0,404.25,3.24,66.0,97421.0
20090814:2000,40.95,6.75,0.0,0.0,0.0,398.25,3.17,79.0,97499.0
20090814:2100,38.98,7.55,0.0,0.0,0.0,393.0,3.38,95.0,97586.0
20090814:2200,37.3,8.5,0.0,0.0,0.0,388.6,3.52,108.0,97634.0
20090814:2300,35.91,9.55,0.0,0.0,0.0,383.6,3.66,115.0,97634.0
20090815:0000,34.64,10.85,0.0,0.0,0.0,379.6,3.66,116.0,97644.0
20090815:0100,33.4,12.2,0.0,0.0,0.0,376.45,3.66,114.0,97615.0
20090815:0200,32.28,13.55,0.0,0.0,0.0,373.6,3.79,111.0,97615.0
20090815:0300,31.33,14.65,0.0,0.0,0.0,370.6,4.0,109.0,97615.0
20090815:0400,30.68,15.45,0.0,0.0,0.0,367.6,4.48,114.0,97644.0
20090815:0500,30.33,15.9,0.0,0.0,0.0,366.0,5.1,121.0,97683.0
20090815:0600,30.11,16.4,0.0,0.0,0.0,365.2,5.45,123.0,97741.0
20090815:0700,31.67,15.6,0.0,0.0,0.0,370.8,5.1,127.0,97799.0
20090815:0800,34.96,13.35,0.0,0.0,0.0,377.0,4.83,132.0,97838.0
20090815:0900,38.45,11.65,0.0,0.0,0.0,387.4,5.45,142.0,97877.0
20090815:1000,40.69,10.9,0.0,0.0,0.0,399.85,5.93,153.0,97886.0
20090815:1100,42.55,10.05,0.0,0.0,0.0,411.25,5.72,159.0,97916.0
20090815:1200,44.02,9.35,0.0,0.0,0.0,420.85,5.31,169.0,97857.0
20090815:1300,45.0,8.6,0.0,0.0,0.0,428.85,4.97,179.0,97809.0
20090815:1400,45.4,7.8,0.0,0.0,0.0,432.45,4.48,174.0,97751.0
20090815:1500,45.47,7.5,0.0,0.0,0.0,432.05,3.93,168.0,97722.0
20090815:1600,45.32,7.45,0.0,0.0,0.0,429.45,3.59,164.0,97673.0
20090815:1700,44.97,7.5,0.0,0.0,0.0,425.25,3.38,160.0,97702.0
20090815:1800,44.35,7.7,0.0,0.0,0.0,419.65,2.9,162.0,97683.0
20090815:1900,42.67,8.05,0.0,0.0,0.0,410.45,2.9,165.0,97712.0
20090815:2000,41.03,9.0,0.0,0.0,0.0,405.65,2.97,171.0,97780.0
20090815:2100,39.32,10.0,0.0,0.0,0.0,400.85,3.1,175.0,97867.0
20090815:2200,37.66,11.1,0.0,0.0,0.0,397.25,3.17,176.0,97877.0
20090815:2300,36.07,12.25,0.0,0.0,0.0,392.8,3.1,173.0,97857.0
20090816:0000,34.47,13.7,0.0,0.0,0.0,389.05,2.76,168.0,97848.0
20090816:0100,32.9,15.55,0.0,0.0,0.0,385.45,2.34,159.0,97819.0
20090816:0200,31.9,16.05,0.0,0.0,0.0,382.0,2.97,127.0,97780.0
20090816:0300,30.96,16.45,0.0,0.0,0.0,379.2,4.34,110.0,97799.0
20090816:0400,30.55,16.25,0.0,0.0,0.0,376.4,4.55,110.0,97857.0
20090816:0500,30.16,16.1,0.0,0.0,0.0,372.6,4.21,108.0,97916.0
20090816:0600,29.67,16.3,0.0,0.0,0.0,368.2,4.41,107.0,97983.0
20090816:0700,30.78,15.5,0.0,0.0,0.0,369.2,3.52,112.0,98032.0
20090816:0800,34.46,13.3,0.0,0.0,0.0,374.8,3.66,126.0,98061.0
20090816:0900,38.03,11.95,0.0,0.0,0.0,385.6,5.17,134.0,98090.0
20090816:1000,40.98,10.4,0.0,0.0,0.0,397.25,5.86,140.0,98080.0
20090816:1100,43.37,8.6,0.0,0.0,0.0,408.65,5.93,148.0,98080.0
20090816:1200,44.7,7.1,0.0,0.0,0.0,417.65,5.52,151.0,97993.0
20090816:1300,45.3,6.55,0.0,0.0,0.0,422.45,4.83,146.0,97935.0
20090816:1400,45.57,6.4,0.0,0.0,0.0,424.45,4.34,143.0,97877.0
20090816:1500,45.57,6.3,0.0,0.0,0.0,424.05,4.0,143.0,97780.0
20090816:1600,45.42,6.3,0.0,0.0,0.0,421.45,3.79,144.0,97770.0
20090816:1700,45.01,6.35,0.0,0.0,0.0,417.25,3.66,146.0,97751.0
20090816:1800,44.29,6.55,0.0,0.0,0.0,411.45,3.45,152.0,97760.0
20090816:1900,42.3,7.5,0.0,0.0,0.0,405.45,3.45,156.0,97760.0
20090816:2000,40.55,8.35,0.0,0.0,0.0,400.85,3.66,159.0,97857.0
20090816:2100,38.92,9.2,0.0,0.0,0.0,396.45,3.66,158.0,97925.0
20090816:2200,37.34,10.2,0.0,0.0,0.0,392.6,3.45,156.0,97935.0
20090816:2300,35.71,11.5,0.0,0.0,0.0,389.85,3.03,155.0,97886.0
20090817:0000,34.01,13.2,0.0,0.0,0.0,387.2,2.55,150.0,97896.0
20090817:0100,32.95,14.8,0.0,0.0,0.0,385.65,1.86,140.0,97838.0
20090817:0200,33.9,13.6,0.0,0.0,0.0,384.0,1.31,109.0,97809.0
20090817:0300,32.46,15.05,0.0,0.0,0.0,382.0,1.66,67.0,97799.0
20090817:0400,29.66,18.05,0.0,0.0,0.0,379.8,2.48,49.0,97828.0
20090817:0500,28.7,18.75,0.0,0.0,0.0,377.8,3.17,52.0,97848.0
20090817:0600,27.9,19.65,75.0,233.8,46.0,374.4,3.59,69.0,97867.0
20090817:0700,29.42,18.25,282.0,450.91,126.0,375.6,3.17,87.0,97964.0
20090817:0800,33.8,14.25,502.0,581.79,181.0,380.4,2.97,93.0,97983.0
20090817:0900,38.27,11.25,701.0,662.67,219.0,390.0,2.62,103.0,98042.0
20090817:1000,41.37,9.7,852.0,698.16,251.0,403.85,2.34,123.0,98071.0
20090817:1100,43.55,8.65,955.0,739.07,258.0,417.05,2.55,155.0,98071.0
20090817:1200,44.81,7.85,1008.0,807.45,226.0,432.05,3.24,167.0,97974.0
20090817:1300,45.38,7.3,1005.0,907.72,156.0,435.25,3.31,161.0,97935.0
20090817:1400,45.64,7.05,906.0,915.06,132.0,438.25,3.03,157.0,97848.0
20090817:1500,45.65,6.95,692.0,696.73,200.0,438.85,2.69,156.0,97770.0
20090817:1600,45.52,6.95,469.0,540.14,185.0,430.45,2.41,157.0,97731.0
20090817:1700,45.19,7.0,223.0,264.98,139.0,427.05,2.41,158.0,97693.0
20090817:1800,44.64,7.2,42.0,85.05,34.0,424.25,2.34,168.0,97683.0
20090817:1900,43.2,7.75,0.0,0.0,0.0,410.45,1.52,312.0,97673.0
20090817:2000,41.44,9.0,0.0,0.0,0.0,406.65,2.07,316.0,97751.0
20090817:2100,39.32,10.55,0.0,0.0,0.0,403.65,2.21,335.0,97809.0
20090817:2200,37.35,12.15,0.0,0.0,0.0,400.85,2.28,358.0,97838.0
20090817:2300,35.63,13.5,0.0,0.0,0.0,397.05,2.41,14.0,97848.0
20090818:0000,34.02,15.0,0.0,0.0,0.0,392.4,2.41,26.0,97799.0
20090818:0100,32.53,16.3,0.0,0.0,0.0,388.45,2.41,40.0,97751.0
20090818:0200,31.16,17.55,0.0,0.0,0.0,384.4,2.48,58.0,97751.0
20090818:0300,29.84,19.0,0.0,0.0,0.0,380.6,2.41,71.0,97741.0
20090818:0400,29.12,19.75,0.0,0.0,0.0,389.6,2.21,75.0,97770.0
20090818:0500,28.32,20.6,0.0,0.0,0.0,395.25,2.34,72.0,97789.0
20090818:0600,27.94,20.6,6.0,0.0,6.0,395.65,2.62,75.0,97819.0
20090818:0700,29.04,20.45,160.0,46.44,144.0,404.05,1.93,78.0,97886.0
20090818:0800,32.93,15.65,470.0,465.02,214.0,422.85,2.0,77.0,97925.0
20090818:0900,37.34,11.45,696.0,648.57,225.0,413.25,2.34,85.0,97983.0
20090818:1000,41.21,8.95,885.0,799.12,198.0,406.45,2.76,97.0,98022.0
20090818:1100,43.95,7.5,916.0,642.36,311.0,419.65,2.48,104.0,97983.0
20090818:1200,44.86,7.15,1012.0,823.11,216.0,432.65,1.1,107.0,97925.0
20090818:1300,45.35,7.0,983.0,842.94,196.0,438.45,0.83,96.0,97877.0
20090818:1400,45.72,6.85,859.0,765.55,213.0,438.05,1.03,64.0,97789.0
20090818:1500,46.01,6.7,574.0,363.74,318.0,439.45,1.52,45.0,97702.0
20090818:1600,46.08,6.65,511.0,737.97,125.0,437.65,2.14,37.0,97693.0
20090818:1700,45.76,6.75,89.0,0.0,89.0,437.45,2.41,34.0,97673.0
20090818:1800,45.41,6.9,31.0,33.09,28.0,435.05,2.48,32.0,97663.0
20090818:1900,44.31,7.3,0.0,0.0,0.0,433.85,2.48,46.0,97693.0
20090818:2000,43.35,7.65,0.0,0.0,0.0,451.45,2.69,39.0,97770.0
20090818:2100,41.93,8.2,0.0,0.0,0.0,442.25,3.31,38.0,97828.0
20090818:2200,40.54,8.8,0.0,0.0,0.0,435.45,4.21,44.0,97867.0
20090818:2300,39.38,9.5,0.0,0.0,0.0,424.25,5.31,49.0,97896.0
20090819:0000,38.59,10.1,0.0,0.0,0.0,419.25,6.48,56.0,97867.0
20090819:0100,37.8,10.75,0.0,0.0,0.0,409.25,7.03,69.0,97867.0
20090819:0200,36.71,12.15,0.0,0.0,0.0,401.25,6.62,76.0,97848.0
20090819:0300,35.53,14.3,0.0,0.0,0.0,395.45,6.69,76.0,97848.0
20090819:0400,34.7,17.3,0.0,0.0,0.0,392.65,7.31,80.0,97896.0
20090819:0500,33.94,19.85,0.0,0.0,0.0,388.8,7.66,86.0,97974.0
20090819:0600,33.31,21.25,61.0,132.57,45.0,385.4,7.45,97.0,98003.0
20090819:0700,34.23,19.95,48.0,0.0,48.0,385.8,7.03,106.0,98061.0
20090819:0800,36.05,18.25,494.0,558.92,187.0,389.4,7.72,111.0,98080.0
20090819:0900,38.21,16.25,695.0,649.6,224.0,397.65,7.72,110.0,98148.0
20090819:1000,40.26,14.4,874.0,768.76,214.0,407.45,7.45,108.0,98158.0
20090819:1100,41.91,13.1,985.0,829.29,205.0,418.65,6.76,108.0,98168.0
20090819:1200,43.07,12.25,1044.0,918.61,157.0,428.05,5.86,105.0,98080.0
20090819:1300,43.93,11.4,1012.0,940.02,136.0,434.05,5.17,93.0,98042.0
20090819:1400,44.57,10.7,890.0,871.96,156.0,439.45,5.52,75.0,97974.0
20090819:1500,44.86,10.35,727.0,846.9,133.0,442.25,6.34,64.0,97877.0
20090819:1600,44.64,9.65,491.0,653.52,151.0,445.45,7.24,62.0,97877.0
20090819:1700,43.94,9.05,261.0,501.97,105.0,446.05,7.66,69.0,97867.0
20090819:1800,42.91,9.45,47.0,160.57,33.0,451.85,5.72,75.0,97857.0
20090819:1900,41.42,10.35,0.0,0.0,0.0,417.65,4.41,71.0,97867.0
20090819:2000,40.01,11.65,0.0,0.0,0.0,408.85,5.03,64.0,97983.0
20090819:2100,38.8,13.15,0.0,0.0,0.0,406.65,6.41,67.0,98071.0
20090819:2200,37.63,14.0,0.0,0.0,0.0,401.05,7.31,73.0,98042.0
20090819:2300,36.48,14.3,0.0,0.0,0.0,394.85,7.79,74.0,98109.0
20090820:0000,35.39,14.5,0.0,0.0,0.0,390.2,8.14,75.0,98109.0
20090820:0100,34.4,14.8,0.0,0.0,0.0,385.25,8.0,79.0,98139.0
20090820:0200,33.48,15.35,0.0,0.0,0.0,381.4,7.66,86.0,98090.0
20090820:0300,32.57,16.15,0.0,0.0,0.0,377.6,7.31,92.0,98071.0
20090820:0400,31.68,17.0,0.0,0.0,0.0,374.6,6.9,94.0,98109.0
20090820:0500,30.82,17.9,0.0,0.0,0.0,372.0,6.41,96.0,98139.0
20090820:0600,30.08,18.85,66.0,184.85,44.0,369.6,5.93,99.0,98168.0
20090820:0700,31.15,18.45,282.0,474.09,120.0,373.0,6.07,98.0,98187.0
20090820:0800,33.23,16.65,501.0,591.22,177.0,376.6,7.1,104.0,98206.0
20090820:0900,35.59,14.5,702.0,674.14,214.0,384.4,7.59,108.0,98265.0
20090820:1000,37.77,12.05,873.0,768.66,214.0,394.45,6.97,109.0,98274.0
20090820:1100,39.63,10.65,973.0,798.5,223.0,403.25,5.72,103.0,98255.0
20090820:1200,41.0,10.1,1021.0,853.66,198.0,411.25,4.9,88.0,98206.0
20090820:1300,42.09,9.6,990.0,874.09,177.0,416.85,5.03,68.0,98139.0
20090820:1400,42.82,9.3,883.0,855.11,165.0,419.45,5.45,54.0,98061.0
20090820:1500,43.18,9.15,711.0,792.69,157.0,420.25,5.86,45.0,97945.0
20090820:1600,43.18,9.25,477.0,604.95,164.0,419.45,6.21,39.0,97906.0
20090820:1700,42.83,9.5,254.0,471.46,109.0,416.85,6.55,36.0,97886.0
20090820:1800,42.03,10.15,45.0,167.35,31.0,413.65,6.34,31.0,97877.0
20090820:1900,40.34,11.5,0.0,0.0,0.0,407.85,5.52,24.0,97896.0
20090820:2000,38.99,12.7,0.0,0.0,0.0,404.05,6.0,22.0,97983.0
20090820:2100,37.82,13.85,0.0,0.0,0.0,400.65,6.48,25.0,98061.0
20090820:2200,36.74,15.0,0.0,0.0,0.0,397.05,6.41,32.0,98080.0
20090820:2300,35.61,16.15,0.0,0.0,0.0,393.45,5.66,43.0,98080.0
20090821:0000,34.35,17.35,0.0,0.0,0.0,389.25,4.62,61.0,98042.0
20090821:0100,33.06,18.45,0.0,0.0,0.0,383.85,4.07,85.0,98012.0
20090821:0200,31.82,19.1,0.0,0.0,0.0,378.8,3.86,108.0,97974.0
20090821:0300,30.67,19.4,0.0,0.0,0.0,375.0,3.79,120.0,97954.0
20090821:0400,29.64,19.65,0.0,0.0,0.0,371.6,3.72,122.0,97993.0
20090821:0500,28.69,20.1,0.0,0.0,0.0,369.0,3.52,121.0,98012.0
20090821:0600,27.86,20.7,67.0,204.51,43.0,366.2,3.38,115.0,98061.0
20090821:0700,28.46,20.5,279.0,464.31,121.0,366.2,2.55,101.0,98119.0
20090821:0800,32.03,16.2,517.0,662.08,155.0,371.8,2.9,114.0,98158.0
20090821:0900,35.04,13.6,724.0,755.5,178.0,381.0,3.86,124.0,98177.0
20090821:1000,37.56,12.0,891.0,828.16,182.0,392.25,4.34,129.0,98148.0
20090821:1100,39.4,11.25,993.0,860.42,186.0,402.05,3.79,128.0,98119.0
20090821:1200,40.35,11.0,1008.0,821.8,217.0,411.85,2.41,109.0,98061.0
20090821:1300,41.03,10.75,967.0,811.2,214.0,419.45,1.86,64.0,97993.0
20090821:1400,41.64,10.55,862.0,794.06,197.0,422.85,2.34,35.0,97906.0
20090821:1500,42.03,10.4,693.0,735.29,181.0,422.45,2.97,19.0,97857.0
20090821:1600,42.11,10.3,471.0,590.91,167.0,420.05,3.45,11.0,97789.0
20090821:1700,41.89,10.25,251.0,469.99,108.0,415.05,3.93,4.0,97780.0
20090821:1800,41.26,10.5,42.0,162.39,29.0,408.65,4.28,359.0,97770.0
20090821:1900,40.07,11.4,0.0,0.0,0.0,405.65,3.72,352.0,97722.0
20090821:2000,38.74,12.2,0.0,0.0,0.0,399.65,3.93,358.0,97819.0
20090821:2100,37.39,13.05,0.0,0.0,0.0,394.85,4.21,10.0,97857.0
20090821:2200,36.22,13.75,0.0,0.0,0.0,390.25,4.62,24.0,97828.0
20090821:2300,35.2,14.4,0.0,0.0,0.0,387.0,5.24,37.0,97838.0
20090822:0000,34.14,15.3,0.0,0.0,0.0,384.6,5.52,55.0,97828.0
20090822:0100,33.11,16.55,0.0,0.0,0.0,380.65,5.38,79.0,97828.0
20090822:0200,32.23,17.55,0.0,0.0,0.0,376.8,5.24,96.0,97828.0
20090822:0300,31.27,18.5,0.0,0.0,0.0,373.6,5.1,99.0,97848.0
20090822:0400,30.36,19.55,0.0,0.0,0.0,370.4,4.97,96.0,97916.0
20090822:0500,29.49,20.9,0.0,0.0,0.0,367.4,4.83,92.0,97935.0
20090822:0600,28.79,22.4,68.0,224.72,42.0,365.2,4.76,87.0,97983.0
20090822:0700,30.19,22.0,290.0,537.08,108.0,368.2,5.45,79.0,98042.0
20090822:0800,32.75,19.95,516.0,661.78,155.0,373.8,5.86,79.0,98109.0
20090822:0900,35.24,17.8,719.0,741.52,184.0,382.6,6.55,82.0,98148.0
20090822:1000,37.39,15.55,885.0,813.0,190.0,393.45,6.21,82.0,98177.0
20090822:1100,38.91,13.4,976.0,813.65,214.0,403.45,5.86,79.0,98168.0
20090822:1200,39.9,12.05,1001.0,806.53,226.0,409.85,5.93,65.0,98109.0
20090822:1300,40.71,11.1,970.0,826.9,204.0,413.45,6.28,53.0,98061.0
20090822:1400,41.25,10.25,850.0,763.88,212.0,413.45,6.62,44.0,98003.0
20090822:1500,41.43,9.5,679.0,693.39,198.0,411.05,6.97,39.0,97906.0
20090822:1600,41.27,9.05,499.0,731.25,125.0,406.05,7.17,39.0,97906.0
20090822:1700,40.75,9.5,252.0,491.85,104.0,401.05,7.31,41.0,97886.0
20090822:1800,39.84,10.4,43.0,196.36,28.0,395.85,7.03,41.0,97886.0
20090822:1900,38.24,12.55,0.0,0.0,0.0,396.45,6.55,39.0,97886.0
20090822:2000,37.11,12.95,0.0,0.0,0.0,392.05,6.9,41.0,97993.0
20090822:2100,36.07,13.4,0.0,0.0,0.0,387.4,7.24,43.0,98090.0
20090822:2200,35.03,14.5,0.0,0.0,0.0,382.6,7.17,46.0,98090.0
20090822:2300,33.96,15.85,0.0,0.0,0.0,378.2,6.76,48.0,98129.0
20090823:0000,32.89,17.2,0.0,0.0,0.0,374.6,6.34,53.0,98129.0
20090823:0100,31.84,18.5,0.0,0.0,0.0,369.85,6.07,56.0,98109.0
20090823:0200,30.83,19.75,0.0,0.0,0.0,365.8,5.79,61.0,98080.0
20090823:0300,29.87,20.9,0.0,0.0,0.0,361.4,5.52,68.0,98061.0
20090823:0400,28.92,21.95,0.0,0.0,0.0,357.0,5.24,71.0,98051.0
20090823:0500,27.98,23.1,0.0,0.0,0.0,351.8,4.97,68.0,98061.0
20090823:0600,27.11,24.15,67.0,227.98,41.0,348.2,4.76,62.0,98090.0
20090823:0700,28.11,22.8,286.0,515.63,112.0,346.2,5.1,58.0,98139.0
20090823:0800,30.43,19.6,512.0,648.64,159.0,349.8,5.86,56.0,98168.0
20090823:0900,32.93,16.9,710.0,713.63,196.0,357.2,6.69,56.0,98177.0
20090823:1000,35.23,14.65,875.0,782.59,207.0,366.0,7.24,57.0,98129.0
20090823:1100,37.0,11.9,964.0,782.81,232.0,373.8,7.66,57.0,98100.0
20090823:1200,38.44,9.75,983.0,761.02,253.0,379.0,7.93,54.0,98012.0
20090823:1300,39.61,8.15,942.0,750.77,248.0,381.6,8.21,50.0,97925.0
20090823:1400,40.35,7.1,838.0,734.79,226.0,382.2,8.48,47.0,97828.0
20090823:1500,40.69,6.55,684.0,719.25,187.0,382.0,8.69,46.0,97751.0
20090823:1600,40.57,6.4,463.0,576.34,170.0,380.2,8.83,44.0,97693.0
20090823:1700,40.05,6.7,242.0,447.09,109.0,377.6,8.9,44.0,97683.0
20090823:1800,38.99,7.45,38.0,151.38,27.0,374.6,7.79,41.0,97673.0
20090823:1900,37.37,8.4,0.0,0.0,0.0,372.4,7.1,35.0,97693.0
20090823:2000,36.04,9.75,0.0,0.0,0.0,369.0,7.38,36.0,97770.0
20090823:2100,34.94,11.0,0.0,0.0,0.0,366.2,7.45,42.0,97886.0
20090823:2200,33.86,11.9,0.0,0.0,0.0,363.8,7.24,47.0,97877.0
20090823:2300,32.76,12.7,0.0,0.0,0.0,360.0,7.03,52.0,97886.0
20090824:0000,31.64,13.65,0.0,0.0,0.0,356.4,6.62,55.0,97867.0
20090824:0100,30.5,14.7,0.0,0.0,0.0,351.85,6.21,55.0,97886.0
20090824:0200,29.39,15.95,0.0,0.0,0.0,347.4,5.79,55.0,97867.0
20090824:0300,28.32,17.1,0.0,0.0,0.0,343.0,5.52,56.0,97819.0
20090824:0400,27.36,18.2,0.0,0.0,0.0,339.0,5.31,58.0,97838.0
20090824:0500,26.45,19.3,0.0,0.0,0.0,336.4,5.1,58.0,97857.0
20090824:0600,25.67,20.4,66.0,222.42,41.0,334.6,4.97,56.0,97857.0
20090824:0700,27.29,19.45,283.0,505.91,113.0,339.4,4.9,62.0,97906.0
20090824:0800,30.09,17.05,508.0,637.28,162.0,346.0,5.31,61.0,97964.0
20090824:0900,33.05,15.0,705.0,700.96,201.0,355.2,5.93,63.0,97974.0
20090824:1000,35.8,13.25,864.0,753.28,222.0,366.6,5.86,61.0,97945.0
20090824:1100,37.86,11.85,957.0,767.98,240.0,377.2,5.79,56.0,97925.0
20090824:1200,39.13,9.55,976.0,746.71,261.0,386.0,5.66,46.0,97848.0
20090824:1300,40.13,8.05,940.0,750.25,248.0,389.0,5.79,37.0,97789.0
20090824:1400,40.82,7.05,836.0,734.49,226.0,389.4,6.14,31.0,97722.0
20090824:1500,41.18,6.4,681.0,719.23,186.0,387.4,6.62,29.0,97644.0
20090824:1600,41.2,6.0,454.0,554.19,174.0,384.0,6.97,29.0,97586.0
20090824:1700,40.86,5.9,241.0,459.2,106.0,379.8,7.1,29.0,97557.0
20090824:1800,39.89,6.15,36.0,174.22,24.0,375.0,6.14,26.0,97547.0
20090824:1900,38.19,7.0,0.0,0.0,0.0,373.2,5.38,17.0,97537.0
20090824:2000,36.62,7.85,0.0,0.0,0.0,368.0,5.59,18.0,97625.0
20090824:2100,35.32,8.75,0.0,0.0,0.0,365.0,5.86,23.0,97702.0
20090824:2200,34.12,9.3,0.0,0.0,0.0,362.2,5.93,32.0,97663.0
20090824:2300,33.02,9.25,0.0,0.0,0.0,358.8,5.86,43.0,97693.0
20090825:0000,31.93,8.85,0.0,0.0,0.0,355.8,5.72,52.0,97683.0
20090825:0100,30.84,8.95,0.0,0.0,0.0,352.65,5.45,58.0,97702.0
20090825:0200,29.77,9.6,0.0,0.0,0.0,349.6,5.31,62.0,97693.0
20090825:0300,28.75,10.55,0.0,0.0,0.0,347.0,5.24,65.0,97673.0
20090825:0400,27.79,11.7,0.0,0.0,0.0,343.8,5.1,68.0,97702.0
20090825:0500,26.87,12.95,0.0,0.0,0.0,341.0,4.97,72.0,97683.0
20090825:0600,26.11,14.1,64.0,216.69,40.0,338.0,4.83,73.0,97741.0
20090825:0700,27.54,14.15,278.0,487.15,115.0,341.2,4.9,75.0,97780.0
20090825:0800,30.47,12.35,498.0,600.04,173.0,345.8,4.69,74.0,97838.0
20090825:0900,33.78,10.75,704.0,700.81,201.0,355.2,4.62,73.0,97838.0
20090825:1000,36.76,9.8,868.0,768.58,214.0,366.2,4.07,72.0,97896.0
20090825:1100,38.87,9.6,956.0,767.07,241.0,378.8,3.24,74.0,97780.0
20090825:1200,40.13,8.1,968.0,731.35,269.0,389.4,2.21,56.0,97780.0
20090825:1300,41.15,6.95,932.0,735.65,255.0,395.25,2.48,34.0,97702.0
20090825:1400,41.94,6.25,834.0,734.24,226.0,395.65,3.03,27.0,97625.0
20090825:1500,42.32,5.85,674.0,704.69,191.0,395.0,3.52,24.0,97547.0
20090825:1600,42.38,5.7,453.0,563.71,170.0,392.45,3.93,21.0,97489.0
20090825:1700,42.13,5.6,236.0,447.61,106.0,389.0,4.14,18.0,97479.0
20090825:1800,41.36,5.75,32.0,138.39,23.0,384.4,3.72,10.0,97450.0
20090825:1900,39.52,6.45,0.0,0.0,0.0,381.2,3.17,346.0,97440.0
20090825:2000,37.65,7.15,0.0,0.0,0.0,377.4,3.45,349.0,97499.0
20090825:2100,36.02,7.75,0.0,0.0,0.0,373.6,3.86,356.0,97547.0
20090825:2200,34.64,8.4,0.0,0.0,0.0,370.2,4.28,5.0,97576.0
20090825:2300,33.37,8.85,0.0,0.0,0.0,366.6,4.69,15.0,97605.0
20090826:0000,32.33,8.95,0.0,0.0,0.0,363.8,4.9,27.0,97576.0
20090826:0100,31.38,9.3,0.0,0.0,0.0,361.25,4.83,42.0,97576.0
20090826:0200,30.47,10.85,0.0,0.0,0.0,360.0,4.83,53.0,97566.0
20090826:0300,29.77,13.45,0.0,0.0,0.0,360.4,5.17,65.0,97537.0
20090826:0400,29.34,15.5,0.0,0.0,0.0,360.2,5.24,78.0,97566.0
20090826:0500,28.75,16.2,0.0,0.0,0.0,359.6,4.69,83.0,97576.0
20090826:0600,27.93,16.6,62.0,210.78,39.0,358.6,4.21,79.0,97605.0
20090826:0700,29.22,15.15,277.0,486.24,115.0,365.4,3.31,80.0,97654.0
20090826:0800,32.55,12.15,500.0,612.6,169.0,370.6,2.9,79.0,97702.0
20090826:0900,35.71,10.05,703.0,700.68,201.0,379.6,2.9,87.0,97722.0
20090826:1000,38.17,9.1,871.0,782.77,206.0,390.6,2.34,95.0,97751.0
20090826:1100,40.11,8.6,965.0,797.37,223.0,401.85,1.52,97.0,97693.0
20090826:1200,41.53,8.35,995.0,806.12,226.0,412.65,0.55,71.0,97644.0
20090826:1300,42.61,8.1,920.0,706.86,271.0,421.25,0.97,354.0,97596.0
20090826:1400,43.4,7.85,724.0,451.82,351.0,424.05,1.86,346.0,97528.0
20090826:1500,43.75,7.75,664.0,676.91,202.0,423.25,2.28,347.0,97450.0
20090826:1600,43.82,7.65,192.0,10.02,187.0,425.85,2.69,347.0,97450.0
20090826:1700,43.59,7.7,185.0,195.25,129.0,423.05,3.31,344.0,97421.0
20090826:1800,43.03,7.8,13.0,0.0,13.0,423.05,4.14,337.0,97440.0
20090826:1900,41.78,7.7,0.0,0.0,0.0,423.65,4.14,339.0,97440.0
20090826:2000,40.71,8.2,0.0,0.0,0.0,426.45,4.41,348.0,97557.0
20090826:2100,39.44,8.95,0.0,0.0,0.0,419.45,4.9,359.0,97634.0
20090826:2200,38.14,9.6,0.0,0.0,0.0,412.65,5.45,1.0,97693.0
20090826:2300,36.88,10.05,0.0,0.0,0.0,403.25,5.45,11.0,97731.0
20090827:0000,35.58,10.7,0.0,0.0,0.0,387.2,5.17,21.0,97683.0
20090827:0100,34.4,11.6,0.0,0.0,0.0,382.65,5.1,28.0,97693.0
20090827:0200,33.22,12.65,0.0,0.0,0.0,378.6,5.03,41.0,97693.0
20090827:0300,32.05,13.85,0.0,0.0,0.0,373.8,4.76,58.0,97683.0
20090827:0400,31.2,15.0,0.0,0.0,0.0,370.4,4.28,78.0,97702.0
20090827:0500,30.49,16.2,0.0,0.0,0.0,368.0,4.21,95.0,97712.0
20090827:0600,29.61,17.65,59.0,186.08,39.0,365.4,4.0,95.0,97760.0
20090827:0700,29.84,17.6,273.0,467.24,118.0,366.2,2.9,93.0,97819.0
20090827:0800,33.24,14.65,498.0,612.25,168.0,370.8,3.17,99.0,97916.0
20090827:0900,36.37,12.45,706.0,713.16,196.0,379.4,3.45,122.0,97896.0
20090827:1000,39.13,10.5,870.0,782.89,206.0,390.8,3.24,144.0,97906.0
20090827:1100,41.21,9.0,964.0,797.67,223.0,402.05,2.55,167.0,97877.0
20090827:1200,42.61,7.95,993.0,805.6,226.0,411.85,1.45,202.0,97838.0
20090827:1300,43.45,7.25,913.0,693.28,278.0,422.65,0.9,273.0,97770.0
20090827:1400,43.98,6.8,814.0,691.39,245.0,426.25,1.38,322.0,97712.0
20090827:1500,44.24,6.65,381.0,76.52,329.0,423.65,2.0,337.0,97634.0
20090827:1600,44.28,6.6,67.0,0.0,67.0,417.65,2.55,346.0,97605.0
20090827:1700,44.07,6.65,42.0,0.0,42.0,414.85,3.17,353.0,97576.0
20090827:1800,43.44,6.95,11.0,0.0,11.0,417.65,3.72,358.0,97596.0
20090827:1900,42.0,8.1,0.0,0.0,0.0,416.45,4.97,16.0,97605.0
20090827:2000,40.56,8.9,0.0,0.0,0.0,406.25,5.38,14.0,97693.0
20090827:2100,39.38,9.45,0.0,0.0,0.0,404.45,5.86,11.0,97760.0
20090827:2200,38.31,10.0,0.0,0.0,0.0,397.25,6.28,10.0,97751.0
20090827:2300,37.31,10.55,0.0,0.0,0.0,395.85,6.41,16.0,97760.0
20090828:0000,36.28,11.05,0.0,0.0,0.0,390.6,6.21,34.0,97741.0
20090828:0100,35.4,11.35,0.0,0.0,0.0,386.05,6.14,61.0,97702.0
20090828:0200,34.46,12.0,0.0,0.0,0.0,381.8,5.72,79.0,97702.0
20090828:0300,33.4,12.9,0.0,0.0,0.0,379.0,5.24,91.0,97663.0
20090828:0400,32.37,14.0,0.0,0.0,0.0,375.8,4.97,97.0,97722.0
20090828:0500,31.35,15.15,0.0,0.0,0.0,372.2,4.97,96.0,97741.0
20090828:0600,30.57,15.9,61.0,226.73,37.0,369.2,5.1,95.0,97809.0
20090828:0700,31.33,15.1,280.0,520.74,108.0,373.6,4.28,86.0,97828.0
20090828:0800,33.99,12.65,514.0,684.46,146.0,372.0,4.62,92.0,97896.0
20090828:0900,36.8,10.5,727.0,797.16,158.0,380.0,5.45,100.0,97896.0
20090828:1000,39.51,9.05,887.0,843.28,173.0,389.6,5.17,105.0,97945.0
20090828:1100,41.57,8.15,983.0,859.47,186.0,399.45,4.48,105.0,97935.0
20090828:1200,42.63,7.75,1002.0,836.69,207.0,408.85,3.45,88.0,97848.0
20090828:1300,43.36,7.4,963.0,840.55,195.0,414.25,3.17,57.0,97789.0
20090828:1400,43.9,6.8,867.0,866.7,156.0,417.85,3.79,35.0,97712.0
20090828:1500,44.07,6.45,683.0,770.11,162.0,414.25,4.55,27.0,97654.0
20090828:1600,44.01,6.4,453.0,603.63,156.0,411.05,5.1,27.0,97615.0
20090828:1700,43.58,6.5,233.0,490.33,96.0,407.05,5.38,28.0,97596.0
20090828:1800,42.7,6.85,25.0,131.67,18.0,402.45,4.69,25.0,97596.0
20090828:1900,40.74,8.1,0.0,0.0,0.0,399.25,4.28,14.0,97576.0
20090828:2000,39.17,8.95,0.0,0.0,0.0,395.05,4.41,14.0,97644.0
20090828:2100,37.75,9.8,0.0,0.0,0.0,390.6,4.55,19.0,97741.0
20090828:2200,36.36,10.6,0.0,0.0,0.0,387.0,4.55,26.0,97780.0
20090828:2300,35.01,11.5,0.0,0.0,0.0,383.0,4.41,34.0,97751.0
20090829:0000,33.63,12.5,0.0,0.0,0.0,379.4,4.21,48.0,97722.0
20090829:0100,32.3,13.5,0.0,0.0,0.0,375.25,3.86,67.0,97722.0
20090829:0200,31.1,14.4,0.0,0.0,0.0,371.6,3.66,88.0,97673.0
20090829:0300,30.09,14.9,0.0,0.0,0.0,367.8,3.66,111.0,97625.0
20090829:0400,29.19,15.25,0.0,0.0,0.0,365.0,3.72,126.0,97625.0
20090829:0500,28.3,15.7,0.0,0.0,0.0,362.2,3.86,134.0,97625.0
20090829:0600,27.46,16.25,60.0,211.08,38.0,360.0,3.79,139.0,97654.0
20090829:0700,28.6,15.6,276.0,501.74,111.0,361.0,3.38,134.0,97722.0
20090829:0800,32.06,12.55,504.0,647.03,157.0,365.6,3.03,136.0,97780.0
20090829:0900,35.59,10.0,711.0,739.73,184.0,374.4,3.17,144.0,97828.0
20090829:1000,38.36,8.4,876.0,811.63,190.0,384.4,3.24,157.0,97877.0
20090829:1100,40.38,7.55,966.0,812.42,214.0,394.85,2.83,174.0,97848.0
20090829:1200,41.48,7.4,989.0,805.74,225.0,403.65,1.79,223.0,97819.0
20090829:1300,42.33,7.1,945.0,793.31,222.0,409.85,2.55,278.0,97741.0
20090829:1400,42.93,6.9,841.0,790.07,195.0,411.45,3.45,292.0,97683.0
20090829:1500,43.17,6.85,672.0,740.97,173.0,410.85,3.79,297.0,97586.0
20090829:1600,43.11,6.85,445.0,579.25,162.0,408.65,3.79,299.0,97557.0
20090829:1700,42.73,7.0,225.0,460.79,98.0,404.65,3.52,301.0,97537.0
20090829:1800,42.0,7.25,22.0,122.19,16.0,400.25,2.69,300.0,97518.0
20090829:1900,40.7,7.9,0.0,0.0,0.0,393.8,1.38,277.0,97537.0
20090829:2000,39.15,10.35,0.0,0.0,0.0,390.45,0.97,218.0,97576.0
20090829:2100,37.57,10.65,0.0,0.0,0.0,387.4,1.38,178.0,97625.0
20090829:2200,37.04,10.45,0.0,0.0,0.0,384.0,1.31,150.0,97683.0
20090829:2300,33.56,13.35,0.0,0.0,0.0,381.4,2.14,62.0,97644.0
20090830:0000,32.86,14.2,0.0,0.0,0.0,377.8,5.03,44.0,97644.0
20090830:0100,31.78,17.85,0.0,0.0,0.0,373.05,6.34,52.0,97654.0
20090830:0200,31.22,22.05,0.0,0.0,0.0,369.0,7.1,59.0,97673.0
20090830:0300,30.41,26.3,0.0,0.0,0.0,368.2,7.93,62.0,97644.0
20090830:0400,29.49,29.45,0.0,0.0,0.0,366.6,8.28,66.0,97731.0
20090830:0500,28.63,31.15,0.0,0.0,0.0,364.0,8.28,68.0,97760.0
20090830:0600,28.1,31.85,46.0,87.72,37.0,361.8,7.93,69.0,97877.0
20090830:0700,29.36,29.15,247.0,348.19,133.0,368.0,7.93,73.0,97925.0
20090830:0800,31.26,25.55,511.0,682.33,146.0,374.0,8.41,74.0,98022.0
20090830:0900,33.4,21.9,710.0,739.77,184.0,378.8,8.62,74.0,98022.0
20090830:1000,35.76,18.15,870.0,796.49,198.0,390.4,8.34,72.0,98080.0
20090830:1100,37.75,15.15,964.0,811.77,214.0,394.65,7.93,68.0,98032.0
20090830:1200,39.14,12.95,981.0,789.5,234.0,403.25,7.38,63.0,97974.0
20090830:1300,40.17,11.3,937.0,777.78,230.0,406.05,7.03,57.0,97896.0
20090830:1400,40.73,10.4,834.0,774.33,203.0,407.25,6.9,51.0,97809.0
20090830:1500,40.82,10.3,673.0,753.4,168.0,406.05,6.97,46.0,97770.0
20090830:1600,40.51,10.75,444.0,587.58,159.0,403.65,6.97,42.0,97751.0
20090830:1700,39.79,11.5,224.0,474.68,95.0,400.25,6.97,41.0,97751.0
20090830:1800,38.66,12.5,21.0,133.36,15.0,394.85,6.28,39.0,97770.0
20090830:1900,36.97,14.15,0.0,0.0,0.0,389.4,5.45,42.0,97770.0
20090830:2000,35.62,15.55,0.0,0.0,0.0,384.0,5.31,41.0,97867.0
20090830:2100,34.32,17.3,0.0,0.0,0.0,380.0,5.52,39.0,97954.0
20090830:2200,33.13,19.5,0.0,0.0,0.0,376.6,5.86,40.0,97983.0
20090830:2300,32.04,22.1,0.0,0.0,0.0,373.6,6.0,40.0,97993.0
20090831:0000,31.07,24.75,0.0,0.0,0.0,371.2,5.86,42.0,98022.0
20090831:0100,30.17,27.45,0.0,0.0,0.0,369.45,5.52,44.0,98022.0
20090831:0200,29.27,30.2,0.0,0.0,0.0,367.6,5.17,49.0,98032.0
20090831:0300,28.39,33.0,0.0,0.0,0.0,366.0,4.83,53.0,98032.0
20090831:0400,27.56,35.6,0.0,0.0,0.0,362.6,4.69,57.0,98042.0
20090831:0500,26.79,38.0,0.0,0.0,0.0,359.2,4.55,60.0,98080.0
20090831:0600,26.06,40.2,55.0,178.25,37.0,355.8,4.34,61.0,98090.0
20090831:0700,26.88,38.0,276.0,518.48,107.0,357.4,3.79,59.0,98148.0
20090831:0800,29.84,32.0,504.0,657.86,153.0,363.2,4.48,56.0,98197.0
20090831:0900,32.43,27.6,716.0,768.03,171.0,372.2,5.72,53.0,98235.0
20090831:1000,34.13,24.65,874.0,812.21,190.0,381.6,6.69,48.0,98274.0
20090831:1100,35.54,21.85,963.0,812.25,214.0,389.4,6.9,42.0,98255.0
20090831:1200,36.79,19.25,979.0,789.11,234.0,395.25,6.76,37.0,98177.0
20090831:1300,37.78,17.25,940.0,793.11,221.0,400.45,6.48,31.0,98109.0
20090831:1400,38.45,15.85,831.0,773.33,203.0,402.85,6.48,24.0,98042.0
20090831:1500,38.76,15.05,666.0,739.04,173.0,402.45,6.48,20.0,97964.0
20090831:1600,38.1,13.38,440.0,585.72,158.0,393.78,5.68,17.0,97954.0
20090831:1700,37.38,14.63,220.0,470.4,94.0,391.99,5.64,17.0,97925.0
20090831:1800,36.65,15.87,17.0,97.96,13.0,390.2,5.6,17.0,97925.0
20090831:1900,35.93,17.12,0.0,0.0,0.0,388.4,5.56,24.0,97916.0
20090831:2000,35.2,18.36,0.0,0.0,0.0,386.61,5.52,27.0,98051.0
20090831:2100,34.48,19.6,0.0,0.0,0.0,384.82,5.48,27.0,98129.0
20090831:2200,33.75,20.85,0.0,0.0,0.0,383.03,5.44,27.0,98206.0
20090831:2300,33.03,22.09,0.0,0.0,0.0,381.23,5.4,30.0,98216.0
20180901:0000,32.3,23.33,0.0,0.0,0.0,379.44,5.35,36.0,98051.0
20180901:0100,31.58,24.58,0.0,0.0,0.0,377.65,5.31,37.0,98032.0
20180901:0200,30.85,25.82,0.0,0.0,0.0,375.86,5.27,39.0,98032.0
20180901:0300,30.13,27.07,0.0,0.0,0.0,374.06,5.23,44.0,98003.0
20180901:0400,29.41,28.31,0.0,0.0,0.0,372.27,5.19,49.0,98032.0
20180901:0500,28.68,29.55,0.0,0.0,0.0,370.48,5.15,53.0,98032.0
20180901:0600,27.96,30.8,52.0,161.03,36.0,368.69,5.11,51.0,98032.0
20180901:0700,27.23,32.04,265.0,477.67,110.0,366.89,5.07,38.0,98129.0
20180901:0800,30.98,28.95,493.0,642.68,151.0,375.8,5.79,38.0,98129.0
20180901:0900,33.29,26.1,704.0,761.12,165.0,384.4,6.28,41.0,98177.0
20180901:1000,35.54,22.9,868.0,832.78,168.0,394.85,6.14,42.0,98245.0
20180901:1100,37.22,19.95,924.0,741.06,242.0,405.25,5.72,39.0,98197.0
20180901:1200,38.42,17.35,977.0,824.87,200.0,413.05,5.1,36.0,98139.0
20180901:1300,39.28,15.65,932.0,812.99,197.0,418.85,4.41,29.0,98071.0
20180901:1400,39.74,14.75,828.0,808.21,174.0,423.25,4.07,23.0,97983.0
20180901:1500,40.0,14.15,656.0,745.7,161.0,423.05,3.79,18.0,97954.0
20180901:1600,40.02,13.8,447.0,663.43,130.0,418.85,3.72,13.0,97877.0
20180901:1700,39.68,13.9,218.0,500.19,86.0,413.25,3.66,11.0,97877.0
20180901:1800,39.07,14.35,9.0,0.0,9.0,406.85,3.72,6.0,97857.0
20180901:1900,37.68,15.4,0.0,0.0,0.0,402.25,3.79,359.0,97877.0
20180901:2000,36.36,16.9,0.0,0.0,0.0,394.25,4.28,2.0,97945.0
20180901:2100,35.2,18.45,0.0,0.0,0.0,391.85,4.83,5.0,98032.0
20180901:2200,34.17,20.0,0.0,0.0,0.0,388.0,5.1,7.0,98051.0
20180901:2300,33.24,21.0,0.0,0.0,0.0,384.8,5.31,9.0,98051.0
20180902:0000,32.36,21.5,0.0,0.0,0.0,381.2,5.59,14.0,98051.0
20180902:0100,31.48,22.55,0.0,0.0,0.0,378.65,5.45,25.0,98042.0
20180902:0200,30.61,24.3,0.0,0.0,0.0,375.4,5.31,34.0,98042.0
20180902:0300,29.82,26.25,0.0,0.0,0.0,373.0,5.38,38.0,98022.0
20180902:0400,29.12,28.15,0.0,0.0,0.0,371.8,5.38,39.0,98051.0
20180902:0500,28.45,29.95,0.0,0.0,0.0,370.0,5.38,40.0,98080.0
20180902:0600,27.84,31.55,53.0,173.92,36.0,367.0,5.31,42.0,98109.0
20180902:0700,28.94,27.9,259.0,448.88,114.0,381.2,4.34,57.0,98158.0
20180902:0800,31.32,24.15,475.0,569.03,173.0,392.4,3.79,68.0,98187.0
20180902:0900,34.1,20.25,693.0,730.16,177.0,398.05,3.38,92.0,98206.0
20180902:1000,36.71,17.4,851.0,785.52,192.0,403.65,3.17,121.0,98226.0
20180902:1100,38.7,15.5,916.0,725.14,250.0,417.65,2.76,148.0,98206.0
20180902:1200,39.8,14.05,957.0,776.77,227.0,427.25,2.21,162.0,98109.0
20180902:1300,40.44,13.0,928.0,809.74,198.0,427.45,1.72,153.0,98032.0
20180902:1400,40.77,12.35,743.0,564.34,288.0,433.65,1.24,146.0,97964.0
20180902:1500,40.87,12.1,630.0,661.64,193.0,434.05,1.03,118.0,97906.0
20180902:1600,40.86,12.05,430.0,601.11,145.0,438.25,1.1,89.0,97857.0
20180902:1700,40.63,12.15,175.0,246.26,111.0,426.85,1.31,69.0,97848.0
20180902:1800,40.0,12.5,0.0,0.0,0.0,417.85,2.21,69.0,97828.0
20180902:1900,39.34,13.5,0.0,0.0,0.0,423.85,2.14,58.0,97819.0
20180902:2000,38.22,14.6,0.0,0.0,0.0,407.45,2.76,54.0,97906.0
20180902:2100,36.86,15.9,0.0,0.0,0.0,404.45,3.59,52.0,97964.0
20180902:2200,35.65,17.2,0.0,0.0,0.0,399.65,4.55,48.0,97954.0
20180902:2300,34.65,18.5,0.0,0.0,0.0,398.65,5.03,46.0,98012.0
20180903:0000,33.74,19.75,0.0,0.0,0.0,396.25,4.97,46.0,97964.0
20180903:0100,32.71,21.15,0.0,0.0,0.0,389.45,4.76,45.0,97925.0
20180903:0200,31.72,22.5,0.0,0.0,0.0,386.0,4.48,46.0,97886.0
20180903:0300,30.72,23.9,0.0,0.0,0.0,383.2,4.21,47.0,97877.0
20180903:0400,29.75,25.2,0.0,0.0,0.0,380.4,3.93,48.0,97886.0
20180903:0500,28.87,26.5,0.0,0.0,0.0,378.8,3.79,48.0,97916.0
20180903:0600,28.05,27.7,52.0,176.85,35.0,376.6,3.66,46.0,97945.0
20180903:0700,29.88,24.4,258.0,447.84,114.0,402.85,3.17,70.0,97974.0
20180903:0800,32.69,20.45,471.0,557.35,176.0,399.65,2.97,83.0,98042.0
20180903:0900,35.54,17.3,696.0,744.48,171.0,406.45,3.17,105.0,98042.0
20180903:1000,37.89,15.2,845.0,770.36,200.0,417.45,2.97,126.0,98090.0
20180903:1100,39.43,13.85,925.0,753.94,234.0,421.45,2.48,148.0,97983.0
20180903:1200,40.36,13.15,966.0,806.36,210.0,442.65,1.24,142.0,97877.0
20180903:1300,40.75,12.65,921.0,795.4,206.0,435.65,0.34,44.0,97819.0
20180903:1400,41.18,12.1,776.0,664.8,242.0,434.25,0.83,347.0,97741.0
20180903:1500,41.35,11.85,644.0,727.45,166.0,437.65,1.24,356.0,97702.0
20180903:1600,41.31,11.75,429.0,610.16,142.0,432.85,1.52,356.0,97673.0
20180903:1700,41.07,11.8,198.0,406.51,94.0,428.25,1.59,360.0,97654.0
20180903:1800,40.69,12.0,0.0,0.0,0.0,427.25,1.72,4.0,97683.0
20180903:1900,39.9,12.65,0.0,0.0,0.0,421.45,2.21,354.0,97673.0
20180903:2000,38.92,13.55,0.0,0.0,0.0,419.45,2.55,356.0,97770.0
20180903:2100,37.54,14.7,0.0,0.0,0.0,408.85,2.97,2.0,97828.0
20180903:2200,36.13,15.9,0.0,0.0,0.0,401.05,3.17,11.0,97877.0
20180903:2300,34.88,16.9,0.0,0.0,0.0,398.65,3.38,19.0,97857.0
20180904:0000,33.77,17.65,0.0,0.0,0.0,393.65,3.66,24.0,97838.0
20180904:0100,32.86,18.15,0.0,0.0,0.0,390.45,4.0,28.0,97819.0
20180904:0200,32.0,18.85,0.0,0.0,0.0,385.6,4.28,31.0,97741.0
20180904:0300,31.08,19.95,0.0,0.0,0.0,383.2,4.34,37.0,97770.0
20180904:0400,30.06,21.55,0.0,0.0,0.0,379.4,4.0,45.0,97760.0
20180904:0500,29.01,23.55,0.0,0.0,0.0,375.4,3.66,56.0,97799.0
20180904:0600,28.1,25.6,41.0,84.65,33.0,374.2,3.52,64.0,97857.0
20180904:0700,29.61,24.45,266.0,499.91,106.0,385.0,3.59,71.0,97906.0
20180904:0800,32.64,20.85,487.0,615.73,162.0,384.0,3.45,74.0,97983.0
20180904:0900,35.96,17.35,711.0,785.89,158.0,391.4,3.38,82.0,97964.0
20180904:1000,38.73,14.75,862.0,812.62,183.0,404.05,2.76,99.0,98042.0
20180904:1100,40.59,12.9,923.0,735.87,250.0,416.45,1.59,126.0,97954.0
20180904:1200,41.33,11.55,970.0,802.99,219.0,426.65,0.76,312.0,97886.0
20180904:1300,42.02,10.7,923.0,791.07,214.0,429.05,1.86,312.0,97838.0
20180904:1400,42.43,10.15,805.0,744.82,209.0,427.85,2.55,313.0,97751.0
20180904:1500,42.62,9.8,645.0,726.7,170.0,425.45,2.9,314.0,97712.0
20180904:1600,42.48,9.65,424.0,589.41,149.0,421.85,3.17,317.0,97693.0
20180904:1700,42.09,9.7,206.0,476.7,86.0,415.45,3.17,320.0,97702.0
20180904:1800,41.46,10.0,0.0,0.0,0.0,408.85,3.03,327.0,97702.0
20180904:1900,40.12,11.35,0.0,0.0,0.0,405.45,2.69,333.0,97731.0
20180904:2000,38.91,12.3,0.0,0.0,0.0,404.85,2.76,344.0,97809.0
20180904:2100,37.47,13.5,0.0,0.0,0.0,398.45,2.97,357.0,97857.0
20180904:2200,36.0,14.85,0.0,0.0,0.0,394.45,3.17,9.0,97867.0
20180904:2300,34.65,16.15,0.0,0.0,0.0,391.0,3.38,18.0,97838.0
20180905:0000,33.48,17.25,0.0,0.0,0.0,387.6,3.72,23.0,97867.0
20180905:0100,32.57,17.85,0.0,0.0,0.0,385.25,4.07,28.0,97809.0
20180905:0200,31.82,18.05,0.0,0.0,0.0,381.6,4.34,34.0,97809.0
20180905:0300,31.19,18.15,0.0,0.0,0.0,377.8,4.48,40.0,97819.0
20180905:0400,30.49,18.75,0.0,0.0,0.0,374.8,4.48,46.0,97877.0
20180905:0500,29.62,19.95,0.0,0.0,0.0,372.4,4.34,51.0,97896.0
20180905:0600,28.76,21.45,44.0,118.42,33.0,370.6,4.21,55.0,97945.0
20180905:0700,29.69,20.95,267.0,511.67,104.0,373.6,3.86,54.0,98012.0
20180905:0800,32.91,18.2,479.0,588.96,169.0,379.8,3.86,55.0,98061.0
20180905:0900,36.55,15.75,693.0,726.4,183.0,390.0,4.0,58.0,98071.0
20180905:1000,39.59,13.7,840.0,750.76,214.0,402.85,3.86,65.0,98100.0
20180905:1100,41.36,12.4,909.0,705.72,265.0,415.25,2.9,63.0,98051.0
20180905:1200,42.2,11.05,949.0,755.7,244.0,425.45,2.07,36.0,97974.0
20180905:1300,42.77,10.1,919.0,789.01,214.0,428.85,2.07,8.0,97906.0
20180905:1400,43.17,9.55,795.0,726.4,216.0,429.25,2.41,356.0,97809.0
20180905:1500,43.38,9.2,622.0,656.79,195.0,427.05,2.97,353.0,97751.0
20180905:1600,43.31,9.1,423.0,607.29,142.0,423.65,3.31,355.0,97722.0
20180905:1700,42.99,9.2,199.0,452.37,87.0,421.65,3.52,357.0,97722.0
20180905:1800,42.27,9.6,0.0,0.0,0.0,418.85,3.45,351.0,97683.0
20180905:1900,40.85,9.55,0.0,0.0,0.0,411.05,4.14,345.0,97712.0
20180905:2000,39.39,10.2,0.0,0.0,0.0,400.65,4.62,351.0,97760.0
20180905:2100,38.15,10.85,0.0,0.0,0.0,397.45,4.97,358.0,97828.0
20180905:2200,36.98,11.65,0.0,0.0,0.0,394.0,4.97,5.0,97819.0
20180905:2300,35.86,12.5,0.0,0.0,0.0,391.85,4.97,11.0,97809.0
20180906:0000,34.67,13.6,0.0,0.0,0.0,389.4,4.76,16.0,97780.0
20180906:0100,33.44,14.95,0.0,0.0,0.0,387.05,4.48,27.0,97712.0
20180906:0200,32.22,16.6,0.0,0.0,0.0,383.2,4.21,58.0,97712.0
20180906:0300,31.5,17.65,0.0,0.0,0.0,379.0,4.34,97.0,97731.0
20180906:0400,31.06,17.8,0.0,0.0,0.0,375.6,4.55,118.0,97731.0
20180906:0500,30.45,17.9,0.0,0.0,0.0,372.6,4.62,122.0,97780.0
20180906:0600,29.91,17.95,44.0,120.52,33.0,370.6,4.69,123.0,97819.0
20180906:0700,31.07,16.55,148.0,50.46,132.0,375.2,4.62,122.0,97877.0
20180906:0800,34.08,13.65,458.0,512.53,189.0,379.8,5.03,125.0,97906.0
20180906:0900,37.07,11.45,691.0,726.62,182.0,395.85,6.62,128.0,97945.0
20180906:1000,39.39,10.05,857.0,810.06,183.0,397.85,7.52,129.0,97954.0
20180906:1100,41.13,9.15,943.0,808.36,207.0,405.85,7.1,128.0,97896.0
20180906:1200,42.27,8.7,968.0,815.68,209.0,414.45,6.0,124.0,97789.0
20180906:1300,43.04,8.55,926.0,819.53,196.0,423.25,4.83,109.0,97731.0
20180906:1400,43.38,8.55,814.0,799.84,179.0,423.85,4.21,77.0,97615.0
20180906:1500,43.54,8.3,646.0,762.48,153.0,424.45,4.41,53.0,97547.0
20180906:1600,43.41,8.0,438.0,701.82,116.0,417.85,4.76,42.0,97479.0
20180906:1700,42.98,7.85,199.0,480.71,82.0,412.85,4.97,37.0,97460.0
20180906:1800,42.0,8.05,0.0,0.0,0.0,405.85,4.28,35.0,97440.0
20180906:1900,40.33,9.95,0.0,0.0,0.0,407.05,3.45,8.0,97450.0
20180906:2000,38.81,10.85,0.0,0.0,0.0,405.25,3.86,16.0,97528.0
20180906:2100,37.46,11.55,0.0,0.0,0.0,402.85,4.34,28.0,97557.0
20180906:2200,36.08,12.0,0.0,0.0,0.0,392.65,4.48,44.0,97547.0
20180906:2300,34.84,12.0,0.0,0.0,0.0,385.0,4.69,64.0,97528.0
20180907:0000,33.79,12.0,0.0,0.0,0.0,379.6,4.97,82.0,97537.0
20180907:0100,32.78,12.6,0.0,0.0,0.0,374.65,5.17,92.0,97489.0
20180907:0200,31.82,13.65,0.0,0.0,0.0,371.4,5.17,97.0,97479.0
20180907:0300,30.86,14.95,0.0,0.0,0.0,368.6,4.9,100.0,97489.0
20180907:0400,29.94,16.35,0.0,0.0,0.0,366.8,4.9,101.0,97479.0
20180907:0500,29.17,17.65,0.0,0.0,0.0,364.0,4.9,102.0,97499.0
20180907:0600,28.44,18.95,40.0,100.39,31.0,362.2,4.55,102.0,97528.0
20180907:0700,29.1,18.4,264.0,507.08,104.0,362.8,3.93,102.0,97576.0
20180907:0800,32.13,15.6,484.0,617.2,161.0,367.8,3.52,103.0,97586.0
20180907:0900,35.63,12.8,693.0,731.18,182.0,376.8,3.31,106.0,97634.0
20180907:1000,38.4,10.75,840.0,755.23,213.0,388.4,2.76,116.0,97654.0
20180907:1100,40.0,9.45,903.0,695.74,271.0,399.65,1.31,141.0,97625.0
20180907:1200,40.85,8.55,943.0,744.56,252.0,409.05,0.76,318.0,97557.0
20180907:1300,41.89,7.95,912.0,777.1,222.0,412.25,2.41,326.0,97528.0
20180907:1400,42.43,7.7,792.0,729.76,215.0,413.05,3.31,330.0,97450.0
20180907:1500,42.62,7.65,628.0,698.33,179.0,412.65,3.59,336.0,97402.0
20180907:1600,42.54,7.8,420.0,619.98,138.0,411.25,3.86,343.0,97382.0
20180907:1700,42.11,8.0,191.0,443.22,85.0,408.05,4.0,350.0,97392.0
20180907:1800,41.23,8.4,0.0,0.0,0.0,403.65,3.66,359.0,97392.0
20180907:1900,39.88,9.15,0.0,0.0,0.0,400.85,3.38,2.0,97421.0
20180907:2000,38.5,9.8,0.0,0.0,0.0,397.05,3.52,9.0,97528.0
20180907:2100,37.09,10.45,0.0,0.0,0.0,393.45,3.66,18.0,97566.0
20180907:2200,35.74,11.1,0.0,0.0,0.0,390.0,3.66,28.0,97605.0
20180907:2300,34.44,11.75,0.0,0.0,0.0,386.4,3.72,43.0,97586.0
20180908:0000,33.2,12.3,0.0,0.0,0.0,383.6,4.07,58.0,97586.0
20180908:0100,32.26,12.75,0.0,0.0,0.0,381.65,4.41,71.0,97518.0
20180908:0200,31.46,13.3,0.0,0.0,0.0,378.6,4.62,78.0,97508.0
20180908:0300,30.69,14.2,0.0,0.0,0.0,378.2,4.48,82.0,97479.0
20180908:0400,29.81,15.4,0.0,0.0,0.0,375.6,4.48,86.0,97518.0
20180908:0500,29.01,16.65,0.0,0.0,0.0,375.2,4.62,92.0,97537.0
20180908:0600,28.59,17.55,45.0,147.68,32.0,381.2,4.55,97.0,97586.0
20180908:0700,30.06,16.7,258.0,484.08,106.0,373.4,4.76,106.0,97654.0
20180908:0800,33.26,14.0,467.0,561.54,174.0,374.8,4.48,110.0,97712.0
20180908:0900,37.02,11.25,678.0,694.19,194.0,386.4,4.21,138.0,97789.0
20180908:1000,39.04,9.7,827.0,731.58,221.0,397.45,4.76,192.0,97828.0
20180908:1100,40.3,8.8,935.0,803.33,207.0,405.85,4.55,209.0,97809.0
20180908:1200,41.86,8.2,960.0,811.4,209.0,408.85,4.48,212.0,97731.0
20180908:1300,43.26,8.15,912.0,798.84,205.0,415.45,5.17,220.0,97654.0
20180908:1400,44.01,8.1,778.0,707.4,221.0,420.85,5.17,222.0,97596.0
20180908:1500,44.2,7.95,595.0,599.09,212.0,424.85,4.55,223.0,97547.0
20180908:1600,44.02,8.05,344.0,321.61,199.0,423.25,3.86,224.0,97528.0
20180908:1700,43.61,8.25,192.0,489.59,77.0,420.65,3.31,225.0,97537.0
20180908:1800,42.71,8.75,0.0,0.0,0.0,422.05,2.62,229.0,97547.0
20180908:1900,41.38,8.85,0.0,0.0,0.0,412.65,2.69,208.0,97586.0
20180908:2000,39.9,9.8,0.0,0.0,0.0,412.65,2.76,211.0,97644.0
20180908:2100,38.36,10.85,0.0,0.0,0.0,403.05,2.83,216.0,97741.0
20180908:2200,36.83,11.9,0.0,0.0,0.0,399.65,3.03,225.0,97731.0
20180908:2300,35.4,12.95,0.0,0.0,0.0,394.85,3.31,233.0,97770.0
20180909:0000,33.99,14.1,0.0,0.0,0.0,389.0,3.59,237.0,97751.0
20180909:0100,32.8,15.3,0.0,0.0,0.0,393.45,3.59,240.0,97741.0
20180909:0200,31.59,16.75,0.0,0.0,0.0,387.8,3.17,245.0,97702.0
20180909:0300,30.71,18.55,0.0,0.0,0.0,379.2,1.66,261.0,97663.0
20180909:0400,31.96,16.6,0.0,0.0,0.0,382.4,0.9,14.0,97702.0
20180909:0500,29.67,19.55,0.0,0.0,0.0,375.4,1.59,64.0,97731.0
20180909:0600,27.67,22.1,40.0,104.17,31.0,376.4,2.34,132.0,97770.0
20180909:0700,30.5,18.8,221.0,288.04,131.0,378.8,0.69,218.0,97877.0
20180909:0800,31.47,20.2,425.0,409.45,212.0,384.6,0.69,198.0,97916.0
20180909:0900,35.12,14.55,656.0,628.31,219.0,388.4,1.31,206.0,97945.0
20180909:1000,38.15,12.5,788.0,623.16,273.0,400.05,2.0,223.0,98022.0
20180909:1100,40.8,10.8,335.0,3.32,332.0,411.45,2.9,236.0,97945.0
20180909:1200,42.8,9.45,489.0,49.84,443.0,421.05,4.21,243.0,97886.0
20180909:1300,43.84,8.6,868.0,681.34,267.0,426.25,4.41,237.0,97828.0
20180909:1400,44.09,8.0,739.0,600.73,268.0,435.45,3.86,216.0,97770.0
20180909:1500,44.03,7.75,600.0,634.06,197.0,448.85,3.72,192.0,97731.0
20180909:1600,43.87,7.6,373.0,447.62,173.0,434.45,3.72,191.0,97693.0
20180909:1700,43.53,7.7,171.0,351.28,90.0,422.25,3.24,195.0,97693.0
20180909:1800,42.69,8.1,0.0,0.0,0.0,424.45,2.21,192.0,97683.0
20180909:1900,41.93,8.15,0.0,0.0,0.0,446.65,1.86,209.0,97741.0
20180909:2000,40.37,9.4,0.0,0.0,0.0,430.25,1.79,203.0,97780.0
20180909:2100,38.32,11.5,0.0,0.0,0.0,414.65,1.72,186.0,97867.0
20180909:2200,36.87,11.8,0.0,0.0,0.0,419.45,2.34,171.0,97877.0
20180909:2300,36.01,12.2,0.0,0.0,0.0,419.85,3.52,176.0,97857.0
20180910:0000,35.01,13.5,0.0,0.0,0.0,406.65,4.48,191.0,97896.0
20180910:0100,34.35,14.8,0.0,0.0,0.0,412.25,4.55,203.0,97877.0
20180910:0200,33.44,16.3,0.0,0.0,0.0,405.05,4.21,213.0,97867.0
20180910:0300,32.61,17.6,0.0,0.0,0.0,405.45,4.0,217.0,97867.0
20180910:0400,31.7,18.9,0.0,0.0,0.0,396.65,3.79,224.0,97906.0
20180910:0500,30.59,20.45,0.0,0.0,0.0,382.6,3.45,244.0,97964.0
20180910:0600,29.64,21.8,35.0,70.78,29.0,382.4,3.24,271.0,98012.0
20180910:0700,30.74,20.75,182.0,141.53,138.0,396.05,2.97,252.0,98100.0
20180910:0800,33.84,17.4,424.0,408.78,212.0,397.45,3.79,247.0,98177.0
20180910:0900,36.07,15.75,625.0,533.3,255.0,396.65,5.17,232.0,98255.0
20180910:1000,38.03,15.15,800.0,662.24,254.0,400.45,6.07,232.0,98255.0
20180910:1100,39.83,14.8,905.0,728.57,248.0,412.45,6.41,238.0,98245.0
20180910:1200,41.29,13.85,933.0,749.68,243.0,419.65,6.28,244.0,98197.0
20180910:1300,42.04,12.9,875.0,708.69,252.0,432.85,5.31,241.0,98119.0
20180910:1400,42.41,12.15,727.0,575.15,278.0,442.45,4.07,242.0,98061.0
20180910:1500,42.32,11.7,644.0,823.01,124.0,440.65,2.41,242.0,98022.0
20180910:1600,42.19,11.45,332.0,302.67,198.0,434.25,1.59,204.0,97983.0
20180910:1700,41.42,12.5,143.0,198.9,98.0,438.25,4.83,169.0,97974.0
20180910:1800,39.16,16.4,0.0,0.0,0.0,426.85,7.38,200.0,98032.0
20180910:1900,39.97,11.8,0.0,0.0,0.0,426.25,2.97,210.0,98100.0
20180910:2000,38.61,13.55,0.0,0.0,0.0,421.05,4.0,206.0,98168.0
20180910:2100,37.29,15.55,0.0,0.0,0.0,416.65,4.34,209.0,98274.0
20180910:2200,36.07,17.7,0.0,0.0,0.0,415.05,4.55,224.0,98391.0
20180910:2300,34.67,20.5,0.0,0.0,0.0,401.25,4.62,242.0,98362.0
20180911:0000,33.46,23.5,0.0,0.0,0.0,394.25,4.48,260.0,98362.0
20180911:0100,32.49,26.0,0.0,0.0,0.0,390.45,4.48,273.0,98332.0
20180911:0200,31.61,28.05,0.0,0.0,0.0,387.6,4.0,283.0,98342.0
20180911:0300,30.66,29.9,0.0,0.0,0.0,385.8,3.45,300.0,98323.0
20180911:0400,29.79,31.35,0.0,0.0,0.0,385.4,3.38,324.0,98303.0
20180911:0500,29.1,32.15,0.0,0.0,0.0,388.6,3.45,343.0,98313.0
20180911:0600,28.5,32.45,32.0,60.15,27.0,391.2,3.31,355.0,98323.0
20180911:0700,29.95,29.75,229.0,342.7,123.0,390.4,4.34,14.0,98420.0
20180911:0800,32.84,23.8,167.0,1.93,166.0,401.25,4.76,10.0,98478.0
20180911:0900,35.5,19.25,638.0,592.46,228.0,405.65,5.38,5.0,98497.0
20180911:1000,37.86,16.0,802.0,690.59,234.0,414.65,5.93,2.0,98536.0
20180911:1100,39.53,13.75,922.0,803.81,199.0,416.05,5.66,2.0,98517.0
20180911:1200,40.7,12.2,935.0,781.28,218.0,422.25,4.69,356.0,98449.0
20180911:1300,41.42,11.4,876.0,738.56,229.0,434.85,4.28,340.0,98362.0
20180911:1400,41.58,11.25,626.0,346.11,357.0,452.45,4.62,331.0,98294.0
20180911:1500,41.56,11.3,542.0,472.92,245.0,456.65,5.1,328.0,98216.0
20180911:1600,41.29,11.6,394.0,592.8,134.0,441.65,5.66,327.0,98168.0
20180911:1700,40.44,12.8,167.0,383.11,82.0,449.05,7.45,324.0,98168.0
20180911:1800,38.85,15.25,0.0,0.0,0.0,442.45,9.1,323.0,98197.0
20180911:1900,38.6,14.6,0.0,0.0,0.0,434.45,8.14,329.0,98245.0
20180911:2000,37.65,15.65,0.0,0.0,0.0,436.85,9.03,326.0,98352.0
20180911:2100,36.07,19.05,0.0,0.0,0.0,422.25,11.31,332.0,98468.0
20180911:2200,33.79,26.1,0.0,0.0,0.0,411.85,12.83,339.0,98536.0
20180911:2300,31.95,32.15,0.0,0.0,0.0,404.65,12.62,348.0,98526.0
20180912:0000,31.13,34.3,0.0,0.0,0.0,403.45,12.14,350.0,98488.0
20180912:0100,30.26,36.6,0.0,0.0,0.0,395.05,11.45,351.0,98420.0
20180912:0200,29.61,38.4,0.0,0.0,0.0,391.25,10.83,348.0,98400.0
20180912:0300,29.05,39.8,0.0,0.0,0.0,390.2,10.41,343.0,98362.0
20180912:0400,28.46,41.55,0.0,0.0,0.0,384.6,10.34,345.0,98381.0
20180912:0500,28.01,42.85,0.0,0.0,0.0,382.8,10.28,350.0,98410.0
20180912:0600,27.67,43.55,35.0,85.91,28.0,378.2,9.86,353.0,98410.0
20180912:0700,28.39,40.0,234.0,376.97,118.0,374.8,8.28,357.0,98449.0
20180912:0800,29.81,36.75,441.0,487.05,190.0,376.0,9.86,358.0,98478.0
20180912:0900,31.71,32.7,657.0,657.75,203.0,383.0,10.07,2.0,98526.0
20180912:1000,33.84,28.4,781.0,628.93,265.0,394.45,9.24,7.0,98614.0
20180912:1100,35.94,24.25,898.0,734.58,239.0,401.65,7.93,9.0,98526.0
20180912:1200,37.72,20.85,946.0,815.29,200.0,412.05,6.62,5.0,98439.0
20180912:1300,39.03,18.6,882.0,757.22,221.0,420.25,5.72,354.0,98400.0
20180912:1400,39.8,17.35,740.0,642.35,243.0,423.85,5.52,341.0,98265.0
20180912:1500,40.1,16.9,548.0,496.67,238.0,432.65,5.72,335.0,98226.0
20180912:1600,40.02,17.0,354.0,416.63,173.0,437.85,6.14,333.0,98187.0
20180912:1700,39.42,17.8,154.0,308.09,87.0,428.85,6.21,336.0,98197.0
20180912:1800,38.41,19.25,0.0,0.0,0.0,420.25,6.14,332.0,98158.0
20180912:1900,37.07,20.4,0.0,0.0,0.0,411.85,5.38,323.0,98206.0
20180912:2000,35.88,22.3,0.0,0.0,0.0,408.05,6.14,321.0,98216.0
20180912:2100,34.82,24.3,0.0,0.0,0.0,405.05,6.83,322.0,98284.0
20180912:2200,33.87,26.05,0.0,0.0,0.0,401.25,7.31,326.0,98303.0
20180912:2300,33.02,27.7,0.0,0.0,0.0,397.85,7.86,332.0,98255.0
20180913:0000,32.03,30.2,0.0,0.0,0.0,394.0,8.14,338.0,98197.0
20180913:0100,31.0,33.5,0.0,0.0,0.0,391.05,7.66,342.0,98148.0
20180913:0200,30.05,36.8,0.0,0.0,0.0,385.6,7.59,345.0,98100.0
20180913:0300,29.33,39.3,0.0,0.0,0.0,383.0,7.79,349.0,98061.0
20180913:0400,28.75,40.8,0.0,0.0,0.0,379.6,7.93,354.0,98051.0
20180913:0500,28.27,41.7,0.0,0.0,0.0,378.6,7.72,358.0,98090.0
20180913:0600,27.86,42.5,26.0,25.05,24.0,377.4,7.24,360.0,98119.0
20180913:0700,28.38,40.9,233.0,375.69,118.0,372.4,6.0,359.0,98177.0
20180913:0800,30.06,36.4,458.0,554.83,173.0,376.8,7.17,354.0,98216.0
20180913:0900,32.13,31.5,667.0,688.56,193.0,384.4,7.52,351.0,98216.0
20180913:1000,34.42,26.6,806.0,698.96,234.0,392.65,7.38,352.0,98265.0
20180913:1100,36.63,22.25,926.0,813.67,198.0,403.05,7.17,353.0,98177.0
20180913:1200,38.34,19.35,933.0,775.01,226.0,411.85,6.9,352.0,98119.0
20180913:1300,39.55,17.45,898.0,807.11,196.0,418.65,6.69,350.0,98061.0
20180913:1400,40.33,16.15,762.0,712.82,213.0,420.65,6.62,348.0,97945.0
20180913:1500,40.57,15.55,600.0,690.03,172.0,420.85,6.55,347.0,97857.0
20180913:1600,40.3,15.65,388.0,590.38,134.0,430.25,6.62,348.0,97799.0
20180913:1700,39.76,16.15,162.0,394.29,78.0,421.65,6.69,350.0,97828.0
20180913:1800,38.81,17.25,0.0,0.0,0.0,424.05,5.93,349.0,97819.0
20180913:1900,37.41,18.55,0.0,0.0,0.0,407.85,4.83,331.0,97867.0
20180913:2000,36.11,20.1,0.0,0.0,0.0,401.05,4.76,328.0,97945.0
20180913:2100,34.93,21.75,0.0,0.0,0.0,397.85,4.9,324.0,98022.0
20180913:2200,33.85,23.5,0.0,0.0,0.0,394.65,5.24,319.0,97974.0
20180913:2300,32.92,25.3,0.0,0.0,0.0,391.6,5.38,313.0,98003.0
20180914:0000,32.01,26.95,0.0,0.0,0.0,388.6,5.66,308.0,97974.0
20180914:0100,31.11,28.3,0.0,0.0,0.0,384.65,5.79,307.0,97954.0
20180914:0200,30.15,29.85,0.0,0.0,0.0,380.6,5.79,309.0,97916.0
20180914:0300,29.18,32.0,0.0,0.0,0.0,376.6,5.59,315.0,97906.0
20180914:0400,28.27,34.9,0.0,0.0,0.0,372.8,5.1,323.0,97906.0
20180914:0500,27.4,38.05,0.0,0.0,0.0,369.6,4.41,336.0,97935.0
20180914:0600,26.58,40.95,38.0,140.71,27.0,367.6,3.72,354.0,97974.0
20180914:0700,27.23,39.55,241.0,433.54,109.0,368.8,3.03,359.0,98061.0
20180914:0800,29.74,34.45,461.0,582.07,163.0,377.0,3.31,350.0,98129.0
20180914:0900,32.36,29.95,662.0,683.16,193.0,396.25,3.59,336.0,98148.0
20180914:1000,35.09,24.8,809.0,721.61,220.0,399.65,3.93,329.0,98090.0
20180914:1100,37.21,19.8,920.0,808.06,199.0,409.05,3.52,326.0,98090.0
20180914:1200,38.61,17.3,885.0,657.56,287.0,425.05,2.9,318.0,98012.0
20180914:1300,39.56,15.5,701.0,336.96,409.0,428.45,2.34,301.0,97945.0
20180914:1400,40.25,13.6,137.0,0.0,137.0,428.85,2.28,278.0,97838.0
20180914:1500,40.54,12.95,459.0,270.96,292.0,426.05,2.48,271.0,97799.0
20180914:1600,40.46,13.0,333.0,361.5,179.0,436.65,2.76,277.0,97770.0
20180914:1700,39.99,13.6,130.0,196.56,89.0,418.85,3.24,285.0,97789.0
20180914:1800,39.19,14.65,0.0,0.0,0.0,414.05,3.59,291.0,97789.0
20180914:1900,37.97,16.0,0.0,0.0,0.0,406.05,4.0,288.0,97819.0
20180914:2000,36.79,17.8,0.0,0.0,0.0,404.25,4.21,294.0,97886.0
20180914:2100,35.67,19.6,0.0,0.0,0.0,400.05,4.48,295.0,97945.0
20180914:2200,34.67,21.3,0.0,0.0,0.0,396.85,5.03,290.0,97935.0
20180914:2300,33.76,22.9,0.0,0.0,0.0,393.8,5.17,292.0,97945.0
20180915:0000,32.9,24.2,0.0,0.0,0.0,397.45,4.62,302.0,97935.0
20180915:0100,31.84,25.35,0.0,0.0,0.0,391.05,4.14,324.0,97877.0
20180915:0200,30.77,25.95,0.0,0.0,0.0,383.6,4.07,346.0,97867.0
20180915:0300,29.91,25.95,0.0,0.0,0.0,381.6,4.28,0.0,97857.0
20180915:0400,29.11,26.2,0.0,0.0,0.0,376.6,4.28,12.0,97886.0
20180915:0500,28.29,27.35,0.0,0.0,0.0,374.6,4.28,21.0,97886.0
20180915:0600,27.57,29.05,36.0,130.71,26.0,373.8,4.14,24.0,97916.0
20180915:0700,28.36,27.6,124.0,26.42,116.0,374.4,3.1,16.0,98003.0
20180915:0800,31.01,24.0,472.0,633.04,149.0,380.0,2.9,11.0,98051.0
20180915:0900,33.81,20.7,677.0,740.57,170.0,389.0,2.76,10.0,98071.0
20180915:1000,36.6,17.9,809.0,724.77,219.0,400.45,2.55,10.0,98080.0
20180915:1100,38.57,16.0,935.0,857.54,172.0,411.85,1.72,2.0,97983.0
20180915:1200,39.67,14.8,946.0,833.93,190.0,422.05,1.17,302.0,97964.0
20180915:1300,40.59,13.6,899.0,834.0,179.0,427.25,1.66,265.0,97896.0
20180915:1400,41.16,12.75,778.0,795.59,171.0,428.05,2.0,252.0,97828.0
20180915:1500,41.4,12.1,593.0,697.32,166.0,427.85,2.21,245.0,97770.0
20180915:1600,41.46,11.65,370.0,538.26,143.0,423.45,2.62,240.0,97751.0
20180915:1700,41.04,11.55,144.0,308.65,81.0,417.05,2.48,232.0,97760.0
20180915:1800,40.59,11.75,0.0,0.0,0.0,438.65,1.93,224.0,97789.0
20180915:1900,40.06,10.45,0.0,0.0,0.0,420.85,1.72,250.0,97828.0
20180915:2000,39.25,10.7,0.0,0.0,0.0,425.85,2.28,248.0,97974.0
20180915:2100,37.95,11.85,0.0,0.0,0.0,417.05,4.55,249.0,98022.0
20180915:2200,36.5,13.9,0.0,0.0,0.0,402.85,4.48,262.0,98080.0
20180915:2300,35.17,15.75,0.0,0.0,0.0,394.0,3.17,280.0,98071.0
20180916:0000,33.59,17.8,0.0,0.0,0.0,390.45,2.69,296.0,98071.0
20180916:0100,31.88,20.25,0.0,0.0,0.0,385.85,2.34,306.0,98032.0
20180916:0200,30.77,22.25,0.0,0.0,0.0,390.85,1.86,313.0,98003.0
20180916:0300,31.34,21.0,0.0,0.0,0.0,379.4,1.17,335.0,97964.0
20180916:0400,31.0,21.25,0.0,0.0,0.0,388.8,1.17,41.0,97983.0
20180916:0500,28.29,25.4,0.0,0.0,0.0,380.4,1.93,70.0,98003.0
20180916:0600,27.05,27.4,29.0,66.82,24.0,381.8,2.34,74.0,98032.0
20180916:0700,27.23,27.85,187.0,172.67,135.0,370.8,2.14,96.0,98080.0
20180916:0800,30.76,23.4,488.0,711.94,126.0,375.0,1.38,106.0,98119.0
20180916:0900,35.21,16.65,659.0,676.77,197.0,383.6,1.52,124.0,98158.0
20180916:1000,37.77,14.25,702.0,436.05,348.0,396.45,2.62,164.0,98206.0
20180916:1100,39.32,12.8,906.0,769.83,223.0,405.05,5.03,188.0,98168.0
20180916:1200,40.16,12.1,921.0,761.37,233.0,410.25,5.93,196.0,98119.0
20180916:1300,40.52,11.85,860.0,719.77,241.0,421.45,5.24,196.0,98080.0
20180916:1400,40.67,11.65,744.0,684.87,224.0,421.65,4.55,203.0,97993.0
20180916:1500,40.59,11.6,346.0,85.48,294.0,434.65,3.93,227.0,97993.0
20180916:1600,40.19,11.95,351.0,462.35,158.0,435.65,3.17,250.0,98012.0
20180916:1700,39.87,12.3,117.0,155.3,86.0,430.25,3.52,262.0,98080.0
20180916:1800,39.11,13.5,0.0,0.0,0.0,436.45,3.72,223.0,98177.0
20180916:1900,36.67,17.85,0.0,0.0,0.0,440.45,8.83,194.0,98284.0
20180916:2000,35.8,18.4,0.0,0.0,0.0,431.05,8.97,192.0,98362.0
20180916:2100,35.19,19.2,0.0,0.0,0.0,433.05,8.69,197.0,98410.0
20180916:2200,34.62,20.1,0.0,0.0,0.0,430.25,9.52,199.0,98488.0
20180916:2300,33.64,23.15,0.0,0.0,0.0,425.85,10.21,199.0,98517.0
20180917:0000,32.29,27.7,0.0,0.0,0.0,424.25,8.97,194.0,98526.0
20180917:0100,31.29,31.05,0.0,0.0,0.0,426.65,8.69,186.0,98517.0
20180917:0200,30.27,32.85,0.0,0.0,0.0,415.85,8.62,175.0,98497.0
20180917:0300,29.46,33.9,0.0,0.0,0.0,401.05,7.93,159.0,98478.0
20180917:0400,29.71,32.4,0.0,0.0,0.0,392.85,10.34,138.0,98468.0
20180917:0500,30.81,28.25,0.0,0.0,0.0,421.65,10.62,121.0,98478.0
20180917:0600,30.98,27.3,24.0,41.02,21.0,426.45,8.55,106.0,98478.0
20180917:0700,29.71,33.3,140.0,56.77,123.0,420.05,7.38,115.0,98507.0
20180917:0800,30.25,32.4,95.0,0.0,95.0,425.05,6.28,119.0,98517.0
20180917:0900,31.28,31.45,164.0,0.0,164.0,426.65,9.1,145.0,98594.0
20180917:1000,32.39,30.65,435.0,60.53,386.0,432.65,8.55,170.0,98565.0
20180917:1100,33.78,26.9,249.0,0.0,249.0,436.45,5.86,208.0,98420.0
20180917:1200,34.04,25.8,300.0,1.11,299.0,442.85,4.28,213.0,98400.0
20180917:1300,34.28,25.25,108.0,0.0,108.0,441.05,2.9,215.0,98362.0
20180917:1400,34.44,25.0,215.0,0.0,215.0,439.25,2.55,231.0,98313.0
20180917:1500,34.44,25.35,106.0,0.0,106.0,435.45,2.34,246.0,98294.0
20180917:1600,34.39,25.5,165.0,16.94,158.0,427.85,1.38,245.0,98274.0
20180917:1700,34.16,25.9,90.0,61.5,78.0,431.05,0.69,262.0,98255.0
20180917:1800,33.86,26.3,0.0,0.0,0.0,429.25,0.55,312.0,98255.0
20180917:1900,33.23,26.7,0.0,0.0,0.0,417.65,5.38,146.0,98294.0
20180917:2000,32.21,28.55,0.0,0.0,0.0,416.45,6.07,145.0,98332.0
20180917:2100,31.37,30.95,0.0,0.0,0.0,414.85,5.17,142.0,98410.0
20180917:2200,30.67,32.55,0.0,0.0,0.0,409.25,4.41,132.0,98284.0
20180917:2300,30.14,33.15,0.0,0.0,0.0,410.65,4.21,117.0,98342.0
20180918:0000,29.46,34.1,0.0,0.0,0.0,406.85,4.14,101.0,98294.0
20180918:0100,28.89,35.45,0.0,0.0,0.0,411.25,4.07,86.0,98265.0
20180918:0200,28.28,37.35,0.0,0.0,0.0,405.85,3.59,73.0,98274.0
20180918:0300,27.71,39.2,0.0,0.0,0.0,404.25,3.52,57.0,98255.0
20180918:0400,27.25,40.75,0.0,0.0,0.0,405.45,3.72,50.0,98265.0
20180918:0500,26.78,42.05,0.0,0.0,0.0,398.65,3.86,50.0,98284.0
20180918:0600,26.43,42.55,34.0,125.97,25.0,393.85,3.86,56.0,98313.0
20180918:0700,27.62,39.15,248.0,523.94,92.0,393.4,3.1,57.0,98371.0
20180918:0800,29.85,33.35,480.0,711.11,121.0,399.25,3.86,60.0,98420.0
20180918:0900,32.15,28.45,680.0,794.25,141.0,404.05,4.28,63.0,98449.0
20180918:1000,34.35,24.35,806.0,753.17,198.0,415.45,4.28,64.0,98478.0
20180918:1100,35.3,23.9,906.0,811.83,190.0,429.05,2.97,56.0,98410.0
20180918:1200,35.88,23.6,916.0,787.62,209.0,432.85,2.21,46.0,98323.0
20180918:1300,36.53,22.95,882.0,833.29,171.0,437.05,1.66,32.0,98235.0
20180918:1400,36.98,22.4,748.0,748.89,185.0,436.65,1.66,4.0,98158.0
20180918:1500,37.29,21.95,441.0,263.25,283.0,434.05,2.21,350.0,98119.0
20180918:1600,37.34,21.75,337.0,450.14,153.0,434.25,2.69,348.0,98080.0
20180918:1700,37.05,21.95,140.0,367.3,70.0,428.25,2.9,353.0,98100.0
20180918:1800,36.42,22.65,0.0,0.0,0.0,421.25,1.93,1.0,98100.0
20180918:1900,35.9,21.7,0.0,0.0,0.0,411.25,3.59,360.0,98109.0
20180918:2000,35.12,22.5,0.0,0.0,0.0,407.25,3.66,356.0,98226.0
20180918:2100,34.36,23.1,0.0,0.0,0.0,413.45,4.07,355.0,98255.0
20180918:2200,33.55,23.75,0.0,0.0,0.0,411.25,4.62,358.0,98245.0
20180918:2300,32.8,24.4,0.0,0.0,0.0,410.25,5.17,3.0,98206.0
20180919:0000,32.04,25.4,0.0,0.0,0.0,406.45,5.52,6.0,98235.0
20180919:0100,31.19,26.7,0.0,0.0,0.0,396.65,5.66,6.0,98177.0
20180919:0200,30.4,28.05,0.0,0.0,0.0,392.25,5.72,5.0,98119.0
20180919:0300,29.53,29.6,0.0,0.0,0.0,384.6,5.79,7.0,98109.0
20180919:0400,28.67,31.15,0.0,0.0,0.0,380.8,5.52,8.0,98109.0
20180919:0500,27.74,32.75,0.0,0.0,0.0,379.2,4.97,10.0,98139.0
20180919:0600,26.81,34.15,32.0,114.73,24.0,375.0,4.28,14.0,98197.0
20180919:0700,27.65,31.0,213.0,310.8,121.0,372.2,4.34,27.0,98245.0
20180919:0800,30.05,24.8,447.0,554.69,168.0,381.4,4.76,39.0,98303.0
20180919:0900,32.35,20.15,644.0,653.31,202.0,384.2,4.62,52.0,98313.0
20180919:1000,34.58,17.25,641.0,326.75,378.0,393.25,4.28,63.0,98420.0
20180919:1100,36.36,15.4,732.0,376.45,401.0,405.05,3.79,63.0,98332.0
20180919:1200,37.64,14.15,894.0,722.13,248.0,411.45,3.66,52.0,98226.0
20180919:1300,38.61,13.4,890.0,856.68,162.0,411.85,4.28,39.0,98129.0
20180919:1400,39.13,13.05,738.0,713.93,204.0,414.65,4.76,32.0,98042.0
20180919:1500,39.48,12.9,579.0,711.34,155.0,415.25,5.24,28.0,97983.0
20180919:1600,39.4,12.95,375.0,662.72,107.0,411.85,5.59,25.0,97935.0
20180919:1700,38.97,13.1,131.0,311.75,73.0,406.45,5.86,22.0,97954.0
20180919:1800,37.98,13.55,0.0,0.0,0.0,400.65,5.38,15.0,97964.0
20180919:1900,36.76,14.15,0.0,0.0,0.0,394.85,4.69,16.0,97983.0
20180919:2000,35.5,14.95,0.0,0.0,0.0,389.85,5.38,15.0,98080.0
20180919:2100,34.42,15.6,0.0,0.0,0.0,385.8,6.07,19.0,98129.0
20180919:2200,33.55,16.35,0.0,0.0,0.0,383.0,6.55,31.0,98168.0
20180919:2300,32.8,17.9,0.0,0.0,0.0,381.0,6.69,46.0,98148.0
20180920:0000,32.02,20.05,0.0,0.0,0.0,377.6,6.55,56.0,98119.0
20180920:0100,31.19,21.6,0.0,0.0,0.0,375.25,6.41,61.0,98109.0
20180920:0200,30.37,22.9,0.0,0.0,0.0,372.0,6.28,62.0,98051.0
20180920:0300,29.6,24.05,0.0,0.0,0.0,368.6,6.14,62.0,98051.0
20180920:0400,28.92,25.2,0.0,0.0,0.0,370.0,5.93,60.0,98042.0
20180920:0500,28.16,26.55,0.0,0.0,0.0,364.4,5.72,57.0,98071.0
20180920:0600,27.43,27.95,24.0,44.11,21.0,362.2,5.59,53.0,98109.0
20180920:0700,28.03,27.05,241.0,482.59,99.0,363.4,5.52,49.0,98148.0
20180920:0800,30.22,23.95,477.0,692.49,130.0,366.6,6.07,47.0,98216.0
20180920:0900,32.76,20.5,672.0,754.69,163.0,373.6,6.9,52.0,98235.0
20180920:1000,35.25,17.2,796.0,711.53,225.0,383.0,7.03,56.0,98284.0
20180920:1100,37.13,14.65,883.0,737.01,237.0,391.4,7.17,63.0,98226.0
20180920:1200,38.17,13.45,897.0,728.02,248.0,399.05,6.55,59.0,98139.0
20180920:1300,38.87,12.8,859.0,757.41,218.0,403.65,6.21,51.0,98032.0
20180920:1400,39.36,12.3,739.0,720.3,203.0,405.65,6.21,46.0,97945.0
20180920:1500,39.52,12.05,523.0,503.46,225.0,405.65,6.34,42.0,97877.0
20180920:1600,39.36,12.05,370.0,649.99,110.0,404.45,6.55,38.0,97819.0
20180920:1700,38.8,12.4,134.0,369.15,67.0,400.85,6.83,35.0,97848.0
20180920:1800,37.61,13.5,0.0,0.0,0.0,400.05,6.62,26.0,97848.0
20180920:1900,35.45,16.7,0.0,0.0,0.0,389.2,8.14,26.0,97896.0
20180920:2000,34.57,17.75,0.0,0.0,0.0,385.8,7.66,27.0,97964.0
20180920:2100,33.78,18.85,0.0,0.0,0.0,384.4,7.17,28.0,98032.0
20180920:2200,32.88,20.1,0.0,0.0,0.0,383.6,7.17,29.0,98012.0
20180920:2300,31.94,21.7,0.0,0.0,0.0,377.8,7.17,31.0,98022.0
20180921:0000,31.05,23.45,0.0,0.0,0.0,375.0,7.24,33.0,98012.0
20180921:0100,30.23,25.3,0.0,0.0,0.0,372.65,7.24,35.0,97954.0
20180921:0200,29.48,27.15,0.0,0.0,0.0,370.4,7.1,36.0,97945.0
20180921:0300,28.79,28.8,0.0,0.0,0.0,371.4,7.03,36.0,97896.0
20180921:0400,28.13,30.4,0.0,0.0,0.0,365.8,6.9,37.0,97906.0
20180921:0500,27.54,31.9,0.0,0.0,0.0,364.8,6.69,40.0,97945.0
20180921:0600,27.05,33.25,24.0,45.27,21.0,363.8,6.48,44.0,97964.0
20180921:0700,27.96,31.8,248.0,543.66,89.0,364.8,6.55,47.0,98042.0
20180921:0800,30.12,28.35,482.0,729.22,118.0,370.0,6.97,46.0,98080.0
20180921:0900,32.7,24.7,681.0,795.78,146.0,379.2,8.07,47.0,98109.0
20180921:1000,35.08,20.95,811.0,767.45,197.0,387.6,8.76,50.0,98148.0
20180921:1100,36.77,17.25,890.0,765.69,221.0,398.25,8.21,52.0,98109.0
20180921:1200,37.77,15.35,899.0,741.87,240.0,404.45,7.31,49.0,98012.0
20180921:1300,38.34,14.5,870.0,800.93,195.0,409.45,6.62,40.0,97945.0
20180921:1400,38.54,14.25,782.0,892.94,121.0,410.85,6.76,32.0,97838.0
20180921:1500,38.53,14.2,553.0,626.14,185.0,410.85,7.03,27.0,97799.0
20180921:1600,38.16,14.55,185.0,40.45,169.0,409.65,7.38,23.0,97770.0
20180921:1700,37.44,14.5,134.0,395.6,64.0,414.45,7.45,22.0,97780.0
20180921:1800,36.44,15.3,0.0,0.0,0.0,413.25,7.03,15.0,97789.0
20180921:1900,35.12,15.95,0.0,0.0,0.0,398.85,7.03,9.0,97828.0
20180921:2000,34.22,16.1,0.0,0.0,0.0,399.85,7.38,10.0,97925.0
20180921:2100,33.29,16.6,0.0,0.0,0.0,393.85,7.31,12.0,97983.0
20180921:2200,32.42,17.5,0.0,0.0,0.0,389.45,7.1,16.0,98003.0
20180921:2300,31.52,18.8,0.0,0.0,0.0,382.8,6.83,21.0,98003.0
20180922:0000,30.62,20.45,0.0,0.0,0.0,378.0,6.48,23.0,98012.0
20180922:0100,29.61,22.35,0.0,0.0,0.0,370.65,6.28,23.0,97974.0
20180922:0200,28.72,24.2,0.0,0.0,0.0,369.8,6.21,23.0,97935.0
20180922:0300,28.02,25.75,0.0,0.0,0.0,368.8,6.34,28.0,97906.0
20180922:0400,27.79,26.85,0.0,0.0,0.0,370.0,6.48,37.0,97925.0
20180922:0500,27.5,28.0,0.0,0.0,0.0,364.6,6.48,42.0,97983.0
20180922:0600,27.06,28.9,20.0,31.0,18.0,364.4,6.41,42.0,98003.0
20180922:0700,27.75,27.8,219.0,361.26,114.0,373.2,4.97,58.0,98071.0
20180922:0800,30.02,23.95,346.0,223.25,235.0,372.2,5.24,68.0,98129.0
20180922:0900,32.67,21.6,626.0,605.88,220.0,380.6,5.52,81.0,98158.0
20180922:1000,34.88,20.75,779.0,679.58,237.0,393.25,5.45,87.0,98206.0
20180922:1100,36.61,19.05,905.0,822.16,189.0,401.45,5.59,85.0,98168.0
20180922:1200,37.73,17.0,923.0,828.17,190.0,409.45,6.07,83.0,98119.0
20180922:1300,38.5,15.45,872.0,826.99,178.0,412.25,6.14,81.0,98003.0
20180922:1400,38.95,14.1,140.0,0.0,140.0,413.65,6.21,78.0,97935.0
20180922:1500,39.28,13.2,69.0,0.0,69.0,416.25,6.34,73.0,97848.0
20180922:1600,39.02,12.65,152.0,12.78,147.0,416.25,6.21,70.0,97828.0
20180922:1700,38.51,12.4,48.0,5.8,47.0,423.65,5.72,70.0,97809.0
20180922:1800,37.55,12.55,0.0,0.0,0.0,414.05,4.9,68.0,97886.0
20180922:1900,36.03,14.1,0.0,0.0,0.0,416.45,8.0,52.0,97983.0
20180922:2000,35.19,15.15,0.0,0.0,0.0,420.65,9.1,46.0,98109.0
20180922:2100,34.11,16.1,0.0,0.0,0.0,397.25,9.93,44.0,98168.0
20180922:2200,32.94,18.5,0.0,0.0,0.0,393.6,10.69,47.0,98168.0
20180922:2300,32.17,20.95,0.0,0.0,0.0,404.85,10.69,52.0,98206.0
20180923:0000,31.14,23.7,0.0,0.0,0.0,379.4,10.14,56.0,98168.0
20180923:0100,30.34,25.8,0.0,0.0,0.0,375.85,9.86,58.0,98177.0
20180923:0200,29.69,27.05,0.0,0.0,0.0,376.4,9.45,62.0,98187.0
20180923:0300,29.05,28.05,0.0,0.0,0.0,374.4,8.83,65.0,98177.0
20180923:0400,28.44,29.1,0.0,0.0,0.0,371.0,8.34,68.0,98216.0
20180923:0500,27.81,30.45,0.0,0.0,0.0,367.6,7.79,68.0,98255.0
20180923:0600,27.19,32.2,15.0,15.94,14.0,364.2,7.45,66.0,98294.0
20180923:0700,27.9,30.5,126.0,41.55,114.0,370.6,6.55,69.0,98342.0
20180923:0800,29.32,28.75,332.0,199.92,233.0,373.2,7.17,72.0,98420.0
20180923:0900,30.9,26.45,678.0,828.01,125.0,385.8,7.72,82.0,98458.0
20180923:1000,32.3,24.25,828.0,869.17,137.0,404.45,7.31,100.0,98468.0
20180923:1100,33.47,22.25,905.0,853.69,164.0,410.05,6.34,127.0,98468.0
20180923:1200,33.99,22.25,810.0,544.32,330.0,418.25,5.24,137.0,98362.0
20180923:1300,33.64,24.1,803.0,643.87,265.0,423.85,4.41,118.0,98284.0
20180923:1400,33.79,23.65,382.0,53.25,343.0,427.85,3.52,82.0,98226.0
20180923:1500,33.71,23.2,346.0,112.2,281.0,427.85,3.52,59.0,98197.0
20180923:1600,33.45,23.45,162.0,23.27,153.0,426.85,3.79,56.0,98158.0
20180923:1700,32.86,24.55,81.0,77.46,68.0,428.65,4.07,46.0,98177.0
20180923:1800,32.44,25.2,0.0,0.0,0.0,415.25,4.21,21.0,98187.0
20180923:1900,32.49,22.95,0.0,0.0,0.0,402.05,3.1,42.0,98255.0
20180923:2000,31.53,24.85,0.0,0.0,0.0,404.65,3.66,26.0,98352.0
20180923:2100,30.73,26.5,0.0,0.0,0.0,394.25,4.62,25.0,98391.0
20180923:2200,30.5,27.05,0.0,0.0,0.0,406.25,5.45,32.0,98439.0
20180923:2300,29.81,29.2,0.0,0.0,0.0,402.85,6.28,31.0,98468.0
20180924:0000,28.63,33.55,0.0,0.0,0.0,385.25,6.76,20.0,98478.0
20180924:0100,27.98,36.6,0.0,0.0,0.0,385.25,6.76,16.0,98429.0
20180924:0200,27.49,38.2,0.0,0.0,0.0,379.2,6.62,16.0,98391.0
20180924:0300,27.0,39.65,0.0,0.0,0.0,383.8,6.41,19.0,98313.0
20180924:0400,26.38,41.35,0.0,0.0,0.0,377.4,5.93,26.0,98303.0
20180924:0500,25.8,42.7,0.0,0.0,0.0,372.0,5.66,33.0,98323.0
20180924:0600,25.45,43.3,20.0,32.81,18.0,378.2,5.72,36.0,98332.0
20180924:0700,25.19,44.0,234.0,487.89,94.0,365.6,4.21,55.0,98410.0
20180924:0800,27.43,38.6,469.0,711.71,118.0,371.8,4.97,55.0,98468.0
20180924:0900,29.77,33.6,659.0,760.23,153.0,383.6,5.38,59.0,98526.0
20180924:1000,31.68,29.75,808.0,806.38,169.0,398.25,4.9,68.0,98575.0
20180924:1100,33.08,27.35,883.0,791.85,198.0,409.05,3.59,80.0,98546.0
20180924:1200,33.56,26.5,865.0,696.62,253.0,422.05,2.69,94.0,98429.0
20180924:1300,33.98,25.7,821.0,709.2,231.0,421.45,2.55,98.0,98332.0
20180924:1400,34.42,24.8,757.0,867.65,125.0,423.45,2.69,91.0,98255.0
20180924:1500,34.87,24.0,557.0,716.46,145.0,421.05,2.55,88.0,98206.0
20180924:1600,35.0,23.75,176.0,39.24,161.0,416.05,1.72,90.0,98187.0
20180924:1700,34.71,24.1,14.0,0.0,14.0,414.05,1.52,126.0,98197.0
20180924:1800,34.05,25.35,0.0,0.0,0.0,407.85,3.03,143.0,98177.0
20180924:1900,32.91,27.4,0.0,0.0,0.0,403.85,2.76,28.0,98216.0
20180924:2000,32.15,28.85,0.0,0.0,0.0,398.25,3.24,26.0,98265.0
20180924:2100,31.38,30.3,0.0,0.0,0.0,396.85,3.38,32.0,98313.0
20180924:2200,30.59,32.0,0.0,0.0,0.0,394.8,3.52,40.0,98391.0
20180924:2300,29.82,33.85,0.0,0.0,0.0,394.25,3.45,54.0,98323.0
20180925:0000,29.03,35.85,0.0,0.0,0.0,389.8,3.45,67.0,98352.0
20180925:0100,28.22,38.1,0.0,0.0,0.0,387.05,3.52,70.0,98313.0
20180925:0200,27.38,41.1,0.0,0.0,0.0,381.0,3.52,70.0,98274.0
20180925:0300,26.54,44.6,0.0,0.0,0.0,377.8,3.45,72.0,98235.0
20180925:0400,25.69,48.05,0.0,0.0,0.0,372.2,3.24,75.0,98284.0
20180925:0500,24.84,51.15,0.0,0.0,0.0,368.6,2.83,73.0,98313.0
20180925:0600,23.98,54.1,18.0,33.81,16.0,366.0,2.55,62.0,98332.0
20180925:0700,24.28,55.15,233.0,491.13,93.0,367.8,2.9,41.0,98391.0
20180925:0800,27.14,46.9,468.0,714.71,117.0,371.2,3.59,46.0,98449.0
20180925:0900,29.9,39.05,675.0,829.23,125.0,381.0,4.34,51.0,98497.0
20180925:1000,32.17,32.3,832.0,896.44,124.0,393.25,4.48,52.0,98546.0
20180925:1100,33.94,27.45,924.0,930.31,122.0,404.85,4.21,54.0,98478.0
20180925:1200,35.24,24.2,941.0,936.94,121.0,412.25,3.66,63.0,98439.0
20180925:1300,36.04,22.15,883.0,917.62,123.0,418.65,2.97,78.0,98303.0
20180925:1400,36.52,20.75,743.0,828.27,143.0,428.45,2.34,89.0,98206.0
20180925:1500,36.78,19.7,567.0,781.39,121.0,419.65,1.79,96.0,98148.0
20180925:1600,36.76,18.95,343.0,629.9,105.0,417.45,1.31,88.0,98090.0
20180925:1700,36.67,18.4,104.0,258.31,63.0,412.05,1.17,71.0,98071.0
20180925:1800,36.09,17.8,0.0,0.0,0.0,399.85,1.59,356.0,98109.0
20180925:1900,34.76,17.5,0.0,0.0,0.0,412.45,4.34,17.0,98168.0
20180925:2000,33.67,19.5,0.0,0.0,0.0,398.25,4.14,22.0,98216.0
20180925:2100,32.42,21.95,0.0,0.0,0.0,380.2,4.21,24.0,98294.0
20180925:2200,31.26,24.8,0.0,0.0,0.0,379.2,4.69,31.0,98274.0
20180925:2300,30.22,28.15,0.0,0.0,0.0,377.2,4.9,38.0,98342.0
20180926:0000,29.28,31.95,0.0,0.0,0.0,380.0,5.1,39.0,98332.0
20180926:0100,28.37,36.4,0.0,0.0,0.0,382.05,5.17,39.0,98274.0
20180926:0200,27.57,40.55,0.0,0.0,0.0,383.8,4.97,39.0,98274.0
20180926:0300,26.82,44.3,0.0,0.0,0.0,384.6,4.97,37.0,98216.0
20180926:0400,25.89,48.85,0.0,0.0,0.0,375.2,5.38,36.0,98226.0
20180926:0500,25.34,52.3,0.0,0.0,0.0,383.0,5.45,40.0,98245.0
20180926:0600,24.75,55.05,17.0,34.89,15.0,373.2,4.97,44.0,98294.0
20180926:0700,25.21,54.65,225.0,441.49,100.0,366.6,5.1,39.0,98342.0
20180926:0800,27.05,48.45,462.0,687.12,126.0,377.2,6.14,41.0,98400.0
20180926:0900,29.37,41.1,659.0,767.14,152.0,386.4,6.41,41.0,98420.0
20180926:1000,31.46,35.3,786.0,740.68,203.0,390.6,6.76,40.0,98410.0
20180926:1100,33.63,29.65,887.0,813.69,188.0,407.85,6.9,42.0,98362.0
20180926:1200,35.21,23.85,904.0,818.99,190.0,415.25,6.28,45.0,98323.0
20180926:1300,35.86,21.25,842.0,787.15,193.0,419.45,5.79,44.0,98216.0
20180926:1400,36.18,20.45,715.0,731.58,188.0,423.65,5.52,37.0,98139.0
20180926:1500,36.34,20.2,540.0,669.03,161.0,414.25,5.59,32.0,98080.0
20180926:1600,36.12,20.2,332.0,581.18,115.0,418.65,5.79,28.0,98012.0
20180926:1700,35.38,21.1,59.0,32.43,54.0,408.25,6.07,32.0,98051.0
20180926:1800,34.44,22.65,0.0,0.0,0.0,407.25,6.0,28.0,98032.0
20180926:1900,33.67,23.3,0.0,0.0,0.0,400.25,5.59,29.0,98119.0
20180926:2000,32.83,25.45,0.0,0.0,0.0,402.25,6.48,31.0,98177.0
20180926:2100,31.9,27.8,0.0,0.0,0.0,400.85,7.38,34.0,98235.0
20180926:2200,30.81,30.75,0.0,0.0,0.0,391.45,8.14,40.0,98245.0
20180926:2300,29.85,33.35,0.0,0.0,0.0,384.6,8.48,49.0,98265.0
20180927:0000,29.05,35.15,0.0,0.0,0.0,382.4,8.21,54.0,98284.0
20180927:0100,28.26,36.9,0.0,0.0,0.0,378.25,7.86,54.0,98235.0
20180927:0200,27.49,39.15,0.0,0.0,0.0,377.6,7.59,49.0,98206.0
20180927:0300,26.65,42.0,0.0,0.0,0.0,372.0,7.52,45.0,98216.0
20180927:0400,25.98,44.4,0.0,0.0,0.0,369.2,7.52,45.0,98187.0
20180927:0500,25.43,46.2,0.0,0.0,0.0,369.0,7.72,45.0,98255.0
20180927:0600,25.0,47.55,17.0,36.04,15.0,370.0,7.93,45.0,98265.0
20180927:0700,26.07,46.15,78.0,0.0,78.0,383.4,8.0,50.0,98323.0
20180927:0800,27.14,43.35,464.0,712.74,117.0,392.65,9.31,52.0,98362.0
20180927:0900,28.53,39.9,664.0,804.87,134.0,390.6,10.14,57.0,98410.0
20180927:1000,29.96,36.3,798.0,794.24,175.0,407.05,9.93,58.0,98362.0
20180927:1100,31.76,32.05,866.0,764.03,212.0,405.65,9.66,61.0,98323.0
20180927:1200,33.28,28.1,892.0,799.19,198.0,407.45,9.1,61.0,98216.0
20180927:1300,33.74,26.55,785.0,629.92,268.0,413.05,8.69,56.0,98129.0
20180927:1400,31.8,32.45,653.0,548.65,260.0,409.45,8.97,42.0,98003.0
20180927:1500,31.59,33.9,382.0,192.1,274.0,413.85,9.86,50.0,97964.0
20180927:1600,31.63,32.85,29.0,0.0,29.0,409.25,8.9,57.0,98061.0
20180927:1700,30.99,34.65,105.0,327.45,56.0,403.45,8.48,47.0,98071.0
20180927:1800,29.83,38.5,0.0,0.0,0.0,400.85,7.93,47.0,98042.0
20180927:1900,29.66,35.85,0.0,0.0,0.0,394.65,7.52,52.0,98090.0
20180927:2000,28.77,38.25,0.0,0.0,0.0,392.85,8.14,53.0,98139.0
20180927:2100,27.88,40.9,0.0,0.0,0.0,381.8,8.14,51.0,98158.0
20180927:2200,27.31,42.3,0.0,0.0,0.0,382.6,8.28,48.0,98197.0
20180927:2300,26.7,44.0,0.0,0.0,0.0,380.4,8.69,49.0,98206.0
20180928:0000,26.0,46.7,0.0,0.0,0.0,373.6,8.62,54.0,98206.0
20180928:0100,25.27,50.15,0.0,0.0,0.0,369.85,8.14,56.0,98206.0
20180928:0200,24.57,53.6,0.0,0.0,0.0,368.2,7.72,52.0,98090.0
20180928:0300,23.9,56.85,0.0,0.0,0.0,369.6,7.66,48.0,98051.0
20180928:0400,23.63,58.1,0.0,0.0,0.0,377.2,7.24,46.0,98022.0
20180928:0500,23.35,59.15,0.0,0.0,0.0,384.0,7.1,43.0,98051.0
20180928:0600,22.94,60.55,3.0,0.0,3.0,376.6,7.24,41.0,98090.0
20180928:0700,23.32,59.25,174.0,189.83,121.0,368.6,6.83,45.0,98119.0
20180928:0800,24.65,53.85,356.0,286.79,217.0,368.0,8.14,47.0,98177.0
20180928:0900,26.2,48.1,433.0,167.67,323.0,374.6,8.69,52.0,98206.0
20180928:1000,28.04,42.2,547.0,200.86,390.0,378.0,8.55,56.0,98206.0
20180928:1100,29.75,37.35,570.0,159.46,434.0,392.45,8.0,57.0,98177.0
20180928:1200,31.07,33.9,484.0,69.37,424.0,408.25,7.38,58.0,98148.0
20180928:1300,32.4,30.6,283.0,2.45,281.0,407.65,6.76,58.0,98042.0
20180928:1400,33.17,28.25,143.0,0.0,143.0,406.25,6.21,57.0,97974.0
20180928:1500,33.56,26.5,211.0,8.96,206.0,409.05,5.72,53.0,97925.0
20180928:1600,33.57,25.75,83.0,0.0,83.0,406.85,5.52,47.0,97877.0
20180928:1700,33.34,25.65,94.0,248.08,58.0,402.25,5.52,41.0,97838.0
20180928:1800,32.29,27.8,0.0,0.0,0.0,396.65,5.31,28.0,97828.0
20180928:1900,30.27,34.4,0.0,0.0,0.0,407.45,6.34,43.0,97857.0
20180928:2000,29.21,37.8,0.0,0.0,0.0,395.4,6.0,58.0,97925.0
20180928:2100,28.42,40.3,0.0,0.0,0.0,394.45,5.45,64.0,97964.0
20180928:2200,27.8,42.1,0.0,0.0,0.0,391.25,4.97,65.0,97935.0
20180928:2300,26.76,45.3,0.0,0.0,0.0,390.2,4.62,61.0,97983.0
20180929:0000,26.33,45.55,0.0,0.0,0.0,393.25,4.69,59.0,97974.0
20180929:0100,25.79,45.05,0.0,0.0,0.0,389.25,5.03,58.0,97954.0
20180929:0200,24.99,44.95,0.0,0.0,0.0,378.2,5.59,51.0,97974.0
20180929:0300,24.17,44.1,0.0,0.0,0.0,371.0,6.14,44.0,97935.0
20180929:0400,23.48,42.25,0.0,0.0,0.0,364.8,6.21,43.0,97983.0
20180929:0500,22.88,40.95,0.0,0.0,0.0,361.4,5.72,46.0,98012.0
20180929:0600,22.32,40.25,15.0,19.33,14.0,360.8,5.38,44.0,98012.0
20180929:0700,22.75,42.1,225.0,472.6,94.0,358.0,5.24,50.0,98080.0
20180929:0800,24.45,37.3,451.0,654.98,135.0,360.2,5.93,51.0,98148.0
20180929:0900,26.46,33.6,652.0,758.93,156.0,366.0,5.93,55.0,98168.0
20180929:1000,28.42,30.3,809.0,834.6,159.0,375.2,5.45,57.0,98206.0
20180929:1100,30.35,27.35,878.0,802.63,196.0,380.4,4.97,57.0,98119.0
20180929:1200,31.95,25.15,888.0,792.89,205.0,388.4,4.48,53.0,98051.0
20180929:1300,33.12,23.75,835.0,790.79,192.0,394.85,4.34,47.0,98012.0
20180929:1400,33.92,22.8,706.0,734.35,186.0,398.05,4.41,44.0,97906.0
20180929:1500,34.36,22.15,544.0,735.24,137.0,398.25,4.28,44.0,97886.0
20180929:1600,34.39,21.8,327.0,622.23,103.0,398.25,4.07,41.0,97838.0
20180929:1700,34.09,21.95,92.0,256.03,56.0,396.25,4.0,34.0,97857.0
20180929:1800,33.11,23.3,0.0,0.0,0.0,387.8,3.79,18.0,97857.0
20180929:1900,31.78,25.6,0.0,0.0,0.0,383.0,4.14,3.0,97877.0
20180929:2000,30.72,26.1,0.0,0.0,0.0,380.4,5.1,8.0,97983.0
20180929:2100,29.76,25.35,0.0,0.0,0.0,374.6,5.79,18.0,98012.0
20180929:2200,29.0,23.75,0.0,0.0,0.0,370.2,6.14,33.0,97964.0
20180929:2300,28.22,22.65,0.0,0.0,0.0,364.8,6.21,48.0,98003.0
20180930:0000,27.34,23.05,0.0,0.0,0.0,362.0,5.86,56.0,98012.0
20180930:0100,26.48,24.45,0.0,0.0,0.0,360.85,5.31,58.0,97993.0
20180930:0200,25.62,26.25,0.0,0.0,0.0,359.2,4.83,56.0,98012.0
20180930:0300,24.72,28.1,0.0,0.0,0.0,356.2,4.21,53.0,97974.0
20180930:0400,23.81,29.7,0.0,0.0,0.0,354.2,3.72,44.0,98032.0
20180930:0500,22.9,30.9,0.0,0.0,0.0,351.6,3.86,34.0,98080.0
20180930:0600,22.11,31.4,14.0,20.06,13.0,349.0,4.0,31.0,98129.0
20180930:0700,22.71,27.95,210.0,377.98,106.0,347.0,4.07,30.0,98177.0
20180930:0800,25.08,23.65,425.0,535.2,168.0,350.4,4.41,30.0,98265.0
20180930:0900,27.6,21.25,615.0,619.03,212.0,357.0,4.28,31.0,98303.0
20180930:1000,29.83,20.0,830.0,913.71,121.0,366.2,3.79,25.0,98342.0
20180930:1100,31.79,18.9,850.0,719.42,241.0,374.8,3.52,14.0,98274.0
20180930:1200,33.38,17.9,879.0,767.01,221.0,384.4,3.72,4.0,98235.0
20180930:1300,34.48,17.25,739.0,517.76,320.0,393.25,4.0,358.0,98148.0
20180930:1400,35.12,16.95,686.0,669.04,215.0,396.65,3.86,355.0,98100.0
20180930:1500,35.32,16.95,553.0,790.19,119.0,403.85,3.72,353.0,98080.0
20180930:1600,33.67,19.97,325.0,624.39,103.0,382.27,3.2,349.0,98061.0
20180930:1700,33.23,19.75,89.0,257.13,54.0,381.75,3.23,342.0,98080.0
20180930:1800,32.79,19.53,0.0,0.0,0.0,381.23,3.26,329.0,98100.0
20180930:1900,32.35,19.31,0.0,0.0,0.0,380.71,3.28,325.0,98168.0
20180930:2000,31.91,19.09,0.0,0.0,0.0,380.19,3.31,320.0,98235.0
20180930:2100,31.47,18.87,0.0,0.0,0.0,379.66,3.34,320.0,98294.0
20180930:2200,31.02,18.65,0.0,0.0,0.0,379.14,3.37,320.0,98284.0
20180930:2300,30.58,18.43,0.0,0.0,0.0,378.62,3.39,325.0,98274.0
20201001:0000,30.14,18.22,0.0,0.0,0.0,378.1,3.42,65.0,97819.0
20201001:0100,29.7,18.0,0.0,0.0,0.0,377.58,3.45,65.0,97789.0
20201001:0200,29.26,17.78,0.0,0.0,0.0,377.06,3.47,68.0,97741.0
20201001:0300,28.82,17.56,0.0,0.0,0.0,376.54,3.5,72.0,97693.0
20201001:0400,28.37,17.34,0.0,0.0,0.0,376.02,3.53,78.0,97693.0
20201001:0500,27.93,17.12,0.0,0.0,0.0,375.5,3.55,88.0,97702.0
20201001:0600,27.49,16.9,10.0,0.0,10.0,374.98,3.58,96.0,97741.0
20201001:0700,27.05,16.68,156.0,125.48,122.0,374.46,3.61,95.0,97751.0
20201001:0800,32.02,13.55,443.0,628.72,144.0,391.4,3.93,98.0,97799.0
20201001:0900,35.8,10.75,636.0,704.53,181.0,380.6,4.62,107.0,97838.0
20201001:1000,39.1,8.75,761.0,684.31,234.0,386.6,5.1,117.0,97809.0
20201001:1100,40.97,7.65,872.0,795.24,204.0,398.85,4.62,131.0,97819.0
20201001:1200,41.92,7.05,871.0,753.51,230.0,407.65,3.45,153.0,97693.0
20201001:1300,42.41,6.8,846.0,845.95,168.0,418.25,2.48,174.0,97596.0
20201001:1400,42.63,6.65,702.0,744.58,184.0,407.45,1.72,199.0,97528.0
20201001:1500,42.47,6.7,533.0,725.16,141.0,424.25,1.38,210.0,97470.0
20201001:1600,42.32,6.75,314.0,602.89,105.0,413.05,1.38,225.0,97440.0
20201001:1700,41.96,6.9,87.0,298.75,49.0,409.65,1.52,250.0,97431.0
20201001:1800,40.82,7.65,0.0,0.0,0.0,401.65,1.79,279.0,97460.0
20201001:1900,38.63,8.75,0.0,0.0,0.0,393.4,3.52,336.0,97499.0
20201001:2000,37.07,9.7,0.0,0.0,0.0,391.25,3.72,353.0,97547.0
20201001:2100,35.86,10.4,0.0,0.0,0.0,395.45,3.79,10.0,97557.0
20201001:2200,34.5,11.25,0.0,0.0,0.0,383.0,3.86,22.0,97557.0
20201001:2300,33.21,12.1,0.0,0.0,0.0,377.2,3.86,31.0,97557.0
20201002:0000,32.25,12.8,0.0,0.0,0.0,385.2,3.79,38.0,97508.0
20201002:0100,31.15,13.65,0.0,0.0,0.0,376.85,3.72,46.0,97460.0
20201002:0200,30.02,14.6,0.0,0.0,0.0,367.6,3.79,54.0,97431.0
20201002:0300,29.02,15.45,0.0,0.0,0.0,368.8,3.72,61.0,97373.0
20201002:0400,28.19,16.2,0.0,0.0,0.0,366.6,3.86,69.0,97343.0
20201002:0500,27.42,16.85,0.0,0.0,0.0,360.6,3.86,76.0,97382.0
20201002:0600,26.5,17.8,12.0,22.73,11.0,356.4,3.86,84.0,97373.0
20201002:0700,25.94,19.45,208.0,386.86,104.0,361.0,2.07,107.0,97440.0
20201002:0800,30.05,14.65,416.0,507.19,176.0,354.0,0.55,214.0,97508.0
20201002:0900,32.75,12.4,522.0,348.28,298.0,361.6,2.48,262.0,97537.0
20201002:1000,35.42,10.4,748.0,646.57,252.0,372.4,3.17,264.0,97605.0
20201002:1100,37.7,8.85,862.0,768.52,219.0,386.2,3.03,263.0,97508.0
20201002:1200,39.27,7.9,861.0,728.41,244.0,390.8,2.76,263.0,97411.0
20201002:1300,40.32,7.25,822.0,771.12,207.0,394.25,2.76,261.0,97334.0
20201002:1400,40.88,6.95,692.0,718.7,195.0,395.6,2.55,250.0,97247.0
20201002:1500,41.21,6.75,519.0,675.08,157.0,395.25,2.83,228.0,97140.0
20201002:1600,41.34,6.75,276.0,397.38,140.0,393.65,3.86,220.0,97111.0
20201002:1700,40.99,6.9,82.0,285.08,47.0,388.2,4.55,228.0,97120.0
20201002:1800,39.25,7.7,0.0,0.0,0.0,383.6,3.45,248.0,97140.0
20201002:1900,38.37,7.55,0.0,0.0,0.0,384.2,4.14,217.0,97179.0
20201002:2000,36.71,8.35,0.0,0.0,0.0,382.4,4.41,221.0,97247.0
20201002:2100,35.07,9.35,0.0,0.0,0.0,376.6,4.21,231.0,97314.0
20201002:2200,33.43,10.45,0.0,0.0,0.0,372.2,3.59,239.0,97305.0
20201002:2300,31.71,11.85,0.0,0.0,0.0,365.0,2.97,247.0,97285.0
20201003:0000,29.82,13.9,0.0,0.0,0.0,360.6,2.34,251.0,97285.0
20201003:0100,29.6,14.2,0.0,0.0,0.0,357.45,1.52,248.0,97256.0
20201003:0200,30.34,13.05,0.0,0.0,0.0,355.0,0.97,231.0,97247.0
20201003:0300,27.95,15.55,0.0,0.0,0.0,352.8,1.52,206.0,97247.0
20201003:0400,24.74,18.8,0.0,0.0,0.0,349.2,3.03,198.0,97285.0
20201003:0500,23.8,19.7,0.0,0.0,0.0,345.2,3.52,194.0,97295.0
20201003:0600,22.52,21.65,9.0,0.0,9.0,341.0,2.55,195.0,97305.0
20201003:0700,23.52,19.7,201.0,348.76,108.0,341.6,3.17,180.0,97343.0
20201003:0800,27.3,15.55,471.0,788.06,100.0,347.0,3.72,186.0,97411.0
20201003:0900,30.53,13.05,650.0,768.21,158.0,352.2,4.62,199.0,97499.0
20201003:1000,32.89,11.55,756.0,676.61,239.0,360.4,4.41,217.0,97566.0
20201003:1100,34.85,10.25,891.0,865.22,170.0,369.2,3.72,234.0,97566.0
20201003:1200,36.67,9.35,884.0,806.29,204.0,377.2,3.24,250.0,97479.0
20201003:1300,38.03,8.7,816.0,759.84,213.0,383.2,3.17,255.0,97411.0
20201003:1400,38.95,8.35,690.0,721.62,194.0,393.25,3.52,249.0,97402.0
20201003:1500,39.45,8.25,514.0,663.66,161.0,387.8,3.93,244.0,97343.0
20201003:1600,39.42,8.4,305.0,583.13,108.0,386.4,3.86,242.0,97314.0
20201003:1700,38.97,8.75,80.0,304.12,44.0,384.2,3.24,234.0,97382.0
20201003:1800,37.54,9.6,0.0,0.0,0.0,379.6,2.9,204.0,97382.0
20201003:1900,36.37,10.05,0.0,0.0,0.0,385.8,4.0,192.0,97470.0
20201003:2000,35.1,12.15,0.0,0.0,0.0,381.0,5.31,190.0,97547.0
20201003:2100,34.13,15.25,0.0,0.0,0.0,381.0,6.41,191.0,97605.0
20201003:2200,33.36,19.2,0.0,0.0,0.0,376.2,7.1,194.0,97596.0
20201003:2300,32.57,22.1,0.0,0.0,0.0,373.4,7.1,197.0,97596.0
20201004:0000,31.73,23.5,0.0,0.0,0.0,372.0,6.76,201.0,97605.0
20201004:0100,30.86,24.7,0.0,0.0,0.0,369.45,6.34,204.0,97663.0
20201004:0200,29.94,26.2,0.0,0.0,0.0,368.0,6.07,204.0,97663.0
20201004:0300,28.96,27.85,0.0,0.0,0.0,365.6,5.52,203.0,97693.0
20201004:0400,27.96,29.6,0.0,0.0,0.0,364.0,4.76,205.0,97722.0
20201004:0500,26.97,31.35,0.0,0.0,0.0,361.0,4.07,206.0,97789.0
20201004:0600,26.05,33.0,0.0,0.0,0.0,362.8,3.59,199.0,97867.0
20201004:0700,26.43,33.1,211.0,431.08,97.0,356.8,3.72,186.0,97925.0
20201004:0800,28.94,28.6,445.0,664.07,134.0,363.4,3.93,187.0,98032.0
20201004:0900,31.34,24.65,636.0,732.32,169.0,367.8,4.41,195.0,98071.0
20201004:1000,33.39,20.85,789.0,800.23,180.0,375.6,4.21,203.0,98090.0
20201004:1100,35.15,17.15,878.0,842.25,179.0,383.6,3.66,212.0,98071.0
20201004:1200,36.67,14.0,886.0,831.28,188.0,391.05,3.24,228.0,98022.0
20201004:1300,37.83,11.7,844.0,876.38,152.0,395.45,3.52,247.0,97974.0
20201004:1400,38.54,10.45,690.0,742.14,183.0,394.65,4.14,259.0,97916.0
20201004:1500,38.75,9.95,517.0,708.91,143.0,393.25,4.41,262.0,97886.0
20201004:1600,38.59,9.85,293.0,539.82,113.0,390.25,4.41,262.0,97867.0
20201004:1700,38.04,10.15,71.0,228.05,45.0,384.6,4.0,261.0,97886.0
20201004:1800,36.63,11.1,0.0,0.0,0.0,380.4,2.69,263.0,97906.0
20201004:1900,35.44,12.3,0.0,0.0,0.0,376.0,1.93,253.0,97935.0
20201004:2000,33.9,15.0,0.0,0.0,0.0,373.6,1.24,206.0,98012.0
20201004:2100,32.08,16.15,0.0,0.0,0.0,372.2,2.07,152.0,98051.0
20201004:2200,31.17,16.25,0.0,0.0,0.0,371.4,3.17,142.0,98032.0
20201004:2300,29.96,17.4,0.0,0.0,0.0,370.0,3.52,141.0,98071.0
20201005:0000,28.86,18.55,0.0,0.0,0.0,368.4,3.52,151.0,98100.0
20201005:0100,27.82,19.85,0.0,0.0,0.0,369.05,3.17,180.0,98090.0
20201005:0200,26.55,21.7,0.0,0.0,0.0,361.8,3.24,224.0,98090.0
20201005:0300,25.16,24.45,0.0,0.0,0.0,359.6,2.9,254.0,98090.0
20201005:0400,23.94,27.55,0.0,0.0,0.0,355.6,2.28,285.0,98100.0
20201005:0500,23.14,29.9,0.0,0.0,0.0,351.6,2.21,308.0,98129.0
20201005:0600,23.25,30.1,0.0,0.0,0.0,350.6,1.79,314.0,98168.0
20201005:0700,24.18,28.85,200.0,377.56,101.0,349.6,1.24,294.0,98216.0
20201005:0800,25.97,26.35,435.0,639.71,137.0,353.8,1.45,308.0,98284.0
20201005:0900,29.58,20.55,631.0,735.53,164.0,361.0,2.28,309.0,98352.0
20201005:1000,32.04,16.85,744.0,675.53,232.0,370.0,2.76,304.0,98342.0
20201005:1100,33.85,14.7,853.0,785.24,204.0,378.4,3.03,293.0,98342.0
20201005:1200,35.34,12.9,855.0,759.62,220.0,385.4,3.45,272.0,98265.0
20201005:1300,36.67,11.9,805.0,772.64,198.0,390.0,4.28,257.0,98158.0
20201005:1400,37.61,11.85,664.0,676.03,205.0,393.25,4.97,256.0,98100.0
20201005:1500,38.09,12.25,494.0,632.59,163.0,394.8,5.45,260.0,98080.0
20201005:1600,38.08,12.95,283.0,516.6,113.0,395.65,5.72,263.0,98051.0
20201005:1700,37.61,13.65,65.0,191.47,44.0,393.0,5.45,266.0,98080.0
20201005:1800,36.25,14.8,0.0,0.0,0.0,388.0,3.86,268.0,98100.0
20201005:1900,35.07,15.3,0.0,0.0,0.0,382.6,3.45,274.0,98129.0
20201005:2000,33.73,16.15,0.0,0.0,0.0,376.8,3.1,283.0,98197.0
20201005:2100,32.3,16.8,0.0,0.0,0.0,370.8,3.17,297.0,98226.0
20201005:2200,30.87,17.05,0.0,0.0,0.0,364.8,3.31,307.0,98284.0
20201005:2300,29.39,17.35,0.0,0.0,0.0,358.6,3.17,313.0,98274.0
20201006:0000,27.84,18.1,0.0,0.0,0.0,351.0,2.97,315.0,98303.0
20201006:0100,26.34,19.15,0.0,0.0,0.0,345.65,2.9,316.0,98303.0
20201006:0200,24.98,20.2,0.0,0.0,0.0,340.8,2.97,322.0,98274.0
20201006:0300,23.72,21.35,0.0,0.0,0.0,337.6,3.17,332.0,98284.0
20201006:0400,22.5,22.7,0.0,0.0,0.0,334.8,3.1,336.0,98284.0
20201006:0500,21.44,24.1,0.0,0.0,0.0,332.6,2.97,336.0,98323.0
20201006:0600,20.62,25.5,0.0,0.0,0.0,331.2,3.31,349.0,98352.0
20201006:0700,21.19,28.95,201.0,384.7,101.0,333.4,2.97,30.0,98410.0
20201006:0800,24.9,23.7,435.0,632.41,142.0,337.8,3.66,42.0,98468.0
20201006:0900,28.64,19.45,610.0,642.32,204.0,346.6,4.41,54.0,98517.0
20201006:1000,31.72,16.55,773.0,760.49,199.0,358.0,4.55,62.0,98526.0
20201006:1100,34.28,14.35,851.0,769.11,218.0,368.6,4.41,67.0,98478.0
20201006:1200,35.96,13.0,858.0,758.25,227.0,378.0,4.21,63.0,98420.0
20201006:1300,36.95,12.15,785.0,699.83,238.0,383.8,4.0,54.0,98313.0
20201006:1400,37.53,11.6,650.0,623.91,229.0,386.6,3.93,48.0,98265.0
20201006:1500,37.74,11.35,500.0,659.04,158.0,386.8,4.07,43.0,98206.0
20201006:1600,37.58,11.35,294.0,594.35,101.0,384.8,4.41,39.0,98206.0
20201006:1700,36.97,11.6,68.0,265.71,40.0,380.4,4.83,35.0,98206.0
20201006:1800,35.27,12.65,0.0,0.0,0.0,375.2,4.76,26.0,98245.0
20201006:1900,33.82,13.4,0.0,0.0,0.0,369.8,5.45,34.0,98294.0
20201006:2000,32.46,14.25,0.0,0.0,0.0,364.8,6.0,40.0,98371.0
20201006:2100,31.15,15.3,0.0,0.0,0.0,360.2,6.07,46.0,98420.0
20201006:2200,29.94,16.5,0.0,0.0,0.0,355.8,6.21,50.0,98439.0
20201006:2300,28.8,17.85,0.0,0.0,0.0,352.2,6.41,51.0,98458.0
20201007:0000,27.75,19.3,0.0,0.0,0.0,348.6,6.83,52.0,98497.0
20201007:0100,26.78,20.85,0.0,0.0,0.0,345.65,6.9,54.0,98458.0
20201007:0200,25.84,22.45,0.0,0.0,0.0,342.4,6.55,56.0,98468.0
20201007:0300,24.92,24.05,0.0,0.0,0.0,339.6,6.14,56.0,98439.0
20201007:0400,24.02,25.65,0.0,0.0,0.0,336.4,5.72,55.0,98468.0
20201007:0500,23.15,27.35,0.0,0.0,0.0,332.8,5.66,54.0,98497.0
20201007:0600,22.29,29.15,0.0,0.0,0.0,329.0,5.52,55.0,98526.0
20201007:0700,22.65,28.1,208.0,442.49,94.0,327.0,5.38,62.0,98594.0
20201007:0800,24.51,26.15,439.0,659.82,135.0,329.2,5.86,64.0,98672.0
20201007:0900,26.77,25.0,615.0,670.68,193.0,334.8,6.34,65.0,98730.0
20201007:1000,28.86,23.45,785.0,807.62,178.0,343.2,6.69,62.0,98720.0
20201007:1100,30.41,21.25,864.0,817.54,194.0,352.0,7.1,54.0,98711.0
20201007:1200,31.51,19.75,871.0,806.37,203.0,358.4,7.31,48.0,98614.0
20201007:1300,32.32,18.75,791.0,729.17,224.0,363.0,7.31,43.0,98536.0
20201007:1400,32.88,18.15,659.0,665.1,213.0,365.2,7.31,40.0,98449.0
20201007:1500,33.09,18.25,497.0,660.66,157.0,365.4,7.24,37.0,98391.0
20201007:1600,32.87,19.2,287.0,571.15,104.0,364.6,7.24,35.0,98381.0
20201007:1700,32.21,20.9,63.0,237.34,39.0,362.0,6.97,33.0,98381.0
20201007:1800,30.9,23.25,0.0,0.0,0.0,359.2,5.93,25.0,98420.0
20201007:1900,29.8,24.9,0.0,0.0,0.0,357.2,6.28,21.0,98449.0
20201007:2000,28.82,26.05,0.0,0.0,0.0,355.2,6.76,24.0,98517.0
20201007:2100,27.9,26.7,0.0,0.0,0.0,352.2,6.97,30.0,98536.0
20201007:2200,27.03,27.15,0.0,0.0,0.0,348.6,6.9,36.0,98546.0
20201007:2300,26.14,28.0,0.0,0.0,0.0,345.2,6.83,42.0,98575.0
20201008:0000,25.3,29.2,0.0,0.0,0.0,341.0,6.76,48.0,98575.0
20201008:0100,24.47,30.75,0.0,0.0,0.0,337.85,6.69,51.0,98575.0
20201008:0200,23.65,32.45,0.0,0.0,0.0,334.4,6.55,51.0,98575.0
20201008:0300,22.81,34.4,0.0,0.0,0.0,330.6,6.34,50.0,98546.0
20201008:0400,21.99,36.35,0.0,0.0,0.0,326.0,6.14,48.0,98555.0
20201008:0500,21.21,38.4,0.0,0.0,0.0,322.0,6.07,47.0,98594.0
20201008:0600,20.48,40.4,0.0,0.0,0.0,318.2,6.07,46.0,98623.0
20201008:0700,20.99,40.45,202.0,411.29,97.0,318.0,6.76,47.0,98662.0
20201008:0800,22.8,36.25,443.0,689.77,127.0,321.4,7.59,49.0,98691.0
20201008:0900,25.04,31.15,615.0,673.79,193.0,328.4,8.55,52.0,98730.0
20201008:1000,27.27,26.8,785.0,811.1,178.0,337.2,8.69,53.0,98711.0
20201008:1100,29.28,23.65,854.0,790.44,209.0,346.2,8.48,52.0,98681.0
20201008:1200,30.88,21.7,856.0,764.01,226.0,354.4,7.93,52.0,98526.0
20201008:1300,32.09,20.0,809.0,792.44,196.0,360.6,7.38,49.0,98468.0
20201008:1400,32.97,18.5,661.0,681.29,207.0,364.6,7.17,47.0,98352.0
20201008:1500,33.48,17.5,489.0,636.81,164.0,365.8,7.31,46.0,98303.0
20201008:1600,33.53,17.2,284.0,575.74,102.0,365.2,7.38,44.0,98303.0
20201008:1700,33.05,17.6,60.0,237.36,37.0,362.8,6.97,40.0,98313.0
20201008:1800,31.52,19.0,0.0,0.0,0.0,360.2,6.48,28.0,98352.0
20201008:1900,30.1,18.9,0.0,0.0,0.0,353.4,7.31,30.0,98371.0
20201008:2000,29.08,19.5,0.0,0.0,0.0,350.6,7.66,34.0,98449.0
20201008:2100,28.17,20.0,0.0,0.0,0.0,347.2,7.66,38.0,98458.0
20201008:2200,27.27,20.55,0.0,0.0,0.0,344.2,7.52,42.0,98478.0
20201008:2300,26.37,21.3,0.0,0.0,0.0,340.6,7.31,44.0,98449.0
20201009:0000,25.46,22.5,0.0,0.0,0.0,337.4,7.1,45.0,98468.0
20201009:0100,24.56,24.25,0.0,0.0,0.0,334.85,7.03,45.0,98449.0
20201009:0200,23.76,26.55,0.0,0.0,0.0,332.6,7.03,44.0,98458.0
20201009:0300,23.01,29.1,0.0,0.0,0.0,331.6,7.03,44.0,98449.0
20201009:0400,22.33,31.6,0.0,0.0,0.0,329.6,6.9,44.0,98458.0
20201009:0500,21.69,33.95,0.0,0.0,0.0,327.8,6.62,45.0,98488.0
20201009:0600,21.05,36.35,0.0,0.0,0.0,326.8,6.28,45.0,98526.0
20201009:0700,21.56,37.5,206.0,462.6,89.0,326.0,6.41,44.0,98594.0
20201009:0800,23.41,35.1,429.0,647.67,134.0,330.6,7.03,44.0,98623.0
20201009:0900,25.71,32.45,601.0,648.1,197.0,338.2,7.59,46.0,98662.0
20201009:1000,28.15,29.3,777.0,811.96,172.0,347.8,7.38,44.0,98643.0
20201009:1100,30.43,26.3,850.0,808.67,193.0,358.0,7.24,40.0,98585.0
20201009:1200,32.35,23.8,837.0,735.89,233.0,368.0,7.1,37.0,98497.0
20201009:1300,33.77,21.9,768.0,692.64,235.0,375.8,6.9,35.0,98420.0
20201009:1400,34.67,20.65,645.0,655.4,211.0,380.6,6.83,32.0,98313.0
20201009:1500,35.1,19.95,475.0,610.57,166.0,382.6,6.9,30.0,98274.0
20201009:1600,35.02,20.05,271.0,522.69,108.0,382.0,6.97,28.0,98265.0
20201009:1700,34.37,21.05,51.0,161.77,36.0,379.2,6.83,25.0,98294.0
20201009:1800,32.79,23.6,0.0,0.0,0.0,375.4,6.28,18.0,98323.0
20201009:1900,31.48,25.55,0.0,0.0,0.0,372.6,7.03,20.0,98352.0
20201009:2000,30.48,27.35,0.0,0.0,0.0,369.8,7.38,25.0,98429.0
20201009:2100,29.62,28.85,0.0,0.0,0.0,367.6,7.45,32.0,98439.0
20201009:2200,28.88,30.25,0.0,0.0,0.0,365.6,7.31,39.0,98439.0
20201009:2300,28.14,31.95,0.0,0.0,0.0,363.2,6.9,46.0,98458.0
20201010:0000,27.3,34.3,0.0,0.0,0.0,360.6,6.48,51.0,98449.0
20201010:0100,26.36,37.0,0.0,0.0,0.0,357.25,6.07,52.0,98410.0
20201010:0200,25.44,39.8,0.0,0.0,0.0,353.6,5.72,50.0,98400.0
20201010:0300,24.52,42.45,0.0,0.0,0.0,350.4,5.59,46.0,98410.0
20201010:0400,23.69,44.8,0.0,0.0,0.0,347.4,5.59,44.0,98400.0
20201010:0500,22.91,47.1,0.0,0.0,0.0,344.2,5.52,44.0,98468.0
20201010:0600,22.15,49.25,0.0,0.0,0.0,341.6,5.52,43.0,98488.0
20201010:0700,22.79,48.4,199.0,439.1,89.0,342.8,5.59,50.0,98546.0
20201010:0800,24.68,43.1,424.0,644.88,132.0,346.2,6.21,51.0,98614.0
20201010:0900,27.15,36.85,595.0,649.61,192.0,353.6,6.21,50.0,98633.0
20201010:1000,29.77,31.0,752.0,754.9,192.0,363.8,6.0,45.0,98662.0
20201010:1100,32.15,26.3,843.0,811.02,187.0,374.4,5.86,38.0,98594.0
20201010:1200,34.09,22.6,820.0,711.2,239.0,384.2,5.86,32.0,98526.0
20201010:1300,35.4,19.9,756.0,681.93,234.0,390.6,5.79,28.0,98458.0
20201010:1400,36.14,18.3,637.0,656.53,205.0,394.25,5.86,24.0,98362.0
20201010:1500,36.35,17.7,462.0,585.85,168.0,393.4,5.93,22.0,98332.0
20201010:1600,36.07,17.8,268.0,546.13,100.0,390.25,6.0,21.0,98303.0
20201010:1700,35.29,18.55,48.0,146.74,35.0,385.2,5.79,20.0,98332.0
20201010:1800,33.66,20.45,0.0,0.0,0.0,379.6,5.1,17.0,98362.0
20201010:1900,32.18,22.4,0.0,0.0,0.0,373.8,5.03,22.0,98381.0
20201010:2000,30.95,24.25,0.0,0.0,0.0,369.6,4.9,26.0,98439.0
20201010:2100,29.79,26.2,0.0,0.0,0.0,365.6,4.83,30.0,98458.0
20201010:2200,28.72,28.2,0.0,0.0,0.0,362.4,4.83,34.0,98488.0
20201010:2300,27.67,30.35,0.0,0.0,0.0,357.6,4.76,38.0,98468.0
20201011:0000,26.67,32.65,0.0,0.0,0.0,354.2,4.62,40.0,98439.0
20201011:0100,25.71,35.0,0.0,0.0,0.0,351.05,4.48,43.0,98381.0
20201011:0200,24.74,37.5,0.0,0.0,0.0,347.6,4.21,46.0,98371.0
20201011:0300,23.74,40.25,0.0,0.0,0.0,344.4,4.0,46.0,98352.0
20201011:0400,22.76,43.2,0.0,0.0,0.0,341.6,3.86,43.0,98362.0
20201011:0500,21.86,46.2,0.0,0.0,0.0,338.8,3.86,39.0,98410.0
20201011:0600,21.02,49.2,0.0,0.0,0.0,337.0,3.86,36.0,98439.0
20201011:0700,21.7,47.4,199.0,447.46,88.0,337.6,3.38,43.0,98497.0
20201011:0800,24.38,40.4,428.0,682.11,121.0,344.8,3.24,46.0,98555.0
20201011:0900,27.4,33.55,603.0,690.05,177.0,355.8,2.9,56.0,98604.0
20201011:1000,30.3,27.85,767.0,815.18,165.0,363.8,2.55,59.0,98604.0
20201011:1100,32.75,23.35,845.0,828.32,178.0,375.8,2.41,56.0,98526.0
20201011:1200,34.28,20.2,0.0,0.0,0.0,385.6,2.07,48.0,98439.0
20201011:1300,35.11,17.85,775.0,752.54,202.0,392.0,1.45,33.0,98323.0
20201011:1400,35.62,16.35,648.0,709.67,184.0,394.05,1.03,16.0,98245.0
20201011:1500,35.85,15.55,469.0,633.03,154.0,393.05,0.9,344.0,98187.0
20201011:1600,35.88,15.15,265.0,543.79,100.0,389.0,1.31,329.0,98158.0
20201011:1700,35.6,15.2,48.0,177.5,33.0,383.4,2.0,326.0,98187.0
20201011:1800,34.4,16.35,0.0,0.0,0.0,377.2,2.62,329.0,98187.0
20201011:1900,33.47,17.65,0.0,0.0,0.0,378.2,3.03,342.0,98226.0
20201011:2000,32.07,19.1,0.0,0.0,0.0,374.2,2.97,348.0,98265.0
20201011:2100,30.66,20.75,0.0,0.0,0.0,370.4,2.9,353.0,98313.0
20201011:2200,29.29,22.65,0.0,0.0,0.0,367.8,2.97,356.0,98313.0
20201011:2300,28.03,24.55,0.0,0.0,0.0,364.8,2.97,360.0,98294.0
20201012:0000,26.88,26.4,0.0,0.0,0.0,361.8,3.03,6.0,98294.0
20201012:0100,25.82,28.2,0.0,0.0,0.0,358.25,3.24,15.0,98216.0
20201012:0200,24.88,29.95,0.0,0.0,0.0,353.6,3.38,21.0,98197.0
20201012:0300,23.94,31.8,0.0,0.0,0.0,349.8,3.31,30.0,98177.0
20201012:0400,23.02,33.7,0.0,0.0,0.0,345.4,3.17,42.0,98168.0
20201012:0500,22.09,35.7,0.0,0.0,0.0,341.2,3.17,51.0,98226.0
20201012:0600,21.18,37.85,0.0,0.0,0.0,337.0,3.17,56.0,98235.0
20201012:0700,21.11,38.55,203.0,488.61,83.0,333.4,2.62,54.0,98323.0
20201012:0800,24.81,30.95,425.0,659.49,130.0,336.4,2.62,42.0,98371.0
20201012:0900,28.9,24.3,590.0,636.51,199.0,345.2,3.72,35.0,98439.0
20201012:1000,31.54,20.55,747.0,738.65,204.0,356.4,4.07,40.0,98458.0
20201012:1100,33.46,17.8,822.0,748.5,222.0,367.0,3.52,41.0,98371.0
20201012:1200,34.75,15.55,803.0,666.1,264.0,374.6,2.9,30.0,98284.0
20201012:1300,35.56,13.55,740.0,637.74,257.0,379.4,2.69,12.0,98226.0
20201012:1400,36.0,12.45,634.0,654.2,209.0,381.0,2.83,2.0,98158.0
20201012:1500,36.11,12.05,460.0,595.86,166.0,380.4,2.97,359.0,98148.0
20201012:1600,35.87,12.15,266.0,568.05,96.0,378.0,3.17,1.0,98139.0
20201012:1700,35.29,12.7,45.0,173.98,31.0,373.6,3.31,6.0,98177.0
20201012:1800,33.72,14.3,0.0,0.0,0.0,369.0,3.17,8.0,98216.0
20201012:1900,32.4,16.25,0.0,0.0,0.0,366.0,3.79,25.0,98274.0
20201012:2000,31.02,18.55,0.0,0.0,0.0,362.4,4.07,36.0,98323.0
20201012:2100,29.79,21.05,0.0,0.0,0.0,359.4,4.34,49.0,98362.0
20201012:2200,28.69,23.6,0.0,0.0,0.0,357.0,4.69,61.0,98371.0
20201012:2300,27.72,25.9,0.0,0.0,0.0,354.4,4.9,70.0,98362.0
20201013:0000,26.77,28.15,0.0,0.0,0.0,351.8,5.03,76.0,98342.0
20201013:0100,25.79,30.45,0.0,0.0,0.0,348.85,5.31,77.0,98265.0
20201013:0200,24.85,32.8,0.0,0.0,0.0,345.6,5.59,79.0,98265.0
20201013:0300,23.93,34.85,0.0,0.0,0.0,342.0,5.72,83.0,98255.0
20201013:0400,23.1,35.95,0.0,0.0,0.0,338.6,5.59,88.0,98265.0
20201013:0500,22.36,36.1,0.0,0.0,0.0,335.6,5.31,93.0,98313.0
20201013:0600,21.63,35.6,0.0,0.0,0.0,332.6,4.97,95.0,98381.0
20201013:0700,21.8,31.35,195.0,436.06,89.0,330.8,5.1,101.0,98429.0
20201013:0800,23.7,24.45,419.0,636.64,136.0,334.4,5.79,104.0,98497.0
20201013:0900,26.0,19.2,593.0,651.19,195.0,336.8,6.41,109.0,98555.0
20201013:1000,28.39,16.0,750.0,755.74,197.0,343.8,6.21,116.0,98536.0
20201013:1100,30.66,14.1,839.0,810.84,192.0,351.6,6.0,123.0,98488.0
20201013:1200,32.45,13.05,821.0,725.2,237.0,359.0,5.72,130.0,98391.0
20201013:1300,33.69,12.45,756.0,694.28,233.0,364.6,5.24,138.0,98313.0
20201013:1400,34.45,12.05,635.0,669.25,203.0,368.6,4.76,147.0,98197.0
20201013:1500,34.8,11.9,460.0,609.12,162.0,370.0,4.48,154.0,98177.0
20201013:1600,34.79,11.95,260.0,548.87,98.0,368.2,4.34,159.0,98139.0
20201013:1700,34.26,12.3,42.0,169.96,29.0,365.0,4.0,163.0,98158.0
20201013:1800,32.57,13.6,0.0,0.0,0.0,360.4,3.45,163.0,98158.0
20201013:1900,31.34,15.65,0.0,0.0,0.0,361.0,3.86,155.0,98206.0
20201013:2000,30.08,16.75,0.0,0.0,0.0,357.4,4.34,153.0,98255.0
20201013:2100,28.97,17.75,0.0,0.0,0.0,354.2,4.9,149.0,98255.0
20201013:2200,28.03,18.65,0.0,0.0,0.0,350.6,5.38,143.0,98245.0
20201013:2300,27.17,19.5,0.0,0.0,0.0,347.0,5.79,141.0,98216.0
20201014:0000,26.39,20.15,0.0,0.0,0.0,343.8,6.07,139.0,98206.0
20201014:0100,25.66,20.65,0.0,0.0,0.0,340.85,6.14,139.0,98139.0
20201014:0200,24.95,21.1,0.0,0.0,0.0,338.8,6.07,141.0,98148.0
20201014:0300,24.26,21.6,0.0,0.0,0.0,336.8,5.86,143.0,98100.0
20201014:0400,23.61,22.25,0.0,0.0,0.0,334.8,5.86,145.0,98090.0
20201014:0500,23.01,23.05,0.0,0.0,0.0,333.4,5.66,150.0,98119.0
20201014:0600,22.35,24.05,0.0,0.0,0.0,331.8,5.38,158.0,98148.0
20201014:0700,22.93,22.65,191.0,432.36,87.0,331.2,6.34,153.0,98168.0
20201014:0800,25.34,19.8,402.0,577.33,147.0,335.0,6.55,156.0,98206.0
20201014:0900,28.49,16.8,600.0,705.53,171.0,342.6,7.66,162.0,98245.0
20201014:1000,31.39,14.5,743.0,759.29,190.0,353.2,8.21,171.0,98187.0
20201014:1100,33.78,12.75,828.0,799.49,193.0,363.4,8.48,181.0,98119.0
20201014:1200,35.6,11.45,828.0,772.4,209.0,376.2,8.83,191.0,98012.0
20201014:1300,36.85,10.55,761.0,739.41,207.0,383.8,9.17,200.0,97906.0
20201014:1400,37.76,9.95,621.0,645.51,207.0,395.65,9.59,211.0,97789.0
20201014:1500,38.22,9.6,443.0,562.79,170.0,405.65,9.45,221.0,97731.0
20201014:1600,38.01,9.7,234.0,408.83,115.0,391.25,8.9,227.0,97712.0
20201014:1700,37.13,10.2,24.0,27.56,22.0,384.2,7.1,228.0,97693.0
20201014:1800,35.35,11.35,0.0,0.0,0.0,377.8,5.66,223.0,97731.0
20201014:1900,34.32,12.35,0.0,0.0,0.0,376.6,5.1,211.0,97741.0
20201014:2000,33.01,13.45,0.0,0.0,0.0,371.0,5.1,204.0,97838.0
20201014:2100,31.79,14.55,0.0,0.0,0.0,367.2,5.03,207.0,97848.0
20201014:2200,30.47,15.7,0.0,0.0,0.0,363.4,4.62,222.0,97877.0
20201014:2300,28.96,17.0,0.0,0.0,0.0,356.8,4.21,235.0,97867.0
20201015:0000,27.5,17.9,0.0,0.0,0.0,350.4,3.59,244.0,97877.0
20201015:0100,26.03,18.35,0.0,0.0,0.0,341.65,3.1,249.0,97828.0
20201015:0200,24.55,18.55,0.0,0.0,0.0,335.6,2.97,253.0,97828.0
20201015:0300,23.0,18.95,0.0,0.0,0.0,332.8,2.41,265.0,97780.0
20201015:0400,22.27,18.1,0.0,0.0,0.0,332.2,2.07,274.0,97789.0
20201015:0500,21.44,17.55,0.0,0.0,0.0,331.0,2.07,260.0,97828.0
20201015:0600,19.86,18.85,0.0,0.0,0.0,328.8,2.41,236.0,97886.0
20201015:0700,20.54,18.9,207.0,571.51,71.0,328.6,1.72,252.0,97935.0
20201015:0800,23.26,15.55,403.0,574.27,151.0,329.6,1.17,259.0,98012.0
20201015:0900,26.7,10.75,615.0,753.86,159.0,333.8,1.66,310.0,98090.0
20201015:1000,28.91,8.65,757.0,793.26,182.0,338.4,1.86,328.0,98061.0
20201015:1100,30.86,7.3,819.0,757.7,220.0,343.2,1.31,320.0,97993.0
20201015:1200,32.59,6.4,810.0,702.21,250.0,349.6,1.03,286.0,97896.0
20201015:1300,34.08,5.8,753.0,700.49,231.0,353.4,1.45,255.0,97838.0
20201015:1400,35.17,5.45,628.0,662.24,206.0,355.6,2.07,237.0,97760.0
20201015:1500,35.79,5.3,456.0,613.35,161.0,354.4,2.9,234.0,97702.0
20201015:1600,35.73,5.45,253.0,543.47,97.0,350.8,3.31,234.0,97693.0
20201015:1700,35.02,5.8,34.0,131.04,25.0,346.4,2.62,241.0,97683.0
20201015:1800,33.53,6.55,0.0,0.0,0.0,341.6,2.14,273.0,97693.0
20201015:1900,32.36,7.4,0.0,0.0,0.0,341.2,2.14,311.0,97741.0
20201015:2000,30.25,8.5,0.0,0.0,0.0,339.4,2.48,335.0,97751.0
20201015:2100,28.29,9.7,0.0,0.0,0.0,336.0,2.55,345.0,97799.0
20201015:2200,26.29,11.25,0.0,0.0,0.0,328.6,2.41,351.0,97770.0
20201015:2300,24.88,12.65,0.0,0.0,0.0,325.4,2.0,1.0,97760.0
20201016:0000,23.88,13.95,0.0,0.0,0.0,321.4,1.66,7.0,97751.0
20201016:0100,22.35,16.15,0.0,0.0,0.0,316.25,1.66,0.0,97712.0
20201016:0200,20.63,19.0,0.0,0.0,0.0,311.0,1.79,349.0,97712.0
20201016:0300,18.96,22.5,0.0,0.0,0.0,307.0,1.93,340.0,97673.0
20201016:0400,17.22,27.0,0.0,0.0,0.0,302.8,2.14,332.0,97702.0
20201016:0500,15.69,31.95,0.0,0.0,0.0,299.8,2.55,325.0,97731.0
20201016:0600,14.64,36.45,0.0,0.0,0.0,296.6,2.76,327.0,97789.0
20201016:0700,14.79,33.35,198.0,497.12,81.0,294.8,2.55,353.0,97838.0
20201016:0800,18.1,27.85,397.0,541.38,161.0,296.6,2.07,3.0,97916.0
20201016:0900,21.85,22.15,620.0,767.83,158.0,303.0,1.59,359.0,97974.0
20201016:1000,24.87,18.4,755.0,776.29,195.0,312.4,1.38,336.0,98042.0
20201016:1100,27.56,15.45,807.0,711.72,247.0,322.6,1.72,318.0,97993.0
20201016:1200,29.73,13.2,825.0,743.48,235.0,331.2,2.14,310.0,97886.0
20201016:1300,31.25,11.65,771.0,755.59,211.0,338.0,2.55,302.0,97838.0
20201016:1400,32.24,10.75,650.0,742.35,180.0,342.0,2.69,297.0,97760.0
20201016:1500,32.67,10.3,466.0,664.73,149.0,343.4,2.69,290.0,97760.0
20201016:1600,32.59,10.35,252.0,544.05,98.0,342.8,2.62,281.0,97751.0
20201016:1700,32.01,10.85,34.0,154.16,24.0,340.0,2.41,271.0,97770.0
20201016:1800,30.54,12.15,0.0,0.0,0.0,336.4,2.62,262.0,97819.0
20201016:1900,29.28,13.5,0.0,0.0,0.0,334.6,2.69,270.0,97886.0
20201016:2000,27.68,15.25,0.0,0.0,0.0,332.8,2.76,269.0,97964.0
20201016:2100,25.99,17.35,0.0,0.0,0.0,330.6,2.62,278.0,97974.0
20201016:2200,24.22,20.0,0.0,0.0,0.0,328.0,2.34,302.0,97983.0
20201016:2300,22.64,22.65,0.0,0.0,0.0,325.4,2.34,342.0,97945.0
20201017:0000,21.46,24.55,0.0,0.0,0.0,322.2,2.83,17.0,97945.0
20201017:0100,20.42,26.25,0.0,0.0,0.0,319.05,3.31,38.0,97896.0
20201017:0200,19.44,27.8,0.0,0.0,0.0,316.0,3.59,47.0,97886.0
20201017:0300,18.4,29.5,0.0,0.0,0.0,313.6,3.59,52.0,97848.0
20201017:0400,17.45,31.15,0.0,0.0,0.0,310.2,3.52,57.0,97877.0
20201017:0500,16.63,32.55,0.0,0.0,0.0,307.6,3.59,61.0,97906.0
20201017:0600,15.87,33.9,0.0,0.0,0.0,304.8,3.59,65.0,97935.0
20201017:0700,16.21,32.8,194.0,489.87,80.0,303.0,3.45,69.0,98022.0
20201017:0800,19.17,26.85,394.0,554.29,154.0,306.4,3.1,74.0,98080.0
20201017:0900,22.8,20.95,621.0,800.38,142.0,313.2,2.83,88.0,98158.0
20201017:1000,25.8,17.1,753.0,796.8,181.0,322.8,2.21,113.0,98129.0
20201017:1100,28.13,14.8,815.0,759.82,220.0,332.8,1.79,155.0,98109.0
20201017:1200,29.81,13.6,819.0,748.45,228.0,341.4,1.79,195.0,98032.0
20201017:1300,31.01,12.8,756.0,731.25,217.0,346.8,2.07,218.0,97935.0
20201017:1400,31.74,12.35,629.0,689.94,195.0,349.2,2.14,232.0,97886.0
20201017:1500,32.04,12.25,489.0,826.92,98.0,349.6,2.28,238.0,97848.0
20201017:1600,31.92,12.4,250.0,573.22,90.0,348.4,2.14,245.0,97886.0
20201017:1700,31.42,12.8,37.0,261.82,21.0,347.8,1.86,258.0,97906.0
20201017:1800,30.43,13.8,0.0,0.0,0.0,354.0,1.79,291.0,97945.0
20201017:1900,29.47,15.4,0.0,0.0,0.0,354.8,1.93,314.0,98003.0
20201017:2000,28.01,17.15,0.0,0.0,0.0,347.4,2.0,329.0,98071.0
20201017:2100,26.51,18.8,0.0,0.0,0.0,341.6,2.55,352.0,98090.0
20201017:2200,25.15,20.55,0.0,0.0,0.0,335.6,3.45,16.0,98109.0
20201017:2300,24.05,23.1,0.0,0.0,0.0,336.0,4.41,38.0,98109.0
20201018:0000,23.24,26.65,0.0,0.0,0.0,326.4,5.17,55.0,98119.0
20201018:0100,22.52,30.85,0.0,0.0,0.0,323.85,5.59,65.0,98129.0
20201018:0200,21.86,35.15,0.0,0.0,0.0,323.8,5.72,70.0,98119.0
20201018:0300,21.25,39.55,0.0,0.0,0.0,321.4,5.86,73.0,98109.0
20201018:0400,20.68,43.8,0.0,0.0,0.0,318.4,5.93,76.0,98139.0
20201018:0500,20.11,47.7,0.0,0.0,0.0,317.4,5.66,77.0,98187.0
20201018:0600,19.44,51.55,0.0,0.0,0.0,317.2,5.24,73.0,98255.0
20201018:0700,19.7,52.15,188.0,478.17,78.0,318.0,4.76,70.0,98323.0
20201018:0800,21.89,45.9,390.0,565.09,147.0,322.0,4.97,67.0,98420.0
20201018:0900,24.38,39.45,606.0,777.89,143.0,330.6,5.59,73.0,98478.0
20201018:1000,26.75,33.75,736.0,775.54,182.0,340.6,5.31,76.0,98497.0
20201018:1100,28.8,29.25,793.0,727.56,226.0,351.4,4.76,75.0,98458.0
20201018:1200,30.4,25.65,801.0,730.55,227.0,361.2,4.28,71.0,98381.0
20201018:1300,31.52,22.55,752.0,755.73,198.0,368.4,4.07,63.0,98274.0
20201018:1400,32.28,20.2,620.0,697.62,184.0,371.2,4.41,56.0,98206.0
20201018:1500,32.64,18.8,434.0,582.3,161.0,371.2,4.83,53.0,98158.0
20201018:1600,32.6,18.3,233.0,494.11,97.0,369.2,5.24,51.0,98168.0
20201018:1700,32.07,18.6,25.0,87.08,20.0,365.4,5.17,46.0,98158.0
20201018:1800,30.55,20.25,0.0,0.0,0.0,360.8,5.31,34.0,98216.0
20201018:1900,29.25,21.05,0.0,0.0,0.0,356.0,7.1,41.0,98274.0
20201018:2000,28.21,22.15,0.0,0.0,0.0,351.8,7.93,50.0,98362.0
20201018:2100,27.27,23.45,0.0,0.0,0.0,348.0,8.0,59.0,98420.0
20201018:2200,26.32,24.9,0.0,0.0,0.0,344.6,7.72,65.0,98449.0
20201018:2300,25.31,26.25,0.0,0.0,0.0,341.6,7.59,68.0,98468.0
20201019:0000,24.3,27.55,0.0,0.0,0.0,337.8,7.31,69.0,98507.0
20201019:0100,23.28,28.75,0.0,0.0,0.0,334.25,7.17,68.0,98507.0
20201019:0200,22.31,29.8,0.0,0.0,0.0,332.0,7.03,67.0,98488.0
20201019:0300,21.41,30.6,0.0,0.0,0.0,329.2,6.97,65.0,98488.0
20201019:0400,20.52,31.35,0.0,0.0,0.0,324.4,6.69,64.0,98488.0
20201019:0500,19.6,32.4,0.0,0.0,0.0,316.2,6.41,64.0,98507.0
20201019:0600,18.81,33.8,0.0,0.0,0.0,312.6,6.34,63.0,98565.0
20201019:0700,19.1,35.25,190.0,501.45,76.0,323.6,6.69,63.0,98633.0
20201019:0800,20.48,33.8,72.0,0.0,72.0,327.4,6.9,64.0,98701.0
20201019:0900,22.45,32.35,570.0,625.09,200.0,338.0,7.17,66.0,98769.0
20201019:1000,24.36,30.65,497.0,177.27,371.0,347.2,6.69,62.0,98769.0
20201019:1100,26.23,28.1,797.0,736.25,226.0,353.6,6.34,57.0,98730.0
20201019:1200,27.8,25.1,796.0,711.2,240.0,357.0,6.34,54.0,98633.0
20201019:1300,29.14,21.85,764.0,795.56,184.0,356.8,6.28,51.0,98536.0
20201019:1400,30.16,18.85,658.0,853.53,128.0,349.6,6.34,47.0,98449.0
20201019:1500,30.62,16.95,425.0,546.4,171.0,345.2,6.55,41.0,98410.0
20201019:1600,30.48,16.35,233.0,504.77,96.0,343.0,6.9,38.0,98429.0
20201019:1700,29.67,16.75,13.0,0.0,13.0,341.6,6.41,33.0,98439.0
20201019:1800,27.96,18.1,0.0,0.0,0.0,336.6,6.28,26.0,98458.0
20201019:1900,26.88,19.25,0.0,0.0,0.0,337.4,6.83,28.0,98526.0
20201019:2000,25.89,20.3,0.0,0.0,0.0,338.8,6.97,36.0,98585.0
20201019:2100,24.96,21.9,0.0,0.0,0.0,335.0,6.83,43.0,98614.0
20201019:2200,24.05,24.1,0.0,0.0,0.0,331.4,6.69,48.0,98614.0
20201019:2300,23.11,26.85,0.0,0.0,0.0,324.4,6.48,52.0,98643.0
20201020:0000,22.17,29.6,0.0,0.0,0.0,321.8,6.28,53.0,98604.0
20201020:0100,21.25,32.2,0.0,0.0,0.0,319.05,6.07,52.0,98546.0
20201020:0200,20.37,34.65,0.0,0.0,0.0,316.4,5.86,51.0,98517.0
20201020:0300,19.53,37.1,0.0,0.0,0.0,314.0,5.72,48.0,98488.0
20201020:0400,18.75,39.4,0.0,0.0,0.0,311.0,5.72,44.0,98488.0
20201020:0500,18.05,41.6,0.0,0.0,0.0,309.2,5.72,42.0,98526.0
20201020:0600,17.4,43.75,0.0,0.0,0.0,307.8,5.66,37.0,98565.0
20201020:0700,17.74,45.4,185.0,485.29,76.0,306.8,5.59,37.0,98643.0
20201020:0800,19.69,40.4,385.0,561.34,147.0,311.0,6.14,36.0,98681.0
20201020:0900,22.04,35.2,601.0,769.63,148.0,318.2,6.9,43.0,98730.0
20201020:1000,24.42,30.35,742.0,813.05,167.0,327.4,6.69,44.0,98730.0
20201020:1100,26.57,26.5,786.0,719.13,231.0,337.0,6.28,39.0,98643.0
20201020:1200,28.37,23.65,808.0,764.93,213.0,345.8,6.21,34.0,98536.0
20201020:1300,29.75,21.7,770.0,837.2,163.0,352.2,6.14,32.0,98458.0
20201020:1400,30.67,20.45,624.0,731.02,173.0,356.4,6.0,31.0,98352.0
20201020:1500,31.21,19.65,427.0,574.92,162.0,358.2,5.86,29.0,98284.0
20201020:1600,31.27,19.35,223.0,459.58,100.0,357.6,5.79,25.0,98245.0
20201020:1700,30.69,19.8,20.0,59.74,17.0,355.6,5.24,10.0,98226.0
20201020:1800,28.92,21.7,0.0,0.0,0.0,352.4,5.72,351.0,98235.0
20201020:1900,27.96,23.3,0.0,0.0,0.0,352.0,6.55,356.0,98303.0
20201020:2000,26.94,24.75,0.0,0.0,0.0,349.8,6.9,4.0,98323.0
20201020:2100,26.15,26.4,0.0,0.0,0.0,347.8,6.76,15.0,98352.0
20201020:2200,25.48,28.8,0.0,0.0,0.0,346.6,6.55,28.0,98303.0
20201020:2300,24.9,31.95,0.0,0.0,0.0,345.2,6.34,40.0,98303.0
20201021:0000,24.22,35.1,0.0,0.0,0.0,343.6,6.07,47.0,98274.0
20201021:0100,23.45,37.7,0.0,0.0,0.0,341.05,5.79,50.0,98226.0
20201021:0200,22.64,39.65,0.0,0.0,0.0,338.4,5.45,52.0,98177.0
20201021:0300,21.79,41.2,0.0,0.0,0.0,335.4,5.24,49.0,98148.0
20201021:0400,20.94,42.55,0.0,0.0,0.0,332.4,5.03,47.0,98177.0
20201021:0500,20.14,43.55,0.0,0.0,0.0,328.6,4.97,47.0,98197.0
20201021:0600,19.38,44.3,0.0,0.0,0.0,326.0,4.83,47.0,98265.0
20201021:0700,19.63,44.15,173.0,410.2,82.0,324.0,4.28,46.0,98323.0
20201021:0800,21.61,37.85,377.0,539.29,150.0,327.4,4.69,47.0,98371.0
20201021:0900,24.13,31.85,592.0,758.65,148.0,334.2,4.48,46.0,98429.0
20201021:1000,26.75,27.15,733.0,802.99,168.0,343.0,4.0,41.0,98410.0
20201021:1100,29.17,23.9,781.0,723.98,225.0,353.0,3.72,35.0,98400.0
20201021:1200,30.95,22.05,811.0,802.41,190.0,361.8,3.86,25.0,98303.0
20201021:1300,32.03,21.0,755.0,811.32,170.0,367.4,4.21,18.0,98245.0
20201021:1400,32.53,20.2,654.0,894.0,106.0,370.4,4.14,16.0,98177.0
20201021:1500,32.67,19.8,305.0,172.85,226.0,369.4,3.86,17.0,98148.0
20201021:1600,32.49,19.85,220.0,473.64,95.0,366.4,3.66,18.0,98139.0
20201021:1700,31.92,20.55,18.0,64.21,15.0,361.6,3.38,12.0,98148.0
20201021:1800,30.3,22.8,0.0,0.0,0.0,356.6,3.45,354.0,98197.0
20201021:1900,29.1,24.3,0.0,0.0,0.0,352.4,3.93,358.0,98245.0
20201021:2000,27.85,26.3,0.0,0.0,0.0,348.4,4.0,6.0,98284.0
20201021:2100,26.65,28.35,0.0,0.0,0.0,345.0,3.86,16.0,98303.0
20201021:2200,25.49,30.45,0.0,0.0,0.0,342.4,3.72,23.0,98313.0
20201021:2300,24.4,32.55,0.0,0.0,0.0,343.6,3.59,28.0,98294.0
20201022:0000,23.49,34.4,0.0,0.0,0.0,348.0,3.52,32.0,98303.0
20201022:0100,22.59,36.35,0.0,0.0,0.0,345.85,3.45,34.0,98265.0
20201022:0200,21.55,38.75,0.0,0.0,0.0,337.4,3.31,36.0,98255.0
20201022:0300,20.42,41.55,0.0,0.0,0.0,329.6,3.17,37.0,98235.0
20201022:0400,19.34,44.4,0.0,0.0,0.0,326.0,3.03,43.0,98235.0
20201022:0500,18.32,47.2,0.0,0.0,0.0,323.2,2.97,50.0,98245.0
20201022:0600,17.34,50.05,0.0,0.0,0.0,319.8,2.83,53.0,98284.0
20201022:0700,17.38,48.25,176.0,447.38,78.0,318.6,2.55,57.0,98342.0
20201022:0800,20.61,38.95,380.0,564.81,144.0,322.0,2.14,60.0,98400.0
20201022:0900,25.09,28.95,591.0,763.04,147.0,329.2,1.79,68.0,98478.0
20201022:1000,28.67,22.75,716.0,747.13,193.0,340.8,1.24,86.0,98517.0
20201022:1100,31.27,19.1,771.0,700.1,236.0,353.0,0.76,123.0,98420.0
20201022:1200,32.79,17.3,810.0,805.2,190.0,363.0,0.62,169.0,98371.0
20201022:1300,33.77,15.4,750.0,800.47,176.0,367.6,1.38,195.0,98313.0
20201022:1400,34.4,13.7,626.0,781.57,150.0,368.2,1.93,210.0,98265.0
20201022:1500,34.71,12.4,417.0,567.05,160.0,365.6,2.14,218.0,98265.0
20201022:1600,34.55,12.0,209.0,414.98,101.0,362.4,2.07,228.0,98274.0
20201022:1700,33.99,12.3,14.0,46.2,12.0,357.4,1.86,245.0,98274.0
20201022:1800,32.7,13.45,0.0,0.0,0.0,352.4,2.0,265.0,98313.0
20201022:1900,31.55,14.95,0.0,0.0,0.0,351.2,2.0,283.0,98410.0
20201022:2000,29.45,17.7,0.0,0.0,0.0,348.6,1.93,306.0,98449.0
20201022:2100,27.55,20.2,0.0,0.0,0.0,345.8,2.07,332.0,98497.0
20201022:2200,26.02,22.05,0.0,0.0,0.0,343.4,2.28,1.0,98555.0
20201022:2300,24.85,23.35,0.0,0.0,0.0,341.0,2.83,24.0,98546.0
20201023:0000,23.63,25.05,0.0,0.0,0.0,338.6,3.24,38.0,98526.0
20201023:0100,22.44,26.8,0.0,0.0,0.0,336.45,3.45,45.0,98517.0
20201023:0200,21.65,28.05,0.0,0.0,0.0,334.2,3.59,48.0,98497.0
20201023:0300,20.99,29.3,0.0,0.0,0.0,332.0,3.72,50.0,98488.0
20201023:0400,20.39,30.95,0.0,0.0,0.0,330.4,3.79,49.0,98517.0
20201023:0500,19.76,33.15,0.0,0.0,0.0,331.6,3.72,48.0,98517.0
20201023:0600,19.06,35.7,0.0,0.0,0.0,327.8,3.66,49.0,98594.0
20201023:0700,19.58,36.35,168.0,402.34,81.0,327.4,3.72,52.0,98652.0
20201023:0800,22.51,30.65,376.0,569.06,140.0,330.2,3.24,51.0,98711.0
20201023:0900,26.76,23.6,591.0,784.8,137.0,337.6,3.03,47.0,98798.0
20201023:1000,30.29,18.8,700.0,712.25,204.0,348.4,2.76,38.0,98788.0
20201023:1100,32.99,15.7,772.0,722.02,223.0,360.0,2.55,31.0,98749.0
20201023:1200,34.87,13.45,815.0,845.86,167.0,369.6,2.41,25.0,98662.0
20201023:1300,36.03,11.7,754.0,838.55,156.0,375.8,1.93,21.0,98585.0
20201023:1400,36.65,10.85,615.0,758.52,156.0,379.6,1.52,3.0,98526.0
20201023:1500,36.92,10.55,417.0,594.08,150.0,380.2,1.66,338.0,98488.0
20201023:1600,36.78,10.75,208.0,428.59,98.0,378.2,2.62,329.0,98478.0
20201023:1700,35.73,11.85,11.0,0.0,11.0,374.2,3.59,333.0,98497.0
20201023:1800,33.54,14.05,0.0,0.0,0.0,369.2,4.48,343.0,98546.0
20201023:1900,32.46,14.95,0.0,0.0,0.0,367.4,4.83,350.0,98594.0
20201023:2000,31.06,17.15,0.0,0.0,0.0,362.4,5.31,3.0,98672.0
20201023:2100,29.85,19.05,0.0,0.0,0.0,358.4,5.52,9.0,98720.0
20201023:2200,28.78,20.75,0.0,0.0,0.0,355.4,5.93,11.0,98730.0
20201023:2300,27.82,22.15,0.0,0.0,0.0,352.0,6.48,12.0,98711.0
20201024:0000,27.01,23.35,0.0,0.0,0.0,349.0,7.17,12.0,98759.0
20201024:0100,26.22,25.15,0.0,0.0,0.0,347.25,7.86,14.0,98740.0
20201024:0200,25.4,27.65,0.0,0.0,0.0,343.6,8.0,17.0,98701.0
20201024:0300,24.55,30.2,0.0,0.0,0.0,341.6,7.93,20.0,98701.0
20201024:0400,23.71,32.6,0.0,0.0,0.0,336.8,7.79,21.0,98681.0
20201024:0500,22.99,34.5,0.0,0.0,0.0,333.6,7.66,24.0,98711.0
20201024:0600,22.3,36.2,0.0,0.0,0.0,330.6,7.45,26.0,98711.0
20201024:0700,22.02,39.3,166.0,407.71,79.0,329.4,6.69,25.0,98749.0
20201024:0800,23.7,34.85,379.0,595.27,134.0,331.0,6.55,29.0,98798.0
20201024:0900,26.14,29.05,586.0,773.8,141.0,336.4,6.48,33.0,98875.0
20201024:1000,28.75,24.05,699.0,715.99,203.0,344.6,5.86,26.0,98846.0
20201024:1100,31.13,20.4,767.0,711.11,229.0,354.0,5.79,16.0,98837.0
20201024:1200,33.0,17.85,810.0,833.14,175.0,362.2,5.72,15.0,98711.0
20201024:1300,34.38,16.05,749.0,827.69,162.0,368.2,5.52,16.0,98643.0
20201024:1400,35.25,14.9,620.0,791.67,144.0,372.2,5.31,16.0,98546.0
20201024:1500,35.59,14.4,413.0,585.6,152.0,373.4,5.17,15.0,98517.0
20201024:1600,35.38,14.6,208.0,450.38,94.0,371.4,5.31,12.0,98526.0
20201024:1700,34.23,15.95,0.0,0.0,0.0,367.0,4.83,5.0,98507.0
20201024:1800,32.26,18.4,0.0,0.0,0.0,363.0,5.1,3.0,98575.0
20201024:1900,30.91,21.05,0.0,0.0,0.0,359.2,6.55,13.0,98594.0
20201024:2000,29.78,22.7,0.0,0.0,0.0,358.4,6.41,18.0,98672.0
20201024:2100,28.68,24.55,0.0,0.0,0.0,354.8,5.93,24.0,98701.0
20201024:2200,27.59,26.8,0.0,0.0,0.0,350.2,5.52,30.0,98720.0
20201024:2300,26.63,29.25,0.0,0.0,0.0,348.6,5.17,36.0,98720.0
20201025:0000,25.79,31.65,0.0,0.0,0.0,349.8,4.83,39.0,98681.0
20201025:0100,25.07,33.8,0.0,0.0,0.0,355.45,4.62,35.0,98672.0
20201025:0200,24.35,36.0,0.0,0.0,0.0,358.8,4.55,32.0,98614.0
20201025:0300,23.7,38.2,0.0,0.0,0.0,359.4,4.55,31.0,98623.0
20201025:0400,22.99,40.75,0.0,0.0,0.0,354.8,4.48,32.0,98594.0
20201025:0500,22.21,43.6,0.0,0.0,0.0,345.2,4.41,34.0,98623.0
20201025:0600,21.46,46.4,0.0,0.0,0.0,340.8,4.41,35.0,98643.0
20201025:0700,21.25,44.6,154.0,337.27,83.0,336.4,4.28,36.0,98701.0
20201025:0800,23.3,40.0,381.0,634.16,122.0,339.2,4.34,32.0,98769.0
20201025:0900,25.88,34.6,575.0,755.71,143.0,346.0,4.69,28.0,98817.0
20201025:1000,28.19,29.95,690.0,715.43,197.0,356.2,4.9,22.0,98798.0
20201025:1100,30.29,26.05,766.0,739.95,209.0,367.0,4.97,18.0,98740.0
20201025:1200,32.01,23.0,804.0,849.29,160.0,377.0,4.9,15.0,98652.0
20201025:1300,33.21,20.5,731.0,795.4,170.0,383.4,4.83,9.0,98565.0
20201025:1400,33.76,18.5,598.0,731.46,161.0,385.0,4.97,4.0,98478.0
20201025:1500,33.81,17.2,405.0,581.43,148.0,381.8,4.97,1.0,98458.0
20201025:1600,33.38,17.05,203.0,444.63,92.0,374.4,4.9,359.0,98449.0
20201025:1700,32.43,18.35,0.0,0.0,0.0,372.0,4.28,356.0,98449.0
20201025:1800,30.72,21.05,0.0,0.0,0.0,363.0,4.0,353.0,98488.0
20201025:1900,29.29,22.35,0.0,0.0,0.0,354.4,4.14,354.0,98526.0
20201025:2000,27.99,24.8,0.0,0.0,0.0,349.0,4.28,359.0,98575.0
20201025:2100,26.76,27.3,0.0,0.0,0.0,344.8,4.41,6.0,98565.0
20201025:2200,25.65,29.6,0.0,0.0,0.0,341.0,4.55,11.0,98585.0
20201025:2300,24.64,31.8,0.0,0.0,0.0,338.6,4.62,12.0,98585.0
20201026:0000,23.71,33.9,0.0,0.0,0.0,337.2,4.76,10.0,98546.0
20201026:0100,22.82,36.05,0.0,0.0,0.0,335.25,4.9,8.0,98517.0
20201026:0200,21.89,38.6,0.0,0.0,0.0,332.4,4.83,11.0,98497.0
20201026:0300,20.99,41.65,0.0,0.0,0.0,330.6,4.69,15.0,98458.0
20201026:0400,20.15,45.25,0.0,0.0,0.0,328.0,4.48,21.0,98449.0
20201026:0500,19.43,49.0,0.0,0.0,0.0,325.8,4.34,28.0,98458.0
20201026:0600,18.77,52.7,0.0,0.0,0.0,322.6,4.21,36.0,98488.0
20201026:0700,18.87,53.05,148.0,308.26,84.0,321.2,4.0,55.0,98526.0
20201026:0800,21.54,45.85,347.0,466.41,158.0,325.6,3.93,67.0,98555.0
20201026:0900,24.94,37.55,463.0,351.99,263.0,333.8,4.14,77.0,98604.0
20201026:1000,27.82,31.35,675.0,666.73,218.0,345.0,3.72,84.0,98585.0
20201026:1100,29.99,26.8,797.0,853.2,158.0,354.4,3.17,83.0,98517.0
20201026:1200,31.3,19.9,804.0,856.31,158.0,361.8,2.62,65.0,98410.0
20201026:1300,32.0,17.7,739.0,832.58,155.0,365.8,2.41,33.0,98352.0
20201026:1400,32.43,16.9,604.0,766.45,149.0,368.0,2.83,8.0,98255.0
20201026:1500,32.56,16.6,409.0,609.05,142.0,366.8,3.38,357.0,98226.0
20201026:1600,32.26,16.75,203.0,458.9,90.0,364.2,3.45,356.0,98206.0
20201026:1700,31.57,17.3,0.0,0.0,0.0,360.0,2.97,358.0,98197.0
20201026:1800,30.13,18.8,0.0,0.0,0.0,355.4,2.69,2.0,98226.0
20201026:1900,29.17,21.2,0.0,0.0,0.0,356.0,2.76,22.0,98284.0
20201026:2000,27.69,22.85,0.0,0.0,0.0,352.2,3.24,32.0,98323.0
20201026:2100,26.46,23.95,0.0,0.0,0.0,348.6,3.86,40.0,98313.0
20201026:2200,25.56,24.55,0.0,0.0,0.0,344.4,4.55,47.0,98371.0
20201026:2300,24.73,25.15,0.0,0.0,0.0,340.4,4.97,53.0,98284.0
20201027:0000,23.92,26.0,0.0,0.0,0.0,336.8,4.97,58.0,98313.0
20201027:0100,23.1,27.2,0.0,0.0,0.0,333.65,4.9,61.0,98294.0
20201027:0200,22.34,28.7,0.0,0.0,0.0,331.0,5.03,62.0,98265.0
20201027:0300,21.65,30.45,0.0,0.0,0.0,329.2,5.24,63.0,98245.0
20201027:0400,21.06,32.3,0.0,0.0,0.0,326.6,5.38,66.0,98265.0
20201027:0500,20.56,34.15,0.0,0.0,0.0,324.6,5.59,70.0,98294.0
20201027:0600,20.05,35.95,0.0,0.0,0.0,322.0,5.59,75.0,98342.0
20201027:0700,20.46,35.9,152.0,341.97,82.0,321.0,5.86,75.0,98400.0
20201027:0800,22.65,31.65,380.0,641.78,122.0,322.8,5.66,79.0,98449.0
20201027:0900,25.77,26.45,578.0,775.59,140.0,328.2,6.07,83.0,98517.0
20201027:1000,28.4,22.65,683.0,689.39,213.0,336.2,6.62,88.0,98488.0
20201027:1100,30.21,18.35,762.0,727.38,220.0,345.0,7.17,92.0,98488.0
20201027:1200,31.27,15.85,809.0,867.37,158.0,351.6,6.34,93.0,98391.0
20201027:1300,32.0,14.7,747.0,860.1,147.0,355.2,5.45,93.0,98332.0
20201027:1400,32.36,14.3,604.0,762.83,154.0,357.8,4.69,90.0,98255.0
20201027:1500,32.43,14.25,413.0,632.45,138.0,357.6,4.14,86.0,98235.0
20201027:1600,32.17,14.45,198.0,436.39,92.0,356.0,3.86,80.0,98226.0
20201027:1700,31.44,14.95,0.0,0.0,0.0,352.0,3.45,69.0,98235.0
20201027:1800,29.66,16.35,0.0,0.0,0.0,346.8,3.66,53.0,98274.0
20201027:1900,28.29,16.95,0.0,0.0,0.0,343.0,4.83,49.0,98362.0
20201027:2000,27.0,18.0,0.0,0.0,0.0,337.8,5.38,53.0,98400.0
20201027:2100,25.92,19.25,0.0,0.0,0.0,333.0,5.79,61.0,98478.0
20201027:2200,24.94,20.9,0.0,0.0,0.0,329.4,5.79,70.0,98497.0
20201027:2300,23.97,22.8,0.0,0.0,0.0,326.2,5.52,78.0,98536.0
20201028:0000,22.98,24.65,0.0,0.0,0.0,323.8,5.17,85.0,98517.0
20201028:0100,22.03,26.8,0.0,0.0,0.0,320.85,4.97,88.0,98507.0
20201028:0200,21.09,29.6,0.0,0.0,0.0,318.0,4.9,88.0,98497.0
20201028:0300,20.12,33.05,0.0,0.0,0.0,315.0,4.76,84.0,98497.0
20201028:0400,19.15,36.85,0.0,0.0,0.0,312.2,4.76,77.0,98536.0
20201028:0500,18.25,40.5,0.0,0.0,0.0,309.0,4.97,71.0,98546.0
20201028:0600,17.45,43.75,0.0,0.0,0.0,306.4,5.17,71.0,98623.0
20201028:0700,17.51,43.95,156.0,391.58,77.0,304.8,5.17,74.0,98711.0
20201028:0800,19.59,38.4,378.0,644.47,121.0,307.2,5.38,79.0,98759.0
20201028:0900,22.5,31.3,576.0,778.62,139.0,313.8,5.79,85.0,98846.0
20201028:1000,25.21,25.5,693.0,734.42,195.0,322.4,5.66,85.0,98788.0
20201028:1100,27.48,20.8,783.0,805.3,186.0,331.0,5.52,83.0,98788.0
20201028:1200,28.92,17.9,803.0,854.43,165.0,338.4,5.38,76.0,98662.0
20201028:1300,29.78,16.7,733.0,817.26,166.0,343.0,5.1,64.0,98633.0
20201028:1400,30.17,16.3,602.0,765.94,153.0,345.6,5.17,53.0,98536.0
20201028:1500,30.21,16.2,409.0,623.68,140.0,345.2,5.38,46.0,98546.0
20201028:1600,29.81,16.35,195.0,429.82,92.0,343.2,5.59,41.0,98517.0
20201028:1700,28.89,16.7,0.0,0.0,0.0,339.4,5.17,35.0,98575.0
20201028:1800,27.26,17.4,0.0,0.0,0.0,334.0,5.1,31.0,98633.0
20201028:1900,25.84,16.65,0.0,0.0,0.0,327.0,5.93,34.0,98701.0
20201028:2000,24.63,16.35,0.0,0.0,0.0,321.0,6.14,41.0,98749.0
20201028:2100,23.51,16.15,0.0,0.0,0.0,315.4,6.0,47.0,98808.0
20201028:2200,22.4,16.1,0.0,0.0,0.0,311.8,5.66,51.0,98808.0
20201028:2300,21.27,16.3,0.0,0.0,0.0,307.8,5.38,54.0,98827.0
20201029:0000,20.19,16.85,0.0,0.0,0.0,304.4,5.38,55.0,98817.0
20201029:0100,19.13,17.9,0.0,0.0,0.0,300.6,5.59,56.0,98798.0
20201029:0200,18.16,19.45,0.0,0.0,0.0,298.2,5.86,56.0,98798.0
20201029:0300,17.36,21.75,0.0,0.0,0.0,301.8,5.86,55.0,98769.0
20201029:0400,16.58,25.2,0.0,0.0,0.0,298.6,5.86,54.0,98827.0
20201029:0500,15.89,29.6,0.0,0.0,0.0,299.0,5.79,54.0,98856.0
20201029:0600,15.38,34.05,0.0,0.0,0.0,304.0,5.79,54.0,98904.0
20201029:0700,15.58,37.55,114.0,130.8,88.0,299.8,5.86,53.0,98982.0
20201029:0800,17.13,35.4,363.0,568.87,138.0,294.0,6.07,54.0,99021.0
20201029:0900,19.45,30.6,568.0,742.27,154.0,294.0,7.03,57.0,99079.0
20201029:1000,21.79,25.7,747.0,956.39,102.0,301.4,7.17,58.0,99050.0
20201029:1100,23.83,21.4,784.0,812.15,185.0,319.8,7.17,57.0,98992.0
20201029:1200,25.55,17.7,796.0,830.56,179.0,324.0,7.03,56.0,98904.0
20201029:1300,26.8,15.1,694.0,678.25,226.0,323.6,6.9,55.0,98817.0
20201029:1400,27.63,13.25,579.0,674.61,186.0,323.0,6.83,53.0,98711.0
20201029:1500,28.09,12.1,411.0,642.74,136.0,322.2,6.9,51.0,98691.0
20201029:1600,28.06,11.6,189.0,401.8,94.0,321.6,6.9,49.0,98691.0
20201029:1700,27.15,12.1,0.0,0.0,0.0,319.4,5.93,40.0,98720.0
20201029:1800,25.41,13.65,0.0,0.0,0.0,316.2,6.28,31.0,98749.0
20201029:1900,24.3,15.6,0.0,0.0,0.0,314.2,7.17,32.0,98808.0
20201029:2000,23.36,17.45,0.0,0.0,0.0,312.6,7.59,38.0,98904.0
20201029:2100,22.44,19.4,0.0,0.0,0.0,311.2,7.66,46.0,98895.0
20201029:2200,21.59,21.45,0.0,0.0,0.0,311.6,7.45,52.0,98924.0
20201029:2300,20.77,23.5,0.0,0.0,0.0,314.2,7.1,54.0,98953.0
20201030:0000,19.84,25.9,0.0,0.0,0.0,309.0,6.76,54.0,98914.0
20201030:0100,18.92,28.55,0.0,0.0,0.0,302.2,6.69,52.0,98904.0
20201030:0200,18.12,31.15,0.0,0.0,0.0,300.8,6.69,50.0,98875.0
20201030:0300,17.41,33.8,0.0,0.0,0.0,298.8,6.69,48.0,98856.0
20201030:0400,16.82,36.25,0.0,0.0,0.0,300.0,6.62,48.0,98875.0
20201030:0500,16.27,38.85,0.0,0.0,0.0,297.2,6.62,48.0,98885.0
20201030:0600,15.8,41.35,0.0,0.0,0.0,297.6,6.48,48.0,98914.0
20201030:0700,16.01,42.6,147.0,357.51,77.0,298.4,6.55,48.0,98972.0
20201030:0800,17.84,38.8,372.0,647.54,118.0,301.2,6.69,47.0,99021.0
20201030:0900,20.25,33.95,566.0,770.42,139.0,308.4,7.72,50.0,99060.0
20201030:1000,22.76,29.25,675.0,700.73,205.0,316.2,7.66,52.0,99040.0
20201030:1100,25.13,25.45,780.0,829.96,171.0,324.8,7.38,52.0,98963.0
20201030:1200,27.14,22.65,787.0,832.13,172.0,333.6,7.17,52.0,98885.0
20201030:1300,28.7,20.7,718.0,795.61,172.0,340.2,7.1,52.0,98808.0
20201030:1400,29.77,19.4,592.0,758.25,153.0,344.8,7.03,51.0,98711.0
20201030:1500,30.32,18.6,402.0,626.66,136.0,347.8,6.97,51.0,98643.0
20201030:1600,30.34,18.3,188.0,428.61,88.0,347.8,6.97,49.0,98652.0
20201030:1700,29.33,19.25,0.0,0.0,0.0,345.8,6.14,38.0,98633.0
20201030:1800,27.56,21.25,0.0,0.0,0.0,342.4,6.69,31.0,98672.0
20201030:1900,26.54,21.6,0.0,0.0,0.0,338.8,7.66,35.0,98749.0
20201030:2000,25.6,22.45,0.0,0.0,0.0,335.4,8.07,43.0,98808.0
20201030:2100,24.72,23.25,0.0,0.0,0.0,331.4,8.07,51.0,98856.0
20201030:2200,23.82,24.2,0.0,0.0,0.0,327.4,7.86,56.0,98866.0
20201030:2300,22.91,25.3,0.0,0.0,0.0,323.6,7.52,59.0,98846.0
20201031:0000,21.99,26.8,0.0,0.0,0.0,320.0,7.17,59.0,98875.0
20201031:0100,21.07,28.5,0.0,0.0,0.0,317.05,6.97,58.0,98875.0
20201031:0200,20.19,30.35,0.0,0.0,0.0,314.2,6.62,55.0,98866.0
20201031:0300,19.28,32.3,0.0,0.0,0.0,310.8,6.28,52.0,98837.0
20201031:0400,18.39,34.4,0.0,0.0,0.0,308.4,6.14,49.0,98875.0
20201031:0500,17.55,36.55,0.0,0.0,0.0,305.0,6.07,48.0,98885.0
20201031:0600,16.76,38.8,0.0,0.0,0.0,301.4,6.07,46.0,98934.0
20201031:0700,16.97,39.65,144.0,347.53,77.0,302.0,6.14,47.0,98982.0
20201031:0800,18.66,36.0,373.0,673.58,111.0,304.2,6.48,47.0,99050.0
20201031:0900,20.91,31.3,564.0,771.71,139.0,309.4,7.31,51.0,99050.0
20201031:1000,23.3,26.95,657.0,647.63,225.0,317.0,7.1,53.0,99050.0
20201031:1100,25.48,23.55,774.0,816.44,178.0,325.4,6.9,51.0,98992.0
20201031:1200,27.31,21.05,599.0,315.52,367.0,333.8,6.83,48.0,98885.0
20201031:1300,28.55,19.4,753.0,950.82,104.0,349.8,6.76,46.0,98808.0
20201031:1400,29.34,18.2,586.0,745.54,157.0,353.6,6.69,44.0,98711.0
20201031:1500,29.65,17.3,424.0,769.33,100.0,351.4,6.62,42.0,98672.0
20201031:1600,28.62,14.51,187.0,434.29,87.0,351.39,7.2,40.0,98662.0
20201031:1700,27.7,16.38,0.0,0.0,0.0,347.24,7.09,30.0,98662.0
20201031:1800,26.77,18.26,0.0,0.0,0.0,343.1,6.98,23.0,98672.0
20201031:1900,25.85,20.13,0.0,0.0,0.0,338.96,6.87,23.0,98730.0
20201031:2000,24.92,22.0,0.0,0.0,0.0,334.82,6.76,30.0,98788.0
20201031:2100,24.0,23.88,0.0,0.0,0.0,330.68,6.65,35.0,98808.0
20201031:2200,23.07,25.75,0.0,0.0,0.0,326.54,6.54,40.0,98817.0
20201031:2300,22.15,27.62,0.0,0.0,0.0,322.4,6.43,44.0,98808.0
20201101:0000,21.22,29.5,0.0,0.0,0.0,318.26,6.32,48.0,98798.0
20201101:0100,20.3,31.37,0.0,0.0,0.0,314.12,6.22,50.0,98808.0
20201101:0200,19.37,33.24,0.0,0.0,0.0,309.98,6.11,50.0,98769.0
20201101:0300,18.45,35.12,0.0,0.0,0.0,305.83,6.0,50.0,98749.0
20201101:0400,17.52,36.99,0.0,0.0,0.0,301.69,5.89,49.0,98740.0
20201101:0500,16.6,38.86,0.0,0.0,0.0,297.55,5.78,50.0,98769.0
20201101:0600,15.67,40.74,0.0,0.0,0.0,293.41,5.67,49.0,98778.0
20201101:0700,14.75,42.61,148.0,411.03,70.0,289.27,5.56,47.0,98827.0
20201101:0800,17.75,36.75,374.0,702.67,103.0,294.4,6.07,46.0,98866.0
20201101:0900,20.23,31.25,564.0,791.29,131.0,299.8,7.1,49.0,98953.0
20201101:1000,22.66,26.6,671.0,711.52,199.0,306.8,7.31,51.0,98904.0
20201101:1100,24.85,23.05,780.0,856.46,158.0,315.0,7.24,52.0,98837.0
20201101:1200,26.52,19.95,783.0,842.05,167.0,322.0,7.1,54.0,98749.0
20201101:1300,27.58,17.45,714.0,807.18,166.0,326.8,6.76,53.0,98623.0
20201101:1400,28.21,16.05,599.0,821.78,129.0,329.2,6.62,51.0,98565.0
20201101:1500,28.46,15.35,400.0,650.89,128.0,331.2,6.69,48.0,98507.0
20201101:1600,28.32,15.35,179.0,395.97,89.0,328.8,6.76,45.0,98507.0
20201101:1700,27.37,16.45,0.0,0.0,0.0,326.0,5.86,35.0,98507.0
20201101:1800,25.71,18.75,0.0,0.0,0.0,323.4,5.93,27.0,98546.0
20201101:1900,24.73,20.85,0.0,0.0,0.0,322.2,6.76,28.0,98585.0
20201101:2000,23.88,22.85,0.0,0.0,0.0,320.0,7.24,36.0,98623.0
20201101:2100,23.17,24.95,0.0,0.0,0.0,318.6,7.45,46.0,98633.0
20201101:2200,22.51,27.15,0.0,0.0,0.0,317.2,7.38,54.0,98643.0
20201101:2300,21.77,29.6,0.0,0.0,0.0,315.6,7.17,58.0,98643.0
20201102:0000,20.93,32.4,0.0,0.0,0.0,313.8,6.9,58.0,98652.0
20201102:0100,20.09,35.3,0.0,0.0,0.0,313.65,6.62,58.0,98604.0
20201102:0200,19.25,38.25,0.0,0.0,0.0,310.0,6.34,55.0,98594.0
20201102:0300,18.44,41.05,0.0,0.0,0.0,307.8,6.21,52.0,98575.0
20201102:0400,17.66,43.65,0.0,0.0,0.0,305.6,6.07,48.0,98585.0
20201102:0500,16.95,46.05,0.0,0.0,0.0,303.8,6.07,45.0,98604.0
20201102:0600,16.32,48.15,0.0,0.0,0.0,303.8,6.0,42.0,98633.0
20201102:0700,16.42,46.9,157.0,546.24,55.0,300.8,6.28,43.0,98701.0
20201102:0800,18.11,42.1,264.0,206.61,185.0,304.6,6.21,45.0,98740.0
20201102:0900,20.44,36.15,535.0,689.75,160.0,311.6,7.03,51.0,98798.0
20201102:1000,22.8,30.65,428.0,128.85,343.0,320.6,6.55,56.0,98788.0
20201102:1100,24.83,26.4,509.0,179.93,379.0,327.0,5.52,57.0,98759.0
20201102:1200,26.48,23.3,607.0,353.11,350.0,338.0,4.62,53.0,98691.0
20201102:1300,27.63,21.2,747.0,984.76,82.0,344.4,4.0,45.0,98594.0
20201102:1400,28.38,19.9,597.0,851.38,113.0,346.2,3.79,39.0,98526.0
20201102:1500,28.75,19.2,259.0,132.63,204.0,346.6,3.66,36.0,98507.0
20201102:1600,28.86,18.8,53.0,0.0,53.0,352.2,3.38,37.0,98478.0
20201102:1700,28.2,19.55,0.0,0.0,0.0,339.4,2.34,25.0,98507.0
20201102:1800,26.9,21.4,0.0,0.0,0.0,339.8,2.41,359.0,98517.0
20201102:1900,25.5,23.3,0.0,0.0,0.0,336.6,2.48,355.0,98585.0
20201102:2000,23.76,26.15,0.0,0.0,0.0,330.8,2.76,355.0,98614.0
20201102:2100,22.37,28.6,0.0,0.0,0.0,331.2,2.9,3.0,98623.0
20201102:2200,21.11,30.95,0.0,0.0,0.0,324.4,2.97,16.0,98633.0
20201102:2300,19.94,33.2,0.0,0.0,0.0,321.8,2.83,32.0,98623.0
20201103:0000,18.73,35.7,0.0,0.0,0.0,317.6,2.69,51.0,98614.0
20201103:0100,17.61,38.0,0.0,0.0,0.0,315.85,2.62,65.0,98555.0
20201103:0200,16.6,40.15,0.0,0.0,0.0,313.8,2.55,74.0,98575.0
20201103:0300,15.66,42.25,0.0,0.0,0.0,312.4,2.55,73.0,98526.0
20201103:0400,14.71,44.45,0.0,0.0,0.0,310.0,2.48,68.0,98555.0
20201103:0500,13.87,46.4,0.0,0.0,0.0,309.0,2.55,67.0,98594.0
20201103:0600,13.1,48.3,0.0,0.0,0.0,306.4,2.48,72.0,98623.0
20201103:0700,13.32,47.65,137.0,370.21,69.0,314.4,2.21,88.0,98711.0
20201103:0800,16.42,39.1,368.0,736.08,89.0,322.6,1.38,103.0,98749.0
20201103:0900,20.6,29.05,544.0,764.61,131.0,323.8,1.1,134.0,98837.0
20201103:1000,23.41,24.35,203.0,0.0,203.0,346.2,1.45,168.0,98875.0
20201103:1100,25.66,21.45,786.0,947.43,105.0,350.4,2.21,189.0,98885.0
20201103:1200,27.46,19.65,804.0,997.05,82.0,356.8,2.69,189.0,98749.0
20201103:1300,29.04,17.0,673.0,710.11,196.0,353.8,3.59,170.0,98681.0
20201103:1400,30.16,15.55,553.0,679.51,169.0,359.8,4.41,170.0,98604.0
20201103:1500,30.58,15.15,391.0,660.87,119.0,368.0,4.76,181.0,98565.0
20201103:1600,30.31,15.65,171.0,383.63,86.0,363.2,4.62,186.0,98575.0
20201103:1700,29.37,16.6,0.0,0.0,0.0,361.2,3.45,183.0,98565.0
20201103:1800,27.9,18.4,0.0,0.0,0.0,359.0,2.76,174.0,98623.0
20201103:1900,26.6,20.0,0.0,0.0,0.0,355.0,2.0,254.0,98633.0
20201103:2000,24.95,23.8,0.0,0.0,0.0,351.2,1.31,281.0,98672.0
20201103:2100,23.54,25.7,0.0,0.0,0.0,346.2,1.45,317.0,98701.0
20201103:2200,22.19,27.8,0.0,0.0,0.0,338.8,1.72,3.0,98730.0
20201103:2300,20.92,29.75,0.0,0.0,0.0,333.6,2.21,41.0,98681.0
20201104:0000,19.95,31.35,0.0,0.0,0.0,335.0,2.48,58.0,98662.0
20201104:0100,18.73,34.0,0.0,0.0,0.0,326.45,2.28,66.0,98614.0
20201104:0200,18.41,34.7,0.0,0.0,0.0,325.2,1.79,72.0,98565.0
20201104:0300,18.46,34.6,0.0,0.0,0.0,324.4,1.52,82.0,98585.0
20201104:0400,16.59,39.25,0.0,0.0,0.0,317.6,2.14,90.0,98517.0
20201104:0500,15.57,42.1,0.0,0.0,0.0,322.6,2.55,102.0,98546.0
20201104:0600,15.06,44.05,0.0,0.0,0.0,320.0,2.21,120.0,98555.0
20201104:0700,15.69,43.9,95.0,99.66,77.0,320.8,2.07,133.0,98585.0
20201104:0800,18.65,36.75,342.0,580.24,124.0,327.0,1.31,175.0,98652.0
20201104:0900,22.07,29.3,502.0,583.29,189.0,334.6,1.93,209.0,98672.0
20201104:1000,24.75,24.85,673.0,780.23,164.0,341.6,2.9,200.0,98672.0
20201104:1100,26.67,22.05,690.0,606.92,256.0,347.6,3.59,188.0,98643.0
20201104:1200,28.52,19.6,802.0,991.0,88.0,359.4,4.28,184.0,98526.0
20201104:1300,30.13,17.45,700.0,818.62,153.0,355.8,4.83,186.0,98439.0
20201104:1400,31.14,15.75,594.0,877.54,101.0,355.0,5.45,189.0,98352.0
20201104:1500,31.55,14.6,386.0,641.33,124.0,356.4,5.79,191.0,98255.0
20201104:1600,31.38,14.35,173.0,415.85,82.0,350.6,5.66,192.0,98255.0
20201104:1700,30.33,15.2,0.0,0.0,0.0,346.8,4.14,193.0,98216.0
20201104:1800,28.65,16.85,0.0,0.0,0.0,344.0,3.31,186.0,98255.0
20201104:1900,27.38,18.2,0.0,0.0,0.0,339.6,2.62,186.0,98303.0
20201104:2000,25.92,19.9,0.0,0.0,0.0,336.8,2.97,161.0,98323.0
20201104:2100,24.51,21.7,0.0,0.0,0.0,334.2,3.59,145.0,98371.0
20201104:2200,23.57,23.05,0.0,0.0,0.0,340.2,3.93,140.0,98391.0
20201104:2300,22.94,24.05,0.0,0.0,0.0,341.6,4.14,141.0,98313.0
20201105:0000,22.31,25.1,0.0,0.0,0.0,337.4,4.14,144.0,98323.0
20201105:0100,21.4,26.6,0.0,0.0,0.0,326.25,4.07,146.0,98294.0
20201105:0200,20.59,28.0,0.0,0.0,0.0,322.2,4.14,147.0,98294.0
20201105:0300,19.92,29.25,0.0,0.0,0.0,323.4,4.21,145.0,98294.0
20201105:0400,19.18,30.65,0.0,0.0,0.0,320.8,4.55,133.0,98274.0
20201105:0500,18.74,31.75,0.0,0.0,0.0,320.4,5.17,123.0,98332.0
20201105:0600,18.63,32.75,0.0,0.0,0.0,318.4,5.66,122.0,98391.0
20201105:0700,18.47,32.9,88.0,78.86,74.0,307.8,5.45,123.0,98439.0
20201105:0800,20.9,28.45,114.0,0.0,114.0,309.4,5.03,129.0,98526.0
20201105:0900,24.47,22.55,501.0,587.15,188.0,316.8,5.31,140.0,98594.0
20201105:1000,27.58,17.8,661.0,739.91,181.0,335.4,5.86,150.0,98614.0
20201105:1100,29.38,14.9,796.0,1005.05,81.0,359.2,6.28,158.0,98546.0
20201105:1200,30.96,12.9,746.0,781.18,186.0,360.8,6.62,165.0,98488.0
20201105:1300,32.04,12.15,584.0,433.26,296.0,352.8,6.69,172.0,98429.0
20201105:1400,32.56,12.05,587.0,850.43,112.0,354.4,6.48,176.0,98342.0
20201105:1500,32.66,12.0,346.0,443.84,166.0,358.4,5.86,178.0,98352.0
20201105:1600,32.39,12.05,184.0,536.61,68.0,358.6,5.1,178.0,98371.0
20201105:1700,31.16,13.0,0.0,0.0,0.0,350.0,3.38,175.0,98391.0
20201105:1800,29.55,14.4,0.0,0.0,0.0,347.0,2.83,162.0,98468.0
20201105:1900,28.32,15.35,0.0,0.0,0.0,360.4,3.1,137.0,98497.0
20201105:2000,27.08,16.55,0.0,0.0,0.0,365.6,3.52,125.0,98546.0
20201105:2100,26.17,17.45,0.0,0.0,0.0,361.6,4.14,121.0,98575.0
20201105:2200,25.71,17.9,0.0,0.0,0.0,364.0,4.69,121.0,98575.0
20201105:2300,25.12,18.55,0.0,0.0,0.0,352.6,4.9,122.0,98555.0
20201106:0000,24.53,19.25,0.0,0.0,0.0,348.8,4.76,123.0,98575.0
20201106:0100,23.62,20.35,0.0,0.0,0.0,336.25,4.62,121.0,98565.0
20201106:0200,22.76,21.4,0.0,0.0,0.0,331.2,4.62,119.0,98536.0
20201106:0300,22.03,22.15,0.0,0.0,0.0,331.2,4.55,116.0,98585.0
20201106:0400,21.48,22.6,0.0,0.0,0.0,337.0,4.55,116.0,98565.0
20201106:0500,21.0,23.0,0.0,0.0,0.0,334.6,4.9,116.0,98623.0
20201106:0600,20.68,23.4,0.0,0.0,0.0,336.0,5.03,117.0,98701.0
20201106:0700,21.29,22.55,120.0,280.89,71.0,354.0,5.03,122.0,98749.0
20201106:0800,22.92,20.45,361.0,758.75,81.0,357.4,4.97,125.0,98817.0
20201106:0900,25.93,16.9,525.0,727.02,140.0,355.8,5.24,130.0,98885.0
20201106:1000,29.13,13.75,494.0,266.63,322.0,352.4,5.52,136.0,98895.0
20201106:1100,31.52,11.75,526.0,230.3,363.0,364.4,5.45,143.0,98837.0
20201106:1200,32.94,10.75,593.0,356.1,339.0,383.6,5.38,149.0,98788.0
20201106:1300,33.8,10.25,362.0,58.97,323.0,395.65,5.03,155.0,98711.0
20201106:1400,34.0,10.25,240.0,16.21,231.0,390.8,4.34,160.0,98643.0
20201106:1500,34.01,10.3,170.0,17.39,163.0,402.65,3.72,160.0,98633.0
20201106:1600,33.79,10.4,126.0,145.14,95.0,391.25,3.45,156.0,98614.0
20201106:1700,32.67,11.2,0.0,0.0,0.0,378.0,2.76,155.0,98623.0
20201106:1800,31.09,12.35,0.0,0.0,0.0,370.2,2.83,150.0,98633.0
20201106:1900,29.88,13.5,0.0,0.0,0.0,369.6,2.62,141.0,98711.0
20201106:2000,28.34,14.75,0.0,0.0,0.0,362.4,3.24,130.0,98740.0
20201106:2100,27.04,15.7,0.0,0.0,0.0,359.8,4.28,126.0,98769.0
20201106:2200,26.51,15.95,0.0,0.0,0.0,358.8,5.59,124.0,98808.0
20201106:2300,26.08,16.2,0.0,0.0,0.0,352.8,6.55,122.0,98778.0
20201107:0000,25.48,17.1,0.0,0.0,0.0,350.4,6.9,118.0,98778.0
20201107:0100,24.69,18.9,0.0,0.0,0.0,344.85,6.76,117.0,98730.0
20201107:0200,23.95,20.8,0.0,0.0,0.0,342.6,6.62,117.0,98720.0
20201107:0300,23.22,22.4,0.0,0.0,0.0,339.6,6.41,116.0,98711.0
20201107:0400,22.5,23.7,0.0,0.0,0.0,334.8,6.28,116.0,98701.0
20201107:0500,21.93,24.7,0.0,0.0,0.0,335.2,6.0,115.0,98740.0
20201107:0600,21.33,25.75,0.0,0.0,0.0,332.6,5.59,114.0,98759.0
20201107:0700,21.3,25.35,132.0,420.19,60.0,325.2,5.24,115.0,98885.0
20201107:0800,22.9,23.0,351.0,702.79,94.0,324.6,4.41,116.0,98924.0
20201107:0900,25.56,19.5,533.0,775.62,125.0,327.8,4.97,118.0,99011.0
20201107:1000,27.92,16.6,651.0,745.16,173.0,335.0,4.69,122.0,99011.0
20201107:1100,29.9,14.2,755.0,879.09,136.0,343.6,4.28,124.0,98943.0
20201107:1200,31.34,12.1,789.0,996.12,82.0,350.4,3.45,125.0,98895.0
20201107:1300,32.07,11.0,675.0,767.55,170.0,355.4,1.79,113.0,98817.0
20201107:1400,32.44,10.5,575.0,836.62,113.0,357.4,1.1,53.0,98798.0
20201107:1500,32.73,10.3,386.0,695.32,108.0,356.4,1.93,29.0,98759.0
20201107:1600,32.69,10.35,174.0,487.93,71.0,354.2,2.69,24.0,98778.0
20201107:1700,31.75,11.15,0.0,0.0,0.0,350.6,3.1,7.0,98778.0
20201107:1800,29.8,12.9,0.0,0.0,0.0,347.4,4.07,0.0,98837.0
20201107:1900,29.22,13.8,0.0,0.0,0.0,355.4,4.28,1.0,98885.0
20201107:2000,27.8,15.7,0.0,0.0,0.0,347.0,4.21,14.0,98963.0
20201107:2100,26.38,17.75,0.0,0.0,0.0,341.2,3.52,33.0,99001.0
20201107:2200,24.88,19.55,0.0,0.0,0.0,337.6,2.97,61.0,98943.0
20201107:2300,23.94,20.3,0.0,0.0,0.0,334.4,3.52,92.0,98953.0
20201108:0000,23.52,20.5,0.0,0.0,0.0,332.0,4.76,107.0,98895.0
20201108:0100,22.97,21.85,0.0,0.0,0.0,329.85,5.24,106.0,98914.0
20201108:0200,22.34,23.6,0.0,0.0,0.0,329.4,5.45,103.0,98866.0
20201108:0300,21.72,25.0,0.0,0.0,0.0,328.2,5.45,101.0,98866.0
20201108:0400,21.07,26.2,0.0,0.0,0.0,326.0,5.31,101.0,98885.0
20201108:0500,20.4,27.5,0.0,0.0,0.0,321.4,5.24,101.0,98904.0
20201108:0600,19.77,28.85,0.0,0.0,0.0,318.6,5.17,103.0,98943.0
20201108:0700,19.97,28.4,130.0,422.0,59.0,318.0,5.45,105.0,99001.0
20201108:0800,21.87,25.65,354.0,747.92,83.0,319.4,5.17,109.0,99060.0
20201108:0900,24.59,22.15,512.0,681.31,156.0,324.0,6.14,114.0,99089.0
20201108:1000,27.1,18.9,661.0,793.26,155.0,331.2,6.28,119.0,99118.0
20201108:1100,29.2,15.9,774.0,967.82,96.0,338.8,5.79,122.0,99031.0
20201108:1200,30.77,13.4,774.0,935.92,113.0,345.6,5.17,124.0,98924.0
20201108:1300,31.8,11.85,701.0,879.89,125.0,350.4,4.48,124.0,98846.0
20201108:1400,32.34,11.05,574.0,841.28,112.0,352.4,3.72,118.0,98769.0
20201108:1500,32.55,10.7,384.0,700.14,106.0,353.6,3.31,109.0,98730.0
20201108:1600,32.36,10.75,174.0,503.15,69.0,354.8,3.1,98.0,98740.0
20201108:1700,31.38,11.5,0.0,0.0,0.0,348.4,2.55,87.0,98749.0
20201108:1800,29.62,12.95,0.0,0.0,0.0,344.6,2.76,78.0,98798.0
20201108:1900,28.07,14.9,0.0,0.0,0.0,341.0,2.55,66.0,98866.0
20201108:2000,26.22,16.7,0.0,0.0,0.0,338.6,2.76,64.0,98924.0
20201108:2100,24.73,18.3,0.0,0.0,0.0,338.6,2.83,54.0,98982.0
20201108:2200,23.61,19.7,0.0,0.0,0.0,343.8,3.03,39.0,98992.0
20201108:2300,22.63,21.4,0.0,0.0,0.0,341.2,3.59,26.0,98992.0
20201109:0000,21.77,23.1,0.0,0.0,0.0,338.2,3.66,39.0,98934.0
20201109:0100,21.11,24.0,0.0,0.0,0.0,345.85,3.93,66.0,98895.0
20201109:0200,20.77,23.6,0.0,0.0,0.0,338.2,4.83,82.0,98837.0
20201109:0300,20.79,23.5,0.0,0.0,0.0,347.8,5.1,90.0,98817.0
20201109:0400,20.17,25.15,0.0,0.0,0.0,330.4,5.03,91.0,98837.0
20201109:0500,19.57,27.25,0.0,0.0,0.0,325.2,4.97,97.0,98866.0
20201109:0600,19.42,29.0,0.0,0.0,0.0,340.4,4.97,103.0,98904.0
20201109:0700,19.11,31.15,123.0,393.6,58.0,328.6,4.21,107.0,98972.0
20201109:0800,20.42,29.55,322.0,573.83,116.0,323.2,2.83,91.0,99060.0
20201109:0900,22.86,25.85,99.0,0.0,99.0,331.4,3.03,62.0,99147.0
20201109:1000,24.82,22.9,604.0,608.55,218.0,346.2,3.66,52.0,99137.0
20201109:1100,26.79,19.8,686.0,670.03,219.0,340.6,4.07,56.0,99069.0
20201109:1200,28.5,16.85,677.0,618.94,242.0,347.8,4.48,53.0,99021.0
20201109:1300,29.73,14.45,616.0,589.53,232.0,352.6,4.69,51.0,98904.0
20201109:1400,30.21,13.85,531.0,677.44,161.0,355.8,4.69,47.0,98827.0
20201109:1500,30.39,13.8,228.0,98.89,189.0,368.8,4.9,58.0,98798.0
20201109:1600,30.27,13.45,168.0,484.59,68.0,366.2,4.41,66.0,98778.0
20201109:1700,29.41,13.9,0.0,0.0,0.0,362.2,3.38,67.0,98759.0
20201109:1800,27.79,15.3,0.0,0.0,0.0,345.0,3.24,66.0,98798.0
20201109:1900,26.89,18.9,0.0,0.0,0.0,342.2,3.1,62.0,98827.0
20201109:2000,25.57,20.2,0.0,0.0,0.0,341.2,3.31,60.0,98875.0
20201109:2100,24.4,21.3,0.0,0.0,0.0,338.2,3.66,60.0,98885.0
20201109:2200,23.52,22.05,0.0,0.0,0.0,338.4,4.0,65.0,98885.0
20201109:2300,22.8,22.65,0.0,0.0,0.0,340.0,4.21,73.0,98827.0
20201110:0000,22.03,23.7,0.0,0.0,0.0,337.0,4.21,84.0,98817.0
20201110:0100,21.29,24.85,0.0,0.0,0.0,332.85,4.14,96.0,98798.0
20201110:0200,20.68,25.8,0.0,0.0,0.0,329.0,4.28,105.0,98808.0
20201110:0300,20.11,27.05,0.0,0.0,0.0,325.6,4.41,108.0,98769.0
20201110:0400,19.52,28.55,0.0,0.0,0.0,321.4,4.48,109.0,98769.0
20201110:0500,18.94,30.0,0.0,0.0,0.0,317.0,4.62,111.0,98788.0
20201110:0600,18.41,31.35,0.0,0.0,0.0,314.6,4.55,114.0,98808.0
20201110:0700,18.14,31.9,117.0,345.61,61.0,313.2,4.0,114.0,98875.0
20201110:0800,20.28,28.1,313.0,522.98,127.0,317.4,3.59,116.0,98934.0
20201110:0900,23.7,22.7,520.0,760.39,128.0,321.0,3.93,122.0,98982.0
20201110:1000,26.53,18.9,638.0,729.3,178.0,327.8,4.0,132.0,98972.0
20201110:1100,28.61,16.45,737.0,846.47,150.0,336.2,3.66,144.0,98934.0
20201110:1200,29.86,14.95,752.0,882.17,135.0,346.2,2.62,160.0,98837.0
20201110:1300,30.31,14.3,606.0,550.78,249.0,352.8,1.38,204.0,98769.0
20201110:1400,30.55,13.95,533.0,677.4,165.0,358.0,1.93,293.0,98720.0
20201110:1500,30.42,14.2,393.0,796.34,81.0,360.2,3.72,324.0,98681.0
20201110:1600,29.6,15.1,111.0,102.88,90.0,367.0,5.45,343.0,98701.0
20201110:1700,28.15,17.15,0.0,0.0,0.0,367.6,5.93,359.0,98720.0
20201110:1800,26.54,19.7,0.0,0.0,0.0,355.4,5.52,16.0,98788.0
20201110:1900,25.26,24.4,0.0,0.0,0.0,349.4,4.76,38.0,98808.0
20201110:2000,24.78,23.9,0.0,0.0,0.0,350.4,3.86,45.0,98827.0
20201110:2100,24.06,24.2,0.0,0.0,0.0,349.6,3.31,49.0,98827.0
20201110:2200,22.92,25.6,0.0,0.0,0.0,336.0,3.17,62.0,98817.0
20201110:2300,22.01,26.9,0.0,0.0,0.0,347.8,3.1,77.0,98817.0
20201111:0000,21.34,27.6,0.0,0.0,0.0,346.4,3.24,84.0,98769.0
20201111:0100,20.6,28.6,0.0,0.0,0.0,340.45,3.17,77.0,98749.0
20201111:0200,19.87,29.8,0.0,0.0,0.0,341.4,3.03,63.0,98740.0
20201111:0300,19.3,30.9,0.0,0.0,0.0,345.8,3.24,46.0,98711.0
20201111:0400,18.53,32.55,0.0,0.0,0.0,331.2,3.66,46.0,98740.0
20201111:0500,18.18,33.2,0.0,0.0,0.0,338.8,3.79,54.0,98759.0
20201111:0600,17.59,34.15,0.0,0.0,0.0,330.8,3.79,63.0,98759.0
20201111:0700,17.65,37.05,122.0,427.89,54.0,321.0,4.21,81.0,98788.0
20201111:0800,20.34,31.35,343.0,740.81,82.0,327.8,4.34,96.0,98837.0
20201111:0900,24.14,24.8,512.0,732.36,137.0,328.6,4.83,106.0,98885.0
20201111:1000,27.05,20.65,671.0,883.27,117.0,334.6,5.52,115.0,98856.0
20201111:1100,28.69,18.0,762.0,965.25,96.0,344.4,5.66,123.0,98808.0
20201111:1200,29.45,16.75,762.0,933.83,112.0,347.2,4.28,124.0,98701.0
20201111:1300,29.57,16.55,686.0,860.41,131.0,354.6,2.69,125.0,98623.0
20201111:1400,29.41,16.65,561.0,821.6,117.0,360.0,0.9,138.0,98555.0
20201111:1500,29.31,16.85,368.0,642.21,118.0,359.2,0.97,297.0,98517.0
20201111:1600,29.24,16.95,137.0,242.62,88.0,355.0,2.21,311.0,98536.0
20201111:1700,28.66,18.05,0.0,0.0,0.0,367.8,2.41,322.0,98575.0
20201111:1800,27.4,20.1,0.0,0.0,0.0,357.8,2.28,346.0,98623.0
20201111:1900,26.57,19.4,0.0,0.0,0.0,346.8,3.31,358.0,98672.0
20201111:2000,25.38,21.45,0.0,0.0,0.0,344.4,3.59,7.0,98740.0
20201111:2100,24.13,23.5,0.0,0.0,0.0,337.8,3.31,20.0,98759.0
20201111:2200,22.82,26.0,0.0,0.0,0.0,335.2,2.83,44.0,98817.0
20201111:2300,21.54,28.95,0.0,0.0,0.0,327.2,2.76,70.0,98808.0
20201112:0000,20.46,32.0,0.0,0.0,0.0,323.4,2.9,85.0,98827.0
20201112:0100,19.49,34.85,0.0,0.0,0.0,320.45,3.1,90.0,98798.0
20201112:0200,18.86,36.85,0.0,0.0,0.0,324.2,3.52,92.0,98769.0
20201112:0300,18.43,38.25,0.0,0.0,0.0,321.0,4.0,87.0,98769.0
20201112:0400,18.0,39.65,0.0,0.0,0.0,314.4,4.34,83.0,98788.0
20201112:0500,17.5,41.2,0.0,0.0,0.0,312.4,4.34,83.0,98798.0
20201112:0600,16.9,42.7,0.0,0.0,0.0,310.2,4.07,84.0,98866.0
20201112:0700,17.42,42.2,121.0,442.85,52.0,323.4,4.28,90.0,98914.0
20201112:0800,18.96,37.95,343.0,753.6,80.0,317.8,3.79,88.0,98963.0
20201112:0900,21.65,31.55,507.0,719.64,141.0,336.8,4.07,85.0,99040.0
20201112:1000,24.13,26.3,655.0,822.49,142.0,347.0,3.72,88.0,99060.0
20201112:1100,25.9,22.95,748.0,916.2,119.0,352.0,3.03,89.0,98992.0
20201112:1200,27.21,20.7,744.0,868.99,142.0,355.0,2.83,86.0,98875.0
20201112:1300,28.01,19.65,678.0,831.81,144.0,363.6,3.03,67.0,98846.0
20201112:1400,28.34,19.3,577.0,913.26,86.0,362.0,3.45,48.0,98749.0
20201112:1500,28.46,18.7,390.0,801.35,80.0,346.2,3.72,38.0,98740.0
20201112:1600,28.21,18.75,173.0,580.3,57.0,357.4,3.93,33.0,98759.0
20201112:1700,27.47,19.55,0.0,0.0,0.0,354.4,3.59,27.0,98769.0
20201112:1800,26.16,21.15,0.0,0.0,0.0,348.6,3.66,20.0,98798.0
20201112:1900,25.09,20.9,0.0,0.0,0.0,339.6,3.52,22.0,98856.0
20201112:2000,23.85,22.55,0.0,0.0,0.0,335.6,3.52,30.0,98924.0
20201112:2100,22.69,24.3,0.0,0.0,0.0,332.8,3.38,38.0,98953.0
20201112:2200,21.64,26.1,0.0,0.0,0.0,331.2,3.31,46.0,98953.0
20201112:2300,20.47,27.9,0.0,0.0,0.0,324.4,3.24,58.0,98972.0
20201113:0000,19.42,28.95,0.0,0.0,0.0,322.0,3.66,77.0,98963.0
20201113:0100,18.68,28.6,0.0,0.0,0.0,316.05,4.34,92.0,98992.0
20201113:0200,18.03,27.8,0.0,0.0,0.0,307.4,4.55,98.0,98992.0
20201113:0300,17.39,27.6,0.0,0.0,0.0,304.4,4.69,99.0,98953.0
20201113:0400,16.67,28.45,0.0,0.0,0.0,300.6,4.62,97.0,98963.0
20201113:0500,15.97,29.8,0.0,0.0,0.0,299.0,4.55,96.0,98982.0
20201113:0600,15.31,31.45,0.0,0.0,0.0,296.6,4.41,98.0,99040.0
20201113:0700,15.24,31.55,117.0,419.12,53.0,296.4,3.93,100.0,99098.0
20201113:0800,16.96,28.75,340.0,749.26,81.0,297.8,3.1,104.0,99186.0
20201113:0900,19.9,24.0,510.0,740.39,136.0,302.4,2.76,114.0,99283.0
20201113:1000,22.09,20.5,666.0,877.08,122.0,309.2,2.07,122.0,99273.0
20201113:1100,23.9,17.65,749.0,923.69,118.0,316.6,1.59,119.0,99224.0
20201113:1200,25.39,15.65,750.0,893.38,134.0,323.2,1.24,106.0,99118.0
20201113:1300,26.52,14.5,683.0,854.5,137.0,328.0,1.1,83.0,99040.0
20201113:1400,27.25,14.15,555.0,801.97,126.0,332.0,1.24,50.0,98953.0
20201113:1500,27.63,14.3,373.0,691.81,107.0,334.2,1.79,29.0,98934.0
20201113:1600,27.59,14.7,166.0,510.31,65.0,332.2,2.28,16.0,98934.0
20201113:1700,26.93,15.6,0.0,0.0,0.0,330.6,2.62,356.0,98953.0
20201113:1800,25.46,17.4,0.0,0.0,0.0,330.0,3.24,350.0,99001.0
20201113:1900,24.24,19.35,0.0,0.0,0.0,322.2,3.72,9.0,99031.0
20201113:2000,23.15,21.2,0.0,0.0,0.0,320.8,4.28,19.0,99118.0
20201113:2100,22.2,23.05,0.0,0.0,0.0,316.8,4.62,29.0,99147.0
20201113:2200,21.28,24.55,0.0,0.0,0.0,311.8,4.9,39.0,99176.0
20201113:2300,20.38,25.55,0.0,0.0,0.0,309.4,4.9,49.0,99118.0
20201114:0000,19.38,26.4,0.0,0.0,0.0,307.6,4.76,56.0,99118.0
20201114:0100,18.24,27.25,0.0,0.0,0.0,304.2,4.41,64.0,99089.0
20201114:0200,17.11,28.0,0.0,0.0,0.0,301.0,4.07,73.0,99079.0
20201114:0300,16.17,28.5,0.0,0.0,0.0,299.2,4.21,85.0,99040.0
20201114:0400,15.53,28.6,0.0,0.0,0.0,297.6,4.34,92.0,99060.0
20201114:0500,15.03,29.2,0.0,0.0,0.0,297.2,4.28,96.0,99050.0
20201114:0600,14.54,30.3,0.0,0.0,0.0,296.2,4.28,98.0,99118.0
20201114:0700,15.02,31.75,93.0,207.22,62.0,299.2,4.55,98.0,99176.0
20201114:0800,17.14,29.15,318.0,642.58,98.0,303.8,4.28,100.0,99224.0
20201114:0900,20.36,25.05,476.0,623.85,163.0,313.6,4.69,104.0,99292.0
20201114:1000,22.99,21.95,669.0,943.57,87.0,321.6,4.28,106.0,99283.0
20201114:1100,25.09,18.9,743.0,947.38,99.0,329.0,3.79,108.0,99234.0
20201114:1200,26.37,16.65,656.0,594.47,248.0,337.4,3.24,97.0,99157.0
20201114:1300,27.02,15.7,571.0,484.25,263.0,346.4,2.76,74.0,99060.0
20201114:1400,27.25,15.4,562.0,892.33,87.0,351.0,2.69,49.0,98982.0
20201114:1500,27.25,15.4,372.0,727.3,94.0,356.0,2.97,28.0,98963.0
20201114:1600,27.09,15.5,156.0,443.81,69.0,356.8,3.45,16.0,98953.0
20201114:1700,26.32,16.35,0.0,0.0,0.0,346.6,3.45,8.0,98972.0
20201114:1800,25.01,17.9,0.0,0.0,0.0,342.4,3.66,1.0,99031.0
20201114:1900,24.09,19.25,0.0,0.0,0.0,334.4,4.34,0.0,99069.0
20201114:2000,23.13,20.55,0.0,0.0,0.0,329.2,4.55,6.0,99127.0
20201114:2100,22.22,21.8,0.0,0.0,0.0,327.0,4.69,11.0,99147.0
20201114:2200,21.37,23.1,0.0,0.0,0.0,325.0,4.83,16.0,99166.0
20201114:2300,20.53,24.3,0.0,0.0,0.0,320.4,4.97,22.0,99118.0
20201115:0000,19.75,25.35,0.0,0.0,0.0,317.2,4.97,28.0,99127.0
20201115:0100,18.95,26.4,0.0,0.0,0.0,314.85,4.9,34.0,99069.0
20201115:0200,18.21,27.3,0.0,0.0,0.0,315.0,4.76,42.0,99079.0
20201115:0300,17.46,28.2,0.0,0.0,0.0,312.6,4.41,52.0,99031.0
20201115:0400,16.73,29.25,0.0,0.0,0.0,311.8,4.14,64.0,99001.0
20201115:0500,16.08,30.4,0.0,0.0,0.0,310.0,4.07,74.0,98992.0
20201115:0600,15.49,31.85,0.0,0.0,0.0,309.0,4.0,76.0,99050.0
20201115:0700,15.45,32.85,42.0,6.83,41.0,307.4,3.93,72.0,99118.0
20201115:0800,17.27,29.95,278.0,409.94,139.0,311.2,3.52,71.0,99186.0
20201115:0900,20.25,25.45,488.0,690.31,144.0,318.0,3.66,70.0,99234.0
20201115:1000,22.99,21.8,640.0,823.28,135.0,325.8,3.45,65.0,99205.0
20201115:1100,25.27,18.6,733.0,918.02,112.0,328.4,3.52,57.0,99186.0
20201115:1200,26.56,16.95,734.0,887.0,128.0,334.8,4.34,45.0,99098.0
20201115:1300,27.36,16.8,661.0,816.53,144.0,338.0,5.03,34.0,99021.0
20201115:1400,27.81,16.8,527.0,721.06,145.0,339.6,5.52,29.0,98963.0
20201115:1500,27.85,16.95,359.0,652.53,111.0,339.2,5.86,26.0,98914.0
20201115:1600,27.5,17.45,162.0,520.01,61.0,337.4,5.93,23.0,98924.0
20201115:1700,26.5,18.6,0.0,0.0,0.0,334.0,5.03,16.0,98924.0
20201115:1800,25.06,20.3,0.0,0.0,0.0,331.0,4.97,9.0,99001.0
20201115:1900,24.02,21.15,0.0,0.0,0.0,327.6,5.38,10.0,99060.0
20201115:2000,23.01,22.4,0.0,0.0,0.0,324.2,5.17,15.0,99137.0
20201115:2100,22.01,23.7,0.0,0.0,0.0,321.4,4.9,19.0,99176.0
20201115:2200,21.06,25.05,0.0,0.0,0.0,318.6,4.83,22.0,99215.0
20201115:2300,20.18,26.4,0.0,0.0,0.0,316.0,4.9,27.0,99195.0
20201116:0000,19.4,27.7,0.0,0.0,0.0,313.4,4.9,32.0,99186.0
20201116:0100,18.65,29.05,0.0,0.0,0.0,311.45,4.69,39.0,99157.0
20201116:0200,17.87,30.7,0.0,0.0,0.0,309.8,4.28,48.0,99127.0
20201116:0300,17.02,32.75,0.0,0.0,0.0,308.4,4.0,54.0,99079.0
20201116:0400,16.13,35.15,0.0,0.0,0.0,307.2,3.86,53.0,99040.0
20201116:0500,15.26,37.75,0.0,0.0,0.0,306.4,3.52,51.0,99079.0
20201116:0600,14.37,40.5,0.0,0.0,0.0,305.2,3.24,56.0,99118.0
20201116:0700,14.11,41.3,107.0,397.45,50.0,305.4,3.03,64.0,99147.0
20201116:0800,16.16,36.55,323.0,705.78,86.0,307.2,2.76,69.0,99186.0
20201116:0900,19.76,29.1,490.0,701.07,143.0,313.0,2.69,65.0,99244.0
20201116:1000,22.69,24.35,657.0,898.31,109.0,320.6,2.62,49.0,99283.0
20201116:1100,24.66,21.65,730.0,897.22,126.0,328.6,2.97,35.0,99205.0
20201116:1200,25.94,19.75,735.0,883.65,134.0,334.2,3.52,25.0,99157.0
20201116:1300,26.72,18.8,662.0,813.8,149.0,337.4,4.21,15.0,99098.0
20201116:1400,27.11,18.75,519.0,678.92,161.0,338.4,4.83,13.0,98992.0
20201116:1500,27.16,19.45,359.0,653.5,112.0,337.6,5.1,16.0,98972.0
20201116:1600,26.83,20.3,162.0,524.63,61.0,335.6,5.24,19.0,98953.0
20201116:1700,25.91,21.55,0.0,0.0,0.0,332.2,4.48,16.0,98963.0
20201116:1800,24.52,23.45,0.0,0.0,0.0,328.4,4.48,11.0,99011.0
20201116:1900,23.69,24.2,0.0,0.0,0.0,325.2,4.76,16.0,99069.0
20201116:2000,22.69,26.1,0.0,0.0,0.0,322.4,4.83,20.0,99118.0
20201116:2100,21.75,28.1,0.0,0.0,0.0,319.6,5.03,24.0,99137.0
20201116:2200,20.93,30.0,0.0,0.0,0.0,316.4,5.17,30.0,99186.0
20201116:2300,20.14,31.85,0.0,0.0,0.0,314.2,5.1,37.0,99127.0
20201117:0000,19.32,33.95,0.0,0.0,0.0,311.8,4.69,46.0,99108.0
20201117:0100,18.41,36.25,0.0,0.0,0.0,309.0,4.41,54.0,99079.0
20201117:0200,17.42,38.7,0.0,0.0,0.0,306.2,4.14,60.0,99031.0
20201117:0300,16.47,41.1,0.0,0.0,0.0,303.6,3.93,64.0,99040.0
20201117:0400,15.55,43.4,0.0,0.0,0.0,301.4,3.72,70.0,99021.0
20201117:0500,14.71,45.4,0.0,0.0,0.0,299.8,3.59,76.0,99040.0
20201117:0600,13.94,47.25,0.0,0.0,0.0,299.4,3.45,74.0,99069.0
20201117:0700,13.75,46.55,105.0,391.92,50.0,299.6,3.31,65.0,99137.0
20201117:0800,15.69,40.8,319.0,700.66,86.0,302.8,2.9,56.0,99205.0
20201117:0900,19.11,32.55,491.0,726.18,134.0,308.8,3.03,51.0,99283.0
20201117:1000,22.04,26.95,646.0,863.68,122.0,317.2,3.1,45.0,99283.0
20201117:1100,24.36,23.25,721.0,877.64,133.0,326.2,3.31,42.0,99215.0
20201117:1200,25.87,22.0,730.0,880.19,134.0,333.4,3.79,40.0,99127.0
20201117:1300,26.76,21.45,661.0,826.89,142.0,337.8,4.07,36.0,99021.0
20201117:1400,27.33,20.65,524.0,716.29,148.0,340.0,4.28,31.0,98953.0
20201117:1500,27.56,20.45,360.0,675.6,106.0,340.4,4.48,27.0,98885.0
20201117:1600,27.37,20.85,159.0,508.13,62.0,338.8,4.55,23.0,98885.0
20201117:1700,26.39,22.35,0.0,0.0,0.0,335.8,3.86,13.0,98885.0
20201117:1800,24.87,24.75,0.0,0.0,0.0,331.8,3.86,7.0,98904.0
20201117:1900,23.91,25.9,0.0,0.0,0.0,329.0,3.79,9.0,98943.0
20201117:2000,22.82,28.15,0.0,0.0,0.0,326.6,3.79,13.0,98963.0
20201117:2100,21.77,30.65,0.0,0.0,0.0,324.8,3.66,18.0,98982.0
20201117:2200,20.76,33.15,0.0,0.0,0.0,322.2,3.66,23.0,99001.0
20201117:2300,19.79,35.75,0.0,0.0,0.0,320.8,3.52,30.0,98992.0
20201118:0000,18.82,38.35,0.0,0.0,0.0,318.2,3.52,37.0,98904.0
20201118:0100,17.87,41.1,0.0,0.0,0.0,316.05,3.38,44.0,98904.0
20201118:0200,16.92,43.9,0.0,0.0,0.0,313.6,3.38,48.0,98856.0
20201118:0300,16.03,46.7,0.0,0.0,0.0,311.0,3.38,48.0,98875.0
20201118:0400,15.17,49.5,0.0,0.0,0.0,308.6,3.31,44.0,98837.0
20201118:0500,14.32,52.4,0.0,0.0,0.0,306.0,3.24,40.0,98895.0
20201118:0600,13.52,55.3,0.0,0.0,0.0,303.2,3.24,37.0,98934.0
20201118:0700,13.38,55.05,101.0,378.82,49.0,302.4,3.52,36.0,98972.0
20201118:0800,15.44,48.15,311.0,665.04,92.0,302.8,3.72,32.0,99021.0
20201118:0900,18.54,39.55,483.0,700.39,141.0,307.8,4.28,29.0,99089.0
20201118:1000,21.21,33.85,650.0,896.55,109.0,315.2,4.41,28.0,99079.0
20201118:1100,23.42,29.95,723.0,895.29,126.0,322.8,4.41,26.0,99011.0
20201118:1200,25.09,27.2,748.0,967.1,96.0,330.0,4.55,25.0,98943.0
20201118:1300,26.2,25.45,656.0,812.8,148.0,335.2,4.55,24.0,98856.0
20201118:1400,26.8,24.3,529.0,746.23,139.0,337.8,4.62,24.0,98798.0
20201118:1500,27.08,23.55,355.0,652.33,111.0,338.0,4.97,26.0,98740.0
20201118:1600,26.91,23.75,158.0,522.79,59.0,336.6,5.38,29.0,98720.0
20201118:1700,25.94,25.75,0.0,0.0,0.0,333.2,5.1,24.0,98740.0
20201118:1800,24.42,29.6,0.0,0.0,0.0,330.4,6.0,23.0,98769.0
20201118:1900,23.32,32.75,0.0,0.0,0.0,328.6,7.59,31.0,98837.0
20201118:2000,22.33,34.7,0.0,0.0,0.0,326.4,7.72,37.0,98895.0
20201118:2100,21.43,36.0,0.0,0.0,0.0,323.2,7.17,40.0,98943.0
20201118:2200,20.55,37.2,0.0,0.0,0.0,320.0,6.55,43.0,98972.0
20201118:2300,19.7,38.75,0.0,0.0,0.0,317.2,6.0,47.0,98953.0
20201119:0000,18.91,41.25,0.0,0.0,0.0,314.4,5.79,54.0,98953.0
20201119:0100,18.21,45.1,0.0,0.0,0.0,312.05,5.86,61.0,98924.0
20201119:0200,17.53,50.3,0.0,0.0,0.0,310.2,6.0,63.0,98934.0
20201119:0300,16.86,55.15,0.0,0.0,0.0,308.6,6.28,62.0,98934.0
20201119:0400,16.16,57.9,0.0,0.0,0.0,306.4,6.28,60.0,98943.0
20201119:0500,15.46,58.65,0.0,0.0,0.0,302.8,6.21,59.0,98982.0
20201119:0600,14.77,58.3,0.0,0.0,0.0,299.0,6.07,58.0,99021.0
20201119:0700,14.34,56.35,103.0,424.68,46.0,294.8,6.34,56.0,99108.0
20201119:0800,15.45,51.25,317.0,714.53,84.0,294.2,6.14,54.0,99147.0
20201119:0900,17.29,45.55,482.0,696.88,144.0,296.2,7.38,56.0,99215.0
20201119:1000,19.19,40.65,650.0,893.06,114.0,300.8,7.72,57.0,99205.0
20201119:1100,20.85,36.05,715.0,857.29,146.0,306.0,7.79,57.0,99147.0
20201119:1200,22.2,31.75,720.0,844.62,153.0,310.8,7.79,57.0,99089.0
20201119:1300,23.21,28.35,656.0,808.12,153.0,314.4,7.59,57.0,99011.0
20201119:1400,23.84,25.8,523.0,714.81,151.0,317.0,7.45,56.0,98924.0
20201119:1500,24.12,24.45,349.0,612.55,121.0,317.4,7.45,54.0,98914.0
20201119:1600,23.94,24.2,159.0,526.79,60.0,316.2,7.31,53.0,98875.0
20201119:1700,22.97,25.55,0.0,0.0,0.0,313.8,6.14,46.0,98904.0
20201119:1800,21.61,28.0,0.0,0.0,0.0,310.8,6.07,40.0,98963.0
20201119:1900,20.69,29.2,0.0,0.0,0.0,308.2,6.83,41.0,99011.0
20201119:2000,19.85,31.9,0.0,0.0,0.0,306.0,7.31,46.0,99069.0
20201119:2100,19.09,34.45,0.0,0.0,0.0,304.0,7.45,52.0,99098.0
20201119:2200,18.36,36.65,0.0,0.0,0.0,301.4,7.31,56.0,99108.0
20201119:2300,17.61,39.0,0.0,0.0,0.0,298.6,6.83,57.0,99089.0
20201120:0000,16.78,41.65,0.0,0.0,0.0,296.0,6.34,56.0,99079.0
20201120:0100,15.94,44.7,0.0,0.0,0.0,293.6,5.93,54.0,99069.0
20201120:0200,15.09,48.1,0.0,0.0,0.0,291.0,5.72,51.0,99031.0
20201120:0300,14.34,51.7,0.0,0.0,0.0,289.2,5.72,47.0,99050.0
20201120:0400,13.66,55.8,0.0,0.0,0.0,288.2,5.52,43.0,99021.0
20201120:0500,13.09,60.3,0.0,0.0,0.0,289.8,5.72,44.0,99031.0
20201120:0600,12.73,64.9,0.0,0.0,0.0,294.0,5.79,46.0,99069.0
20201120:0700,12.77,69.2,96.0,365.9,48.0,295.8,5.79,46.0,99098.0
20201120:0800,14.01,66.75,259.0,368.53,140.0,298.4,5.59,47.0,99137.0
20201120:0900,16.17,60.45,515.0,896.68,83.0,306.0,6.9,51.0,99166.0
20201120:1000,18.23,53.95,653.0,924.64,101.0,310.6,7.03,56.0,99157.0
20201120:1100,20.1,47.05,629.0,558.52,260.0,311.4,6.76,58.0,99098.0
20201120:1200,21.58,40.25,745.0,961.85,102.0,318.2,6.41,57.0,98982.0
20201120:1300,22.73,34.45,610.0,635.55,216.0,318.8,6.14,55.0,98875.0
20201120:1400,23.4,30.85,518.0,700.39,155.0,320.8,5.79,51.0,98788.0
20201120:1500,23.73,29.05,316.0,439.97,153.0,322.4,5.59,49.0,98740.0
20201120:1600,23.63,28.65,47.0,0.0,47.0,319.0,5.38,45.0,98691.0
20201120:1700,22.73,30.5,0.0,0.0,0.0,317.4,4.55,31.0,98711.0
20201120:1800,21.35,34.2,0.0,0.0,0.0,320.6,4.83,18.0,98740.0
20201120:1900,20.47,35.95,0.0,0.0,0.0,321.2,5.45,17.0,98778.0
20201120:2000,19.52,39.5,0.0,0.0,0.0,314.8,6.07,19.0,98827.0
20201120:2100,18.9,42.05,0.0,0.0,0.0,322.6,6.48,24.0,98827.0
20201120:2200,18.27,44.4,0.0,0.0,0.0,317.4,6.41,29.0,98866.0
20201120:2300,17.57,46.85,0.0,0.0,0.0,310.6,6.28,34.0,98846.0
20201121:0000,16.78,49.6,0.0,0.0,0.0,303.8,6.0,38.0,98808.0
20201121:0100,16.07,52.25,0.0,0.0,0.0,305.6,5.45,42.0,98788.0
20201121:0200,15.36,55.1,0.0,0.0,0.0,305.2,4.9,47.0,98749.0
20201121:0300,14.79,57.55,0.0,0.0,0.0,309.4,4.48,51.0,98778.0
20201121:0400,14.04,60.85,0.0,0.0,0.0,302.0,4.14,53.0,98740.0
20201121:0500,13.28,64.45,0.0,0.0,0.0,296.6,3.93,55.0,98778.0
20201121:0600,12.5,68.3,0.0,0.0,0.0,293.6,4.0,50.0,98778.0
20201121:0700,12.27,70.3,95.0,397.93,44.0,290.6,4.07,46.0,98866.0
20201121:0800,13.83,63.85,300.0,641.15,95.0,294.4,4.0,44.0,98914.0
20201121:0900,16.61,53.55,454.0,599.7,167.0,301.6,4.34,45.0,98953.0
20201121:1000,19.32,45.1,655.0,963.22,83.0,308.2,4.41,42.0,98963.0
20201121:1100,21.34,39.7,701.0,834.74,152.0,314.2,5.17,38.0,98866.0
20201121:1200,22.43,36.15,699.0,791.57,172.0,319.4,5.79,36.0,98817.0
20201121:1300,23.09,33.3,500.0,314.16,306.0,322.6,5.59,35.0,98720.0
20201121:1400,23.49,31.7,298.0,79.42,257.0,323.4,5.66,32.0,98633.0
20201121:1500,23.55,31.1,283.0,303.66,171.0,323.2,5.72,30.0,98643.0
20201121:1600,23.21,31.35,142.0,383.09,71.0,321.4,5.45,29.0,98594.0
20201121:1700,22.3,33.0,0.0,0.0,0.0,317.4,4.41,19.0,98643.0
20201121:1800,20.96,35.75,0.0,0.0,0.0,313.6,4.55,10.0,98681.0
20201121:1900,20.06,36.2,0.0,0.0,0.0,309.8,4.97,13.0,98740.0
20201121:2000,19.22,37.6,0.0,0.0,0.0,307.8,5.59,19.0,98798.0
20201121:2100,18.43,39.05,0.0,0.0,0.0,306.0,6.28,27.0,98808.0
20201121:2200,17.62,40.8,0.0,0.0,0.0,303.0,6.69,34.0,98846.0
20201121:2300,16.79,42.05,0.0,0.0,0.0,300.8,6.83,38.0,98846.0
20201122:0000,15.99,41.7,0.0,0.0,0.0,298.0,6.83,40.0,98856.0
20201122:0100,15.25,39.4,0.0,0.0,0.0,294.8,6.83,42.0,98856.0
20201122:0200,14.51,36.55,0.0,0.0,0.0,289.2,6.69,42.0,98856.0
20201122:0300,13.7,34.8,0.0,0.0,0.0,282.8,6.28,43.0,98885.0
20201122:0400,12.79,34.8,0.0,0.0,0.0,275.6,5.72,43.0,98924.0
20201122:0500,11.8,36.15,0.0,0.0,0.0,268.2,5.17,43.0,98992.0
20201122:0600,10.82,38.35,0.0,0.0,0.0,262.6,4.97,40.0,99040.0
20201122:0700,10.31,39.7,90.0,343.54,47.0,260.4,5.38,33.0,99137.0
20201122:0800,11.38,37.9,297.0,609.59,104.0,261.6,5.45,30.0,99215.0
20201122:0900,13.2,35.4,481.0,715.17,141.0,265.4,6.55,33.0,99273.0
20201122:1000,15.07,33.0,641.0,865.0,130.0,271.8,6.62,34.0,99244.0
20201122:1100,16.67,30.9,726.0,911.77,129.0,278.0,6.48,31.0,99215.0
20201122:1200,17.82,29.1,725.0,865.62,151.0,283.6,6.41,26.0,99157.0
20201122:1300,18.43,26.1,661.0,827.39,152.0,286.4,6.76,20.0,99079.0
20201122:1400,18.63,23.8,512.0,665.0,170.0,286.0,7.24,17.0,98992.0
20201122:1500,18.49,22.95,356.0,658.9,114.0,283.6,7.45,18.0,98972.0
20201122:1600,17.99,23.45,159.0,542.97,59.0,280.4,7.45,19.0,98972.0
20201122:1700,17.0,25.45,0.0,0.0,0.0,276.6,6.07,19.0,98992.0
20201122:1800,15.82,28.1,0.0,0.0,0.0,274.0,5.38,19.0,99040.0
20201122:1900,15.05,31.2,0.0,0.0,0.0,273.8,5.1,19.0,99118.0
20201122:2000,14.15,34.1,0.0,0.0,0.0,272.8,4.69,19.0,99186.0
20201122:2100,13.18,37.3,0.0,0.0,0.0,271.8,4.14,18.0,99224.0
20201122:2200,12.23,40.55,0.0,0.0,0.0,271.2,3.86,16.0,99244.0
20201122:2300,11.29,43.8,0.0,0.0,0.0,270.2,3.66,15.0,99234.0
20201123:0000,10.38,47.1,0.0,0.0,0.0,268.8,3.59,15.0,99224.0
20201123:0100,9.49,50.45,0.0,0.0,0.0,267.8,3.59,16.0,99195.0
20201123:0200,8.69,53.65,0.0,0.0,0.0,266.6,3.72,15.0,99186.0
20201123:0300,8.0,56.4,0.0,0.0,0.0,265.8,3.86,14.0,99166.0
20201123:0400,7.42,58.7,0.0,0.0,0.0,264.8,4.0,16.0,99186.0
20201123:0500,6.91,60.7,0.0,0.0,0.0,264.0,4.07,22.0,99186.0
20201123:0600,6.45,62.55,0.0,0.0,0.0,263.6,4.07,28.0,99234.0
20201123:0700,6.43,62.75,88.0,360.09,44.0,262.6,4.34,32.0,99283.0
20201123:0800,8.25,55.8,293.0,618.81,99.0,264.2,4.0,35.0,99350.0
20201123:0900,11.34,45.85,473.0,702.97,141.0,268.8,4.28,35.0,99428.0
20201123:1000,14.13,38.45,628.0,835.45,137.0,275.2,4.28,32.0,99428.0
20201123:1100,16.27,33.75,708.0,865.15,144.0,282.2,4.34,27.0,99360.0
20201123:1200,17.79,30.95,707.0,820.57,165.0,287.4,4.69,25.0,99292.0
20201123:1300,18.78,28.5,645.0,784.74,164.0,291.0,4.9,24.0,99195.0
20201123:1400,19.32,26.4,514.0,694.74,158.0,292.6,5.1,22.0,99098.0
20201123:1500,19.46,25.15,351.0,647.87,114.0,291.8,5.38,22.0,99069.0
20201123:1600,19.14,25.35,156.0,535.21,58.0,290.0,5.45,22.0,99089.0
20201123:1700,18.14,27.45,0.0,0.0,0.0,286.8,4.55,18.0,99098.0
20201123:1800,16.77,30.8,0.0,0.0,0.0,284.0,4.28,14.0,99195.0
20201123:1900,15.77,34.15,0.0,0.0,0.0,282.0,4.55,16.0,99224.0
20201123:2000,14.8,37.65,0.0,0.0,0.0,279.8,4.76,19.0,99283.0
20201123:2100,13.89,40.85,0.0,0.0,0.0,277.4,4.9,22.0,99302.0
20201123:2200,13.07,43.7,0.0,0.0,0.0,275.4,4.9,25.0,99302.0
20201123:2300,12.23,46.35,0.0,0.0,0.0,273.2,4.9,28.0,99302.0
20201124:0000,11.44,48.7,0.0,0.0,0.0,271.2,4.76,32.0,99292.0
20201124:0100,10.64,51.15,0.0,0.0,0.0,269.4,4.55,35.0,99292.0
20201124:0200,9.86,53.65,0.0,0.0,0.0,267.8,4.41,39.0,99273.0
20201124:0300,9.16,55.95,0.0,0.0,0.0,266.4,4.41,44.0,99254.0
20201124:0400,8.46,58.4,0.0,0.0,0.0,264.6,3.93,45.0,99273.0
20201124:0500,7.66,61.45,0.0,0.0,0.0,262.8,3.66,44.0,99312.0
20201124:0600,6.84,64.8,0.0,0.0,0.0,261.4,3.52,40.0,99399.0
20201124:0700,6.39,69.15,84.0,335.45,44.0,261.6,3.52,33.0,99438.0
20201124:0800,8.02,61.6,292.0,628.14,97.0,263.2,3.24,31.0,99506.0
20201124:0900,11.03,50.0,472.0,713.97,137.0,267.8,3.59,29.0,99544.0
20201124:1000,13.85,41.35,621.0,819.19,142.0,276.4,3.79,28.0,99535.0
20201124:1100,16.26,35.45,701.0,848.84,150.0,285.2,4.0,30.0,99418.0
20201124:1200,18.01,33.45,708.0,835.86,158.0,292.6,4.07,31.0,99341.0
20201124:1300,19.08,32.75,639.0,769.51,169.0,297.4,4.0,32.0,99215.0
20201124:1400,19.73,31.9,512.0,693.24,158.0,300.6,4.21,30.0,99118.0
20201124:1500,20.05,31.55,345.0,620.12,119.0,301.4,4.55,29.0,99079.0
20201124:1600,19.94,32.2,151.0,483.16,63.0,301.0,4.69,26.0,99069.0
20201124:1700,19.06,34.5,0.0,0.0,0.0,299.0,4.21,11.0,99069.0
20201124:1800,17.63,38.3,0.0,0.0,0.0,296.6,4.76,360.0,99118.0
20201124:1900,16.97,40.3,0.0,0.0,0.0,297.0,5.59,2.0,99127.0
20201124:2000,16.21,43.0,0.0,0.0,0.0,295.8,5.86,10.0,99127.0
20201124:2100,15.61,45.35,0.0,0.0,0.0,294.6,5.79,17.0,99147.0
20201124:2200,15.03,47.5,0.0,0.0,0.0,295.4,5.45,24.0,99118.0
20201124:2300,14.38,49.85,0.0,0.0,0.0,293.8,5.1,31.0,99147.0
20201125:0000,13.64,52.5,0.0,0.0,0.0,290.6,4.83,38.0,99079.0
20201125:0100,12.88,55.45,0.0,0.0,0.0,288.0,4.48,45.0,99069.0
20201125:0200,12.11,58.65,0.0,0.0,0.0,286.0,4.21,54.0,99031.0
20201125:0300,11.37,62.15,0.0,0.0,0.0,284.0,4.0,62.0,99001.0
20201125:0400,10.66,66.0,0.0,0.0,0.0,282.0,3.79,67.0,98982.0
20201125:0500,9.94,70.2,0.0,0.0,0.0,280.0,3.66,67.0,98982.0
20201125:0600,9.22,74.75,0.0,0.0,0.0,278.8,3.52,66.0,99040.0
20201125:0700,8.9,77.55,82.0,343.89,42.0,278.2,3.72,57.0,99079.0
20201125:0800,10.56,70.25,285.0,611.57,97.0,279.8,3.59,56.0,99079.0
20201125:0900,13.73,57.9,461.0,686.44,141.0,284.4,4.14,57.0,99127.0
20201125:1000,16.58,49.1,618.0,837.06,131.0,292.0,4.48,59.0,99050.0
20201125:1100,18.6,43.65,691.0,835.4,151.0,299.8,4.62,66.0,99011.0
20201125:1200,19.89,39.35,702.0,838.96,152.0,306.0,4.41,66.0,98866.0
20201125:1300,20.8,35.9,637.0,786.93,158.0,311.0,4.28,62.0,98740.0
20201125:1400,21.38,33.6,482.0,579.61,187.0,312.4,4.14,60.0,98652.0
20201125:1500,21.65,32.5,278.0,294.63,171.0,312.4,4.0,58.0,98585.0
20201125:1600,21.53,32.5,155.0,562.75,53.0,314.0,3.79,53.0,98585.0
20201125:1700,20.73,34.25,0.0,0.0,0.0,311.6,3.03,38.0,98546.0
20201125:1800,19.32,37.7,0.0,0.0,0.0,307.4,3.24,19.0,98585.0
20201125:1900,18.46,39.6,0.0,0.0,0.0,308.8,3.86,18.0,98585.0
20201125:2000,17.46,42.7,0.0,0.0,0.0,304.4,4.21,22.0,98604.0
20201125:2100,16.51,45.95,0.0,0.0,0.0,299.8,4.28,28.0,98594.0
20201125:2200,15.64,49.2,0.0,0.0,0.0,298.2,4.14,36.0,98594.0
20201125:2300,14.77,52.65,0.0,0.0,0.0,296.8,4.0,50.0,98517.0
20201126:0000,14.07,55.55,0.0,0.0,0.0,296.4,4.21,69.0,98517.0
20201126:0100,13.51,57.6,0.0,0.0,0.0,294.8,4.41,84.0,98420.0
20201126:0200,12.97,59.3,0.0,0.0,0.0,292.0,4.34,93.0,98400.0
20201126:0300,12.37,61.6,0.0,0.0,0.0,291.2,4.14,93.0,98352.0
20201126:0400,11.65,65.3,0.0,0.0,0.0,285.8,4.14,91.0,98352.0
20201126:0500,11.03,69.1,0.0,0.0,0.0,286.6,4.21,89.0,98362.0
20201126:0600,10.41,72.65,0.0,0.0,0.0,284.4,4.07,90.0,98371.0
20201126:0700,10.06,73.2,53.0,70.53,45.0,281.4,4.07,95.0,98400.0
20201126:0800,11.63,65.7,298.0,745.69,71.0,283.8,3.79,106.0,98391.0
20201126:0900,14.57,53.5,453.0,660.63,147.0,285.8,4.0,120.0,98429.0
20201126:1000,17.23,44.1,641.0,963.84,83.0,292.2,3.45,143.0,98420.0
20201126:1100,19.26,37.5,725.0,1000.4,81.0,301.6,3.24,166.0,98313.0
20201126:1200,20.79,32.55,650.0,649.09,226.0,306.4,3.38,182.0,98197.0
20201126:1300,21.73,29.65,677.0,979.06,83.0,311.2,3.31,203.0,98100.0
20201126:1400,22.17,28.2,464.0,510.48,205.0,314.0,3.17,218.0,97974.0
20201126:1500,22.25,27.4,267.0,259.68,173.0,315.2,2.83,218.0,97916.0
20201126:1600,22.05,27.3,121.0,232.73,79.0,310.8,2.69,223.0,97925.0
20201126:1700,21.2,28.95,0.0,0.0,0.0,309.6,2.21,244.0,97916.0
20201126:1800,20.05,31.5,0.0,0.0,0.0,303.8,2.0,260.0,97954.0
20201126:1900,18.89,35.05,0.0,0.0,0.0,301.4,1.1,232.0,97983.0
20201126:2000,17.82,36.7,0.0,0.0,0.0,297.0,1.31,191.0,98012.0
20201126:2100,16.09,40.5,0.0,0.0,0.0,295.6,2.28,169.0,97983.0
20201126:2200,15.21,42.25,0.0,0.0,0.0,293.8,3.03,165.0,97954.0
20201126:2300,14.11,45.05,0.0,0.0,0.0,289.0,3.17,171.0,97935.0
20201127:0000,13.05,48.0,0.0,0.0,0.0,286.4,3.17,185.0,97877.0
20201127:0100,12.07,51.05,0.0,0.0,0.0,284.0,3.31,195.0,97828.0
20201127:0200,11.22,53.8,0.0,0.0,0.0,282.4,3.38,194.0,97780.0
20201127:0300,10.58,55.85,0.0,0.0,0.0,281.2,3.52,190.0,97751.0
20201127:0400,10.12,57.3,0.0,0.0,0.0,280.4,3.72,190.0,97712.0
20201127:0500,9.64,58.9,0.0,0.0,0.0,279.6,3.79,204.0,97741.0
20201127:0600,9.06,61.05,0.0,0.0,0.0,278.8,3.86,226.0,97760.0
20201127:0700,8.27,64.7,74.0,298.5,41.0,276.8,3.52,222.0,97819.0
20201127:0800,9.68,58.2,268.0,553.97,101.0,277.2,3.1,221.0,97848.0
20201127:0900,12.82,46.4,455.0,708.29,129.0,283.0,3.72,239.0,97925.0
20201127:1000,15.53,38.65,592.0,770.66,148.0,290.6,4.55,254.0,97906.0
20201127:1100,17.7,35.55,675.0,817.26,151.0,298.6,4.9,261.0,97848.0
20201127:1200,19.25,35.2,694.0,852.61,139.0,308.2,5.52,267.0,97789.0
20201127:1300,20.05,34.7,404.0,147.16,315.0,311.6,6.28,264.0,97722.0
20201127:1400,20.35,34.1,103.0,0.0,103.0,314.0,7.24,261.0,97693.0
20201127:1500,20.4,33.4,307.0,451.65,144.0,320.2,8.14,259.0,97683.0
20201127:1600,19.88,33.9,142.0,445.01,62.0,316.6,7.38,258.0,97722.0
20201127:1700,19.09,34.95,0.0,0.0,0.0,313.6,5.79,257.0,97741.0
20201127:1800,17.85,37.15,0.0,0.0,0.0,298.0,4.9,257.0,97828.0
20201127:1900,16.99,37.45,0.0,0.0,0.0,294.0,4.48,254.0,97896.0
20201127:2000,15.95,39.2,0.0,0.0,0.0,290.2,4.21,251.0,97964.0
20201127:2100,14.93,41.0,0.0,0.0,0.0,286.6,4.07,251.0,98003.0
20201127:2200,13.95,42.75,0.0,0.0,0.0,283.2,4.07,254.0,98012.0
20201127:2300,13.01,44.5,0.0,0.0,0.0,280.2,4.07,257.0,98042.0
20201128:0000,12.09,46.65,0.0,0.0,0.0,277.8,4.0,258.0,98051.0
20201128:0100,11.25,49.3,0.0,0.0,0.0,275.2,3.86,258.0,98061.0
20201128:0200,10.44,52.5,0.0,0.0,0.0,273.0,3.66,253.0,98032.0
20201128:0300,9.64,56.2,0.0,0.0,0.0,271.2,3.52,248.0,98042.0
20201128:0400,8.83,60.05,0.0,0.0,0.0,268.4,3.45,242.0,98061.0
20201128:0500,8.05,63.9,0.0,0.0,0.0,267.0,3.38,242.0,98100.0
20201128:0600,7.34,67.55,0.0,0.0,0.0,266.6,3.24,240.0,98148.0
20201128:0700,6.67,71.3,73.0,315.64,39.0,266.8,2.97,214.0,98206.0
20201128:0800,8.11,64.9,269.0,566.07,100.0,270.4,2.55,213.0,98274.0
20201128:0900,11.57,51.65,457.0,719.31,128.0,277.0,3.03,226.0,98362.0
20201128:1000,14.25,43.4,603.0,812.71,137.0,285.0,3.66,238.0,98371.0
20201128:1100,16.53,38.15,687.0,861.18,137.0,292.8,4.14,246.0,98342.0
20201128:1200,18.24,37.35,692.0,832.36,152.0,299.2,4.48,253.0,98313.0
20201128:1300,19.31,37.95,632.0,796.04,152.0,305.0,4.41,254.0,98265.0
20201128:1400,19.92,37.55,481.0,598.66,179.0,308.2,4.28,249.0,98197.0
20201128:1500,20.19,37.25,339.0,625.16,114.0,309.0,4.28,243.0,98206.0
20201128:1600,20.06,37.7,148.0,496.74,59.0,307.8,4.21,238.0,98216.0
20201128:1700,19.25,40.05,0.0,0.0,0.0,304.8,2.97,237.0,98235.0
20201128:1800,18.16,43.25,0.0,0.0,0.0,301.0,2.28,234.0,98294.0
20201128:1900,17.32,45.9,0.0,0.0,0.0,300.0,1.59,223.0,98362.0
20201128:2000,16.07,50.15,0.0,0.0,0.0,297.8,1.52,192.0,98439.0
20201128:2100,14.74,54.4,0.0,0.0,0.0,295.6,1.93,172.0,98449.0
20201128:2200,13.71,57.75,0.0,0.0,0.0,293.6,2.48,163.0,98517.0
20201128:2300,12.8,60.85,0.0,0.0,0.0,292.4,2.76,160.0,98555.0
20201129:0000,11.8,64.35,0.0,0.0,0.0,291.0,2.76,155.0,98555.0
20201129:0100,10.91,67.5,0.0,0.0,0.0,289.6,2.76,145.0,98555.0
20201129:0200,10.13,70.1,0.0,0.0,0.0,287.4,2.9,134.0,98517.0
20201129:0300,9.34,72.6,0.0,0.0,0.0,285.4,3.03,132.0,98468.0
20201129:0400,8.56,74.95,0.0,0.0,0.0,283.0,3.03,136.0,98497.0
20201129:0500,7.94,76.5,0.0,0.0,0.0,280.8,3.17,142.0,98517.0
20201129:0600,7.42,77.4,0.0,0.0,0.0,279.8,3.1,144.0,98575.0
20201129:0700,7.07,78.15,74.0,352.65,37.0,277.6,3.17,134.0,98633.0
20201129:0800,8.67,68.5,264.0,541.12,104.0,279.0,2.55,127.0,98681.0
20201129:0900,12.95,50.15,452.0,699.58,134.0,283.4,2.41,135.0,98778.0
20201129:1000,16.42,39.1,608.0,837.55,130.0,290.8,2.55,144.0,98837.0
20201129:1100,18.82,33.75,682.0,836.17,150.0,299.0,2.48,155.0,98749.0
20201129:1200,20.47,31.95,691.0,825.79,157.0,305.4,2.62,166.0,98681.0
20201129:1300,21.26,31.7,631.0,790.01,156.0,309.6,2.41,169.0,98575.0
20201129:1400,21.66,29.8,498.0,671.77,160.0,311.2,2.21,171.0,98526.0
20201129:1500,21.8,28.7,345.0,660.15,108.0,310.4,2.14,170.0,98507.0
20201129:1600,21.71,28.25,149.0,509.34,58.0,307.6,2.34,171.0,98517.0
20201129:1700,20.98,29.3,0.0,0.0,0.0,303.6,2.21,180.0,98565.0
20201129:1800,19.8,31.55,0.0,0.0,0.0,299.0,2.34,191.0,98594.0
20201129:1900,18.76,33.45,0.0,0.0,0.0,297.2,2.28,190.0,98643.0
20201129:2000,17.23,36.85,0.0,0.0,0.0,294.2,2.28,195.0,98701.0
20201129:2100,15.58,41.35,0.0,0.0,0.0,292.2,1.93,201.0,98740.0
20201129:2200,15.42,41.35,0.0,0.0,0.0,290.0,1.31,199.0,98769.0
20201129:2300,15.8,39.8,0.0,0.0,0.0,287.0,0.9,167.0,98788.0
20201130:0000,14.77,42.2,0.0,0.0,0.0,285.0,1.24,125.0,98788.0
20201130:0100,12.09,49.7,0.0,0.0,0.0,281.2,1.86,96.0,98769.0
20201130:0200,10.15,55.6,0.0,0.0,0.0,278.6,2.62,77.0,98769.0
20201130:0300,9.3,57.75,0.0,0.0,0.0,276.8,2.97,75.0,98759.0
20201130:0400,8.37,60.65,0.0,0.0,0.0,275.4,3.03,77.0,98778.0
20201130:0500,7.56,63.3,0.0,0.0,0.0,274.2,3.03,73.0,98827.0
20201130:0600,6.86,65.85,0.0,0.0,0.0,272.6,3.17,68.0,98875.0
20201130:0700,6.27,69.05,71.0,342.62,36.0,274.2,3.1,82.0,98934.0
20201130:0800,8.26,60.1,265.0,559.98,101.0,275.2,2.48,87.0,98992.0
20201130:0900,13.39,42.5,451.0,695.01,137.0,279.8,2.34,91.0,99069.0
20201130:1000,18.09,31.3,610.0,846.67,129.0,287.6,2.21,93.0,99098.0
20201130:1100,20.51,27.4,685.0,845.58,149.0,295.4,2.34,92.0,99079.0
20201130:1200,21.61,25.45,694.0,834.58,156.0,301.6,2.48,93.0,98982.0
20201130:1300,22.3,23.25,627.0,767.14,167.0,305.2,2.48,96.0,98885.0
20201130:1400,22.7,21.85,486.0,613.63,178.0,306.2,2.28,91.0,98885.0
20201130:1500,22.87,21.0,343.0,644.87,112.0,305.2,2.07,85.0,98788.0
20201130:1600,21.68,15.5,148.0,493.69,60.0,300.94,1.83,79.0,98817.0
20201130:1700,20.8,19.58,0.0,0.0,0.0,299.12,2.12,54.0,98837.0
20201130:1800,19.93,23.66,0.0,0.0,0.0,297.3,2.41,33.0,98856.0
20201130:1900,19.05,27.74,0.0,0.0,0.0,295.49,2.7,30.0,98895.0
20201130:2000,18.18,31.82,0.0,0.0,0.0,293.67,3.0,26.0,98934.0
20201130:2100,17.3,35.89,0.0,0.0,0.0,291.85,3.29,24.0,98963.0
20201130:2200,16.43,39.97,0.0,0.0,0.0,290.04,3.58,23.0,98982.0
20201130:2300,15.55,44.05,0.0,0.0,0.0,288.22,3.87,24.0,99021.0
20111201:0000,14.67,48.13,0.0,0.0,0.0,286.4,4.16,44.0,99234.0
20111201:0100,13.8,52.21,0.0,0.0,0.0,284.59,4.45,49.0,99244.0
20111201:0200,12.92,56.29,0.0,0.0,0.0,282.77,4.74,53.0,99215.0
20111201:0300,12.05,60.37,0.0,0.0,0.0,280.95,5.03,57.0,99205.0
20111201:0400,11.17,64.45,0.0,0.0,0.0,279.14,5.32,58.0,99195.0
20111201:0500,10.3,68.53,0.0,0.0,0.0,277.32,5.61,57.0,99224.0
20111201:0600,9.42,72.61,0.0,0.0,0.0,275.5,5.9,55.0,99273.0
20111201:0700,8.55,76.69,78.0,460.09,31.0,273.69,6.19,53.0,99341.0
20111201:0800,10.85,71.1,242.0,413.16,121.0,273.8,4.9,51.0,99389.0
20111201:0900,13.17,61.05,465.0,783.54,111.0,276.2,5.66,53.0,99428.0
20111201:1000,15.48,52.1,616.0,894.2,108.0,282.6,6.0,57.0,99428.0
20111201:1100,17.57,44.0,721.0,1031.74,67.0,289.2,5.86,59.0,99350.0
20111201:1200,19.27,37.1,738.0,1048.66,62.0,295.8,5.59,57.0,99254.0
20111201:1300,20.53,31.95,679.0,1025.64,64.0,307.0,5.59,52.0,99176.0
20111201:1400,21.34,28.75,550.0,956.3,70.0,308.2,5.72,47.0,99098.0
20111201:1500,21.74,27.15,331.0,577.87,124.0,312.4,5.79,43.0,99108.0
20111201:1600,21.61,27.0,148.0,499.3,59.0,311.4,5.59,39.0,99118.0
20111201:1700,20.48,29.2,0.0,0.0,0.0,306.0,4.69,26.0,99176.0
20111201:1800,19.04,32.65,0.0,0.0,0.0,308.6,5.1,20.0,99186.0
20111201:1900,18.35,34.9,0.0,0.0,0.0,312.4,6.14,23.0,99195.0
20111201:2000,17.8,37.0,0.0,0.0,0.0,319.0,6.41,33.0,99224.0
20111201:2100,17.3,39.15,0.0,0.0,0.0,321.4,6.41,41.0,99254.0
20111201:2200,16.77,41.75,0.0,0.0,0.0,321.6,6.21,48.0,99244.0
20111201:2300,16.15,45.15,0.0,0.0,0.0,318.4,6.14,55.0,99254.0
20111202:0000,15.44,49.05,0.0,0.0,0.0,314.8,5.86,57.0,99215.0
20111202:0100,14.63,53.5,0.0,0.0,0.0,309.0,5.59,58.0,99195.0
20111202:0200,13.89,57.6,0.0,0.0,0.0,308.6,5.24,55.0,99195.0
20111202:0300,13.14,61.55,0.0,0.0,0.0,304.0,5.24,51.0,99137.0
20111202:0400,12.61,64.3,0.0,0.0,0.0,309.4,5.24,45.0,99176.0
20111202:0500,11.93,67.6,0.0,0.0,0.0,300.8,5.31,40.0,99147.0
20111202:0600,11.36,70.35,0.0,0.0,0.0,300.0,5.38,39.0,99195.0
20111202:0700,10.92,72.8,61.0,221.26,39.0,278.4,5.45,41.0,99234.0
20111202:0800,11.83,68.55,289.0,792.84,59.0,281.2,4.97,41.0,99283.0
20111202:0900,13.65,60.7,459.0,768.22,114.0,301.8,6.0,44.0,99312.0
20111202:1000,15.29,53.8,550.0,611.77,204.0,316.0,6.0,47.0,99302.0
20111202:1100,17.12,46.55,670.0,809.04,159.0,313.4,5.66,46.0,99205.0
20111202:1200,18.33,41.7,548.0,367.2,312.0,319.2,5.31,41.0,99098.0
20111202:1300,19.7,36.55,664.0,959.72,90.0,324.8,5.03,37.0,98972.0
20111202:1400,20.4,33.45,286.0,71.88,250.0,320.0,4.76,31.0,98885.0
20111202:1500,20.65,31.85,252.0,212.58,176.0,326.8,4.62,25.0,98866.0
20111202:1600,20.46,31.95,106.0,146.13,80.0,320.2,4.48,19.0,98827.0
20111202:1700,19.45,34.45,0.0,0.0,0.0,314.2,3.86,4.0,98875.0
20111202:1800,17.86,39.0,0.0,0.0,0.0,302.8,4.21,356.0,98866.0
20111202:1900,16.75,42.25,0.0,0.0,0.0,297.8,5.1,360.0,98914.0
20111202:2000,15.77,45.6,0.0,0.0,0.0,294.4,5.24,5.0,98895.0
20111202:2100,14.81,48.75,0.0,0.0,0.0,289.4,5.17,10.0,98885.0
20111202:2200,13.91,51.75,0.0,0.0,0.0,286.0,5.1,13.0,98866.0
20111202:2300,13.05,54.55,0.0,0.0,0.0,282.6,5.1,13.0,98846.0
20111203:0000,12.23,57.05,0.0,0.0,0.0,280.4,5.17,12.0,98827.0
20111203:0100,11.48,59.35,0.0,0.0,0.0,278.6,5.1,14.0,98798.0
20111203:0200,10.72,62.05,0.0,0.0,0.0,276.6,4.76,20.0,98730.0
20111203:0300,9.92,65.45,0.0,0.0,0.0,274.0,4.48,22.0,98681.0
20111203:0400,9.14,69.1,0.0,0.0,0.0,271.4,4.48,20.0,98662.0
20111203:0500,8.42,72.65,0.0,0.0,0.0,269.8,4.41,20.0,98662.0
20111203:0600,7.75,76.1,0.0,0.0,0.0,268.6,4.21,23.0,98701.0
20111203:0700,7.27,79.45,58.0,206.74,38.0,266.6,3.93,29.0,98720.0
20111203:0800,8.46,73.55,273.0,671.6,80.0,267.6,3.24,40.0,98730.0
20111203:0900,11.12,61.8,459.0,779.49,111.0,272.4,3.24,41.0,98769.0
20111203:1000,13.63,52.2,584.0,765.39,153.0,281.2,3.03,33.0,98740.0
20111203:1100,15.83,44.55,622.0,632.32,224.0,288.8,2.97,24.0,98691.0
20111203:1200,17.52,38.7,496.0,252.78,334.0,306.2,2.97,17.0,98585.0
20111203:1300,18.69,34.6,326.0,51.96,295.0,309.6,3.03,11.0,98526.0
20111203:1400,19.02,33.1,461.0,526.22,198.0,323.8,3.1,8.0,98439.0
20111203:1500,19.16,32.1,349.0,703.28,98.0,320.6,3.31,9.0,98410.0
20111203:1600,19.01,32.1,151.0,540.23,55.0,319.4,3.86,9.0,98391.0
20111203:1700,18.28,33.85,0.0,0.0,0.0,313.6,3.72,1.0,98400.0
20111203:1800,17.1,36.9,0.0,0.0,0.0,306.2,4.0,357.0,98420.0
20111203:1900,16.38,37.75,0.0,0.0,0.0,313.4,4.76,3.0,98468.0
20111203:2000,16.09,38.85,0.0,0.0,0.0,331.6,5.1,3.0,98507.0
20111203:2100,15.55,40.4,0.0,0.0,0.0,324.8,5.31,5.0,98507.0
20111203:2200,15.21,41.1,0.0,0.0,0.0,332.8,5.31,7.0,98575.0
20111203:2300,14.68,42.25,0.0,0.0,0.0,330.2,5.45,5.0,98575.0
20111204:0000,13.74,44.6,0.0,0.0,0.0,313.8,5.52,3.0,98575.0
20111204:0100,12.81,46.9,0.0,0.0,0.0,300.6,5.72,6.0,98497.0
20111204:0200,12.05,49.05,0.0,0.0,0.0,292.0,5.93,12.0,98458.0
20111204:0300,11.43,51.55,0.0,0.0,0.0,286.6,6.28,18.0,98410.0
20111204:0400,10.97,53.65,0.0,0.0,0.0,285.8,6.62,23.0,98400.0
20111204:0500,10.63,54.95,0.0,0.0,0.0,287.6,6.76,25.0,98420.0
20111204:0600,10.34,56.3,0.0,0.0,0.0,289.2,6.83,25.0,98478.0
20111204:0700,10.02,59.35,67.0,382.58,31.0,290.0,6.21,23.0,98507.0
20111204:0800,10.92,56.35,269.0,656.81,82.0,282.0,6.07,22.0,98526.0
20111204:0900,12.62,51.25,458.0,793.03,106.0,280.4,7.38,22.0,98594.0
20111204:1000,14.4,46.35,588.0,795.4,142.0,280.8,7.93,26.0,98575.0
20111204:1100,16.0,42.1,206.0,0.0,206.0,286.8,7.72,25.0,98546.0
20111204:1200,17.37,38.4,656.0,719.75,196.0,292.4,7.45,21.0,98497.0
20111204:1300,18.32,35.9,654.0,923.91,104.0,296.8,7.24,15.0,98439.0
20111204:1400,18.81,34.6,507.0,733.66,141.0,299.2,7.38,10.0,98371.0
20111204:1500,18.87,34.3,337.0,625.73,114.0,299.4,7.52,9.0,98342.0
20111204:1600,18.52,35.0,128.0,304.11,74.0,297.8,7.31,10.0,98352.0
20111204:1700,17.59,37.3,0.0,0.0,0.0,294.6,6.0,9.0,98381.0
20111204:1800,16.48,40.0,0.0,0.0,0.0,291.8,5.59,7.0,98439.0
20111204:1900,15.84,41.35,0.0,0.0,0.0,290.4,5.72,5.0,98497.0
20111204:2000,15.01,43.2,0.0,0.0,0.0,288.4,5.45,7.0,98517.0
20111204:2100,14.19,45.1,0.0,0.0,0.0,286.0,5.31,6.0,98555.0
20111204:2200,13.38,47.0,0.0,0.0,0.0,283.8,5.45,5.0,98575.0
20111204:2300,12.66,48.5,0.0,0.0,0.0,281.2,5.59,9.0,98536.0
20111205:0000,12.0,49.7,0.0,0.0,0.0,278.4,5.66,16.0,98546.0
20111205:0100,11.32,51.0,0.0,0.0,0.0,276.4,5.52,20.0,98497.0
20111205:0200,10.67,53.0,0.0,0.0,0.0,275.2,5.52,16.0,98488.0
20111205:0300,10.1,55.9,0.0,0.0,0.0,274.2,5.72,12.0,98497.0
20111205:0400,9.63,59.55,0.0,0.0,0.0,273.8,5.86,10.0,98517.0
20111205:0500,9.18,63.45,0.0,0.0,0.0,272.8,5.93,9.0,98546.0
20111205:0600,8.85,66.4,0.0,0.0,0.0,272.0,6.07,12.0,98604.0
20111205:0700,8.84,67.1,54.0,196.73,36.0,273.0,5.59,7.0,98614.0
20111205:0800,9.96,61.7,264.0,645.17,82.0,273.2,5.45,12.0,98681.0
20111205:0900,12.07,52.7,460.0,822.47,97.0,276.6,6.14,20.0,98730.0
20111205:1000,14.34,44.95,387.0,166.54,294.0,281.0,6.48,31.0,98720.0
20111205:1100,16.77,38.45,693.0,938.75,106.0,287.4,6.76,41.0,98701.0
20111205:1200,19.09,33.2,704.0,927.13,113.0,294.0,7.1,50.0,98633.0
20111205:1300,20.76,30.0,649.0,907.34,110.0,300.8,7.31,51.0,98546.0
20111205:1400,21.49,28.9,532.0,871.42,98.0,305.8,7.03,46.0,98517.0
20111205:1500,21.51,29.35,358.0,772.54,83.0,308.2,6.69,36.0,98526.0
20111205:1600,21.03,31.05,126.0,292.92,74.0,308.8,6.28,24.0,98565.0
20111205:1700,19.77,34.0,0.0,0.0,0.0,306.6,5.17,8.0,98633.0
20111205:1800,18.36,37.0,0.0,0.0,0.0,304.0,5.24,2.0,98720.0
20111205:1900,17.38,37.8,0.0,0.0,0.0,298.2,5.72,9.0,98788.0
20111205:2000,16.47,40.0,0.0,0.0,0.0,296.2,5.52,10.0,98856.0
20111205:2100,15.62,42.15,0.0,0.0,0.0,293.6,5.31,13.0,98895.0
20111205:2200,14.8,44.45,0.0,0.0,0.0,292.4,5.1,15.0,98934.0
20111205:2300,13.94,47.25,0.0,0.0,0.0,290.6,4.9,15.0,98953.0
20111206:0000,13.09,50.45,0.0,0.0,0.0,288.6,4.9,16.0,98972.0
20111206:0100,12.27,53.95,0.0,0.0,0.0,286.0,4.97,18.0,98934.0
20111206:0200,11.53,57.4,0.0,0.0,0.0,283.6,4.97,20.0,98943.0
20111206:0300,10.84,60.55,0.0,0.0,0.0,281.6,4.97,24.0,98943.0
20111206:0400,10.2,63.4,0.0,0.0,0.0,279.4,4.9,26.0,98943.0
20111206:0500,9.55,66.3,0.0,0.0,0.0,277.4,4.76,26.0,98963.0
20111206:0600,8.92,69.45,0.0,0.0,0.0,275.0,4.69,24.0,99021.0
20111206:0700,8.54,72.05,50.0,168.65,35.0,272.4,4.97,19.0,99079.0
20111206:0800,9.61,67.6,262.0,640.34,83.0,272.4,5.03,20.0,99166.0
20111206:0900,11.83,59.1,455.0,806.55,101.0,276.2,5.93,23.0,99224.0
20111206:1000,14.04,51.9,605.0,906.18,101.0,282.0,6.41,25.0,99244.0
20111206:1100,16.05,45.6,690.0,938.46,105.0,288.6,6.48,26.0,99215.0
20111206:1200,17.82,40.15,699.0,908.97,121.0,294.4,6.41,26.0,99147.0
20111206:1300,19.19,36.15,648.0,905.73,111.0,299.4,6.48,22.0,99069.0
20111206:1400,20.06,33.55,531.0,870.69,98.0,302.4,6.76,19.0,99001.0
20111206:1500,20.47,32.15,354.0,745.11,89.0,303.2,7.1,17.0,98992.0
20111206:1600,20.32,31.95,125.0,275.94,76.0,302.2,7.1,18.0,98992.0
20111206:1700,19.23,34.15,0.0,0.0,0.0,299.6,6.0,16.0,99031.0
20111206:1800,18.0,36.9,0.0,0.0,0.0,296.4,6.0,19.0,99089.0
20111206:1900,17.64,36.45,0.0,0.0,0.0,295.2,6.34,25.0,99166.0
20111206:2000,16.93,38.1,0.0,0.0,0.0,293.8,6.34,29.0,99234.0
20111206:2100,16.2,39.9,0.0,0.0,0.0,292.2,6.07,32.0,99263.0
20111206:2200,15.45,41.9,0.0,0.0,0.0,290.2,5.72,36.0,99312.0
20111206:2300,14.66,44.1,0.0,0.0,0.0,288.2,5.38,39.0,99292.0
20111207:0000,13.87,46.6,0.0,0.0,0.0,286.0,5.17,41.0,99302.0
20111207:0100,13.11,49.3,0.0,0.0,0.0,283.8,5.03,41.0,99273.0
20111207:0200,12.31,52.3,0.0,0.0,0.0,281.6,4.9,40.0,99273.0
20111207:0300,11.53,55.4,0.0,0.0,0.0,279.2,4.76,37.0,99254.0
20111207:0400,10.8,58.4,0.0,0.0,0.0,277.6,4.9,34.0,99292.0
20111207:0500,10.19,61.1,0.0,0.0,0.0,275.4,5.03,33.0,99350.0
20111207:0600,9.68,63.55,0.0,0.0,0.0,274.0,4.97,35.0,99399.0
20111207:0700,9.53,65.4,48.0,173.55,33.0,273.2,5.17,37.0,99486.0
20111207:0800,10.73,60.55,254.0,602.8,87.0,273.4,4.97,38.0,99554.0
20111207:0900,13.38,51.0,447.0,774.29,109.0,277.6,5.52,41.0,99632.0
20111207:1000,16.16,41.95,593.0,855.56,119.0,284.2,5.93,44.0,99622.0
20111207:1100,18.78,34.35,688.0,938.02,105.0,291.2,6.0,42.0,99583.0
20111207:1200,21.0,28.75,693.0,892.16,127.0,298.4,6.28,38.0,99486.0
20111207:1300,22.65,25.1,643.0,888.76,117.0,303.8,6.69,35.0,99399.0
20111207:1400,23.71,22.9,522.0,823.47,113.0,307.6,7.45,35.0,99321.0
20111207:1500,24.18,21.85,352.0,728.69,93.0,309.0,8.0,37.0,99263.0
20111207:1600,23.97,21.8,126.0,286.97,75.0,308.8,7.79,37.0,99244.0
20111207:1700,22.46,23.8,0.0,0.0,0.0,306.2,6.76,31.0,99283.0
20111207:1800,20.88,26.15,0.0,0.0,0.0,302.2,6.76,31.0,99321.0
20111207:1900,20.31,27.45,0.0,0.0,0.0,301.4,6.97,33.0,99370.0
20111207:2000,19.45,28.95,0.0,0.0,0.0,299.0,6.9,39.0,99438.0
20111207:2100,18.58,30.45,0.0,0.0,0.0,295.8,6.62,46.0,99486.0
20111207:2200,17.73,32.1,0.0,0.0,0.0,293.0,6.41,52.0,99554.0
20111207:2300,16.84,34.1,0.0,0.0,0.0,289.4,6.28,57.0,99544.0
20111208:0000,15.86,36.5,0.0,0.0,0.0,286.0,6.14,59.0,99544.0
20111208:0100,14.86,39.15,0.0,0.0,0.0,282.6,5.93,58.0,99515.0
20111208:0200,13.91,41.65,0.0,0.0,0.0,278.6,5.79,58.0,99496.0
20111208:0300,13.04,43.85,0.0,0.0,0.0,275.8,5.66,58.0,99418.0
20111208:0400,12.29,45.5,0.0,0.0,0.0,273.0,5.59,58.0,99438.0
20111208:0500,11.61,46.75,0.0,0.0,0.0,270.8,5.45,58.0,99418.0
20111208:0600,10.98,47.9,0.0,0.0,0.0,268.6,5.17,55.0,99457.0
20111208:0700,10.28,51.6,46.0,154.81,33.0,267.2,5.03,48.0,99525.0
20111208:0800,11.32,47.75,252.0,600.87,87.0,267.6,4.62,44.0,99612.0
20111208:0900,13.93,39.55,437.0,730.04,120.0,271.8,4.69,43.0,99651.0
20111208:1000,16.78,31.9,584.0,822.54,130.0,278.4,4.76,44.0,99632.0
20111208:1100,19.42,26.15,664.0,837.42,145.0,286.0,4.97,45.0,99554.0
20111208:1200,21.7,21.95,721.0,1031.53,68.0,294.0,5.24,46.0,99476.0
20111208:1300,23.55,19.05,632.0,839.43,136.0,299.8,5.31,47.0,99389.0
20111208:1400,24.78,17.25,510.0,763.88,131.0,306.8,5.38,47.0,99283.0
20111208:1500,25.45,16.15,359.0,785.24,80.0,307.0,5.38,46.0,99215.0
20111208:1600,25.26,16.1,114.0,196.68,79.0,306.0,4.97,39.0,99186.0
20111208:1700,23.23,18.85,0.0,0.0,0.0,302.4,4.69,23.0,99195.0
20111208:1800,21.01,22.8,0.0,0.0,0.0,299.4,5.24,21.0,99244.0
20111208:1900,19.98,26.45,0.0,0.0,0.0,298.8,6.21,28.0,99273.0
20111208:2000,18.93,28.7,0.0,0.0,0.0,296.4,6.07,35.0,99341.0
20111208:2100,18.02,30.45,0.0,0.0,0.0,294.2,5.86,42.0,99380.0
20111208:2200,17.18,31.7,0.0,0.0,0.0,291.8,5.66,50.0,99360.0
20111208:2300,16.38,32.7,0.0,0.0,0.0,289.4,5.52,58.0,99350.0
20111209:0000,15.62,33.9,0.0,0.0,0.0,286.4,5.45,67.0,99350.0
20111209:0100,14.82,35.65,0.0,0.0,0.0,282.8,5.31,75.0,99321.0
20111209:0200,13.92,37.85,0.0,0.0,0.0,279.2,4.97,77.0,99292.0
20111209:0300,12.95,40.4,0.0,0.0,0.0,276.2,4.76,74.0,99263.0
20111209:0400,11.98,43.05,0.0,0.0,0.0,272.4,4.76,69.0,99254.0
20111209:0500,11.05,45.6,0.0,0.0,0.0,269.0,4.69,64.0,99273.0
20111209:0600,10.11,48.3,0.0,0.0,0.0,264.6,4.48,58.0,99283.0
20111209:0700,9.59,52.1,26.0,12.26,25.0,263.8,4.76,56.0,99341.0
20111209:0800,10.63,48.25,263.0,723.66,66.0,262.8,4.48,58.0,99389.0
20111209:0900,13.41,39.5,434.0,729.18,119.0,266.4,4.83,60.0,99447.0
20111209:1000,16.34,31.75,569.0,760.06,151.0,271.2,4.55,61.0,99476.0
20111209:1100,18.81,26.25,655.0,804.08,158.0,278.4,4.41,60.0,99409.0
20111209:1200,20.86,22.1,660.0,762.94,178.0,285.4,4.48,60.0,99292.0
20111209:1300,22.3,19.25,620.0,791.5,153.0,291.8,4.0,50.0,99215.0
20111209:1400,23.08,17.5,535.0,903.74,87.0,293.8,3.86,38.0,99118.0
20111209:1500,23.4,16.6,295.0,394.06,155.0,294.0,4.21,33.0,99069.0
20111209:1600,23.15,16.75,154.0,583.36,50.0,293.8,4.55,28.0,99050.0
20111209:1700,21.47,19.35,0.0,0.0,0.0,295.2,4.48,12.0,99069.0
20111209:1800,19.58,23.05,0.0,0.0,0.0,297.8,5.03,11.0,99089.0
20111209:1900,18.64,26.4,0.0,0.0,0.0,307.0,5.72,17.0,99108.0
20111209:2000,17.77,28.7,0.0,0.0,0.0,307.6,5.79,27.0,99118.0
20111209:2100,16.96,30.55,0.0,0.0,0.0,302.8,5.72,33.0,99118.0
20111209:2200,16.34,31.7,0.0,0.0,0.0,307.8,5.38,38.0,99137.0
20111209:2300,15.71,32.55,0.0,0.0,0.0,309.8,4.9,41.0,99118.0
20111210:0000,14.92,33.3,0.0,0.0,0.0,302.0,4.62,48.0,99089.0
20111210:0100,14.16,33.6,0.0,0.0,0.0,299.2,4.41,59.0,99060.0
20111210:0200,13.56,33.7,0.0,0.0,0.0,304.4,4.28,67.0,99021.0
20111210:0300,12.95,34.4,0.0,0.0,0.0,304.2,4.34,72.0,98914.0
20111210:0400,12.57,35.3,0.0,0.0,0.0,313.4,4.07,71.0,98943.0
20111210:0500,12.09,36.85,0.0,0.0,0.0,317.8,3.31,56.0,98953.0
20111210:0600,11.21,39.85,0.0,0.0,0.0,304.2,3.24,34.0,99011.0
20111210:0700,10.44,43.15,40.0,126.25,30.0,286.0,3.86,40.0,99060.0
20111210:0800,11.11,42.05,266.0,770.61,58.0,282.4,3.59,44.0,99127.0
20111210:0900,13.12,37.4,373.0,435.05,186.0,289.8,3.52,37.0,99195.0
20111210:1000,15.36,32.65,505.0,507.25,227.0,298.0,3.66,33.0,99195.0
20111210:1100,17.48,28.55,697.0,1007.26,76.0,296.2,3.31,31.0,99137.0
20111210:1200,19.11,25.5,548.0,394.87,299.0,303.4,3.03,29.0,99050.0
20111210:1300,20.32,23.2,381.0,120.49,310.0,320.6,2.62,28.0,98972.0
20111210:1400,21.11,21.5,314.0,119.1,255.0,323.0,2.62,22.0,98895.0
20111210:1500,21.52,20.45,368.0,855.5,64.0,317.4,3.03,18.0,98866.0
20111210:1600,21.38,20.75,113.0,190.27,79.0,323.0,3.17,6.0,98885.0
20111210:1700,20.24,22.9,0.0,0.0,0.0,309.2,3.24,347.0,98914.0
20111210:1800,18.54,26.45,0.0,0.0,0.0,300.8,3.79,349.0,98963.0
20111210:1900,16.93,31.5,0.0,0.0,0.0,297.8,3.93,358.0,98992.0
20111210:2000,16.0,34.55,0.0,0.0,0.0,300.4,3.79,6.0,99011.0
20111210:2100,15.18,37.35,0.0,0.0,0.0,303.8,3.52,13.0,99011.0
20111210:2200,14.26,40.35,0.0,0.0,0.0,298.4,3.31,14.0,99069.0
20111210:2300,13.3,43.55,0.0,0.0,0.0,294.2,3.24,23.0,99021.0
20111211:0000,12.71,45.65,0.0,0.0,0.0,309.2,3.03,28.0,98982.0
20111211:0100,12.0,48.2,0.0,0.0,0.0,306.2,2.9,20.0,98982.0
20111211:0200,11.27,50.95,0.0,0.0,0.0,303.0,3.03,17.0,98943.0
20111211:0300,10.61,53.6,0.0,0.0,0.0,299.2,3.1,14.0,98924.0
20111211:0400,10.19,55.55,0.0,0.0,0.0,303.2,3.24,13.0,98934.0
20111211:0500,9.84,57.3,0.0,0.0,0.0,305.6,3.24,15.0,98934.0
20111211:0600,9.36,59.5,0.0,0.0,0.0,301.0,3.17,18.0,98953.0
20111211:0700,8.96,61.85,27.0,26.01,25.0,297.8,3.17,24.0,99021.0
20111211:0800,9.69,59.05,223.0,437.1,106.0,287.2,2.97,20.0,99079.0
20111211:0900,11.67,51.8,354.0,367.04,197.0,304.6,3.03,15.0,99157.0
20111211:1000,13.71,45.2,611.0,999.57,65.0,314.4,2.97,11.0,99195.0
20111211:1100,15.49,40.05,547.0,434.11,280.0,322.4,2.76,7.0,99176.0
20111211:1200,16.93,36.15,445.0,173.15,336.0,326.8,2.48,5.0,99108.0
20111211:1300,18.02,33.2,594.0,688.07,189.0,336.8,2.34,358.0,99001.0
20111211:1400,18.76,31.15,506.0,747.24,136.0,335.2,2.62,347.0,98992.0
20111211:1500,19.15,29.8,168.0,33.75,156.0,338.4,2.97,348.0,98934.0
20111211:1600,19.06,29.7,103.0,128.35,80.0,338.2,3.17,356.0,98943.0
20111211:1700,18.42,31.1,0.0,0.0,0.0,336.6,2.83,354.0,98953.0
20111211:1800,17.59,33.0,0.0,0.0,0.0,338.4,2.76,3.0,98982.0
20111211:1900,17.12,33.1,0.0,0.0,0.0,335.6,2.28,13.0,99031.0
20111211:2000,16.46,34.75,0.0,0.0,0.0,334.0,2.41,18.0,99069.0
20111211:2100,15.75,36.65,0.0,0.0,0.0,331.8,2.48,20.0,99098.0
20111211:2200,14.77,39.3,0.0,0.0,0.0,315.8,2.55,27.0,99157.0
20111211:2300,13.8,42.1,0.0,0.0,0.0,309.8,2.69,24.0,99137.0
20111212:0000,12.98,44.6,0.0,0.0,0.0,311.0,2.76,21.0,99157.0
20111212:0100,12.41,46.4,0.0,0.0,0.0,314.65,2.97,23.0,99127.0
20111212:0200,11.99,47.75,0.0,0.0,0.0,316.0,3.03,24.0,99137.0
20111212:0300,11.55,49.15,0.0,0.0,0.0,314.8,3.17,23.0,99098.0
20111212:0400,11.07,50.75,0.0,0.0,0.0,309.8,3.31,24.0,99118.0
20111212:0500,10.67,52.25,0.0,0.0,0.0,309.6,3.45,27.0,99108.0
20111212:0600,10.26,53.85,0.0,0.0,0.0,304.6,3.59,29.0,99157.0
20111212:0700,9.66,56.4,31.0,53.58,27.0,295.2,3.72,30.0,99234.0
20111212:0800,10.52,53.4,230.0,493.42,99.0,293.8,3.86,30.0,99312.0
20111212:0900,13.02,45.45,457.0,918.39,66.0,291.2,4.14,31.0,99409.0
20111212:1000,15.77,38.2,607.0,986.22,70.0,295.4,4.55,32.0,99399.0
20111212:1100,17.97,32.95,699.0,1036.4,63.0,300.8,4.9,31.0,99360.0
20111212:1200,19.55,28.6,718.0,1043.73,62.0,306.6,5.1,30.0,99312.0
20111212:1300,20.69,25.45,665.0,1022.02,64.0,311.6,5.24,30.0,99254.0
20111212:1400,21.3,24.2,534.0,902.98,87.0,317.8,5.24,28.0,99176.0
20111212:1500,21.43,24.15,358.0,772.95,83.0,318.8,5.24,25.0,99166.0
20111212:1600,21.12,24.9,136.0,361.52,71.0,321.4,5.24,20.0,99176.0
20111212:1700,19.98,27.0,0.0,0.0,0.0,324.4,4.55,11.0,99195.0
20111212:1800,18.63,29.55,0.0,0.0,0.0,318.8,4.41,8.0,99234.0
20111212:1900,18.0,30.2,0.0,0.0,0.0,311.6,4.83,15.0,99263.0
20111212:2000,17.34,31.6,0.0,0.0,0.0,314.6,4.9,21.0,99283.0
20111212:2100,16.61,33.55,0.0,0.0,0.0,307.8,5.03,27.0,99302.0
20111212:2200,16.05,35.9,0.0,0.0,0.0,308.4,5.17,33.0,99341.0
20111212:2300,15.62,38.55,0.0,0.0,0.0,313.4,5.31,39.0,99321.0
20111213:0000,15.07,41.35,0.0,0.0,0.0,308.0,5.31,44.0,99360.0
20111213:0100,14.42,44.1,0.0,0.0,0.0,301.8,5.17,48.0,99312.0
20111213:0200,13.8,46.5,0.0,0.0,0.0,300.0,5.03,51.0,99302.0
20111213:0300,13.15,48.8,0.0,0.0,0.0,297.2,5.03,51.0,99283.0
20111213:0400,12.52,51.15,0.0,0.0,0.0,292.2,5.17,51.0,99312.0
20111213:0500,11.93,53.25,0.0,0.0,0.0,287.6,5.24,52.0,99312.0
20111213:0600,11.41,55.05,0.0,0.0,0.0,283.4,5.17,54.0,99409.0
20111213:0700,11.28,54.8,47.0,317.38,24.0,291.6,4.97,52.0,99428.0
20111213:0800,12.0,51.95,248.0,664.43,73.0,281.4,4.9,52.0,99496.0
20111213:0900,14.29,44.2,439.0,811.66,95.0,284.6,5.45,52.0,99564.0
20111213:1000,16.76,36.95,586.0,884.21,106.0,289.2,6.07,53.0,99583.0
20111213:1100,18.84,31.5,659.0,850.79,138.0,293.4,6.34,53.0,99544.0
20111213:1200,20.23,27.65,674.0,839.66,147.0,296.2,6.41,51.0,99447.0
20111213:1300,20.99,25.25,624.0,821.99,141.0,304.6,6.34,46.0,99331.0
20111213:1400,21.44,23.85,511.0,777.78,126.0,305.2,6.55,41.0,99273.0
20111213:1500,21.45,23.6,351.0,716.02,96.0,308.4,6.97,39.0,99215.0
20111213:1600,21.08,24.25,115.0,193.92,80.0,313.8,6.9,38.0,99234.0
20111213:1700,20.01,26.3,0.0,0.0,0.0,310.6,5.66,34.0,99244.0
20111213:1800,18.75,28.85,0.0,0.0,0.0,310.2,5.38,33.0,99263.0
20111213:1900,17.73,30.7,0.0,0.0,0.0,313.0,6.21,32.0,99312.0
20111213:2000,16.95,32.65,0.0,0.0,0.0,312.8,5.93,37.0,99341.0
20111213:2100,16.11,34.9,0.0,0.0,0.0,308.0,5.66,42.0,99380.0
20111213:2200,15.24,37.35,0.0,0.0,0.0,300.6,5.38,48.0,99389.0
20111213:2300,14.25,40.25,0.0,0.0,0.0,289.4,4.97,52.0,99409.0
20111214:0000,13.38,42.95,0.0,0.0,0.0,289.0,4.69,54.0,99409.0
20111214:0100,12.52,45.85,0.0,0.0,0.0,287.2,4.28,55.0,99409.0
20111214:0200,11.72,48.85,0.0,0.0,0.0,289.8,3.86,52.0,99389.0
20111214:0300,10.94,52.15,0.0,0.0,0.0,291.2,3.79,47.0,99360.0
20111214:0400,10.35,55.1,0.0,0.0,0.0,295.2,4.0,44.0,99350.0
20111214:0500,10.07,57.25,0.0,0.0,0.0,306.0,4.28,43.0,99350.0
20111214:0600,9.92,59.15,0.0,0.0,0.0,312.8,4.55,44.0,99380.0
20111214:0700,9.46,64.15,21.0,14.22,20.0,300.8,4.9,46.0,99467.0
20111214:0800,10.01,62.95,123.0,38.26,113.0,293.4,4.76,45.0,99506.0
20111214:0900,11.82,56.6,282.0,158.78,215.0,294.2,5.52,48.0,99544.0
20111214:1000,13.9,49.3,431.0,295.58,271.0,288.4,6.0,53.0,99525.0
20111214:1100,15.84,42.35,485.0,281.42,313.0,291.8,5.66,54.0,99476.0
20111214:1200,17.32,36.95,582.0,505.7,265.0,303.2,4.97,40.0,99370.0
20111214:1300,18.42,33.05,290.0,28.95,273.0,313.0,5.59,30.0,99273.0
20111214:1400,19.05,30.65,218.0,16.16,210.0,324.4,6.21,36.0,99186.0
20111214:1500,19.33,29.0,261.0,246.78,173.0,330.0,6.28,39.0,99108.0
20111214:1600,19.21,29.05,68.0,16.55,65.0,328.4,6.0,32.0,99137.0
20111214:1700,18.47,30.8,0.0,0.0,0.0,330.2,5.52,32.0,99137.0
20111214:1800,17.59,33.15,0.0,0.0,0.0,334.2,5.24,25.0,99157.0
20111214:1900,17.15,34.35,0.0,0.0,0.0,323.4,5.38,15.0,99234.0
20111214:2000,16.43,36.8,0.0,0.0,0.0,327.8,5.93,7.0,99263.0
20111214:2100,15.7,39.35,0.0,0.0,0.0,323.2,6.28,5.0,99302.0
20111214:2200,14.89,42.0,0.0,0.0,0.0,312.6,6.21,7.0,99302.0
20111214:2300,14.09,44.55,0.0,0.0,0.0,305.2,6.0,13.0,99283.0
20111215:0000,13.55,45.95,0.0,0.0,0.0,308.6,5.52,21.0,99292.0
20111215:0100,12.99,47.0,0.0,0.0,0.0,304.0,5.31,28.0,99244.0
20111215:0200,12.34,48.05,0.0,0.0,0.0,293.4,5.52,34.0,99234.0
20111215:0300,11.89,48.55,0.0,0.0,0.0,298.0,5.38,39.0,99205.0
20111215:0400,11.27,50.15,0.0,0.0,0.0,291.2,5.38,44.0,99273.0
20111215:0500,10.78,51.9,0.0,0.0,0.0,296.8,5.45,46.0,99273.0
20111215:0600,10.26,54.4,0.0,0.0,0.0,293.0,5.45,44.0,99350.0
20111215:0700,9.63,57.15,35.0,146.48,25.0,282.6,5.24,47.0,99409.0
20111215:0800,10.22,55.7,237.0,597.59,82.0,271.0,4.76,47.0,99467.0
20111215:0900,12.22,49.25,426.0,751.99,110.0,273.8,5.17,40.0,99583.0
20111215:1000,14.26,43.05,577.0,850.25,118.0,279.0,5.52,31.0,99622.0
20111215:1100,16.21,37.45,660.0,865.45,132.0,285.6,6.34,27.0,99612.0
20111215:1200,17.93,32.65,669.0,824.05,153.0,290.0,7.03,25.0,99544.0
20111215:1300,19.28,27.55,624.0,822.83,141.0,294.0,7.52,27.0,99476.0
20111215:1400,20.14,23.35,526.0,854.14,103.0,295.2,7.79,30.0,99399.0
20111215:1500,20.54,20.95,350.0,702.81,99.0,295.0,7.59,33.0,99341.0
20111215:1600,20.39,20.2,128.0,274.55,78.0,293.6,7.03,35.0,99321.0
20111215:1700,19.21,21.7,0.0,0.0,0.0,291.2,5.59,30.0,99360.0
20111215:1800,17.73,24.15,0.0,0.0,0.0,289.2,5.31,26.0,99389.0
20111215:1900,16.39,27.65,0.0,0.0,0.0,285.4,5.93,23.0,99418.0
20111215:2000,15.53,31.05,0.0,0.0,0.0,283.8,6.14,23.0,99496.0
20111215:2100,14.74,34.95,0.0,0.0,0.0,282.4,6.21,26.0,99554.0
20111215:2200,14.0,38.75,0.0,0.0,0.0,280.4,6.07,31.0,99583.0
20111215:2300,13.3,41.9,0.0,0.0,0.0,278.6,5.93,36.0,99603.0
20111216:0000,12.57,44.45,0.0,0.0,0.0,276.0,5.79,39.0,99612.0
20111216:0100,11.84,46.4,0.0,0.0,0.0,273.6,5.52,43.0,99564.0
20111216:0200,11.09,47.75,0.0,0.0,0.0,270.8,5.24,46.0,99525.0
20111216:0300,10.33,49.2,0.0,0.0,0.0,268.4,5.03,44.0,99486.0
20111216:0400,9.55,51.6,0.0,0.0,0.0,266.2,5.03,38.0,99486.0
20111216:0500,8.79,55.25,0.0,0.0,0.0,264.6,5.24,32.0,99525.0
20111216:0600,8.13,59.0,0.0,0.0,0.0,262.8,5.38,31.0,99573.0
20111216:0700,7.55,62.9,33.0,135.82,24.0,260.8,5.45,33.0,99632.0
20111216:0800,8.38,59.4,233.0,586.45,82.0,261.0,5.31,36.0,99661.0
20111216:0900,10.68,50.15,426.0,764.56,106.0,264.0,5.72,40.0,99680.0
20111216:1000,13.27,41.7,569.0,817.13,129.0,269.4,6.21,41.0,99699.0
20111216:1100,15.55,35.45,663.0,881.64,126.0,275.6,6.55,37.0,99651.0
20111216:1200,17.3,31.05,675.0,855.19,140.0,281.6,6.69,34.0,99544.0
20111216:1300,18.59,27.4,624.0,823.04,141.0,285.6,6.62,34.0,99418.0
20111216:1400,19.5,24.2,518.0,809.27,117.0,287.4,6.41,35.0,99321.0
20111216:1500,19.86,22.65,352.0,718.31,95.0,288.2,6.28,32.0,99283.0
20111216:1600,19.65,22.7,130.0,289.51,77.0,287.2,5.79,30.0,99254.0
20111216:1700,18.35,24.9,0.0,0.0,0.0,284.6,4.76,18.0,99263.0
20111216:1800,16.63,28.7,0.0,0.0,0.0,281.2,4.97,10.0,99283.0
20111216:1900,15.5,32.9,0.0,0.0,0.0,278.2,5.38,12.0,99292.0
20111216:2000,14.48,37.15,0.0,0.0,0.0,276.0,5.31,15.0,99283.0
20111216:2100,13.57,41.45,0.0,0.0,0.0,274.4,5.17,18.0,99312.0
20111216:2200,12.71,45.75,0.0,0.0,0.0,273.2,4.97,21.0,99312.0
20111216:2300,11.85,50.0,0.0,0.0,0.0,271.6,4.69,25.0,99312.0
20111217:0000,10.92,54.45,0.0,0.0,0.0,270.2,4.48,27.0,99292.0
20111217:0100,9.97,59.0,0.0,0.0,0.0,268.4,4.28,27.0,99254.0
20111217:0200,9.04,63.75,0.0,0.0,0.0,266.4,4.14,27.0,99205.0
20111217:0300,8.19,68.4,0.0,0.0,0.0,264.4,4.14,27.0,99137.0
20111217:0400,7.42,72.8,0.0,0.0,0.0,263.0,4.0,29.0,99127.0
20111217:0500,6.66,77.2,0.0,0.0,0.0,261.4,3.72,31.0,99108.0
20111217:0600,5.89,81.35,0.0,0.0,0.0,260.0,3.59,31.0,99137.0
20111217:0700,5.4,84.05,33.0,139.93,24.0,259.4,3.38,29.0,99205.0
20111217:0800,6.32,79.15,233.0,594.53,81.0,260.0,2.97,28.0,99263.0
20111217:0900,9.45,64.25,420.0,733.9,114.0,263.8,2.83,28.0,99331.0
20111217:1000,12.52,53.05,564.0,800.46,134.0,270.2,2.62,24.0,99292.0
20111217:1100,14.96,46.1,651.0,833.61,144.0,276.6,2.48,12.0,99215.0
20111217:1200,16.86,40.85,664.0,807.85,159.0,282.8,2.83,358.0,99108.0
20111217:1300,18.28,36.1,617.0,790.72,153.0,286.6,3.17,350.0,99011.0
20111217:1400,19.26,32.6,507.0,748.17,136.0,288.8,3.59,350.0,98914.0
20111217:1500,19.74,30.6,345.0,663.84,107.0,288.8,3.93,353.0,98895.0
20111217:1600,19.58,29.95,125.0,244.43,80.0,287.0,3.86,355.0,98856.0
20111217:1700,18.43,32.2,0.0,0.0,0.0,283.8,2.97,355.0,98875.0
20111217:1800,16.84,35.6,0.0,0.0,0.0,281.2,2.83,359.0,98866.0
20111217:1900,15.78,37.15,0.0,0.0,0.0,281.2,2.9,8.0,98895.0
20111217:2000,14.51,40.2,0.0,0.0,0.0,280.8,2.9,15.0,98914.0
20111217:2100,13.3,43.3,0.0,0.0,0.0,280.2,2.97,24.0,98934.0
20111217:2200,12.16,46.3,0.0,0.0,0.0,278.8,3.03,33.0,98943.0
20111217:2300,11.07,49.3,0.0,0.0,0.0,277.4,2.97,45.0,98904.0
20111218:0000,10.01,52.3,0.0,0.0,0.0,277.2,2.76,61.0,98934.0
20111218:0100,9.0,55.35,0.0,0.0,0.0,277.4,2.62,76.0,98904.0
20111218:0200,7.99,58.45,0.0,0.0,0.0,278.0,2.34,88.0,98856.0
20111218:0300,7.11,61.2,0.0,0.0,0.0,278.2,2.07,86.0,98837.0
20111218:0400,6.59,62.4,0.0,0.0,0.0,278.2,2.0,72.0,98817.0
20111218:0500,5.86,64.75,0.0,0.0,0.0,278.2,2.28,56.0,98788.0
20111218:0600,5.48,65.7,0.0,0.0,0.0,277.8,2.62,46.0,98827.0
20111218:0700,4.98,65.9,29.0,112.11,22.0,277.0,2.83,64.0,98846.0
20111218:0800,6.02,61.4,229.0,582.86,81.0,277.2,2.41,65.0,98875.0
20111218:0900,10.42,45.8,420.0,748.59,109.0,280.6,2.48,63.0,98953.0
20111218:1000,14.52,35.75,572.0,847.0,118.0,286.2,2.9,59.0,98924.0
20111218:1100,17.19,31.7,668.0,915.38,112.0,293.0,3.38,55.0,98885.0
20111218:1200,18.85,31.6,678.0,872.35,133.0,299.6,3.59,55.0,98817.0
20111218:1300,19.71,33.2,624.0,823.01,141.0,304.4,3.38,59.0,98711.0
20111218:1400,20.09,34.05,544.0,954.98,70.0,307.2,2.69,62.0,98623.0
20111218:1500,20.2,34.5,346.0,665.08,107.0,308.2,2.14,56.0,98575.0
20111218:1600,20.04,35.2,135.0,313.14,77.0,307.8,1.86,46.0,98575.0
20111218:1700,19.4,37.05,0.0,0.0,0.0,304.2,2.0,24.0,98594.0
20111218:1800,17.94,41.1,0.0,0.0,0.0,300.4,2.9,17.0,98643.0
20111218:1900,17.15,42.55,0.0,0.0,0.0,301.0,3.38,31.0,98711.0
20111218:2000,16.03,44.55,0.0,0.0,0.0,298.0,4.14,43.0,98788.0
20111218:2100,15.09,43.4,0.0,0.0,0.0,294.6,4.62,55.0,98837.0
20111218:2200,14.24,41.15,0.0,0.0,0.0,292.2,4.48,64.0,98808.0
20111218:2300,13.62,39.95,0.0,0.0,0.0,298.4,4.48,67.0,98817.0
20111219:0000,13.36,39.2,0.0,0.0,0.0,312.6,4.55,64.0,98875.0
20111219:0100,13.05,39.35,0.0,0.0,0.0,314.25,4.48,62.0,98837.0
20111219:0200,12.41,40.75,0.0,0.0,0.0,298.2,4.34,65.0,98817.0
20111219:0300,12.02,41.75,0.0,0.0,0.0,306.2,4.28,65.0,98808.0
20111219:0400,11.27,43.95,0.0,0.0,0.0,291.2,4.55,63.0,98808.0
20111219:0500,10.57,46.55,0.0,0.0,0.0,283.2,4.69,64.0,98837.0
20111219:0600,10.0,49.2,0.0,0.0,0.0,281.6,4.76,66.0,98914.0
20111219:0700,9.67,51.05,30.0,148.44,21.0,280.2,4.69,71.0,99001.0
20111219:0800,10.41,48.5,229.0,590.67,80.0,280.4,4.41,70.0,99089.0
20111219:0900,12.8,40.8,421.0,760.82,106.0,282.4,4.62,69.0,99195.0
20111219:1000,15.29,33.8,568.0,831.89,123.0,289.2,4.9,66.0,99224.0
20111219:1100,17.19,29.05,660.0,881.81,125.0,292.8,5.24,63.0,99186.0
20111219:1200,18.26,27.05,674.0,855.12,140.0,296.8,5.38,59.0,99118.0
20111219:1300,18.82,26.45,628.0,838.12,136.0,299.2,5.1,51.0,99031.0
20111219:1400,19.15,26.35,523.0,825.09,113.0,300.0,5.03,44.0,98992.0
20111219:1500,19.15,26.8,353.0,705.01,99.0,299.8,5.17,39.0,98972.0
20111219:1600,18.79,27.65,129.0,262.84,80.0,301.4,5.24,37.0,99001.0
20111219:1700,17.79,29.45,0.0,0.0,0.0,294.4,4.55,31.0,99050.0
20111219:1800,16.41,31.85,0.0,0.0,0.0,293.8,4.76,25.0,99079.0
20111219:1900,15.43,32.2,0.0,0.0,0.0,286.2,4.76,28.0,99166.0
20111219:2000,14.34,33.55,0.0,0.0,0.0,281.8,4.9,30.0,99215.0
20111219:2100,13.4,34.7,0.0,0.0,0.0,282.2,5.1,32.0,99273.0
20111219:2200,12.59,36.05,0.0,0.0,0.0,283.4,5.24,33.0,99292.0
20111219:2300,11.75,38.1,0.0,0.0,0.0,280.4,5.45,35.0,99312.0
20111220:0000,11.09,40.35,0.0,0.0,0.0,287.2,5.45,38.0,99331.0
20111220:0100,10.45,42.6,0.0,0.0,0.0,292.0,5.24,41.0,99331.0
20111220:0200,9.6,45.3,0.0,0.0,0.0,283.0,4.97,45.0,99341.0
20111220:0300,8.47,48.9,0.0,0.0,0.0,262.4,4.69,49.0,99321.0
20111220:0400,7.52,52.1,0.0,0.0,0.0,259.6,4.41,52.0,99321.0
20111220:0500,6.66,55.25,0.0,0.0,0.0,256.8,4.34,51.0,99360.0
20111220:0600,5.94,57.9,0.0,0.0,0.0,256.4,4.34,50.0,99409.0
20111220:0700,5.31,60.25,27.0,118.88,20.0,255.6,4.55,47.0,99486.0
20111220:0800,6.03,57.1,167.0,191.49,119.0,257.8,4.34,46.0,99564.0
20111220:0900,8.24,48.65,380.0,540.35,157.0,260.0,4.9,48.0,99670.0
20111220:1000,10.75,40.1,532.0,668.62,175.0,265.4,5.17,51.0,99661.0
20111220:1100,12.95,32.95,637.0,785.34,161.0,269.4,5.45,51.0,99641.0
20111220:1200,14.41,27.65,666.0,823.31,152.0,275.2,6.0,48.0,99554.0
20111220:1300,15.25,24.25,664.0,1021.63,64.0,268.4,6.34,41.0,99457.0
20111220:1400,15.68,22.0,497.0,693.35,152.0,268.4,6.55,35.0,99409.0
20111220:1500,15.76,21.1,335.0,581.24,125.0,267.0,6.76,32.0,99399.0
20111220:1600,15.39,21.55,128.0,245.05,82.0,265.2,6.69,32.0,99409.0
20111220:1700,14.37,23.4,0.0,0.0,0.0,262.8,5.38,26.0,99438.0
20111220:1800,12.93,26.3,0.0,0.0,0.0,260.2,5.24,18.0,99467.0
20111220:1900,11.98,29.25,0.0,0.0,0.0,258.4,5.93,17.0,99544.0
20111220:2000,11.07,31.75,0.0,0.0,0.0,257.2,5.79,19.0,99583.0
20111220:2100,10.19,34.3,0.0,0.0,0.0,255.0,5.59,24.0,99603.0
20111220:2200,9.34,36.7,0.0,0.0,0.0,253.2,5.38,29.0,99612.0
20111220:2300,8.51,39.0,0.0,0.0,0.0,251.0,5.24,34.0,99632.0
20111221:0000,7.7,41.25,0.0,0.0,0.0,248.6,5.1,37.0,99641.0
20111221:0100,6.85,43.7,0.0,0.0,0.0,246.2,4.9,39.0,99622.0
20111221:0200,6.04,46.4,0.0,0.0,0.0,244.4,4.69,39.0,99632.0
20111221:0300,5.25,49.4,0.0,0.0,0.0,242.4,4.62,38.0,99573.0
20111221:0400,4.55,52.4,0.0,0.0,0.0,241.2,4.48,39.0,99554.0
20111221:0500,3.91,55.4,0.0,0.0,0.0,240.8,4.41,42.0,99525.0
20111221:0600,3.33,58.2,0.0,0.0,0.0,240.0,4.21,47.0,99535.0
20111221:0700,3.17,59.75,27.0,122.36,20.0,240.8,4.21,49.0,99583.0
20111221:0800,4.05,56.45,224.0,577.94,80.0,241.6,3.86,44.0,99622.0
20111221:0900,6.79,47.05,411.0,716.96,116.0,245.0,3.79,39.0,99680.0
20111221:1000,9.57,39.35,559.0,799.19,133.0,251.2,4.07,34.0,99719.0
20111221:1100,11.84,34.3,651.0,848.72,137.0,257.0,4.62,28.0,99661.0
20111221:1200,13.5,30.85,666.0,823.39,152.0,263.2,5.31,25.0,99564.0
20111221:1300,14.61,28.2,618.0,791.27,153.0,266.8,5.93,21.0,99486.0
20111221:1400,15.29,26.45,519.0,794.62,123.0,269.4,6.21,19.0,99428.0
20111221:1500,15.56,25.6,352.0,681.56,105.0,270.8,5.79,19.0,99370.0
20111221:1600,15.4,25.8,131.0,259.14,82.0,270.6,5.17,18.0,99380.0
20111221:1700,14.39,27.8,0.0,0.0,0.0,269.0,4.14,10.0,99409.0
20111221:1800,12.92,30.85,0.0,0.0,0.0,266.8,3.93,5.0,99409.0
20111221:1900,11.91,33.3,0.0,0.0,0.0,265.0,3.45,5.0,99457.0
20111221:2000,10.86,35.75,0.0,0.0,0.0,263.0,3.45,7.0,99486.0
20111221:2100,9.92,38.0,0.0,0.0,0.0,262.0,3.45,15.0,99554.0
20111221:2200,9.03,40.3,0.0,0.0,0.0,260.8,3.31,25.0,99554.0
20111221:2300,8.1,42.8,0.0,0.0,0.0,260.2,3.17,35.0,99564.0
20111222:0000,7.11,45.7,0.0,0.0,0.0,259.6,2.97,44.0,99573.0
20111222:0100,6.12,48.9,0.0,0.0,0.0,259.2,2.76,50.0,99544.0
20111222:0200,5.24,51.9,0.0,0.0,0.0,259.2,2.76,48.0,99535.0
20111222:0300,4.52,54.35,0.0,0.0,0.0,258.8,2.9,45.0,99438.0
20111222:0400,3.85,56.85,0.0,0.0,0.0,258.2,2.83,47.0,99496.0
20111222:0500,3.14,59.6,0.0,0.0,0.0,257.6,2.69,49.0,99476.0
20111222:0600,2.46,62.5,0.0,0.0,0.0,257.4,2.48,50.0,99535.0
20111222:0700,1.83,64.8,26.0,125.89,19.0,256.8,2.14,54.0,99573.0
20111222:0800,2.71,60.95,224.0,585.3,79.0,258.4,1.72,47.0,99603.0
20111222:0900,6.59,46.3,414.0,745.78,108.0,261.6,1.52,30.0,99670.0
20111222:1000,10.47,35.05,558.0,798.51,133.0,267.6,1.93,19.0,99680.0
20111222:1100,13.2,28.95,651.0,847.61,138.0,274.4,2.34,15.0,99641.0
20111222:1200,15.39,24.85,663.0,807.32,159.0,280.6,2.9,13.0,99486.0
20111222:1300,17.11,21.95,622.0,807.64,147.0,285.6,3.66,15.0,99409.0
20111222:1400,18.2,21.0,523.0,811.27,118.0,289.0,4.34,18.0,99341.0
20111222:1500,18.68,21.4,359.0,723.31,96.0,291.0,4.62,21.0,99273.0
20111222:1600,18.55,22.3,131.0,251.92,83.0,291.4,4.55,22.0,99302.0
20111222:1700,17.45,24.2,0.0,0.0,0.0,290.2,3.52,14.0,99273.0
20111222:1800,15.88,27.25,0.0,0.0,0.0,287.2,3.31,7.0,99321.0
20111222:1900,14.93,30.0,0.0,0.0,0.0,286.4,3.45,7.0,99331.0
20111222:2000,13.94,33.15,0.0,0.0,0.0,285.0,3.38,11.0,99389.0
20111222:2100,12.93,36.55,0.0,0.0,0.0,283.4,3.31,15.0,99409.0
20111222:2200,11.95,39.95,0.0,0.0,0.0,282.4,3.31,20.0,99409.0
20111222:2300,11.05,43.25,0.0,0.0,0.0,281.2,3.45,26.0,99409.0
20111223:0000,10.25,46.2,0.0,0.0,0.0,280.2,3.52,30.0,99399.0
20111223:0100,9.49,49.0,0.0,0.0,0.0,278.8,3.52,33.0,99380.0
20111223:0200,8.78,51.65,0.0,0.0,0.0,277.6,3.59,36.0,99350.0
20111223:0300,8.13,54.25,0.0,0.0,0.0,276.0,3.66,37.0,99321.0
20111223:0400,7.54,56.9,0.0,0.0,0.0,274.2,3.79,39.0,99331.0
20111223:0500,7.01,59.65,0.0,0.0,0.0,272.8,3.79,39.0,99321.0
20111223:0600,6.48,62.6,0.0,0.0,0.0,271.0,3.79,41.0,99380.0
20111223:0700,5.95,65.25,25.0,110.96,19.0,268.4,3.79,45.0,99428.0
20111223:0800,6.73,62.45,221.0,572.25,80.0,268.2,3.45,45.0,99447.0
20111223:0900,9.81,51.4,415.0,759.92,104.0,270.4,3.45,43.0,99525.0
20111223:1000,13.14,42.3,563.0,829.66,122.0,276.2,3.72,40.0,99515.0
20111223:1100,15.83,36.75,654.0,864.55,131.0,283.0,4.14,36.0,99476.0
20111223:1200,17.86,33.45,667.0,823.14,153.0,289.2,4.14,34.0,99399.0
20111223:1300,19.25,31.3,623.0,808.55,147.0,294.6,4.07,33.0,99302.0
20111223:1400,20.09,30.05,524.0,811.71,118.0,297.2,3.93,28.0,99234.0
20111223:1500,20.4,29.65,361.0,723.5,97.0,297.8,4.21,21.0,99186.0
20111223:1600,20.13,30.35,135.0,275.94,82.0,295.8,4.48,16.0,99186.0
20111223:1700,18.78,33.35,0.0,0.0,0.0,292.8,4.0,6.0,99176.0
20111223:1800,16.94,37.9,0.0,0.0,0.0,288.0,4.21,5.0,99224.0
20111223:1900,15.97,40.1,0.0,0.0,0.0,284.6,4.48,10.0,99244.0
20111223:2000,14.89,43.4,0.0,0.0,0.0,281.6,4.48,16.0,99292.0
20111223:2100,13.89,46.65,0.0,0.0,0.0,279.2,4.41,22.0,99331.0
20111223:2200,12.95,49.95,0.0,0.0,0.0,277.0,4.34,26.0,99360.0
20111223:2300,12.01,53.4,0.0,0.0,0.0,275.2,4.21,29.0,99341.0
20111224:0000,11.11,56.85,0.0,0.0,0.0,273.6,4.14,32.0,99350.0
20111224:0100,10.26,60.4,0.0,0.0,0.0,272.0,4.07,37.0,99331.0
20111224:0200,9.46,63.85,0.0,0.0,0.0,271.2,4.0,44.0,99292.0
20111224:0300,8.7,67.25,0.0,0.0,0.0,269.4,3.93,50.0,99254.0
20111224:0400,8.0,70.45,0.0,0.0,0.0,268.2,3.93,54.0,99263.0
20111224:0500,7.38,73.25,0.0,0.0,0.0,267.0,4.0,56.0,99273.0
20111224:0600,6.8,75.8,0.0,0.0,0.0,266.0,4.0,56.0,99312.0
20111224:0700,6.49,77.7,24.0,114.04,18.0,264.6,4.14,49.0,99360.0
20111224:0800,7.42,72.75,222.0,595.59,76.0,264.6,4.0,49.0,99409.0
20111224:0900,10.36,59.65,427.0,847.44,81.0,268.4,4.0,49.0,99467.0
20111224:1000,13.63,48.3,563.0,828.71,123.0,274.4,4.21,49.0,99447.0
20111224:1100,16.15,41.25,658.0,881.35,125.0,281.4,4.62,48.0,99399.0
20111224:1200,17.77,36.15,675.0,856.43,140.0,287.4,5.17,49.0,99321.0
20111224:1300,18.73,32.0,630.0,839.87,135.0,291.4,5.31,47.0,99224.0
20111224:1400,19.32,29.5,531.0,841.92,109.0,293.2,5.24,43.0,99147.0
20111224:1500,19.54,28.35,364.0,737.16,94.0,293.8,5.24,39.0,99118.0
20111224:1600,19.38,28.4,137.0,273.65,84.0,292.8,5.1,35.0,99098.0
20111224:1700,18.38,30.6,0.0,0.0,0.0,290.6,4.28,22.0,99089.0
20111224:1800,16.71,34.65,0.0,0.0,0.0,288.2,4.55,11.0,99137.0
20111224:1900,16.05,37.2,0.0,0.0,0.0,289.4,5.31,13.0,99147.0
20111224:2000,15.18,40.2,0.0,0.0,0.0,288.0,5.72,18.0,99205.0
20111224:2100,14.44,43.05,0.0,0.0,0.0,287.0,5.93,25.0,99215.0
20111224:2200,13.79,45.7,0.0,0.0,0.0,286.8,6.0,34.0,99215.0
20111224:2300,13.17,48.8,0.0,0.0,0.0,286.0,5.93,42.0,99205.0
20111225:0000,12.57,52.75,0.0,0.0,0.0,285.0,5.66,49.0,99234.0
20111225:0100,11.93,57.1,0.0,0.0,0.0,283.2,5.59,54.0,99195.0
20111225:0200,11.3,61.0,0.0,0.0,0.0,281.2,5.52,56.0,99186.0
20111225:0300,10.67,64.3,0.0,0.0,0.0,278.6,5.52,57.0,99166.0
20111225:0400,9.98,67.15,0.0,0.0,0.0,276.0,5.45,57.0,99176.0
20111225:0500,9.32,69.25,0.0,0.0,0.0,273.0,5.24,57.0,99176.0
20111225:0600,8.67,70.75,0.0,0.0,0.0,270.6,5.1,56.0,99234.0
20111225:0700,8.12,71.35,24.0,117.13,18.0,268.4,5.17,51.0,99273.0
20111225:0800,8.78,65.85,220.0,582.06,78.0,267.2,5.24,50.0,99350.0
20111225:0900,10.99,54.2,411.0,743.72,108.0,269.8,5.59,51.0,99409.0
20111225:1000,13.44,43.75,559.0,812.52,128.0,274.6,6.0,54.0,99409.0
20111225:1100,15.63,36.45,650.0,848.39,137.0,279.8,5.93,53.0,99350.0
20111225:1200,17.44,31.3,664.0,807.95,159.0,284.8,5.72,50.0,99263.0
20111225:1300,18.88,27.5,617.0,777.77,158.0,288.6,5.72,47.0,99176.0
20111225:1400,19.91,24.45,523.0,796.19,123.0,291.2,5.86,46.0,99108.0
20111225:1500,20.49,21.95,360.0,698.87,103.0,291.2,6.0,44.0,99069.0
20111225:1600,20.51,20.5,135.0,255.93,85.0,289.6,6.07,42.0,99060.0
20111225:1700,19.27,21.55,0.0,0.0,0.0,286.2,5.24,32.0,99069.0
20111225:1800,17.44,24.2,0.0,0.0,0.0,282.0,5.66,29.0,99098.0
20111225:1900,16.53,27.05,0.0,0.0,0.0,280.0,6.9,34.0,99157.0
20111225:2000,15.66,29.6,0.0,0.0,0.0,278.0,7.1,40.0,99205.0
20111225:2100,14.85,32.2,0.0,0.0,0.0,276.6,7.17,46.0,99283.0
20111225:2200,14.09,34.85,0.0,0.0,0.0,275.2,7.03,52.0,99312.0
20111225:2300,13.3,38.05,0.0,0.0,0.0,273.6,6.76,57.0,99302.0
20111226:0000,12.46,41.55,0.0,0.0,0.0,271.6,6.41,60.0,99341.0
20111226:0100,11.5,45.35,0.0,0.0,0.0,269.2,6.14,59.0,99331.0
20111226:0200,10.58,49.15,0.0,0.0,0.0,266.4,6.07,57.0,99302.0
20111226:0300,9.71,53.2,0.0,0.0,0.0,263.4,5.93,56.0,99341.0
20111226:0400,8.88,57.55,0.0,0.0,0.0,261.4,5.66,55.0,99350.0
20111226:0500,8.12,62.15,0.0,0.0,0.0,259.0,5.59,53.0,99380.0
20111226:0600,7.44,66.75,0.0,0.0,0.0,257.2,5.52,52.0,99428.0
20111226:0700,7.21,69.1,22.0,120.2,16.0,256.8,5.66,49.0,99496.0
20111226:0800,7.82,67.7,220.0,592.91,76.0,256.4,5.79,50.0,99486.0
20111226:0900,9.88,59.95,412.0,757.43,104.0,258.8,6.41,51.0,99573.0
20111226:1000,12.18,51.55,562.0,828.23,123.0,263.6,7.17,54.0,99525.0
20111226:1100,14.33,43.75,650.0,848.36,137.0,269.6,7.38,55.0,99486.0
20111226:1200,16.0,36.65,672.0,839.33,147.0,275.2,7.24,58.0,99389.0
20111226:1300,17.12,30.85,622.0,793.53,153.0,279.0,6.62,58.0,99312.0
20111226:1400,17.76,27.35,528.0,812.09,119.0,280.6,6.28,54.0,99224.0
20111226:1500,17.98,25.85,360.0,685.1,107.0,280.4,6.21,48.0,99205.0
20111226:1600,17.69,26.05,136.0,248.56,87.0,279.0,6.41,42.0,99195.0
20111226:1700,16.56,28.6,0.0,0.0,0.0,277.0,5.72,31.0,99234.0
20111226:1800,14.94,32.5,0.0,0.0,0.0,274.0,6.14,23.0,99302.0
20111226:1900,13.72,35.6,0.0,0.0,0.0,271.6,6.97,24.0,99341.0
20111226:2000,12.72,38.55,0.0,0.0,0.0,269.0,6.83,26.0,99418.0
20111226:2100,11.77,41.85,0.0,0.0,0.0,266.2,6.69,27.0,99438.0
20111226:2200,10.88,45.4,0.0,0.0,0.0,264.2,6.48,28.0,99389.0
20111226:2300,10.02,49.2,0.0,0.0,0.0,262.2,5.93,29.0,99418.0
20111227:0000,9.15,53.25,0.0,0.0,0.0,261.0,5.72,29.0,99428.0
20111227:0100,8.34,57.3,0.0,0.0,0.0,259.2,5.66,30.0,99428.0
20111227:0200,7.61,61.4,0.0,0.0,0.0,257.8,5.59,31.0,99428.0
20111227:0300,6.93,65.4,0.0,0.0,0.0,256.0,5.52,30.0,99380.0
20111227:0400,6.26,69.35,0.0,0.0,0.0,254.8,5.38,29.0,99418.0
20111227:0500,5.57,73.4,0.0,0.0,0.0,253.0,5.31,27.0,99428.0
20111227:0600,4.94,77.25,0.0,0.0,0.0,251.6,5.31,28.0,99496.0
20111227:0700,4.57,79.7,22.0,123.25,16.0,252.0,5.1,29.0,99525.0
20111227:0800,5.31,76.65,221.0,616.04,72.0,252.8,4.97,32.0,99554.0
20111227:0900,7.58,66.8,416.0,785.81,97.0,257.0,5.52,33.0,99612.0
20111227:1000,9.96,58.1,564.0,843.8,117.0,266.0,6.0,34.0,99612.0
20111227:1100,12.15,50.6,661.0,897.79,118.0,273.0,6.28,31.0,99573.0
20111227:1200,13.77,45.15,669.0,824.21,153.0,278.6,6.48,28.0,99496.0
20111227:1300,14.88,41.25,634.0,841.21,136.0,290.4,6.83,27.0,99389.0
20111227:1400,15.3,38.85,524.0,782.2,129.0,290.6,7.03,27.0,99302.0
20111227:1500,15.42,37.4,362.0,687.46,107.0,289.2,7.24,26.0,99312.0
20111227:1600,15.04,37.35,138.0,256.31,87.0,287.8,7.38,24.0,99283.0
20111227:1700,14.14,39.1,0.0,0.0,0.0,277.8,6.41,20.0,99331.0
20111227:1800,12.88,42.15,0.0,0.0,0.0,273.2,5.93,15.0,99360.0
20111227:1900,12.28,42.95,0.0,0.0,0.0,270.2,5.86,11.0,99380.0
20111227:2000,11.5,45.25,0.0,0.0,0.0,268.4,6.07,10.0,99447.0
20111227:2100,10.78,47.85,0.0,0.0,0.0,266.8,6.0,12.0,99467.0
20111227:2200,10.07,50.45,0.0,0.0,0.0,266.0,5.66,14.0,99506.0
20111227:2300,9.3,52.95,0.0,0.0,0.0,264.6,5.24,17.0,99506.0
20111228:0000,8.51,55.4,0.0,0.0,0.0,262.0,4.83,20.0,99496.0
20111228:0100,7.71,57.75,0.0,0.0,0.0,260.0,4.55,24.0,99486.0
20111228:0200,6.88,60.35,0.0,0.0,0.0,257.6,4.34,25.0,99486.0
20111228:0300,6.04,63.25,0.0,0.0,0.0,255.0,4.34,24.0,99418.0
20111228:0400,5.26,66.1,0.0,0.0,0.0,252.4,4.34,23.0,99428.0
20111228:0500,4.55,68.6,0.0,0.0,0.0,250.4,4.48,23.0,99428.0
20111228:0600,3.98,70.55,0.0,0.0,0.0,250.6,4.34,24.0,99447.0
20111228:0700,3.44,74.6,21.0,126.25,15.0,249.4,4.07,22.0,99525.0
20111228:0800,4.1,70.7,216.0,581.03,76.0,252.4,3.66,21.0,99564.0
20111228:0900,6.58,59.25,413.0,769.68,101.0,253.2,3.86,21.0,99632.0
20111228:1000,9.23,50.4,561.0,829.01,122.0,261.4,4.14,22.0,99622.0
20111228:1100,11.43,46.1,654.0,864.39,131.0,268.2,4.21,23.0,99593.0
20111228:1200,13.11,43.3,673.0,840.89,146.0,271.2,4.48,22.0,99457.0
20111228:1300,14.21,39.55,628.0,809.34,148.0,275.6,5.03,17.0,99399.0
20111228:1400,14.77,36.65,528.0,797.76,124.0,279.8,5.86,16.0,99312.0
20111228:1500,14.9,35.35,370.0,727.22,99.0,290.6,6.48,16.0,99312.0
20111228:1600,14.7,35.6,141.0,263.82,88.0,299.6,6.55,16.0,99312.0
20111228:1700,14.09,37.3,0.0,0.0,0.0,298.8,5.52,13.0,99331.0
20111228:1800,13.03,40.5,0.0,0.0,0.0,289.0,4.55,10.0,99389.0
20111228:1900,12.07,42.25,0.0,0.0,0.0,271.0,4.48,13.0,99428.0
20111228:2000,11.14,45.25,0.0,0.0,0.0,268.6,4.34,16.0,99476.0
20111228:2100,10.34,48.0,0.0,0.0,0.0,272.2,4.0,21.0,99525.0
20111228:2200,9.52,50.95,0.0,0.0,0.0,271.8,3.59,25.0,99535.0
20111228:2300,8.67,54.3,0.0,0.0,0.0,270.2,3.52,29.0,99525.0
20111229:0000,7.85,57.7,0.0,0.0,0.0,266.6,3.59,31.0,99496.0
20111229:0100,7.09,61.0,0.0,0.0,0.0,266.0,3.38,30.0,99515.0
20111229:0200,6.27,64.85,0.0,0.0,0.0,264.0,3.1,26.0,99496.0
20111229:0300,5.44,68.8,0.0,0.0,0.0,264.8,2.97,22.0,99447.0
20111229:0400,4.67,72.75,0.0,0.0,0.0,264.2,2.83,19.0,99447.0
20111229:0500,3.92,76.55,0.0,0.0,0.0,261.2,2.76,13.0,99418.0
20111229:0600,3.25,79.7,0.0,0.0,0.0,255.2,2.83,7.0,99486.0
20111229:0700,2.71,81.35,20.0,107.65,15.0,252.6,3.17,8.0,99554.0
20111229:0800,3.55,76.35,220.0,624.67,70.0,252.8,3.1,11.0,99632.0
20111229:0900,6.71,61.85,410.0,755.8,104.0,256.0,3.52,12.0,99729.0
20111229:1000,9.28,53.9,558.0,812.16,128.0,261.4,4.62,12.0,99729.0
20111229:1100,11.21,49.8,655.0,863.92,132.0,267.4,5.17,12.0,99680.0
20111229:1200,12.75,46.05,674.0,839.87,147.0,272.4,5.66,14.0,99583.0
20111229:1300,13.84,42.7,633.0,826.25,142.0,276.0,6.14,15.0,99467.0
20111229:1400,14.44,40.8,530.0,799.29,124.0,277.2,6.48,17.0,99399.0
20111229:1500,14.68,39.7,368.0,702.35,105.0,276.0,6.76,18.0,99399.0
20111229:1600,14.5,39.4,142.0,261.24,89.0,274.6,6.83,20.0,99428.0
20111229:1700,13.73,40.8,0.0,0.0,0.0,273.2,5.72,18.0,99486.0
20111229:1800,12.55,43.65,0.0,0.0,0.0,270.6,5.1,16.0,99564.0
20111229:1900,11.61,46.7,0.0,0.0,0.0,267.8,5.31,20.0,99603.0
20111229:2000,10.81,48.8,0.0,0.0,0.0,265.6,5.24,23.0,99670.0
20111229:2100,9.98,51.1,0.0,0.0,0.0,262.8,5.1,27.0,99670.0
20111229:2200,9.18,53.45,0.0,0.0,0.0,260.0,4.76,32.0,99641.0
20111229:2300,8.42,55.8,0.0,0.0,0.0,257.6,4.62,39.0,99661.0
20111230:0000,7.69,58.3,0.0,0.0,0.0,255.4,4.48,43.0,99651.0
20111230:0100,6.92,61.05,0.0,0.0,0.0,253.4,4.28,48.0,99680.0
20111230:0200,6.14,64.2,0.0,0.0,0.0,252.4,4.14,52.0,99690.0
20111230:0300,5.31,67.8,0.0,0.0,0.0,250.4,3.93,51.0,99719.0
20111230:0400,4.38,72.25,0.0,0.0,0.0,249.0,3.72,43.0,99738.0
20111230:0500,3.45,76.95,0.0,0.0,0.0,247.6,3.72,34.0,99777.0
20111230:0600,2.72,81.05,0.0,0.0,0.0,246.2,3.79,33.0,99816.0
20111230:0700,2.3,83.5,19.0,110.02,14.0,244.6,3.93,35.0,99874.0
20111230:0800,3.02,79.2,215.0,576.47,77.0,244.6,3.79,37.0,99884.0
20111230:0900,5.84,64.8,405.0,726.87,111.0,247.6,3.86,39.0,99961.0
20111230:1000,8.93,52.25,554.0,797.05,132.0,253.0,4.14,38.0,99981.0
20111230:1100,11.49,43.65,651.0,848.45,137.0,259.4,4.41,36.0,99942.0
20111230:1200,13.44,37.3,668.0,808.47,160.0,264.8,4.9,36.0,99806.0
20111230:1300,14.81,33.1,624.0,779.15,160.0,269.2,5.52,37.0,99709.0
20111230:1400,15.67,30.5,532.0,800.68,124.0,271.6,6.07,34.0,99622.0
20111230:1500,16.05,29.85,372.0,717.42,102.0,272.8,6.76,30.0,99603.0
20111230:1600,15.82,31.55,143.0,263.49,89.0,273.2,7.1,28.0,99603.0
20111230:1700,14.84,35.6,0.0,0.0,0.0,272.6,5.86,24.0,99632.0
20111230:1800,13.41,41.3,0.0,0.0,0.0,271.2,5.31,22.0,99690.0
20111230:1900,12.51,45.95,0.0,0.0,0.0,270.4,5.1,22.0,99738.0
20111230:2000,11.57,49.8,0.0,0.0,0.0,268.2,4.9,24.0,99777.0
20111230:2100,10.64,53.4,0.0,0.0,0.0,266.2,4.76,26.0,99816.0
20111230:2200,9.78,56.85,0.0,0.0,0.0,264.8,4.76,26.0,99796.0
20111230:2300,9.02,59.9,0.0,0.0,0.0,263.0,4.97,27.0,99806.0
20111231:0000,8.34,62.65,0.0,0.0,0.0,262.0,5.1,29.0,99855.0
20111231:0100,7.66,65.25,0.0,0.0,0.0,260.8,5.1,32.0,99796.0
20111231:0200,7.0,67.95,0.0,0.0,0.0,259.0,5.17,34.0,99806.0
20111231:0300,6.33,70.65,0.0,0.0,0.0,257.4,5.17,34.0,99748.0
20111231:0400,5.71,73.1,0.0,0.0,0.0,255.2,5.1,35.0,99748.0
20111231:0500,5.09,75.65,0.0,0.0,0.0,253.6,5.03,37.0,99787.0
20111231:0600,4.52,78.05,0.0,0.0,0.0,251.6,4.83,40.0,99816.0
20111231:0700,4.2,80.15,19.0,89.83,15.0,250.2,4.62,45.0,99913.0
20111231:0800,4.81,76.6,215.0,586.42,75.0,249.6,4.28,44.0,99942.0
20111231:0900,7.27,64.5,404.0,727.41,110.0,251.8,4.48,44.0,100029.0
20111231:1000,10.05,52.95,558.0,812.0,128.0,256.6,4.9,45.0,100039.0
20111231:1100,12.46,44.05,652.0,847.7,138.0,262.6,5.03,45.0,99952.0
20111231:1200,14.27,37.35,665.0,792.93,166.0,267.6,5.03,46.0,99845.0
20111231:1300,15.52,32.45,629.0,795.8,154.0,272.0,4.9,44.0,99709.0
20111231:1400,16.29,29.35,534.0,801.92,124.0,273.8,4.9,38.0,99632.0
20111231:1500,16.6,27.7,370.0,692.54,108.0,274.2,5.17,33.0,99593.0
20111231:1600,15.41,29.15,142.0,241.46,92.0,269.21,5.35,30.0,99573.0
20111231:1700,14.62,31.13,0.0,0.0,0.0,268.11,5.24,19.0,99603.0
20111231:1800,13.84,33.11,0.0,0.0,0.0,267.01,5.13,9.0,99603.0
20111231:1900,13.05,35.08,0.0,0.0,0.0,265.91,5.02,7.0,99632.0
20111231:2000,12.27,37.06,0.0,0.0,0.0,264.81,4.91,11.0,99651.0
20111231:2100,11.48,39.04,0.0,0.0,0.0,263.71,4.8,17.0,99670.0
20111231:2200,10.7,41.01,0.0,0.0,0.0,262.61,4.69,22.0,99719.0
20111231:2300,9.91,42.99,0.0,0.0,0.0,261.51,4.58,27.0,99709.0
