time,G(i),H_sun,T2m,WS10m,Int
20200101:0009,0.0,0.0,5.86,1.31,0.0
20200101:0109,0.0,0.0,3.57,1.86,0.0
20200101:0209,0.0,0.0,1.75,2.62,0.0
20200101:0309,0.0,0.0,1.0,3.24,0.0
20200101:0409,0.0,0.0,-0.03,3.38,0.0
20200101:0509,0.0,0.0,-0.53,3.31,0.0
20200101:0609,0.0,0.0,-0.96,3.24,0.0
20200101:0709,19.01,3.34,-1.4,3.17,0.0
20200101:0809,456.43,13.75,0.01,2.83,0.0
20200101:0909,686.34,22.74,4.59,2.76,0.0
20200101:1009,858.69,29.66,8.57,3.17,0.0
20200101:1109,946.24,33.72,10.45,3.66,0.0
20200101:1209,950.59,34.28,11.45,3.86,0.0
20200101:1309,858.37,31.24,12.18,4.28,0.0
20200101:1409,704.63,25.11,12.62,4.48,0.0
20200101:1509,507.18,16.67,12.7,4.41,0.0
20200101:1609,240.88,6.64,12.42,4.0,0.0
20200101:1709,0.0,0.0,11.17,3.1,0.0
20200101:1809,0.0,0.0,9.82,3.03,0.0
20200101:1909,0.0,0.0,8.78,3.03,0.0
20200101:2009,0.0,0.0,7.73,3.17,0.0
20200101:2109,0.0,0.0,6.75,3.31,0.0
20200101:2209,0.0,0.0,5.82,3.45,0.0
20200101:2309,0.0,0.0,4.99,3.59,0.0
20200102:0009,0.0,0.0,4.2,3.72,0.0
20200102:0109,0.0,0.0,3.43,3.66,0.0
20200102:0209,0.0,0.0,2.7,3.52,0.0
20200102:0309,0.0,0.0,2.09,3.38,0.0
20200102:0409,0.0,0.0,1.62,3.24,0.0
20200102:0509,0.0,0.0,1.29,3.24,0.0
20200102:0609,0.0,0.0,1.03,3.31,0.0
20200102:0709,18.1,3.31,0.69,3.38,0.0
20200102:0809,460.71,13.74,1.58,2.9,0.0
20200102:0909,693.09,22.75,5.17,2.55,0.0
20200102:1009,859.34,29.7,8.15,2.83,0.0
20200102:1109,932.86,33.78,9.89,3.1,0.0
20200102:1209,960.86,34.37,11.08,3.03,0.0
20200102:1309,867.45,31.36,11.87,2.76,0.0
20200102:1409,721.26,25.24,12.27,2.41,0.0
20200102:1509,510.68,16.81,12.32,2.14,0.0
20200102:1609,258.77,6.77,12.03,1.93,0.0
20200102:1709,0.0,0.0,11.13,1.93,0.0
20200102:1809,0.0,0.0,10.04,2.07,0.0
20200102:1909,0.0,0.0,8.81,2.14,0.0
20200102:2009,0.0,0.0,7.6,1.72,0.0
20200102:2109,0.0,0.0,7.02,1.1,0.0
20200102:2209,0.0,0.0,7.34,0.69,0.0
20200102:2309,0.0,0.0,6.91,0.9,0.0
20200103:0009,0.0,0.0,5.06,1.52,0.0
20200103:0109,0.0,0.0,3.3,2.14,0.0
20200103:0209,0.0,0.0,2.13,2.55,0.0
20200103:0309,0.0,0.0,1.55,2.97,0.0
20200103:0409,0.0,0.0,0.76,3.24,0.0
20200103:0509,0.0,0.0,-0.11,3.31,0.0
20200103:0609,0.0,0.0,-0.76,3.31,0.0
20200103:0709,19.01,3.28,-1.28,3.38,0.0
20200103:0809,455.31,13.73,0.23,3.03,0.0
20200103:0909,703.62,22.77,4.28,2.55,0.0
20200103:1009,863.8,29.74,8.48,2.07,0.0
20200103:1109,953.62,33.86,10.92,1.66,0.0
20200103:1209,974.52,34.48,12.23,1.31,0.0
20200103:1309,873.98,31.48,13.21,1.45,0.0
20200103:1409,713.9,25.37,13.88,1.79,0.0
20200103:1509,521.34,16.95,14.19,2.14,0.0
20200103:1609,267.11,6.91,13.97,2.28,0.0
20200103:1709,0.0,0.0,12.64,2.55,0.0
20200103:1809,0.0,0.0,10.8,2.97,0.0
20200103:1909,0.0,0.0,9.77,3.1,0.0
20200103:2009,0.0,0.0,8.57,3.45,0.0
20200103:2109,0.0,0.0,7.57,3.79,0.0
20200103:2209,0.0,0.0,6.72,4.0,0.0
20200103:2309,0.0,0.0,5.96,4.14,0.0
20200104:0009,0.0,0.0,5.27,4.28,0.0
20200104:0109,0.0,0.0,4.61,4.34,0.0
20200104:0209,0.0,0.0,4.02,4.34,0.0
20200104:0309,0.0,0.0,3.46,4.34,0.0
20200104:0409,0.0,0.0,2.98,4.34,0.0
20200104:0509,0.0,0.0,2.55,4.34,0.0
20200104:0609,0.0,0.0,2.18,4.28,0.0
20200104:0709,19.01,3.27,1.65,4.0,0.0
20200104:0809,452.14,13.73,2.82,3.45,0.0
20200104:0909,698.61,22.79,6.52,2.69,0.0
20200104:1009,860.32,29.79,10.8,2.0,0.0
20200104:1109,941.92,33.94,13.46,1.38,0.0
20200104:1209,972.76,34.59,14.8,0.69,0.0
20200104:1309,872.07,31.61,15.64,0.34,0.0
20200104:1409,725.98,25.51,16.18,0.48,0.0
20200104:1509,532.25,17.09,16.35,0.69,0.0
20200104:1609,266.35,7.05,16.12,1.03,0.0
20200104:1709,0.0,0.0,15.11,1.59,0.0
20200104:1809,0.0,0.0,13.63,1.66,0.0
20200104:1909,0.0,0.0,11.98,1.66,0.0
20200104:2009,0.0,0.0,10.66,1.24,0.0
20200104:2109,0.0,0.0,10.63,0.83,0.0
20200104:2209,0.0,0.0,10.15,1.1,0.0
20200104:2309,0.0,0.0,8.3,1.59,0.0
20200105:0009,0.0,0.0,6.85,2.07,0.0
20200105:0109,0.0,0.0,5.54,2.55,0.0
20200105:0209,0.0,0.0,4.63,2.76,0.0
20200105:0309,0.0,0.0,3.88,2.83,0.0
20200105:0409,0.0,0.0,3.21,3.03,0.0
20200105:0509,0.0,0.0,2.79,3.38,0.0
20200105:0609,0.0,0.0,2.37,3.59,0.0
20200105:0709,17.2,3.25,1.88,3.38,0.0
20200105:0809,469.1,13.73,2.8,2.97,0.0
20200105:0909,718.19,22.82,6.61,2.34,0.0
20200105:1009,909.33,29.85,10.63,2.34,0.0
20200105:1109,940.15,34.03,12.36,2.34,0.0
20200105:1209,977.61,34.7,13.52,2.55,0.0
20200105:1309,885.92,31.74,14.32,3.03,0.0
20200105:1409,738.42,25.66,14.75,3.45,0.0
20200105:1509,532.88,17.23,14.75,3.59,0.0
20200105:1609,258.82,7.2,14.29,3.31,0.0
20200105:1709,0.0,0.0,12.93,2.48,0.0
20200105:1809,0.0,0.0,11.56,2.41,0.0
20200105:1909,0.0,0.0,10.37,2.34,0.0
20200105:2009,0.0,0.0,9.22,2.21,0.0
20200105:2109,0.0,0.0,7.96,1.79,0.0
20200105:2209,0.0,0.0,7.57,1.17,0.0
20200105:2309,0.0,0.0,8.06,0.62,0.0
20200106:0009,0.0,0.0,7.68,0.9,0.0
20200106:0109,0.0,0.0,5.61,1.59,0.0
20200106:0209,0.0,0.0,3.67,2.62,0.0
20200106:0309,0.0,0.0,3.09,3.1,0.0
20200106:0409,0.0,0.0,2.56,3.24,0.0
20200106:0509,0.0,0.0,2.21,3.45,0.0
20200106:0609,0.0,0.0,1.93,3.59,0.0
20200106:0709,18.1,3.24,1.48,3.45,0.0
20200106:0809,446.17,13.74,2.44,3.03,0.0
20200106:0909,698.83,22.85,5.84,2.69,0.0
20200106:1009,869.06,29.91,8.9,3.24,0.0
20200106:1109,946.72,34.13,10.54,3.59,0.0
20200106:1209,977.02,34.83,11.62,3.45,0.0
20200106:1309,878.57,31.89,12.33,3.45,0.0
20200106:1409,733.4,25.81,12.67,3.45,0.0
20200106:1509,528.04,17.39,12.67,3.45,0.0
20200106:1609,259.8,7.35,12.29,3.45,0.0
20200106:1709,0.0,0.0,11.21,2.9,0.0
20200106:1809,0.0,0.0,10.04,2.76,0.0
20200106:1909,0.0,0.0,9.45,2.34,0.0
20200106:2009,0.0,0.0,8.37,1.93,0.0
20200106:2109,0.0,0.0,7.52,1.38,0.0
20200106:2209,0.0,0.0,8.33,0.83,0.0
20200106:2309,0.0,0.0,8.01,0.48,0.0
20200107:0009,0.0,0.0,7.63,1.03,0.0
20200107:0109,0.0,0.0,5.44,1.72,0.0
20200107:0209,0.0,0.0,3.65,2.34,0.0
20200107:0309,0.0,0.0,2.78,2.83,0.0
20200107:0409,0.0,0.0,2.22,2.97,0.0
20200107:0509,0.0,0.0,1.66,3.03,0.0
20200107:0609,0.0,0.0,1.09,3.1,0.0
20200107:0709,15.39,3.24,0.46,3.03,0.0
20200107:0809,452.84,13.76,1.44,2.48,0.0
20200107:0909,693.69,22.9,5.51,1.79,0.0
20200107:1009,863.67,29.99,10.05,1.52,0.0
20200107:1109,955.31,34.23,11.65,1.24,0.0
20200107:1209,993.47,34.96,12.64,1.45,0.0
20200107:1309,895.59,32.03,13.34,1.66,0.0
20200107:1409,742.31,25.96,13.72,1.72,0.0
20200107:1509,542.49,17.54,13.78,1.79,0.0
20200107:1609,280.08,7.5,13.52,1.79,0.0
20200107:1709,0.0,0.0,12.65,1.93,0.0
20200107:1809,0.0,0.0,11.45,2.21,0.0
20200107:1909,0.0,0.0,10.28,2.28,0.0
20200107:2009,0.0,0.0,9.21,2.21,0.0
20200107:2109,0.0,0.0,8.09,2.21,0.0
20200107:2209,0.0,0.0,6.96,2.21,0.0
20200107:2309,0.0,0.0,5.97,2.34,0.0
20200108:0009,0.0,0.0,5.17,2.76,0.0
20200108:0109,0.0,0.0,4.27,3.03,0.0
20200108:0209,0.0,0.0,3.26,3.17,0.0
20200108:0309,0.0,0.0,2.34,3.24,0.0
20200108:0409,0.0,0.0,1.75,3.38,0.0
20200108:0509,0.0,0.0,1.52,3.52,0.0
20200108:0609,0.0,0.0,1.21,3.45,0.0
20200108:0709,16.29,3.25,0.56,3.38,0.0
20200108:0809,462.32,13.78,1.96,3.03,0.0
20200108:0909,694.09,22.94,6.15,2.69,0.0
20200108:1009,870.81,30.06,10.39,2.0,0.0
20200108:1109,941.1,34.34,12.62,0.9,0.0
20200108:1209,981.09,35.09,13.63,0.62,0.0
20200108:1309,875.28,32.19,14.49,1.17,0.0
20200108:1409,739.5,26.13,15.08,1.59,0.0
20200108:1509,540.52,17.7,15.35,2.07,0.0
20200108:1609,277.61,7.66,15.16,2.0,0.0
20200108:1709,0.0,0.0,14.17,1.72,0.0
20200108:1809,0.0,0.0,12.62,2.34,0.0
20200108:1909,0.0,0.0,11.47,2.55,0.0
20200108:2009,0.0,0.0,10.06,2.62,0.0
20200108:2109,0.0,0.0,8.78,2.62,0.0
20200108:2209,0.0,0.0,7.6,2.62,0.0
20200108:2309,0.0,0.0,6.47,2.55,0.0
20200109:0009,0.0,0.0,5.46,2.55,0.0
20200109:0109,0.0,0.0,4.78,2.83,0.0
20200109:0209,0.0,0.0,4.39,3.31,0.0
20200109:0309,0.0,0.0,4.06,3.66,0.0
20200109:0409,0.0,0.0,3.79,4.0,0.0
20200109:0509,0.0,0.0,3.61,4.21,0.0
20200109:0609,0.0,0.0,3.4,4.28,0.0
20200109:0709,15.39,3.25,3.3,4.21,0.0
20200109:0809,458.25,13.81,4.32,4.0,0.0
20200109:0909,707.7,23.0,6.95,4.21,0.0
20200109:1009,888.39,30.15,9.32,5.03,0.0
20200109:1109,962.76,34.46,10.89,5.24,0.0
20200109:1209,980.26,35.24,11.94,4.69,0.0
20200109:1309,869.13,32.35,12.67,4.14,0.0
20200109:1409,752.62,26.29,13.07,3.86,0.0
20200109:1509,415.52,17.87,13.2,3.86,0.0
20200109:1609,266.94,7.82,12.96,3.86,0.0
20200109:1709,0.0,0.0,12.04,3.38,0.0
20200109:1809,0.0,0.0,10.93,3.17,0.0
20200109:1909,0.0,0.0,10.39,3.38,0.0
20200109:2009,0.0,0.0,9.49,3.17,0.0
20200109:2109,0.0,0.0,8.53,2.83,0.0
20200109:2209,0.0,0.0,7.48,2.55,0.0
20200109:2309,0.0,0.0,6.4,2.48,0.0
20200110:0009,0.0,0.0,5.41,2.62,0.0
20200110:0109,0.0,0.0,4.8,2.76,0.0
20200110:0209,0.0,0.0,4.14,3.03,0.0
20200110:0309,0.0,0.0,3.65,3.24,0.0
20200110:0409,0.0,0.0,3.42,3.38,0.0
20200110:0509,0.0,0.0,3.26,3.59,0.0
20200110:0609,0.0,0.0,3.1,3.66,0.0
20200110:0709,15.39,3.27,3.5,4.21,0.0
20200110:0809,450.44,13.85,4.56,4.0,0.0
20200110:0909,652.9,23.06,7.08,4.28,0.0
20200110:1009,877.84,30.24,9.35,4.62,0.0
20200110:1109,951.95,34.58,10.87,4.69,0.0
20200110:1209,969.63,35.39,12.0,4.69,0.0
20200110:1309,602.83,32.52,12.87,5.03,0.0
20200110:1409,738.88,26.46,13.43,4.9,0.0
20200110:1509,454.6,18.04,13.47,4.83,0.0
20200110:1609,282.68,7.98,13.13,4.9,0.0
20200110:1709,0.0,0.0,12.45,4.48,0.0
20200110:1809,0.0,0.0,11.68,3.93,0.0
20200110:1909,0.0,0.0,11.2,3.45,0.0
20200110:2009,0.0,0.0,10.58,2.9,0.0
20200110:2109,0.0,0.0,9.46,2.69,0.0
20200110:2209,0.0,0.0,8.59,2.48,0.0
20200110:2309,0.0,0.0,7.53,2.28,0.0
20200111:0009,0.0,0.0,6.44,2.28,0.0
20200111:0109,0.0,0.0,5.56,2.48,0.0
20200111:0209,0.0,0.0,4.85,2.69,0.0
20200111:0309,0.0,0.0,4.17,2.9,0.0
20200111:0409,0.0,0.0,3.7,2.9,0.0
20200111:0509,0.0,0.0,3.27,3.03,0.0
20200111:0609,0.0,0.0,2.98,3.24,0.0
20200111:0709,14.48,3.29,2.69,3.52,0.0
20200111:0809,468.54,13.89,3.87,3.24,0.0
20200111:0909,681.57,23.13,6.64,3.1,0.0
20200111:1009,907.18,30.34,9.21,3.1,0.0
20200111:1109,967.65,34.72,10.67,3.03,0.0
20200111:1209,985.25,35.55,11.65,3.24,0.0
20200111:1309,882.96,32.69,12.47,3.72,0.0
20200111:1409,530.99,26.64,13.3,4.62,0.0
20200111:1509,554.12,18.21,13.3,4.62,0.0
20200111:1609,154.09,8.15,13.08,4.21,0.0
20200111:1709,0.0,0.0,12.79,3.59,0.0
20200111:1809,0.0,0.0,12.31,3.1,0.0
20200111:1909,0.0,0.0,11.53,2.76,0.0
20200111:2009,0.0,0.0,10.82,3.1,0.0
20200111:2109,0.0,0.0,9.87,2.97,0.0
20200111:2209,0.0,0.0,8.91,2.62,0.0
20200111:2309,0.0,0.0,7.84,2.55,0.0
20200112:0009,0.0,0.0,7.15,2.83,0.0
20200112:0109,0.0,0.0,6.46,3.45,0.0
20200112:0209,0.0,0.0,6.29,3.86,0.0
20200112:0309,0.0,0.0,5.92,4.21,0.0
20200112:0409,0.0,0.0,5.7,4.41,0.0
20200112:0509,0.0,0.0,5.16,4.69,0.0
20200112:0609,0.0,0.0,4.57,4.83,0.0
20200112:0709,17.2,3.31,4.4,5.17,0.0
20200112:0809,434.4,13.94,5.24,5.17,0.0
20200112:0909,699.5,23.2,7.33,6.07,0.0
20200112:1009,881.67,30.45,9.17,6.28,0.0
20200112:1109,926.4,34.85,10.79,5.93,0.0
20200112:1209,975.81,35.72,12.06,5.45,0.0
20200112:1309,852.03,32.87,12.97,5.1,0.0
20200112:1409,720.24,26.82,13.56,5.17,0.0
20200112:1509,477.36,18.39,13.7,5.31,0.0
20200112:1609,297.78,8.32,13.61,5.66,0.0
20200112:1709,0.0,0.0,12.87,4.69,0.0
20200112:1809,0.0,0.0,12.13,4.48,0.0
20200112:1909,0.0,0.0,11.49,5.03,0.0
20200112:2009,0.0,0.0,10.82,5.45,0.0
20200112:2109,0.0,0.0,10.0,5.45,0.0
20200112:2209,0.0,0.0,9.05,5.03,0.0
20200112:2309,0.0,0.0,8.01,4.83,0.0
20200113:0009,0.0,0.0,7.06,4.97,0.0
20200113:0109,0.0,0.0,6.22,4.9,0.0
20200113:0209,0.0,0.0,5.51,4.83,0.0
20200113:0309,0.0,0.0,4.91,5.03,0.0
20200113:0409,0.0,0.0,4.47,5.17,0.0
20200113:0509,0.0,0.0,4.09,5.17,0.0
20200113:0609,0.0,0.0,3.8,5.1,0.0
20200113:0709,13.58,3.34,4.21,4.97,0.0
20200113:0809,469.09,13.99,5.0,4.55,0.0
20200113:0909,706.38,23.28,7.02,5.31,0.0
20200113:1009,862.43,30.56,9.03,5.45,0.0
20200113:1109,933.98,35.0,10.68,4.97,0.0
20200113:1209,890.08,35.89,11.81,4.28,0.0
20200113:1309,822.1,33.06,12.56,3.66,0.0
20200113:1409,715.43,27.01,13.05,3.1,0.0
20200113:1509,556.6,18.57,13.26,2.69,0.0
20200113:1609,271.98,8.49,13.17,2.41,0.0
20200113:1709,0.0,0.0,12.57,1.59,0.0
20200113:1809,0.0,0.0,11.77,1.38,0.0
20200113:1909,0.0,0.0,10.46,1.59,0.0
20200113:2009,0.0,0.0,9.07,1.72,0.0
20200113:2109,0.0,0.0,7.97,2.07,0.0
20200113:2209,0.0,0.0,7.0,2.48,0.0
20200113:2309,0.0,0.0,6.0,2.83,0.0
20200114:0009,0.0,0.0,4.74,2.97,0.0
20200114:0109,0.0,0.0,3.67,2.97,0.0
20200114:0209,0.0,0.0,3.0,3.03,0.0
20200114:0309,0.0,0.0,2.51,3.1,0.0
20200114:0409,0.0,0.0,2.05,3.17,0.0
20200114:0509,0.0,0.0,1.52,3.03,0.0
20200114:0609,0.0,0.0,1.05,2.9,0.0
20200114:0709,124.56,3.38,0.83,2.97,0.0
20200114:0809,446.31,14.05,1.75,2.34,0.0
20200114:0909,692.54,23.37,5.76,1.66,0.0
20200114:1009,858.44,30.68,9.19,1.31,0.0
20200114:1109,946.42,35.15,10.86,1.17,0.0
20200114:1209,927.09,36.07,11.97,0.97,0.0
20200114:1309,857.82,33.25,12.71,0.69,0.0
20200114:1409,753.55,27.2,13.19,0.83,0.0
20200114:1509,583.36,18.76,13.46,1.31,0.0
20200114:1609,291.19,8.67,13.37,1.66,0.0
20200114:1709,0.0,0.0,12.75,1.86,0.0
20200114:1809,0.0,0.0,11.65,2.21,0.0
20200114:1909,0.0,0.0,10.69,2.28,0.0
20200114:2009,0.0,0.0,9.66,2.41,0.0
20200114:2109,0.0,0.0,8.59,2.48,0.0
20200114:2209,0.0,0.0,7.56,2.48,0.0
20200114:2309,0.0,0.0,6.57,2.55,0.0
20200115:0009,0.0,0.0,5.69,2.69,0.0
20200115:0109,0.0,0.0,4.82,2.76,0.0
20200115:0209,0.0,0.0,4.0,2.69,0.0
20200115:0309,0.0,0.0,3.29,2.76,0.0
20200115:0409,0.0,0.0,2.66,2.97,0.0
20200115:0509,0.0,0.0,1.93,2.9,0.0
20200115:0609,0.0,0.0,1.26,2.9,0.0
20200115:0709,131.67,3.42,0.53,3.1,0.0
20200115:0809,450.8,14.11,1.13,2.34,0.0
20200115:0909,692.06,23.46,5.61,1.79,0.0
20200115:1009,866.08,30.81,9.61,2.07,0.0
20200115:1109,924.52,35.31,11.57,2.76,0.0
20200115:1209,893.77,36.25,12.65,3.03,0.0
20200115:1309,843.26,33.45,13.37,2.97,0.0
20200115:1409,735.78,27.4,13.79,2.83,0.0
20200115:1509,576.99,18.95,13.83,2.21,0.0
20200115:1609,324.75,8.85,13.57,1.79,0.0
20200115:1709,0.0,0.0,12.8,1.59,0.0
20200115:1809,0.0,0.0,11.49,1.79,0.0
20200115:1909,0.0,0.0,10.26,1.86,0.0
20200115:2009,0.0,0.0,8.96,1.93,0.0
20200115:2109,0.0,0.0,7.72,2.14,0.0
20200115:2209,0.0,0.0,6.54,2.21,0.0
20200115:2309,0.0,0.0,5.45,2.41,0.0
20200116:0009,0.0,0.0,4.5,2.41,0.0
20200116:0109,0.0,0.0,3.67,2.34,0.0
20200116:0209,0.0,0.0,2.93,2.34,0.0
20200116:0309,0.0,0.0,2.44,2.69,0.0
20200116:0409,0.0,0.0,1.96,2.83,0.0
20200116:0509,0.0,0.0,1.37,2.83,0.0
20200116:0609,0.0,0.0,0.75,2.83,0.0
20200116:0709,15.14,3.47,0.14,2.76,0.0
20200116:0809,170.6,14.18,1.07,2.14,0.0
20200116:0909,739.82,23.56,4.97,1.38,0.0
20200116:1009,824.97,30.94,9.39,0.83,0.0
20200116:1109,1037.74,35.48,10.89,0.34,0.0
20200116:1209,1060.31,36.45,11.84,0.69,0.0
20200116:1309,853.15,33.65,12.38,0.9,0.0
20200116:1409,711.13,27.6,12.78,0.69,0.0
20200116:1509,459.11,19.14,12.82,0.41,0.0
20200116:1609,122.74,9.03,12.78,1.03,0.0
20200116:1709,0.0,0.0,12.38,1.59,0.0
20200116:1809,0.0,0.0,11.61,2.0,0.0
20200116:1909,0.0,0.0,10.98,1.93,0.0
20200116:2009,0.0,0.0,10.23,2.07,0.0
20200116:2109,0.0,0.0,9.36,2.21,0.0
20200116:2209,0.0,0.0,8.65,2.21,0.0
20200116:2309,0.0,0.0,7.88,2.28,0.0
20200117:0009,0.0,0.0,7.21,2.55,0.0
20200117:0109,0.0,0.0,6.47,2.69,0.0
20200117:0209,0.0,0.0,6.09,2.83,0.0
20200117:0309,0.0,0.0,5.24,3.03,0.0
20200117:0409,0.0,0.0,4.54,3.17,0.0
20200117:0509,0.0,0.0,3.73,3.38,0.0
20200117:0609,0.0,0.0,2.94,3.52,0.0
20200117:0709,142.29,3.52,2.28,3.66,0.0
20200117:0809,440.44,14.26,3.37,3.17,0.0
20200117:0909,702.58,23.67,7.05,2.76,0.0
20200117:1009,856.89,31.08,10.86,2.55,0.0
20200117:1109,930.35,35.65,13.18,2.41,0.0
20200117:1209,892.73,36.64,14.36,2.07,0.0
20200117:1309,873.95,33.86,15.21,2.0,0.0
20200117:1409,756.14,27.81,15.82,2.14,0.0
20200117:1509,585.14,19.34,16.09,2.14,0.0
20200117:1609,295.65,9.22,15.99,2.14,0.0
20200117:1709,0.0,0.0,15.15,1.66,0.0
20200117:1809,0.0,0.0,13.87,1.45,0.0
20200117:1909,0.0,0.0,12.15,1.38,0.0
20200117:2009,0.0,0.0,11.57,0.9,0.0
20200117:2109,0.0,0.0,11.15,0.21,0.0
20200117:2209,0.0,0.0,9.37,1.31,0.0
20200117:2309,0.0,0.0,6.77,2.28,0.0
20200118:0009,0.0,0.0,5.74,3.1,0.0
20200118:0109,0.0,0.0,4.86,3.59,0.0
20200118:0209,0.0,0.0,4.43,4.0,0.0
20200118:0309,0.0,0.0,4.32,4.28,0.0
20200118:0409,0.0,0.0,3.98,3.86,0.0
20200118:0509,0.0,0.0,3.5,3.79,0.0
20200118:0609,0.0,0.0,3.14,3.93,0.0
20200118:0709,131.6,3.58,2.71,4.14,0.0
20200118:0809,446.68,14.34,4.01,3.45,0.0
20200118:0909,733.29,23.78,7.58,2.55,0.0
20200118:1009,884.1,31.23,11.19,2.28,0.0
20200118:1109,952.86,35.84,13.07,2.41,0.0
20200118:1209,919.5,36.85,14.08,1.93,0.0
20200118:1309,898.18,34.07,14.74,1.38,0.0
20200118:1409,764.42,28.02,15.19,1.17,0.0
20200118:1509,576.67,19.54,15.37,0.62,0.0
20200118:1609,300.64,9.41,15.35,0.62,0.0
20200118:1709,0.0,0.0,14.91,0.62,0.0
20200118:1809,0.0,0.0,13.87,1.52,0.0
20200118:1909,0.0,0.0,12.44,2.34,0.0
20200118:2009,0.0,0.0,11.16,2.76,0.0
20200118:2109,0.0,0.0,10.23,3.1,0.0
20200118:2209,0.0,0.0,9.62,3.31,0.0
20200118:2309,0.0,0.0,9.04,3.31,0.0
20200119:0009,0.0,0.0,8.28,3.59,0.0
20200119:0109,0.0,0.0,7.46,3.79,0.0
20200119:0209,0.0,0.0,6.95,3.93,0.0
20200119:0309,0.0,0.0,6.5,3.93,0.0
20200119:0409,0.0,0.0,6.28,4.0,0.0
20200119:0509,0.0,0.0,6.08,4.07,0.0
20200119:0609,0.0,0.0,5.79,4.14,0.0
20200119:0709,124.54,3.65,5.34,4.07,0.0
20200119:0809,392.92,14.43,6.5,4.14,0.0
20200119:0909,716.76,23.9,9.05,4.83,0.0
20200119:1009,887.38,31.38,11.69,5.72,0.0
20200119:1109,792.57,36.02,13.67,6.34,0.0
20200119:1209,922.47,37.06,15.11,6.76,0.0
20200119:1309,270.97,34.29,16.06,6.9,0.0
20200119:1409,48.24,28.23,16.5,6.76,0.0
20200119:1509,93.65,19.74,16.49,6.48,0.0
20200119:1609,31.22,9.6,15.93,6.07,0.0
20200119:1709,0.0,0.0,14.69,4.34,0.0
20200119:1809,0.0,0.0,13.63,3.24,0.0
20200119:1909,0.0,0.0,12.94,3.24,0.0
20200119:2009,0.0,0.0,11.76,3.24,0.0
20200119:2109,0.0,0.0,10.71,3.31,0.0
20200119:2209,0.0,0.0,9.9,3.45,0.0
20200119:2309,0.0,0.0,8.87,3.38,0.0
20200120:0009,0.0,0.0,7.92,3.24,0.0
20200120:0109,0.0,0.0,7.01,3.38,0.0
20200120:0209,0.0,0.0,6.22,3.45,0.0
20200120:0309,0.0,0.0,5.49,3.72,0.0
20200120:0409,0.0,0.0,4.88,4.0,0.0
20200120:0509,0.0,0.0,4.3,4.28,0.0
20200120:0609,0.0,0.0,3.77,4.62,0.0
20200120:0709,59.44,3.71,3.86,4.83,0.0
20200120:0809,337.15,14.53,4.76,5.03,0.0
20200120:0909,713.63,24.02,6.92,6.28,0.0
20200120:1009,887.38,31.54,8.92,7.03,0.0
20200120:1109,980.56,36.22,10.69,7.52,0.0
20200120:1209,988.66,37.28,12.15,7.79,0.0
20200120:1309,911.63,34.52,13.34,7.79,0.0
20200120:1409,791.32,28.45,14.25,7.93,0.0
20200120:1509,588.67,19.95,14.77,8.28,0.0
20200120:1609,261.6,9.79,14.75,8.62,0.0
20200120:1709,0.0,0.0,13.83,8.0,0.0
20200120:1809,0.0,0.0,13.09,8.21,0.0
20200120:1909,0.0,0.0,13.99,8.34,0.0
20200120:2009,0.0,0.0,14.6,8.28,0.0
20200120:2109,0.0,0.0,15.08,8.69,0.0
20200120:2209,0.0,0.0,15.0,8.34,0.0
20200120:2309,0.0,0.0,14.55,7.59,0.0
20200121:0009,0.0,0.0,13.55,6.55,0.0
20200121:0109,0.0,0.0,12.7,5.72,0.0
20200121:0209,0.0,0.0,11.72,5.03,0.0
20200121:0309,0.0,0.0,10.82,4.55,0.0
20200121:0409,0.0,0.0,9.95,4.34,0.0
20200121:0509,0.0,0.0,9.27,4.14,0.0
20200121:0609,0.0,0.0,8.54,4.0,0.0
20200121:0709,114.63,3.79,8.57,4.07,0.0
20200121:0809,404.94,14.62,9.37,3.72,0.0
20200121:0909,684.79,24.15,12.3,4.0,0.0
20200121:1009,917.14,31.71,14.83,5.24,0.0
20200121:1109,1039.59,36.42,16.87,6.28,0.0
20200121:1209,1038.57,37.5,18.4,7.17,0.0
20200121:1309,969.24,34.75,19.39,7.86,0.0
20200121:1409,792.75,28.68,19.69,8.21,0.0
20200121:1509,579.78,20.16,19.61,8.14,0.0
20200121:1609,284.57,9.98,19.1,7.72,0.0
20200121:1709,0.0,0.0,17.84,5.93,0.0
20200121:1809,0.0,0.0,16.36,4.48,0.0
20200121:1909,0.0,0.0,15.67,2.9,0.0
20200121:2009,0.0,0.0,14.28,2.34,0.0
20200121:2109,0.0,0.0,13.02,1.86,0.0
20200121:2209,0.0,0.0,12.87,1.59,0.0
20200121:2309,0.0,0.0,12.42,1.59,0.0
20200122:0009,0.0,0.0,11.44,1.72,0.0
20200122:0109,0.0,0.0,10.24,1.93,0.0
20200122:0209,0.0,0.0,9.77,1.93,0.0
20200122:0309,0.0,0.0,10.51,1.59,0.0
20200122:0409,0.0,0.0,11.18,1.1,0.0
20200122:0509,0.0,0.0,10.92,0.9,0.0
20200122:0609,0.0,0.0,10.77,0.76,0.0
20200122:0709,139.45,3.87,6.71,2.21,0.0
20200122:0809,415.78,14.73,7.13,2.07,0.0
20200122:0909,689.63,24.29,9.88,2.07,0.0
20200122:1009,917.59,31.88,13.99,2.9,0.0
20200122:1109,1032.7,36.62,16.34,3.59,0.0
20200122:1209,1057.65,37.73,18.22,3.86,0.0
20200122:1309,982.08,34.98,19.69,4.28,0.0
20200122:1409,800.3,28.9,20.59,4.69,0.0
20200122:1509,585.73,20.37,20.89,4.83,0.0
20200122:1609,288.33,10.18,20.58,4.62,0.0
20200122:1709,0.0,0.0,19.08,3.45,0.0
20200122:1809,0.0,0.0,17.21,3.17,0.0
20200122:1909,0.0,0.0,16.25,3.1,0.0
20200122:2009,0.0,0.0,14.96,2.76,0.0
20200122:2109,0.0,0.0,13.76,3.38,0.0
20200122:2209,0.0,0.0,12.69,4.21,0.0
20200122:2309,0.0,0.0,11.76,4.41,0.0
20200123:0009,0.0,0.0,10.86,4.55,0.0
20200123:0109,0.0,0.0,9.92,4.69,0.0
20200123:0209,0.0,0.0,9.1,4.9,0.0
20200123:0309,0.0,0.0,8.35,4.9,0.0
20200123:0409,0.0,0.0,7.65,4.76,0.0
20200123:0509,0.0,0.0,7.0,4.55,0.0
20200123:0609,0.0,0.0,6.32,4.28,0.0
20200123:0709,139.18,3.96,5.71,4.21,0.0
20200123:0809,445.53,14.84,6.53,3.59,0.0
20200123:0909,686.05,24.43,9.63,3.1,0.0
20200123:1009,874.49,32.06,12.67,2.69,0.0
20200123:1109,950.36,36.83,14.59,2.48,0.0
20200123:1209,933.73,37.97,15.72,2.48,0.0
20200123:1309,899.81,35.22,16.52,2.62,0.0
20200123:1409,790.33,29.13,17.02,2.62,0.0
20200123:1509,607.16,20.58,17.19,2.48,0.0
20200123:1609,326.71,10.38,16.98,2.41,0.0
20200123:1709,0.0,0.0,16.17,2.21,0.0
20200123:1809,0.0,0.0,14.73,2.69,0.0
20200123:1909,0.0,0.0,13.52,2.9,0.0
20200123:2009,0.0,0.0,12.12,3.31,0.0
20200123:2109,0.0,0.0,10.98,3.59,0.0
20200123:2209,0.0,0.0,10.03,3.86,0.0
20200123:2309,0.0,0.0,9.21,4.07,0.0
20200124:0009,0.0,0.0,8.5,4.28,0.0
20200124:0109,0.0,0.0,7.85,4.28,0.0
20200124:0209,0.0,0.0,7.18,4.28,0.0
20200124:0309,0.0,0.0,6.53,4.21,0.0
20200124:0409,0.0,0.0,5.93,4.14,0.0
20200124:0509,0.0,0.0,5.4,4.07,0.0
20200124:0609,0.0,0.0,4.86,3.93,0.0
20200124:0709,147.47,4.05,4.44,3.66,0.0
20200124:0809,461.84,14.96,5.73,3.03,0.0
20200124:0909,705.51,24.58,9.6,2.28,0.0
20200124:1009,765.24,32.24,13.45,1.72,0.0
20200124:1109,1035.97,37.05,15.48,1.24,0.0
20200124:1209,1071.93,38.21,16.61,1.1,0.0
20200124:1309,921.35,35.47,17.45,1.45,0.0
20200124:1409,769.25,29.37,18.0,1.93,0.0
20200124:1509,578.91,20.8,18.16,2.07,0.0
20200124:1609,309.18,10.58,17.93,1.79,0.0
20200124:1709,0.0,0.0,17.19,1.59,0.0
20200124:1809,0.0,0.0,15.82,1.93,0.0
20200124:1909,0.0,0.0,14.47,2.9,0.0
20200124:2009,0.0,0.0,13.4,2.97,0.0
20200124:2109,0.0,0.0,12.35,2.83,0.0
20200124:2209,0.0,0.0,11.36,2.9,0.0
20200124:2309,0.0,0.0,10.43,2.97,0.0
20200125:0009,0.0,0.0,9.54,2.83,0.0
20200125:0109,0.0,0.0,8.65,2.69,0.0
20200125:0209,0.0,0.0,7.79,2.34,0.0
20200125:0309,0.0,0.0,7.74,2.14,0.0
20200125:0409,0.0,0.0,7.24,2.28,0.0
20200125:0509,0.0,0.0,6.18,2.9,0.0
20200125:0609,0.0,0.0,5.67,2.9,0.0
20200125:0709,124.68,4.15,5.46,2.76,0.0
20200125:0809,242.27,15.08,6.42,2.76,0.0
20200125:0909,274.78,24.74,9.09,2.34,0.0
20200125:1009,295.73,32.43,12.2,2.62,0.0
20200125:1109,540.22,37.28,13.71,2.9,0.0
20200125:1209,716.89,38.45,14.77,3.1,0.0
20200125:1309,863.76,35.72,15.9,3.03,0.0
20200125:1409,444.7,29.61,16.66,2.76,0.0
20200125:1509,302.83,21.02,17.02,2.34,0.0
20200125:1609,336.52,10.78,16.92,2.34,0.0
20200125:1709,0.0,0.0,16.07,2.41,0.0
20200125:1809,0.0,0.0,14.62,2.76,0.0
20200125:1909,0.0,0.0,13.65,2.07,0.0
20200125:2009,0.0,0.0,12.38,2.14,0.0
20200125:2109,0.0,0.0,11.32,2.34,0.0
20200125:2209,0.0,0.0,10.62,2.83,0.0
20200125:2309,0.0,0.0,10.0,3.24,0.0
20200126:0009,0.0,0.0,9.66,3.45,0.0
20200126:0109,0.0,0.0,9.38,3.03,0.0
20200126:0209,0.0,0.0,8.62,2.83,0.0
20200126:0309,0.0,0.0,7.94,2.97,0.0
20200126:0409,0.0,0.0,7.86,2.76,0.0
20200126:0509,0.0,0.0,7.46,2.48,0.0
20200126:0609,0.0,0.0,6.84,2.55,0.0
20200126:0709,104.16,4.25,7.11,2.9,0.0
20200126:0809,448.9,15.21,8.06,2.76,0.0
20200126:0909,734.29,24.9,10.91,2.07,0.0
20200126:1009,896.21,32.63,13.3,1.38,0.0
20200126:1109,971.84,37.51,15.07,1.93,0.0
20200126:1209,958.13,38.71,16.14,2.34,0.0
20200126:1309,923.04,35.97,16.99,1.93,0.0
20200126:1409,797.77,29.85,17.49,1.38,0.0
20200126:1509,593.01,21.25,17.79,1.03,0.0
20200126:1609,316.59,10.98,17.74,1.24,0.0
20200126:1709,0.0,0.0,17.3,1.03,0.0
20200126:1809,0.0,0.0,16.41,0.62,0.0
20200126:1909,0.0,0.0,15.14,1.52,0.0
20200126:2009,0.0,0.0,13.59,1.31,0.0
20200126:2109,0.0,0.0,12.31,1.66,0.0
20200126:2209,0.0,0.0,11.39,3.1,0.0
20200126:2309,0.0,0.0,10.63,4.41,0.0
20200127:0009,0.0,0.0,9.98,4.9,0.0
20200127:0109,0.0,0.0,9.37,4.97,0.0
20200127:0209,0.0,0.0,8.71,4.9,0.0
20200127:0309,0.0,0.0,8.05,4.97,0.0
20200127:0409,0.0,0.0,7.43,4.97,0.0
20200127:0509,0.0,0.0,6.82,4.97,0.0
20200127:0609,0.0,0.0,6.27,4.9,0.0
20200127:0709,93.57,4.36,5.76,4.83,0.0
20200127:0809,434.76,15.34,6.71,4.69,0.0
20200127:0909,723.83,25.06,9.26,4.97,0.0
20200127:1009,924.56,32.83,11.74,4.76,0.0
20200127:1109,1024.19,37.75,13.59,3.93,0.0
20200127:1209,1013.53,38.97,14.78,2.76,0.0
20200127:1309,940.03,36.23,15.57,1.93,0.0
20200127:1409,813.91,30.09,16.13,1.86,0.0
20200127:1509,632.95,21.47,16.4,1.93,0.0
20200127:1609,346.4,11.19,16.27,1.72,0.0
20200127:1709,0.0,0.0,15.78,1.17,0.0
20200127:1809,0.0,0.0,14.86,0.83,0.0
20200127:1909,0.0,0.0,13.51,1.03,0.0
20200127:2009,0.0,0.0,11.97,1.38,0.0
20200127:2109,0.0,0.0,10.38,1.79,0.0
20200127:2209,0.0,0.0,9.2,2.41,0.0
20200127:2309,0.0,0.0,8.08,2.9,0.0
20200128:0009,0.0,0.0,6.85,3.1,0.0
20200128:0109,0.0,0.0,5.91,3.24,0.0
20200128:0209,0.0,0.0,5.07,3.24,0.0
20200128:0309,0.0,0.0,4.32,3.31,0.0
20200128:0409,0.0,0.0,3.78,3.52,0.0
20200128:0509,0.0,0.0,3.55,3.72,0.0
20200128:0609,0.0,0.0,3.31,4.0,0.0
20200128:0709,104.58,4.47,2.43,3.52,0.0
20200128:0809,464.49,15.48,4.33,3.1,0.0
20200128:0909,722.62,25.24,8.52,2.48,0.0
20200128:1009,938.17,33.04,12.4,1.93,0.0
20200128:1109,1031.5,37.99,14.2,1.03,0.0
20200128:1209,1020.52,39.23,15.14,0.41,0.0
20200128:1309,953.65,36.5,15.85,0.48,0.0
20200128:1409,807.08,30.34,16.37,0.97,0.0
20200128:1509,639.92,21.7,16.69,1.17,0.0
20200128:1609,346.68,11.4,16.62,1.03,0.0
20200128:1709,0.0,0.0,16.23,0.97,0.0
20200128:1809,0.0,0.0,15.18,1.24,0.0
20200128:1909,0.0,0.0,13.99,1.59,0.0
20200128:2009,0.0,0.0,12.41,2.21,0.0
20200128:2109,0.0,0.0,10.94,2.62,0.0
20200128:2209,0.0,0.0,9.62,2.97,0.0
20200128:2309,0.0,0.0,8.48,3.17,0.0
20200129:0009,0.0,0.0,7.61,3.45,0.0
20200129:0109,0.0,0.0,7.05,3.79,0.0
20200129:0209,0.0,0.0,6.59,4.07,0.0
20200129:0309,0.0,0.0,6.1,4.21,0.0
20200129:0409,0.0,0.0,5.77,4.41,0.0
20200129:0509,0.0,0.0,5.53,4.55,0.0
20200129:0609,0.0,0.0,5.34,4.55,0.0
20200129:0709,102.43,4.59,5.36,4.62,0.0
20200129:0809,456.16,15.63,7.11,4.14,0.0
20200129:0909,697.44,25.41,10.93,3.59,0.0
20200129:1009,908.6,33.25,14.69,3.38,0.0
20200129:1109,1014.4,38.24,17.03,3.24,0.0
20200129:1209,1005.19,39.5,18.29,2.55,0.0
20200129:1309,946.04,36.76,18.96,1.31,0.0
20200129:1409,813.43,30.59,19.35,0.48,0.0
20200129:1509,628.51,21.93,19.54,0.48,0.0
20200129:1609,358.19,11.61,19.48,0.69,0.0
20200129:1709,0.0,0.0,19.05,1.1,0.0
20200129:1809,0.0,0.0,17.81,1.52,0.0
20200129:1909,0.0,0.0,16.57,1.72,0.0
20200129:2009,0.0,0.0,15.1,2.0,0.0
20200129:2109,0.0,0.0,13.7,2.41,0.0
20200129:2209,0.0,0.0,12.44,2.9,0.0
20200129:2309,0.0,0.0,11.32,3.24,0.0
20200130:0009,0.0,0.0,10.46,3.45,0.0
20200130:0109,0.0,0.0,9.82,3.79,0.0
20200130:0209,0.0,0.0,9.32,4.07,0.0
20200130:0309,0.0,0.0,8.88,4.21,0.0
20200130:0409,0.0,0.0,8.5,4.21,0.0
20200130:0509,0.0,0.0,8.04,4.07,0.0
20200130:0609,0.0,0.0,7.57,3.93,0.0
20200130:0709,97.79,4.72,7.3,3.72,0.0
20200130:0809,449.65,15.78,8.84,3.17,0.0
20200130:0909,704.23,25.6,12.85,2.69,0.0
20200130:1009,897.81,33.47,16.66,2.28,0.0
20200130:1109,996.33,38.49,18.82,1.66,0.0
20200130:1209,993.23,39.77,19.95,0.76,0.0
20200130:1309,921.31,37.04,20.73,0.69,0.0
20200130:1409,753.31,30.85,21.28,1.1,0.0
20200130:1509,569.96,22.16,21.53,1.1,0.0
20200130:1609,306.33,11.81,21.42,0.97,0.0
20200130:1709,0.0,0.0,20.94,0.34,0.0
20200130:1809,0.0,0.0,19.85,0.55,0.0
20200130:1909,0.0,0.0,18.55,1.03,0.0
20200130:2009,0.0,0.0,16.73,1.31,0.0
20200130:2109,0.0,0.0,15.09,1.79,0.0
20200130:2209,0.0,0.0,13.74,2.28,0.0
20200130:2309,0.0,0.0,12.55,2.9,0.0
20200131:0009,0.0,0.0,11.31,3.31,0.0
20200131:0109,0.0,0.0,10.51,3.66,0.0
20200131:0209,0.0,0.0,10.03,3.93,0.0
20200131:0309,0.0,0.0,9.56,4.0,0.0
20200131:0409,0.0,0.0,9.12,3.93,0.0
20200131:0509,0.0,0.0,8.62,3.86,0.0
20200131:0609,0.0,0.0,8.11,3.86,0.0
20200131:0709,110.2,4.85,7.87,4.28,0.0
20200131:0809,455.48,15.94,9.52,3.86,0.0
20200131:0909,653.41,25.79,13.44,3.45,0.0
20200131:1009,905.61,33.7,17.3,3.59,0.0
20200131:1109,1010.91,38.75,19.57,3.93,0.0
20200131:1209,1015.51,40.05,20.81,3.93,0.0
20200131:1309,942.55,37.31,21.49,3.72,0.0
20200131:1409,843.23,31.11,21.85,3.24,0.0
20200131:1509,633.92,22.39,21.89,2.76,0.0
20200131:1609,197.5,12.02,21.69,2.48,0.0
20200131:1709,0.0,0.0,20.86,1.72,0.0
20200131:1809,0.0,0.0,19.46,1.72,0.0
20200131:1909,0.0,0.0,17.6,1.72,0.0
20200131:2009,0.0,0.0,15.79,2.28,0.0
20200131:2109,0.0,0.0,14.4,2.9,0.0
20200131:2209,0.0,0.0,13.06,3.59,0.0
20200131:2309,0.0,0.0,11.93,4.07,0.0
20200201:0009,0.0,0.0,11.4,4.48,0.0
20200201:0109,0.0,0.0,11.27,4.83,0.0
20200201:0209,0.0,0.0,11.05,5.1,0.0
20200201:0309,0.0,0.0,10.74,5.31,0.0
20200201:0409,0.0,0.0,10.34,5.38,0.0
20200201:0509,0.0,0.0,9.88,5.45,0.0
20200201:0609,0.0,0.0,9.42,5.38,0.0
20200201:0709,124.1,4.98,9.29,5.24,0.0
20200201:0809,422.3,16.1,10.6,4.97,0.0
20200201:0909,725.5,25.98,13.44,5.38,0.0
20200201:1009,872.89,33.93,16.06,5.72,0.0
20200201:1109,977.67,39.02,17.93,5.45,0.0
20200201:1209,989.79,40.33,19.13,4.76,0.0
20200201:1309,930.38,37.59,19.96,4.28,0.0
20200201:1409,811.33,31.37,20.53,4.0,0.0
20200201:1509,609.42,22.63,20.77,3.72,0.0
20200201:1609,316.07,12.24,20.65,3.45,0.0
20200201:1709,0.0,0.0,19.9,2.76,0.0
20200201:1809,0.0,0.0,18.55,2.48,0.0
20200201:1909,0.0,0.0,17.66,2.48,0.0
20200201:2009,0.0,0.0,16.43,2.21,0.0
20200201:2109,0.0,0.0,15.07,2.14,0.0
20200201:2209,0.0,0.0,13.97,2.48,0.0
20200201:2309,0.0,0.0,13.16,3.24,0.0
20200202:0009,0.0,0.0,12.2,3.1,0.0
20200202:0109,0.0,0.0,11.33,2.97,0.0
20200202:0209,0.0,0.0,10.71,3.38,0.0
20200202:0309,0.0,0.0,10.4,3.93,0.0
20200202:0409,0.0,0.0,10.25,4.55,0.0
20200202:0509,0.0,0.0,10.16,4.97,0.0
20200202:0609,0.0,0.0,9.95,4.97,0.0
20200202:0709,116.96,5.12,9.43,5.1,0.0
20200202:0809,441.48,16.26,10.9,4.97,0.0
20200202:0909,687.13,26.18,13.61,5.1,0.0
20200202:1009,888.8,34.17,15.91,5.24,0.0
20200202:1109,994.87,39.29,17.54,4.97,0.0
20200202:1209,1008.81,40.62,18.71,4.48,0.0
20200202:1309,935.69,37.88,19.59,4.28,0.0
20200202:1409,821.4,31.63,20.23,4.41,0.0
20200202:1509,608.18,22.86,20.47,4.28,0.0
20200202:1609,334.06,12.45,20.28,3.93,0.0
20200202:1709,0.0,0.0,19.55,3.1,0.0
20200202:1809,0.0,0.0,18.16,2.48,0.0
20200202:1909,0.0,0.0,17.17,2.28,0.0
20200202:2009,0.0,0.0,16.01,2.0,0.0
20200202:2109,0.0,0.0,14.56,1.59,0.0
20200202:2209,0.0,0.0,14.78,1.03,0.0
20200202:2309,0.0,0.0,14.68,0.48,0.0
20200203:0009,0.0,0.0,13.73,1.17,0.0
20200203:0109,0.0,0.0,10.63,2.34,0.0
20200203:0209,0.0,0.0,9.78,2.9,0.0
20200203:0309,0.0,0.0,8.88,3.1,0.0
20200203:0409,0.0,0.0,8.08,3.17,0.0
20200203:0509,0.0,0.0,7.42,3.24,0.0
20200203:0609,0.0,0.0,6.96,3.31,0.0
20200203:0709,133.04,5.27,6.79,3.31,0.0
20200203:0809,439.12,16.43,8.31,2.69,0.0
20200203:0909,688.49,26.38,13.05,2.21,0.0
20200203:1009,883.63,34.41,16.92,1.86,0.0
20200203:1109,989.52,39.56,18.49,1.24,0.0
20200203:1209,995.33,40.92,19.62,1.03,0.0
20200203:1309,929.78,38.16,20.58,1.17,0.0
20200203:1409,829.86,31.89,21.33,1.52,0.0
20200203:1509,625.51,23.1,21.7,1.59,0.0
20200203:1609,333.87,12.66,21.65,1.1,0.0
20200203:1709,0.0,0.0,21.23,0.41,0.0
20200203:1809,0.0,0.0,20.22,1.31,0.0
20200203:1909,0.0,0.0,18.69,2.21,0.0
20200203:2009,0.0,0.0,17.27,2.62,0.0
20200203:2109,0.0,0.0,15.98,2.97,0.0
20200203:2209,0.0,0.0,14.8,3.03,0.0
20200203:2309,0.0,0.0,13.71,3.31,0.0
20200204:0009,0.0,0.0,12.73,3.59,0.0
20200204:0109,0.0,0.0,11.96,3.86,0.0
20200204:0209,0.0,0.0,11.33,4.14,0.0
20200204:0309,0.0,0.0,10.77,4.34,0.0
20200204:0409,0.0,0.0,10.24,4.48,0.0
20200204:0509,0.0,0.0,9.78,4.55,0.0
20200204:0609,0.0,0.0,9.38,4.62,0.0
20200204:0709,140.9,5.42,9.46,4.69,0.0
20200204:0809,440.64,16.61,11.3,4.28,0.0
20200204:0909,677.06,26.59,15.39,4.34,0.0
20200204:1009,883.03,34.66,19.32,4.76,0.0
20200204:1109,980.84,39.85,21.89,5.31,0.0
20200204:1209,978.5,41.21,23.54,5.66,0.0
20200204:1309,936.54,38.45,24.57,5.86,0.0
20200204:1409,830.62,32.16,25.21,5.86,0.0
20200204:1509,617.63,23.34,25.4,5.66,0.0
20200204:1609,332.9,12.87,25.14,5.24,0.0
20200204:1709,0.0,0.0,23.84,4.21,0.0
20200204:1809,0.0,0.0,21.62,4.41,0.0
20200204:1909,0.0,0.0,20.46,5.03,0.0
20200204:2009,0.0,0.0,19.31,5.52,0.0
20200204:2109,0.0,0.0,18.34,5.79,0.0
20200204:2209,0.0,0.0,17.39,5.72,0.0
20200204:2309,0.0,0.0,16.34,5.45,0.0
20200205:0009,0.0,0.0,15.31,5.24,0.0
20200205:0109,0.0,0.0,14.94,5.66,0.0
20200205:0209,0.0,0.0,14.76,6.41,0.0
20200205:0309,0.0,0.0,14.13,6.34,0.0
20200205:0409,0.0,0.0,13.23,5.86,0.0
20200205:0509,0.0,0.0,12.31,5.52,0.0
20200205:0609,0.0,0.0,11.48,5.24,0.0
20200205:0709,137.04,5.57,10.61,4.76,0.0
20200205:0809,440.52,16.79,11.63,4.55,0.0
20200205:0909,695.32,26.81,14.0,5.52,0.0
20200205:1009,897.05,34.91,15.66,7.03,0.0
20200205:1109,996.37,40.13,17.04,7.1,0.0
20200205:1209,986.79,41.52,18.2,6.83,0.0
20200205:1309,959.99,38.75,19.02,6.48,0.0
20200205:1409,856.71,32.43,19.52,6.34,0.0
20200205:1509,633.96,23.58,19.64,6.28,0.0
20200205:1609,345.96,13.09,19.24,6.07,0.0
20200205:1709,0.0,0.0,18.22,4.83,0.0
20200205:1809,0.0,0.0,16.47,3.86,0.0
20200205:1909,0.0,0.0,15.13,3.79,0.0
20200205:2009,0.0,0.0,13.8,3.52,0.0
20200205:2109,0.0,0.0,12.59,3.59,0.0
20200205:2209,0.0,0.0,11.5,3.79,0.0
20200205:2309,0.0,0.0,10.48,3.79,0.0
20200206:0009,0.0,0.0,9.41,3.66,0.0
20200206:0109,0.0,0.0,8.44,3.86,0.0
20200206:0209,0.0,0.0,7.56,4.0,0.0
20200206:0309,0.0,0.0,6.68,3.72,0.0
20200206:0409,0.0,0.0,5.84,3.79,0.0
20200206:0509,0.0,0.0,5.12,4.07,0.0
20200206:0609,0.0,0.0,4.5,4.07,0.0
20200206:0709,164.91,5.73,4.32,4.21,0.0
20200206:0809,462.45,16.98,5.71,3.79,0.0
20200206:0909,703.74,27.03,8.4,4.41,0.0
20200206:1009,920.75,35.17,10.49,4.55,0.0
20200206:1109,1007.49,40.42,12.08,4.07,0.0
20200206:1209,1003.83,41.82,13.24,3.17,0.0
20200206:1309,977.26,39.05,14.07,2.48,0.0
20200206:1409,855.2,32.7,14.67,2.34,0.0
20200206:1509,644.36,23.82,14.96,2.21,0.0
20200206:1609,348.45,13.3,14.84,1.93,0.0
20200206:1709,0.0,0.0,14.43,1.93,0.0
20200206:1809,0.0,0.0,13.34,2.34,0.0
20200206:1909,0.0,0.0,11.85,2.48,0.0
20200206:2009,0.0,0.0,10.82,2.62,0.0
20200206:2109,0.0,0.0,9.76,2.76,0.0
20200206:2209,0.0,0.0,8.72,2.9,0.0
20200206:2309,0.0,0.0,7.76,2.9,0.0
20200207:0009,0.0,0.0,6.81,2.83,0.0
20200207:0109,0.0,0.0,5.9,2.83,0.0
20200207:0209,0.0,0.0,5.07,2.83,0.0
20200207:0309,0.0,0.0,4.3,2.83,0.0
20200207:0409,0.0,0.0,3.59,2.83,0.0
20200207:0509,0.0,0.0,2.98,2.97,0.0
20200207:0609,0.0,0.0,2.38,3.03,0.0
20200207:0709,169.95,5.9,2.07,2.83,0.0
20200207:0809,463.82,17.17,3.9,2.21,0.0
20200207:0909,712.31,27.25,8.48,2.34,0.0
20200207:1009,910.59,35.43,11.55,3.45,0.0
20200207:1109,1054.61,40.72,13.07,4.07,0.0
20200207:1209,1007.25,42.13,14.09,4.07,0.0
20200207:1309,972.79,39.35,14.82,4.07,0.0
20200207:1409,846.13,32.97,15.29,4.0,0.0
20200207:1509,605.36,24.06,15.49,3.93,0.0
20200207:1609,395.24,13.52,15.28,3.79,0.0
20200207:1709,0.0,0.0,14.57,3.38,0.0
20200207:1809,0.0,0.0,13.16,3.17,0.0
20200207:1909,0.0,0.0,12.32,3.17,0.0
20200207:2009,0.0,0.0,11.38,3.1,0.0
20200207:2109,0.0,0.0,10.59,2.97,0.0
20200207:2209,0.0,0.0,9.81,2.97,0.0
20200207:2309,0.0,0.0,9.31,2.76,0.0
20200208:0009,0.0,0.0,8.74,2.76,0.0
20200208:0109,0.0,0.0,8.26,2.97,0.0
20200208:0209,0.0,0.0,7.92,2.97,0.0
20200208:0309,0.0,0.0,7.52,2.9,0.0
20200208:0409,0.0,0.0,6.94,3.1,0.0
20200208:0509,0.0,0.0,6.38,3.03,0.0
20200208:0609,0.0,0.0,5.76,2.9,0.0
20200208:0709,122.56,6.07,5.42,2.9,0.0
20200208:0809,428.1,17.37,6.51,2.0,0.0
20200208:0909,754.8,27.48,9.8,1.45,0.0
20200208:1009,629.13,35.7,12.14,1.45,0.0
20200208:1109,1072.57,41.02,13.81,1.93,0.0
20200208:1209,1103.71,42.45,15.06,2.07,0.0
20200208:1309,832.56,39.65,16.0,2.21,0.0
20200208:1409,854.87,33.25,16.71,2.55,0.0
20200208:1509,634.86,24.3,16.98,2.55,0.0
20200208:1609,330.43,13.73,16.84,2.48,0.0
20200208:1709,0.0,0.0,16.16,2.34,0.0
20200208:1809,0.0,0.0,14.62,2.69,0.0
20200208:1909,0.0,0.0,13.76,2.55,0.0
20200208:2009,0.0,0.0,12.42,2.83,0.0
20200208:2109,0.0,0.0,11.14,2.9,0.0
20200208:2209,0.0,0.0,9.98,2.83,0.0
20200208:2309,0.0,0.0,8.8,2.41,0.0
20200209:0009,0.0,0.0,8.11,1.72,0.0
20200209:0109,0.0,0.0,8.93,1.38,0.0
20200209:0209,0.0,0.0,7.12,1.93,0.0
20200209:0309,0.0,0.0,6.05,2.14,0.0
20200209:0409,0.0,0.0,5.5,2.14,0.0
20200209:0509,0.0,0.0,5.85,1.93,0.0
20200209:0609,0.0,0.0,7.02,1.59,0.0
20200209:0709,181.75,6.24,3.67,2.48,0.0
20200209:0809,476.89,17.57,4.51,2.41,0.0
20200209:0909,745.11,27.72,9.13,2.21,0.0
20200209:1009,915.24,35.97,12.37,3.1,0.0
20200209:1109,1023.9,41.33,14.11,3.79,0.0
20200209:1209,1053.78,42.77,15.37,4.21,0.0
20200209:1309,971.52,39.96,16.26,4.28,0.0
20200209:1409,877.98,33.52,16.83,4.28,0.0
20200209:1509,622.61,24.55,17.05,4.48,0.0
20200209:1609,309.55,13.95,16.8,4.69,0.0
20200209:1709,0.0,0.0,15.8,4.14,0.0
20200209:1809,0.0,0.0,13.98,3.86,0.0
20200209:1909,0.0,0.0,12.85,3.72,0.0
20200209:2009,0.0,0.0,11.66,3.72,0.0
20200209:2109,0.0,0.0,10.53,3.79,0.0
20200209:2209,0.0,0.0,9.55,3.79,0.0
20200209:2309,0.0,0.0,8.63,3.72,0.0
20200210:0009,0.0,0.0,7.77,3.72,0.0
20200210:0109,0.0,0.0,6.98,3.86,0.0
20200210:0209,0.0,0.0,6.25,3.86,0.0
20200210:0309,0.0,0.0,5.57,3.72,0.0
20200210:0409,0.0,0.0,4.89,3.52,0.0
20200210:0509,0.0,0.0,4.26,3.38,0.0
20200210:0609,0.0,0.0,3.73,3.45,0.0
20200210:0709,178.68,6.42,3.48,3.52,0.0
20200210:0809,479.64,17.78,5.56,3.31,0.0
20200210:0909,708.8,27.96,9.95,4.07,0.0
20200210:1009,924.12,36.25,12.96,4.97,0.0
20200210:1109,1026.83,41.64,14.92,4.83,0.0
20200210:1209,1023.95,43.09,16.34,4.34,0.0
20200210:1309,996.74,40.26,17.31,3.66,0.0
20200210:1409,873.6,33.8,17.99,3.17,0.0
20200210:1509,656.89,24.79,18.32,2.97,0.0
20200210:1609,365.75,14.16,18.23,3.1,0.0
20200210:1709,9.05,2.54,17.48,2.9,0.0
20200210:1809,0.0,0.0,15.81,2.97,0.0
20200210:1909,0.0,0.0,14.67,2.62,0.0
20200210:2009,0.0,0.0,13.44,2.41,0.0
20200210:2109,0.0,0.0,11.88,2.0,0.0
20200210:2209,0.0,0.0,11.26,1.45,0.0
20200210:2309,0.0,0.0,12.18,0.76,0.0
20200211:0009,0.0,0.0,11.79,0.62,0.0
20200211:0109,0.0,0.0,11.07,1.24,0.0
20200211:0209,0.0,0.0,8.2,2.0,0.0
20200211:0309,0.0,0.0,5.97,2.76,0.0
20200211:0409,0.0,0.0,5.17,3.31,0.0
20200211:0509,0.0,0.0,4.37,3.52,0.0
20200211:0609,0.0,0.0,3.72,3.72,0.0
20200211:0709,168.69,6.61,3.29,3.79,0.0
20200211:0809,470.58,17.99,5.92,3.45,0.0
20200211:0909,695.09,28.2,10.82,3.31,0.0
20200211:1009,929.73,36.53,15.12,3.38,0.0
20200211:1109,1039.59,41.95,17.84,3.31,0.0
20200211:1209,1030.03,43.42,19.69,2.69,0.0
20200211:1309,1009.67,40.58,20.93,2.28,0.0
20200211:1409,860.02,34.08,21.73,2.21,0.0
20200211:1509,651.03,25.04,22.13,2.41,0.0
20200211:1609,361.46,14.38,22.11,2.62,0.0
20200211:1709,11.77,2.73,21.19,2.41,0.0
20200211:1809,0.0,0.0,19.07,2.97,0.0
20200211:1909,0.0,0.0,16.95,3.17,0.0
20200211:2009,0.0,0.0,15.55,3.38,0.0
20200211:2109,0.0,0.0,14.64,3.45,0.0
20200211:2209,0.0,0.0,13.84,3.52,0.0
20200211:2309,0.0,0.0,13.11,3.66,0.0
20200212:0009,0.0,0.0,12.39,3.93,0.0
20200212:0109,0.0,0.0,11.79,4.21,0.0
20200212:0209,0.0,0.0,11.08,4.41,0.0
20200212:0309,0.0,0.0,10.29,4.55,0.0
20200212:0409,0.0,0.0,9.61,4.55,0.0
20200212:0509,0.0,0.0,9.02,4.41,0.0
20200212:0609,0.0,0.0,8.58,4.34,0.0
20200212:0709,139.41,6.8,8.94,3.72,0.0
20200212:0809,258.54,18.2,10.37,3.24,0.0
20200212:0909,360.87,28.45,13.9,3.03,0.0
20200212:1009,295.9,36.82,17.83,2.55,0.0
20200212:1109,919.45,42.27,20.59,2.21,0.0
20200212:1209,734.7,43.75,21.98,2.14,0.0
20200212:1309,435.3,40.89,22.73,2.41,0.0
20200212:1409,181.33,34.36,23.19,2.69,0.0
20200212:1509,135.07,25.28,23.34,2.97,0.0
20200212:1609,96.93,14.59,23.03,3.66,0.0
20200212:1709,9.05,2.92,22.21,4.41,0.0
20200212:1809,0.0,0.0,20.85,4.14,0.0
20200212:1909,0.0,0.0,19.75,3.45,0.0
20200212:2009,0.0,0.0,19.07,2.62,0.0
20200212:2109,0.0,0.0,18.59,2.0,0.0
20200212:2209,0.0,0.0,17.82,2.28,0.0
20200212:2309,0.0,0.0,16.77,3.17,0.0
20200213:0009,0.0,0.0,16.54,3.66,0.0
20200213:0109,0.0,0.0,16.6,4.0,0.0
20200213:0209,0.0,0.0,16.66,4.28,0.0
20200213:0309,0.0,0.0,16.42,4.28,0.0
20200213:0409,0.0,0.0,16.0,4.07,0.0
20200213:0509,0.0,0.0,15.55,4.0,0.0
20200213:0609,0.0,0.0,15.11,4.07,0.0
20200213:0709,125.25,6.99,14.26,4.69,0.0
20200213:0809,295.82,18.42,14.79,4.14,0.0
20200213:0909,244.71,28.7,15.5,4.14,0.0
20200213:1009,273.25,37.11,16.65,4.34,0.0
20200213:1109,1045.43,42.6,17.99,4.55,0.0
20200213:1209,884.97,44.09,19.13,4.48,0.0
20200213:1309,642.04,41.21,20.49,4.07,0.0
20200213:1409,776.21,34.64,21.38,3.17,0.0
20200213:1509,587.5,25.53,21.74,2.76,0.0
20200213:1609,379.75,14.81,21.71,2.34,0.0
20200213:1709,4.53,3.12,21.3,1.79,0.0
20200213:1809,0.0,0.0,20.21,1.38,0.0
20200213:1909,0.0,0.0,18.68,1.24,0.0
20200213:2009,0.0,0.0,17.27,1.38,0.0
20200213:2109,0.0,0.0,16.05,1.38,0.0
20200213:2209,0.0,0.0,15.42,1.24,0.0
20200213:2309,0.0,0.0,14.76,1.31,0.0
20200214:0009,0.0,0.0,13.91,1.45,0.0
20200214:0109,0.0,0.0,12.53,1.79,0.0
20200214:0209,0.0,0.0,10.78,2.34,0.0
20200214:0309,0.0,0.0,9.77,2.76,0.0
20200214:0409,0.0,0.0,8.76,3.03,0.0
20200214:0509,0.0,0.0,7.76,3.03,0.0
20200214:0609,0.0,0.0,7.01,3.1,0.0
20200214:0709,181.2,7.19,6.56,3.03,0.0
20200214:0809,472.95,18.65,9.11,2.55,0.0
20200214:0909,700.36,28.96,14.17,2.48,0.0
20200214:1009,925.69,37.41,17.75,2.41,0.0
20200214:1109,1007.86,42.93,19.62,2.14,0.0
20200214:1209,1007.45,44.42,20.79,1.66,0.0
20200214:1309,993.37,41.53,21.59,1.17,0.0
20200214:1409,858.04,34.92,22.05,0.76,0.0
20200214:1509,653.04,25.77,22.28,0.69,0.0
20200214:1609,362.22,15.02,22.27,0.97,0.0
20200214:1709,12.67,3.31,21.96,1.52,0.0
20200214:1809,0.0,0.0,20.82,2.28,0.0
20200214:1909,0.0,0.0,19.41,2.76,0.0
20200214:2009,0.0,0.0,18.21,2.83,0.0
20200214:2109,0.0,0.0,17.0,2.69,0.0
20200214:2209,0.0,0.0,15.71,2.41,0.0
20200214:2309,0.0,0.0,14.26,1.93,0.0
20200215:0009,0.0,0.0,14.55,1.38,0.0
20200215:0109,0.0,0.0,15.28,0.97,0.0
20200215:0209,0.0,0.0,14.91,0.76,0.0
20200215:0309,0.0,0.0,14.5,0.76,0.0
20200215:0409,0.0,0.0,14.05,0.97,0.0
20200215:0509,0.0,0.0,13.56,1.31,0.0
20200215:0609,0.0,0.0,11.06,1.86,0.0
20200215:0709,190.74,7.4,8.81,2.41,0.0
20200215:0809,489.77,18.87,9.98,2.14,0.0
20200215:0909,720.84,29.22,14.74,1.52,0.0
20200215:1009,929.76,37.71,18.08,1.52,0.0
20200215:1109,1025.27,43.26,19.8,2.14,0.0
20200215:1209,1008.87,44.77,20.77,2.28,0.0
20200215:1309,1009.5,41.85,21.36,1.79,0.0
20200215:1409,880.31,35.21,21.8,1.45,0.0
20200215:1509,658.19,26.02,22.07,1.72,0.0
20200215:1609,380.92,15.24,22.04,2.34,0.0
20200215:1709,15.39,3.5,21.5,2.9,0.0
20200215:1809,0.0,0.0,19.96,3.17,0.0
20200215:1909,0.0,0.0,18.84,3.24,0.0
20200215:2009,0.0,0.0,17.54,3.17,0.0
20200215:2109,0.0,0.0,16.35,2.9,0.0
20200215:2209,0.0,0.0,15.19,2.83,0.0
20200215:2309,0.0,0.0,14.0,2.48,0.0
20200216:0009,0.0,0.0,12.7,2.0,0.0
20200216:0109,0.0,0.0,13.01,1.45,0.0
20200216:0209,0.0,0.0,13.4,1.31,0.0
20200216:0309,0.0,0.0,12.77,1.38,0.0
20200216:0409,0.0,0.0,12.52,1.45,0.0
20200216:0509,0.0,0.0,12.02,1.52,0.0
20200216:0609,0.0,0.0,9.85,2.0,0.0
20200216:0709,190.07,7.6,7.65,2.83,0.0
20200216:0809,460.5,19.11,9.09,2.14,0.0
20200216:0909,717.87,29.49,14.3,1.52,0.0
20200216:1009,926.36,38.01,17.4,1.03,0.0
20200216:1109,1034.77,43.59,18.89,1.03,0.0
20200216:1209,1027.71,45.11,20.13,1.59,0.0
20200216:1309,1050.2,42.17,21.04,1.86,0.0
20200216:1409,864.37,35.49,21.63,2.14,0.0
20200216:1509,660.67,26.26,21.85,2.34,0.0
20200216:1609,403.98,15.45,21.69,2.48,0.0
20200216:1709,16.29,3.69,21.15,2.62,0.0
20200216:1809,0.0,0.0,19.71,2.76,0.0
20200216:1909,0.0,0.0,18.62,2.83,0.0
20200216:2009,0.0,0.0,17.34,2.97,0.0
20200216:2109,0.0,0.0,16.15,3.03,0.0
20200216:2209,0.0,0.0,15.12,3.03,0.0
20200216:2309,0.0,0.0,14.15,3.24,0.0
20200217:0009,0.0,0.0,13.39,3.38,0.0
20200217:0109,0.0,0.0,12.61,3.31,0.0
20200217:0209,0.0,0.0,11.77,3.17,0.0
20200217:0309,0.0,0.0,10.84,3.03,0.0
20200217:0409,0.0,0.0,9.96,3.1,0.0
20200217:0509,0.0,0.0,9.15,3.17,0.0
20200217:0609,0.0,0.0,8.46,3.24,0.0
20200217:0709,200.77,7.81,8.23,3.31,0.0
20200217:0809,490.2,19.34,10.54,2.83,0.0
20200217:0909,715.15,29.76,14.86,2.48,0.0
20200217:1009,928.94,38.32,17.98,2.21,0.0
20200217:1109,1017.43,43.93,19.9,2.0,0.0
20200217:1209,1023.17,45.46,21.16,1.86,0.0
20200217:1309,1008.68,42.49,22.14,2.0,0.0
20200217:1409,867.15,35.78,22.81,2.14,0.0
20200217:1509,662.55,26.51,23.16,2.0,0.0
20200217:1609,378.13,15.66,23.13,1.66,0.0
20200217:1709,17.2,3.88,22.77,1.38,0.0
20200217:1809,0.0,0.0,21.25,2.14,0.0
20200217:1909,0.0,0.0,19.89,1.72,0.0
20200217:2009,0.0,0.0,18.34,1.52,0.0
20200217:2109,0.0,0.0,16.71,1.31,0.0
20200217:2209,0.0,0.0,15.26,1.24,0.0
20200217:2309,0.0,0.0,14.88,0.83,0.0
20200218:0009,0.0,0.0,14.47,0.41,0.0
20200218:0109,0.0,0.0,13.66,0.62,0.0
20200218:0209,0.0,0.0,11.46,1.45,0.0
20200218:0309,0.0,0.0,9.44,2.28,0.0
20200218:0409,0.0,0.0,8.69,2.76,0.0
20200218:0509,0.0,0.0,8.1,2.97,0.0
20200218:0609,0.0,0.0,7.46,2.97,0.0
20200218:0709,204.41,8.03,7.09,2.76,0.0
20200218:0809,490.71,19.58,9.1,1.86,0.0
20200218:0909,727.43,30.03,13.8,1.79,0.0
20200218:1009,937.52,38.63,16.28,1.79,0.0
20200218:1109,1024.7,44.28,18.14,2.0,0.0
20200218:1209,1015.72,45.81,19.51,2.41,0.0
20200218:1309,1017.2,42.82,20.43,2.62,0.0
20200218:1409,869.05,36.06,20.95,2.62,0.0
20200218:1509,674.88,26.75,21.12,2.48,0.0
20200218:1609,388.23,15.87,20.94,2.48,0.0
20200218:1709,21.72,4.06,20.4,2.62,0.0
20200218:1809,0.0,0.0,19.14,2.62,0.0
20200218:1909,0.0,0.0,18.0,3.17,0.0
20200218:2009,0.0,0.0,16.76,3.31,0.0
20200218:2109,0.0,0.0,15.55,3.17,0.0
20200218:2209,0.0,0.0,14.39,2.76,0.0
20200218:2309,0.0,0.0,13.24,2.41,0.0
20200219:0009,0.0,0.0,12.05,2.21,0.0
20200219:0109,0.0,0.0,10.89,2.0,0.0
20200219:0209,0.0,0.0,10.85,1.52,0.0
20200219:0309,0.0,0.0,11.77,0.76,0.0
20200219:0409,0.0,0.0,11.36,0.48,0.0
20200219:0509,0.0,0.0,9.38,1.59,0.0
20200219:0609,0.0,0.0,6.93,2.76,0.0
20200219:0709,213.96,8.25,6.47,2.9,0.0
20200219:0809,494.36,19.83,8.42,2.28,0.0
20200219:0909,737.42,30.31,12.69,2.34,0.0
20200219:1009,928.96,38.94,14.74,2.62,0.0
20200219:1109,1036.95,44.62,16.32,3.66,0.0
20200219:1209,1049.85,46.16,17.63,4.69,0.0
20200219:1309,1027.89,43.15,18.46,5.03,0.0
20200219:1409,884.34,36.35,18.88,5.31,0.0
20200219:1509,663.8,26.99,18.96,5.45,0.0
20200219:1609,392.33,16.08,18.59,5.45,0.0
20200219:1709,22.63,4.25,17.72,5.1,0.0
20200219:1809,0.0,0.0,16.3,4.0,0.0
20200219:1909,0.0,0.0,15.19,3.86,0.0
20200219:2009,0.0,0.0,14.11,3.66,0.0
20200219:2109,0.0,0.0,13.09,3.45,0.0
20200219:2209,0.0,0.0,12.16,3.24,0.0
20200219:2309,0.0,0.0,11.28,3.17,0.0
20200220:0009,0.0,0.0,10.49,3.17,0.0
20200220:0109,0.0,0.0,9.71,3.17,0.0
20200220:0209,0.0,0.0,8.99,2.97,0.0
20200220:0309,0.0,0.0,8.23,2.76,0.0
20200220:0409,0.0,0.0,7.45,2.41,0.0
20200220:0509,0.0,0.0,6.89,2.41,0.0
20200220:0609,0.0,0.0,6.58,2.83,0.0
20200220:0709,199.92,8.47,6.41,3.03,0.0
20200220:0809,513.35,20.08,8.59,2.62,0.0
20200220:0909,723.91,30.59,12.33,3.1,0.0
20200220:1009,956.28,39.26,14.33,3.86,0.0
20200220:1109,995.68,44.98,15.75,4.41,0.0
20200220:1209,1054.69,46.52,16.77,4.62,0.0
20200220:1309,1043.88,43.48,17.57,4.55,0.0
20200220:1409,914.45,36.63,18.03,4.48,0.0
20200220:1509,692.28,27.24,18.19,4.55,0.0
20200220:1609,414.29,16.29,18.01,4.76,0.0
20200220:1709,19.91,4.44,17.44,4.83,0.0
20200220:1809,0.0,0.0,16.38,4.0,0.0
20200220:1909,0.0,0.0,15.46,3.93,0.0
20200220:2009,0.0,0.0,14.43,3.66,0.0
20200220:2109,0.0,0.0,13.44,3.45,0.0
20200220:2209,0.0,0.0,12.52,3.31,0.0
20200220:2309,0.0,0.0,11.63,3.24,0.0
20200221:0009,0.0,0.0,10.77,3.03,0.0
20200221:0109,0.0,0.0,9.94,2.97,0.0
20200221:0209,0.0,0.0,9.11,2.9,0.0
20200221:0309,0.0,0.0,8.31,2.83,0.0
20200221:0409,0.0,0.0,7.6,2.83,0.0
20200221:0509,0.0,0.0,6.96,2.9,0.0
20200221:0609,0.0,0.0,6.46,3.03,0.0
20200221:0709,179.12,8.7,6.38,3.03,0.0
20200221:0809,507.58,20.33,8.75,2.9,0.0
20200221:0909,462.37,30.87,12.55,3.79,0.0
20200221:1009,870.43,39.59,14.5,4.62,0.0
20200221:1109,1073.19,45.33,15.93,4.83,0.0
20200221:1209,1102.65,46.88,16.88,4.76,0.0
20200221:1309,1048.77,43.81,17.58,4.41,0.0
20200221:1409,742.98,36.92,18.09,4.21,0.0
20200221:1509,649.53,27.48,18.28,4.07,0.0
20200221:1609,277.96,16.5,18.17,4.07,0.0
20200221:1709,27.07,4.62,17.7,3.93,0.0
20200221:1809,0.0,0.0,16.63,3.1,0.0
20200221:1909,0.0,0.0,15.69,2.76,0.0
20200221:2009,0.0,0.0,14.57,2.62,0.0
20200221:2109,0.0,0.0,13.45,2.48,0.0
20200221:2209,0.0,0.0,12.3,2.41,0.0
20200221:2309,0.0,0.0,11.05,2.21,0.0
20200222:0009,0.0,0.0,9.91,2.0,0.0
20200222:0109,0.0,0.0,9.93,1.59,0.0
20200222:0209,0.0,0.0,10.85,1.24,0.0
20200222:0309,0.0,0.0,9.25,1.59,0.0
20200222:0409,0.0,0.0,6.75,2.48,0.0
20200222:0509,0.0,0.0,5.88,3.03,0.0
20200222:0609,0.0,0.0,5.05,3.24,0.0
20200222:0709,224.85,8.93,5.03,3.1,0.0
20200222:0809,504.35,20.58,7.37,2.21,0.0
20200222:0909,748.54,31.16,12.75,1.86,0.0
20200222:1009,952.65,39.91,15.38,1.72,0.0
20200222:1109,1024.9,45.69,17.05,1.93,0.0
20200222:1209,1015.09,47.24,18.39,2.28,0.0
20200222:1309,1025.35,44.14,19.41,2.55,0.0
20200222:1409,882.36,37.2,20.04,2.76,0.0
20200222:1509,657.5,27.72,20.31,2.83,0.0
20200222:1609,386.16,16.71,20.21,2.69,0.0
20200222:1709,96.35,4.81,19.7,2.41,0.0
20200222:1809,0.0,0.0,18.46,2.34,0.0
20200222:1909,0.0,0.0,17.21,2.41,0.0
20200222:2009,0.0,0.0,15.98,2.48,0.0
20200222:2109,0.0,0.0,14.72,2.41,0.0
20200222:2209,0.0,0.0,13.37,2.34,0.0
20200222:2309,0.0,0.0,11.96,2.0,0.0
20200223:0009,0.0,0.0,12.85,1.17,0.0
20200223:0109,0.0,0.0,12.96,0.28,0.0
20200223:0209,0.0,0.0,12.55,0.55,0.0
20200223:0309,0.0,0.0,11.98,1.17,0.0
20200223:0409,0.0,0.0,10.61,1.52,0.0
20200223:0509,0.0,0.0,8.82,1.79,0.0
20200223:0609,0.0,0.0,7.09,2.28,0.0
20200223:0709,220.77,9.17,5.61,2.83,0.0
20200223:0809,501.59,20.84,7.71,2.21,0.0
20200223:0909,728.29,31.45,12.2,2.41,0.0
20200223:1009,940.7,40.24,14.11,3.03,0.0
20200223:1109,1019.98,46.05,15.61,3.31,0.0
20200223:1209,1017.66,47.61,16.72,3.17,0.0
20200223:1309,1038.73,44.47,17.53,2.97,0.0
20200223:1409,882.6,37.49,18.09,3.03,0.0
20200223:1509,652.65,27.96,18.35,3.17,0.0
20200223:1609,386.4,16.92,18.19,3.17,0.0
20200223:1709,94.65,4.99,17.64,3.03,0.0
20200223:1809,0.0,0.0,16.44,2.55,0.0
20200223:1909,0.0,0.0,15.42,2.28,0.0
20200223:2009,0.0,0.0,14.44,2.0,0.0
20200223:2109,0.0,0.0,13.25,1.93,0.0
20200223:2209,0.0,0.0,11.94,1.93,0.0
20200223:2309,0.0,0.0,10.74,2.07,0.0
20200224:0009,0.0,0.0,9.6,2.0,0.0
20200224:0109,0.0,0.0,9.36,1.59,0.0
20200224:0209,0.0,0.0,10.48,0.83,0.0
20200224:0309,0.0,0.0,9.84,1.17,0.0
20200224:0409,0.0,0.0,6.65,2.28,0.0
20200224:0509,0.0,0.0,5.74,3.1,0.0
20200224:0609,0.0,0.0,4.91,3.31,0.0
20200224:0709,227.41,9.41,4.54,3.17,0.0
20200224:0809,507.06,21.11,7.44,2.62,0.0
20200224:0909,739.87,31.75,12.57,2.34,0.0
20200224:1009,935.37,40.57,15.64,2.07,0.0
20200224:1109,1018.47,46.41,17.55,1.59,0.0
20200224:1209,1015.99,47.97,19.02,1.31,0.0
20200224:1309,1032.36,44.8,20.24,1.17,0.0
20200224:1409,888.33,37.77,21.1,0.97,0.0
20200224:1509,648.03,28.2,21.62,0.69,0.0
20200224:1609,391.59,17.12,21.77,0.69,0.0
20200224:1709,103.94,5.17,21.53,1.24,0.0
20200224:1809,0.0,0.0,20.12,2.69,0.0
20200224:1909,0.0,0.0,18.39,3.59,0.0
20200224:2009,0.0,0.0,16.85,3.86,0.0
20200224:2109,0.0,0.0,15.48,4.0,0.0
20200224:2209,0.0,0.0,14.32,4.28,0.0
20200224:2309,0.0,0.0,13.34,4.28,0.0
20200225:0009,0.0,0.0,12.4,4.14,0.0
20200225:0109,0.0,0.0,11.48,4.14,0.0
20200225:0209,0.0,0.0,10.66,4.34,0.0
20200225:0309,0.0,0.0,10.0,4.62,0.0
20200225:0409,0.0,0.0,9.5,4.83,0.0
20200225:0509,0.0,0.0,9.13,4.9,0.0
20200225:0609,0.0,0.0,8.92,4.97,0.0
20200225:0709,223.57,9.65,9.3,4.83,0.0
20200225:0809,495.46,21.37,11.5,4.28,0.0
20200225:0909,621.62,32.05,14.98,4.34,0.0
20200225:1009,762.14,40.91,18.15,4.14,0.0
20200225:1109,584.21,46.78,20.55,3.86,0.0
20200225:1209,947.0,48.34,22.11,3.52,0.0
20200225:1309,998.43,45.14,23.09,3.59,0.0
20200225:1409,652.33,38.06,23.71,3.86,0.0
20200225:1509,293.81,28.44,24.12,3.93,0.0
20200225:1609,316.05,17.33,24.19,3.66,0.0
20200225:1709,111.31,5.35,23.68,2.76,0.0
20200225:1809,0.0,0.0,21.8,2.97,0.0
20200225:1909,0.0,0.0,19.62,3.52,0.0
20200225:2009,0.0,0.0,18.05,4.0,0.0
20200225:2109,0.0,0.0,16.75,4.41,0.0
20200225:2209,0.0,0.0,15.78,4.97,0.0
20200225:2309,0.0,0.0,14.79,5.17,0.0
20200226:0009,0.0,0.0,13.94,5.31,0.0
20200226:0109,0.0,0.0,13.94,6.9,0.0
20200226:0209,0.0,0.0,13.57,7.45,0.0
20200226:0309,0.0,0.0,12.64,6.83,0.0
20200226:0409,0.0,0.0,11.85,7.03,0.0
20200226:0509,0.0,0.0,11.22,6.97,0.0
20200226:0609,0.0,0.0,10.53,6.76,0.0
20200226:0709,226.79,9.89,10.24,6.28,0.0
20200226:0809,506.72,21.64,12.02,5.86,0.0
20200226:0909,758.47,32.35,14.73,6.83,0.0
20200226:1009,936.11,41.25,17.27,6.55,0.0
20200226:1109,1040.8,47.15,19.41,6.28,0.0
20200226:1209,1076.84,48.71,20.87,5.59,0.0
20200226:1309,1084.69,45.47,21.81,4.83,0.0
20200226:1409,906.2,38.34,22.41,4.41,0.0
20200226:1509,653.89,28.68,22.75,4.14,0.0
20200226:1609,389.5,17.53,22.76,3.86,0.0
20200226:1709,103.67,5.53,22.38,3.24,0.0
20200226:1809,0.0,0.0,21.11,2.14,0.0
20200226:1909,0.0,0.0,19.82,1.59,0.0
20200226:2009,0.0,0.0,18.16,2.34,0.0
20200226:2109,0.0,0.0,16.9,3.31,0.0
20200226:2209,0.0,0.0,15.96,4.55,0.0
20200226:2309,0.0,0.0,15.45,5.86,0.0
20200227:0009,0.0,0.0,14.87,6.07,0.0
20200227:0109,0.0,0.0,14.0,5.45,0.0
20200227:0209,0.0,0.0,13.0,4.9,0.0
20200227:0309,0.0,0.0,12.08,4.9,0.0
20200227:0409,0.0,0.0,11.28,4.69,0.0
20200227:0509,0.0,0.0,10.51,4.41,0.0
20200227:0609,0.0,0.0,9.81,4.55,0.0
20200227:0709,233.89,10.14,9.58,4.28,0.0
20200227:0809,506.36,21.91,11.57,4.34,0.0
20200227:0909,730.46,32.65,14.07,5.24,0.0
20200227:1009,928.3,41.59,15.97,5.17,0.0
20200227:1109,1018.35,47.52,17.48,4.14,0.0
20200227:1209,1000.1,49.08,18.6,3.17,0.0
20200227:1309,1015.68,45.81,19.49,2.69,0.0
20200227:1409,874.59,38.62,20.11,2.28,0.0
20200227:1509,636.98,28.91,20.49,1.93,0.0
20200227:1609,395.08,17.73,20.58,1.52,0.0
20200227:1709,115.1,5.71,20.38,1.1,0.0
20200227:1809,0.0,0.0,19.72,0.83,0.0
20200227:1909,0.0,0.0,18.72,1.79,0.0
20200227:2009,0.0,0.0,17.29,2.28,0.0
20200227:2109,0.0,0.0,15.9,2.62,0.0
20200227:2209,0.0,0.0,14.65,2.83,0.0
20200227:2309,0.0,0.0,13.55,3.03,0.0
20200228:0009,0.0,0.0,12.59,3.24,0.0
20200228:0109,0.0,0.0,11.64,3.31,0.0
20200228:0209,0.0,0.0,10.74,3.52,0.0
20200228:0309,0.0,0.0,10.03,3.79,0.0
20200228:0409,0.0,0.0,9.56,4.07,0.0
20200228:0509,0.0,0.0,9.24,4.34,0.0
20200228:0609,0.0,0.0,8.9,4.48,0.0
20200228:0709,244.59,10.39,8.83,4.34,0.0
20200228:0809,516.85,22.18,11.52,3.66,0.0
20200228:0909,750.45,32.96,15.75,3.1,0.0
20200228:1009,931.54,41.93,18.89,2.62,0.0
20200228:1109,1035.87,47.89,20.73,2.0,0.0
20200228:1209,1024.79,49.46,21.82,1.17,0.0
20200228:1309,1033.27,46.14,22.57,0.62,0.0
20200228:1409,890.09,38.9,23.1,0.62,0.0
20200228:1509,665.27,29.15,23.42,0.76,0.0
20200228:1609,405.91,17.93,23.48,0.97,0.0
20200228:1709,123.8,5.89,23.25,1.17,0.0
20200228:1809,0.0,0.0,22.29,1.59,0.0
20200228:1909,0.0,0.0,20.83,1.93,0.0
20200228:2009,0.0,0.0,19.27,2.0,0.0
20200228:2109,0.0,0.0,17.64,2.14,0.0
20200228:2209,0.0,0.0,16.13,2.62,0.0
20200228:2309,0.0,0.0,14.77,3.17,0.0
20200229:0009,0.0,0.0,13.63,3.66,0.0
20200229:0109,0.0,0.0,12.78,4.14,0.0
20200229:0209,0.0,0.0,12.1,4.41,0.0
20200229:0309,0.0,0.0,11.48,4.62,0.0
20200229:0409,0.0,0.0,10.88,4.62,0.0
20200229:0509,0.0,0.0,10.32,4.62,0.0
20200229:0609,0.0,0.0,9.82,4.62,0.0
20200229:0709,243.08,10.39,9.77,4.41,0.0
20200229:0809,521.38,22.18,12.45,4.28,0.0
20200229:0909,768.09,32.96,16.21,4.83,0.0
20200229:1009,957.27,41.93,19.23,5.38,0.0
20200229:1109,1056.72,47.89,21.5,5.93,0.0
20200229:1209,1105.45,49.46,23.0,6.21,0.0
20200229:1309,1038.01,46.14,23.99,6.07,0.0
20200229:1409,888.24,38.9,24.59,5.86,0.0
20200229:1509,583.11,29.15,24.84,5.59,0.0
20200229:1609,420.16,17.93,24.68,5.31,0.0
20200229:1709,90.16,5.89,24.01,4.69,0.0
20200229:1809,0.0,0.0,22.24,3.79,0.0
20200229:1909,0.0,0.0,20.97,3.93,0.0
20200229:2009,0.0,0.0,19.69,4.07,0.0
20200229:2109,0.0,0.0,18.53,4.21,0.0
20200229:2209,0.0,0.0,17.5,4.41,0.0
20200229:2309,0.0,0.0,16.52,4.55,0.0
20200301:0009,0.0,0.0,15.65,4.69,0.0
20200301:0109,0.0,0.0,14.78,4.76,0.0
20200301:0209,0.0,0.0,14.0,4.76,0.0
20200301:0309,0.0,0.0,13.37,4.76,0.0
20200301:0409,0.0,0.0,12.83,4.83,0.0
20200301:0509,0.0,0.0,12.32,4.9,0.0
20200301:0609,0.0,0.0,11.76,4.9,0.0
20200301:0709,226.84,10.65,11.79,4.55,0.0
20200301:0809,482.46,22.46,14.43,4.41,0.0
20200301:0909,723.85,33.27,18.14,4.83,0.0
20200301:1009,928.07,42.28,21.05,5.03,0.0
20200301:1109,1032.82,48.27,23.18,5.03,0.0
20200301:1209,1021.76,49.83,24.63,4.41,0.0
20200301:1309,1007.68,46.48,25.64,3.79,0.0
20200301:1409,780.81,39.19,26.29,3.86,0.0
20200301:1509,627.96,29.38,26.53,4.0,0.0
20200301:1609,425.23,18.13,26.35,4.14,0.0
20200301:1709,66.78,6.07,25.78,3.93,0.0
20200301:1809,0.0,0.0,24.02,3.45,0.0
20200301:1909,0.0,0.0,22.51,3.1,0.0
20200301:2009,0.0,0.0,20.88,3.31,0.0
20200301:2109,0.0,0.0,19.4,3.24,0.0
20200301:2209,0.0,0.0,18.12,3.24,0.0
20200301:2309,0.0,0.0,16.89,3.31,0.0
20200302:0009,0.0,0.0,16.03,3.45,0.0
20200302:0109,0.0,0.0,15.38,3.86,0.0
20200302:0209,0.0,0.0,14.71,4.07,0.0
20200302:0309,0.0,0.0,13.71,4.14,0.0
20200302:0409,0.0,0.0,12.84,3.86,0.0
20200302:0509,0.0,0.0,12.06,3.79,0.0
20200302:0609,0.0,0.0,11.57,3.86,0.0
20200302:0709,219.51,10.9,11.25,3.1,0.0
20200302:0809,478.26,22.74,14.32,2.21,0.0
20200302:0909,472.16,33.58,19.68,2.0,0.0
20200302:1009,913.47,42.63,23.09,3.59,0.0
20200302:1109,1090.43,48.65,25.4,6.28,0.0
20200302:1209,728.44,50.21,26.71,8.48,0.0
20200302:1309,891.28,46.82,27.3,9.66,0.0
20200302:1409,302.34,39.47,27.45,10.14,0.0
20200302:1509,422.66,29.62,27.36,9.93,0.0
20200302:1609,217.38,18.33,26.19,10.21,0.0
20200302:1709,5.68,6.24,23.94,9.45,0.0
20200302:1809,0.0,0.0,22.71,6.97,0.0
20200302:1909,0.0,0.0,21.79,4.76,0.0
20200302:2009,0.0,0.0,21.52,5.93,0.0
20200302:2109,0.0,0.0,20.76,6.55,0.0
20200302:2209,0.0,0.0,19.97,7.24,0.0
20200302:2309,0.0,0.0,19.15,7.86,0.0
20200303:0009,0.0,0.0,18.31,8.28,0.0
20200303:0109,0.0,0.0,17.44,8.48,0.0
20200303:0209,0.0,0.0,16.48,8.28,0.0
20200303:0309,0.0,0.0,15.42,8.55,0.0
20200303:0409,0.0,0.0,14.32,8.76,0.0
20200303:0509,0.0,0.0,13.44,8.9,0.0
20200303:0609,0.0,0.0,12.83,8.69,0.0
20200303:0709,206.71,11.16,12.8,6.69,0.0
20200303:0809,337.02,23.02,14.0,5.93,0.0
20200303:0909,702.54,33.89,15.5,6.07,0.0
20200303:1009,862.48,42.98,16.79,4.9,0.0
20200303:1109,975.23,49.03,18.15,4.48,0.0
20200303:1209,907.1,50.59,19.71,4.97,0.0
20200303:1309,935.58,47.15,21.2,5.72,0.0
20200303:1409,574.08,39.75,22.48,6.69,0.0
20200303:1509,235.56,29.85,23.18,7.17,0.0
20200303:1609,307.69,18.53,23.54,7.45,0.0
20200303:1709,75.39,6.42,23.34,6.97,0.0
20200303:1809,0.0,0.0,22.09,5.66,0.0
20200303:1909,0.0,0.0,20.91,4.28,0.0
20200303:2009,0.0,0.0,19.88,4.55,0.0
20200303:2109,0.0,0.0,19.04,5.17,0.0
20200303:2209,0.0,0.0,18.47,5.93,0.0
20200303:2309,0.0,0.0,18.03,6.48,0.0
20200304:0009,0.0,0.0,17.45,6.83,0.0
20200304:0109,0.0,0.0,16.77,7.1,0.0
20200304:0209,0.0,0.0,16.05,7.59,0.0
20200304:0309,0.0,0.0,15.29,8.07,0.0
20200304:0409,0.0,0.0,14.53,8.21,0.0
20200304:0509,0.0,0.0,13.85,8.21,0.0
20200304:0609,0.0,0.0,13.29,8.07,0.0
20200304:0709,227.35,11.43,13.82,7.66,0.0
20200304:0809,491.7,23.31,15.35,7.38,0.0
20200304:0909,732.23,34.21,17.26,8.55,0.0
20200304:1009,935.45,43.33,19.21,8.55,0.0
20200304:1109,1054.36,49.42,20.91,7.52,0.0
20200304:1209,1021.01,50.97,22.23,6.62,0.0
20200304:1309,1069.23,47.49,23.2,6.07,0.0
20200304:1409,903.24,40.02,23.87,5.72,0.0
20200304:1509,670.33,30.08,24.27,5.38,0.0
20200304:1609,388.31,18.72,24.41,4.83,0.0
20200304:1709,118.34,6.59,24.25,4.14,0.0
20200304:1809,0.0,0.0,23.18,2.41,0.0
20200304:1909,0.0,0.0,22.23,0.83,0.0
20200304:2009,0.0,0.0,21.51,0.41,0.0
20200304:2109,0.0,0.0,19.85,1.1,0.0
20200304:2209,0.0,0.0,17.68,2.0,0.0
20200304:2309,0.0,0.0,16.65,2.55,0.0
20200305:0009,0.0,0.0,15.43,2.69,0.0
20200305:0109,0.0,0.0,14.25,2.62,0.0
20200305:0209,0.0,0.0,13.27,2.55,0.0
20200305:0309,0.0,0.0,12.5,2.76,0.0
20200305:0409,0.0,0.0,11.79,3.03,0.0
20200305:0509,0.0,0.0,11.17,3.38,0.0
20200305:0609,0.0,0.0,10.65,3.66,0.0
20200305:0709,241.33,11.69,10.82,3.66,0.0
20200305:0809,504.02,23.59,13.94,3.79,0.0
20200305:0909,735.87,34.52,17.91,4.34,0.0
20200305:1009,946.22,43.69,21.35,5.1,0.0
20200305:1109,1072.32,49.8,24.0,6.0,0.0
20200305:1209,1007.57,51.35,25.95,6.69,0.0
20200305:1309,1029.31,47.82,27.18,7.17,0.0
20200305:1409,864.69,40.3,27.9,7.59,0.0
20200305:1509,659.14,30.3,28.22,7.86,0.0
20200305:1609,407.69,18.91,28.12,7.86,0.0
20200305:1709,119.99,6.76,27.62,6.83,0.0
20200305:1809,0.0,0.0,25.95,5.31,0.0
20200305:1909,0.0,0.0,24.55,5.31,0.0
20200305:2009,0.0,0.0,23.31,6.0,0.0
20200305:2109,0.0,0.0,22.42,6.9,0.0
20200305:2209,0.0,0.0,21.77,7.38,0.0
20200305:2309,0.0,0.0,21.15,7.24,0.0
20200306:0009,0.0,0.0,20.04,6.07,0.0
20200306:0109,0.0,0.0,18.67,4.62,0.0
20200306:0209,0.0,0.0,17.69,4.21,0.0
20200306:0309,0.0,0.0,16.75,4.76,0.0
20200306:0409,0.0,0.0,15.96,5.03,0.0
20200306:0509,0.0,0.0,15.25,5.1,0.0
20200306:0609,0.0,0.0,14.65,5.17,0.0
20200306:0709,251.35,11.96,14.67,4.69,0.0
20200306:0809,494.32,23.88,15.93,5.24,0.0
20200306:0909,750.29,34.84,17.18,6.83,0.0
20200306:1009,936.07,44.05,18.54,6.41,0.0
20200306:1109,1111.73,50.19,19.97,6.21,0.0
20200306:1209,1138.48,51.74,21.13,5.86,0.0
20200306:1309,1073.95,48.16,22.0,5.66,0.0
20200306:1409,866.31,40.58,22.52,5.66,0.0
20200306:1509,332.44,30.53,22.61,5.52,0.0
20200306:1609,328.06,19.1,22.2,5.31,0.0
20200306:1709,31.22,6.93,21.7,5.1,0.0
20200306:1809,0.0,0.0,20.67,3.79,0.0
20200306:1909,0.0,0.0,19.49,3.38,0.0
20200306:2009,0.0,0.0,18.12,3.52,0.0
20200306:2109,0.0,0.0,16.74,3.93,0.0
20200306:2209,0.0,0.0,15.72,5.72,0.0
20200306:2309,0.0,0.0,14.83,7.86,0.0
20200307:0009,0.0,0.0,13.71,8.21,0.0
20200307:0109,0.0,0.0,12.64,7.93,0.0
20200307:0209,0.0,0.0,11.7,7.38,0.0
20200307:0309,0.0,0.0,10.82,6.55,0.0
20200307:0409,0.0,0.0,9.95,5.45,0.0
20200307:0509,0.0,0.0,8.96,4.48,0.0
20200307:0609,0.0,0.0,8.05,3.93,0.0
20200307:0709,246.17,12.23,8.52,3.93,0.0
20200307:0809,510.19,24.17,10.54,4.69,0.0
20200307:0909,757.81,35.16,11.91,6.48,0.0
20200307:1009,955.74,44.41,12.95,6.21,0.0
20200307:1109,1088.94,50.58,14.11,5.66,0.0
20200307:1209,1001.84,52.12,15.25,5.59,0.0
20200307:1309,1070.73,48.49,16.23,5.59,0.0
20200307:1409,926.75,40.85,16.96,6.0,0.0
20200307:1509,659.74,30.75,17.29,6.0,0.0
20200307:1609,291.98,19.29,17.37,5.79,0.0
20200307:1709,138.8,7.1,17.14,5.38,0.0
20200307:1809,0.0,0.0,16.34,3.79,0.0
20200307:1909,0.0,0.0,15.55,2.83,0.0
20200307:2009,0.0,0.0,14.38,3.31,0.0
20200307:2109,0.0,0.0,13.35,4.34,0.0
20200307:2209,0.0,0.0,12.46,5.24,0.0
20200307:2309,0.0,0.0,11.15,5.31,0.0
20200308:0009,0.0,0.0,9.76,3.93,0.0
20200308:0109,0.0,0.0,8.54,2.83,0.0
20200308:0209,0.0,0.0,7.44,2.55,0.0
20200308:0309,0.0,0.0,6.49,2.9,0.0
20200308:0409,0.0,0.0,5.73,3.38,0.0
20200308:0509,0.0,0.0,5.15,3.86,0.0
20200308:0609,0.0,0.0,4.65,4.07,0.0
20200308:0709,255.8,12.5,5.23,4.21,0.0
20200308:0809,517.27,24.46,7.48,4.76,0.0
20200308:0909,759.22,35.49,9.57,5.31,0.0
20200308:1009,970.62,44.77,11.42,4.62,0.0
20200308:1109,1076.19,50.97,12.96,3.79,0.0
20200308:1209,920.52,52.5,14.29,3.59,0.0
20200308:1309,1044.73,48.83,15.41,3.59,0.0
20200308:1409,878.7,41.12,16.25,3.72,0.0
20200308:1509,684.99,30.98,16.75,3.93,0.0
20200308:1609,419.94,19.48,16.88,3.93,0.0
20200308:1709,142.75,7.27,16.62,3.59,0.0
20200308:1809,0.0,0.0,15.8,2.21,0.0
20200308:1909,0.0,0.0,14.79,1.45,0.0
20200308:2009,0.0,0.0,13.77,1.79,0.0
20200308:2109,0.0,0.0,12.49,2.41,0.0
20200308:2209,0.0,0.0,11.31,2.55,0.0
20200308:2309,0.0,0.0,10.25,2.69,0.0
20200309:0009,0.0,0.0,9.35,2.97,0.0
20200309:0109,0.0,0.0,8.46,3.17,0.0
20200309:0209,0.0,0.0,7.65,3.24,0.0
20200309:0309,0.0,0.0,6.9,3.38,0.0
20200309:0409,0.0,0.0,6.23,3.59,0.0
20200309:0509,0.0,0.0,5.71,3.86,0.0
20200309:0609,0.0,0.0,5.3,4.0,0.0
20200309:0709,263.75,12.77,6.19,4.28,0.0
20200309:0809,532.9,24.76,9.8,4.48,0.0
20200309:0909,779.87,35.81,13.86,4.62,0.0
20200309:1009,994.12,45.13,16.77,4.55,0.0
20200309:1109,1080.33,51.37,18.61,4.48,0.0
20200309:1209,967.02,52.89,19.84,4.34,0.0
20200309:1309,1047.58,49.16,20.84,4.48,0.0
20200309:1409,894.34,41.4,21.63,4.97,0.0
20200309:1509,709.2,31.2,22.17,5.79,0.0
20200309:1609,408.62,19.67,22.31,5.93,0.0
20200309:1709,142.51,7.43,22.17,5.24,0.0
20200309:1809,0.0,0.0,20.83,3.66,0.0
20200309:1909,0.0,0.0,19.31,3.93,0.0
20200309:2009,0.0,0.0,18.07,4.34,0.0
20200309:2109,0.0,0.0,17.3,5.03,0.0
20200309:2209,0.0,0.0,16.91,6.69,0.0
20200309:2309,0.0,0.0,16.38,7.31,0.0
20200310:0009,0.0,0.0,15.41,6.9,0.0
20200310:0109,0.0,0.0,14.38,6.69,0.0
20200310:0209,0.0,0.0,13.38,6.76,0.0
20200310:0309,0.0,0.0,12.41,6.55,0.0
20200310:0409,0.0,0.0,11.64,6.62,0.0
20200310:0509,0.0,0.0,11.13,6.83,0.0
20200310:0609,0.0,0.0,10.66,6.69,0.0
20200310:0709,264.39,13.05,10.9,6.21,0.0
20200310:0809,528.96,25.05,12.33,5.86,0.0
20200310:0909,774.73,36.14,13.66,6.9,0.0
20200310:1009,1003.6,45.49,14.74,6.9,0.0
20200310:1109,1104.95,51.76,15.89,7.24,0.0
20200310:1209,1082.1,53.27,16.91,7.45,0.0
20200310:1309,1081.87,49.5,17.99,7.38,0.0
20200310:1409,825.58,41.66,18.79,7.45,0.0
20200310:1509,679.04,31.42,19.37,7.17,0.0
20200310:1609,370.09,19.85,19.59,6.9,0.0
20200310:1709,138.47,7.6,19.32,6.34,0.0
20200310:1809,0.0,0.0,18.21,4.83,0.0
20200310:1909,0.0,0.0,16.88,4.34,0.0
20200310:2009,0.0,0.0,15.73,3.72,0.0
20200310:2109,0.0,0.0,14.56,3.31,0.0
20200310:2209,0.0,0.0,13.45,3.38,0.0
20200310:2309,0.0,0.0,12.37,3.45,0.0
20200311:0009,0.0,0.0,11.38,3.45,0.0
20200311:0109,0.0,0.0,10.41,3.38,0.0
20200311:0209,0.0,0.0,9.5,3.31,0.0
20200311:0309,0.0,0.0,8.68,3.45,0.0
20200311:0409,0.0,0.0,7.99,3.52,0.0
20200311:0509,0.0,0.0,7.39,3.59,0.0
20200311:0609,0.0,0.0,6.85,3.52,0.0
20200311:0709,255.16,13.32,7.4,2.97,0.0
20200311:0809,509.69,25.35,10.32,3.52,0.0
20200311:0909,751.99,36.46,12.29,4.28,0.0
20200311:1009,958.45,45.86,13.88,4.07,0.0
20200311:1109,1061.66,52.15,15.36,3.86,0.0
20200311:1209,1005.44,53.66,16.67,3.72,0.0
20200311:1309,1015.51,49.83,17.73,3.66,0.0
20200311:1409,870.9,41.93,18.42,3.45,0.0
20200311:1509,672.09,31.63,18.78,3.1,0.0
20200311:1609,398.39,20.04,18.82,2.76,0.0
20200311:1709,126.11,7.76,18.49,2.55,0.0
20200311:1809,0.0,0.0,17.77,2.48,0.0
20200311:1909,0.0,0.0,16.73,2.55,0.0
20200311:2009,0.0,0.0,15.76,2.76,0.0
20200311:2109,0.0,0.0,14.74,2.83,0.0
20200311:2209,0.0,0.0,13.78,2.83,0.0
20200311:2309,0.0,0.0,12.85,2.76,0.0
20200312:0009,0.0,0.0,11.95,2.76,0.0
20200312:0109,0.0,0.0,11.1,2.76,0.0
20200312:0209,0.0,0.0,10.26,2.69,0.0
20200312:0309,0.0,0.0,9.45,2.62,0.0
20200312:0409,0.0,0.0,8.71,2.55,0.0
20200312:0509,0.0,0.0,8.06,2.76,0.0
20200312:0609,0.0,0.0,7.34,2.83,0.0
20200312:0709,245.85,13.6,7.61,2.07,0.0
20200312:0809,518.55,25.65,11.32,1.17,0.0
20200312:0909,784.4,36.79,14.53,0.76,0.0
20200312:1009,983.17,46.23,16.19,1.72,0.0
20200312:1109,1067.45,52.55,17.66,2.48,0.0
20200312:1209,1054.85,54.05,18.89,3.03,0.0
20200312:1309,1014.01,50.16,19.86,3.45,0.0
20200312:1409,892.51,42.2,20.46,3.72,0.0
20200312:1509,697.43,31.85,20.75,3.72,0.0
20200312:1609,320.21,20.22,20.62,3.66,0.0
20200312:1709,120.16,7.92,20.07,3.59,0.0
20200312:1809,0.0,0.0,19.1,3.17,0.0
20200312:1909,0.0,0.0,18.13,2.97,0.0
20200312:2009,0.0,0.0,17.18,2.9,0.0
20200312:2109,0.0,0.0,16.2,2.83,0.0
20200312:2209,0.0,0.0,15.19,2.69,0.0
20200312:2309,0.0,0.0,14.17,2.55,0.0
20200313:0009,0.0,0.0,13.08,2.34,0.0
20200313:0109,0.0,0.0,12.05,2.14,0.0
20200313:0209,0.0,0.0,11.57,1.86,0.0
20200313:0309,0.0,0.0,11.4,1.72,0.0
20200313:0409,0.0,0.0,11.29,1.59,0.0
20200313:0509,0.0,0.0,11.12,1.52,0.0
20200313:0609,0.0,0.0,10.57,1.59,0.0
20200313:0709,259.81,13.88,9.82,1.93,0.0
20200313:0809,489.77,25.95,12.24,1.45,0.0
20200313:0909,692.45,37.12,15.49,2.0,0.0
20200313:1009,988.85,46.59,17.26,2.48,0.0
20200313:1109,1100.27,52.95,18.52,2.48,0.0
20200313:1209,1060.8,54.43,19.52,2.48,0.0
20200313:1309,997.9,50.49,20.3,2.34,0.0
20200313:1409,873.43,42.46,20.8,2.14,0.0
20200313:1509,703.9,32.06,21.1,2.0,0.0
20200313:1609,219.52,20.4,21.05,2.0,0.0
20200313:1709,86.59,8.08,20.73,2.28,0.0
20200313:1809,0.0,0.0,20.05,2.55,0.0
20200313:1909,0.0,0.0,19.38,2.83,0.0
20200313:2009,0.0,0.0,18.27,3.1,0.0
20200313:2109,0.0,0.0,17.16,3.17,0.0
20200313:2209,0.0,0.0,16.08,3.03,0.0
20200313:2309,0.0,0.0,15.05,3.31,0.0
20200314:0009,0.0,0.0,14.1,3.45,0.0
20200314:0109,0.0,0.0,13.26,3.52,0.0
20200314:0209,0.0,0.0,12.5,3.66,0.0
20200314:0309,0.0,0.0,11.83,3.86,0.0
20200314:0409,0.0,0.0,11.29,4.0,0.0
20200314:0509,0.0,0.0,10.88,4.28,0.0
20200314:0609,0.0,0.0,10.63,4.62,0.0
20200314:0709,267.7,14.16,11.43,4.55,0.0
20200314:0809,516.71,26.25,14.77,4.55,0.0
20200314:0909,783.37,37.45,18.43,5.03,0.0
20200314:1009,974.58,46.96,21.09,5.24,0.0
20200314:1109,1063.56,53.35,23.04,4.62,0.0
20200314:1209,1073.34,54.82,24.5,3.66,0.0
20200314:1309,988.62,50.82,25.51,2.9,0.0
20200314:1409,859.24,42.72,26.15,2.48,0.0
20200314:1509,657.67,32.27,26.47,2.34,0.0
20200314:1609,395.71,20.58,26.47,2.28,0.0
20200314:1709,134.54,8.24,26.15,2.0,0.0
20200314:1809,0.0,0.0,25.34,1.59,0.0
20200314:1909,0.0,0.0,23.56,2.62,0.0
20200314:2009,0.0,0.0,22.13,2.9,0.0
20200314:2109,0.0,0.0,20.74,3.24,0.0
20200314:2209,0.0,0.0,19.56,3.59,0.0
20200314:2309,0.0,0.0,18.47,3.72,0.0
20200315:0009,0.0,0.0,17.41,3.66,0.0
20200315:0109,0.0,0.0,16.44,3.66,0.0
20200315:0209,0.0,0.0,15.55,3.72,0.0
20200315:0309,0.0,0.0,14.77,3.72,0.0
20200315:0409,0.0,0.0,14.07,3.66,0.0
20200315:0509,0.0,0.0,13.32,3.38,0.0
20200315:0609,0.0,0.0,12.39,3.03,0.0
20200315:0709,236.83,14.44,12.57,2.07,0.0
20200315:0809,505.83,26.55,16.3,1.38,0.0
20200315:0909,777.07,37.78,20.54,1.1,0.0
20200315:1009,927.23,47.33,22.8,1.79,0.0
20200315:1109,1124.27,53.75,24.66,4.28,0.0
20200315:1209,1147.25,55.21,25.72,6.07,0.0
20200315:1309,1079.59,51.14,26.26,6.76,0.0
20200315:1409,900.58,42.98,26.48,6.9,0.0
20200315:1509,622.63,32.48,26.47,6.9,0.0
20200315:1609,330.15,20.75,26.15,6.83,0.0
20200315:1709,113.23,8.4,25.4,6.76,0.0
20200315:1809,0.0,0.0,23.99,5.45,0.0
20200315:1909,0.0,0.0,22.79,4.83,0.0
20200315:2009,0.0,0.0,21.5,4.48,0.0
20200315:2109,0.0,0.0,20.28,4.55,0.0
20200315:2209,0.0,0.0,19.2,4.62,0.0
20200315:2309,0.0,0.0,18.34,4.48,0.0
20200316:0009,0.0,0.0,17.65,3.79,0.0
20200316:0109,0.0,0.0,17.14,3.1,0.0
20200316:0209,0.0,0.0,16.36,2.41,0.0
20200316:0309,0.0,0.0,15.75,2.62,0.0
20200316:0409,0.0,0.0,15.2,3.79,0.0
20200316:0509,0.0,0.0,14.4,4.48,0.0
20200316:0609,2.84,2.19,13.6,4.48,0.0
20200316:0709,105.31,14.72,14.89,5.1,0.0
20200316:0809,84.19,26.85,16.35,6.55,0.0
20200316:0909,612.62,38.11,17.9,8.0,0.0
20200316:1009,446.05,47.7,19.06,8.76,0.0
20200316:1109,484.58,54.15,20.66,9.52,0.0
20200316:1209,1135.04,55.59,21.96,10.76,0.0
20200316:1309,419.97,51.47,23.33,11.52,0.0
20200316:1409,406.66,43.24,23.71,12.76,0.0
20200316:1509,507.07,32.69,23.23,12.97,0.0
20200316:1609,265.16,20.93,22.93,12.69,0.0
20200316:1709,110.78,8.56,22.03,12.14,0.0
20200316:1809,0.0,0.0,20.82,11.52,0.0
20200316:1909,0.0,0.0,20.27,11.86,0.0
20200316:2009,0.0,0.0,19.72,12.21,0.0
20200316:2109,0.0,0.0,19.06,12.41,0.0
20200316:2209,0.0,0.0,18.27,12.9,0.0
20200316:2309,0.0,0.0,17.28,13.03,0.0
20200317:0009,0.0,0.0,15.99,13.24,0.0
20200317:0109,0.0,0.0,14.54,13.24,0.0
20200317:0209,0.0,0.0,13.25,12.76,0.0
20200317:0309,0.0,0.0,12.36,12.14,0.0
20200317:0409,0.0,0.0,11.69,11.59,0.0
20200317:0509,0.0,0.0,11.27,11.1,0.0
20200317:0609,3.78,2.47,11.03,10.48,0.0
20200317:0709,87.85,15.01,11.94,9.1,0.0
20200317:0809,193.22,27.15,13.44,10.28,0.0
20200317:0909,425.58,38.44,15.45,9.1,0.0
20200317:1009,781.66,48.07,17.72,7.38,0.0
20200317:1109,987.14,54.55,19.88,5.79,0.0
20200317:1209,1105.45,55.98,21.53,4.28,0.0
20200317:1309,938.95,51.79,22.71,2.83,0.0
20200317:1409,748.47,43.5,23.44,1.93,0.0
20200317:1509,503.69,32.89,23.91,1.66,0.0
20200317:1609,271.12,21.1,24.02,1.52,0.0
20200317:1709,93.85,8.71,23.77,1.45,0.0
20200317:1809,0.0,0.0,22.97,1.59,0.0
20200317:1909,0.0,0.0,21.41,1.72,0.0
20200317:2009,0.0,0.0,19.98,3.17,0.0
20200317:2109,0.0,0.0,18.74,4.9,0.0
20200317:2209,0.0,0.0,17.78,6.76,0.0
20200317:2309,0.0,0.0,16.68,7.72,0.0
20200318:0009,0.0,0.0,15.62,8.21,0.0
20200318:0109,0.0,0.0,14.3,8.28,0.0
20200318:0209,0.0,0.0,12.87,8.07,0.0
20200318:0309,0.0,0.0,11.74,7.79,0.0
20200318:0409,0.0,0.0,11.3,7.79,0.0
20200318:0509,0.0,0.0,11.23,7.03,0.0
20200318:0609,4.73,2.74,10.93,8.69,0.0
20200318:0709,84.96,15.29,11.34,8.55,0.0
20200318:0809,134.33,27.45,11.93,8.97,0.0
20200318:0909,160.82,38.77,12.68,8.83,0.0
20200318:1009,242.53,48.44,14.27,8.28,0.0
20200318:1109,422.57,54.95,16.63,7.79,0.0
20200318:1209,757.92,56.37,18.24,7.38,0.0
20200318:1309,1033.46,52.12,19.67,7.17,0.0
20200318:1409,912.94,43.75,20.78,7.03,0.0
20200318:1509,661.42,33.1,21.35,7.17,0.0
20200318:1609,382.18,21.27,21.33,7.24,0.0
20200318:1709,121.68,8.87,20.71,7.24,0.0
20200318:1809,0.0,0.0,19.59,6.07,0.0
20200318:1909,0.0,0.0,18.43,5.72,0.0
20200318:2009,0.0,0.0,17.56,5.72,0.0
20200318:2109,0.0,0.0,16.8,5.59,0.0
20200318:2209,0.0,0.0,16.07,5.24,0.0
20200318:2309,0.0,0.0,15.33,5.1,0.0
20200319:0009,0.0,0.0,14.53,5.17,0.0
20200319:0109,0.0,0.0,13.65,5.24,0.0
20200319:0209,0.0,0.0,12.65,5.24,0.0
20200319:0309,0.0,0.0,11.59,5.24,0.0
20200319:0409,0.0,0.0,10.61,5.45,0.0
20200319:0509,0.0,0.0,9.8,6.07,0.0
20200319:0609,5.68,3.02,9.18,6.69,0.0
20200319:0709,104.07,15.58,10.22,7.03,0.0
20200319:0809,155.86,27.75,11.42,8.14,0.0
20200319:0909,369.77,39.11,13.75,8.62,0.0
20200319:1009,1002.65,48.81,15.4,8.34,0.0
20200319:1109,1122.78,55.35,17.15,8.28,0.0
20200319:1209,1143.24,56.75,18.74,8.48,0.0
20200319:1309,1064.08,52.44,19.99,8.76,0.0
20200319:1409,901.29,44.0,20.82,9.03,0.0
20200319:1509,646.92,33.3,21.15,9.17,0.0
20200319:1609,370.82,21.44,20.95,9.24,0.0
20200319:1709,122.33,9.02,20.15,9.1,0.0
20200319:1809,0.0,0.0,18.92,7.93,0.0
20200319:1909,0.0,0.0,17.67,7.66,0.0
20200319:2009,0.0,0.0,16.86,7.79,0.0
20200319:2109,0.0,0.0,16.17,8.07,0.0
20200319:2209,0.0,0.0,15.5,8.41,0.0
20200319:2309,0.0,0.0,14.82,8.83,0.0
20200320:0009,0.0,0.0,14.03,9.03,0.0
20200320:0109,0.0,0.0,13.06,8.9,0.0
20200320:0209,0.0,0.0,11.92,8.69,0.0
20200320:0309,0.0,0.0,10.97,8.69,0.0
20200320:0409,0.0,0.0,10.04,8.55,0.0
20200320:0509,0.0,0.0,9.35,8.48,0.0
20200320:0609,12.3,3.3,9.07,8.83,0.0
20200320:0709,173.31,15.86,9.87,9.31,0.0
20200320:0809,388.49,28.06,11.2,11.59,0.0
20200320:0909,770.16,39.44,12.98,11.72,0.0
20200320:1009,988.54,49.18,15.0,11.52,0.0
20200320:1109,1119.4,55.75,16.85,11.17,0.0
20200320:1209,1139.85,57.14,18.24,11.03,0.0
20200320:1309,1060.77,52.76,19.4,10.41,0.0
20200320:1409,775.92,44.25,20.15,9.59,0.0
20200320:1509,562.45,33.49,20.49,8.62,0.0
20200320:1609,184.83,21.61,20.39,7.45,0.0
20200320:1709,77.32,9.17,19.63,5.86,0.0
20200320:1809,0.0,0.0,18.75,4.34,0.0
20200320:1909,0.0,0.0,17.94,2.07,0.0
20200320:2009,0.0,0.0,16.99,1.59,0.0
20200320:2109,0.0,0.0,16.13,3.45,0.0
20200320:2209,0.0,0.0,15.53,5.38,0.0
20200320:2309,0.0,0.0,14.63,6.83,0.0
20200321:0009,0.0,0.0,13.55,6.97,0.0
20200321:0109,0.0,0.0,12.69,6.28,0.0
20200321:0209,0.0,0.0,12.05,5.45,0.0
20200321:0309,0.0,0.0,11.39,4.69,0.0
20200321:0409,0.0,0.0,11.01,4.14,0.0
20200321:0509,0.0,0.0,10.45,4.0,0.0
20200321:0609,18.05,3.57,9.99,4.28,0.0
20200321:0709,295.42,16.14,11.57,4.55,0.0
20200321:0809,575.67,28.36,13.92,5.17,0.0
20200321:0909,738.44,39.77,16.18,5.17,0.0
20200321:1009,1009.04,49.55,18.06,5.72,0.0
20200321:1109,1012.23,56.15,19.98,6.97,0.0
20200321:1209,603.03,57.52,21.08,7.31,0.0
20200321:1309,1038.91,53.07,21.69,7.52,0.0
20200321:1409,750.02,44.5,22.1,7.31,0.0
20200321:1509,680.35,33.69,22.26,6.83,0.0
20200321:1609,412.78,21.77,22.35,6.41,0.0
20200321:1709,142.53,9.32,22.04,5.72,0.0
20200321:1809,0.0,0.0,21.4,4.34,0.0
20200321:1909,0.0,0.0,19.74,2.9,0.0
20200321:2009,0.0,0.0,18.67,2.83,0.0
20200321:2109,0.0,0.0,17.39,3.03,0.0
20200321:2209,0.0,0.0,16.42,3.52,0.0
20200321:2309,0.0,0.0,15.68,5.17,0.0
20200322:0009,0.0,0.0,14.56,6.14,0.0
20200322:0109,0.0,0.0,13.48,5.79,0.0
20200322:0209,0.0,0.0,12.43,5.17,0.0
20200322:0309,0.0,0.0,11.56,4.69,0.0
20200322:0409,0.0,0.0,10.82,4.48,0.0
20200322:0509,0.0,0.0,10.16,4.41,0.0
20200322:0609,18.94,3.85,9.55,4.21,0.0
20200322:0709,291.37,16.43,10.7,3.59,0.0
20200322:0809,562.84,28.66,13.37,3.86,0.0
20200322:0909,803.26,40.1,15.87,3.59,0.0
20200322:1009,1005.81,49.92,17.7,2.97,0.0
20200322:1109,1044.48,56.55,18.95,2.28,0.0
20200322:1209,1062.5,57.91,19.93,1.93,0.0
20200322:1309,708.93,53.39,20.7,1.86,0.0
20200322:1409,742.07,44.74,21.25,1.79,0.0
20200322:1509,688.41,33.88,21.52,1.66,0.0
20200322:1609,410.48,21.94,21.62,1.93,0.0
20200322:1709,137.03,9.47,21.61,2.48,0.0
20200322:1809,0.0,0.0,21.22,2.9,0.0
20200322:1909,0.0,0.0,20.63,2.48,0.0
20200322:2009,0.0,0.0,19.71,3.38,0.0
20200322:2109,0.0,0.0,18.61,4.62,0.0
20200322:2209,0.0,0.0,17.07,5.72,0.0
20200322:2309,0.0,0.0,15.55,6.34,0.0
20200323:0009,0.0,0.0,14.44,6.34,0.0
20200323:0109,0.0,0.0,13.67,5.86,0.0
20200323:0209,0.0,0.0,12.99,5.59,0.0
20200323:0309,0.0,0.0,12.53,5.66,0.0
20200323:0409,0.0,0.0,12.21,5.66,0.0
20200323:0509,0.0,0.0,11.94,5.72,0.0
20200323:0609,17.03,4.13,11.72,5.86,0.0
20200323:0709,219.59,16.71,12.81,5.45,0.0
20200323:0809,444.73,28.96,14.46,6.62,0.0
20200323:0909,747.94,40.43,16.38,7.38,0.0
20200323:1009,974.0,50.28,18.26,8.21,0.0
20200323:1109,1119.06,56.95,20.04,8.83,0.0
20200323:1209,1088.59,58.29,21.28,9.31,0.0
20200323:1309,1068.65,53.7,22.6,9.66,0.0
20200323:1409,914.99,44.98,23.5,9.86,0.0
20200323:1509,656.13,34.08,23.88,9.86,0.0
20200323:1609,391.01,22.1,23.92,9.79,0.0
20200323:1709,131.66,9.62,23.54,9.45,0.0
20200323:1809,0.0,0.0,22.41,8.28,0.0
20200323:1909,0.0,0.0,21.57,7.72,0.0
20200323:2009,0.0,0.0,20.67,9.31,0.0
20200323:2109,0.0,0.0,19.36,10.34,0.0
20200323:2209,0.0,0.0,18.4,10.55,0.0
20200323:2309,0.0,0.0,17.46,10.28,0.0
20200324:0009,0.0,0.0,16.55,9.79,0.0
20200324:0109,0.0,0.0,15.7,9.31,0.0
20200324:0209,0.0,0.0,14.92,8.97,0.0
20200324:0309,0.0,0.0,14.14,8.62,0.0
20200324:0409,0.0,0.0,13.31,8.41,0.0
20200324:0509,0.0,0.0,12.55,8.41,0.0
20200324:0609,23.46,4.41,11.9,8.34,0.0
20200324:0709,240.36,17.0,12.86,8.62,0.0
20200324:0809,521.17,29.26,14.06,10.9,0.0
20200324:0909,783.6,40.76,15.58,11.45,0.0
20200324:1009,989.11,50.65,17.16,11.03,0.0
20200324:1109,1074.84,57.35,18.57,10.0,0.0
20200324:1209,1142.18,58.67,20.32,8.34,0.0
20200324:1309,1071.41,54.01,21.38,6.62,0.0
20200324:1409,859.48,45.22,22.11,5.03,0.0
20200324:1509,48.24,34.27,22.36,3.24,0.0
20200324:1609,65.27,22.26,21.77,3.17,0.0
20200324:1709,79.6,9.77,20.15,5.24,0.0
20200324:1809,0.0,0.0,18.23,4.83,0.0
20200324:1909,0.0,0.0,15.63,8.21,0.0
20200324:2009,0.0,0.0,14.08,8.41,0.0
20200324:2109,0.0,0.0,13.57,6.62,0.0
20200324:2209,0.0,0.0,13.21,6.07,0.0
20200324:2309,0.0,0.0,12.64,6.14,0.0
20200325:0009,0.0,0.0,12.02,6.0,0.0
20200325:0109,0.0,0.0,11.38,5.38,0.0
20200325:0209,0.0,0.0,10.68,4.9,0.0
20200325:0309,0.0,0.0,10.11,4.9,0.0
20200325:0409,0.0,0.0,9.78,4.76,0.0
20200325:0509,0.0,0.0,9.37,4.41,0.0
20200325:0609,23.51,4.69,9.49,4.55,0.0
20200325:0709,171.64,17.28,10.58,4.21,0.0
20200325:0809,510.77,29.56,12.35,6.0,0.0
20200325:0909,599.2,41.08,13.85,7.38,0.0
20200325:1009,909.22,51.02,14.65,7.72,0.0
20200325:1109,313.48,57.75,15.61,7.24,0.0
20200325:1209,122.03,59.05,16.01,6.62,0.0
20200325:1309,375.18,54.32,15.91,6.83,0.0
20200325:1409,94.6,45.46,15.65,6.97,0.0
20200325:1509,168.38,34.45,16.1,6.62,0.0
20200325:1609,210.82,22.42,16.12,6.41,0.0
20200325:1709,85.82,9.92,15.7,6.07,0.0
20200325:1809,0.0,0.0,15.05,5.52,0.0
20200325:1909,0.0,0.0,13.97,5.24,0.0
20200325:2009,0.0,0.0,12.92,4.55,0.0
20200325:2109,0.0,0.0,12.19,4.07,0.0
20200325:2209,0.0,0.0,11.26,3.72,0.0
20200325:2309,0.0,0.0,10.11,3.79,0.0
20200326:0009,0.0,0.0,9.05,4.07,0.0
20200326:0109,0.0,0.0,7.94,4.28,0.0
20200326:0209,0.0,0.0,6.99,4.21,0.0
20200326:0309,0.0,0.0,6.12,3.93,0.0
20200326:0409,0.0,0.0,5.3,3.52,0.0
20200326:0509,0.0,0.0,4.48,3.17,0.0
20200326:0609,30.42,4.96,3.67,2.83,0.0
20200326:0709,316.0,17.56,5.06,2.34,0.0
20200326:0809,595.16,29.86,8.59,2.0,0.0
20200326:0909,829.95,41.41,10.68,1.38,0.0
20200326:1009,1006.63,51.38,12.22,1.38,0.0
20200326:1109,1084.67,58.15,13.92,3.03,0.0
20200326:1209,1114.64,59.43,15.55,4.83,0.0
20200326:1309,1051.64,54.62,16.79,6.21,0.0
20200326:1409,904.95,45.69,17.63,6.97,0.0
20200326:1509,637.72,34.64,18.13,7.66,0.0
20200326:1609,407.28,22.58,18.46,8.14,0.0
20200326:1709,144.24,10.06,18.58,8.07,0.0
20200326:1809,0.0,0.0,18.18,6.9,0.0
20200326:1909,0.0,0.0,17.2,6.28,0.0
20200326:2009,0.0,0.0,16.5,6.34,0.0
20200326:2109,0.0,0.0,15.94,6.62,0.0
20200326:2209,0.0,0.0,15.37,6.55,0.0
20200326:2309,0.0,0.0,14.69,6.34,0.0
20200327:0009,0.0,0.0,14.09,6.34,0.0
20200327:0109,0.0,0.0,13.57,6.34,0.0
20200327:0209,0.0,0.0,13.28,6.0,0.0
20200327:0309,0.0,0.0,12.67,5.38,0.0
20200327:0409,0.0,0.0,12.03,4.55,0.0
20200327:0509,0.0,0.0,11.01,3.86,0.0
20200327:0609,24.39,5.24,10.18,3.31,0.0
20200327:0709,308.1,17.85,11.51,3.03,0.0
20200327:0809,587.13,30.16,14.39,2.97,0.0
20200327:0909,833.27,41.73,16.82,2.34,0.0
20200327:1009,971.62,51.75,18.61,1.66,0.0
20200327:1109,1085.03,58.55,20.41,2.83,0.0
20200327:1209,1138.33,59.81,22.32,5.03,0.0
20200327:1309,537.98,54.93,23.38,6.97,0.0
20200327:1409,747.13,45.92,24.11,7.86,0.0
20200327:1509,171.22,34.82,24.3,8.28,0.0
20200327:1609,314.52,22.73,24.21,8.07,0.0
20200327:1709,44.46,10.21,23.83,7.03,0.0
20200327:1809,0.0,0.0,23.07,5.1,0.0
20200327:1909,0.0,0.0,21.63,3.93,0.0
20200327:2009,0.0,0.0,20.55,1.72,0.0
20200327:2109,0.0,0.0,19.27,0.97,0.0
20200327:2209,0.0,0.0,19.03,0.14,0.0
20200327:2309,0.0,0.0,18.3,0.34,0.0
20200328:0009,0.0,0.0,15.53,2.41,0.0
20200328:0109,0.0,0.0,14.97,3.66,0.0
20200328:0209,0.0,0.0,14.0,4.9,0.0
20200328:0309,0.0,0.0,13.06,5.38,0.0
20200328:0409,0.0,0.0,12.0,4.97,0.0
20200328:0509,0.0,0.0,11.03,4.07,0.0
20200328:0609,33.23,5.52,10.14,4.0,0.0
20200328:0709,301.64,18.13,11.68,3.86,0.0
20200328:0809,582.27,30.45,13.77,4.83,0.0
20200328:0909,829.59,42.06,15.93,4.9,0.0
20200328:1009,993.49,52.11,17.91,4.34,0.0
20200328:1109,1095.14,58.95,19.61,3.31,0.0
20200328:1209,1110.71,60.19,21.04,2.28,0.0
20200328:1309,1070.27,55.23,22.27,1.24,0.0
20200328:1409,884.41,46.15,23.32,0.41,0.0
20200328:1509,604.49,35.0,23.97,0.34,0.0
20200328:1609,257.09,22.89,24.23,0.97,0.0
20200328:1709,148.97,10.35,24.01,1.79,0.0
20200328:1809,0.0,0.0,23.23,3.59,0.0
20200328:1909,0.0,0.0,20.19,6.69,0.0
20200328:2009,0.0,0.0,18.77,7.1,0.0
20200328:2109,0.0,0.0,17.38,6.69,0.0
20200328:2209,0.0,0.0,15.96,6.34,0.0
20200328:2309,0.0,0.0,14.74,5.72,0.0
20200329:0009,0.0,0.0,13.78,4.76,0.0
20200329:0109,0.0,0.0,13.11,4.21,0.0
20200329:0209,0.0,0.0,12.5,4.28,0.0
20200329:0309,0.0,0.0,12.01,4.62,0.0
20200329:0409,0.0,0.0,11.65,5.1,0.0
20200329:0509,0.0,0.0,11.17,5.45,0.0
20200329:0609,54.01,5.79,11.02,5.86,0.0
20200329:0709,158.71,18.41,11.01,6.9,0.0
20200329:0809,610.13,30.75,12.23,7.72,0.0
20200329:0909,839.39,42.38,13.89,7.66,0.0
20200329:1009,1009.51,52.47,15.33,6.62,0.0
20200329:1109,1085.52,59.34,16.58,5.66,0.0
20200329:1209,1086.86,60.56,17.68,5.31,0.0
20200329:1309,1056.12,55.53,18.48,5.52,0.0
20200329:1409,898.17,46.38,18.97,6.0,0.0
20200329:1509,690.53,35.18,19.08,6.34,0.0
20200329:1609,411.16,23.04,18.79,6.55,0.0
20200329:1709,146.53,10.49,18.2,6.41,0.0
20200329:1809,0.0,0.0,17.35,5.66,0.0
20200329:1909,0.0,0.0,16.74,4.07,0.0
20200329:2009,0.0,0.0,15.69,4.0,0.0
20200329:2109,0.0,0.0,14.52,4.28,0.0
20200329:2209,0.0,0.0,13.37,4.21,0.0
20200329:2309,0.0,0.0,12.31,4.0,0.0
20200330:0009,0.0,0.0,11.31,3.66,0.0
20200330:0109,0.0,0.0,10.34,3.38,0.0
20200330:0209,0.0,0.0,9.43,3.1,0.0
20200330:0309,0.0,0.0,8.51,2.83,0.0
20200330:0409,0.0,0.0,7.59,2.62,0.0
20200330:0509,0.0,0.0,6.7,2.48,0.0
20200330:0609,66.15,6.07,5.98,2.34,0.0
20200330:0709,325.43,18.69,7.59,1.79,0.0
20200330:0809,597.91,31.04,12.03,1.17,0.0
20200330:0909,846.78,42.7,14.02,0.9,0.0
20200330:1009,1002.26,52.83,15.68,1.31,0.0
20200330:1109,1084.83,59.74,17.22,1.93,0.0
20200330:1209,1106.68,60.94,18.58,2.48,0.0
20200330:1309,1059.97,55.82,19.68,2.9,0.0
20200330:1409,915.88,46.6,20.48,3.1,0.0
20200330:1509,668.28,35.36,21.02,3.45,0.0
20200330:1609,401.96,23.19,21.21,3.79,0.0
20200330:1709,138.2,10.63,20.99,4.07,0.0
20200330:1809,0.0,0.0,20.38,3.86,0.0
20200330:1909,0.0,0.0,19.53,3.86,0.0
20200330:2009,0.0,0.0,18.49,4.07,0.0
20200330:2109,0.0,0.0,17.39,4.41,0.0
20200330:2209,0.0,0.0,16.37,4.9,0.0
20200330:2309,0.0,0.0,15.54,5.45,0.0
20200331:0009,0.0,0.0,14.8,5.66,0.0
20200331:0109,0.0,0.0,14.1,5.38,0.0
20200331:0209,0.0,0.0,13.38,4.9,0.0
20200331:0309,0.0,0.0,12.73,4.62,0.0
20200331:0409,0.0,0.0,12.11,4.48,0.0
20200331:0509,0.0,0.0,11.49,4.28,0.0
20200331:0609,65.58,6.34,11.0,4.21,0.0
20200331:0709,323.46,18.97,12.8,4.55,0.0
20200331:0809,438.55,31.33,15.46,6.07,0.0
20200331:0909,772.03,43.02,17.87,7.59,0.0
20200331:1009,986.86,53.19,19.87,8.41,0.0
20200331:1109,1065.73,60.13,21.42,8.14,0.0
20200331:1209,1100.23,61.31,22.63,7.59,0.0
20200331:1309,1047.29,56.12,23.67,7.31,0.0
20200331:1409,858.08,46.82,24.4,7.17,0.0
20200331:1509,630.26,35.53,24.71,6.97,0.0
20200331:1609,422.01,23.34,24.71,6.76,0.0
20200331:1709,130.37,10.77,24.35,6.69,0.0
20200331:1809,0.0,0.0,23.24,5.52,0.0
20200331:1909,0.0,0.0,21.76,5.24,0.0
20200331:2009,0.0,0.0,20.57,5.31,0.0
20200331:2109,0.0,0.0,19.51,5.45,0.0
20200331:2209,0.0,0.0,18.55,5.45,0.0
20200331:2309,0.0,0.0,17.72,5.24,0.0
20200401:0009,0.0,0.0,16.98,5.17,0.0
20200401:0109,0.0,0.0,16.38,5.17,0.0
20200401:0209,0.0,0.0,15.78,5.03,0.0
20200401:0309,0.0,0.0,15.23,4.9,0.0
20200401:0409,0.0,0.0,14.69,4.9,0.0
20200401:0509,0.0,0.0,14.07,4.69,0.0
20200401:0609,62.0,6.62,13.46,4.34,0.0
20200401:0709,301.42,19.24,15.18,4.55,0.0
20200401:0809,552.24,31.62,17.96,5.52,0.0
20200401:0909,824.37,43.34,20.98,5.93,0.0
20200401:1009,1006.71,53.55,23.87,6.07,0.0
20200401:1109,1081.85,60.52,26.3,6.21,0.0
20200401:1209,1088.64,61.68,28.12,6.76,0.0
20200401:1309,1042.3,56.41,29.15,8.34,0.0
20200401:1409,905.81,47.04,29.5,9.1,0.0
20200401:1509,675.14,35.71,29.46,9.1,0.0
20200401:1609,424.09,23.49,29.1,8.9,0.0
20200401:1709,140.6,10.91,28.36,8.07,0.0
20200401:1809,0.0,0.0,27.02,5.86,0.0
20200401:1909,0.0,0.0,25.74,5.52,0.0
20200401:2009,0.0,0.0,24.11,4.48,0.0
20200401:2109,0.0,0.0,22.13,3.93,0.0
20200401:2209,0.0,0.0,20.27,5.24,0.0
20200401:2309,0.0,0.0,19.04,5.72,0.0
20200402:0009,0.0,0.0,18.1,5.86,0.0
20200402:0109,0.0,0.0,16.99,5.52,0.0
20200402:0209,0.0,0.0,16.02,5.1,0.0
20200402:0309,0.0,0.0,15.13,4.9,0.0
20200402:0409,0.0,0.0,14.35,4.9,0.0
20200402:0509,0.0,0.0,13.57,5.17,0.0
20200402:0609,66.17,6.89,12.99,5.72,0.0
20200402:0709,313.07,19.52,14.89,5.79,0.0
20200402:0809,502.63,31.91,16.92,6.9,0.0
20200402:0909,828.56,43.65,18.98,7.31,0.0
20200402:1009,965.15,53.91,20.79,7.59,0.0
20200402:1109,1098.74,60.92,22.21,7.24,0.0
20200402:1209,1129.86,62.05,23.26,6.48,0.0
20200402:1309,991.87,56.69,23.99,5.59,0.0
20200402:1409,886.86,47.25,24.38,4.69,0.0
20200402:1509,657.41,35.88,24.46,3.93,0.0
20200402:1609,319.85,23.64,24.29,3.52,0.0
20200402:1709,145.26,11.05,23.87,3.59,0.0
20200402:1809,0.0,0.0,23.17,3.86,0.0
20200402:1909,0.0,0.0,22.11,3.38,0.0
20200402:2009,0.0,0.0,21.27,3.45,0.0
20200402:2109,0.0,0.0,20.39,4.14,0.0
20200402:2209,0.0,0.0,19.38,5.79,0.0
20200402:2309,0.0,0.0,18.07,6.62,0.0
20200403:0009,0.0,0.0,16.91,6.48,0.0
20200403:0109,0.0,0.0,15.9,6.69,0.0
20200403:0209,0.0,0.0,14.67,6.97,0.0
20200403:0309,0.0,0.0,13.75,6.14,0.0
20200403:0409,0.0,0.0,12.73,5.66,0.0
20200403:0509,0.0,0.0,11.94,5.59,0.0
20200403:0609,8.51,7.16,11.27,5.45,0.0
20200403:0709,39.73,19.79,11.85,6.34,0.0
20200403:0809,617.53,32.2,12.18,7.17,0.0
20200403:0909,858.04,43.96,13.35,7.86,0.0
20200403:1009,1003.93,54.26,14.87,8.0,0.0
20200403:1109,1140.01,61.3,16.45,7.79,0.0
20200403:1209,1129.22,62.42,17.82,7.59,0.0
20200403:1309,1082.84,56.98,19.01,7.38,0.0
20200403:1409,905.66,47.47,19.76,7.38,0.0
20200403:1509,668.31,36.05,20.16,7.59,0.0
20200403:1609,386.76,23.79,20.17,7.66,0.0
20200403:1709,136.48,11.19,19.86,7.52,0.0
20200403:1809,0.0,0.0,19.02,6.55,0.0
20200403:1909,0.0,0.0,17.64,7.45,0.0
20200403:2009,0.0,0.0,16.37,7.52,0.0
20200403:2109,0.0,0.0,15.2,7.24,0.0
20200403:2209,0.0,0.0,14.04,6.69,0.0
20200403:2309,0.0,0.0,12.95,6.0,0.0
20200404:0009,0.0,0.0,11.92,5.59,0.0
20200404:0109,0.0,0.0,10.97,5.52,0.0
20200404:0209,0.0,0.0,10.13,5.24,0.0
20200404:0309,0.0,0.0,9.42,4.62,0.0
20200404:0409,0.0,0.0,8.75,4.34,0.0
20200404:0509,0.0,0.0,8.2,4.41,0.0
20200404:0609,77.72,7.43,7.85,4.55,0.0
20200404:0709,330.44,20.06,9.75,4.62,0.0
20200404:0809,580.83,32.48,12.02,5.66,0.0
20200404:0909,823.01,44.27,13.98,5.72,0.0
20200404:1009,1013.24,54.61,15.58,5.24,0.0
20200404:1109,1093.75,61.69,17.02,4.83,0.0
20200404:1209,1087.02,62.78,18.2,4.62,0.0
20200404:1309,1028.14,57.26,19.12,4.34,0.0
20200404:1409,896.91,47.68,19.7,4.0,0.0
20200404:1509,479.63,36.21,19.99,3.86,0.0
20200404:1609,400.24,23.93,19.97,3.72,0.0
20200404:1709,148.01,11.33,19.63,3.72,0.0
20200404:1809,0.0,0.0,18.95,3.31,0.0
20200404:1909,0.0,0.0,17.92,2.62,0.0
20200404:2009,0.0,0.0,16.96,2.62,0.0
20200404:2109,0.0,0.0,16.01,2.55,0.0
20200404:2209,0.0,0.0,15.1,2.48,0.0
20200404:2309,0.0,0.0,14.15,2.62,0.0
20200405:0009,0.0,0.0,13.26,2.76,0.0
20200405:0109,0.0,0.0,12.61,2.83,0.0
20200405:0209,0.0,0.0,11.89,2.76,0.0
20200405:0309,0.0,0.0,11.13,2.55,0.0
20200405:0409,0.0,0.0,10.32,2.41,0.0
20200405:0509,0.0,0.0,9.83,2.34,0.0
20200405:0609,77.13,7.69,10.0,2.41,0.0
20200405:0709,319.38,20.33,11.93,2.48,0.0
20200405:0809,590.0,32.76,15.68,3.45,0.0
20200405:0909,830.81,44.58,18.15,4.21,0.0
20200405:1009,971.43,54.96,19.85,4.14,0.0
20200405:1109,1079.82,62.08,21.19,3.93,0.0
20200405:1209,1097.87,63.14,22.29,3.79,0.0
20200405:1309,1037.31,57.54,23.13,3.66,0.0
20200405:1409,821.56,47.88,23.67,3.52,0.0
20200405:1509,654.75,36.38,24.06,3.59,0.0
20200405:1609,395.44,24.07,24.13,3.72,0.0
20200405:1709,140.35,11.47,23.88,3.52,0.0
20200405:1809,0.0,0.0,23.21,3.17,0.0
20200405:1909,0.0,0.0,22.28,3.52,0.0
20200405:2009,0.0,0.0,21.06,3.93,0.0
20200405:2109,0.0,0.0,19.96,4.55,0.0
20200405:2209,0.0,0.0,18.92,5.31,0.0
20200405:2309,0.0,0.0,18.11,5.24,0.0
20200406:0009,0.0,0.0,17.24,4.21,0.0
20200406:0109,0.0,0.0,16.21,3.79,0.0
20200406:0209,0.0,0.0,15.38,3.86,0.0
20200406:0309,0.0,0.0,14.78,3.93,0.0
20200406:0409,0.0,0.0,14.26,3.93,0.0
20200406:0509,0.0,0.0,13.56,4.0,0.0
20200406:0609,78.11,7.96,13.2,4.28,0.0
20200406:0709,325.33,20.6,15.56,4.76,0.0
20200406:0809,612.62,33.04,18.79,5.52,0.0
20200406:0909,809.96,44.88,21.71,5.93,0.0
20200406:1009,955.82,55.3,24.09,6.21,0.0
20200406:1109,1105.42,62.46,25.81,6.34,0.0
20200406:1209,1060.1,63.5,26.87,6.0,0.0
20200406:1309,1007.6,57.82,27.64,5.72,0.0
20200406:1409,884.72,48.09,28.13,5.45,0.0
20200406:1509,627.02,36.54,28.34,5.1,0.0
20200406:1609,348.07,24.22,28.23,4.76,0.0
20200406:1709,147.53,11.6,27.81,4.21,0.0
20200406:1809,0.0,0.0,27.06,3.03,0.0
20200406:1909,0.0,0.0,26.12,2.34,0.0
20200406:2009,0.0,0.0,24.9,3.79,0.0
20200406:2109,0.0,0.0,23.45,5.52,0.0
20200406:2209,0.0,0.0,21.9,5.93,0.0
20200406:2309,0.0,0.0,20.97,5.38,0.0
20200407:0009,0.0,0.0,20.08,4.62,0.0
20200407:0109,0.0,0.0,19.19,4.07,0.0
20200407:0209,0.0,0.0,18.24,4.0,0.0
20200407:0309,0.0,0.0,17.44,4.0,0.0
20200407:0409,0.0,0.0,16.64,3.79,0.0
20200407:0509,0.0,0.0,16.09,3.38,0.0
20200407:0609,79.79,8.22,15.56,3.03,0.0
20200407:0709,316.82,20.86,16.92,3.31,0.0
20200407:0809,571.81,33.32,18.96,4.9,0.0
20200407:0909,803.36,45.19,20.7,5.1,0.0
20200407:1009,923.43,55.64,22.32,4.9,0.0
20200407:1109,470.85,62.84,23.71,4.62,0.0
20200407:1209,232.71,63.86,24.84,4.41,0.0
20200407:1309,904.37,58.09,25.54,4.0,0.0
20200407:1409,891.86,48.29,25.97,3.45,0.0
20200407:1509,377.69,36.7,26.12,3.1,0.0
20200407:1609,381.12,24.36,26.19,3.31,0.0
20200407:1709,137.45,11.74,25.91,4.07,0.0
20200407:1809,0.0,0.0,25.01,4.97,0.0
20200407:1909,0.0,0.0,23.36,5.45,0.0
20200407:2009,0.0,0.0,22.11,5.79,0.0
20200407:2109,0.0,0.0,20.94,5.66,0.0
20200407:2209,0.0,0.0,19.91,5.24,0.0
20200407:2309,0.0,0.0,18.91,4.69,0.0
20200408:0009,0.0,0.0,18.0,4.14,0.0
20200408:0109,0.0,0.0,17.29,3.66,0.0
20200408:0209,0.0,0.0,16.65,3.38,0.0
20200408:0309,0.0,0.0,15.53,3.38,0.0
20200408:0409,0.0,0.0,14.68,3.59,0.0
20200408:0509,0.0,0.0,13.83,3.66,0.0
20200408:0609,84.84,8.48,13.14,3.45,0.0
20200408:0709,330.93,21.12,15.08,3.93,0.0
20200408:0809,577.7,33.59,17.46,4.76,0.0
20200408:0909,814.82,45.48,19.63,5.17,0.0
20200408:1009,972.01,55.98,21.61,5.03,0.0
20200408:1109,1077.61,63.22,23.25,4.69,0.0
20200408:1209,1088.34,64.22,24.65,4.28,0.0
20200408:1309,1049.86,58.36,25.6,3.72,0.0
20200408:1409,869.28,48.49,26.04,3.03,0.0
20200408:1509,651.34,36.86,26.15,2.55,0.0
20200408:1609,395.65,24.5,26.12,2.28,0.0
20200408:1709,112.66,11.87,25.91,2.21,0.0
20200408:1809,0.0,0.0,25.38,2.48,0.0
20200408:1909,0.0,0.0,24.09,3.93,0.0
20200408:2009,0.0,0.0,22.92,4.97,0.0
20200408:2109,0.0,0.0,21.67,5.45,0.0
20200408:2209,0.0,0.0,20.64,5.52,0.0
20200408:2309,0.0,0.0,19.87,5.24,0.0
20200409:0009,0.0,0.0,19.33,4.97,0.0
20200409:0109,0.0,0.0,18.94,4.48,0.0
20200409:0209,0.0,0.0,18.47,3.86,0.0
20200409:0309,0.0,0.0,17.94,3.24,0.0
20200409:0409,0.0,0.0,17.25,3.1,0.0
20200409:0509,0.0,0.0,16.63,3.1,0.0
20200409:0609,48.59,8.74,16.18,3.31,0.0
20200409:0709,181.06,21.38,17.0,3.45,0.0
20200409:0809,153.25,33.86,18.05,4.0,0.0
20200409:0909,367.6,45.78,19.46,4.55,0.0
20200409:1009,97.44,56.32,21.05,5.03,0.0
20200409:1109,90.81,63.6,22.69,5.31,0.0
20200409:1209,122.98,64.57,23.48,5.24,0.0
20200409:1309,216.63,58.62,24.9,5.1,0.0
20200409:1409,344.77,48.69,25.69,4.69,0.0
20200409:1509,261.2,37.02,25.65,3.93,0.0
20200409:1609,162.69,24.64,24.96,3.38,0.0
20200409:1709,95.28,12.01,23.69,2.28,0.0
20200409:1809,0.0,0.0,23.11,3.31,0.0
20200409:1909,0.0,0.0,22.46,2.76,0.0
20200409:2009,0.0,0.0,21.62,3.93,0.0
20200409:2109,0.0,0.0,20.13,5.03,0.0
20200409:2209,0.0,0.0,18.83,5.24,0.0
20200409:2309,0.0,0.0,18.23,4.62,0.0
20200410:0009,0.0,0.0,17.72,4.21,0.0
20200410:0109,0.0,0.0,17.35,3.79,0.0
20200410:0209,0.0,0.0,16.75,2.69,0.0
20200410:0309,0.0,0.0,16.27,1.86,0.0
20200410:0409,0.0,0.0,15.55,2.41,0.0
20200410:0509,0.0,0.0,14.89,2.97,0.0
20200410:0609,89.28,9.0,14.55,3.45,0.0
20200410:0709,185.68,21.64,16.38,3.79,0.0
20200410:0809,258.2,34.13,17.65,4.83,0.0
20200410:0909,260.98,46.07,18.99,5.17,0.0
20200410:1009,908.86,56.65,20.48,4.9,0.0
20200410:1109,384.01,63.98,21.66,3.66,0.0
20200410:1209,232.71,64.92,21.67,2.28,0.0
20200410:1309,158.92,58.89,21.95,1.72,0.0
20200410:1409,65.27,48.88,21.86,1.17,0.0
20200410:1509,211.49,37.17,22.25,0.0,0.0
20200410:1609,392.34,24.77,22.46,0.48,0.0
20200410:1709,138.58,12.14,22.63,1.17,0.0
20200410:1809,0.0,0.0,22.32,1.59,0.0
20200410:1909,0.0,0.0,21.02,3.17,0.0
20200410:2009,0.0,0.0,19.86,4.21,0.0
20200410:2109,0.0,0.0,18.2,5.03,0.0
20200410:2209,0.0,0.0,16.53,5.03,0.0
20200410:2309,0.0,0.0,15.26,4.41,0.0
20200411:0009,0.0,0.0,14.36,3.93,0.0
20200411:0109,0.0,0.0,13.53,3.86,0.0
20200411:0209,0.0,0.0,12.73,4.07,0.0
20200411:0309,0.0,0.0,12.08,4.34,0.0
20200411:0409,0.0,0.0,11.42,4.48,0.0
20200411:0509,0.0,0.0,10.86,4.28,0.0
20200411:0609,90.39,9.25,10.67,3.93,0.0
20200411:0709,331.25,21.89,12.59,4.55,0.0
20200411:0809,564.46,34.39,15.16,5.17,0.0
20200411:0909,734.82,46.36,17.4,5.66,0.0
20200411:1009,932.97,56.98,19.32,6.07,0.0
20200411:1109,1064.41,64.35,20.92,6.21,0.0
20200411:1209,1068.03,65.27,22.29,6.0,0.0
20200411:1309,1017.91,59.15,23.29,5.72,0.0
20200411:1409,865.58,49.07,23.9,5.45,0.0
20200411:1509,639.54,37.33,24.13,5.59,0.0
20200411:1609,392.71,24.91,24.0,6.07,0.0
20200411:1709,122.51,12.28,23.39,6.69,0.0
20200411:1809,0.0,0.0,22.32,6.55,0.0
20200411:1909,0.0,0.0,21.1,6.48,0.0
20200411:2009,0.0,0.0,20.23,6.62,0.0
20200411:2109,0.0,0.0,19.3,6.55,0.0
20200411:2209,0.0,0.0,18.42,6.14,0.0
20200411:2309,0.0,0.0,17.64,5.52,0.0
20200412:0009,0.0,0.0,16.9,5.1,0.0
20200412:0109,0.0,0.0,16.26,4.83,0.0
20200412:0209,0.0,0.0,15.6,4.83,0.0
20200412:0309,0.0,0.0,15.0,5.03,0.0
20200412:0409,0.0,0.0,14.26,5.17,0.0
20200412:0509,0.0,0.0,13.49,5.03,0.0
20200412:0609,89.82,9.5,13.14,5.1,0.0
20200412:0709,308.96,22.14,14.8,5.86,0.0
20200412:0809,574.9,34.65,16.9,6.83,0.0
20200412:0909,801.27,46.64,19.05,7.45,0.0
20200412:1009,975.41,57.31,21.02,8.0,0.0
20200412:1109,1067.56,64.72,22.69,8.21,0.0
20200412:1209,1070.11,65.61,23.96,8.28,0.0
20200412:1309,996.84,59.41,24.9,8.48,0.0
20200412:1409,876.49,49.26,25.53,8.69,0.0
20200412:1509,664.55,37.48,25.73,8.76,0.0
20200412:1609,398.02,25.05,25.6,8.69,0.0
20200412:1709,121.26,12.41,25.02,8.62,0.0
20200412:1809,0.0,0.0,23.9,7.79,0.0
20200412:1909,0.0,0.0,22.13,7.31,0.0
20200412:2009,0.0,0.0,21.21,7.31,0.0
20200412:2109,0.0,0.0,20.42,7.45,0.0
20200412:2209,0.0,0.0,19.67,7.45,0.0
20200412:2309,0.0,0.0,18.99,7.17,0.0
20200413:0009,0.0,0.0,18.31,6.62,0.0
20200413:0109,0.0,0.0,17.54,6.07,0.0
20200413:0209,0.0,0.0,16.69,5.66,0.0
20200413:0309,0.0,0.0,15.77,5.59,0.0
20200413:0409,0.0,0.0,14.92,5.86,0.0
20200413:0509,0.0,0.0,14.34,6.21,0.0
20200413:0609,98.78,9.75,14.05,6.48,0.0
20200413:0709,265.74,22.39,15.51,6.9,0.0
20200413:0809,599.84,34.91,17.44,7.31,0.0
20200413:0909,808.48,46.92,19.9,6.97,0.0
20200413:1009,1005.28,57.63,22.34,5.93,0.0
20200413:1109,1080.29,65.08,24.7,5.03,0.0
20200413:1209,1113.82,65.95,26.85,4.48,0.0
20200413:1309,722.01,59.66,28.89,4.34,0.0
20200413:1409,521.63,49.45,30.55,4.41,0.0
20200413:1509,675.96,37.63,32.19,6.21,0.0
20200413:1609,378.71,25.18,32.96,8.97,0.0
20200413:1709,98.07,12.54,31.97,9.59,0.0
20200413:1809,0.0,0.0,30.28,7.66,0.0
20200413:1909,0.0,0.0,28.64,6.28,0.0
20200413:2009,0.0,0.0,27.0,5.45,0.0
20200413:2109,0.0,0.0,25.42,5.59,0.0
20200413:2209,0.0,0.0,24.1,5.79,0.0
20200413:2309,0.0,0.0,22.86,5.79,0.0
20200414:0009,0.0,0.0,21.72,5.79,0.0
20200414:0109,0.0,0.0,20.79,6.0,0.0
20200414:0209,0.0,0.0,20.19,6.62,0.0
20200414:0309,0.0,0.0,19.73,7.24,0.0
20200414:0409,0.0,0.0,19.1,7.03,0.0
20200414:0509,0.0,0.0,18.19,6.34,0.0
20200414:0609,92.45,10.0,17.56,5.59,0.0
20200414:0709,332.37,22.64,18.09,4.48,0.0
20200414:0809,576.59,35.17,21.02,4.0,0.0
20200414:0909,828.95,47.2,23.91,3.59,0.0
20200414:1009,983.68,57.95,26.3,4.21,0.0
20200414:1109,1081.41,65.45,28.28,5.66,0.0
20200414:1209,1101.16,66.29,29.6,7.1,0.0
20200414:1309,1031.17,59.91,30.31,7.79,0.0
20200414:1409,867.91,49.63,30.62,8.28,0.0
20200414:1509,646.05,37.78,30.69,8.21,0.0
20200414:1609,387.22,25.31,30.72,8.14,0.0
20200414:1709,114.22,12.67,30.37,8.14,0.0
20200414:1809,0.0,0.0,29.28,6.83,0.0
20200414:1909,0.0,0.0,28.27,7.17,0.0
20200414:2009,0.0,0.0,27.17,7.24,0.0
20200414:2109,0.0,0.0,26.14,7.52,0.0
20200414:2209,0.0,0.0,25.17,8.07,0.0
20200414:2309,0.0,0.0,24.45,8.62,0.0
20200415:0009,0.0,0.0,23.81,8.48,0.0
20200415:0109,0.0,0.0,23.28,8.0,0.0
20200415:0209,0.0,0.0,22.9,7.59,0.0
20200415:0309,0.0,0.0,22.38,7.24,0.0
20200415:0409,0.0,0.0,21.95,6.97,0.0
20200415:0509,0.0,0.0,21.67,6.55,0.0
20200415:0609,36.89,10.24,21.47,6.0,0.0
20200415:0709,85.14,22.88,22.55,5.31,0.0
20200415:0809,210.67,35.42,23.85,5.93,0.0
20200415:0909,284.13,47.47,25.21,5.66,0.0
20200415:1009,160.82,58.26,26.24,5.17,0.0
20200415:1109,196.76,65.81,26.64,5.66,0.0
20200415:1209,1007.83,66.63,26.99,6.34,0.0
20200415:1309,618.15,60.16,27.09,6.48,0.0
20200415:1409,469.94,49.81,28.06,6.48,0.0
20200415:1509,203.67,37.93,28.55,6.41,0.0
20200415:1609,54.87,25.45,28.59,6.41,0.0
20200415:1709,114.21,12.81,28.24,6.34,0.0
20200415:1809,0.0,0.0,27.32,5.1,0.0
20200415:1909,0.0,0.0,24.59,7.1,0.0
20200415:2009,0.0,0.0,23.61,5.93,0.0
20200415:2109,0.0,0.0,23.1,5.52,0.0
20200415:2209,0.0,0.0,22.53,5.31,0.0
20200415:2309,0.0,0.0,21.34,4.83,0.0
20200416:0009,0.0,0.0,20.29,4.55,0.0
20200416:0109,0.0,0.0,19.29,4.28,0.0
20200416:0209,0.0,0.0,18.37,3.86,0.0
20200416:0309,0.0,0.0,17.51,3.45,0.0
20200416:0409,0.0,0.0,16.76,3.31,0.0
20200416:0509,0.0,0.0,16.09,3.38,0.0
20200416:0609,61.88,10.48,16.0,3.38,0.0
20200416:0709,302.95,23.12,18.72,3.38,0.0
20200416:0809,554.4,35.66,22.06,3.59,0.0
20200416:0909,790.74,47.74,24.76,3.38,0.0
20200416:1009,960.38,58.57,26.72,2.9,0.0
20200416:1109,1104.67,66.16,28.14,2.41,0.0
20200416:1209,945.94,66.96,29.03,2.62,0.0
20200416:1309,603.6,60.4,29.68,2.9,0.0
20200416:1409,269.19,49.99,29.99,3.03,0.0
20200416:1509,387.19,38.07,30.08,3.17,0.0
20200416:1609,375.77,25.58,30.23,3.24,0.0
20200416:1709,124.19,12.94,29.99,3.03,0.0
20200416:1809,0.0,0.0,29.46,2.9,0.0
20200416:1909,0.0,0.0,28.88,4.07,0.0
20200416:2009,0.0,0.0,27.62,4.55,0.0
20200416:2109,0.0,0.0,26.32,4.83,0.0
20200416:2209,0.0,0.0,25.33,4.9,0.0
20200416:2309,0.0,0.0,24.35,4.62,0.0
20200417:0009,0.0,0.0,23.52,4.21,0.0
20200417:0109,0.0,0.0,22.46,3.86,0.0
20200417:0209,0.0,0.0,21.57,3.66,0.0
20200417:0309,0.0,0.0,20.75,3.45,0.0
20200417:0409,0.0,0.0,19.96,3.17,0.0
20200417:0509,0.0,0.0,19.25,3.17,0.0
20200417:0609,100.09,10.71,19.05,3.1,0.0
20200417:0709,243.97,23.35,21.59,2.69,0.0
20200417:0809,246.63,35.91,25.16,3.52,0.0
20200417:0909,817.48,48.01,27.38,4.76,0.0
20200417:1009,931.14,58.88,28.86,5.79,0.0
20200417:1109,1064.77,66.52,29.91,6.41,0.0
20200417:1209,1100.62,67.29,30.64,6.62,0.0
20200417:1309,695.83,60.64,31.1,6.69,0.0
20200417:1409,650.98,50.17,31.32,6.62,0.0
20200417:1509,590.22,38.21,31.25,6.55,0.0
20200417:1609,344.09,25.71,30.87,6.41,0.0
20200417:1709,85.24,13.07,30.21,6.14,0.0
20200417:1809,0.0,0.0,29.37,5.38,0.0
20200417:1909,0.0,0.0,28.46,3.66,0.0
20200417:2009,0.0,0.0,27.55,3.38,0.0
20200417:2109,0.0,0.0,26.6,3.31,0.0
20200417:2209,0.0,0.0,25.73,3.59,0.0
20200417:2309,0.0,0.0,24.9,4.14,0.0
20200418:0009,0.0,0.0,23.79,4.41,0.0
20200418:0109,0.0,0.0,22.81,4.14,0.0
20200418:0209,0.0,0.0,21.94,3.72,0.0
20200418:0309,0.0,0.0,21.21,3.31,0.0
20200418:0409,0.0,0.0,20.49,3.17,0.0
20200418:0509,0.0,0.0,19.88,3.1,0.0
20200418:0609,93.03,10.95,19.6,2.9,0.0
20200418:0709,307.67,23.58,21.79,3.38,0.0
20200418:0809,492.41,36.14,24.32,4.41,0.0
20200418:0909,615.3,48.27,26.72,5.1,0.0
20200418:1009,967.57,59.18,28.63,5.59,0.0
20200418:1109,793.65,66.87,29.97,5.31,0.0
20200418:1209,378.99,67.62,30.86,5.03,0.0
20200418:1309,883.5,60.88,31.57,4.48,0.0
20200418:1409,669.76,50.34,31.83,3.66,0.0
20200418:1509,121.09,38.36,31.63,2.55,0.0
20200418:1609,145.76,25.84,31.27,1.52,0.0
20200418:1709,66.9,13.2,31.02,1.79,0.0
20200418:1809,0.0,0.0,30.63,2.34,0.0
20200418:1909,0.0,0.0,28.72,4.83,0.0
20200418:2009,0.0,0.0,27.56,5.72,0.0
20200418:2109,0.0,0.0,26.23,6.55,0.0
20200418:2209,0.0,0.0,24.84,6.62,0.0
20200418:2309,0.0,0.0,23.77,5.93,0.0
20200419:0009,0.0,0.0,22.59,6.14,0.0
20200419:0109,0.0,0.0,21.42,7.1,0.0
20200419:0209,0.0,0.0,20.71,8.34,0.0
20200419:0309,0.0,0.0,20.13,8.34,0.0
20200419:0409,0.0,0.0,20.09,7.79,0.0
20200419:0509,0.0,0.0,19.75,8.0,0.0
20200419:0609,25.54,11.18,19.54,7.66,0.0
20200419:0709,178.67,23.81,19.53,8.97,0.0
20200419:0809,105.0,36.38,20.02,9.17,0.0
20200419:0909,175.95,48.53,19.9,7.93,0.0
20200419:1009,734.88,59.47,19.71,6.76,0.0
20200419:1109,845.55,67.22,19.89,5.66,0.0
20200419:1209,965.98,67.94,20.77,5.38,0.0
20200419:1309,375.1,61.11,21.72,6.34,0.0
20200419:1409,111.63,50.51,21.3,7.45,0.0
20200419:1509,128.65,38.5,21.02,9.17,0.0
20200419:1609,70.95,25.97,19.97,9.59,0.0
20200419:1709,107.56,13.33,18.66,7.93,0.0
20200419:1809,0.0,0.0,18.23,7.17,0.0
20200419:1909,0.0,0.0,17.19,6.07,0.0
20200419:2009,0.0,0.0,16.51,7.31,0.0
20200419:2109,0.0,0.0,15.95,7.59,0.0
20200419:2209,0.0,0.0,15.64,8.14,0.0
20200419:2309,0.0,0.0,15.81,7.72,0.0
20200420:0009,0.0,0.0,15.71,9.03,0.0
20200420:0109,0.0,0.0,15.11,9.24,0.0
20200420:0209,0.0,0.0,14.66,8.97,0.0
20200420:0309,0.0,0.0,14.29,8.97,0.0
20200420:0409,0.0,0.0,14.03,8.97,0.0
20200420:0509,0.0,0.0,13.71,8.76,0.0
20200420:0609,112.23,11.4,13.73,8.55,0.0
20200420:0709,363.98,24.03,14.82,8.34,0.0
20200420:0809,613.31,36.61,16.12,9.66,0.0
20200420:0909,845.06,48.78,17.5,10.14,0.0
20200420:1009,1005.33,59.77,18.84,9.86,0.0
20200420:1109,1106.66,67.56,19.97,9.31,0.0
20200420:1209,1096.55,68.26,20.99,8.62,0.0
20200420:1309,1039.13,61.34,21.67,8.21,0.0
20200420:1409,813.56,50.68,22.13,8.28,0.0
20200420:1509,605.83,38.64,22.19,8.28,0.0
20200420:1609,294.86,26.1,21.95,8.0,0.0
20200420:1709,125.11,13.46,21.33,7.24,0.0
20200420:1809,0.0,0.0,19.86,5.93,0.0
20200420:1909,0.0,0.0,17.9,5.59,0.0
20200420:2009,0.0,0.0,16.78,6.0,0.0
20200420:2109,0.0,0.0,15.96,6.34,0.0
20200420:2209,0.0,0.0,15.23,6.28,0.0
20200420:2309,0.0,0.0,14.53,5.93,0.0
20200421:0009,0.0,0.0,13.77,5.31,0.0
20200421:0109,0.0,0.0,12.98,4.76,0.0
20200421:0209,0.0,0.0,12.18,4.62,0.0
20200421:0309,0.0,0.0,11.53,4.69,0.0
20200421:0409,0.0,0.0,11.13,4.83,0.0
20200421:0509,0.0,0.0,10.94,4.76,0.0
20200421:0609,112.82,11.63,11.28,4.21,0.0
20200421:0709,360.53,24.25,13.43,2.76,0.0
20200421:0809,599.0,36.84,16.43,2.14,0.0
20200421:0909,836.82,49.02,19.09,2.9,0.0
20200421:1009,995.68,60.05,21.18,4.55,0.0
20200421:1109,1072.11,67.9,22.51,6.21,0.0
20200421:1209,822.03,68.58,23.4,7.59,0.0
20200421:1309,887.54,61.57,23.93,8.34,0.0
20200421:1409,616.35,50.85,24.47,8.9,0.0
20200421:1509,547.23,38.77,24.64,9.17,0.0
20200421:1609,402.6,26.22,24.5,8.97,0.0
20200421:1709,132.79,13.59,23.32,6.48,0.0
20200421:1809,0.0,0.0,20.17,5.79,0.0
20200421:1909,0.0,0.0,15.8,9.52,0.0
20200421:2009,0.0,0.0,14.42,8.55,0.0
20200421:2109,0.0,0.0,13.78,7.93,0.0
20200421:2209,0.0,0.0,13.28,6.41,0.0
20200421:2309,0.0,0.0,13.09,4.41,0.0
20200422:0009,0.0,0.0,12.65,2.83,0.0
20200422:0109,0.0,0.0,12.48,2.34,0.0
20200422:0209,0.0,0.0,11.93,2.83,0.0
20200422:0309,0.0,0.0,11.35,3.72,0.0
20200422:0409,0.0,0.0,10.8,4.55,0.0
20200422:0509,0.0,0.0,10.35,5.38,0.0
20200422:0609,116.87,11.84,10.59,5.79,0.0
20200422:0709,360.0,24.47,12.84,4.69,0.0
20200422:0809,593.85,37.06,15.11,5.66,0.0
20200422:0909,828.79,49.27,16.35,5.79,0.0
20200422:1009,990.26,60.34,17.37,4.69,0.0
20200422:1109,1089.19,68.23,18.35,3.72,0.0
20200422:1209,1123.9,68.89,19.32,3.79,0.0
20200422:1309,1028.22,61.79,20.24,4.28,0.0
20200422:1409,878.61,51.01,20.93,4.83,0.0
20200422:1509,651.13,38.91,21.34,5.24,0.0
20200422:1609,392.14,26.35,21.46,5.38,0.0
20200422:1709,134.42,13.72,21.34,5.24,0.0
20200422:1809,0.0,0.0,20.56,3.86,0.0
20200422:1909,0.0,0.0,18.93,3.38,0.0
20200422:2009,0.0,0.0,17.56,3.52,0.0
20200422:2109,0.0,0.0,16.36,4.07,0.0
20200422:2209,0.0,0.0,15.42,4.55,0.0
20200422:2309,0.0,0.0,14.56,4.62,0.0
20200423:0009,0.0,0.0,13.8,4.9,0.0
20200423:0109,0.0,0.0,13.11,5.24,0.0
20200423:0209,0.0,0.0,12.44,5.45,0.0
20200423:0309,0.0,0.0,11.8,5.66,0.0
20200423:0409,0.0,0.0,11.22,5.79,0.0
20200423:0509,0.0,0.0,10.65,5.66,0.0
20200423:0609,117.86,12.06,10.7,5.45,0.0
20200423:0709,363.93,24.68,12.92,5.38,0.0
20200423:0809,611.04,37.28,15.25,5.38,0.0
20200423:0909,849.48,49.5,17.07,5.1,0.0
20200423:1009,1008.37,60.62,18.59,4.55,0.0
20200423:1109,1097.68,68.56,19.98,4.0,0.0
20200423:1209,1129.86,69.2,21.07,3.38,0.0
20200423:1309,1036.44,62.01,21.89,2.69,0.0
20200423:1409,880.5,51.18,22.52,2.41,0.0
20200423:1509,658.89,39.05,22.96,2.69,0.0
20200423:1609,400.62,26.48,23.08,2.76,0.0
20200423:1709,137.3,13.84,22.86,2.55,0.0
20200423:1809,0.0,0.0,22.32,2.28,0.0
20200423:1909,0.0,0.0,21.49,2.21,0.0
20200423:2009,0.0,0.0,20.23,2.62,0.0
20200423:2109,0.0,0.0,18.93,2.9,0.0
20200423:2209,0.0,0.0,17.69,2.97,0.0
20200423:2309,0.0,0.0,16.54,2.97,0.0
20200424:0009,0.0,0.0,15.36,2.83,0.0
20200424:0109,0.0,0.0,14.16,2.55,0.0
20200424:0209,0.0,0.0,13.12,2.41,0.0
20200424:0309,0.0,0.0,12.33,2.34,0.0
20200424:0409,0.0,0.0,12.19,2.07,0.0
20200424:0509,0.0,0.0,13.32,1.52,0.0
20200424:0609,119.83,12.27,14.32,1.17,0.0
20200424:0709,366.19,24.89,14.26,1.52,0.0
20200424:0809,610.52,37.49,18.08,2.62,0.0
20200424:0909,817.95,49.73,20.53,3.72,0.0
20200424:1009,991.58,60.89,22.49,4.07,0.0
20200424:1109,1090.19,68.89,24.02,3.72,0.0
20200424:1209,1124.38,69.51,25.21,3.1,0.0
20200424:1309,1028.99,62.23,26.2,2.76,0.0
20200424:1409,864.14,51.34,26.92,2.69,0.0
20200424:1509,633.98,39.18,27.33,3.1,0.0
20200424:1609,386.39,26.6,27.45,3.72,0.0
20200424:1709,98.68,13.97,27.13,4.28,0.0
20200424:1809,0.0,0.0,26.39,4.48,0.0
20200424:1909,0.0,0.0,25.23,4.41,0.0
20200424:2009,0.0,0.0,24.38,4.76,0.0
20200424:2109,0.0,0.0,23.48,5.1,0.0
20200424:2209,0.0,0.0,22.69,5.24,0.0
20200424:2309,0.0,0.0,21.83,4.97,0.0
20200425:0009,0.0,0.0,21.13,4.28,0.0
20200425:0109,0.0,0.0,20.36,3.72,0.0
20200425:0209,0.0,0.0,19.58,3.59,0.0
20200425:0309,0.0,0.0,18.98,3.66,0.0
20200425:0409,0.0,0.0,18.32,3.59,0.0
20200425:0509,0.0,0.0,17.96,3.1,0.0
20200425:0609,38.79,12.48,17.5,3.31,0.0
20200425:0709,294.83,25.09,18.83,2.69,0.0
20200425:0809,542.53,37.7,20.61,4.97,0.0
20200425:0909,394.95,49.96,23.11,6.55,0.0
20200425:1009,1011.12,61.16,25.27,8.69,0.0
20200425:1109,700.7,69.21,26.11,9.72,0.0
20200425:1209,950.34,69.81,26.66,8.48,0.0
20200425:1309,1006.87,62.45,27.3,6.76,0.0
20200425:1409,845.66,51.49,27.8,5.31,0.0
20200425:1509,605.77,39.31,28.52,4.69,0.0
20200425:1609,346.39,26.73,27.26,4.62,0.0
20200425:1709,139.39,14.1,26.28,2.97,0.0
20200425:1809,0.0,0.0,25.52,3.59,0.0
20200425:1909,0.0,0.0,25.13,0.76,0.0
20200425:2009,0.0,0.0,23.72,4.07,0.0
20200425:2109,0.0,0.0,21.73,6.48,0.0
20200425:2209,0.0,0.0,19.98,7.66,0.0
20200425:2309,0.0,0.0,18.74,8.55,0.0
20200426:0009,0.0,0.0,17.83,9.24,0.0
20200426:0109,0.0,0.0,17.01,8.97,0.0
20200426:0209,0.0,0.0,16.13,8.83,0.0
20200426:0309,0.0,0.0,15.23,8.69,0.0
20200426:0409,0.0,0.0,14.37,8.55,0.0
20200426:0509,0.0,0.0,13.62,8.41,0.0
20200426:0609,121.31,12.68,13.59,8.0,0.0
20200426:0709,368.67,25.29,15.39,8.28,0.0
20200426:0809,607.57,37.9,17.59,8.41,0.0
20200426:0909,838.68,50.18,19.88,8.14,0.0
20200426:1009,1010.24,61.42,21.73,7.24,0.0
20200426:1109,1107.6,69.53,23.09,5.79,0.0
20200426:1209,1113.41,70.11,24.17,4.62,0.0
20200426:1309,1033.62,62.66,25.09,4.21,0.0
20200426:1409,869.95,51.65,25.83,4.48,0.0
20200426:1509,647.45,39.44,26.22,4.83,0.0
20200426:1609,388.54,26.85,26.26,4.9,0.0
20200426:1709,137.09,14.23,25.93,4.76,0.0
20200426:1809,0.0,0.0,25.23,4.28,0.0
20200426:1909,0.0,0.0,24.13,3.31,0.0
20200426:2009,0.0,0.0,23.04,3.03,0.0
20200426:2109,0.0,0.0,21.85,3.03,0.0
20200426:2209,0.0,0.0,20.58,3.1,0.0
20200426:2309,0.0,0.0,19.36,3.31,0.0
20200427:0009,0.0,0.0,18.28,3.31,0.0
20200427:0109,0.0,0.0,17.3,2.97,0.0
20200427:0209,0.0,0.0,16.28,2.69,0.0
20200427:0309,0.0,0.0,15.38,2.9,0.0
20200427:0409,0.0,0.0,14.63,3.1,0.0
20200427:0509,0.0,0.0,13.98,3.17,0.0
20200427:0609,121.89,12.88,14.07,2.9,0.0
20200427:0709,358.07,25.48,17.31,2.83,0.0
20200427:0809,590.24,38.1,20.16,3.17,0.0
20200427:0909,801.76,50.4,22.43,3.66,0.0
20200427:1009,970.14,61.67,24.46,4.07,0.0
20200427:1109,1071.26,69.85,26.13,4.28,0.0
20200427:1209,1093.59,70.4,27.49,4.48,0.0
20200427:1309,999.71,62.86,28.54,4.55,0.0
20200427:1409,838.92,51.8,29.22,4.48,0.0
20200427:1509,621.27,39.57,29.62,4.55,0.0
20200427:1609,378.37,26.97,29.72,4.83,0.0
20200427:1709,134.07,14.36,29.5,5.17,0.0
20200427:1809,0.0,0.0,28.86,5.1,0.0
20200427:1909,0.0,0.0,27.4,3.93,0.0
20200427:2009,0.0,0.0,26.21,3.79,0.0
20200427:2109,0.0,0.0,25.04,4.07,0.0
20200427:2209,0.0,0.0,24.0,4.41,0.0
20200427:2309,0.0,0.0,23.05,4.62,0.0
20200428:0009,0.0,0.0,22.1,4.41,0.0
20200428:0109,0.0,0.0,21.15,4.07,0.0
20200428:0209,0.0,0.0,20.31,3.93,0.0
20200428:0309,0.0,0.0,19.57,3.86,0.0
20200428:0409,0.0,0.0,18.9,3.66,0.0
20200428:0509,0.0,0.0,18.39,3.52,0.0
20200428:0609,90.84,13.08,18.57,3.66,0.0
20200428:0709,253.68,25.67,20.41,3.86,0.0
20200428:0809,440.26,38.29,22.77,5.24,0.0
20200428:0909,808.41,50.61,25.16,6.62,0.0
20200428:1009,982.88,61.92,27.34,7.72,0.0
20200428:1109,1090.03,70.16,29.16,8.0,0.0
20200428:1209,1110.07,70.69,30.57,7.38,0.0
20200428:1309,1011.15,63.07,31.74,6.62,0.0
20200428:1409,840.28,51.95,32.64,5.79,0.0
20200428:1509,626.64,39.7,33.1,5.03,0.0
20200428:1609,384.13,27.1,33.26,4.48,0.0
20200428:1709,144.41,14.48,33.21,4.14,0.0
20200428:1809,0.0,0.0,32.49,2.97,0.0
20200428:1909,0.0,0.0,30.43,3.03,0.0
20200428:2009,0.0,0.0,28.81,3.31,0.0
20200428:2109,0.0,0.0,27.36,2.97,0.0
20200428:2209,0.0,0.0,25.47,2.0,0.0
20200428:2309,0.0,0.0,24.69,1.17,0.0
20200429:0009,0.0,0.0,22.27,2.55,0.0
20200429:0109,0.0,0.0,21.49,5.24,0.0
20200429:0209,0.0,0.0,20.4,8.21,0.0
20200429:0309,0.0,0.0,19.61,9.59,0.0
20200429:0409,0.0,0.0,18.75,9.03,0.0
20200429:0509,0.0,0.0,18.14,8.41,0.0
20200429:0609,124.25,13.27,18.25,8.28,0.0
20200429:0709,362.7,25.86,19.57,9.38,0.0
20200429:0809,598.92,38.48,21.35,10.69,0.0
20200429:0909,790.71,50.82,23.22,11.24,0.0
20200429:1009,988.03,62.17,24.87,11.1,0.0
20200429:1109,1093.91,70.46,26.25,10.21,0.0
20200429:1209,1097.53,70.98,27.41,9.17,0.0
20200429:1309,1018.98,63.27,28.32,8.14,0.0
20200429:1409,856.98,52.1,28.86,7.52,0.0
20200429:1509,624.83,39.83,29.06,7.03,0.0
20200429:1609,381.05,27.22,28.91,6.55,0.0
20200429:1709,136.49,14.61,28.45,6.14,0.0
20200429:1809,0.0,0.0,27.67,5.38,0.0
20200429:1909,0.0,0.0,26.28,3.31,0.0
20200429:2009,0.0,0.0,25.13,2.97,0.0
20200429:2109,0.0,0.0,23.97,2.83,0.0
20200429:2209,0.0,0.0,22.88,2.21,0.0
20200429:2309,0.0,0.0,21.74,2.41,0.0
20200430:0009,0.0,0.0,20.79,3.52,0.0
20200430:0109,0.0,0.0,19.98,4.48,0.0
20200430:0209,0.0,0.0,19.25,4.97,0.0
20200430:0309,0.0,0.0,18.42,4.9,0.0
20200430:0409,0.0,0.0,17.53,4.48,0.0
20200430:0509,0.0,0.0,16.65,4.07,0.0
20200430:0609,126.84,13.45,16.62,3.45,0.0
20200430:0709,363.09,26.04,18.86,3.86,0.0
20200430:0809,599.22,38.67,20.86,4.83,0.0
20200430:0909,815.43,51.02,22.67,4.9,0.0
20200430:1009,985.49,62.41,24.27,4.41,0.0
20200430:1109,1069.8,70.76,25.52,3.52,0.0
20200430:1209,1101.95,71.26,26.56,2.62,0.0
20200430:1309,1007.35,63.47,27.34,1.79,0.0
20200430:1409,845.81,52.25,27.9,1.03,0.0
20200430:1509,630.26,39.96,28.23,0.21,0.0
20200430:1609,385.43,27.34,28.4,0.21,0.0
20200430:1709,138.75,14.74,28.36,0.41,0.0
20200430:1809,6.34,2.38,28.15,0.83,0.0
20200430:1909,0.0,0.0,27.34,1.1,0.0
20200430:2009,0.0,0.0,26.43,1.93,0.0
20200430:2109,0.0,0.0,25.18,2.9,0.0
20200430:2209,0.0,0.0,24.02,3.66,0.0
20200430:2309,0.0,0.0,22.99,3.79,0.0
20200501:0009,0.0,0.0,22.0,3.59,0.0
20200501:0109,0.0,0.0,21.0,3.24,0.0
20200501:0209,0.0,0.0,19.87,2.83,0.0
20200501:0309,0.0,0.0,18.67,2.76,0.0
20200501:0409,0.0,0.0,17.59,2.83,0.0
20200501:0509,0.0,0.0,16.65,2.9,0.0
20200501:0609,127.34,13.63,16.67,2.69,0.0
20200501:0709,311.45,26.22,20.24,2.41,0.0
20200501:0809,611.41,38.85,23.84,3.1,0.0
20200501:0909,824.63,51.22,26.22,3.38,0.0
20200501:1009,976.67,62.64,28.15,3.31,0.0
20200501:1109,1088.26,71.05,29.38,2.97,0.0
20200501:1209,1100.9,71.54,30.41,2.97,0.0
20200501:1309,982.2,63.66,31.19,3.03,0.0
20200501:1409,837.25,52.4,31.73,3.1,0.0
20200501:1509,549.57,40.08,31.94,3.1,0.0
20200501:1609,337.02,27.46,31.82,2.97,0.0
20200501:1709,146.29,14.86,31.55,2.76,0.0
20200501:1809,5.43,2.52,31.09,2.34,0.0
20200501:1909,0.0,0.0,30.36,2.48,0.0
20200501:2009,0.0,0.0,29.02,3.17,0.0
20200501:2109,0.0,0.0,27.65,3.59,0.0
20200501:2209,0.0,0.0,26.24,3.59,0.0
20200501:2309,0.0,0.0,24.9,3.52,0.0
20200502:0009,0.0,0.0,23.75,4.0,0.0
20200502:0109,0.0,0.0,22.76,4.34,0.0
20200502:0209,0.0,0.0,21.84,4.28,0.0
20200502:0309,0.0,0.0,21.05,4.55,0.0
20200502:0409,0.0,0.0,20.39,5.17,0.0
20200502:0509,0.0,0.0,19.77,5.45,0.0
20200502:0609,129.06,13.81,20.0,5.59,0.0
20200502:0709,369.58,26.39,21.82,6.07,0.0
20200502:0809,608.73,39.02,24.28,6.76,0.0
20200502:0909,815.55,51.41,26.38,6.76,0.0
20200502:1009,980.13,62.87,28.1,6.28,0.0
20200502:1109,1069.3,71.34,29.48,5.45,0.0
20200502:1209,1072.85,71.82,30.54,4.48,0.0
20200502:1309,990.71,63.85,31.3,3.79,0.0
20200502:1409,835.77,52.54,31.82,3.45,0.0
20200502:1509,618.6,40.2,32.09,3.45,0.0
20200502:1609,387.33,27.58,32.05,3.45,0.0
20200502:1709,147.13,14.99,31.74,3.45,0.0
20200502:1809,8.15,2.65,31.04,3.24,0.0
20200502:1909,0.0,0.0,29.55,3.03,0.0
20200502:2009,0.0,0.0,28.28,3.03,0.0
20200502:2109,0.0,0.0,26.98,3.03,0.0
20200502:2209,0.0,0.0,25.74,2.97,0.0
20200502:2309,0.0,0.0,24.49,2.83,0.0
20200503:0009,0.0,0.0,23.09,2.41,0.0
20200503:0109,0.0,0.0,22.3,1.86,0.0
20200503:0209,0.0,0.0,23.92,1.17,0.0
20200503:0309,0.0,0.0,23.6,0.21,0.0
20200503:0409,0.0,0.0,19.38,2.21,0.0
20200503:0509,0.0,0.0,18.03,3.52,0.0
20200503:0609,130.22,13.99,17.97,3.24,0.0
20200503:0709,368.36,26.56,21.69,2.83,0.0
20200503:0809,602.61,39.19,25.84,3.03,0.0
20200503:0909,818.1,51.59,28.15,3.1,0.0
20200503:1009,972.56,63.09,29.65,2.55,0.0
20200503:1109,1049.23,71.63,30.68,1.79,0.0
20200503:1209,1075.21,72.09,31.51,1.52,0.0
20200503:1309,993.09,64.04,32.23,1.52,0.0
20200503:1409,838.22,52.68,32.72,1.45,0.0
20200503:1509,624.81,40.33,32.97,1.24,0.0
20200503:1609,387.47,27.7,33.01,1.1,0.0
20200503:1709,148.62,15.11,32.82,1.24,0.0
20200503:1809,9.05,2.79,32.39,1.59,0.0
20200503:1909,0.0,0.0,31.3,2.62,0.0
20200503:2009,0.0,0.0,29.93,3.24,0.0
20200503:2109,0.0,0.0,28.49,3.52,0.0
20200503:2209,0.0,0.0,27.04,3.52,0.0
20200503:2309,0.0,0.0,25.67,3.31,0.0
20200504:0009,0.0,0.0,24.29,2.9,0.0
20200504:0109,0.0,0.0,22.83,2.48,0.0
20200504:0209,0.0,0.0,21.64,1.86,0.0
20200504:0309,0.0,0.0,23.06,1.17,0.0
20200504:0409,0.0,0.0,22.9,0.76,0.0
20200504:0509,0.0,0.0,22.49,0.97,0.0
20200504:0609,132.46,14.15,22.04,1.24,0.0
20200504:0709,374.52,26.72,21.98,1.59,0.0
20200504:0809,619.9,39.36,25.87,1.93,0.0
20200504:0909,829.26,51.77,28.13,2.62,0.0
20200504:1009,986.06,63.31,30.11,3.24,0.0
20200504:1109,1080.09,71.91,31.6,3.59,0.0
20200504:1209,1094.58,72.36,32.67,3.52,0.0
20200504:1309,1010.29,64.22,33.44,3.38,0.0
20200504:1409,872.74,52.82,33.99,3.38,0.0
20200504:1509,596.64,40.45,34.26,3.72,0.0
20200504:1609,391.6,27.82,34.2,4.14,0.0
20200504:1709,150.9,15.24,33.73,4.48,0.0
20200504:1809,8.15,2.93,32.82,4.34,0.0
20200504:1909,0.0,0.0,31.24,3.59,0.0
20200504:2009,0.0,0.0,29.79,3.38,0.0
20200504:2109,0.0,0.0,28.46,3.17,0.0
20200504:2209,0.0,0.0,27.11,3.03,0.0
20200504:2309,0.0,0.0,25.65,2.76,0.0
20200505:0009,0.0,0.0,24.1,2.48,0.0
20200505:0109,0.0,0.0,23.0,2.34,0.0
20200505:0209,0.0,0.0,22.55,2.14,0.0
20200505:0309,0.0,0.0,22.59,1.93,0.0
20200505:0409,0.0,0.0,23.17,1.66,0.0
20200505:0509,0.0,0.0,23.29,1.59,0.0
20200505:0609,132.71,14.32,21.99,1.79,0.0
20200505:0709,366.46,26.88,22.32,2.21,0.0
20200505:0809,599.05,39.52,27.31,3.31,0.0
20200505:0909,803.04,51.94,29.94,4.62,0.0
20200505:1009,974.57,63.52,32.05,5.59,0.0
20200505:1109,1068.41,72.18,33.55,5.72,0.0
20200505:1209,1076.89,72.62,34.58,5.52,0.0
20200505:1309,983.95,64.4,35.38,5.31,0.0
20200505:1409,825.73,52.96,35.88,5.24,0.0
20200505:1509,618.97,40.57,36.14,5.31,0.0
20200505:1609,378.7,27.93,36.1,5.45,0.0
20200505:1709,146.49,15.36,35.66,5.31,0.0
20200505:1809,11.77,3.07,34.59,4.28,0.0
20200505:1909,0.0,0.0,32.91,3.72,0.0
20200505:2009,0.0,0.0,31.37,3.72,0.0
20200505:2109,0.0,0.0,29.98,3.86,0.0
20200505:2209,0.0,0.0,28.68,3.86,0.0
20200505:2309,0.0,0.0,27.47,3.59,0.0
20200506:0009,0.0,0.0,26.19,3.1,0.0
20200506:0109,0.0,0.0,24.74,2.62,0.0
20200506:0209,0.0,0.0,24.08,2.21,0.0
20200506:0309,0.0,0.0,25.62,1.52,0.0
20200506:0409,0.0,0.0,26.31,0.97,0.0
20200506:0509,0.0,0.0,25.89,1.03,0.0
20200506:0609,122.67,14.48,25.19,1.45,0.0
20200506:0709,345.53,27.03,23.73,2.28,0.0
20200506:0809,560.71,39.67,28.55,3.72,0.0
20200506:0909,776.46,52.11,31.11,5.17,0.0
20200506:1009,968.02,63.72,33.46,5.86,0.0
20200506:1109,1077.54,72.45,35.65,6.28,0.0
20200506:1209,1081.02,72.88,37.3,6.69,0.0
20200506:1309,971.35,64.58,38.35,6.83,0.0
20200506:1409,793.17,53.09,38.9,6.9,0.0
20200506:1509,601.78,40.69,39.16,7.03,0.0
20200506:1609,362.2,28.05,39.09,6.97,0.0
20200506:1709,144.51,15.48,38.59,6.62,0.0
20200506:1809,9.96,3.2,37.32,5.03,0.0
20200506:1909,0.0,0.0,34.98,5.03,0.0
20200506:2009,0.0,0.0,33.27,5.03,0.0
20200506:2109,0.0,0.0,31.82,5.17,0.0
20200506:2209,0.0,0.0,30.54,4.97,0.0
20200506:2309,0.0,0.0,29.35,4.55,0.0
20200507:0009,0.0,0.0,28.26,4.14,0.0
20200507:0109,0.0,0.0,27.04,3.72,0.0
20200507:0209,0.0,0.0,25.68,3.31,0.0
20200507:0309,0.0,0.0,24.11,2.76,0.0
20200507:0409,0.0,0.0,23.47,2.14,0.0
20200507:0509,7.24,2.4,25.49,1.31,0.0
20200507:0609,133.28,14.63,25.21,0.55,0.0
20200507:0709,356.07,27.18,26.4,0.48,0.0
20200507:0809,594.85,39.82,28.95,0.55,0.0
20200507:0909,817.87,52.27,31.64,1.03,0.0
20200507:1009,948.86,63.92,34.34,1.59,0.0
20200507:1109,1057.31,72.71,36.88,2.28,0.0
20200507:1209,1076.65,73.13,39.02,3.79,0.0
20200507:1309,645.44,64.76,40.15,5.03,0.0
20200507:1409,827.02,53.23,40.47,5.79,0.0
20200507:1509,516.18,40.81,40.26,6.14,0.0
20200507:1609,294.3,28.17,39.8,5.93,0.0
20200507:1709,83.29,15.61,39.19,5.03,0.0
20200507:1809,7.24,3.34,38.04,3.1,0.0
20200507:1909,0.0,0.0,35.79,2.9,0.0
20200507:2009,0.0,0.0,33.63,4.21,0.0
20200507:2109,0.0,0.0,31.97,4.62,0.0
20200507:2209,0.0,0.0,30.64,5.38,0.0
20200507:2309,0.0,0.0,28.71,6.55,0.0
20200508:0009,0.0,0.0,26.66,6.9,0.0
20200508:0109,0.0,0.0,24.98,6.28,0.0
20200508:0209,0.0,0.0,23.47,5.45,0.0
20200508:0309,0.0,0.0,22.26,5.66,0.0
20200508:0409,0.0,0.0,21.14,6.48,0.0
20200508:0509,6.34,2.56,20.11,6.41,0.0
20200508:0609,121.59,14.78,19.7,6.34,0.0
20200508:0709,174.9,27.32,20.08,7.1,0.0
20200508:0809,462.03,39.96,21.27,7.38,0.0
20200508:0909,587.67,52.43,22.85,7.24,0.0
20200508:1009,982.59,64.11,24.56,6.55,0.0
20200508:1109,820.48,72.97,26.43,5.66,0.0
20200508:1209,604.42,73.38,28.42,4.76,0.0
20200508:1309,178.79,64.93,29.78,4.07,0.0
20200508:1409,633.17,53.36,30.44,3.79,0.0
20200508:1509,385.99,40.92,30.71,4.07,0.0
20200508:1609,181.65,28.28,30.77,4.34,0.0
20200508:1709,96.53,15.73,30.45,4.28,0.0
20200508:1809,6.34,3.48,29.66,3.86,0.0
20200508:1909,0.0,0.0,28.0,3.79,0.0
20200508:2009,0.0,0.0,27.3,3.31,0.0
20200508:2109,0.0,0.0,26.69,3.17,0.0
20200508:2209,0.0,0.0,26.12,3.17,0.0
20200508:2309,0.0,0.0,25.4,3.17,0.0
20200509:0009,0.0,0.0,24.43,3.17,0.0
20200509:0109,0.0,0.0,23.69,2.76,0.0
20200509:0209,0.0,0.0,23.03,2.48,0.0
20200509:0309,0.0,0.0,22.46,2.41,0.0
20200509:0409,0.0,0.0,22.05,2.55,0.0
20200509:0509,2.72,2.72,22.12,4.14,0.0
20200509:0609,61.49,14.93,22.87,5.17,0.0
20200509:0709,147.3,27.46,23.21,2.21,0.0
20200509:0809,167.44,40.1,24.45,2.97,0.0
20200509:0909,218.52,52.58,25.45,3.31,0.0
20200509:1009,657.89,64.3,26.82,2.9,0.0
20200509:1109,85.14,73.22,27.69,2.83,0.0
20200509:1209,85.14,73.63,28.32,4.76,0.0
20200509:1309,491.32,65.1,29.29,5.79,0.0
20200509:1409,196.76,53.49,31.04,5.1,0.0
20200509:1509,379.83,41.04,32.38,3.72,0.0
20200509:1609,310.93,28.4,33.05,3.45,0.0
20200509:1709,101.21,15.85,33.24,4.83,0.0
20200509:1809,5.43,3.61,32.63,4.34,0.0
20200509:1909,0.0,0.0,31.2,3.52,0.0
20200509:2009,0.0,0.0,29.51,3.72,0.0
20200509:2109,0.0,0.0,28.17,3.72,0.0
20200509:2209,0.0,0.0,26.78,3.45,0.0
20200509:2309,0.0,0.0,25.6,3.03,0.0
20200510:0009,0.0,0.0,24.39,3.03,0.0
20200510:0109,0.0,0.0,23.24,3.59,0.0
20200510:0209,0.0,0.0,22.38,4.34,0.0
20200510:0309,0.0,0.0,21.85,4.41,0.0
20200510:0409,0.0,0.0,21.46,4.48,0.0
20200510:0509,8.15,2.88,21.25,4.83,0.0
20200510:0609,138.0,15.07,22.29,5.24,0.0
20200510:0709,361.75,27.6,24.34,4.97,0.0
20200510:0809,614.9,40.24,27.77,6.9,0.0
20200510:0909,787.48,52.73,31.01,8.69,0.0
20200510:1009,942.42,64.47,33.7,9.93,0.0
20200510:1109,1044.39,73.46,35.7,10.34,0.0
20200510:1209,943.8,73.87,36.92,10.69,0.0
20200510:1309,789.49,65.26,37.4,11.17,0.0
20200510:1409,600.6,53.62,37.23,10.97,0.0
20200510:1509,445.57,41.15,36.63,10.48,0.0
20200510:1609,299.88,28.51,35.98,9.86,0.0
20200510:1709,122.58,15.97,34.93,8.97,0.0
20200510:1809,9.96,3.75,33.5,7.1,0.0
20200510:1909,0.0,0.0,31.86,5.52,0.0
20200510:2009,0.0,0.0,30.35,5.66,0.0
20200510:2109,0.0,0.0,28.79,6.21,0.0
20200510:2209,0.0,0.0,27.34,6.55,0.0
20200510:2309,0.0,0.0,25.95,7.1,0.0
20200511:0009,0.0,0.0,23.94,7.93,0.0
20200511:0109,0.0,0.0,21.87,8.14,0.0
20200511:0209,0.0,0.0,20.31,7.79,0.0
20200511:0309,0.0,0.0,19.34,7.24,0.0
20200511:0409,0.0,0.0,18.6,6.41,0.0
20200511:0509,10.86,3.02,17.88,5.52,0.0
20200511:0609,135.87,15.21,18.12,4.83,0.0
20200511:0709,361.75,27.72,19.7,4.62,0.0
20200511:0809,597.58,40.37,21.77,4.62,0.0
20200511:0909,804.37,52.87,23.81,4.21,0.0
20200511:1009,959.31,64.65,25.65,3.66,0.0
20200511:1109,1060.95,73.7,27.21,2.9,0.0
20200511:1209,1057.51,74.11,28.46,2.28,0.0
20200511:1309,976.01,65.43,29.46,1.86,0.0
20200511:1409,828.96,53.74,30.25,1.86,0.0
20200511:1509,625.01,41.27,30.77,2.28,0.0
20200511:1609,386.65,28.63,30.98,2.83,0.0
20200511:1709,151.34,16.09,30.81,3.52,0.0
20200511:1809,19.91,3.88,30.24,4.14,0.0
20200511:1909,0.0,0.0,28.96,4.21,0.0
20200511:2009,0.0,0.0,27.77,4.14,0.0
20200511:2109,0.0,0.0,26.59,4.07,0.0
20200511:2209,0.0,0.0,25.41,4.14,0.0
20200511:2309,0.0,0.0,24.31,4.21,0.0
20200512:0009,0.0,0.0,23.26,4.0,0.0
20200512:0109,0.0,0.0,22.28,3.93,0.0
20200512:0209,0.0,0.0,21.38,3.86,0.0
20200512:0309,0.0,0.0,20.57,4.07,0.0
20200512:0409,0.0,0.0,19.89,4.34,0.0
20200512:0509,11.77,3.17,19.32,4.48,0.0
20200512:0609,136.68,15.34,19.93,4.62,0.0
20200512:0709,358.57,27.85,22.37,5.52,0.0
20200512:0809,597.33,40.49,24.91,7.17,0.0
20200512:0909,815.75,53.0,27.25,8.21,0.0
20200512:1009,977.78,64.81,29.32,8.07,0.0
20200512:1109,1079.45,73.93,31.35,7.24,0.0
20200512:1209,1081.84,74.34,33.5,7.03,0.0
20200512:1309,995.33,65.59,35.69,8.34,0.0
20200512:1409,823.9,53.87,37.29,10.69,0.0
20200512:1509,599.73,41.38,37.4,11.86,0.0
20200512:1609,361.18,28.74,37.08,12.41,0.0
20200512:1709,147.04,16.21,36.44,12.14,0.0
20200512:1809,11.77,4.01,35.46,10.07,0.0
20200512:1909,0.0,0.0,34.02,9.17,0.0
20200512:2009,0.0,0.0,32.71,8.34,0.0
20200512:2109,0.0,0.0,31.27,7.72,0.0
20200512:2209,0.0,0.0,29.73,7.17,0.0
20200512:2309,0.0,0.0,28.39,6.48,0.0
20200513:0009,0.0,0.0,27.27,5.86,0.0
20200513:0109,0.0,0.0,26.31,5.17,0.0
20200513:0209,0.0,0.0,25.41,4.62,0.0
20200513:0309,0.0,0.0,24.79,4.34,0.0
20200513:0409,0.0,0.0,24.13,4.0,0.0
20200513:0509,9.96,3.31,23.12,3.45,0.0
20200513:0609,114.86,15.47,23.03,3.31,0.0
20200513:0709,297.98,27.97,25.95,3.93,0.0
20200513:0809,526.45,40.61,28.13,4.41,0.0
20200513:0909,706.35,53.13,30.17,5.03,0.0
20200513:1009,818.04,64.97,31.85,6.76,0.0
20200513:1109,767.81,74.16,33.43,8.28,0.0
20200513:1209,892.36,74.57,34.55,9.45,0.0
20200513:1309,437.63,65.74,35.23,10.55,0.0
20200513:1409,614.09,53.99,35.49,11.24,0.0
20200513:1509,495.96,41.49,35.17,11.45,0.0
20200513:1609,366.6,28.85,34.38,11.45,0.0
20200513:1709,148.83,16.33,33.41,11.38,0.0
20200513:1809,20.82,4.14,32.1,9.72,0.0
20200513:1909,0.0,0.0,30.75,8.83,0.0
20200513:2009,0.0,0.0,29.48,8.48,0.0
20200513:2109,0.0,0.0,28.32,8.76,0.0
20200513:2209,0.0,0.0,27.22,9.03,0.0
20200513:2309,0.0,0.0,26.24,8.9,0.0
20200514:0009,0.0,0.0,25.44,8.76,0.0
20200514:0109,0.0,0.0,24.78,8.76,0.0
20200514:0209,0.0,0.0,24.21,8.41,0.0
20200514:0309,0.0,0.0,23.55,8.07,0.0
20200514:0409,0.0,0.0,22.91,7.86,0.0
20200514:0509,17.2,3.44,22.3,7.79,0.0
20200514:0609,139.85,15.59,22.65,8.07,0.0
20200514:0709,300.88,28.08,24.49,8.0,0.0
20200514:0809,631.28,40.72,25.99,9.93,0.0
20200514:0909,308.77,53.25,27.27,10.55,0.0
20200514:1009,362.19,65.13,28.15,9.79,0.0
20200514:1109,578.67,74.38,28.94,8.97,0.0
20200514:1209,405.48,74.79,29.56,8.28,0.0
20200514:1309,478.27,65.9,30.14,7.86,0.0
20200514:1409,680.15,54.11,30.41,7.52,0.0
20200514:1509,314.87,41.6,30.56,7.38,0.0
20200514:1609,154.85,28.96,30.36,7.24,0.0
20200514:1709,114.04,16.45,29.87,6.9,0.0
20200514:1809,22.63,4.27,29.16,5.86,0.0
20200514:1909,0.0,0.0,27.81,3.52,0.0
20200514:2009,0.0,0.0,26.99,2.14,0.0
20200514:2109,0.0,0.0,26.01,1.52,0.0
20200514:2209,0.0,0.0,25.03,0.97,0.0
20200514:2309,0.0,0.0,25.02,0.41,0.0
20200515:0009,0.0,0.0,23.26,1.31,0.0
20200515:0109,0.0,0.0,21.81,2.55,0.0
20200515:0209,0.0,0.0,21.41,3.38,0.0
20200515:0309,0.0,0.0,20.95,4.14,0.0
20200515:0409,0.0,0.0,20.65,4.07,0.0
20200515:0509,10.86,3.57,20.07,3.03,0.0
20200515:0609,92.41,15.7,21.36,0.83,0.0
20200515:0709,351.65,28.19,21.97,1.03,0.0
20200515:0809,389.55,40.83,24.56,1.66,0.0
20200515:0909,623.86,53.37,27.06,2.76,0.0
20200515:1009,865.61,65.27,28.61,3.72,0.0
20200515:1109,393.75,74.59,30.0,4.9,0.0
20200515:1209,603.43,75.01,30.81,6.28,0.0
20200515:1309,245.01,66.05,31.12,6.55,0.0
20200515:1409,386.86,54.23,30.83,6.28,0.0
20200515:1509,393.92,41.71,30.51,5.93,0.0
20200515:1609,320.1,29.07,30.15,5.93,0.0
20200515:1709,153.91,16.57,29.8,6.21,0.0
20200515:1809,21.72,4.4,29.13,5.31,0.0
20200515:1909,0.0,0.0,28.17,3.72,0.0
20200515:2009,0.0,0.0,26.84,3.31,0.0
20200515:2109,0.0,0.0,25.7,3.03,0.0
20200515:2209,0.0,0.0,24.67,3.38,0.0
20200515:2309,0.0,0.0,23.79,3.93,0.0
20200516:0009,0.0,0.0,23.26,4.41,0.0
20200516:0109,0.0,0.0,22.45,4.83,0.0
20200516:0209,0.0,0.0,21.82,4.97,0.0
20200516:0309,0.0,0.0,20.93,4.97,0.0
20200516:0409,0.0,0.0,19.69,4.76,0.0
20200516:0509,17.2,3.7,18.49,4.28,0.0
20200516:0609,143.62,15.82,18.54,3.86,0.0
20200516:0709,376.99,28.3,21.1,3.93,0.0
20200516:0809,615.49,40.93,23.46,4.21,0.0
20200516:0909,821.01,53.48,25.84,4.21,0.0
20200516:1009,976.81,65.41,27.6,5.38,0.0
20200516:1109,1074.22,74.8,28.83,5.86,0.0
20200516:1209,1070.91,75.23,29.75,6.21,0.0
20200516:1309,994.24,66.2,30.4,6.48,0.0
20200516:1409,846.13,54.35,30.77,6.48,0.0
20200516:1509,648.57,41.82,30.84,6.41,0.0
20200516:1609,399.32,29.18,30.6,6.34,0.0
20200516:1709,158.67,16.68,30.02,6.34,0.0
20200516:1809,22.63,4.53,29.09,5.66,0.0
20200516:1909,0.0,0.0,27.92,4.28,0.0
20200516:2009,0.0,0.0,26.37,3.86,0.0
20200516:2109,0.0,0.0,24.92,3.66,0.0
20200516:2209,0.0,0.0,23.52,3.66,0.0
20200516:2309,0.0,0.0,22.23,3.79,0.0
20200517:0009,0.0,0.0,21.14,4.48,0.0
20200517:0109,0.0,0.0,20.02,6.28,0.0
20200517:0209,0.0,0.0,18.56,7.17,0.0
20200517:0309,0.0,0.0,17.55,6.83,0.0
20200517:0409,0.0,0.0,16.82,6.55,0.0
20200517:0509,19.91,3.82,16.14,6.48,0.0
20200517:0609,140.84,15.92,16.54,6.28,0.0
20200517:0709,366.64,28.4,18.78,6.76,0.0
20200517:0809,597.5,41.03,21.18,6.97,0.0
20200517:0909,813.76,53.59,23.58,6.55,0.0
20200517:1009,974.05,65.55,25.68,5.38,0.0
20200517:1109,1075.93,75.0,27.21,3.66,0.0
20200517:1209,1057.78,75.44,28.15,2.28,0.0
20200517:1309,985.77,66.34,28.94,2.55,0.0
20200517:1409,841.11,54.46,29.5,3.1,0.0
20200517:1509,641.74,41.93,29.75,3.59,0.0
20200517:1609,295.38,29.29,29.72,4.0,0.0
20200517:1709,140.77,16.8,29.34,4.41,0.0
20200517:1809,23.53,4.66,28.59,5.1,0.0
20200517:1909,0.0,0.0,27.5,4.07,0.0
20200517:2009,0.0,0.0,26.62,4.34,0.0
20200517:2109,0.0,0.0,25.4,6.28,0.0
20200517:2209,0.0,0.0,23.11,9.45,0.0
20200517:2309,0.0,0.0,20.95,9.38,0.0
20200518:0009,0.0,0.0,20.09,8.14,0.0
20200518:0109,0.0,0.0,19.33,7.24,0.0
20200518:0209,0.0,0.0,18.42,7.1,0.0
20200518:0309,0.0,0.0,17.53,7.17,0.0
20200518:0409,0.0,0.0,16.79,7.03,0.0
20200518:0509,20.82,3.93,16.15,6.69,0.0
20200518:0609,139.0,16.03,16.44,6.55,0.0
20200518:0709,364.51,28.49,17.85,8.07,0.0
20200518:0809,584.37,41.12,19.68,8.28,0.0
20200518:0909,799.94,53.69,21.57,7.79,0.0
20200518:1009,947.53,65.67,23.29,6.69,0.0
20200518:1109,999.53,75.2,24.61,5.1,0.0
20200518:1209,969.46,75.64,25.56,3.72,0.0
20200518:1309,826.36,66.48,26.31,3.31,0.0
20200518:1409,727.21,54.58,26.95,3.52,0.0
20200518:1509,538.6,42.03,27.41,4.07,0.0
20200518:1609,392.46,29.4,27.46,4.62,0.0
20200518:1709,126.96,16.92,27.1,4.97,0.0
20200518:1809,25.34,4.79,26.47,5.38,0.0
20200518:1909,0.0,0.0,25.68,5.17,0.0
20200518:2009,0.0,0.0,24.82,5.1,0.0
20200518:2109,0.0,0.0,23.71,5.03,0.0
20200518:2209,0.0,0.0,22.57,4.9,0.0
20200518:2309,0.0,0.0,21.39,4.62,0.0
20200519:0009,0.0,0.0,20.25,4.62,0.0
20200519:0109,0.0,0.0,19.2,4.76,0.0
20200519:0209,0.0,0.0,18.24,4.9,0.0
20200519:0309,0.0,0.0,17.31,4.69,0.0
20200519:0409,0.0,0.0,16.43,4.28,0.0
20200519:0509,21.72,4.04,15.64,4.0,0.0
20200519:0609,141.42,16.13,16.06,3.59,0.0
20200519:0709,371.3,28.58,18.16,4.28,0.0
20200519:0809,601.49,41.21,19.96,5.1,0.0
20200519:0909,802.94,53.78,21.64,4.83,0.0
20200519:1009,959.57,65.8,23.07,3.93,0.0
20200519:1109,1033.83,75.38,24.3,3.1,0.0
20200519:1209,1025.79,75.84,25.35,2.62,0.0
20200519:1309,957.48,66.62,26.29,2.48,0.0
20200519:1409,810.18,54.69,27.08,2.48,0.0
20200519:1509,628.03,42.14,27.61,2.62,0.0
20200519:1609,387.91,29.5,27.84,2.69,0.0
20200519:1709,156.46,17.03,27.76,2.62,0.0
20200519:1809,25.34,4.91,27.38,2.21,0.0
20200519:1909,0.0,0.0,26.44,1.1,0.0
20200519:2009,0.0,0.0,25.63,1.31,0.0
20200519:2109,0.0,0.0,24.27,2.07,0.0
20200519:2209,0.0,0.0,22.91,2.76,0.0
20200519:2309,0.0,0.0,21.65,2.97,0.0
20200520:0009,0.0,0.0,20.47,2.9,0.0
20200520:0109,0.0,0.0,19.27,2.69,0.0
20200520:0209,0.0,0.0,18.05,2.55,0.0
20200520:0309,0.0,0.0,16.91,2.62,0.0
20200520:0409,0.0,0.0,15.87,2.9,0.0
20200520:0509,22.63,4.15,14.93,3.1,0.0
20200520:0609,140.24,16.22,15.71,2.83,0.0
20200520:0709,376.4,28.67,19.8,2.0,0.0
20200520:0809,614.88,41.29,24.33,2.48,0.0
20200520:0909,825.92,53.87,26.66,2.97,0.0
20200520:1009,973.96,65.91,28.18,2.83,0.0
20200520:1109,1059.79,75.56,29.28,2.41,0.0
20200520:1209,1047.38,76.04,30.17,2.34,0.0
20200520:1309,972.1,66.76,30.9,2.21,0.0
20200520:1409,830.08,54.8,31.48,2.21,0.0
20200520:1509,636.18,42.24,31.84,2.28,0.0
20200520:1609,393.28,29.61,31.97,2.34,0.0
20200520:1709,156.0,17.14,31.82,2.28,0.0
20200520:1809,26.25,5.04,31.43,1.72,0.0
20200520:1909,0.0,0.0,30.46,0.41,0.0
20200520:2009,0.0,0.0,29.14,1.93,0.0
20200520:2109,0.0,0.0,27.48,2.69,0.0
20200520:2209,0.0,0.0,25.99,2.83,0.0
20200520:2309,0.0,0.0,24.5,2.62,0.0
20200521:0009,0.0,0.0,23.08,2.62,0.0
20200521:0109,0.0,0.0,21.58,2.48,0.0
20200521:0209,0.0,0.0,20.15,2.62,0.0
20200521:0309,0.0,0.0,18.81,2.55,0.0
20200521:0409,0.0,0.0,17.65,2.62,0.0
20200521:0509,22.63,4.25,16.65,2.76,0.0
20200521:0609,141.01,16.31,17.92,3.45,0.0
20200521:0709,366.42,28.75,21.69,4.62,0.0
20200521:0809,585.3,41.37,24.81,5.72,0.0
20200521:0909,801.35,53.95,27.14,6.48,0.0
20200521:1009,944.27,66.02,28.86,6.41,0.0
20200521:1109,1033.24,75.74,30.15,6.07,0.0
20200521:1209,1025.38,76.23,31.02,5.66,0.0
20200521:1309,952.42,66.9,31.61,5.1,0.0
20200521:1409,809.73,54.91,31.96,4.69,0.0
20200521:1509,618.09,42.35,32.09,4.69,0.0
20200521:1609,383.93,29.71,31.99,5.03,0.0
20200521:1709,155.64,17.25,31.58,5.45,0.0
20200521:1809,27.15,5.16,30.82,5.72,0.0
20200521:1909,0.0,0.0,28.96,5.24,0.0
20200521:2009,0.0,0.0,27.67,5.17,0.0
20200521:2109,0.0,0.0,26.4,5.24,0.0
20200521:2209,0.0,0.0,25.12,5.31,0.0
20200521:2309,0.0,0.0,23.93,4.55,0.0
20200522:0009,0.0,0.0,22.79,3.59,0.0
20200522:0109,0.0,0.0,21.73,3.17,0.0
20200522:0209,0.0,0.0,20.87,3.38,0.0
20200522:0309,0.0,0.0,20.37,4.48,0.0
20200522:0409,0.0,0.0,19.9,5.72,0.0
20200522:0509,23.53,4.35,19.05,5.59,0.0
20200522:0609,141.31,16.39,19.42,5.1,0.0
20200522:0709,367.51,28.82,21.46,6.0,0.0
20200522:0809,592.77,41.45,23.32,6.62,0.0
20200522:0909,806.77,54.03,25.1,6.69,0.0
20200522:1009,959.93,66.12,26.62,6.28,0.0
20200522:1109,1045.51,75.91,27.95,5.86,0.0
20200522:1209,1037.77,76.42,28.99,6.07,0.0
20200522:1309,968.17,67.03,29.84,6.48,0.0
20200522:1409,819.61,55.02,30.3,6.9,0.0
20200522:1509,628.47,42.45,30.38,7.1,0.0
20200522:1609,389.56,29.82,30.14,7.17,0.0
20200522:1709,156.64,17.36,29.57,7.1,0.0
20200522:1809,28.06,5.28,28.69,6.76,0.0
20200522:1909,0.0,0.0,27.18,5.52,0.0
20200522:2009,0.0,0.0,26.09,5.03,0.0
20200522:2109,0.0,0.0,25.01,4.69,0.0
20200522:2209,0.0,0.0,23.9,4.34,0.0
20200522:2309,0.0,0.0,22.79,4.07,0.0
20200523:0009,0.0,0.0,21.78,3.93,0.0
20200523:0109,0.0,0.0,20.87,3.79,0.0
20200523:0209,0.0,0.0,20.04,3.72,0.0
20200523:0309,0.0,0.0,19.2,3.72,0.0
20200523:0409,0.0,0.0,18.38,4.07,0.0
20200523:0509,24.44,4.44,17.54,4.34,0.0
20200523:0609,141.81,16.47,17.96,4.69,0.0
20200523:0709,374.74,28.89,19.97,6.69,0.0
20200523:0809,598.29,41.51,21.71,7.79,0.0
20200523:0909,809.23,54.11,23.5,8.28,0.0
20200523:1009,958.88,66.22,25.36,8.83,0.0
20200523:1109,1038.79,76.07,27.02,9.45,0.0
20200523:1209,1025.41,76.6,28.3,10.14,0.0
20200523:1309,972.64,67.15,29.2,10.21,0.0
20200523:1409,794.56,55.13,29.68,9.93,0.0
20200523:1509,536.77,42.55,29.74,9.59,0.0
20200523:1609,286.22,29.92,29.42,9.17,0.0
20200523:1709,158.7,17.47,28.8,8.76,0.0
20200523:1809,19.01,5.4,27.81,7.93,0.0
20200523:1909,0.0,0.0,26.43,6.21,0.0
20200523:2009,0.0,0.0,25.35,6.07,0.0
20200523:2109,0.0,0.0,24.33,5.86,0.0
20200523:2209,0.0,0.0,23.42,5.52,0.0
20200523:2309,0.0,0.0,22.53,5.31,0.0
20200524:0009,0.0,0.0,21.71,5.24,0.0
20200524:0109,0.0,0.0,21.02,5.31,0.0
20200524:0209,0.0,0.0,20.45,5.38,0.0
20200524:0309,0.0,0.0,19.86,5.59,0.0
20200524:0409,0.0,0.0,19.32,5.93,0.0
20200524:0509,18.1,4.52,18.64,6.14,0.0
20200524:0609,132.86,16.54,19.02,5.93,0.0
20200524:0709,194.34,28.96,20.92,7.31,0.0
20200524:0809,251.23,41.58,22.54,7.72,0.0
20200524:0909,361.11,54.18,23.81,8.21,0.0
20200524:1009,867.67,66.31,25.6,8.62,0.0
20200524:1109,986.66,76.22,26.6,8.21,0.0
20200524:1209,814.24,76.78,27.93,8.07,0.0
20200524:1309,721.86,67.28,28.74,7.79,0.0
20200524:1409,188.25,55.23,29.16,7.79,0.0
20200524:1509,230.69,42.65,29.7,7.59,0.0
20200524:1609,87.98,30.02,29.69,7.93,0.0
20200524:1709,99.11,17.58,29.19,8.14,0.0
20200524:1809,30.77,5.52,28.44,7.59,0.0
20200524:1909,0.0,0.0,26.34,6.21,0.0
20200524:2009,0.0,0.0,25.82,5.24,0.0
20200524:2109,0.0,0.0,25.09,4.48,0.0
20200524:2209,0.0,0.0,24.42,4.07,0.0
20200524:2309,0.0,0.0,23.73,3.79,0.0
20200525:0009,0.0,0.0,22.85,3.66,0.0
20200525:0109,0.0,0.0,22.09,3.79,0.0
20200525:0209,0.0,0.0,21.4,4.21,0.0
20200525:0309,0.0,0.0,20.88,4.83,0.0
20200525:0409,0.0,0.0,20.42,5.17,0.0
20200525:0509,21.72,4.61,20.0,4.97,0.0
20200525:0609,90.02,16.61,20.72,4.69,0.0
20200525:0709,247.68,29.02,23.16,6.21,0.0
20200525:0809,537.5,41.64,25.19,7.45,0.0
20200525:0909,655.16,54.24,27.3,8.14,0.0
20200525:1009,919.31,66.39,28.97,8.0,0.0
20200525:1109,1006.79,76.36,30.56,7.52,0.0
20200525:1209,903.43,76.95,31.73,7.17,0.0
20200525:1309,860.29,67.4,32.73,7.03,0.0
20200525:1409,774.26,55.33,33.3,6.69,0.0
20200525:1509,568.38,42.74,33.55,6.48,0.0
20200525:1609,338.25,30.12,33.42,6.41,0.0
20200525:1709,124.62,17.69,32.89,6.34,0.0
20200525:1809,21.72,5.64,31.96,6.07,0.0
20200525:1909,0.0,0.0,30.12,5.24,0.0
20200525:2009,0.0,0.0,28.97,4.97,0.0
20200525:2109,0.0,0.0,27.84,4.62,0.0
20200525:2209,0.0,0.0,26.69,4.07,0.0
20200525:2309,0.0,0.0,25.61,3.52,0.0
20200526:0009,0.0,0.0,24.59,3.31,0.0
20200526:0109,0.0,0.0,23.67,3.52,0.0
20200526:0209,0.0,0.0,22.9,4.0,0.0
20200526:0309,0.0,0.0,22.28,4.34,0.0
20200526:0409,0.0,0.0,21.75,4.41,0.0
20200526:0509,23.53,4.68,21.23,4.21,0.0
20200526:0609,135.3,16.68,21.9,3.86,0.0
20200526:0709,315.02,29.08,24.63,4.83,0.0
20200526:0809,530.5,41.69,26.57,6.07,0.0
20200526:0909,749.79,54.3,28.36,6.55,0.0
20200526:1009,920.71,66.47,30.21,6.9,0.0
20200526:1109,1013.7,76.5,31.79,6.97,0.0
20200526:1209,1017.18,77.12,32.92,6.69,0.0
20200526:1309,931.03,67.52,33.69,6.21,0.0
20200526:1409,784.53,55.43,34.1,5.93,0.0
20200526:1509,578.6,42.84,34.26,5.86,0.0
20200526:1609,346.19,30.22,33.99,6.0,0.0
20200526:1709,153.41,17.79,33.32,6.14,0.0
20200526:1809,32.58,5.75,32.49,5.93,0.0
20200526:1909,0.0,0.0,30.96,5.03,0.0
20200526:2009,0.0,0.0,29.64,4.55,0.0
20200526:2109,0.0,0.0,28.4,3.93,0.0
20200526:2209,0.0,0.0,27.17,3.38,0.0
20200526:2309,0.0,0.0,26.02,3.17,0.0
20200527:0009,0.0,0.0,24.85,3.03,0.0
20200527:0109,0.0,0.0,23.79,3.17,0.0
20200527:0209,0.0,0.0,22.8,3.38,0.0
20200527:0309,0.0,0.0,21.86,3.45,0.0
20200527:0409,0.0,0.0,20.94,3.38,0.0
20200527:0509,25.34,4.75,20.02,3.17,0.0
20200527:0609,140.07,16.74,20.36,2.9,0.0
20200527:0709,354.8,29.13,23.71,3.24,0.0
20200527:0809,575.62,41.74,26.21,4.0,0.0
20200527:0909,790.38,54.35,27.99,4.48,0.0
20200527:1009,941.78,66.55,29.68,4.97,0.0
20200527:1109,1016.04,76.64,31.18,5.38,0.0
20200527:1209,1025.02,77.28,32.32,5.45,0.0
20200527:1309,952.24,67.64,33.11,5.38,0.0
20200527:1409,809.71,55.53,33.64,5.38,0.0
20200527:1509,616.09,42.94,33.77,5.38,0.0
20200527:1609,371.13,30.32,33.67,5.52,0.0
20200527:1709,157.6,17.9,33.18,5.59,0.0
20200527:1809,33.49,5.86,32.38,5.59,0.0
20200527:1909,0.0,0.0,30.66,5.03,0.0
20200527:2009,0.0,0.0,29.42,4.97,0.0
20200527:2109,0.0,0.0,28.2,4.9,0.0
20200527:2209,0.0,0.0,27.2,4.97,0.0
20200527:2309,0.0,0.0,26.18,5.24,0.0
20200528:0009,0.0,0.0,25.06,5.72,0.0
20200528:0109,0.0,0.0,23.98,5.93,0.0
20200528:0209,0.0,0.0,22.96,5.72,0.0
20200528:0309,0.0,0.0,22.08,5.03,0.0
20200528:0409,0.0,0.0,21.36,4.34,0.0
20200528:0509,26.25,4.82,20.69,4.41,0.0
20200528:0609,137.17,16.79,20.82,5.1,0.0
20200528:0709,365.03,29.18,21.79,6.07,0.0
20200528:0809,537.76,41.78,22.86,5.79,0.0
20200528:0909,499.32,54.4,23.99,5.38,0.0
20200528:1009,428.59,66.61,25.19,5.1,0.0
20200528:1109,603.0,76.76,26.91,5.24,0.0
20200528:1209,673.21,77.44,28.27,5.38,0.0
20200528:1309,828.01,67.76,29.21,5.52,0.0
20200528:1409,678.12,55.63,29.86,5.52,0.0
20200528:1509,408.51,43.03,30.42,5.45,0.0
20200528:1609,196.71,30.41,30.48,5.17,0.0
20200528:1709,140.07,18.0,30.33,4.97,0.0
20200528:1809,32.58,5.97,29.86,4.83,0.0
20200528:1909,0.0,0.0,28.44,4.21,0.0
20200528:2009,0.0,0.0,27.32,3.38,0.0
20200528:2109,0.0,0.0,26.2,3.45,0.0
20200528:2209,0.0,0.0,25.32,3.45,0.0
20200528:2309,0.0,0.0,24.6,3.38,0.0
20200529:0009,0.0,0.0,23.73,3.24,0.0
20200529:0109,0.0,0.0,22.64,3.17,0.0
20200529:0209,0.0,0.0,21.65,2.9,0.0
20200529:0309,0.0,0.0,20.76,2.55,0.0
20200529:0409,0.0,0.0,19.89,2.14,0.0
20200529:0509,4.53,4.88,19.49,2.14,0.0
20200529:0609,101.36,16.85,19.92,2.0,0.0
20200529:0709,101.22,29.22,23.04,1.79,0.0
20200529:0809,557.97,41.83,25.34,0.14,0.0
20200529:0909,773.8,54.44,27.19,1.86,0.0
20200529:1009,931.31,66.67,29.01,3.03,0.0
20200529:1109,953.62,76.88,30.48,3.86,0.0
20200529:1209,998.94,77.59,31.91,4.76,0.0
20200529:1309,933.01,67.87,32.83,5.17,0.0
20200529:1409,779.1,55.73,33.55,5.03,0.0
20200529:1509,594.59,43.12,33.98,4.83,0.0
20200529:1609,375.41,30.51,34.13,4.97,0.0
20200529:1709,157.01,18.1,34.0,5.59,0.0
20200529:1809,28.06,6.08,33.45,4.9,0.0
20200529:1909,0.0,0.0,32.35,1.66,0.0
20200529:2009,0.0,0.0,29.32,6.83,0.0
20200529:2109,0.0,0.0,26.56,7.52,0.0
20200529:2209,0.0,0.0,26.1,3.38,0.0
20200529:2309,0.0,0.0,25.98,3.52,0.0
20200530:0009,0.0,0.0,25.74,5.86,0.0
20200530:0109,0.0,0.0,25.1,5.66,0.0
20200530:0209,0.0,0.0,24.67,6.55,0.0
20200530:0309,0.0,0.0,23.9,7.79,0.0
20200530:0409,0.0,0.0,23.82,6.07,0.0
20200530:0509,27.15,4.94,23.72,4.83,0.0
20200530:0609,124.58,16.89,24.26,4.28,0.0
20200530:0709,210.48,29.26,24.71,4.07,0.0
20200530:0809,517.51,41.86,26.39,4.48,0.0
20200530:0909,735.48,54.48,28.19,4.76,0.0
20200530:1009,840.82,66.73,29.83,5.24,0.0
20200530:1109,1031.87,76.99,31.23,5.93,0.0
20200530:1209,1036.44,77.74,32.35,6.55,0.0
20200530:1309,941.53,67.98,33.16,6.97,0.0
20200530:1409,783.22,55.82,33.57,7.24,0.0
20200530:1509,605.47,43.21,33.64,7.1,0.0
20200530:1609,352.56,30.6,33.61,7.17,0.0
20200530:1709,158.08,18.2,33.25,7.03,0.0
20200530:1809,26.25,6.19,32.14,6.07,0.0
20200530:1909,0.0,0.0,31.76,2.62,0.0
20200530:2009,0.0,0.0,29.7,3.45,0.0
20200530:2109,0.0,0.0,28.38,2.14,0.0
20200530:2209,0.0,0.0,27.14,1.17,0.0
20200530:2309,0.0,0.0,26.57,2.07,0.0
20200531:0009,0.0,0.0,25.37,2.0,0.0
20200531:0109,0.0,0.0,25.04,3.24,0.0
20200531:0209,0.0,0.0,24.29,4.07,0.0
20200531:0309,0.0,0.0,23.32,4.14,0.0
20200531:0409,0.0,0.0,22.27,3.93,0.0
20200531:0509,28.06,4.99,21.41,3.59,0.0
20200531:0609,136.48,16.93,21.73,2.97,0.0
20200531:0709,333.76,29.3,23.98,3.93,0.0
20200531:0809,555.12,41.89,25.97,4.83,0.0
20200531:0909,783.22,54.52,27.95,5.17,0.0
20200531:1009,943.02,66.78,29.94,5.59,0.0
20200531:1109,1028.21,77.1,31.77,6.07,0.0
20200531:1209,1017.54,77.88,33.36,6.41,0.0
20200531:1309,945.97,68.09,34.74,6.41,0.0
20200531:1409,802.67,55.91,35.96,5.93,0.0
20200531:1509,595.84,43.3,36.88,4.14,0.0
20200531:1609,359.63,30.69,37.95,4.9,0.0
20200531:1709,158.36,18.3,38.2,6.62,0.0
20200531:1809,32.58,6.3,37.13,5.79,0.0
20200531:1909,0.0,0.0,34.05,2.34,0.0
20200531:2009,0.0,0.0,32.68,2.34,0.0
20200531:2109,0.0,0.0,31.13,2.62,0.0
20200531:2209,0.0,0.0,29.87,4.28,0.0
20200531:2309,0.0,0.0,28.95,4.41,0.0
20200601:0009,0.0,0.0,27.48,5.38,0.0
20200601:0109,0.0,0.0,26.14,5.17,0.0
20200601:0209,0.0,0.0,25.12,3.93,0.0
20200601:0309,0.0,0.0,23.94,2.76,0.0
20200601:0409,0.0,0.0,22.59,2.28,0.0
20200601:0509,22.63,5.04,21.58,1.86,0.0
20200601:0609,66.22,16.97,22.38,1.59,0.0
20200601:0709,314.5,29.33,26.04,2.9,0.0
20200601:0809,542.67,41.92,29.6,2.83,0.0
20200601:0909,758.3,54.55,31.59,2.83,0.0
20200601:1009,931.42,66.82,33.68,3.03,0.0
20200601:1109,1025.2,77.19,35.02,3.45,0.0
20200601:1209,1025.42,78.02,35.73,3.45,0.0
20200601:1309,911.11,68.19,36.33,2.9,0.0
20200601:1409,753.48,56.0,36.89,2.48,0.0
20200601:1509,534.68,43.39,37.3,2.62,0.0
20200601:1609,165.15,30.78,37.48,2.83,0.0
20200601:1709,131.82,18.39,37.26,2.76,0.0
20200601:1809,33.49,6.4,36.57,2.14,0.0
20200601:1909,0.0,0.0,35.33,0.69,0.0
20200601:2009,0.0,0.0,33.89,2.41,0.0
20200601:2109,0.0,0.0,32.03,5.24,0.0
20200601:2209,0.0,0.0,30.19,7.1,0.0
20200601:2309,0.0,0.0,28.68,7.59,0.0
20200602:0009,0.0,0.0,27.35,6.9,0.0
20200602:0109,0.0,0.0,25.95,4.9,0.0
20200602:0209,0.0,0.0,24.75,3.24,0.0
20200602:0309,0.0,0.0,23.72,3.03,0.0
20200602:0409,0.0,0.0,22.8,3.59,0.0
20200602:0509,27.15,5.08,22.05,3.93,0.0
20200602:0609,141.16,17.01,22.57,3.93,0.0
20200602:0709,341.63,29.36,24.96,4.55,0.0
20200602:0809,575.3,41.94,26.91,5.17,0.0
20200602:0909,797.4,54.57,28.65,5.59,0.0
20200602:1009,943.28,66.86,30.35,5.59,0.0
20200602:1109,1033.79,77.28,31.92,5.86,0.0
20200602:1209,1023.23,78.16,33.23,6.07,0.0
20200602:1309,951.73,68.29,34.23,6.21,0.0
20200602:1409,807.54,56.09,34.82,6.0,0.0
20200602:1509,613.82,43.48,35.14,5.59,0.0
20200602:1609,381.3,30.87,35.11,5.17,0.0
20200602:1709,162.97,18.49,34.87,5.03,0.0
20200602:1809,38.01,6.5,34.21,5.03,0.0
20200602:1909,0.0,0.0,32.28,4.48,0.0
20200602:2009,0.0,0.0,30.99,4.9,0.0
20200602:2109,0.0,0.0,29.75,5.59,0.0
20200602:2209,0.0,0.0,28.54,6.0,0.0
20200602:2309,0.0,0.0,27.42,5.93,0.0
20200603:0009,0.0,0.0,26.35,5.52,0.0
20200603:0109,0.0,0.0,25.34,4.9,0.0
20200603:0209,0.0,0.0,24.38,4.28,0.0
20200603:0309,0.0,0.0,23.53,3.93,0.0
20200603:0409,0.0,0.0,22.79,3.66,0.0
20200603:0509,28.06,5.12,21.98,3.1,0.0
20200603:0609,140.73,17.03,22.32,2.62,0.0
20200603:0709,349.04,29.38,25.73,4.0,0.0
20200603:0809,571.55,41.96,28.01,4.76,0.0
20200603:0909,784.89,54.59,29.93,4.83,0.0
20200603:1009,932.52,66.9,31.67,4.62,0.0
20200603:1109,1002.25,77.37,33.23,4.34,0.0
20200603:1209,1011.31,78.28,34.55,4.07,0.0
20200603:1309,950.72,68.39,35.59,3.79,0.0
20200603:1409,806.6,56.18,36.34,3.1,0.0
20200603:1509,597.31,43.56,36.85,2.28,0.0
20200603:1609,381.74,30.96,37.12,1.59,0.0
20200603:1709,164.27,18.58,37.2,1.24,0.0
20200603:1809,38.92,6.6,36.98,2.34,0.0
20200603:1909,0.0,0.0,35.25,3.59,0.0
20200603:2009,0.0,0.0,33.8,3.93,0.0
20200603:2109,0.0,0.0,32.38,4.9,0.0
20200603:2209,0.0,0.0,30.83,5.93,0.0
20200603:2309,0.0,0.0,29.43,5.45,0.0
20200604:0009,0.0,0.0,28.15,4.97,0.0
20200604:0109,0.0,0.0,27.01,4.76,0.0
20200604:0209,0.0,0.0,25.93,4.34,0.0
20200604:0309,0.0,0.0,24.94,4.07,0.0
20200604:0409,0.0,0.0,24.04,4.0,0.0
20200604:0509,28.06,5.16,23.27,3.72,0.0
20200604:0609,140.84,17.06,23.78,3.45,0.0
20200604:0709,350.43,29.4,26.34,4.07,0.0
20200604:0809,575.99,41.98,28.43,5.17,0.0
20200604:0909,792.49,54.61,30.47,5.52,0.0
20200604:1009,948.98,66.93,32.34,4.97,0.0
20200604:1109,1026.51,77.44,33.96,4.34,0.0
20200604:1209,1046.27,78.41,35.23,3.93,0.0
20200604:1309,976.04,68.49,36.28,3.79,0.0
20200604:1409,818.53,56.27,37.08,3.72,0.0
20200604:1509,625.21,43.65,37.73,3.59,0.0
20200604:1609,383.3,31.05,38.18,2.97,0.0
20200604:1709,165.5,18.67,38.28,1.72,0.0
20200604:1809,38.92,6.69,37.88,0.83,0.0
20200604:1909,0.0,0.0,35.9,1.93,0.0
20200604:2009,0.0,0.0,34.33,2.0,0.0
20200604:2109,0.0,0.0,32.69,2.28,0.0
20200604:2209,0.0,0.0,31.3,3.1,0.0
20200604:2309,0.0,0.0,30.21,6.76,0.0
20200605:0009,0.0,0.0,28.43,9.59,0.0
20200605:0109,0.0,0.0,26.33,8.9,0.0
20200605:0209,0.0,0.0,25.18,8.97,0.0
20200605:0309,0.0,0.0,24.16,8.97,0.0
20200605:0409,0.0,0.0,23.16,8.76,0.0
20200605:0509,28.06,5.18,22.33,8.21,0.0
20200605:0609,140.41,17.08,22.45,7.31,0.0
20200605:0709,345.88,29.41,23.1,8.21,0.0
20200605:0809,564.79,41.99,24.5,8.0,0.0
20200605:0909,773.36,54.62,26.06,7.17,0.0
20200605:1009,917.4,66.95,27.7,6.07,0.0
20200605:1109,1010.9,77.51,29.15,4.55,0.0
20200605:1209,1001.37,78.53,30.36,3.03,0.0
20200605:1309,937.71,68.58,31.36,2.0,0.0
20200605:1409,800.38,56.35,32.28,1.93,0.0
20200605:1509,607.41,43.73,33.07,2.62,0.0
20200605:1609,380.74,31.13,33.54,3.45,0.0
20200605:1709,165.92,18.75,33.58,4.14,0.0
20200605:1809,38.92,6.79,33.12,4.69,0.0
20200605:1909,0.0,0.0,32.03,3.93,0.0
20200605:2009,0.0,0.0,30.83,4.07,0.0
20200605:2109,0.0,0.0,29.71,4.34,0.0
20200605:2209,0.0,0.0,28.71,4.48,0.0
20200605:2309,0.0,0.0,27.73,4.48,0.0
20200606:0009,0.0,0.0,26.78,4.69,0.0
20200606:0109,0.0,0.0,25.8,4.69,0.0
20200606:0209,0.0,0.0,24.69,4.62,0.0
20200606:0309,0.0,0.0,23.58,4.21,0.0
20200606:0409,0.0,0.0,22.52,3.72,0.0
20200606:0509,28.96,5.21,21.54,3.31,0.0
20200606:0609,134.06,17.1,22.11,2.55,0.0
20200606:0709,290.85,29.42,25.15,2.97,0.0
20200606:0809,400.18,41.99,27.68,3.17,0.0
20200606:0909,700.77,54.63,29.67,2.28,0.0
20200606:1009,829.1,66.97,31.3,0.83,0.0
20200606:1109,971.08,77.58,32.9,1.1,0.0
20200606:1209,909.74,78.64,34.42,2.62,0.0
20200606:1309,573.42,68.67,35.43,4.0,0.0
20200606:1409,722.1,56.43,35.98,4.83,0.0
20200606:1509,596.95,43.81,36.16,5.38,0.0
20200606:1609,382.94,31.21,36.21,5.93,0.0
20200606:1709,152.48,18.84,36.01,6.14,0.0
20200606:1809,28.96,6.88,35.57,5.66,0.0
20200606:1909,0.0,0.0,34.74,4.76,0.0
20200606:2009,0.0,0.0,33.39,4.28,0.0
20200606:2109,0.0,0.0,32.18,4.55,0.0
20200606:2209,0.0,0.0,31.37,5.45,0.0
20200606:2309,0.0,0.0,30.31,5.66,0.0
20200607:0009,0.0,0.0,29.27,5.52,0.0
20200607:0109,0.0,0.0,28.3,5.93,0.0
20200607:0209,0.0,0.0,27.54,6.55,0.0
20200607:0309,0.0,0.0,26.95,7.03,0.0
20200607:0409,0.0,0.0,26.25,7.03,0.0
20200607:0509,28.06,5.23,25.73,7.03,0.0
20200607:0609,138.7,17.11,26.21,7.38,0.0
20200607:0709,330.8,29.43,27.84,8.62,0.0
20200607:0809,546.3,42.0,29.51,9.45,0.0
20200607:0909,761.03,54.63,30.84,8.55,0.0
20200607:1009,917.51,66.99,32.29,7.17,0.0
20200607:1109,1001.21,77.63,33.61,6.28,0.0
20200607:1209,1012.32,78.75,34.74,6.28,0.0
20200607:1309,933.61,68.76,35.56,6.55,0.0
20200607:1409,794.37,56.51,36.0,6.69,0.0
20200607:1509,573.05,43.89,36.11,6.69,0.0
20200607:1609,285.89,31.29,35.89,6.69,0.0
20200607:1709,155.02,18.92,35.4,6.62,0.0
20200607:1809,41.63,6.97,34.66,6.48,0.0
20200607:1909,0.0,0.0,33.5,5.79,0.0
20200607:2009,0.0,0.0,32.5,5.72,0.0
20200607:2109,0.0,0.0,31.62,5.93,0.0
20200607:2209,0.0,0.0,30.73,5.86,0.0
20200607:2309,0.0,0.0,29.74,5.24,0.0
20200608:0009,0.0,0.0,28.69,5.03,0.0
20200608:0109,0.0,0.0,27.36,6.28,0.0
20200608:0209,0.0,0.0,25.89,6.62,0.0
20200608:0309,0.0,0.0,24.79,5.72,0.0
20200608:0409,0.0,0.0,23.89,5.03,0.0
20200608:0509,12.67,5.24,23.14,4.97,0.0
20200608:0609,70.95,17.11,23.42,4.41,0.0
20200608:0709,136.22,29.43,24.39,5.38,0.0
20200608:0809,168.38,42.0,25.51,5.66,0.0
20200608:0909,436.18,54.63,26.8,5.31,0.0
20200608:1009,705.68,67.0,27.96,5.1,0.0
20200608:1109,352.17,77.68,28.98,4.9,0.0
20200608:1209,1033.86,78.85,29.86,4.28,0.0
20200608:1309,317.96,68.84,30.4,2.97,0.0
20200608:1409,405.21,56.59,30.87,2.0,0.0
20200608:1509,369.68,43.96,31.11,1.52,0.0
20200608:1609,273.03,31.37,31.08,1.1,0.0
20200608:1709,166.59,19.0,30.94,0.9,0.0
20200608:1809,41.63,7.05,30.71,0.97,0.0
20200608:1909,0.0,0.0,30.01,2.07,0.0
20200608:2009,0.0,0.0,29.36,2.0,0.0
20200608:2109,0.0,0.0,28.46,2.21,0.0
20200608:2209,0.0,0.0,27.48,2.21,0.0
20200608:2309,0.0,0.0,26.37,2.14,0.0
20200609:0009,0.0,0.0,25.26,1.86,0.0
20200609:0109,0.0,0.0,24.89,3.86,0.0
20200609:0209,0.0,0.0,24.11,5.52,0.0
20200609:0309,0.0,0.0,23.43,6.07,0.0
20200609:0409,0.0,0.0,22.69,5.93,0.0
20200609:0509,21.72,5.26,21.92,5.52,0.0
20200609:0609,136.41,17.12,22.12,5.24,0.0
20200609:0709,341.45,29.43,23.32,7.1,0.0
20200609:0809,577.62,41.99,24.67,6.9,0.0
20200609:0909,777.99,54.63,26.23,6.14,0.0
20200609:1009,916.94,67.0,27.67,5.1,0.0
20200609:1109,986.59,77.73,28.87,4.21,0.0
20200609:1209,997.76,78.94,29.88,3.66,0.0
20200609:1309,929.92,68.92,30.64,3.17,0.0
20200609:1409,806.33,56.66,31.17,2.83,0.0
20200609:1509,612.28,44.04,31.44,2.41,0.0
20200609:1609,382.89,31.45,31.48,2.34,0.0
20200609:1709,168.71,19.08,31.36,2.34,0.0
20200609:1809,39.82,7.13,30.3,2.21,0.0
20200609:1909,0.0,0.0,30.4,2.69,0.0
20200609:2009,0.0,0.0,29.69,3.17,0.0
20200609:2109,0.0,0.0,28.61,3.59,0.0
20200609:2209,0.0,0.0,27.49,3.79,0.0
20200609:2309,0.0,0.0,26.59,3.86,0.0
20200610:0009,0.0,0.0,25.5,3.66,0.0
20200610:0109,0.0,0.0,24.42,3.17,0.0
20200610:0209,0.0,0.0,23.28,2.97,0.0
20200610:0309,0.0,0.0,22.26,2.9,0.0
20200610:0409,0.0,0.0,21.44,3.1,0.0
20200610:0509,29.87,5.26,20.91,3.1,0.0
20200610:0609,136.14,17.12,21.8,3.31,0.0
20200610:0709,320.06,29.42,24.21,5.45,0.0
20200610:0809,562.14,41.98,25.61,6.83,0.0
20200610:0909,767.39,54.62,27.14,6.9,0.0
20200610:1009,903.84,67.0,28.64,6.55,0.0
20200610:1109,997.11,77.76,29.98,5.93,0.0
20200610:1209,994.24,79.03,31.13,5.17,0.0
20200610:1309,922.13,69.0,32.05,4.55,0.0
20200610:1409,799.93,56.74,32.7,4.14,0.0
20200610:1509,599.56,44.11,32.99,3.59,0.0
20200610:1609,355.96,31.52,32.95,3.38,0.0
20200610:1709,168.6,19.16,32.54,2.97,0.0
20200610:1809,42.54,7.21,32.15,3.52,0.0
20200610:1909,0.0,0.0,31.28,3.59,0.0
20200610:2009,0.0,0.0,30.29,3.66,0.0
20200610:2109,0.0,0.0,29.37,4.21,0.0
20200610:2209,0.0,0.0,28.25,4.48,0.0
20200610:2309,0.0,0.0,27.11,4.69,0.0
20200611:0009,0.0,0.0,26.27,4.41,0.0
20200611:0109,0.0,0.0,25.4,4.07,0.0
20200611:0209,0.0,0.0,24.65,3.66,0.0
20200611:0309,0.0,0.0,23.91,3.31,0.0
20200611:0409,0.0,0.0,23.21,3.17,0.0
20200611:0509,29.87,5.27,22.56,3.1,0.0
20200611:0609,135.83,17.11,23.07,2.76,0.0
20200611:0709,344.99,29.41,25.38,4.34,0.0
20200611:0809,527.15,41.97,27.58,5.72,0.0
20200611:0909,719.43,54.61,29.77,6.62,0.0
20200611:1009,921.2,67.0,31.64,7.1,0.0
20200611:1109,993.06,77.8,33.16,7.03,0.0
20200611:1209,1008.63,79.12,34.35,6.69,0.0
20200611:1309,936.39,69.08,35.22,6.28,0.0
20200611:1409,815.66,56.81,35.8,5.66,0.0
20200611:1509,619.13,44.18,36.05,4.9,0.0
20200611:1609,333.68,31.59,36.07,4.55,0.0
20200611:1709,169.96,19.23,35.82,4.41,0.0
20200611:1809,43.44,7.29,35.34,4.21,0.0
20200611:1909,0.0,0.0,33.89,3.72,0.0
20200611:2009,0.0,0.0,32.39,4.14,0.0
20200611:2109,0.0,0.0,31.2,4.62,0.0
20200611:2209,0.0,0.0,30.23,4.9,0.0
20200611:2309,0.0,0.0,29.08,4.76,0.0
20200612:0009,0.0,0.0,28.25,4.48,0.0
20200612:0109,0.0,0.0,27.34,4.21,0.0
20200612:0209,0.0,0.0,26.2,4.21,0.0
20200612:0309,0.0,0.0,25.11,4.48,0.0
20200612:0409,0.0,0.0,24.06,4.41,0.0
20200612:0509,28.96,5.26,23.27,4.21,0.0
20200612:0609,136.07,17.11,23.83,3.72,0.0
20200612:0709,339.93,29.4,25.64,5.52,0.0
20200612:0809,566.55,41.96,27.81,6.07,0.0
20200612:0909,763.88,54.6,30.13,6.41,0.0
20200612:1009,903.52,66.99,32.47,7.03,0.0
20200612:1109,988.08,77.82,34.58,7.72,0.0
20200612:1209,989.6,79.2,36.14,8.0,0.0
20200612:1309,922.99,69.15,37.21,7.31,0.0
20200612:1409,797.63,56.88,37.86,6.34,0.0
20200612:1509,599.51,44.25,38.14,5.72,0.0
20200612:1609,384.78,31.66,38.17,5.31,0.0
20200612:1709,170.87,19.31,37.89,5.03,0.0
20200612:1809,43.44,7.37,37.34,4.34,0.0
20200612:1909,0.0,0.0,35.98,3.66,0.0
20200612:2009,0.0,0.0,34.25,3.66,0.0
20200612:2109,0.0,0.0,32.67,3.72,0.0
20200612:2209,0.0,0.0,31.21,3.86,0.0
20200612:2309,0.0,0.0,29.9,4.07,0.0
20200613:0009,0.0,0.0,28.75,4.34,0.0
20200613:0109,0.0,0.0,27.71,4.41,0.0
20200613:0209,0.0,0.0,26.67,4.69,0.0
20200613:0309,0.0,0.0,24.99,5.45,0.0
20200613:0409,0.0,0.0,22.7,7.93,0.0
20200613:0509,28.06,5.26,21.56,9.38,0.0
20200613:0609,137.79,17.09,22.2,9.24,0.0
20200613:0709,320.12,29.38,23.96,10.97,0.0
20200613:0809,546.25,41.94,25.79,11.17,0.0
20200613:0909,758.36,54.58,27.86,10.69,0.0
20200613:1009,914.71,66.98,29.89,9.93,0.0
20200613:1109,1019.68,77.84,31.62,8.97,0.0
20200613:1209,1026.66,79.28,32.93,7.93,0.0
20200613:1309,953.31,69.22,33.82,6.97,0.0
20200613:1409,818.84,56.94,34.39,6.21,0.0
20200613:1509,612.85,44.31,34.65,5.66,0.0
20200613:1609,384.18,31.73,34.62,5.38,0.0
20200613:1709,172.26,19.37,34.29,5.17,0.0
20200613:1809,43.44,7.44,33.69,5.03,0.0
20200613:1909,0.0,0.0,32.55,4.48,0.0
20200613:2009,0.0,0.0,31.27,4.34,0.0
20200613:2109,0.0,0.0,30.06,4.97,0.0
20200613:2209,0.0,0.0,28.87,6.0,0.0
20200613:2309,0.0,0.0,27.57,6.55,0.0
20200614:0009,0.0,0.0,26.35,6.69,0.0
20200614:0109,0.0,0.0,25.21,6.69,0.0
20200614:0209,0.0,0.0,24.06,6.62,0.0
20200614:0309,0.0,0.0,22.81,6.14,0.0
20200614:0409,0.0,0.0,21.61,5.59,0.0
20200614:0509,28.96,5.25,20.6,4.97,0.0
20200614:0609,134.84,17.08,20.83,4.41,0.0
20200614:0709,345.97,29.36,22.41,5.45,0.0
20200614:0809,567.56,41.92,24.44,5.17,0.0
20200614:0909,764.99,54.56,26.57,4.69,0.0
20200614:1009,905.67,66.97,28.42,4.0,0.0
20200614:1109,979.59,77.85,30.0,3.24,0.0
20200614:1209,982.09,79.34,31.3,2.69,0.0
20200614:1309,922.05,69.29,32.42,2.34,0.0
20200614:1409,797.94,57.01,33.31,2.34,0.0
20200614:1509,602.96,44.38,33.93,2.34,0.0
20200614:1609,391.14,31.79,34.23,2.34,0.0
20200614:1709,173.51,19.44,34.2,2.14,0.0
20200614:1809,43.44,7.5,33.89,1.66,0.0
20200614:1909,0.0,0.0,32.79,0.28,0.0
20200614:2009,0.0,0.0,31.68,1.31,0.0
20200614:2109,0.0,0.0,30.24,1.59,0.0
20200614:2209,0.0,0.0,28.68,1.66,0.0
20200614:2309,0.0,0.0,27.23,1.72,0.0
20200615:0009,0.0,0.0,25.82,1.72,0.0
20200615:0109,0.0,0.0,24.91,3.59,0.0
20200615:0209,0.0,0.0,23.91,4.83,0.0
20200615:0309,0.0,0.0,23.16,5.1,0.0
20200615:0409,0.0,0.0,22.23,4.97,0.0
20200615:0509,28.96,5.23,21.28,4.97,0.0
20200615:0609,134.97,17.06,21.72,5.03,0.0
20200615:0709,347.33,29.34,23.83,6.21,0.0
20200615:0809,574.93,41.89,25.91,6.28,0.0
20200615:0909,776.08,54.53,27.78,5.72,0.0
20200615:1009,924.51,66.95,29.3,4.62,0.0
20200615:1109,1015.8,77.86,30.48,3.31,0.0
20200615:1209,1022.81,79.41,31.33,2.14,0.0
20200615:1309,942.16,69.36,32.0,1.17,0.0
20200615:1409,829.47,57.07,32.58,0.48,0.0
20200615:1509,621.16,44.44,33.03,0.14,0.0
20200615:1609,404.26,31.85,33.3,0.62,0.0
20200615:1709,174.96,19.5,33.39,0.9,0.0
20200615:1809,40.73,7.57,33.23,1.17,0.0
20200615:1909,0.0,0.0,32.55,1.31,0.0
20200615:2009,0.0,0.0,31.43,2.21,0.0
20200615:2109,0.0,0.0,30.09,3.1,0.0
20200615:2209,0.0,0.0,28.82,3.59,0.0
20200615:2309,0.0,0.0,27.67,3.52,0.0
20200616:0009,0.0,0.0,26.46,3.03,0.0
20200616:0109,0.0,0.0,24.82,1.86,0.0
20200616:0209,0.0,0.0,25.48,0.55,0.0
20200616:0309,0.0,0.0,24.68,0.83,0.0
20200616:0409,0.0,0.0,24.09,0.48,0.0
20200616:0509,28.96,5.21,22.88,1.24,0.0
20200616:0609,133.72,17.04,21.6,1.72,0.0
20200616:0709,342.42,29.31,24.3,1.79,0.0
20200616:0809,567.43,41.86,27.57,3.1,0.0
20200616:0909,763.1,54.51,29.83,4.21,0.0
20200616:1009,900.68,66.93,31.83,4.97,0.0
20200616:1109,980.96,77.86,33.45,5.17,0.0
20200616:1209,993.32,79.46,34.75,5.03,0.0
20200616:1309,923.53,69.42,35.74,4.9,0.0
20200616:1409,791.11,57.13,36.56,5.03,0.0
20200616:1509,601.39,44.5,37.1,5.24,0.0
20200616:1609,386.14,31.91,37.32,5.38,0.0
20200616:1709,173.22,19.56,37.19,5.38,0.0
20200616:1809,43.44,7.63,36.75,4.9,0.0
20200616:1909,0.0,0.0,35.45,3.17,0.0
20200616:2009,0.0,0.0,33.79,3.52,0.0
20200616:2109,0.0,0.0,32.39,4.07,0.0
20200616:2209,0.0,0.0,31.29,4.34,0.0
20200616:2309,0.0,0.0,30.16,3.17,0.0
20200617:0009,0.0,0.0,28.82,2.97,0.0
20200617:0109,0.0,0.0,27.5,3.31,0.0
20200617:0209,0.0,0.0,26.23,4.07,0.0
20200617:0309,0.0,0.0,25.24,5.52,0.0
20200617:0409,0.0,0.0,24.49,6.41,0.0
20200617:0509,28.96,5.19,23.83,6.62,0.0
20200617:0609,131.0,17.01,24.24,6.34,0.0
20200617:0709,325.23,29.28,25.86,6.9,0.0
20200617:0809,480.63,41.83,27.96,6.76,0.0
20200617:0909,740.39,54.47,29.8,5.66,0.0
20200617:1009,920.53,66.9,31.4,3.86,0.0
20200617:1109,988.38,77.85,32.79,2.0,0.0
20200617:1209,956.23,79.52,33.92,0.41,0.0
20200617:1309,922.33,69.47,35.28,1.31,0.0
20200617:1409,805.39,57.19,36.62,2.48,0.0
20200617:1509,598.52,44.56,37.73,3.45,0.0
20200617:1609,389.99,31.97,38.39,4.55,0.0
20200617:1709,173.49,19.62,38.32,5.31,0.0
20200617:1809,46.16,7.69,37.67,5.24,0.0
20200617:1909,0.0,0.0,36.31,3.59,0.0
20200617:2009,0.0,0.0,34.8,2.62,0.0
20200617:2109,0.0,0.0,33.21,1.93,0.0
20200617:2209,0.0,0.0,31.34,1.52,0.0
20200617:2309,0.0,0.0,30.13,1.31,0.0
20200618:0009,0.0,0.0,29.14,1.31,0.0
20200618:0109,0.0,0.0,27.76,1.66,0.0
20200618:0209,0.0,0.0,26.58,1.86,0.0
20200618:0309,0.0,0.0,25.96,1.86,0.0
20200618:0409,0.0,0.0,26.5,1.59,0.0
20200618:0509,28.96,5.17,26.71,1.38,0.0
20200618:0609,135.56,16.98,25.44,1.79,0.0
20200618:0709,337.89,29.25,26.71,2.21,0.0
20200618:0809,566.92,41.8,30.88,3.38,0.0
20200618:0909,765.57,54.44,33.17,4.9,0.0
20200618:1009,908.46,66.87,35.38,6.34,0.0
20200618:1109,1009.16,77.84,37.44,7.45,0.0
20200618:1209,1017.26,79.56,39.17,8.28,0.0
20200618:1309,932.51,69.53,40.44,8.9,0.0
20200618:1409,804.05,57.24,41.27,9.24,0.0
20200618:1509,600.33,44.61,41.58,9.1,0.0
20200618:1609,387.41,32.03,41.49,8.76,0.0
20200618:1709,175.4,19.68,41.02,8.28,0.0
20200618:1809,47.06,7.74,40.08,6.97,0.0
20200618:1909,0.0,0.0,38.45,5.52,0.0
20200618:2009,0.0,0.0,36.58,5.31,0.0
20200618:2109,0.0,0.0,35.12,5.17,0.0
20200618:2209,0.0,0.0,33.85,5.1,0.0
20200618:2309,0.0,0.0,32.66,5.1,0.0
20200619:0009,0.0,0.0,31.57,4.97,0.0
20200619:0109,0.0,0.0,30.53,4.62,0.0
20200619:0209,0.0,0.0,29.43,4.28,0.0
20200619:0309,0.0,0.0,28.35,4.07,0.0
20200619:0409,0.0,0.0,27.33,4.14,0.0
20200619:0509,25.34,5.14,26.43,4.21,0.0
20200619:0609,133.21,16.95,26.74,3.66,0.0
20200619:0709,313.41,29.22,28.04,5.31,0.0
20200619:0809,531.66,41.76,30.41,4.76,0.0
20200619:0909,742.96,54.4,33.3,4.07,0.0
20200619:1009,897.81,66.83,35.8,4.0,0.0
20200619:1109,988.79,77.82,37.91,5.17,0.0
20200619:1209,996.91,79.6,39.39,6.48,0.0
20200619:1309,936.71,69.58,40.18,7.31,0.0
20200619:1409,795.83,57.29,40.44,7.86,0.0
20200619:1509,586.63,44.66,40.32,8.07,0.0
20200619:1609,369.42,32.08,39.91,7.79,0.0
20200619:1709,169.95,19.73,39.25,7.1,0.0
20200619:1809,47.97,7.79,38.28,5.79,0.0
20200619:1909,0.0,0.0,36.53,4.21,0.0
20200619:2009,0.0,0.0,34.56,4.21,0.0
20200619:2109,0.0,0.0,32.77,5.86,0.0
20200619:2209,0.0,0.0,31.16,7.45,0.0
20200619:2309,0.0,0.0,29.38,7.93,0.0
20200620:0009,0.0,0.0,27.88,7.17,0.0
20200620:0109,0.0,0.0,26.55,6.62,0.0
20200620:0209,0.0,0.0,25.4,6.28,0.0
20200620:0309,0.0,0.0,24.42,6.14,0.0
20200620:0409,0.0,0.0,23.61,5.86,0.0
20200620:0509,28.06,5.1,22.94,5.59,0.0
20200620:0609,133.33,16.91,23.37,5.31,0.0
20200620:0709,345.31,29.18,25.32,6.48,0.0
20200620:0809,573.31,41.72,27.37,7.1,0.0
20200620:0909,779.64,54.36,29.31,7.31,0.0
20200620:1009,921.17,66.8,30.92,6.83,0.0
20200620:1109,1013.5,77.8,32.24,5.93,0.0
20200620:1209,1013.14,79.63,33.23,4.97,0.0
20200620:1309,938.04,69.63,33.99,4.07,0.0
20200620:1409,824.61,57.34,34.58,3.45,0.0
20200620:1509,621.79,44.71,34.94,3.1,0.0
20200620:1609,406.93,32.13,35.11,3.1,0.0
20200620:1709,178.86,19.78,34.99,3.17,0.0
20200620:1809,41.63,7.84,34.48,3.31,0.0
20200620:1909,0.0,0.0,33.05,3.52,0.0
20200620:2009,0.0,0.0,31.58,3.72,0.0
20200620:2109,0.0,0.0,30.15,3.93,0.0
20200620:2209,0.0,0.0,28.81,3.79,0.0
20200620:2309,0.0,0.0,27.57,3.38,0.0
20200621:0009,0.0,0.0,26.36,2.76,0.0
20200621:0109,0.0,0.0,24.89,2.0,0.0
20200621:0209,0.0,0.0,25.23,1.24,0.0
20200621:0309,0.0,0.0,25.82,0.62,0.0
20200621:0409,0.0,0.0,25.44,0.55,0.0
20200621:0509,28.06,5.06,25.07,0.62,0.0
20200621:0609,131.17,16.87,25.15,0.69,0.0
20200621:0709,338.45,29.14,25.9,1.17,0.0
20200621:0809,561.17,41.68,28.65,1.72,0.0
20200621:0909,762.64,54.32,30.49,2.14,0.0
20200621:1009,892.88,66.76,32.08,2.69,0.0
20200621:1109,978.5,77.77,33.31,2.97,0.0
20200621:1209,987.68,79.66,34.2,2.83,0.0
20200621:1309,927.68,69.67,34.82,2.34,0.0
20200621:1409,808.58,57.39,35.23,1.72,0.0
20200621:1509,612.31,44.76,35.48,1.31,0.0
20200621:1609,397.9,32.17,35.64,1.1,0.0
20200621:1709,177.57,19.82,35.61,0.97,0.0
20200621:1809,45.25,7.88,35.39,1.17,0.0
20200621:1909,0.0,0.0,34.07,2.97,0.0
20200621:2009,0.0,0.0,32.83,4.0,0.0
20200621:2109,0.0,0.0,31.54,4.28,0.0
20200621:2209,0.0,0.0,30.31,3.86,0.0
20200621:2309,0.0,0.0,29.11,3.17,0.0
20200622:0009,0.0,0.0,27.89,2.62,0.0
20200622:0109,0.0,0.0,26.46,2.07,0.0
20200622:0209,0.0,0.0,25.55,1.72,0.0
20200622:0309,0.0,0.0,25.99,1.31,0.0
20200622:0409,0.0,0.0,25.48,1.31,0.0
20200622:0509,27.15,5.02,22.69,3.24,0.0
20200622:0609,127.97,16.82,23.58,4.14,0.0
20200622:0709,343.32,29.09,26.3,4.21,0.0
20200622:0809,572.56,41.63,28.81,5.31,0.0
20200622:0909,770.01,54.28,30.61,6.07,0.0
20200622:1009,923.77,66.71,31.88,5.72,0.0
20200622:1109,1007.79,77.74,32.82,5.1,0.0
20200622:1209,1007.46,79.68,33.51,4.28,0.0
20200622:1309,951.35,69.71,34.01,3.59,0.0
20200622:1409,827.44,57.43,34.39,3.17,0.0
20200622:1509,629.96,44.8,34.61,3.03,0.0
20200622:1609,408.34,32.22,34.69,2.97,0.0
20200622:1709,178.42,19.86,34.55,2.83,0.0
20200622:1809,45.25,7.93,34.16,2.62,0.0
20200622:1909,0.0,0.0,33.11,3.17,0.0
20200622:2009,0.0,0.0,31.83,3.72,0.0
20200622:2109,0.0,0.0,30.51,3.72,0.0
20200622:2209,0.0,0.0,29.24,3.45,0.0
20200622:2309,0.0,0.0,28.0,3.03,0.0
20200623:0009,0.0,0.0,26.75,2.62,0.0
20200623:0109,0.0,0.0,25.4,2.28,0.0
20200623:0209,0.0,0.0,24.39,1.79,0.0
20200623:0309,0.0,0.0,25.64,0.41,0.0
20200623:0409,0.0,0.0,21.79,2.48,0.0
20200623:0509,27.15,4.98,21.14,3.45,0.0
20200623:0609,128.92,16.78,21.67,3.17,0.0
20200623:0709,341.18,29.04,24.61,3.52,0.0
20200623:0809,566.0,41.59,27.14,3.79,0.0
20200623:0909,763.84,54.23,29.16,3.66,0.0
20200623:1009,902.71,66.67,30.73,3.1,0.0
20200623:1109,979.86,77.7,32.09,2.69,0.0
20200623:1209,973.89,79.7,33.2,2.55,0.0
20200623:1309,930.2,69.75,34.02,2.34,0.0
20200623:1409,807.08,57.47,34.6,2.14,0.0
20200623:1509,618.66,44.84,34.93,2.0,0.0
20200623:1609,404.27,32.26,35.05,1.93,0.0
20200623:1709,179.92,19.9,34.94,2.07,0.0
20200623:1809,45.25,7.96,34.61,2.83,0.0
20200623:1909,0.0,0.0,33.53,3.72,0.0
20200623:2009,0.0,0.0,32.27,4.55,0.0
20200623:2109,0.0,0.0,31.07,4.97,0.0
20200623:2209,0.0,0.0,29.96,4.97,0.0
20200623:2309,0.0,0.0,28.92,4.9,0.0
20200624:0009,0.0,0.0,27.93,4.62,0.0
20200624:0109,0.0,0.0,26.96,4.14,0.0
20200624:0209,0.0,0.0,25.98,3.66,0.0
20200624:0309,0.0,0.0,24.95,3.24,0.0
20200624:0409,0.0,0.0,23.9,2.97,0.0
20200624:0509,27.15,4.93,22.92,2.97,0.0
20200624:0609,128.33,16.73,23.19,2.69,0.0
20200624:0709,334.51,28.99,26.19,2.9,0.0
20200624:0809,558.05,41.54,28.42,3.86,0.0
20200624:0909,757.5,54.18,30.39,4.76,0.0
20200624:1009,922.49,66.62,32.16,5.45,0.0
20200624:1109,997.04,77.66,33.59,5.66,0.0
20200624:1209,983.71,79.7,34.6,5.45,0.0
20200624:1309,942.88,69.78,35.3,5.17,0.0
20200624:1409,810.03,57.51,35.74,4.69,0.0
20200624:1509,616.49,44.88,35.94,4.28,0.0
20200624:1609,395.45,32.29,35.88,4.21,0.0
20200624:1709,177.95,19.94,35.61,4.34,0.0
20200624:1809,47.97,7.99,35.0,4.55,0.0
20200624:1909,0.0,0.0,34.08,4.21,0.0
20200624:2009,0.0,0.0,32.69,4.07,0.0
20200624:2109,0.0,0.0,31.48,4.28,0.0
20200624:2209,0.0,0.0,30.35,4.41,0.0
20200624:2309,0.0,0.0,29.34,4.69,0.0
20200625:0009,0.0,0.0,28.46,4.76,0.0
20200625:0109,0.0,0.0,27.6,4.69,0.0
20200625:0209,0.0,0.0,26.77,4.41,0.0
20200625:0309,0.0,0.0,25.92,4.07,0.0
20200625:0409,0.0,0.0,25.13,3.93,0.0
20200625:0509,27.15,4.88,24.42,3.93,0.0
20200625:0609,103.22,16.68,24.92,3.59,0.0
20200625:0709,326.04,28.94,27.96,4.14,0.0
20200625:0809,563.63,41.48,30.54,5.24,0.0
20200625:0909,752.69,54.12,32.67,6.28,0.0
20200625:1009,891.22,66.56,34.4,6.28,0.0
20200625:1109,953.1,77.61,35.69,5.38,0.0
20200625:1209,748.4,79.71,36.69,4.55,0.0
20200625:1309,558.46,69.81,37.53,4.48,0.0
20200625:1409,779.41,57.54,38.04,4.69,0.0
20200625:1509,592.78,44.92,38.27,5.38,0.0
20200625:1609,384.66,32.33,38.21,5.45,0.0
20200625:1709,147.83,19.97,37.79,5.1,0.0
20200625:1809,45.25,8.02,37.13,4.9,0.0
20200625:1909,0.0,0.0,35.93,4.48,0.0
20200625:2009,0.0,0.0,34.32,4.34,0.0
20200625:2109,0.0,0.0,32.98,4.34,0.0
20200625:2209,0.0,0.0,31.79,4.41,0.0
20200625:2309,0.0,0.0,30.76,4.55,0.0
20200626:0009,0.0,0.0,29.84,4.55,0.0
20200626:0109,0.0,0.0,28.98,4.55,0.0
20200626:0209,0.0,0.0,28.19,4.41,0.0
20200626:0309,0.0,0.0,27.39,4.28,0.0
20200626:0409,0.0,0.0,26.58,4.07,0.0
20200626:0509,20.82,4.82,25.82,4.0,0.0
20200626:0609,130.22,16.62,26.57,4.55,0.0
20200626:0709,312.7,28.89,29.28,3.38,0.0
20200626:0809,521.14,41.43,32.11,3.79,0.0
20200626:0909,713.42,54.07,34.52,4.76,0.0
20200626:1009,878.54,66.51,36.53,5.72,0.0
20200626:1109,877.25,77.56,38.17,5.66,0.0
20200626:1209,974.42,79.7,39.25,4.9,0.0
20200626:1309,926.41,69.84,39.75,3.66,0.0
20200626:1409,777.45,57.58,40.09,2.9,0.0
20200626:1509,607.51,44.95,40.32,2.69,0.0
20200626:1609,391.37,32.36,40.37,2.69,0.0
20200626:1709,177.13,20.0,40.17,3.1,0.0
20200626:1809,48.87,8.05,39.67,3.45,0.0
20200626:1909,0.0,0.0,38.21,2.97,0.0
20200626:2009,0.0,0.0,36.47,3.72,0.0
20200626:2109,0.0,0.0,34.87,4.0,0.0
20200626:2209,0.0,0.0,33.55,4.07,0.0
20200626:2309,0.0,0.0,32.55,4.07,0.0
20200627:0009,0.0,0.0,31.58,4.28,0.0
20200627:0109,0.0,0.0,30.73,4.21,0.0
20200627:0209,0.0,0.0,29.79,4.07,0.0
20200627:0309,0.0,0.0,29.05,4.14,0.0
20200627:0409,0.0,0.0,27.94,3.38,0.0
20200627:0509,17.2,4.76,26.53,3.52,0.0
20200627:0609,92.79,16.56,26.97,3.1,0.0
20200627:0709,242.41,28.83,30.1,2.34,0.0
20200627:0809,569.69,41.37,33.67,1.38,0.0
20200627:0909,744.05,54.01,36.05,1.38,0.0
20200627:1009,858.47,66.45,37.67,2.62,0.0
20200627:1109,712.84,77.5,38.96,3.72,0.0
20200627:1209,916.88,79.69,39.8,4.34,0.0
20200627:1309,879.06,69.86,40.17,4.21,0.0
20200627:1409,440.27,57.6,40.36,3.79,0.0
20200627:1509,101.22,44.98,40.1,2.76,0.0
20200627:1609,298.99,32.39,39.67,1.72,0.0
20200627:1709,121.74,20.02,39.38,0.97,0.0
20200627:1809,48.87,8.07,39.06,0.14,0.0
20200627:1909,0.0,0.0,37.87,3.24,0.0
20200627:2009,0.0,0.0,36.49,2.76,0.0
20200627:2109,0.0,0.0,35.05,2.48,0.0
20200627:2209,0.0,0.0,33.59,2.41,0.0
20200627:2309,0.0,0.0,31.98,2.21,0.0
20200628:0009,0.0,0.0,30.38,2.21,0.0
20200628:0109,0.0,0.0,28.99,2.55,0.0
20200628:0209,0.0,0.0,28.21,3.1,0.0
20200628:0309,0.0,0.0,27.43,3.59,0.0
20200628:0409,0.0,0.0,26.81,3.59,0.0
20200628:0509,22.63,4.7,26.25,3.31,0.0
20200628:0609,128.21,16.5,26.61,2.76,0.0
20200628:0709,318.39,28.77,30.13,2.62,0.0
20200628:0809,527.28,41.31,34.01,3.1,0.0
20200628:0909,653.55,53.95,36.62,4.28,0.0
20200628:1009,891.89,66.39,38.44,4.48,0.0
20200628:1109,984.17,77.44,39.62,3.79,0.0
20200628:1209,969.64,79.67,40.2,3.59,0.0
20200628:1309,928.13,69.88,40.79,3.31,0.0
20200628:1409,782.34,57.63,41.07,3.31,0.0
20200628:1509,604.34,45.0,41.18,3.45,0.0
20200628:1609,329.1,32.41,40.98,3.52,0.0
20200628:1709,180.63,20.05,40.51,2.69,0.0
20200628:1809,47.06,8.09,39.77,1.38,0.0
20200628:1909,0.0,0.0,38.73,2.0,0.0
20200628:2009,0.0,0.0,37.45,2.55,0.0
20200628:2109,0.0,0.0,36.06,2.69,0.0
20200628:2209,0.0,0.0,34.51,2.62,0.0
20200628:2309,0.0,0.0,33.01,2.41,0.0
20200629:0009,0.0,0.0,31.77,1.93,0.0
20200629:0109,0.0,0.0,33.44,0.9,0.0
20200629:0209,0.0,0.0,32.69,0.83,0.0
20200629:0309,0.0,0.0,29.03,1.93,0.0
20200629:0409,0.0,0.0,27.98,1.93,0.0
20200629:0509,22.63,4.63,29.45,1.1,0.0
20200629:0609,128.26,16.44,30.03,0.34,0.0
20200629:0709,307.57,28.7,31.65,0.9,0.0
20200629:0809,503.39,41.25,34.19,1.1,0.0
20200629:0909,756.41,53.89,36.84,1.45,0.0
20200629:1009,910.07,66.32,38.96,1.93,0.0
20200629:1109,995.15,77.37,40.47,2.48,0.0
20200629:1209,987.22,79.65,41.11,2.28,0.0
20200629:1309,906.85,69.89,41.5,1.79,0.0
20200629:1409,721.52,57.65,41.78,1.31,0.0
20200629:1509,78.52,45.03,41.82,1.03,0.0
20200629:1609,41.62,32.43,41.77,0.97,0.0
20200629:1709,36.89,20.06,41.37,1.03,0.0
20200629:1809,41.63,8.1,41.1,1.72,0.0
20200629:1909,0.0,0.0,40.2,1.86,0.0
20200629:2009,0.0,0.0,38.98,2.55,0.0
20200629:2109,0.0,0.0,37.65,2.69,0.0
20200629:2209,0.0,0.0,36.17,2.62,0.0
20200629:2309,0.0,0.0,34.83,2.9,0.0
20200630:0009,0.0,0.0,33.55,3.38,0.0
20200630:0109,0.0,0.0,32.47,3.17,0.0
20200630:0209,0.0,0.0,31.24,2.69,0.0
20200630:0309,0.0,0.0,29.9,2.14,0.0
20200630:0409,0.0,0.0,29.79,1.72,0.0
20200630:0509,22.63,4.56,30.69,1.38,0.0
20200630:0609,126.82,16.37,31.44,1.24,0.0
20200630:0709,322.23,28.64,30.78,1.93,0.0
20200630:0809,535.89,41.19,34.92,2.97,0.0
20200630:0909,741.14,53.83,37.46,4.0,0.0
20200630:1009,892.18,66.26,39.22,4.41,0.0
20200630:1109,974.87,77.3,40.54,3.52,0.0
20200630:1209,962.22,79.62,41.1,2.07,0.0
20200630:1309,943.46,69.9,41.47,1.03,0.0
20200630:1409,241.22,57.67,41.79,0.62,0.0
20200630:1509,611.44,45.05,41.9,0.55,0.0
20200630:1609,41.62,32.45,41.89,0.76,0.0
20200630:1709,118.52,20.08,41.71,0.97,0.0
20200630:1809,45.25,8.11,41.31,0.9,0.0
20200630:1909,0.0,0.0,40.5,0.9,0.0
20200630:2009,0.0,0.0,39.36,1.52,0.0
20200630:2109,0.0,0.0,38.09,1.66,0.0
20200630:2209,0.0,0.0,36.57,1.52,0.0
20200630:2309,0.0,0.0,35.17,1.79,0.0
20200701:0009,0.0,0.0,33.79,2.34,0.0
20200701:0109,0.0,0.0,32.47,2.83,0.0
20200701:0209,0.0,0.0,31.12,2.9,0.0
20200701:0309,0.0,0.0,29.62,2.28,0.0
20200701:0409,0.0,0.0,28.46,2.14,0.0
20200701:0509,21.72,4.49,27.57,2.07,0.0
20200701:0609,126.89,16.3,29.52,1.31,0.0
20200701:0709,325.37,28.57,30.34,1.59,0.0
20200701:0809,542.4,41.12,34.25,2.0,0.0
20200701:0909,758.07,53.76,36.95,3.24,0.0
20200701:1009,918.01,66.19,39.48,4.34,0.0
20200701:1109,1004.28,77.22,41.46,4.76,0.0
20200701:1209,1001.82,79.58,42.52,4.34,0.0
20200701:1309,948.21,69.9,43.1,3.72,0.0
20200701:1409,796.83,57.68,43.36,3.17,0.0
20200701:1509,637.68,45.06,43.38,2.76,0.0
20200701:1609,370.05,32.46,43.38,2.41,0.0
20200701:1709,180.66,20.09,43.12,2.0,0.0
20200701:1809,48.87,8.11,42.68,1.38,0.0
20200701:1909,0.0,0.0,41.77,2.69,0.0
20200701:2009,0.0,0.0,39.8,3.17,0.0
20200701:2109,0.0,0.0,37.82,3.72,0.0
20200701:2209,0.0,0.0,36.31,4.21,0.0
20200701:2309,0.0,0.0,35.21,4.48,0.0
20200702:0009,0.0,0.0,33.94,4.62,0.0
20200702:0109,0.0,0.0,32.8,5.45,0.0
20200702:0209,0.0,0.0,32.17,5.17,0.0
20200702:0309,0.0,0.0,31.6,4.48,0.0
20200702:0409,0.0,0.0,30.71,4.41,0.0
20200702:0509,22.63,4.42,29.82,4.62,0.0
20200702:0609,127.58,16.23,30.32,4.48,0.0
20200702:0709,303.05,28.5,33.27,3.59,0.0
20200702:0809,533.94,41.05,36.65,3.66,0.0
20200702:0909,741.95,53.69,39.41,3.59,0.0
20200702:1009,902.36,66.12,41.6,3.66,0.0
20200702:1109,987.25,77.14,42.96,3.31,0.0
20200702:1209,993.37,79.53,43.45,2.21,0.0
20200702:1309,936.74,69.9,43.73,1.1,0.0
20200702:1409,787.57,57.69,43.96,0.55,0.0
20200702:1509,614.73,45.07,44.06,1.24,0.0
20200702:1609,395.1,32.47,44.0,2.14,0.0
20200702:1709,184.6,20.09,43.75,2.41,0.0
20200702:1809,46.16,8.11,43.27,2.69,0.0
20200702:1909,0.0,0.0,42.07,1.17,0.0
20200702:2009,0.0,0.0,40.34,0.83,0.0
20200702:2109,0.0,0.0,38.13,1.1,0.0
20200702:2209,0.0,0.0,36.64,1.17,0.0
20200702:2309,0.0,0.0,36.29,0.69,0.0
20200703:0009,0.0,0.0,35.93,0.97,0.0
20200703:0109,0.0,0.0,34.09,1.45,0.0
20200703:0209,0.0,0.0,31.55,2.21,0.0
20200703:0309,0.0,0.0,30.48,2.28,0.0
20200703:0409,0.0,0.0,29.65,2.34,0.0
20200703:0509,22.63,4.34,29.47,2.14,0.0
20200703:0609,122.67,16.15,28.92,2.9,0.0
20200703:0709,322.23,28.43,33.45,1.38,0.0
20200703:0809,535.01,40.98,36.18,2.55,0.0
20200703:0909,755.46,53.62,38.32,2.83,0.0
20200703:1009,914.37,66.04,39.71,2.21,0.0
20200703:1109,996.25,77.06,40.83,1.59,0.0
20200703:1209,1003.48,79.48,42.01,1.24,0.0
20200703:1309,950.94,69.9,42.76,1.17,0.0
20200703:1409,799.46,57.7,43.45,2.0,0.0
20200703:1509,619.83,45.08,43.73,2.83,0.0
20200703:1609,387.48,32.48,43.74,3.38,0.0
20200703:1709,156.46,20.09,43.59,3.86,0.0
20200703:1809,36.2,8.11,43.0,4.62,0.0
20200703:1909,0.0,0.0,41.45,4.55,0.0
20200703:2009,0.0,0.0,40.06,4.07,0.0
20200703:2109,0.0,0.0,38.87,4.48,0.0
20200703:2209,0.0,0.0,37.5,5.66,0.0
20200703:2309,0.0,0.0,36.02,6.55,0.0
20200704:0009,0.0,0.0,34.47,7.79,0.0
20200704:0109,0.0,0.0,33.23,8.55,0.0
20200704:0209,0.0,0.0,31.88,8.62,0.0
20200704:0309,0.0,0.0,30.58,8.41,0.0
20200704:0409,0.0,0.0,29.53,8.0,0.0
20200704:0509,19.91,4.26,28.88,7.31,0.0
20200704:0609,124.29,16.08,28.95,6.69,0.0
20200704:0709,291.54,28.36,30.0,8.14,0.0
20200704:0809,493.68,40.91,31.61,8.83,0.0
20200704:0909,732.02,53.55,33.3,9.17,0.0
20200704:1009,891.33,65.97,35.05,9.17,0.0
20200704:1109,975.11,76.96,36.53,8.97,0.0
20200704:1209,972.27,79.42,37.55,8.62,0.0
20200704:1309,922.42,69.89,38.17,8.14,0.0
20200704:1409,782.97,57.7,38.44,7.79,0.0
20200704:1509,613.33,45.09,38.39,7.52,0.0
20200704:1609,400.33,32.48,38.11,7.24,0.0
20200704:1709,184.21,20.09,37.55,6.83,0.0
20200704:1809,48.87,8.1,36.71,6.34,0.0
20200704:1909,0.0,0.0,35.1,5.38,0.0
20200704:2009,0.0,0.0,33.69,4.97,0.0
20200704:2109,0.0,0.0,32.4,4.55,0.0
20200704:2209,0.0,0.0,31.16,4.07,0.0
20200704:2309,0.0,0.0,29.92,3.72,0.0
20200705:0009,0.0,0.0,28.75,3.59,0.0
20200705:0109,0.0,0.0,27.7,3.86,0.0
20200705:0209,0.0,0.0,26.73,4.21,0.0
20200705:0309,0.0,0.0,25.72,4.41,0.0
20200705:0409,0.0,0.0,24.65,4.28,0.0
20200705:0509,19.91,4.18,23.66,4.07,0.0
20200705:0609,123.84,16.0,23.98,3.93,0.0
20200705:0709,329.73,28.28,26.56,4.07,0.0
20200705:0809,547.13,40.84,28.97,4.55,0.0
20200705:0909,757.41,53.48,30.86,4.9,0.0
20200705:1009,899.5,65.89,32.45,4.97,0.0
20200705:1109,964.63,76.87,33.83,4.55,0.0
20200705:1209,982.67,79.35,35.09,4.07,0.0
20200705:1309,950.09,69.87,36.25,3.86,0.0
20200705:1409,795.33,57.7,37.26,3.79,0.0
20200705:1509,631.73,45.09,37.96,4.07,0.0
20200705:1609,411.74,32.48,38.25,4.21,0.0
20200705:1709,186.37,20.09,38.11,4.14,0.0
20200705:1809,47.97,8.08,37.5,3.86,0.0
20200705:1909,0.0,0.0,35.73,4.14,0.0
20200705:2009,0.0,0.0,33.67,5.17,0.0
20200705:2109,0.0,0.0,31.83,4.62,0.0
20200705:2209,0.0,0.0,30.36,3.45,0.0
20200705:2309,0.0,0.0,29.08,2.69,0.0
20200706:0009,0.0,0.0,27.7,2.28,0.0
20200706:0109,0.0,0.0,26.26,1.93,0.0
20200706:0209,0.0,0.0,26.17,1.45,0.0
20200706:0309,0.0,0.0,27.15,0.9,0.0
20200706:0409,0.0,0.0,26.66,0.76,0.0
20200706:0509,19.91,4.09,26.09,0.9,0.0
20200706:0609,121.78,15.92,25.9,0.97,0.0
20200706:0709,332.55,28.2,27.13,0.9,0.0
20200706:0809,557.81,40.76,29.19,1.17,0.0
20200706:0909,762.06,53.4,31.06,1.24,0.0
20200706:1009,924.48,65.81,32.78,1.24,0.0
20200706:1109,997.93,76.77,34.17,0.9,0.0
20200706:1209,986.41,79.28,35.3,0.69,0.0
20200706:1309,949.5,69.85,36.27,0.9,0.0
20200706:1409,798.9,57.69,37.16,1.86,0.0
20200706:1509,632.21,45.08,37.84,2.97,0.0
20200706:1609,412.21,32.48,38.09,3.86,0.0
20200706:1709,187.54,20.08,37.88,4.48,0.0
20200706:1809,46.16,8.07,37.24,4.83,0.0
20200706:1909,0.0,0.0,35.7,4.62,0.0
20200706:2009,0.0,0.0,34.05,4.34,0.0
20200706:2109,0.0,0.0,32.47,3.66,0.0
20200706:2209,0.0,0.0,30.93,2.76,0.0
20200706:2309,0.0,0.0,29.43,2.55,0.0
20200707:0009,0.0,0.0,28.17,3.45,0.0
20200707:0109,0.0,0.0,27.31,4.83,0.0
20200707:0209,0.0,0.0,26.54,6.0,0.0
20200707:0309,0.0,0.0,25.41,5.86,0.0
20200707:0409,0.0,0.0,24.49,5.72,0.0
20200707:0509,19.91,4.0,23.81,5.86,0.0
20200707:0609,117.7,15.83,24.05,5.86,0.0
20200707:0709,332.34,28.13,25.61,7.17,0.0
20200707:0809,548.8,40.68,27.22,7.24,0.0
20200707:0909,753.31,53.32,28.79,6.69,0.0
20200707:1009,896.28,65.72,30.27,6.0,0.0
20200707:1109,961.35,76.67,31.58,5.52,0.0
20200707:1209,979.52,79.2,32.7,5.31,0.0
20200707:1309,929.67,69.83,33.57,5.31,0.0
20200707:1409,789.99,57.68,34.22,5.38,0.0
20200707:1509,622.02,45.08,34.51,5.38,0.0
20200707:1609,406.97,32.47,34.55,5.45,0.0
20200707:1709,186.88,20.06,34.27,5.45,0.0
20200707:1809,46.16,8.05,33.7,5.31,0.0
20200707:1909,0.0,0.0,32.25,4.41,0.0
20200707:2009,0.0,0.0,31.04,3.86,0.0
20200707:2109,0.0,0.0,29.79,3.52,0.0
20200707:2209,0.0,0.0,28.56,3.17,0.0
20200707:2309,0.0,0.0,27.29,2.62,0.0
20200708:0009,0.0,0.0,25.73,2.0,0.0
20200708:0109,0.0,0.0,25.88,1.38,0.0
20200708:0209,0.0,0.0,26.73,1.03,0.0
20200708:0309,0.0,0.0,26.01,1.24,0.0
20200708:0409,0.0,0.0,22.93,2.07,0.0
20200708:0509,19.01,3.91,21.15,2.83,0.0
20200708:0609,116.5,15.75,21.19,2.69,0.0
20200708:0709,334.49,28.04,24.55,2.07,0.0
20200708:0809,563.84,40.61,28.82,2.55,0.0
20200708:0909,782.45,53.25,30.56,3.03,0.0
20200708:1009,920.95,65.64,31.92,3.24,0.0
20200708:1109,994.34,76.56,33.16,3.24,0.0
20200708:1209,1003.63,79.11,34.23,3.17,0.0
20200708:1309,955.7,69.8,35.05,3.17,0.0
20200708:1409,809.1,57.67,35.65,3.17,0.0
20200708:1509,638.91,45.07,36.01,3.24,0.0
20200708:1609,419.49,32.45,36.09,3.45,0.0
20200708:1709,188.74,20.04,35.87,3.59,0.0
20200708:1809,45.25,8.02,35.33,3.59,0.0
20200708:1909,0.0,0.0,33.89,3.1,0.0
20200708:2009,0.0,0.0,32.65,3.03,0.0
20200708:2109,0.0,0.0,31.43,3.1,0.0
20200708:2209,0.0,0.0,30.22,3.1,0.0
20200708:2309,0.0,0.0,29.04,3.17,0.0
20200709:0009,0.0,0.0,27.9,2.97,0.0
20200709:0109,0.0,0.0,26.67,2.62,0.0
20200709:0209,0.0,0.0,25.42,2.34,0.0
20200709:0309,0.0,0.0,24.97,1.93,0.0
20200709:0409,0.0,0.0,25.76,1.45,0.0
20200709:0509,18.1,3.82,26.48,1.17,0.0
20200709:0609,117.02,15.66,26.37,1.17,0.0
20200709:0709,330.17,27.96,28.43,0.07,0.0
20200709:0809,551.84,40.53,30.3,1.52,0.0
20200709:0909,755.76,53.16,32.13,2.97,0.0
20200709:1009,890.19,65.55,33.55,3.45,0.0
20200709:1109,960.49,76.45,34.72,3.59,0.0
20200709:1209,984.29,79.02,35.73,4.14,0.0
20200709:1309,929.03,69.76,36.47,4.76,0.0
20200709:1409,793.59,57.65,36.9,4.9,0.0
20200709:1509,626.47,45.05,37.05,4.76,0.0
20200709:1609,410.7,32.44,36.93,4.55,0.0
20200709:1709,188.22,20.02,36.57,4.41,0.0
20200709:1809,45.25,7.99,35.89,4.28,0.0
20200709:1909,0.0,0.0,34.8,3.38,0.0
20200709:2009,0.0,0.0,33.49,3.03,0.0
20200709:2109,0.0,0.0,32.24,3.03,0.0
20200709:2209,0.0,0.0,31.02,3.1,0.0
20200709:2309,0.0,0.0,29.85,3.24,0.0
20200710:0009,0.0,0.0,28.74,3.24,0.0
20200710:0109,0.0,0.0,27.6,3.1,0.0
20200710:0209,0.0,0.0,26.39,2.83,0.0
20200710:0309,0.0,0.0,25.16,2.48,0.0
20200710:0409,0.0,0.0,24.9,2.14,0.0
20200710:0509,17.2,3.72,25.15,1.79,0.0
20200710:0609,117.83,15.57,25.82,1.59,0.0
20200710:0709,329.89,27.88,28.69,1.1,0.0
20200710:0809,553.55,40.45,31.35,2.0,0.0
20200710:0909,775.53,53.08,33.5,3.17,0.0
20200710:1009,921.58,65.46,35.06,4.07,0.0
20200710:1109,980.63,76.33,36.21,4.48,0.0
20200710:1209,1015.29,78.92,37.05,4.76,0.0
20200710:1309,953.11,69.72,37.69,4.83,0.0
20200710:1409,813.94,57.63,38.1,4.83,0.0
20200710:1509,643.35,45.03,38.22,4.76,0.0
20200710:1609,415.83,32.41,38.11,4.69,0.0
20200710:1709,188.06,19.99,37.76,4.69,0.0
20200710:1809,46.16,7.95,37.1,4.48,0.0
20200710:1909,0.0,0.0,35.7,3.72,0.0
20200710:2009,0.0,0.0,34.36,3.52,0.0
20200710:2109,0.0,0.0,33.13,3.66,0.0
20200710:2209,0.0,0.0,31.98,3.86,0.0
20200710:2309,0.0,0.0,30.96,4.07,0.0
20200711:0009,0.0,0.0,29.99,4.0,0.0
20200711:0109,0.0,0.0,29.01,3.79,0.0
20200711:0209,0.0,0.0,27.98,3.38,0.0
20200711:0309,0.0,0.0,26.74,2.83,0.0
20200711:0409,0.0,0.0,25.54,2.14,0.0
20200711:0509,15.39,3.62,26.72,1.38,0.0
20200711:0609,117.14,15.48,27.6,0.62,0.0
20200711:0709,321.94,27.79,27.63,1.45,0.0
20200711:0809,540.83,40.36,31.1,2.41,0.0
20200711:0909,747.55,53.0,33.26,3.52,0.0
20200711:1009,886.05,65.37,35.06,4.21,0.0
20200711:1109,957.34,76.21,36.31,4.14,0.0
20200711:1209,985.76,78.81,37.25,3.93,0.0
20200711:1309,927.03,69.67,38.02,3.86,0.0
20200711:1409,791.49,57.6,38.56,3.79,0.0
20200711:1509,615.36,45.01,38.79,3.79,0.0
20200711:1609,402.1,32.39,38.75,3.79,0.0
20200711:1709,186.69,19.96,38.43,3.93,0.0
20200711:1809,47.06,7.91,37.85,3.93,0.0
20200711:1909,0.0,0.0,36.78,3.59,0.0
20200711:2009,0.0,0.0,35.36,3.52,0.0
20200711:2109,0.0,0.0,34.07,3.66,0.0
20200711:2209,0.0,0.0,32.83,3.79,0.0
20200711:2309,0.0,0.0,31.72,4.0,0.0
20200712:0009,0.0,0.0,30.69,4.07,0.0
20200712:0109,0.0,0.0,29.75,3.79,0.0
20200712:0209,0.0,0.0,28.67,3.1,0.0
20200712:0309,0.0,0.0,27.27,2.34,0.0
20200712:0409,0.0,0.0,26.69,2.07,0.0
20200712:0509,14.48,3.52,25.79,2.34,0.0
20200712:0609,116.23,15.39,25.82,2.55,0.0
20200712:0709,322.38,27.71,28.61,2.34,0.0
20200712:0809,549.27,40.28,32.66,3.59,0.0
20200712:0909,760.8,52.91,35.1,4.83,0.0
20200712:1009,920.52,65.27,37.05,5.24,0.0
20200712:1109,976.03,76.09,38.43,4.62,0.0
20200712:1209,1009.87,78.7,39.47,3.93,0.0
20200712:1309,953.17,69.62,40.2,3.31,0.0
20200712:1409,806.37,57.57,40.61,2.62,0.0
20200712:1509,637.36,44.98,40.75,2.14,0.0
20200712:1609,418.14,32.36,40.76,1.72,0.0
20200712:1709,187.85,19.93,40.58,1.59,0.0
20200712:1809,47.06,7.87,40.2,1.79,0.0
20200712:1909,0.0,0.0,38.88,2.83,0.0
20200712:2009,0.0,0.0,37.18,3.31,0.0
20200712:2109,0.0,0.0,35.61,3.59,0.0
20200712:2209,0.0,0.0,34.21,4.07,0.0
20200712:2309,0.0,0.0,32.99,4.14,0.0
20200713:0009,0.0,0.0,31.92,4.21,0.0
20200713:0109,0.0,0.0,30.76,4.0,0.0
20200713:0209,0.0,0.0,29.67,4.21,0.0
20200713:0309,0.0,0.0,29.03,3.38,0.0
20200713:0409,0.0,0.0,28.17,2.07,0.0
20200713:0509,13.58,3.42,30.86,0.9,0.0
20200713:0609,115.62,15.29,30.44,1.24,0.0
20200713:0709,223.75,27.62,29.89,2.48,0.0
20200713:0809,496.27,40.19,32.88,4.0,0.0
20200713:0909,690.76,52.83,34.29,3.38,0.0
20200713:1009,667.97,65.17,36.04,1.93,0.0
20200713:1109,829.74,75.96,37.88,1.17,0.0
20200713:1209,840.94,78.57,39.59,2.07,0.0
20200713:1309,911.58,69.56,40.49,2.9,0.0
20200713:1409,814.38,57.53,40.58,3.38,0.0
20200713:1509,495.49,44.95,40.39,3.03,0.0
20200713:1609,415.17,32.32,40.23,4.0,0.0
20200713:1709,182.71,19.88,39.38,6.41,0.0
20200713:1809,41.63,7.82,37.98,7.79,0.0
20200713:1909,0.0,0.0,36.34,7.66,0.0
20200713:2009,0.0,0.0,35.2,5.59,0.0
20200713:2109,0.0,0.0,34.04,4.62,0.0
20200713:2209,0.0,0.0,33.26,4.55,0.0
20200713:2309,0.0,0.0,32.56,5.59,0.0
20200714:0009,0.0,0.0,31.8,6.41,0.0
20200714:0109,0.0,0.0,30.73,5.86,0.0
20200714:0209,0.0,0.0,29.77,4.9,0.0
20200714:0309,0.0,0.0,28.72,4.14,0.0
20200714:0409,0.0,0.0,27.73,3.59,0.0
20200714:0509,14.48,3.31,26.87,3.31,0.0
20200714:0609,114.41,15.2,26.78,2.9,0.0
20200714:0709,318.37,27.53,29.21,3.38,0.0
20200714:0809,537.25,40.11,31.54,3.93,0.0
20200714:0909,741.84,52.74,33.5,3.93,0.0
20200714:1009,883.55,65.07,35.25,4.41,0.0
20200714:1109,944.45,75.83,36.81,4.9,0.0
20200714:1209,889.13,78.45,38.19,5.17,0.0
20200714:1309,920.17,69.5,39.24,4.76,0.0
20200714:1409,803.15,57.49,39.86,3.66,0.0
20200714:1509,605.51,44.91,39.97,2.41,0.0
20200714:1609,416.78,32.29,40.01,1.72,0.0
20200714:1709,164.84,19.84,39.77,0.97,0.0
20200714:1809,47.06,7.76,39.38,0.9,0.0
20200714:1909,0.0,0.0,38.21,3.1,0.0
20200714:2009,0.0,0.0,36.55,4.34,0.0
20200714:2109,0.0,0.0,35.09,5.52,0.0
20200714:2209,0.0,0.0,33.7,5.59,0.0
20200714:2309,0.0,0.0,32.78,4.76,0.0
20200715:0009,0.0,0.0,31.79,4.07,0.0
20200715:0109,0.0,0.0,30.77,3.59,0.0
20200715:0209,0.0,0.0,29.62,3.1,0.0
20200715:0309,0.0,0.0,28.46,3.1,0.0
20200715:0409,0.0,0.0,27.4,3.45,0.0
20200715:0509,13.58,3.21,26.56,4.0,0.0
20200715:0609,109.12,15.1,27.3,4.48,0.0
20200715:0709,288.81,27.44,29.73,2.69,0.0
20200715:0809,513.47,40.02,32.46,2.76,0.0
20200715:0909,676.38,52.65,33.82,4.0,0.0
20200715:1009,894.92,64.97,35.31,4.28,0.0
20200715:1109,963.06,75.69,36.98,4.21,0.0
20200715:1209,997.25,78.31,38.41,4.28,0.0
20200715:1309,937.3,69.43,39.2,4.55,0.0
20200715:1409,784.74,57.44,39.84,4.83,0.0
20200715:1509,612.94,44.87,40.13,5.03,0.0
20200715:1609,384.52,32.24,39.96,4.55,0.0
20200715:1709,181.71,19.79,39.68,3.45,0.0
20200715:1809,46.16,7.7,39.35,2.76,0.0
20200715:1909,0.0,0.0,37.13,5.1,0.0
20200715:2009,0.0,0.0,35.76,5.17,0.0
20200715:2109,0.0,0.0,34.62,5.17,0.0
20200715:2209,0.0,0.0,33.36,5.1,0.0
20200715:2309,0.0,0.0,32.13,4.97,0.0
20200716:0009,0.0,0.0,30.98,4.21,0.0
20200716:0109,0.0,0.0,29.94,3.52,0.0
20200716:0209,0.0,0.0,28.96,3.17,0.0
20200716:0309,0.0,0.0,28.03,2.97,0.0
20200716:0409,0.0,0.0,27.24,3.03,0.0
20200716:0509,9.96,3.1,26.58,3.24,0.0
20200716:0609,113.16,15.0,26.59,2.9,0.0
20200716:0709,259.7,27.34,29.08,2.0,0.0
20200716:0809,520.76,39.93,32.23,1.86,0.0
20200716:0909,739.98,52.56,34.27,2.55,0.0
20200716:1009,891.72,64.87,36.07,2.76,0.0
20200716:1109,969.95,75.55,37.67,2.34,0.0
20200716:1209,984.84,78.17,39.11,1.79,0.0
20200716:1309,837.02,69.35,40.34,1.38,0.0
20200716:1409,790.3,57.39,41.17,1.1,0.0
20200716:1509,374.51,44.82,41.79,0.97,0.0
20200716:1609,134.33,32.19,42.07,0.55,0.0
20200716:1709,187.3,19.74,41.93,0.48,0.0
20200716:1809,16.29,7.64,41.65,1.79,0.0
20200716:1909,0.0,0.0,39.07,4.55,0.0
20200716:2009,0.0,0.0,37.3,7.79,0.0
20200716:2109,0.0,0.0,36.07,6.62,0.0
20200716:2209,0.0,0.0,34.8,5.03,0.0
20200716:2309,0.0,0.0,33.48,4.76,0.0
20200717:0009,0.0,0.0,32.38,4.28,0.0
20200717:0109,0.0,0.0,31.38,4.0,0.0
20200717:0209,0.0,0.0,30.39,2.97,0.0
20200717:0309,0.0,0.0,29.32,1.1,0.0
20200717:0409,0.0,0.0,27.59,2.48,0.0
20200717:0509,9.05,2.99,26.82,4.07,0.0
20200717:0609,112.43,14.9,27.09,4.14,0.0
20200717:0709,305.92,27.25,28.61,4.41,0.0
20200717:0809,528.89,39.84,30.29,4.21,0.0
20200717:0909,742.24,52.47,32.12,3.93,0.0
20200717:1009,900.7,64.76,34.02,3.66,0.0
20200717:1109,980.24,75.41,35.7,3.31,0.0
20200717:1209,999.75,78.02,37.02,2.9,0.0
20200717:1309,935.28,69.27,38.07,2.76,0.0
20200717:1409,810.25,57.34,38.88,2.9,0.0
20200717:1509,622.41,44.77,38.48,4.41,0.0
20200717:1609,390.87,32.14,37.15,4.0,0.0
20200717:1709,182.01,19.68,37.11,2.14,0.0
20200717:1809,44.35,7.57,36.7,4.34,0.0
20200717:1909,0.0,0.0,35.15,5.79,0.0
20200717:2009,0.0,0.0,33.91,4.0,0.0
20200717:2109,0.0,0.0,32.86,2.48,0.0
20200717:2209,0.0,0.0,31.71,2.34,0.0
20200717:2309,0.0,0.0,30.52,2.41,0.0
20200718:0009,0.0,0.0,29.55,2.07,0.0
20200718:0109,0.0,0.0,28.87,1.72,0.0
20200718:0209,0.0,0.0,28.21,1.59,0.0
20200718:0309,0.0,0.0,27.72,2.07,0.0
20200718:0409,0.0,0.0,27.4,3.1,0.0
20200718:0509,11.77,2.88,26.45,4.21,0.0
20200718:0609,45.41,14.8,26.44,5.17,0.0
20200718:0709,190.46,27.15,27.63,2.97,0.0
20200718:0809,102.17,39.75,28.35,3.79,0.0
20200718:0909,504.07,52.37,29.62,5.66,0.0
20200718:1009,682.16,64.66,31.0,5.31,0.0
20200718:1109,939.21,75.26,32.23,4.07,0.0
20200718:1209,984.2,77.86,33.39,2.97,0.0
20200718:1309,910.66,69.19,34.23,2.48,0.0
20200718:1409,797.3,57.27,34.98,2.41,0.0
20200718:1509,609.81,44.72,35.58,2.76,0.0
20200718:1609,384.76,32.08,35.26,3.03,0.0
20200718:1709,182.26,19.61,34.4,1.72,0.0
20200718:1809,45.25,7.5,34.24,2.41,0.0
20200718:1909,0.0,0.0,32.96,3.24,0.0
20200718:2009,0.0,0.0,31.66,3.59,0.0
20200718:2109,0.0,0.0,30.59,3.79,0.0
20200718:2209,0.0,0.0,29.57,3.72,0.0
20200718:2309,0.0,0.0,28.57,3.52,0.0
20200719:0009,0.0,0.0,27.65,3.24,0.0
20200719:0109,0.0,0.0,26.67,2.83,0.0
20200719:0209,0.0,0.0,25.67,2.62,0.0
20200719:0309,0.0,0.0,24.69,2.48,0.0
20200719:0409,0.0,0.0,23.82,2.41,0.0
20200719:0509,9.05,2.76,22.99,2.21,0.0
20200719:0609,110.31,14.7,23.25,1.93,0.0
20200719:0709,314.6,27.06,25.58,1.31,0.0
20200719:0809,548.15,39.66,28.4,2.48,0.0
20200719:0909,754.18,52.28,30.07,2.9,0.0
20200719:1009,910.88,64.55,31.58,2.69,0.0
20200719:1109,991.7,75.11,32.97,2.34,0.0
20200719:1209,1016.86,77.7,34.13,2.14,0.0
20200719:1309,942.09,69.09,35.09,2.0,0.0
20200719:1409,820.24,57.21,35.79,1.72,0.0
20200719:1509,629.76,44.66,36.21,1.17,0.0
20200719:1609,400.04,32.02,36.42,0.69,0.0
20200719:1709,181.94,19.55,36.45,0.83,0.0
20200719:1809,44.35,7.42,36.29,1.72,0.0
20200719:1909,0.0,0.0,35.45,3.24,0.0
20200719:2009,0.0,0.0,34.38,4.21,0.0
20200719:2109,0.0,0.0,33.28,4.9,0.0
20200719:2209,0.0,0.0,32.19,5.03,0.0
20200719:2309,0.0,0.0,31.13,4.97,0.0
20200720:0009,0.0,0.0,30.12,4.9,0.0
20200720:0109,0.0,0.0,29.11,4.62,0.0
20200720:0209,0.0,0.0,28.21,4.28,0.0
20200720:0309,0.0,0.0,27.34,3.93,0.0
20200720:0409,0.0,0.0,26.56,3.66,0.0
20200720:0509,6.34,2.65,25.84,3.45,0.0
20200720:0609,108.52,14.59,25.95,3.24,0.0
20200720:0709,315.04,26.96,27.76,3.79,0.0
20200720:0809,539.54,39.56,29.42,4.76,0.0
20200720:0909,741.9,52.18,31.1,5.31,0.0
20200720:1009,882.43,64.43,32.52,5.38,0.0
20200720:1109,960.38,74.95,33.73,5.24,0.0
20200720:1209,975.29,77.53,34.7,5.17,0.0
20200720:1309,912.01,68.99,35.45,5.1,0.0
20200720:1409,799.79,57.14,35.95,5.03,0.0
20200720:1509,623.05,44.59,36.13,4.83,0.0
20200720:1609,393.76,31.96,36.08,4.9,0.0
20200720:1709,185.21,19.47,35.76,5.17,0.0
20200720:1809,44.35,7.33,35.05,5.59,0.0
20200720:1909,0.0,0.0,33.9,5.38,0.0
20200720:2009,0.0,0.0,32.88,5.17,0.0
20200720:2109,0.0,0.0,31.82,5.17,0.0
20200720:2209,0.0,0.0,30.83,5.03,0.0
20200720:2309,0.0,0.0,29.77,4.62,0.0
20200721:0009,0.0,0.0,28.78,4.34,0.0
20200721:0109,0.0,0.0,27.83,4.0,0.0
20200721:0209,0.0,0.0,26.93,3.52,0.0
20200721:0309,0.0,0.0,26.01,3.17,0.0
20200721:0409,0.0,0.0,25.16,2.97,0.0
20200721:0509,7.24,2.53,24.34,2.9,0.0
20200721:0609,108.13,14.49,24.39,2.83,0.0
20200721:0709,316.84,26.86,26.84,3.86,0.0
20200721:0809,546.19,39.47,28.65,4.76,0.0
20200721:0909,736.8,52.08,30.37,5.45,0.0
20200721:1009,875.91,64.32,31.87,5.72,0.0
20200721:1109,978.25,74.79,33.22,5.93,0.0
20200721:1209,998.93,77.36,34.39,5.72,0.0
20200721:1309,924.04,68.88,35.32,5.52,0.0
20200721:1409,826.12,57.06,36.03,5.31,0.0
20200721:1509,637.37,44.52,36.4,5.17,0.0
20200721:1609,398.84,31.89,36.43,5.17,0.0
20200721:1709,186.39,19.39,36.09,5.24,0.0
20200721:1809,42.54,7.24,35.4,5.17,0.0
20200721:1909,0.0,0.0,34.08,4.21,0.0
20200721:2009,0.0,0.0,32.95,3.72,0.0
20200721:2109,0.0,0.0,31.83,3.38,0.0
20200721:2209,0.0,0.0,30.73,3.24,0.0
20200721:2309,0.0,0.0,29.68,3.1,0.0
20200722:0009,0.0,0.0,28.65,2.83,0.0
20200722:0109,0.0,0.0,27.46,2.28,0.0
20200722:0209,0.0,0.0,26.76,1.66,0.0
20200722:0309,0.0,0.0,27.53,1.17,0.0
20200722:0409,0.0,0.0,27.71,0.97,0.0
20200722:0509,6.34,2.41,27.42,0.83,0.0
20200722:0609,106.95,14.38,27.28,0.9,0.0
20200722:0709,318.13,26.77,27.44,1.59,0.0
20200722:0809,550.01,39.37,31.07,2.9,0.0
20200722:0909,749.9,51.98,33.07,3.45,0.0
20200722:1009,892.94,64.2,34.52,3.1,0.0
20200722:1109,966.41,74.62,35.78,2.76,0.0
20200722:1209,991.89,77.17,36.79,2.55,0.0
20200722:1309,917.96,68.77,37.55,2.28,0.0
20200722:1409,805.63,56.97,38.13,2.0,0.0
20200722:1509,622.03,44.45,38.42,1.72,0.0
20200722:1609,395.33,31.81,38.61,1.93,0.0
20200722:1709,185.73,19.31,38.52,2.28,0.0
20200722:1809,42.54,7.15,38.14,2.76,0.0
20200722:1909,0.0,0.0,37.18,3.24,0.0
20200722:2009,0.0,0.0,35.88,3.93,0.0
20200722:2109,0.0,0.0,34.62,4.21,0.0
20200722:2209,0.0,0.0,33.54,4.34,0.0
20200722:2309,0.0,0.0,32.56,4.41,0.0
20200723:0009,0.0,0.0,31.63,4.07,0.0
20200723:0109,0.0,0.0,30.63,3.66,0.0
20200723:0209,0.0,0.0,29.57,3.31,0.0
20200723:0309,0.0,0.0,28.54,3.24,0.0
20200723:0409,0.0,0.0,27.62,3.52,0.0
20200723:0509,0.0,0.0,26.88,3.72,0.0
20200723:0609,108.25,14.27,27.11,3.66,0.0
20200723:0709,308.04,26.67,30.38,4.07,0.0
20200723:0809,534.02,39.28,33.55,4.21,0.0
20200723:0909,734.04,51.88,35.85,4.28,0.0
20200723:1009,873.07,64.09,37.69,4.34,0.0
20200723:1109,975.6,74.45,39.15,4.41,0.0
20200723:1209,996.35,76.98,40.21,4.48,0.0
20200723:1309,916.59,68.65,40.95,4.55,0.0
20200723:1409,791.69,56.89,41.25,4.48,0.0
20200723:1509,615.12,44.37,41.36,4.07,0.0
20200723:1609,390.7,31.73,41.19,3.52,0.0
20200723:1709,183.57,19.22,40.88,3.03,0.0
20200723:1809,40.73,7.05,40.34,3.72,0.0
20200723:1909,0.0,0.0,38.52,5.03,0.0
20200723:2009,0.0,0.0,37.06,5.52,0.0
20200723:2109,0.0,0.0,35.65,5.52,0.0
20200723:2209,0.0,0.0,34.29,5.31,0.0
20200723:2309,0.0,0.0,33.01,4.97,0.0
20200724:0009,0.0,0.0,31.8,4.62,0.0
20200724:0109,0.0,0.0,30.62,4.14,0.0
20200724:0209,0.0,0.0,29.45,3.52,0.0
20200724:0309,0.0,0.0,28.15,2.48,0.0
20200724:0409,0.0,0.0,26.79,2.21,0.0
20200724:0509,0.0,0.0,25.82,2.76,0.0
20200724:0609,105.38,14.16,25.6,2.69,0.0
20200724:0709,322.78,26.57,27.84,1.38,0.0
20200724:0809,559.05,39.18,30.44,2.07,0.0
20200724:0909,763.88,51.78,32.33,3.17,0.0
20200724:1009,900.36,63.97,34.25,4.21,0.0
20200724:1109,999.62,74.28,35.9,4.83,0.0
20200724:1209,1005.24,76.79,37.15,4.97,0.0
20200724:1309,940.52,68.53,38.05,4.83,0.0
20200724:1409,832.35,56.79,38.66,4.48,0.0
20200724:1509,636.71,44.28,38.95,4.28,0.0
20200724:1609,401.56,31.64,38.97,4.34,0.0
20200724:1709,187.18,19.13,38.71,4.62,0.0
20200724:1809,40.73,6.95,38.05,5.24,0.0
20200724:1909,0.0,0.0,37.49,4.62,0.0
20200724:2009,0.0,0.0,36.02,5.31,0.0
20200724:2109,0.0,0.0,34.7,5.52,0.0
20200724:2209,0.0,0.0,33.44,5.38,0.0
20200724:2309,0.0,0.0,32.19,4.76,0.0
20200725:0009,0.0,0.0,30.87,4.0,0.0
20200725:0109,0.0,0.0,29.59,3.45,0.0
20200725:0209,0.0,0.0,28.35,3.03,0.0
20200725:0309,0.0,0.0,27.11,2.69,0.0
20200725:0409,0.0,0.0,26.03,2.55,0.0
20200725:0509,0.0,0.0,25.21,2.76,0.0
20200725:0609,106.06,14.05,25.18,3.03,0.0
20200725:0709,323.27,26.46,27.91,3.59,0.0
20200725:0809,549.05,39.08,30.82,4.21,0.0
20200725:0909,757.8,51.68,33.09,4.48,0.0
20200725:1009,885.62,63.84,35.17,4.55,0.0
20200725:1109,977.85,74.1,36.9,4.97,0.0
20200725:1209,987.98,76.59,37.98,5.17,0.0
20200725:1309,924.41,68.39,38.67,5.17,0.0
20200725:1409,820.48,56.69,39.08,4.97,0.0
20200725:1509,635.04,44.19,39.22,4.62,0.0
20200725:1609,406.09,31.55,39.07,4.21,0.0
20200725:1709,189.17,19.04,38.68,3.86,0.0
20200725:1809,39.82,6.84,38.08,3.72,0.0
20200725:1909,0.0,0.0,36.63,3.52,0.0
20200725:2009,0.0,0.0,35.19,3.86,0.0
20200725:2109,0.0,0.0,33.86,4.0,0.0
20200725:2209,0.0,0.0,32.66,4.0,0.0
20200725:2309,0.0,0.0,31.52,3.72,0.0
20200726:0009,0.0,0.0,30.38,3.45,0.0
20200726:0109,0.0,0.0,29.21,3.03,0.0
20200726:0209,0.0,0.0,27.93,2.62,0.0
20200726:0309,0.0,0.0,26.73,2.28,0.0
20200726:0409,0.0,0.0,26.44,2.07,0.0
20200726:0509,0.0,0.0,26.46,1.79,0.0
20200726:0609,104.19,13.94,27.08,1.52,0.0
20200726:0709,325.44,26.36,28.25,1.59,0.0
20200726:0809,558.06,38.98,32.12,2.28,0.0
20200726:0909,766.34,51.58,34.5,3.1,0.0
20200726:1009,899.16,63.72,36.35,3.72,0.0
20200726:1109,1004.35,73.92,37.58,3.79,0.0
20200726:1209,1008.9,76.38,38.37,3.52,0.0
20200726:1309,944.03,68.26,38.94,3.38,0.0
20200726:1409,835.89,56.59,39.36,3.38,0.0
20200726:1509,644.41,44.1,39.55,3.52,0.0
20200726:1609,407.09,31.46,39.46,3.66,0.0
20200726:1709,186.54,18.93,39.1,3.86,0.0
20200726:1809,38.92,6.73,38.46,4.0,0.0
20200726:1909,0.0,0.0,37.2,3.86,0.0
20200726:2009,0.0,0.0,35.83,3.79,0.0
20200726:2109,0.0,0.0,34.56,3.72,0.0
20200726:2209,0.0,0.0,33.32,3.59,0.0
20200726:2309,0.0,0.0,32.13,3.38,0.0
20200727:0009,0.0,0.0,30.98,3.24,0.0
20200727:0109,0.0,0.0,29.9,3.1,0.0
20200727:0209,0.0,0.0,28.88,3.1,0.0
20200727:0309,0.0,0.0,27.94,3.17,0.0
20200727:0409,0.0,0.0,27.1,3.31,0.0
20200727:0509,0.0,0.0,26.31,3.31,0.0
20200727:0609,104.93,13.83,26.25,3.17,0.0
20200727:0709,318.31,26.26,29.21,2.62,0.0
20200727:0809,541.34,38.88,33.75,2.9,0.0
20200727:0909,736.35,51.47,36.21,3.45,0.0
20200727:1009,884.74,63.59,37.69,3.93,0.0
20200727:1109,978.16,73.74,38.67,3.66,0.0
20200727:1209,994.21,76.17,39.34,3.17,0.0
20200727:1309,929.45,68.11,39.84,2.76,0.0
20200727:1409,806.74,56.48,40.22,2.55,0.0
20200727:1509,626.21,44.0,40.37,2.34,0.0
20200727:1609,400.29,31.36,40.34,2.28,0.0
20200727:1709,186.09,18.83,40.12,2.55,0.0
20200727:1809,38.01,6.61,39.64,3.24,0.0
20200727:1909,0.0,0.0,38.27,4.41,0.0
20200727:2009,0.0,0.0,36.8,4.9,0.0
20200727:2109,0.0,0.0,35.48,5.17,0.0
20200727:2209,0.0,0.0,34.34,5.17,0.0
20200727:2309,0.0,0.0,33.3,4.9,0.0
20200728:0009,0.0,0.0,32.32,4.69,0.0
20200728:0109,0.0,0.0,31.44,4.55,0.0
20200728:0209,0.0,0.0,30.6,4.41,0.0
20200728:0309,0.0,0.0,29.76,4.41,0.0
20200728:0409,0.0,0.0,29.06,4.55,0.0
20200728:0509,0.0,0.0,28.36,4.34,0.0
20200728:0609,104.35,13.72,28.32,4.14,0.0
20200728:0709,320.71,26.16,30.81,3.86,0.0
20200728:0809,553.18,38.78,33.87,4.34,0.0
20200728:0909,755.69,51.36,36.22,4.34,0.0
20200728:1009,895.09,63.46,37.93,4.34,0.0
20200728:1109,999.44,73.55,39.09,4.21,0.0
20200728:1209,999.99,75.95,39.89,3.93,0.0
20200728:1309,960.06,67.96,40.49,3.66,0.0
20200728:1409,832.17,56.36,40.85,3.24,0.0
20200728:1509,632.61,43.89,41.02,2.9,0.0
20200728:1609,401.84,31.25,40.96,2.62,0.0
20200728:1709,184.05,18.71,40.64,2.28,0.0
20200728:1809,38.01,6.49,40.16,1.93,0.0
20200728:1909,0.0,0.0,38.88,2.48,0.0
20200728:2009,0.0,0.0,37.26,3.31,0.0
20200728:2109,0.0,0.0,35.79,4.07,0.0
20200728:2209,0.0,0.0,34.43,4.76,0.0
20200728:2309,0.0,0.0,33.26,4.83,0.0
20200729:0009,0.0,0.0,32.05,4.21,0.0
20200729:0109,0.0,0.0,30.75,3.52,0.0
20200729:0209,0.0,0.0,29.45,3.24,0.0
20200729:0309,0.0,0.0,28.24,3.31,0.0
20200729:0409,0.0,0.0,27.19,3.24,0.0
20200729:0509,0.0,0.0,26.2,3.17,0.0
20200729:0609,102.97,13.61,25.99,3.1,0.0
20200729:0709,317.04,26.05,28.69,3.79,0.0
20200729:0809,551.24,38.68,30.93,4.55,0.0
20200729:0909,750.19,51.26,32.9,4.97,0.0
20200729:1009,888.19,63.33,34.66,5.45,0.0
20200729:1109,981.81,73.36,35.95,5.66,0.0
20200729:1209,991.95,75.72,36.88,5.72,0.0
20200729:1309,932.98,67.8,37.51,5.79,0.0
20200729:1409,809.05,56.24,37.89,5.93,0.0
20200729:1509,624.72,43.78,37.93,5.93,0.0
20200729:1609,399.63,31.14,37.65,5.93,0.0
20200729:1709,184.54,18.6,37.0,6.07,0.0
20200729:1809,37.11,6.36,36.02,6.0,0.0
20200729:1909,0.0,0.0,34.52,5.1,0.0
20200729:2009,0.0,0.0,33.27,4.55,0.0
20200729:2109,0.0,0.0,32.04,4.14,0.0
20200729:2209,0.0,0.0,30.8,3.93,0.0
20200729:2309,0.0,0.0,29.63,3.86,0.0
20200730:0009,0.0,0.0,28.52,3.79,0.0
20200730:0109,0.0,0.0,27.46,3.72,0.0
20200730:0209,0.0,0.0,26.46,3.72,0.0
20200730:0309,0.0,0.0,25.54,3.79,0.0
20200730:0409,0.0,0.0,24.7,3.72,0.0
20200730:0509,0.0,0.0,23.92,3.72,0.0
20200730:0609,102.68,13.49,23.9,3.66,0.0
20200730:0709,319.49,25.95,26.36,4.14,0.0
20200730:0809,548.65,38.58,28.51,4.76,0.0
20200730:0909,744.09,51.15,30.52,5.1,0.0
20200730:1009,884.33,63.19,32.33,5.45,0.0
20200730:1109,983.9,73.16,33.7,5.79,0.0
20200730:1209,982.93,75.49,34.74,5.93,0.0
20200730:1309,939.9,67.64,35.55,6.14,0.0
20200730:1409,824.09,56.11,36.09,6.28,0.0
20200730:1509,622.22,43.67,36.32,6.28,0.0
20200730:1609,404.52,31.03,36.19,6.21,0.0
20200730:1709,185.35,18.48,35.7,6.07,0.0
20200730:1809,36.2,6.23,34.86,5.66,0.0
20200730:1909,0.0,0.0,33.42,4.41,0.0
20200730:2009,0.0,0.0,32.22,3.93,0.0
20200730:2109,0.0,0.0,31.04,3.66,0.0
20200730:2209,0.0,0.0,29.93,3.59,0.0
20200730:2309,0.0,0.0,28.84,3.45,0.0
20200731:0009,0.0,0.0,27.79,3.31,0.0
20200731:0109,0.0,0.0,26.73,3.17,0.0
20200731:0209,0.0,0.0,25.74,3.1,0.0
20200731:0309,0.0,0.0,24.86,3.24,0.0
20200731:0409,0.0,0.0,24.05,3.38,0.0
20200731:0509,0.0,0.0,23.39,3.45,0.0
20200731:0609,102.2,13.38,23.51,3.24,0.0
20200731:0709,320.86,25.84,26.86,3.52,0.0
20200731:0809,558.28,38.48,29.79,4.14,0.0
20200731:0909,760.06,51.04,31.84,4.21,0.0
20200731:1009,895.83,63.06,33.52,4.21,0.0
20200731:1109,996.69,72.96,34.74,4.28,0.0
20200731:1209,989.87,75.26,35.77,4.21,0.0
20200731:1309,935.83,67.47,36.61,4.14,0.0
20200731:1409,820.13,55.97,37.29,4.28,0.0
20200731:1509,629.54,43.55,37.64,4.41,0.0
20200731:1609,401.53,30.91,37.65,4.62,0.0
20200731:1709,183.1,18.35,37.27,4.69,0.0
20200731:1809,34.39,6.09,36.51,4.48,0.0
20200731:1909,0.0,0.0,34.93,3.52,0.0
20200731:2009,0.0,0.0,33.62,3.38,0.0
20200731:2109,0.0,0.0,32.31,3.38,0.0
20200731:2209,0.0,0.0,31.02,3.03,0.0
20200731:2309,0.0,0.0,29.69,2.48,0.0
20200801:0009,0.0,0.0,28.12,1.86,0.0
20200801:0109,0.0,0.0,28.88,1.1,0.0
20200801:0209,0.0,0.0,28.96,0.55,0.0
20200801:0309,0.0,0.0,28.32,1.17,0.0
20200801:0409,0.0,0.0,24.79,2.21,0.0
20200801:0509,0.0,0.0,23.44,2.69,0.0
20200801:0609,102.29,13.27,23.3,2.69,0.0
20200801:0709,315.65,25.74,26.17,2.0,0.0
20200801:0809,548.38,38.37,31.11,1.72,0.0
20200801:0909,747.59,50.93,33.3,1.17,0.0
20200801:1009,894.0,62.92,34.97,1.17,0.0
20200801:1109,993.9,72.75,36.43,1.38,0.0
20200801:1209,980.72,75.01,37.66,1.52,0.0
20200801:1309,938.86,67.29,38.61,1.52,0.0
20200801:1409,823.11,55.83,39.28,1.52,0.0
20200801:1509,621.76,43.42,39.73,1.59,0.0
20200801:1609,403.59,30.78,39.88,1.86,0.0
20200801:1709,183.17,18.22,39.75,2.41,0.0
20200801:1809,34.39,5.95,39.22,3.66,0.0
20200801:1909,0.0,0.0,37.77,4.14,0.0
20200801:2009,0.0,0.0,36.28,4.0,0.0
20200801:2109,0.0,0.0,34.92,3.1,0.0
20200801:2209,0.0,0.0,33.59,2.34,0.0
20200801:2309,0.0,0.0,32.21,2.41,0.0
20200802:0009,0.0,0.0,30.99,2.97,0.0
20200802:0109,0.0,0.0,29.88,3.31,0.0
20200802:0209,0.0,0.0,28.93,3.66,0.0
20200802:0309,0.0,0.0,28.14,4.07,0.0
20200802:0409,0.0,0.0,27.55,4.34,0.0
20200802:0509,0.0,0.0,26.96,4.28,0.0
20200802:0609,102.13,13.15,26.91,3.86,0.0
20200802:0709,314.89,25.63,29.39,2.9,0.0
20200802:0809,551.22,38.27,33.46,3.31,0.0
20200802:0909,748.36,50.81,36.11,3.79,0.0
20200802:1009,904.66,62.78,38.05,3.86,0.0
20200802:1109,1005.84,72.54,39.49,3.93,0.0
20200802:1209,1011.05,74.77,40.46,4.14,0.0
20200802:1309,955.59,67.1,41.04,4.14,0.0
20200802:1409,827.62,55.69,41.36,4.14,0.0
20200802:1509,634.23,43.29,41.38,4.07,0.0
20200802:1609,415.08,30.65,41.15,3.86,0.0
20200802:1709,182.21,18.08,40.76,3.86,0.0
20200802:1809,31.68,5.8,40.02,4.14,0.0
20200802:1909,0.0,0.0,38.46,3.59,0.0
20200802:2009,0.0,0.0,36.89,4.0,0.0
20200802:2109,0.0,0.0,35.49,3.86,0.0
20200802:2209,0.0,0.0,34.24,3.59,0.0
20200802:2309,0.0,0.0,33.02,3.31,0.0
20200803:0009,0.0,0.0,31.84,3.38,0.0
20200803:0109,0.0,0.0,30.82,3.59,0.0
20200803:0209,0.0,0.0,29.91,3.66,0.0
20200803:0309,0.0,0.0,29.02,3.52,0.0
20200803:0409,0.0,0.0,28.17,3.45,0.0
20200803:0509,0.0,0.0,27.32,3.38,0.0
20200803:0609,93.99,13.04,27.08,3.17,0.0
20200803:0709,321.66,25.52,29.81,2.69,0.0
20200803:0809,520.38,38.16,33.52,2.97,0.0
20200803:0909,388.06,50.7,36.05,3.86,0.0
20200803:1009,878.99,62.63,38.01,5.03,0.0
20200803:1109,977.89,72.33,39.38,5.52,0.0
20200803:1209,970.36,74.51,40.45,5.59,0.0
20200803:1309,927.73,66.91,41.05,5.45,0.0
20200803:1409,804.69,55.54,41.36,5.45,0.0
20200803:1509,533.61,43.15,41.39,5.52,0.0
20200803:1609,297.66,30.52,41.23,5.66,0.0
20200803:1709,134.53,17.94,40.69,5.86,0.0
20200803:1809,20.82,5.65,39.78,5.86,0.0
20200803:1909,0.0,0.0,38.22,5.24,0.0
20200803:2009,0.0,0.0,36.69,5.45,0.0
20200803:2109,0.0,0.0,35.46,5.45,0.0
20200803:2209,0.0,0.0,34.35,5.38,0.0
20200803:2309,0.0,0.0,33.43,5.45,0.0
20200804:0009,0.0,0.0,32.58,5.17,0.0
20200804:0109,0.0,0.0,31.73,4.55,0.0
20200804:0209,0.0,0.0,30.92,3.52,0.0
20200804:0309,0.0,0.0,29.53,3.38,0.0
20200804:0409,0.0,0.0,28.52,3.72,0.0
20200804:0509,0.0,0.0,27.22,3.45,0.0
20200804:0609,100.35,12.92,26.56,2.9,0.0
20200804:0709,281.71,25.42,28.75,2.83,0.0
20200804:0809,519.64,38.06,31.86,2.9,0.0
20200804:0909,786.97,50.58,34.4,2.62,0.0
20200804:1009,930.31,62.49,36.35,1.31,0.0
20200804:1109,1007.34,72.11,37.71,0.62,0.0
20200804:1209,995.12,74.25,39.33,2.41,0.0
20200804:1309,956.94,66.72,40.37,3.03,0.0
20200804:1409,828.83,55.38,40.98,3.03,0.0
20200804:1509,630.58,43.01,41.23,2.97,0.0
20200804:1609,404.63,30.38,41.26,2.9,0.0
20200804:1709,179.62,17.8,40.97,2.9,0.0
20200804:1809,31.68,5.49,40.39,2.55,0.0
20200804:1909,0.0,0.0,39.04,2.07,0.0
20200804:2009,0.0,0.0,37.39,1.86,0.0
20200804:2109,0.0,0.0,35.41,2.14,0.0
20200804:2209,0.0,0.0,33.53,2.41,0.0
20200804:2309,0.0,0.0,31.84,2.9,0.0
20200805:0009,0.0,0.0,31.03,4.76,0.0
20200805:0109,0.0,0.0,30.09,6.14,0.0
20200805:0209,0.0,0.0,29.18,6.97,0.0
20200805:0309,0.0,0.0,28.01,6.41,0.0
20200805:0409,0.0,0.0,27.04,6.48,0.0
20200805:0509,0.0,0.0,26.25,6.97,0.0
20200805:0609,99.46,12.8,25.8,6.62,0.0
20200805:0709,294.61,25.31,26.5,7.17,0.0
20200805:0809,529.11,37.95,27.7,7.17,0.0
20200805:0909,720.76,50.47,29.42,7.1,0.0
20200805:1009,887.08,62.34,31.35,7.03,0.0
20200805:1109,981.2,71.89,33.19,6.76,0.0
20200805:1209,979.77,73.99,34.72,6.28,0.0
20200805:1309,935.93,66.51,35.86,5.59,0.0
20200805:1409,801.67,55.22,36.6,4.9,0.0
20200805:1509,609.52,42.86,36.93,4.34,0.0
20200805:1609,386.14,30.23,36.92,4.07,0.0
20200805:1709,173.9,17.65,36.53,4.21,0.0
20200805:1809,29.87,5.33,35.75,4.55,0.0
20200805:1909,0.0,0.0,34.21,4.41,0.0
20200805:2009,0.0,0.0,33.1,4.76,0.0
20200805:2109,0.0,0.0,32.02,4.48,0.0
20200805:2209,0.0,0.0,30.98,3.93,0.0
20200805:2309,0.0,0.0,30.01,3.31,0.0
20200806:0009,0.0,0.0,29.08,2.9,0.0
20200806:0109,0.0,0.0,28.14,2.62,0.0
20200806:0209,0.0,0.0,27.18,2.48,0.0
20200806:0309,0.0,0.0,26.26,2.41,0.0
20200806:0409,0.0,0.0,25.42,2.41,0.0
20200806:0509,0.0,0.0,24.66,2.55,0.0
20200806:0609,98.95,12.69,24.51,2.55,0.0
20200806:0709,301.78,25.2,26.45,3.52,0.0
20200806:0809,538.83,37.84,27.92,4.41,0.0
20200806:0909,717.75,50.35,29.54,4.76,0.0
20200806:1009,883.15,62.18,31.18,4.76,0.0
20200806:1109,987.51,71.67,32.68,4.41,0.0
20200806:1209,980.94,73.72,33.99,4.14,0.0
20200806:1309,947.13,66.3,35.05,3.79,0.0
20200806:1409,822.88,55.05,35.73,3.1,0.0
20200806:1509,612.82,42.71,36.06,2.34,0.0
20200806:1609,391.92,30.08,36.22,2.41,0.0
20200806:1709,173.42,17.49,36.08,3.1,0.0
20200806:1809,28.96,5.16,35.56,3.86,0.0
20200806:1909,0.0,0.0,34.19,4.83,0.0
20200806:2009,0.0,0.0,33.27,5.03,0.0
20200806:2109,0.0,0.0,32.29,5.17,0.0
20200806:2209,0.0,0.0,31.3,5.1,0.0
20200806:2309,0.0,0.0,30.32,4.69,0.0
20200807:0009,0.0,0.0,29.33,4.28,0.0
20200807:0109,0.0,0.0,28.43,3.79,0.0
20200807:0209,0.0,0.0,27.55,3.31,0.0
20200807:0309,0.0,0.0,26.69,2.9,0.0
20200807:0409,0.0,0.0,25.85,2.69,0.0
20200807:0509,0.0,0.0,25.03,2.62,0.0
20200807:0609,98.52,12.57,24.74,2.41,0.0
20200807:0709,310.02,25.09,27.13,3.52,0.0
20200807:0809,547.55,37.74,28.8,4.48,0.0
20200807:0909,729.46,50.23,30.46,4.76,0.0
20200807:1009,902.51,62.03,31.98,4.76,0.0
20200807:1109,992.95,71.44,33.27,4.41,0.0
20200807:1209,980.01,73.44,34.37,4.14,0.0
20200807:1309,931.14,66.09,35.22,3.79,0.0
20200807:1409,809.59,54.87,35.8,3.31,0.0
20200807:1509,611.88,42.55,36.06,2.97,0.0
20200807:1609,393.25,29.92,36.14,3.03,0.0
20200807:1709,174.67,17.33,35.9,3.52,0.0
20200807:1809,28.06,4.99,35.29,4.07,0.0
20200807:1909,0.0,0.0,34.17,4.14,0.0
20200807:2009,0.0,0.0,33.18,4.28,0.0
20200807:2109,0.0,0.0,32.09,4.07,0.0
20200807:2209,0.0,0.0,31.0,3.52,0.0
20200807:2309,0.0,0.0,29.93,2.97,0.0
20200808:0009,0.0,0.0,28.89,2.55,0.0
20200808:0109,0.0,0.0,27.81,2.28,0.0
20200808:0209,0.0,0.0,26.74,2.14,0.0
20200808:0309,0.0,0.0,25.71,1.93,0.0
20200808:0409,0.0,0.0,25.24,1.66,0.0
20200808:0509,0.0,0.0,25.52,1.24,0.0
20200808:0609,97.75,12.45,26.21,0.9,0.0
20200808:0709,312.08,24.98,26.94,1.24,0.0
20200808:0809,548.77,37.63,29.59,1.72,0.0
20200808:0909,727.69,50.11,31.31,2.14,0.0
20200808:1009,899.84,61.87,32.77,2.07,0.0
20200808:1109,983.98,71.21,33.92,1.93,0.0
20200808:1209,975.83,73.17,34.88,1.72,0.0
20200808:1309,942.64,65.87,35.59,1.52,0.0
20200808:1409,806.86,54.69,36.16,1.52,0.0
20200808:1509,619.28,42.39,36.59,1.79,0.0
20200808:1609,399.1,29.76,36.86,2.34,0.0
20200808:1709,173.93,17.17,36.9,3.17,0.0
20200808:1809,26.25,4.82,36.51,4.14,0.0
20200808:1909,0.0,0.0,35.62,5.1,0.0
20200808:2009,0.0,0.0,34.41,4.9,0.0
20200808:2109,0.0,0.0,33.06,4.41,0.0
20200808:2209,0.0,0.0,31.63,3.93,0.0
20200808:2309,0.0,0.0,30.25,3.17,0.0
20200809:0009,0.0,0.0,28.94,2.41,0.0
20200809:0109,0.0,0.0,27.48,1.79,0.0
20200809:0209,0.0,0.0,27.17,1.31,0.0
20200809:0309,0.0,0.0,26.82,1.31,0.0
20200809:0409,0.0,0.0,26.32,1.31,0.0
20200809:0509,0.0,0.0,23.83,2.07,0.0
20200809:0609,98.25,12.34,23.13,2.83,0.0
20200809:0709,321.8,24.88,25.92,3.31,0.0
20200809:0809,563.92,37.52,28.64,3.45,0.0
20200809:0909,740.7,49.99,30.41,2.83,0.0
20200809:1009,920.53,61.71,31.75,1.72,0.0
20200809:1109,1007.16,70.97,32.93,1.1,0.0
20200809:1209,986.46,72.88,34.08,1.24,0.0
20200809:1309,953.23,65.64,35.16,2.14,0.0
20200809:1409,828.93,54.51,36.0,3.17,0.0
20200809:1509,625.95,42.22,36.46,4.28,0.0
20200809:1609,399.28,29.6,36.46,5.17,0.0
20200809:1709,175.69,17.0,35.98,5.66,0.0
20200809:1809,25.34,4.64,35.17,5.45,0.0
20200809:1909,0.0,0.0,33.77,4.21,0.0
20200809:2009,0.0,0.0,32.67,3.79,0.0
20200809:2109,0.0,0.0,31.48,3.52,0.0
20200809:2209,0.0,0.0,30.28,3.24,0.0
20200809:2309,0.0,0.0,29.09,2.9,0.0
20200810:0009,0.0,0.0,27.89,2.62,0.0
20200810:0109,0.0,0.0,26.58,2.21,0.0
20200810:0209,0.0,0.0,25.51,1.86,0.0
20200810:0309,0.0,0.0,25.51,1.52,0.0
20200810:0409,0.0,0.0,26.18,1.17,0.0
20200810:0509,0.0,0.0,26.04,1.03,0.0
20200810:0609,97.18,12.22,25.68,1.03,0.0
20200810:0709,311.06,24.77,24.91,1.66,0.0
20200810:0809,543.37,37.41,28.36,2.69,0.0
20200810:0909,729.89,49.86,30.3,3.66,0.0
20200810:1009,897.34,61.55,31.79,3.72,0.0
20200810:1109,986.63,70.73,32.99,3.79,0.0
20200810:1209,978.14,72.59,33.91,3.79,0.0
20200810:1309,940.03,65.4,34.55,3.31,0.0
20200810:1409,799.04,54.31,34.95,2.83,0.0
20200810:1509,616.53,42.04,35.19,2.41,0.0
20200810:1609,394.83,29.43,35.22,2.41,0.0
20200810:1709,174.32,16.82,35.03,2.9,0.0
20200810:1809,24.44,4.45,34.53,3.66,0.0
20200810:1909,0.0,0.0,33.53,3.93,0.0
20200810:2009,0.0,0.0,32.43,4.34,0.0
20200810:2109,0.0,0.0,31.32,4.48,0.0
20200810:2209,0.0,0.0,30.21,4.41,0.0
20200810:2309,0.0,0.0,29.17,4.14,0.0
20200811:0009,0.0,0.0,28.13,3.72,0.0
20200811:0109,0.0,0.0,27.09,3.1,0.0
20200811:0209,0.0,0.0,25.99,2.69,0.0
20200811:0309,0.0,0.0,24.74,2.14,0.0
20200811:0409,0.0,0.0,24.51,1.52,0.0
20200811:0509,0.0,0.0,24.63,1.31,0.0
20200811:0609,97.26,12.1,23.1,1.79,0.0
20200811:0709,319.1,24.66,25.39,2.28,0.0
20200811:0809,556.63,37.3,28.6,3.52,0.0
20200811:0909,742.02,49.74,30.43,4.48,0.0
20200811:1009,912.16,61.39,31.92,4.9,0.0
20200811:1109,997.57,70.48,33.16,5.03,0.0
20200811:1209,994.53,72.3,34.27,5.24,0.0
20200811:1309,954.96,65.16,35.22,5.52,0.0
20200811:1409,820.44,54.12,35.87,5.93,0.0
20200811:1509,631.33,41.86,36.12,6.28,0.0
20200811:1609,400.49,29.26,35.96,6.48,0.0
20200811:1709,172.35,16.64,35.42,6.62,0.0
20200811:1809,22.63,4.26,34.46,6.14,0.0
20200811:1909,0.0,0.0,32.8,5.1,0.0
20200811:2009,0.0,0.0,31.61,4.41,0.0
20200811:2109,0.0,0.0,30.42,3.66,0.0
20200811:2209,0.0,0.0,29.24,3.03,0.0
20200811:2309,0.0,0.0,28.06,2.69,0.0
20200812:0009,0.0,0.0,26.79,2.41,0.0
20200812:0109,0.0,0.0,25.48,2.14,0.0
20200812:0209,0.0,0.0,24.47,2.21,0.0
20200812:0309,0.0,0.0,23.67,2.55,0.0
20200812:0409,0.0,0.0,22.95,2.9,0.0
20200812:0509,0.0,0.0,22.3,3.03,0.0
20200812:0609,96.58,11.99,22.23,3.1,0.0
20200812:0709,305.5,24.55,25.31,2.9,0.0
20200812:0809,540.82,37.18,29.19,3.86,0.0
20200812:0909,726.08,49.61,31.17,4.28,0.0
20200812:1009,893.83,61.22,32.88,4.21,0.0
20200812:1109,976.7,70.24,34.38,3.93,0.0
20200812:1209,978.73,72.0,35.62,3.86,0.0
20200812:1309,923.69,64.92,36.56,3.93,0.0
20200812:1409,793.12,53.91,37.22,4.0,0.0
20200812:1509,614.37,41.68,37.54,4.14,0.0
20200812:1609,387.35,29.08,37.51,4.28,0.0
20200812:1709,167.88,16.46,37.12,4.34,0.0
20200812:1809,20.82,4.07,36.36,4.21,0.0
20200812:1909,0.0,0.0,34.76,3.79,0.0
20200812:2009,0.0,0.0,33.48,3.59,0.0
20200812:2109,0.0,0.0,32.2,3.17,0.0
20200812:2209,0.0,0.0,30.96,2.83,0.0
20200812:2309,0.0,0.0,29.57,2.34,0.0
20200813:0009,0.0,0.0,28.19,2.0,0.0
20200813:0109,0.0,0.0,28.12,1.59,0.0
20200813:0209,0.0,0.0,27.95,1.52,0.0
20200813:0309,0.0,0.0,26.28,1.93,0.0
20200813:0409,0.0,0.0,24.62,2.48,0.0
20200813:0509,0.0,0.0,23.9,2.97,0.0
20200813:0609,97.34,11.87,23.86,3.17,0.0
20200813:0709,310.85,24.44,26.59,2.83,0.0
20200813:0809,543.94,37.07,30.84,3.59,0.0
20200813:0909,738.47,49.48,33.11,4.0,0.0
20200813:1009,902.53,61.05,34.92,4.14,0.0
20200813:1109,974.64,69.98,36.3,3.86,0.0
20200813:1209,1005.93,71.7,37.36,3.66,0.0
20200813:1309,954.71,64.67,38.27,3.86,0.0
20200813:1409,814.91,53.7,38.87,4.14,0.0
20200813:1509,620.27,41.49,39.15,4.34,0.0
20200813:1609,398.48,28.89,39.08,4.55,0.0
20200813:1709,169.47,16.27,38.62,4.69,0.0
20200813:1809,19.91,3.87,37.8,4.55,0.0
20200813:1909,0.0,0.0,36.61,3.59,0.0
20200813:2009,0.0,0.0,35.31,3.59,0.0
20200813:2109,0.0,0.0,34.11,3.66,0.0
20200813:2209,0.0,0.0,33.0,3.79,0.0
20200813:2309,0.0,0.0,31.96,3.79,0.0
20200814:0009,0.0,0.0,30.96,3.79,0.0
20200814:0109,0.0,0.0,29.96,3.66,0.0
20200814:0209,0.0,0.0,29.0,3.45,0.0
20200814:0309,0.0,0.0,27.98,3.1,0.0
20200814:0409,0.0,0.0,26.93,2.76,0.0
20200814:0509,0.0,0.0,26.02,2.62,0.0
20200814:0609,95.63,11.75,25.66,2.62,0.0
20200814:0709,312.93,24.33,28.41,3.03,0.0
20200814:0809,553.95,36.96,31.64,3.79,0.0
20200814:0909,741.8,49.35,33.86,4.34,0.0
20200814:1009,917.76,60.88,35.68,4.9,0.0
20200814:1109,996.89,69.73,37.12,5.03,0.0
20200814:1209,999.98,71.39,38.29,5.31,0.0
20200814:1309,942.47,64.41,39.21,5.52,0.0
20200814:1409,803.82,53.49,39.7,5.59,0.0
20200814:1509,607.6,41.3,39.79,5.31,0.0
20200814:1609,391.31,28.7,39.56,5.03,0.0
20200814:1709,165.82,16.08,39.06,4.97,0.0
20200814:1809,19.01,3.67,38.18,4.48,0.0
20200814:1909,0.0,0.0,36.67,3.24,0.0
20200814:2009,0.0,0.0,35.29,3.38,0.0
20200814:2109,0.0,0.0,34.04,3.59,0.0
20200814:2209,0.0,0.0,32.84,3.72,0.0
20200814:2309,0.0,0.0,31.73,3.79,0.0
20200815:0009,0.0,0.0,30.65,3.72,0.0
20200815:0109,0.0,0.0,29.62,3.66,0.0
20200815:0209,0.0,0.0,28.61,3.52,0.0
20200815:0309,0.0,0.0,27.5,3.17,0.0
20200815:0409,0.0,0.0,26.09,2.41,0.0
20200815:0509,0.0,0.0,27.57,1.38,0.0
20200815:0609,95.21,11.63,28.51,0.69,0.0
20200815:0709,304.55,24.21,30.02,0.41,0.0
20200815:0809,532.99,36.84,31.73,0.97,0.0
20200815:0909,731.74,49.22,34.39,2.55,0.0
20200815:1009,905.56,60.7,36.2,3.86,0.0
20200815:1109,977.68,69.47,37.61,4.83,0.0
20200815:1209,997.07,71.08,38.57,5.38,0.0
20200815:1309,939.6,64.15,39.22,5.59,0.0
20200815:1409,796.68,53.27,39.61,5.52,0.0
20200815:1509,608.57,41.1,39.64,5.17,0.0
20200815:1609,389.42,28.51,39.48,4.97,0.0
20200815:1709,164.4,15.88,39.03,4.62,0.0
20200815:1809,16.29,3.46,38.21,3.86,0.0
20200815:1909,0.0,0.0,36.65,3.31,0.0
20200815:2009,0.0,0.0,35.23,3.24,0.0
20200815:2109,0.0,0.0,33.9,3.24,0.0
20200815:2209,0.0,0.0,32.65,3.24,0.0
20200815:2309,0.0,0.0,31.48,3.31,0.0
20200816:0009,0.0,0.0,30.48,3.59,0.0
20200816:0109,0.0,0.0,29.57,3.86,0.0
20200816:0209,0.0,0.0,28.77,4.07,0.0
20200816:0309,0.0,0.0,28.01,4.07,0.0
20200816:0409,0.0,0.0,27.25,3.93,0.0
20200816:0509,0.0,0.0,26.5,3.72,0.0
20200816:0609,94.45,11.51,26.18,3.45,0.0
20200816:0709,311.8,24.1,28.36,2.76,0.0
20200816:0809,548.21,36.73,32.51,3.66,0.0
20200816:0909,745.53,49.08,35.19,5.31,0.0
20200816:1009,922.06,60.52,37.03,6.97,0.0
20200816:1109,995.7,69.2,38.17,7.24,0.0
20200816:1209,1003.05,70.76,38.98,6.9,0.0
20200816:1309,956.23,63.88,39.58,6.48,0.0
20200816:1409,814.84,53.04,39.88,6.14,0.0
20200816:1509,617.42,40.89,39.87,5.72,0.0
20200816:1609,392.39,28.31,39.65,5.45,0.0
20200816:1709,162.49,15.68,39.1,5.1,0.0
20200816:1809,15.39,3.25,38.16,4.07,0.0
20200816:1909,0.0,0.0,36.62,3.59,0.0
20200816:2009,0.0,0.0,35.23,3.17,0.0
20200816:2109,0.0,0.0,33.96,2.97,0.0
20200816:2209,0.0,0.0,32.63,2.76,0.0
20200816:2309,0.0,0.0,31.21,2.48,0.0
20200817:0009,0.0,0.0,29.89,2.28,0.0
20200817:0109,0.0,0.0,29.13,2.28,0.0
20200817:0209,0.0,0.0,28.36,2.28,0.0
20200817:0309,0.0,0.0,27.41,2.48,0.0
20200817:0409,0.0,0.0,26.69,2.48,0.0
20200817:0509,0.0,0.0,25.99,2.62,0.0
20200817:0609,93.16,11.4,25.52,2.76,0.0
20200817:0709,304.81,23.99,27.95,2.62,0.0
20200817:0809,529.35,36.61,32.77,3.59,0.0
20200817:0909,731.2,48.95,35.29,4.9,0.0
20200817:1009,893.59,60.34,37.32,5.72,0.0
20200817:1109,969.74,68.94,38.74,6.28,0.0
20200817:1209,994.79,70.44,39.56,6.34,0.0
20200817:1309,937.28,63.6,40.03,6.0,0.0
20200817:1409,792.97,52.81,40.29,5.59,0.0
20200817:1509,607.58,40.68,40.28,5.1,0.0
20200817:1609,385.26,28.11,40.07,4.76,0.0
20200817:1709,159.45,15.48,39.59,4.41,0.0
20200817:1809,13.58,3.04,38.79,3.66,0.0
20200817:1909,0.0,0.0,37.34,2.97,0.0
20200817:2009,0.0,0.0,36.03,2.69,0.0
20200817:2109,0.0,0.0,34.66,2.41,0.0
20200817:2209,0.0,0.0,33.05,2.21,0.0
20200817:2309,0.0,0.0,31.73,2.41,0.0
20200818:0009,0.0,0.0,30.65,2.69,0.0
20200818:0109,0.0,0.0,29.63,2.83,0.0
20200818:0209,0.0,0.0,28.68,2.76,0.0
20200818:0309,0.0,0.0,28.06,2.62,0.0
20200818:0409,0.0,0.0,27.9,2.48,0.0
20200818:0509,0.0,0.0,27.63,2.41,0.0
20200818:0609,94.35,11.28,27.34,2.48,0.0
20200818:0709,314.27,23.88,29.69,1.86,0.0
20200818:0809,543.11,36.5,33.34,2.14,0.0
20200818:0909,759.9,48.81,36.55,3.66,0.0
20200818:1009,928.64,60.16,38.36,5.1,0.0
20200818:1109,991.07,68.66,39.59,5.72,0.0
20200818:1209,1021.65,70.12,40.3,5.59,0.0
20200818:1309,961.61,63.33,40.74,5.31,0.0
20200818:1409,813.47,52.58,41.0,4.97,0.0
20200818:1509,622.67,40.47,40.99,4.62,0.0
20200818:1609,396.18,27.9,40.74,4.41,0.0
20200818:1709,161.34,15.27,40.25,4.21,0.0
20200818:1809,11.77,2.82,39.33,3.72,0.0
20200818:1909,0.0,0.0,37.73,3.45,0.0
20200818:2009,0.0,0.0,36.29,3.52,0.0
20200818:2109,0.0,0.0,35.01,3.52,0.0
20200818:2209,0.0,0.0,33.84,3.45,0.0
20200818:2309,0.0,0.0,32.73,3.45,0.0
20200819:0009,0.0,0.0,31.63,3.45,0.0
20200819:0109,0.0,0.0,30.58,3.52,0.0
20200819:0209,0.0,0.0,29.54,3.45,0.0
20200819:0309,0.0,0.0,28.48,3.38,0.0
20200819:0409,0.0,0.0,27.54,3.45,0.0
20200819:0509,0.0,0.0,26.8,3.66,0.0
20200819:0609,95.05,11.16,26.62,3.72,0.0
20200819:0709,313.71,23.77,29.02,3.45,0.0
20200819:0809,542.46,36.38,33.29,4.34,0.0
20200819:0909,740.05,48.67,36.01,6.21,0.0
20200819:1009,903.97,59.97,38.07,7.52,0.0
20200819:1109,974.39,68.39,39.84,8.34,0.0
20200819:1209,1004.23,69.79,41.11,8.41,0.0
20200819:1309,945.55,63.04,41.86,7.66,0.0
20200819:1409,799.69,52.34,42.23,6.83,0.0
20200819:1509,615.83,40.25,42.28,5.93,0.0
20200819:1609,387.61,27.69,42.09,5.24,0.0
20200819:1709,157.17,15.06,41.63,4.62,0.0
20200819:1809,9.96,2.59,40.5,3.66,0.0
20200819:1909,0.0,0.0,38.46,3.79,0.0
20200819:2009,0.0,0.0,36.81,3.93,0.0
20200819:2109,0.0,0.0,35.41,4.0,0.0
20200819:2209,0.0,0.0,34.22,4.14,0.0
20200819:2309,0.0,0.0,33.15,4.28,0.0
20200820:0009,0.0,0.0,32.21,4.34,0.0
20200820:0109,0.0,0.0,31.3,4.41,0.0
20200820:0209,0.0,0.0,30.48,4.34,0.0
20200820:0309,0.0,0.0,29.75,4.28,0.0
20200820:0409,0.0,0.0,29.13,4.28,0.0
20200820:0509,0.0,0.0,28.55,4.28,0.0
20200820:0609,93.64,11.04,28.34,4.14,0.0
20200820:0709,308.56,23.65,29.56,2.69,0.0
20200820:0809,531.7,36.26,33.7,2.34,0.0
20200820:0909,751.39,48.53,36.79,1.72,0.0
20200820:1009,908.11,59.78,39.07,1.24,0.0
20200820:1109,978.68,68.11,40.72,1.03,0.0
20200820:1209,1015.24,69.46,41.82,1.45,0.0
20200820:1309,949.69,62.75,42.52,1.59,0.0
20200820:1409,792.59,52.09,42.92,1.72,0.0
20200820:1509,605.78,40.03,43.0,1.86,0.0
20200820:1609,408.16,27.48,42.9,2.14,0.0
20200820:1709,157.74,14.84,42.56,2.55,0.0
20200820:1809,9.96,2.37,41.67,2.97,0.0
20200820:1909,0.0,0.0,40.03,2.9,0.0
20200820:2009,0.0,0.0,38.33,2.9,0.0
20200820:2109,0.0,0.0,36.69,2.76,0.0
20200820:2209,0.0,0.0,35.06,2.69,0.0
20200820:2309,0.0,0.0,33.54,2.69,0.0
20200821:0009,0.0,0.0,32.15,2.76,0.0
20200821:0109,0.0,0.0,30.91,2.9,0.0
20200821:0209,0.0,0.0,29.85,2.97,0.0
20200821:0309,0.0,0.0,28.82,2.97,0.0
20200821:0409,0.0,0.0,27.89,3.1,0.0
20200821:0509,0.0,0.0,26.77,3.31,0.0
20200821:0609,88.96,10.92,26.08,3.17,0.0
20200821:0709,317.5,23.54,28.71,2.34,0.0
20200821:0809,541.94,36.14,34.08,2.21,0.0
20200821:0909,744.23,48.39,37.92,2.14,0.0
20200821:1009,899.64,59.59,40.17,2.21,0.0
20200821:1109,992.84,67.83,41.76,2.76,0.0
20200821:1209,1029.32,69.12,42.62,2.48,0.0
20200821:1309,893.2,62.46,43.03,1.66,0.0
20200821:1409,663.42,51.84,43.21,0.97,0.0
20200821:1509,386.32,39.8,43.18,0.55,0.0
20200821:1609,212.13,27.26,43.03,0.21,0.0
20200821:1709,137.42,14.62,42.77,0.41,0.0
20200821:1809,0.0,0.0,42.25,0.83,0.0
20200821:1909,0.0,0.0,41.23,1.31,0.0
20200821:2009,0.0,0.0,39.73,1.72,0.0
20200821:2109,0.0,0.0,37.76,1.79,0.0
20200821:2209,0.0,0.0,35.84,1.59,0.0
20200821:2309,0.0,0.0,34.07,1.93,0.0
20200822:0009,0.0,0.0,32.8,2.34,0.0
20200822:0109,0.0,0.0,31.65,2.55,0.0
20200822:0209,0.0,0.0,30.47,2.55,0.0
20200822:0309,0.0,0.0,29.46,2.34,0.0
20200822:0409,0.0,0.0,29.89,1.72,0.0
20200822:0509,0.0,0.0,31.26,0.83,0.0
20200822:0609,90.95,10.8,28.88,1.66,0.0
20200822:0709,311.81,23.42,28.77,2.28,0.0
20200822:0809,537.14,36.02,33.52,2.9,0.0
20200822:0909,761.07,48.25,36.0,3.72,0.0
20200822:1009,919.44,59.39,37.71,4.14,0.0
20200822:1109,978.65,67.54,39.14,4.21,0.0
20200822:1209,1020.12,68.78,40.28,4.28,0.0
20200822:1309,947.66,62.16,41.09,4.21,0.0
20200822:1409,798.95,51.59,41.56,4.07,0.0
20200822:1509,609.22,39.57,41.7,4.0,0.0
20200822:1609,379.36,27.03,41.56,4.14,0.0
20200822:1709,150.4,14.39,41.03,4.55,0.0
20200822:1809,0.0,0.0,40.06,4.14,0.0
20200822:1909,0.0,0.0,38.5,3.45,0.0
20200822:2009,0.0,0.0,37.06,3.79,0.0
20200822:2109,0.0,0.0,35.68,3.93,0.0
20200822:2209,0.0,0.0,34.35,3.79,0.0
20200822:2309,0.0,0.0,33.06,3.52,0.0
20200823:0009,0.0,0.0,31.8,3.1,0.0
20200823:0109,0.0,0.0,30.46,2.48,0.0
20200823:0209,0.0,0.0,29.77,1.66,0.0
20200823:0309,0.0,0.0,31.2,0.76,0.0
20200823:0409,0.0,0.0,30.82,0.48,0.0
20200823:0509,0.0,0.0,28.0,1.79,0.0
20200823:0609,89.29,10.69,26.21,2.76,0.0
20200823:0709,303.06,23.31,28.67,1.93,0.0
20200823:0809,539.51,35.9,33.34,1.93,0.0
20200823:0909,768.43,48.1,35.54,1.59,0.0
20200823:1009,929.48,59.19,37.01,1.59,0.0
20200823:1109,990.35,67.25,38.29,1.86,0.0
20200823:1209,1019.14,68.44,39.34,2.0,0.0
20200823:1309,962.27,61.86,40.23,1.93,0.0
20200823:1409,811.92,51.33,40.71,1.59,0.0
20200823:1509,609.58,39.33,40.88,1.52,0.0
20200823:1609,377.95,26.8,40.85,1.52,0.0
20200823:1709,147.67,14.16,40.44,1.52,0.0
20200823:1809,0.0,0.0,39.95,2.76,0.0
20200823:1909,0.0,0.0,39.04,2.69,0.0
20200823:2009,0.0,0.0,38.05,2.9,0.0
20200823:2109,0.0,0.0,36.69,3.45,0.0
20200823:2209,0.0,0.0,35.35,3.59,0.0
20200823:2309,0.0,0.0,34.06,3.1,0.0
20200824:0009,0.0,0.0,33.01,2.62,0.0
20200824:0109,0.0,0.0,32.04,2.9,0.0
20200824:0209,0.0,0.0,31.36,3.52,0.0
20200824:0309,0.0,0.0,30.59,3.59,0.0
20200824:0409,0.0,0.0,29.78,3.52,0.0
20200824:0509,0.0,0.0,29.21,3.66,0.0
20200824:0609,87.89,10.57,28.84,3.66,0.0
20200824:0709,294.24,23.2,30.27,2.0,0.0
20200824:0809,525.26,35.78,33.71,2.07,0.0
20200824:0909,745.08,47.95,35.49,0.83,0.0
20200824:1009,911.34,58.99,37.02,0.76,0.0
20200824:1109,988.82,66.96,38.68,2.28,0.0
20200824:1209,1023.43,68.09,40.05,3.31,0.0
20200824:1309,954.2,61.55,40.8,3.66,0.0
20200824:1409,799.3,51.06,41.23,3.31,0.0
20200824:1509,596.14,39.09,41.39,3.17,0.0
20200824:1609,364.8,26.57,40.89,4.69,0.0
20200824:1709,139.75,13.93,39.69,3.24,0.0
20200824:1809,0.0,0.0,38.99,1.52,0.0
20200824:1909,0.0,0.0,38.16,5.38,0.0
20200824:2009,0.0,0.0,36.86,5.45,0.0
20200824:2109,0.0,0.0,35.55,4.83,0.0
20200824:2209,0.0,0.0,34.37,4.62,0.0
20200824:2309,0.0,0.0,33.12,4.62,0.0
20200825:0009,0.0,0.0,31.96,4.28,0.0
20200825:0109,0.0,0.0,30.78,3.79,0.0
20200825:0209,0.0,0.0,29.68,3.93,0.0
20200825:0309,0.0,0.0,28.94,4.07,0.0
20200825:0409,0.0,0.0,28.29,4.0,0.0
20200825:0509,0.0,0.0,27.68,3.72,0.0
20200825:0609,83.81,10.45,27.02,3.52,0.0
20200825:0709,310.99,23.08,29.29,4.07,0.0
20200825:0809,540.05,35.65,31.64,4.69,0.0
20200825:0909,774.08,47.8,33.75,4.9,0.0
20200825:1009,934.31,58.79,35.69,4.83,0.0
20200825:1109,1001.69,66.67,37.42,4.48,0.0
20200825:1209,1030.66,67.74,38.72,4.14,0.0
20200825:1309,961.31,61.24,39.6,3.86,0.0
20200825:1409,818.49,50.79,40.09,3.79,0.0
20200825:1509,620.69,38.84,40.24,3.93,0.0
20200825:1609,384.13,26.34,40.1,4.0,0.0
20200825:1709,146.13,13.69,39.52,4.55,0.0
20200825:1809,0.0,0.0,38.5,4.9,0.0
20200825:1909,0.0,0.0,36.62,4.76,0.0
20200825:2009,0.0,0.0,35.4,4.48,0.0
20200825:2109,0.0,0.0,34.21,4.21,0.0
20200825:2209,0.0,0.0,33.07,4.14,0.0
20200825:2309,0.0,0.0,31.97,4.07,0.0
20200826:0009,0.0,0.0,30.95,4.0,0.0
20200826:0109,0.0,0.0,30.03,3.86,0.0
20200826:0209,0.0,0.0,29.18,3.66,0.0
20200826:0309,0.0,0.0,28.33,3.38,0.0
20200826:0409,0.0,0.0,27.49,3.24,0.0
20200826:0509,0.0,0.0,26.64,3.17,0.0
20200826:0609,90.9,10.33,26.15,3.1,0.0
20200826:0709,312.73,22.96,28.26,2.62,0.0
20200826:0809,541.49,35.53,31.4,3.31,0.0
20200826:0909,758.23,47.65,33.51,3.59,0.0
20200826:1009,910.15,58.58,35.42,3.52,0.0
20200826:1109,973.34,66.37,37.02,3.31,0.0
20200826:1209,989.77,67.39,38.11,3.03,0.0
20200826:1309,934.67,60.92,38.75,2.69,0.0
20200826:1409,785.29,50.52,39.13,2.34,0.0
20200826:1509,606.2,38.59,39.32,2.14,0.0
20200826:1609,374.67,26.1,39.29,2.28,0.0
20200826:1709,142.47,13.45,39.0,2.76,0.0
20200826:1809,0.0,0.0,38.32,3.52,0.0
20200826:1909,0.0,0.0,37.2,3.86,0.0
20200826:2009,0.0,0.0,36.0,4.21,0.0
20200826:2109,0.0,0.0,34.81,4.07,0.0
20200826:2209,0.0,0.0,33.66,3.86,0.0
20200826:2309,0.0,0.0,32.52,3.59,0.0
20200827:0009,0.0,0.0,31.41,3.24,0.0
20200827:0109,0.0,0.0,30.29,2.9,0.0
20200827:0209,0.0,0.0,29.15,2.55,0.0
20200827:0309,0.0,0.0,28.05,2.41,0.0
20200827:0409,0.0,0.0,27.04,2.41,0.0
20200827:0509,0.0,0.0,26.12,2.41,0.0
20200827:0609,90.83,10.21,25.55,2.41,0.0
20200827:0709,310.98,22.85,27.68,2.69,0.0
20200827:0809,539.65,35.4,30.35,3.31,0.0
20200827:0909,755.43,47.5,32.36,3.93,0.0
20200827:1009,889.62,58.37,34.3,4.21,0.0
20200827:1109,975.08,66.06,35.89,4.28,0.0
20200827:1209,990.47,67.04,36.96,3.86,0.0
20200827:1309,929.47,60.6,37.66,3.66,0.0
20200827:1409,790.4,50.24,38.11,3.45,0.0
20200827:1509,612.02,38.34,38.25,3.45,0.0
20200827:1609,374.52,25.85,38.13,3.66,0.0
20200827:1709,141.18,13.21,37.66,4.14,0.0
20200827:1809,0.0,0.0,36.81,4.62,0.0
20200827:1909,0.0,0.0,35.7,5.1,0.0
20200827:2009,0.0,0.0,34.55,5.72,0.0
20200827:2109,0.0,0.0,33.3,5.93,0.0
20200827:2209,0.0,0.0,32.13,5.66,0.0
20200827:2309,0.0,0.0,31.06,5.17,0.0
20200828:0009,0.0,0.0,30.05,4.69,0.0
20200828:0109,0.0,0.0,29.05,4.07,0.0
20200828:0209,0.0,0.0,28.12,3.52,0.0
20200828:0309,0.0,0.0,27.11,2.83,0.0
20200828:0409,0.0,0.0,25.93,2.14,0.0
20200828:0509,0.0,0.0,25.41,1.52,0.0
20200828:0609,90.8,10.09,25.79,1.17,0.0
20200828:0709,316.48,22.73,26.3,1.79,0.0
20200828:0809,550.91,35.27,29.46,2.76,0.0
20200828:0909,767.58,47.34,31.36,3.52,0.0
20200828:1009,921.11,58.15,32.88,3.72,0.0
20200828:1109,978.41,65.76,34.1,3.59,0.0
20200828:1209,1006.87,66.68,35.09,3.38,0.0
20200828:1309,943.37,60.27,35.93,3.45,0.0
20200828:1409,791.21,49.96,36.5,3.38,0.0
20200828:1509,601.6,38.08,36.75,3.45,0.0
20200828:1609,371.53,25.6,36.71,3.52,0.0
20200828:1709,136.42,12.96,36.41,3.66,0.0
20200828:1809,0.0,0.0,35.67,3.86,0.0
20200828:1909,0.0,0.0,34.58,4.0,0.0
20200828:2009,0.0,0.0,33.3,4.48,0.0
20200828:2109,0.0,0.0,32.11,4.55,0.0
20200828:2209,0.0,0.0,30.97,4.34,0.0
20200828:2309,0.0,0.0,29.88,4.07,0.0
20200829:0009,0.0,0.0,28.86,3.72,0.0
20200829:0109,0.0,0.0,27.84,3.45,0.0
20200829:0209,0.0,0.0,26.9,3.24,0.0
20200829:0309,0.0,0.0,25.99,3.17,0.0
20200829:0409,0.0,0.0,25.11,3.03,0.0
20200829:0509,0.0,0.0,24.31,2.97,0.0
20200829:0609,90.54,9.97,23.86,2.9,0.0
20200829:0709,313.12,22.61,25.84,2.41,0.0
20200829:0809,547.77,35.14,30.05,3.1,0.0
20200829:0909,760.93,47.18,32.65,4.07,0.0
20200829:1009,906.93,57.93,34.79,4.62,0.0
20200829:1109,980.53,65.45,36.46,4.62,0.0
20200829:1209,1001.97,66.32,37.76,4.48,0.0
20200829:1309,926.71,59.94,38.73,4.34,0.0
20200829:1409,792.25,49.67,39.32,3.93,0.0
20200829:1509,602.74,37.82,39.49,3.59,0.0
20200829:1609,365.57,25.35,39.4,3.66,0.0
20200829:1709,130.34,12.71,39.08,3.72,0.0
20200829:1809,0.0,0.0,38.07,3.72,0.0
20200829:1909,0.0,0.0,36.2,3.93,0.0
20200829:2009,0.0,0.0,34.71,4.34,0.0
20200829:2109,0.0,0.0,33.36,4.55,0.0
20200829:2209,0.0,0.0,32.18,4.62,0.0
20200829:2309,0.0,0.0,31.17,4.76,0.0
20200830:0009,0.0,0.0,30.3,4.9,0.0
20200830:0109,0.0,0.0,29.54,4.9,0.0
20200830:0209,0.0,0.0,28.83,4.83,0.0
20200830:0309,0.0,0.0,28.16,4.62,0.0
20200830:0409,0.0,0.0,27.5,4.28,0.0
20200830:0509,0.0,0.0,26.82,3.93,0.0
20200830:0609,90.24,9.85,26.45,3.72,0.0
20200830:0709,332.04,22.49,29.21,4.34,0.0
20200830:0809,559.23,35.01,32.84,5.03,0.0
20200830:0909,776.66,47.02,35.65,5.93,0.0
20200830:1009,925.57,57.71,37.62,6.41,0.0
20200830:1109,982.35,65.14,39.04,6.07,0.0
20200830:1209,1009.95,65.95,40.05,5.24,0.0
20200830:1309,945.4,59.61,40.74,4.55,0.0
20200830:1409,797.53,49.38,41.19,4.0,0.0
20200830:1509,612.15,37.55,41.34,3.72,0.0
20200830:1609,357.39,25.1,41.32,3.72,0.0
20200830:1709,96.64,12.46,40.88,3.66,0.0
20200830:1809,0.0,0.0,39.67,2.14,0.0
20200830:1909,0.0,0.0,38.11,2.21,0.0
20200830:2009,0.0,0.0,36.23,2.55,0.0
20200830:2109,0.0,0.0,34.66,3.38,0.0
20200830:2209,0.0,0.0,33.49,4.55,0.0
20200830:2309,0.0,0.0,32.75,5.1,0.0
20200831:0009,0.0,0.0,31.89,4.97,0.0
20200831:0109,0.0,0.0,30.73,4.0,0.0
20200831:0209,0.0,0.0,29.35,2.9,0.0
20200831:0309,0.0,0.0,27.91,2.76,0.0
20200831:0409,0.0,0.0,26.75,3.17,0.0
20200831:0509,0.0,0.0,26.18,3.66,0.0
20200831:0609,39.73,9.73,26.43,4.14,0.0
20200831:0709,135.58,22.37,29.49,5.1,0.0
20200831:0809,321.18,34.88,31.79,6.83,0.0
20200831:0909,597.93,46.86,33.65,7.17,0.0
20200831:1009,766.92,57.49,35.16,6.62,0.0
20200831:1109,978.14,64.82,36.13,6.07,0.0
20200831:1209,917.71,65.58,36.89,5.45,0.0
20200831:1309,847.36,59.28,37.39,4.69,0.0
20200831:1409,795.21,49.09,37.68,4.14,0.0
20200831:1509,571.68,37.28,37.57,3.72,0.0
20200831:1609,288.58,24.84,37.25,3.38,0.0
20200831:1709,88.34,12.21,36.87,2.69,0.0
20200831:1809,0.0,0.0,36.48,2.14,0.0
20200831:1909,0.0,0.0,35.51,2.76,0.0
20200831:2009,0.0,0.0,34.68,2.83,0.0
20200831:2109,0.0,0.0,33.63,2.07,0.0
20200831:2209,0.0,0.0,32.57,2.55,0.0
20200831:2309,0.0,0.0,31.26,3.24,0.0
20200901:0009,0.0,0.0,30.21,3.59,0.0
20200901:0109,0.0,0.0,29.36,3.38,0.0
20200901:0209,0.0,0.0,28.42,3.31,0.0
20200901:0309,0.0,0.0,27.67,3.79,0.0
20200901:0409,0.0,0.0,26.86,4.34,0.0
20200901:0509,0.0,0.0,26.02,4.21,0.0
20200901:0609,81.91,9.61,25.33,3.52,0.0
20200901:0709,236.12,22.25,26.42,3.72,0.0
20200901:0809,341.87,34.75,27.86,3.72,0.0
20200901:0909,299.03,46.69,29.4,3.17,0.0
20200901:1009,213.79,57.26,31.15,2.41,0.0
20200901:1109,275.5,64.5,32.47,2.62,0.0
20200901:1209,149.46,65.21,32.7,5.38,0.0
20200901:1309,286.13,58.94,31.08,6.9,0.0
20200901:1409,147.57,48.79,30.47,7.45,0.0
20200901:1509,158.92,37.01,30.19,7.52,0.0
20200901:1609,106.9,24.58,28.59,7.79,0.0
20200901:1709,60.19,11.95,26.9,7.45,0.0
20200901:1809,0.0,0.0,25.87,6.48,0.0
20200901:1909,0.0,0.0,25.18,3.93,0.0
20200901:2009,0.0,0.0,25.42,3.31,0.0
20200901:2109,0.0,0.0,25.47,3.03,0.0
20200901:2209,0.0,0.0,25.41,2.83,0.0
20200901:2309,0.0,0.0,25.04,2.9,0.0
20200902:0009,0.0,0.0,24.8,3.52,0.0
20200902:0109,0.0,0.0,24.49,3.03,0.0
20200902:0209,0.0,0.0,24.02,2.9,0.0
20200902:0309,0.0,0.0,23.52,2.62,0.0
20200902:0409,0.0,0.0,22.91,2.28,0.0
20200902:0509,0.0,0.0,22.19,1.79,0.0
20200902:0609,77.02,9.49,23.08,0.83,0.0
20200902:0709,205.12,22.13,23.83,0.41,0.0
20200902:0809,513.74,34.61,25.44,1.1,0.0
20200902:0909,371.11,46.53,26.93,2.07,0.0
20200902:1009,196.76,57.03,28.0,2.21,0.0
20200902:1109,444.45,64.18,28.86,1.72,0.0
20200902:1209,170.28,64.84,29.52,1.03,0.0
20200902:1309,790.74,58.59,29.88,0.21,0.0
20200902:1409,68.11,48.49,30.94,1.03,0.0
20200902:1509,592.42,36.74,31.17,0.55,0.0
20200902:1609,279.34,24.32,29.99,1.66,0.0
20200902:1709,128.75,11.69,29.82,1.24,0.0
20200902:1809,0.0,0.0,28.03,2.9,0.0
20200902:1909,0.0,0.0,27.38,1.52,0.0
20200902:2009,0.0,0.0,26.32,2.14,0.0
20200902:2109,0.0,0.0,25.47,2.55,0.0
20200902:2209,0.0,0.0,23.64,5.52,0.0
20200902:2309,0.0,0.0,22.15,5.52,0.0
20200903:0009,0.0,0.0,21.38,4.34,0.0
20200903:0109,0.0,0.0,20.98,3.86,0.0
20200903:0209,0.0,0.0,20.5,5.31,0.0
20200903:0309,0.0,0.0,20.19,4.76,0.0
20200903:0409,0.0,0.0,19.93,3.17,0.0
20200903:0509,0.0,0.0,19.67,3.52,0.0
20200903:0609,86.55,9.37,19.6,4.14,0.0
20200903:0709,315.65,22.01,20.82,6.41,0.0
20200903:0809,570.17,34.48,22.07,5.1,0.0
20200903:0909,790.5,46.36,23.78,4.34,0.0
20200903:1009,923.29,56.8,25.27,4.0,0.0
20200903:1109,1021.71,63.86,26.61,4.07,0.0
20200903:1209,1015.42,64.47,27.69,4.62,0.0
20200903:1309,926.01,58.25,28.38,5.31,0.0
20200903:1409,803.23,48.18,28.51,5.79,0.0
20200903:1509,606.27,36.46,28.09,6.62,0.0
20200903:1609,364.64,24.05,27.3,6.97,0.0
20200903:1709,125.32,11.42,26.28,6.62,0.0
20200903:1809,0.0,0.0,24.89,6.48,0.0
20200903:1909,0.0,0.0,23.44,5.31,0.0
20200903:2009,0.0,0.0,22.62,4.62,0.0
20200903:2109,0.0,0.0,21.82,4.41,0.0
20200903:2209,0.0,0.0,21.04,4.21,0.0
20200903:2309,0.0,0.0,20.32,4.07,0.0
20200904:0009,0.0,0.0,19.68,4.0,0.0
20200904:0109,0.0,0.0,19.18,4.0,0.0
20200904:0209,0.0,0.0,18.77,3.93,0.0
20200904:0309,0.0,0.0,18.73,4.0,0.0
20200904:0409,0.0,0.0,18.63,4.0,0.0
20200904:0509,0.0,0.0,18.82,4.0,0.0
20200904:0609,73.18,9.25,19.07,3.93,0.0
20200904:0709,311.65,21.89,20.44,4.48,0.0
20200904:0809,552.43,34.34,22.11,5.24,0.0
20200904:0909,790.44,46.18,23.86,5.66,0.0
20200904:1009,712.58,56.56,25.61,5.66,0.0
20200904:1109,917.88,63.53,26.94,5.38,0.0
20200904:1209,970.17,64.09,27.81,5.17,0.0
20200904:1309,912.2,57.9,28.41,5.1,0.0
20200904:1409,756.18,47.87,28.44,5.24,0.0
20200904:1509,544.9,36.18,28.21,5.45,0.0
20200904:1609,323.6,23.78,27.86,5.31,0.0
20200904:1709,120.96,11.16,27.15,5.17,0.0
20200904:1809,0.0,0.0,26.15,4.69,0.0
20200904:1909,0.0,0.0,25.56,3.52,0.0
20200904:2009,0.0,0.0,24.76,3.17,0.0
20200904:2109,0.0,0.0,23.92,2.69,0.0
20200904:2209,0.0,0.0,23.02,2.28,0.0
20200904:2309,0.0,0.0,22.05,2.07,0.0
20200905:0009,0.0,0.0,21.07,2.14,0.0
20200905:0109,0.0,0.0,20.15,2.28,0.0
20200905:0209,0.0,0.0,19.33,2.34,0.0
20200905:0309,0.0,0.0,18.65,2.55,0.0
20200905:0409,0.0,0.0,18.07,2.69,0.0
20200905:0509,0.0,0.0,17.65,2.76,0.0
20200905:0609,91.27,9.13,17.45,2.55,0.0
20200905:0709,320.2,21.77,19.61,2.28,0.0
20200905:0809,570.5,34.2,23.2,2.48,0.0
20200905:0909,786.45,46.01,25.07,2.34,0.0
20200905:1009,905.03,56.32,26.66,2.28,0.0
20200905:1109,995.11,63.2,28.17,2.41,0.0
20200905:1209,994.64,63.71,29.47,2.55,0.0
20200905:1309,922.61,57.55,30.47,2.76,0.0
20200905:1409,790.11,47.56,31.1,3.03,0.0
20200905:1509,606.46,35.89,31.35,3.24,0.0
20200905:1609,365.11,23.51,31.21,3.45,0.0
20200905:1709,121.88,10.89,30.62,3.79,0.0
20200905:1809,0.0,0.0,29.49,4.21,0.0
20200905:1909,0.0,0.0,29.54,3.86,0.0
20200905:2009,0.0,0.0,28.54,4.0,0.0
20200905:2109,0.0,0.0,27.56,3.86,0.0
20200905:2209,0.0,0.0,26.69,3.59,0.0
20200905:2309,0.0,0.0,25.78,3.31,0.0
20200906:0009,0.0,0.0,24.89,2.76,0.0
20200906:0109,0.0,0.0,23.87,2.14,0.0
20200906:0209,0.0,0.0,23.18,1.31,0.0
20200906:0309,0.0,0.0,24.05,0.28,0.0
20200906:0409,0.0,0.0,23.63,0.62,0.0
20200906:0509,0.0,0.0,22.79,0.97,0.0
20200906:0609,91.95,9.01,21.5,1.24,0.0
20200906:0709,325.87,21.64,22.52,1.31,0.0
20200906:0809,591.16,34.06,25.06,2.34,0.0
20200906:0909,800.83,45.83,26.88,2.62,0.0
20200906:1009,922.41,56.08,28.69,2.48,0.0
20200906:1109,1020.1,62.87,30.37,2.62,0.0
20200906:1209,1012.33,63.33,31.58,2.62,0.0
20200906:1309,945.09,57.19,32.4,2.41,0.0
20200906:1409,812.21,47.25,32.9,2.28,0.0
20200906:1509,569.99,35.6,33.14,2.07,0.0
20200906:1609,354.43,23.24,33.13,2.21,0.0
20200906:1709,117.96,10.62,32.87,2.55,0.0
20200906:1809,0.0,0.0,32.26,3.1,0.0
20200906:1909,0.0,0.0,30.81,4.07,0.0
20200906:2009,0.0,0.0,29.8,4.28,0.0
20200906:2109,0.0,0.0,28.75,4.07,0.0
20200906:2209,0.0,0.0,27.72,3.86,0.0
20200906:2309,0.0,0.0,26.72,3.66,0.0
20200907:0009,0.0,0.0,25.8,3.52,0.0
20200907:0109,0.0,0.0,24.89,3.17,0.0
20200907:0209,0.0,0.0,23.99,2.83,0.0
20200907:0309,0.0,0.0,23.01,2.41,0.0
20200907:0409,0.0,0.0,21.98,2.0,0.0
20200907:0509,0.0,0.0,21.71,1.66,0.0
20200907:0609,88.39,8.89,22.59,1.17,0.0
20200907:0709,317.52,21.52,23.01,1.72,0.0
20200907:0809,560.3,33.92,26.73,2.28,0.0
20200907:0909,772.9,45.65,28.69,3.03,0.0
20200907:1009,899.82,55.84,30.29,3.45,0.0
20200907:1109,982.5,62.53,31.57,3.66,0.0
20200907:1209,993.64,62.95,32.55,3.52,0.0
20200907:1309,908.72,56.84,33.3,3.38,0.0
20200907:1409,776.37,46.93,33.86,3.24,0.0
20200907:1509,571.05,35.31,34.07,3.03,0.0
20200907:1609,305.82,22.96,34.01,2.9,0.0
20200907:1709,86.87,10.34,33.68,2.97,0.0
20200907:1809,0.0,0.0,33.04,3.31,0.0
20200907:1909,0.0,0.0,32.23,4.14,0.0
20200907:2009,0.0,0.0,31.09,4.69,0.0
20200907:2109,0.0,0.0,30.01,4.97,0.0
20200907:2209,0.0,0.0,28.98,4.9,0.0
20200907:2309,0.0,0.0,28.04,4.83,0.0
20200908:0009,0.0,0.0,27.15,4.62,0.0
20200908:0109,0.0,0.0,26.26,3.72,0.0
20200908:0209,0.0,0.0,25.16,2.48,0.0
20200908:0309,0.0,0.0,24.36,1.45,0.0
20200908:0409,0.0,0.0,25.25,0.48,0.0
20200908:0509,0.0,0.0,23.14,1.38,0.0
20200908:0609,87.96,8.77,21.35,2.97,0.0
20200908:0709,312.08,21.39,25.58,0.76,0.0
20200908:0809,579.15,33.77,27.28,1.31,0.0
20200908:0909,793.7,45.47,28.83,1.66,0.0
20200908:1009,913.43,55.59,30.35,1.72,0.0
20200908:1109,1015.44,62.2,31.85,1.93,0.0
20200908:1209,1013.81,62.56,33.08,2.0,0.0
20200908:1309,944.24,56.48,33.99,2.0,0.0
20200908:1409,805.02,46.61,34.63,2.21,0.0
20200908:1509,606.07,35.02,34.89,2.28,0.0
20200908:1609,343.85,22.68,34.88,2.28,0.0
20200908:1709,108.13,10.07,34.55,2.69,0.0
20200908:1809,0.0,0.0,33.91,3.45,0.0
20200908:1909,0.0,0.0,32.98,4.34,0.0
20200908:2009,0.0,0.0,31.73,5.31,0.0
20200908:2109,0.0,0.0,30.65,5.66,0.0
20200908:2209,0.0,0.0,29.63,5.45,0.0
20200908:2309,0.0,0.0,28.67,4.83,0.0
20200909:0009,0.0,0.0,27.67,4.34,0.0
20200909:0109,0.0,0.0,26.7,4.0,0.0
20200909:0209,0.0,0.0,25.71,3.86,0.0
20200909:0309,0.0,0.0,24.69,3.86,0.0
20200909:0409,0.0,0.0,23.62,3.86,0.0
20200909:0509,0.0,0.0,22.61,3.66,0.0
20200909:0609,84.18,8.64,21.9,3.52,0.0
20200909:0709,312.28,21.26,23.68,3.66,0.0
20200909:0809,544.44,33.63,25.42,4.14,0.0
20200909:0909,803.8,45.29,27.53,4.34,0.0
20200909:1009,908.53,55.34,29.72,4.28,0.0
20200909:1109,996.8,61.86,31.88,4.14,0.0
20200909:1209,975.52,62.17,33.82,4.07,0.0
20200909:1309,920.38,56.11,34.99,4.28,0.0
20200909:1409,783.98,46.29,35.7,4.41,0.0
20200909:1509,590.1,34.73,35.83,4.14,0.0
20200909:1609,363.71,22.4,35.49,4.0,0.0
20200909:1709,75.72,9.79,34.37,3.59,0.0
20200909:1809,0.0,0.0,33.54,4.14,0.0
20200909:1909,0.0,0.0,29.47,4.41,0.0
20200909:2009,0.0,0.0,29.19,3.24,0.0
20200909:2109,0.0,0.0,28.73,2.97,0.0
20200909:2209,0.0,0.0,28.05,2.34,0.0
20200909:2309,0.0,0.0,27.07,1.72,0.0
20200910:0009,0.0,0.0,26.39,3.45,0.0
20200910:0109,0.0,0.0,25.75,5.03,0.0
20200910:0209,0.0,0.0,25.2,4.14,0.0
20200910:0309,0.0,0.0,24.65,3.38,0.0
20200910:0409,0.0,0.0,24.46,3.45,0.0
20200910:0509,0.0,0.0,24.27,3.52,0.0
20200910:0609,8.51,8.52,24.31,4.69,0.0
20200910:0709,286.29,21.14,25.83,3.24,0.0
20200910:0809,388.36,33.48,28.12,3.31,0.0
20200910:0909,420.35,45.1,29.82,4.48,0.0
20200910:1009,190.14,55.08,30.92,5.45,0.0
20200910:1109,931.61,61.51,31.99,5.66,0.0
20200910:1209,1006.65,61.78,32.8,4.83,0.0
20200910:1309,869.98,55.75,33.48,3.66,0.0
20200910:1409,796.6,45.96,32.83,2.76,0.0
20200910:1509,597.42,34.43,33.1,3.45,0.0
20200910:1609,359.85,22.12,32.82,2.83,0.0
20200910:1709,100.82,9.51,32.38,2.55,0.0
20200910:1809,0.0,0.0,31.82,2.76,0.0
20200910:1909,0.0,0.0,31.65,2.55,0.0
20200910:2009,0.0,0.0,30.58,3.03,0.0
20200910:2109,0.0,0.0,29.5,3.17,0.0
20200910:2209,0.0,0.0,28.51,3.17,0.0
20200910:2309,0.0,0.0,27.64,3.17,0.0
20200911:0009,0.0,0.0,26.99,3.93,0.0
20200911:0109,0.0,0.0,26.15,5.72,0.0
20200911:0209,0.0,0.0,24.94,5.86,0.0
20200911:0309,0.0,0.0,23.99,5.03,0.0
20200911:0409,0.0,0.0,23.33,4.48,0.0
20200911:0509,0.0,0.0,22.99,4.28,0.0
20200911:0609,70.64,8.4,22.5,4.07,0.0
20200911:0709,317.12,21.01,23.59,4.34,0.0
20200911:0809,571.73,33.33,25.02,4.62,0.0
20200911:0909,792.08,44.91,26.84,4.83,0.0
20200911:1009,933.44,54.83,28.61,4.48,0.0
20200911:1109,1035.93,61.17,29.99,3.93,0.0
20200911:1209,1033.05,61.39,31.07,3.17,0.0
20200911:1309,960.81,55.38,31.88,2.41,0.0
20200911:1409,811.31,45.63,32.46,1.86,0.0
20200911:1509,593.15,34.13,32.82,1.59,0.0
20200911:1609,336.52,21.84,32.91,1.52,0.0
20200911:1709,97.12,9.23,32.69,1.38,0.0
20200911:1809,0.0,0.0,32.26,1.59,0.0
20200911:1909,0.0,0.0,31.43,2.07,0.0
20200911:2009,0.0,0.0,30.37,2.41,0.0
20200911:2109,0.0,0.0,29.11,2.34,0.0
20200911:2209,0.0,0.0,27.79,2.21,0.0
20200911:2309,0.0,0.0,26.42,2.62,0.0
20200912:0009,0.0,0.0,25.15,3.38,0.0
20200912:0109,0.0,0.0,24.1,3.66,0.0
20200912:0209,0.0,0.0,23.29,3.79,0.0
20200912:0309,0.0,0.0,22.56,4.0,0.0
20200912:0409,0.0,0.0,21.87,4.28,0.0
20200912:0509,0.0,0.0,21.07,4.14,0.0
20200912:0609,82.85,8.27,20.54,3.66,0.0
20200912:0709,308.83,20.88,22.29,3.66,0.0
20200912:0809,564.87,33.18,24.79,4.14,0.0
20200912:0909,768.44,44.72,27.15,4.41,0.0
20200912:1009,916.22,54.57,29.09,4.34,0.0
20200912:1109,1004.75,60.82,30.58,3.86,0.0
20200912:1209,1013.7,61.0,31.68,3.17,0.0
20200912:1309,929.85,55.02,32.48,2.48,0.0
20200912:1409,775.03,45.3,32.98,1.86,0.0
20200912:1509,583.95,33.83,33.3,1.59,0.0
20200912:1609,327.12,21.55,33.33,1.52,0.0
20200912:1709,39.72,8.95,33.12,2.0,0.0
20200912:1809,0.0,0.0,32.5,2.55,0.0
20200912:1909,0.0,0.0,31.2,2.97,0.0
20200912:2009,0.0,0.0,30.13,2.9,0.0
20200912:2109,0.0,0.0,28.97,3.03,0.0
20200912:2209,0.0,0.0,27.81,2.83,0.0
20200912:2309,0.0,0.0,26.71,2.62,0.0
20200913:0009,0.0,0.0,25.53,2.28,0.0
20200913:0109,0.0,0.0,24.33,2.21,0.0
20200913:0209,0.0,0.0,23.32,2.41,0.0
20200913:0309,0.0,0.0,22.48,2.55,0.0
20200913:0409,0.0,0.0,21.76,2.9,0.0
20200913:0509,0.0,0.0,21.16,3.59,0.0
20200913:0609,85.65,8.15,20.7,4.0,0.0
20200913:0709,320.15,20.74,22.4,4.21,0.0
20200913:0809,581.42,33.03,24.85,4.76,0.0
20200913:0909,796.0,44.53,27.15,4.69,0.0
20200913:1009,925.68,54.3,28.88,4.07,0.0
20200913:1109,1007.81,60.47,30.08,3.1,0.0
20200913:1209,1003.59,60.61,31.06,2.41,0.0
20200913:1309,944.62,54.65,31.86,2.07,0.0
20200913:1409,801.45,44.97,32.39,1.86,0.0
20200913:1509,594.29,33.52,32.68,1.66,0.0
20200913:1609,333.87,21.26,32.67,1.66,0.0
20200913:1709,51.13,8.67,32.44,2.0,0.0
20200913:1809,0.0,0.0,31.85,2.55,0.0
20200913:1909,0.0,0.0,30.83,2.9,0.0
20200913:2009,0.0,0.0,29.77,3.38,0.0
20200913:2109,0.0,0.0,28.63,3.79,0.0
20200913:2209,0.0,0.0,27.5,4.0,0.0
20200913:2309,0.0,0.0,26.42,3.79,0.0
20200914:0009,0.0,0.0,25.43,3.31,0.0
20200914:0109,0.0,0.0,24.47,2.55,0.0
20200914:0209,0.0,0.0,23.4,1.93,0.0
20200914:0309,0.0,0.0,22.65,1.52,0.0
20200914:0409,0.0,0.0,21.93,1.66,0.0
20200914:0509,0.0,0.0,21.1,2.28,0.0
20200914:0609,84.01,8.02,20.89,3.1,0.0
20200914:0709,315.33,20.61,22.54,4.34,0.0
20200914:0809,569.39,32.87,24.4,4.9,0.0
20200914:0909,768.53,44.33,26.15,4.55,0.0
20200914:1009,898.94,54.04,27.65,3.72,0.0
20200914:1109,978.54,60.12,28.95,2.97,0.0
20200914:1209,974.19,60.22,29.97,2.28,0.0
20200914:1309,903.66,54.27,30.77,1.86,0.0
20200914:1409,776.81,44.64,31.32,1.79,0.0
20200914:1509,571.08,33.22,31.71,2.07,0.0
20200914:1609,279.81,20.97,31.8,2.55,0.0
20200914:1709,73.58,8.38,31.55,2.97,0.0
20200914:1809,0.0,0.0,30.86,3.38,0.0
20200914:1909,0.0,0.0,29.67,4.41,0.0
20200914:2009,0.0,0.0,28.51,4.97,0.0
20200914:2109,0.0,0.0,27.35,4.83,0.0
20200914:2209,0.0,0.0,26.27,4.07,0.0
20200914:2309,0.0,0.0,25.32,3.17,0.0
20200915:0009,0.0,0.0,24.43,2.41,0.0
20200915:0109,0.0,0.0,23.34,1.52,0.0
20200915:0209,0.0,0.0,23.69,0.55,0.0
20200915:0309,0.0,0.0,23.4,0.07,0.0
20200915:0409,0.0,0.0,23.02,0.69,0.0
20200915:0509,0.0,0.0,21.25,1.45,0.0
20200915:0609,86.25,7.89,19.84,2.07,0.0
20200915:0709,318.79,20.48,21.72,2.76,0.0
20200915:0809,566.75,32.72,24.09,3.72,0.0
20200915:0909,789.77,44.13,25.44,3.59,0.0
20200915:1009,891.73,53.77,26.74,3.03,0.0
20200915:1109,976.89,59.77,28.05,2.76,0.0
20200915:1209,984.92,59.82,29.06,2.55,0.0
20200915:1309,919.88,53.9,29.85,2.41,0.0
20200915:1409,790.36,44.3,30.41,2.48,0.0
20200915:1509,592.31,32.91,30.73,2.9,0.0
20200915:1609,336.12,20.68,30.74,3.24,0.0
20200915:1709,88.42,8.1,30.35,3.52,0.0
20200915:1809,0.0,0.0,29.47,4.14,0.0
20200915:1909,0.0,0.0,28.39,4.69,0.0
20200915:2009,0.0,0.0,27.21,4.83,0.0
20200915:2109,0.0,0.0,26.11,4.41,0.0
20200915:2209,0.0,0.0,25.16,3.79,0.0
20200915:2309,0.0,0.0,24.3,3.03,0.0
20200916:0009,0.0,0.0,23.48,2.41,0.0
20200916:0109,0.0,0.0,22.5,1.86,0.0
20200916:0209,0.0,0.0,21.86,1.31,0.0
20200916:0309,0.0,0.0,22.42,0.97,0.0
20200916:0409,0.0,0.0,22.43,0.76,0.0
20200916:0509,0.0,0.0,22.12,0.69,0.0
20200916:0609,84.52,7.77,21.81,0.76,0.0
20200916:0709,324.34,20.34,22.24,0.9,0.0
20200916:0809,588.93,32.56,24.21,0.97,0.0
20200916:0909,793.79,43.93,25.95,1.93,0.0
20200916:1009,927.26,53.5,27.43,2.69,0.0
20200916:1109,1015.09,59.41,28.65,2.9,0.0
20200916:1209,1002.76,59.42,29.65,2.83,0.0
20200916:1309,935.14,53.53,30.44,2.76,0.0
20200916:1409,791.97,43.97,30.94,2.69,0.0
20200916:1509,576.68,32.6,31.14,2.69,0.0
20200916:1609,326.34,20.39,31.05,2.76,0.0
20200916:1709,85.45,7.81,30.64,2.76,0.0
20200916:1809,0.0,0.0,29.93,2.97,0.0
20200916:1909,0.0,0.0,28.92,3.17,0.0
20200916:2009,0.0,0.0,27.94,3.24,0.0
20200916:2109,0.0,0.0,26.93,3.31,0.0
20200916:2209,0.0,0.0,26.01,3.45,0.0
20200916:2309,0.0,0.0,25.12,3.45,0.0
20200917:0009,0.0,0.0,24.31,3.38,0.0
20200917:0109,0.0,0.0,23.55,3.38,0.0
20200917:0209,0.0,0.0,22.91,3.52,0.0
20200917:0309,0.0,0.0,22.35,3.66,0.0
20200917:0409,0.0,0.0,21.87,3.79,0.0
20200917:0509,0.0,0.0,21.44,3.79,0.0
20200917:0609,80.43,7.64,21.17,3.79,0.0
20200917:0709,308.13,20.2,22.98,3.52,0.0
20200917:0809,551.95,32.4,26.25,4.07,0.0
20200917:0909,740.42,43.72,28.66,4.55,0.0
20200917:1009,870.63,53.22,30.36,4.41,0.0
20200917:1109,946.5,59.06,31.67,4.28,0.0
20200917:1209,1006.09,59.03,32.68,4.28,0.0
20200917:1309,857.88,53.15,33.36,4.28,0.0
20200917:1409,792.22,43.63,33.79,4.28,0.0
20200917:1509,599.05,32.29,33.9,4.21,0.0
20200917:1609,334.58,20.1,33.73,4.0,0.0
20200917:1709,64.33,7.53,33.25,3.86,0.0
20200917:1809,0.0,0.0,32.34,3.31,0.0
20200917:1909,0.0,0.0,31.25,3.79,0.0
20200917:2009,0.0,0.0,30.09,4.07,0.0
20200917:2109,0.0,0.0,29.02,4.28,0.0
20200917:2209,0.0,0.0,28.04,4.34,0.0
20200917:2309,0.0,0.0,27.16,4.28,0.0
20200918:0009,0.0,0.0,26.39,4.28,0.0
20200918:0109,0.0,0.0,25.67,4.28,0.0
20200918:0209,0.0,0.0,25.05,4.21,0.0
20200918:0309,0.0,0.0,24.45,4.07,0.0
20200918:0409,0.0,0.0,23.91,3.93,0.0
20200918:0509,0.0,0.0,23.39,3.93,0.0
20200918:0609,81.8,7.51,22.99,4.0,0.0
20200918:0709,321.16,20.07,24.76,3.1,0.0
20200918:0809,587.76,32.23,28.09,3.31,0.0
20200918:0909,788.83,43.52,30.46,3.31,0.0
20200918:1009,914.13,52.95,32.18,2.9,0.0
20200918:1109,1001.02,58.7,33.4,2.62,0.0
20200918:1209,999.91,58.63,34.26,2.69,0.0
20200918:1309,925.37,52.78,34.86,2.83,0.0
20200918:1409,771.22,43.29,35.2,2.97,0.0
20200918:1509,563.28,31.98,35.25,3.17,0.0
20200918:1609,306.85,19.8,35.07,3.52,0.0
20200918:1709,82.91,7.24,34.48,3.79,0.0
20200918:1809,0.0,0.0,33.34,3.66,0.0
20200918:1909,0.0,0.0,32.24,4.41,0.0
20200918:2009,0.0,0.0,31.03,4.28,0.0
20200918:2109,0.0,0.0,29.92,3.93,0.0
20200918:2209,0.0,0.0,28.88,3.45,0.0
20200918:2309,0.0,0.0,27.84,2.97,0.0
20200919:0009,0.0,0.0,26.8,2.69,0.0
20200919:0109,0.0,0.0,25.81,2.62,0.0
20200919:0209,0.0,0.0,24.93,2.62,0.0
20200919:0309,0.0,0.0,24.12,2.55,0.0
20200919:0409,0.0,0.0,23.41,2.48,0.0
20200919:0509,0.0,0.0,22.73,2.55,0.0
20200919:0609,80.8,7.38,22.2,2.83,0.0
20200919:0709,316.71,19.93,24.85,1.52,0.0
20200919:0809,568.45,32.07,27.9,0.69,0.0
20200919:0909,776.47,43.31,30.84,1.52,0.0
20200919:1009,911.2,52.67,32.53,2.41,0.0
20200919:1109,983.1,58.34,33.75,2.97,0.0
20200919:1209,981.89,58.23,34.62,3.31,0.0
20200919:1309,907.68,52.4,35.2,3.52,0.0
20200919:1409,771.76,42.95,35.55,3.59,0.0
20200919:1509,562.66,31.67,35.59,3.59,0.0
20200919:1609,312.51,19.51,35.37,3.59,0.0
20200919:1709,78.88,6.95,34.85,3.59,0.0
20200919:1809,0.0,0.0,33.63,3.24,0.0
20200919:1909,0.0,0.0,32.36,3.52,0.0
20200919:2009,0.0,0.0,31.14,3.66,0.0
20200919:2109,0.0,0.0,29.95,3.52,0.0
20200919:2209,0.0,0.0,28.87,3.31,0.0
20200919:2309,0.0,0.0,27.81,3.1,0.0
20200920:0009,0.0,0.0,26.77,2.9,0.0
20200920:0109,0.0,0.0,25.76,2.76,0.0
20200920:0209,0.0,0.0,24.84,2.69,0.0
20200920:0309,0.0,0.0,23.98,2.55,0.0
20200920:0409,0.0,0.0,23.55,2.28,0.0
20200920:0509,0.0,0.0,24.54,1.66,0.0
20200920:0609,73.64,7.25,25.91,1.24,0.0
20200920:0709,309.14,19.79,26.71,0.34,0.0
20200920:0809,537.63,31.9,28.16,0.55,0.0
20200920:0909,830.98,43.09,30.94,1.52,0.0
20200920:1009,601.45,52.38,33.19,2.83,0.0
20200920:1109,818.08,57.98,34.77,3.66,0.0
20200920:1209,942.11,57.83,35.8,4.34,0.0
20200920:1309,551.79,52.02,36.46,4.83,0.0
20200920:1409,734.75,42.61,36.76,4.9,0.0
20200920:1509,560.52,31.36,36.79,4.69,0.0
20200920:1609,289.72,19.21,36.6,4.41,0.0
20200920:1709,44.59,6.67,36.07,3.93,0.0
20200920:1809,0.0,0.0,34.59,3.1,0.0
20200920:1909,0.0,0.0,33.29,3.59,0.0
20200920:2009,0.0,0.0,32.07,3.93,0.0
20200920:2109,0.0,0.0,30.92,4.14,0.0
20200920:2209,0.0,0.0,30.0,4.14,0.0
20200920:2309,0.0,0.0,29.18,4.0,0.0
20200921:0009,0.0,0.0,28.37,3.93,0.0
20200921:0109,0.0,0.0,27.66,3.93,0.0
20200921:0209,0.0,0.0,26.98,3.93,0.0
20200921:0309,0.0,0.0,26.37,3.86,0.0
20200921:0409,0.0,0.0,25.83,3.93,0.0
20200921:0509,0.0,0.0,25.29,3.79,0.0
20200921:0609,67.79,7.12,24.45,3.1,0.0
20200921:0709,92.06,19.64,25.72,2.48,0.0
20200921:0809,588.27,31.73,29.65,2.48,0.0
20200921:0909,605.87,42.88,32.44,3.66,0.0
20200921:1009,882.2,52.1,34.6,4.83,0.0
20200921:1109,796.1,57.61,36.25,5.66,0.0
20200921:1209,935.71,57.43,37.03,5.59,0.0
20200921:1309,389.83,51.64,37.53,5.17,0.0
20200921:1409,759.06,42.27,37.82,5.1,0.0
20200921:1509,181.05,31.05,37.77,5.38,0.0
20200921:1609,284.64,18.92,37.29,5.45,0.0
20200921:1709,65.26,6.38,36.79,4.41,0.0
20200921:1809,0.0,0.0,35.41,2.9,0.0
20200921:1909,0.0,0.0,34.53,2.69,0.0
20200921:2009,0.0,0.0,33.14,2.55,0.0
20200921:2109,0.0,0.0,31.77,2.62,0.0
20200921:2209,0.0,0.0,30.78,2.97,0.0
20200921:2309,0.0,0.0,29.82,2.9,0.0
20200922:0009,0.0,0.0,29.03,3.24,0.0
20200922:0109,0.0,0.0,28.13,3.45,0.0
20200922:0209,0.0,0.0,27.15,3.24,0.0
20200922:0309,0.0,0.0,26.14,2.97,0.0
20200922:0409,0.0,0.0,25.21,2.76,0.0
20200922:0509,0.0,0.0,24.17,2.0,0.0
20200922:0609,54.15,6.99,25.45,0.55,0.0
20200922:0709,63.38,19.5,24.4,1.24,0.0
20200922:0809,577.48,31.56,27.45,0.83,0.0
20200922:0909,414.19,42.66,30.87,1.79,0.0
20200922:1009,313.83,51.81,33.71,3.52,0.0
20200922:1109,605.11,57.25,35.49,4.97,0.0
20200922:1209,518.65,57.03,36.62,6.28,0.0
20200922:1309,215.68,51.26,37.1,7.17,0.0
20200922:1409,241.06,41.93,37.51,7.24,0.0
20200922:1509,140.0,30.73,37.53,6.14,0.0
20200922:1609,92.08,18.62,37.12,5.59,0.0
20200922:1709,27.71,6.09,35.82,4.97,0.0
20200922:1809,0.0,0.0,33.83,3.72,0.0
20200922:1909,0.0,0.0,32.12,4.9,0.0
20200922:2009,0.0,0.0,31.34,3.59,0.0
20200922:2109,0.0,0.0,30.55,2.55,0.0
20200922:2209,0.0,0.0,29.85,2.34,0.0
20200922:2309,0.0,0.0,29.04,1.59,0.0
20200923:0009,0.0,0.0,28.3,1.45,0.0
20200923:0109,0.0,0.0,27.49,2.41,0.0
20200923:0209,0.0,0.0,27.0,2.97,0.0
20200923:0309,0.0,0.0,26.85,3.45,0.0
20200923:0409,0.0,0.0,26.46,4.48,0.0
20200923:0509,0.0,0.0,26.38,5.52,0.0
20200923:0609,76.88,6.85,26.43,5.66,0.0
20200923:0709,204.25,19.35,26.98,0.62,0.0
20200923:0809,602.46,31.39,28.74,2.76,0.0
20200923:0909,687.41,42.44,30.51,4.0,0.0
20200923:1009,759.48,51.52,31.91,2.62,0.0
20200923:1109,213.79,56.88,33.13,1.86,0.0
20200923:1209,934.72,56.63,34.39,2.34,0.0
20200923:1309,707.44,50.88,35.35,2.97,0.0
20200923:1409,425.74,41.58,36.08,3.45,0.0
20200923:1509,525.85,30.42,36.44,3.79,0.0
20200923:1609,233.7,18.33,36.57,4.07,0.0
20200923:1709,36.36,5.81,36.24,3.86,0.0
20200923:1809,0.0,0.0,35.11,2.9,0.0
20200923:1909,0.0,0.0,33.04,2.69,0.0
20200923:2009,0.0,0.0,31.88,2.83,0.0
20200923:2109,0.0,0.0,30.57,3.52,0.0
20200923:2209,0.0,0.0,29.36,4.14,0.0
20200923:2309,0.0,0.0,28.17,4.34,0.0
20200924:0009,0.0,0.0,27.06,4.0,0.0
20200924:0109,0.0,0.0,26.02,3.66,0.0
20200924:0209,0.0,0.0,25.15,3.52,0.0
20200924:0309,0.0,0.0,24.42,3.52,0.0
20200924:0409,0.0,0.0,23.79,3.52,0.0
20200924:0509,0.0,0.0,23.22,3.52,0.0
20200924:0609,71.47,6.72,22.68,3.38,0.0
20200924:0709,312.37,19.2,24.19,2.97,0.0
20200924:0809,561.46,31.21,27.38,3.59,0.0
20200924:0909,755.48,42.22,29.84,3.86,0.0
20200924:1009,930.16,51.23,32.06,3.66,0.0
20200924:1109,1008.43,56.52,34.09,3.24,0.0
20200924:1209,1004.79,56.23,35.75,2.83,0.0
20200924:1309,920.6,50.5,37.03,2.76,0.0
20200924:1409,772.07,41.24,37.86,2.76,0.0
20200924:1509,545.61,30.11,38.28,2.69,0.0
20200924:1609,300.16,18.03,38.36,2.76,0.0
20200924:1709,47.37,5.52,37.97,2.69,0.0
20200924:1809,0.0,0.0,36.33,2.69,0.0
20200924:1909,0.0,0.0,34.89,3.1,0.0
20200924:2009,0.0,0.0,33.74,3.38,0.0
20200924:2109,0.0,0.0,32.56,3.79,0.0
20200924:2209,0.0,0.0,31.8,3.86,0.0
20200924:2309,0.0,0.0,30.94,4.0,0.0
20200925:0009,0.0,0.0,30.17,4.14,0.0
20200925:0109,0.0,0.0,29.56,4.41,0.0
20200925:0209,0.0,0.0,29.05,4.76,0.0
20200925:0309,0.0,0.0,28.77,5.17,0.0
20200925:0409,0.0,0.0,28.15,5.03,0.0
20200925:0509,0.0,0.0,27.01,4.69,0.0
20200925:0609,34.89,6.58,25.97,4.62,0.0
20200925:0709,301.88,19.05,26.79,4.48,0.0
20200925:0809,546.29,31.04,29.61,4.28,0.0
20200925:0909,752.47,42.0,32.65,3.52,0.0
20200925:1009,958.02,50.94,34.92,3.66,0.0
20200925:1109,1031.8,56.15,36.3,4.48,0.0
20200925:1209,993.96,55.83,37.32,4.83,0.0
20200925:1309,921.46,50.12,37.93,4.97,0.0
20200925:1409,772.77,40.9,38.44,5.59,0.0
20200925:1509,547.71,29.79,38.61,6.41,0.0
20200925:1609,291.8,17.74,38.36,6.83,0.0
20200925:1709,42.63,5.23,37.62,6.62,0.0
20200925:1809,0.0,0.0,36.05,5.79,0.0
20200925:1909,0.0,0.0,34.66,5.38,0.0
20200925:2009,0.0,0.0,33.4,5.24,0.0
20200925:2109,0.0,0.0,32.07,5.66,0.0
20200925:2209,0.0,0.0,30.78,6.41,0.0
20200925:2309,0.0,0.0,29.57,7.24,0.0
20200926:0009,0.0,0.0,28.34,7.31,0.0
20200926:0109,0.0,0.0,27.18,7.03,0.0
20200926:0209,0.0,0.0,26.11,6.76,0.0
20200926:0309,0.0,0.0,25.11,6.21,0.0
20200926:0409,0.0,0.0,24.13,5.59,0.0
20200926:0509,0.0,0.0,23.13,5.03,0.0
20200926:0609,25.54,6.44,22.2,4.69,0.0
20200926:0709,234.21,18.9,22.26,4.41,0.0
20200926:0809,561.04,30.86,23.17,5.38,0.0
20200926:0909,744.4,41.77,24.21,4.83,0.0
20200926:1009,955.4,50.64,25.23,4.07,0.0
20200926:1109,999.21,55.78,26.13,3.1,0.0
20200926:1209,932.82,55.43,26.88,2.21,0.0
20200926:1309,983.4,49.75,27.52,1.52,0.0
20200926:1409,822.47,40.55,28.07,1.38,0.0
20200926:1509,531.6,29.48,28.44,1.59,0.0
20200926:1609,303.51,17.44,28.48,1.59,0.0
20200926:1709,53.31,4.95,28.25,1.52,0.0
20200926:1809,0.0,0.0,27.84,1.1,0.0
20200926:1909,0.0,0.0,27.27,0.83,0.0
20200926:2009,0.0,0.0,26.23,0.97,0.0
20200926:2109,0.0,0.0,25.03,2.21,0.0
20200926:2209,0.0,0.0,23.77,2.62,0.0
20200926:2309,0.0,0.0,22.69,2.76,0.0
20200927:0009,0.0,0.0,21.56,2.62,0.0
20200927:0109,0.0,0.0,20.28,2.34,0.0
20200927:0209,0.0,0.0,19.09,2.28,0.0
20200927:0309,0.0,0.0,18.21,2.55,0.0
20200927:0409,0.0,0.0,17.69,3.17,0.0
20200927:0509,0.0,0.0,17.37,3.93,0.0
20200927:0609,81.59,6.31,17.06,4.07,0.0
20200927:0709,315.29,18.75,18.38,3.38,0.0
20200927:0809,553.92,30.68,21.46,3.17,0.0
20200927:0909,739.14,41.54,23.69,2.76,0.0
20200927:1009,929.37,50.35,25.25,2.21,0.0
20200927:1109,972.14,55.41,26.58,1.86,0.0
20200927:1209,917.25,55.03,27.84,2.21,0.0
20200927:1309,895.49,49.37,28.96,2.76,0.0
20200927:1409,745.1,40.21,29.74,3.03,0.0
20200927:1509,537.54,29.16,30.16,3.24,0.0
20200927:1609,280.61,17.15,30.21,3.38,0.0
20200927:1709,39.05,4.66,29.87,3.38,0.0
20200927:1809,0.0,0.0,29.03,2.62,0.0
20200927:1909,0.0,0.0,28.08,2.0,0.0
20200927:2009,0.0,0.0,27.0,1.72,0.0
20200927:2109,0.0,0.0,25.5,1.38,0.0
20200927:2209,0.0,0.0,24.6,1.24,0.0
20200927:2309,0.0,0.0,25.0,0.76,0.0
20200928:0009,0.0,0.0,24.57,0.07,0.0
20200928:0109,0.0,0.0,24.17,0.34,0.0
20200928:0209,0.0,0.0,22.8,1.17,0.0
20200928:0309,0.0,0.0,19.54,2.28,0.0
20200928:0409,0.0,0.0,18.97,3.38,0.0
20200928:0509,0.0,0.0,18.21,4.21,0.0
20200928:0609,62.4,6.17,17.61,4.48,0.0
20200928:0709,324.06,18.6,19.02,4.55,0.0
20200928:0809,574.23,30.49,21.25,5.1,0.0
20200928:0909,756.34,41.31,23.62,5.52,0.0
20200928:1009,961.29,50.05,25.65,5.59,0.0
20200928:1109,1020.79,55.04,27.32,5.38,0.0
20200928:1209,988.06,54.63,28.63,5.17,0.0
20200928:1309,926.59,48.99,29.53,4.9,0.0
20200928:1409,769.14,39.87,30.12,4.83,0.0
20200928:1509,542.85,28.85,30.23,4.97,0.0
20200928:1609,280.89,16.85,29.94,5.24,0.0
20200928:1709,35.09,4.38,29.13,5.17,0.0
20200928:1809,0.0,0.0,27.9,4.34,0.0
20200928:1909,0.0,0.0,26.7,4.21,0.0
20200928:2009,0.0,0.0,25.65,4.21,0.0
20200928:2109,0.0,0.0,24.64,4.21,0.0
20200928:2209,0.0,0.0,23.69,4.0,0.0
20200928:2309,0.0,0.0,22.8,3.86,0.0
20200929:0009,0.0,0.0,21.95,3.59,0.0
20200929:0109,0.0,0.0,21.13,3.45,0.0
20200929:0209,0.0,0.0,20.37,3.45,0.0
20200929:0309,0.0,0.0,19.69,3.45,0.0
20200929:0409,0.0,0.0,19.06,3.38,0.0
20200929:0509,0.0,0.0,18.5,3.38,0.0
20200929:0609,62.89,6.03,18.02,3.24,0.0
20200929:0709,320.9,18.44,19.65,3.24,0.0
20200929:0809,565.16,30.31,22.69,4.0,0.0
20200929:0909,744.24,41.07,25.04,4.83,0.0
20200929:1009,921.92,49.75,27.07,5.1,0.0
20200929:1109,990.57,54.67,28.84,4.97,0.0
20200929:1209,943.05,54.24,30.29,4.69,0.0
20200929:1309,897.7,48.61,31.33,4.28,0.0
20200929:1409,744.42,39.53,32.03,4.0,0.0
20200929:1509,531.55,28.54,32.28,3.79,0.0
20200929:1609,275.06,16.56,32.15,3.79,0.0
20200929:1709,32.32,4.1,31.51,3.72,0.0
20200929:1809,0.0,0.0,30.03,3.1,0.0
20200929:1909,0.0,0.0,28.67,3.38,0.0
20200929:2009,0.0,0.0,27.5,3.24,0.0
20200929:2109,0.0,0.0,26.37,3.03,0.0
20200929:2209,0.0,0.0,25.26,2.76,0.0
20200929:2309,0.0,0.0,24.1,2.41,0.0
20200930:0009,0.0,0.0,22.95,2.28,0.0
20200930:0109,0.0,0.0,21.85,2.07,0.0
20200930:0209,0.0,0.0,21.5,1.79,0.0
20200930:0309,0.0,0.0,22.17,1.38,0.0
20200930:0409,0.0,0.0,22.83,0.9,0.0
20200930:0509,0.0,0.0,22.54,0.62,0.0
20200930:0609,62.27,5.88,22.24,0.62,0.0
20200930:0709,319.82,18.28,23.06,0.34,0.0
20200930:0809,559.83,30.12,24.18,0.83,0.0
20200930:0909,747.24,40.84,27.59,1.79,0.0
20200930:1009,926.57,49.44,29.98,2.83,0.0
20200930:1109,980.35,54.3,32.11,3.66,0.0
20200930:1209,953.01,53.84,33.89,4.28,0.0
20200930:1309,894.96,48.23,35.19,4.55,0.0
20200930:1409,757.16,39.18,36.16,4.76,0.0
20200930:1509,535.12,28.23,36.69,4.83,0.0
20200930:1609,267.62,16.27,36.71,4.9,0.0
20200930:1709,26.98,3.81,36.0,4.07,0.0
20200930:1809,0.0,0.0,34.03,3.45,0.0
20200930:1909,0.0,0.0,32.47,4.0,0.0
20200930:2009,0.0,0.0,31.2,4.48,0.0
20200930:2109,0.0,0.0,30.16,4.97,0.0
20200930:2209,0.0,0.0,29.31,5.24,0.0
20200930:2309,0.0,0.0,28.58,5.38,0.0
20201001:0009,0.0,0.0,27.94,5.52,0.0
20201001:0109,0.0,0.0,27.26,5.38,0.0
20201001:0209,0.0,0.0,26.33,5.38,0.0
20201001:0309,0.0,0.0,25.75,5.45,0.0
20201001:0409,0.0,0.0,25.47,5.52,0.0
20201001:0509,0.0,0.0,24.75,5.38,0.0
20201001:0609,78.36,5.74,23.34,5.24,0.0
20201001:0709,247.59,18.12,24.13,4.62,0.0
20201001:0809,568.83,29.93,26.6,4.69,0.0
20201001:0909,775.1,40.6,29.54,4.69,0.0
20201001:1009,963.25,49.14,31.86,5.03,0.0
20201001:1109,1006.44,53.93,33.41,4.48,0.0
20201001:1209,965.27,53.44,34.46,3.52,0.0
20201001:1309,904.74,47.86,35.01,2.21,0.0
20201001:1409,781.01,38.84,35.27,1.03,0.0
20201001:1509,537.03,27.92,35.54,0.83,0.0
20201001:1609,237.72,15.98,35.54,0.9,0.0
20201001:1709,20.34,3.53,35.24,1.38,0.0
20201001:1809,0.0,0.0,33.92,2.34,0.0
20201001:1909,0.0,0.0,32.45,0.62,0.0
20201001:2009,0.0,0.0,31.39,1.66,0.0
20201001:2109,0.0,0.0,30.16,1.59,0.0
20201001:2209,0.0,0.0,29.2,2.62,0.0
20201001:2309,0.0,0.0,27.82,2.55,0.0
20201002:0009,0.0,0.0,26.34,2.0,0.0
20201002:0109,0.0,0.0,26.42,0.62,0.0
20201002:0209,0.0,0.0,24.79,1.1,0.0
20201002:0309,0.0,0.0,22.38,2.41,0.0
20201002:0409,0.0,0.0,22.18,3.52,0.0
20201002:0509,0.0,0.0,21.79,4.34,0.0
20201002:0609,55.48,5.6,21.21,4.21,0.0
20201002:0709,212.11,17.96,21.95,3.03,0.0
20201002:0809,590.04,29.73,25.0,3.17,0.0
20201002:0909,605.87,40.36,27.63,2.97,0.0
20201002:1009,956.44,48.83,29.74,2.97,0.0
20201002:1109,1011.84,53.56,31.73,3.72,0.0
20201002:1209,955.05,53.04,33.81,5.03,0.0
20201002:1309,934.7,47.48,36.35,7.24,0.0
20201002:1409,752.48,38.5,38.08,9.86,0.0
20201002:1509,518.47,27.61,38.29,11.38,0.0
20201002:1609,303.51,15.69,37.76,10.97,0.0
20201002:1709,20.47,3.26,36.66,8.9,0.0
20201002:1809,0.0,0.0,35.09,7.86,0.0
20201002:1909,0.0,0.0,33.76,7.24,0.0
20201002:2009,0.0,0.0,32.74,7.03,0.0
20201002:2109,0.0,0.0,31.79,7.1,0.0
20201002:2209,0.0,0.0,31.04,7.52,0.0
20201002:2309,0.0,0.0,30.52,7.72,0.0
20201003:0009,0.0,0.0,29.98,7.66,0.0
20201003:0109,0.0,0.0,29.5,7.66,0.0
20201003:0209,0.0,0.0,29.11,7.66,0.0
20201003:0309,0.0,0.0,27.95,6.21,0.0
20201003:0409,0.0,0.0,25.75,5.03,0.0
20201003:0509,0.0,0.0,24.11,4.97,0.0
20201003:0609,44.9,5.45,22.9,4.48,0.0
20201003:0709,286.55,17.8,23.13,3.93,0.0
20201003:0809,467.05,29.54,25.01,4.48,0.0
20201003:0909,793.48,40.11,26.96,4.69,0.0
20201003:1009,926.46,48.52,28.57,3.86,0.0
20201003:1109,972.44,53.19,29.8,2.28,0.0
20201003:1209,891.87,52.65,30.83,0.97,0.0
20201003:1309,878.17,47.11,31.84,1.17,0.0
20201003:1409,752.08,38.16,32.8,2.14,0.0
20201003:1509,390.3,27.3,33.28,2.55,0.0
20201003:1609,298.53,15.4,33.19,2.48,0.0
20201003:1709,27.54,2.98,32.71,1.79,0.0
20201003:1809,0.0,0.0,31.66,0.83,0.0
20201003:1909,0.0,0.0,30.52,0.97,0.0
20201003:2009,0.0,0.0,29.28,1.79,0.0
20201003:2109,0.0,0.0,27.93,2.76,0.0
20201003:2209,0.0,0.0,26.05,4.55,0.0
20201003:2309,0.0,0.0,24.1,5.59,0.0
20201004:0009,0.0,0.0,22.49,5.1,0.0
20201004:0109,0.0,0.0,21.25,4.69,0.0
20201004:0209,0.0,0.0,20.28,4.28,0.0
20201004:0309,0.0,0.0,19.43,3.93,0.0
20201004:0409,0.0,0.0,18.63,3.72,0.0
20201004:0509,0.0,0.0,17.99,3.66,0.0
20201004:0609,69.06,5.3,17.29,3.45,0.0
20201004:0709,334.88,17.63,18.52,3.72,0.0
20201004:0809,549.57,29.34,20.64,4.34,0.0
20201004:0909,714.64,39.87,22.87,4.69,0.0
20201004:1009,980.05,48.21,24.96,5.03,0.0
20201004:1109,1001.79,52.82,26.94,5.17,0.0
20201004:1209,965.21,52.25,28.7,4.97,0.0
20201004:1309,936.24,46.73,30.29,4.55,0.0
20201004:1409,772.99,37.83,31.82,4.69,0.0
20201004:1509,547.49,26.99,33.24,5.52,0.0
20201004:1609,254.43,15.12,34.32,6.28,0.0
20201004:1709,17.41,2.71,34.19,5.52,0.0
20201004:1809,0.0,0.0,32.64,5.59,0.0
20201004:1909,0.0,0.0,30.07,3.72,0.0
20201004:2009,0.0,0.0,28.91,4.41,0.0
20201004:2109,0.0,0.0,27.97,5.17,0.0
20201004:2209,0.0,0.0,27.08,5.72,0.0
20201004:2309,0.0,0.0,26.19,5.79,0.0
20201005:0009,0.0,0.0,25.2,5.45,0.0
20201005:0109,0.0,0.0,24.27,5.17,0.0
20201005:0209,0.0,0.0,23.37,4.97,0.0
20201005:0309,0.0,0.0,22.63,4.83,0.0
20201005:0409,0.0,0.0,21.82,4.76,0.0
20201005:0509,0.0,0.0,20.65,4.55,0.0
20201005:0609,70.47,5.16,19.46,4.14,0.0
20201005:0709,353.74,17.47,20.08,3.38,0.0
20201005:0809,556.62,29.15,22.91,3.38,0.0
20201005:0909,857.66,39.62,25.44,3.45,0.0
20201005:1009,745.11,47.9,27.6,3.1,0.0
20201005:1109,963.08,52.44,29.15,2.21,0.0
20201005:1209,925.41,51.86,30.29,1.66,0.0
20201005:1309,926.71,46.36,31.15,0.69,0.0
20201005:1409,764.78,37.49,31.92,0.62,0.0
20201005:1509,537.01,26.68,32.36,1.1,0.0
20201005:1609,258.51,14.83,32.26,2.0,0.0
20201005:1709,11.76,2.43,31.32,3.79,0.0
20201005:1809,0.0,0.0,29.28,5.03,0.0
20201005:1909,0.0,0.0,27.66,5.03,0.0
20201005:2009,0.0,0.0,26.36,4.48,0.0
20201005:2109,0.0,0.0,25.04,4.21,0.0
20201005:2209,0.0,0.0,23.74,4.55,0.0
20201005:2309,0.0,0.0,22.83,4.76,0.0
20201006:0009,0.0,0.0,21.92,5.1,0.0
20201006:0109,0.0,0.0,21.08,5.59,0.0
20201006:0209,0.0,0.0,20.11,5.93,0.0
20201006:0309,0.0,0.0,19.15,5.72,0.0
20201006:0409,0.0,0.0,18.25,5.38,0.0
20201006:0509,0.0,0.0,17.4,5.1,0.0
20201006:0609,52.61,5.01,16.65,5.1,0.0
20201006:0709,335.7,17.3,17.33,5.79,0.0
20201006:0809,554.93,28.94,19.06,7.1,0.0
20201006:0909,767.06,39.37,20.98,7.31,0.0
20201006:1009,928.13,47.59,22.68,6.97,0.0
20201006:1109,942.87,52.07,24.04,6.34,0.0
20201006:1209,926.46,51.47,25.05,5.72,0.0
20201006:1309,915.48,45.99,25.72,5.38,0.0
20201006:1409,760.05,37.15,26.11,5.1,0.0
20201006:1509,507.81,26.38,26.09,5.03,0.0
20201006:1609,190.85,14.55,25.74,5.03,0.0
20201006:1709,0.0,0.0,24.99,4.97,0.0
20201006:1809,0.0,0.0,23.98,4.14,0.0
20201006:1909,0.0,0.0,23.29,4.07,0.0
20201006:2009,0.0,0.0,22.4,3.72,0.0
20201006:2109,0.0,0.0,21.49,3.38,0.0
20201006:2209,0.0,0.0,20.59,2.97,0.0
20201006:2309,0.0,0.0,19.69,2.69,0.0
20201007:0009,0.0,0.0,18.78,2.55,0.0
20201007:0109,0.0,0.0,17.88,2.48,0.0
20201007:0209,0.0,0.0,17.02,2.48,0.0
20201007:0309,0.0,0.0,16.3,2.62,0.0
20201007:0409,0.0,0.0,15.74,2.9,0.0
20201007:0509,0.0,0.0,15.17,3.24,0.0
20201007:0609,50.75,4.85,14.65,3.38,0.0
20201007:0709,331.44,17.13,16.09,2.97,0.0
20201007:0809,553.93,28.74,19.53,3.31,0.0
20201007:0909,772.82,39.12,21.65,3.72,0.0
20201007:1009,927.9,47.28,22.95,3.45,0.0
20201007:1109,942.77,51.7,24.07,3.24,0.0
20201007:1209,934.26,51.08,25.0,3.17,0.0
20201007:1309,920.53,45.62,25.7,2.97,0.0
20201007:1409,741.74,36.82,26.2,2.83,0.0
20201007:1509,468.29,26.08,26.42,2.76,0.0
20201007:1609,254.69,14.27,26.29,2.69,0.0
20201007:1709,0.0,0.0,25.82,2.34,0.0
20201007:1809,0.0,0.0,24.96,1.72,0.0
20201007:1909,0.0,0.0,24.15,2.07,0.0
20201007:2009,0.0,0.0,23.06,2.28,0.0
20201007:2109,0.0,0.0,21.88,2.21,0.0
20201007:2209,0.0,0.0,20.5,1.79,0.0
20201007:2309,0.0,0.0,20.41,1.1,0.0
20201008:0009,0.0,0.0,20.6,0.69,0.0
20201008:0109,0.0,0.0,19.87,1.1,0.0
20201008:0209,0.0,0.0,17.11,1.93,0.0
20201008:0309,0.0,0.0,15.86,2.62,0.0
20201008:0409,0.0,0.0,15.01,2.83,0.0
20201008:0509,0.0,0.0,14.32,2.83,0.0
20201008:0609,59.49,4.7,13.87,2.9,0.0
20201008:0709,346.8,16.96,15.15,2.41,0.0
20201008:0809,566.02,28.54,19.61,2.55,0.0
20201008:0909,769.97,38.87,22.5,3.17,0.0
20201008:1009,938.45,46.97,24.32,4.07,0.0
20201008:1109,969.18,51.33,25.73,4.55,0.0
20201008:1209,914.85,50.69,26.78,4.62,0.0
20201008:1309,910.4,45.26,27.48,4.62,0.0
20201008:1409,709.36,36.49,27.9,4.69,0.0
20201008:1509,517.22,25.78,27.95,4.76,0.0
20201008:1609,257.59,13.99,27.58,4.83,0.0
20201008:1709,0.0,0.0,26.76,4.48,0.0
20201008:1809,0.0,0.0,25.45,3.79,0.0
20201008:1909,0.0,0.0,24.29,3.86,0.0
20201008:2009,0.0,0.0,23.17,3.52,0.0
20201008:2109,0.0,0.0,22.06,3.24,0.0
20201008:2209,0.0,0.0,21.01,2.83,0.0
20201008:2309,0.0,0.0,19.9,2.55,0.0
20201009:0009,0.0,0.0,18.81,2.41,0.0
20201009:0109,0.0,0.0,17.84,2.48,0.0
20201009:0209,0.0,0.0,17.06,2.76,0.0
20201009:0309,0.0,0.0,16.36,2.97,0.0
20201009:0409,0.0,0.0,15.75,3.17,0.0
20201009:0509,0.0,0.0,15.18,3.31,0.0
20201009:0609,39.71,4.55,14.68,3.38,0.0
20201009:0709,329.86,16.78,15.88,2.9,0.0
20201009:0809,550.01,28.33,19.79,3.31,0.0
20201009:0909,763.08,38.62,22.23,4.07,0.0
20201009:1009,922.51,46.65,23.91,4.62,0.0
20201009:1109,935.21,50.96,25.23,4.9,0.0
20201009:1209,910.59,50.3,26.28,4.76,0.0
20201009:1309,880.3,44.89,27.03,4.69,0.0
20201009:1409,733.83,36.16,27.47,4.69,0.0
20201009:1509,525.17,25.48,27.53,4.62,0.0
20201009:1609,253.72,13.71,27.19,4.62,0.0
20201009:1709,0.0,0.0,26.4,4.28,0.0
20201009:1809,0.0,0.0,25.17,3.59,0.0
20201009:1909,0.0,0.0,24.09,3.66,0.0
20201009:2009,0.0,0.0,23.02,3.52,0.0
20201009:2109,0.0,0.0,21.98,3.24,0.0
20201009:2209,0.0,0.0,20.98,2.97,0.0
20201009:2309,0.0,0.0,19.92,2.48,0.0
20201010:0009,0.0,0.0,18.73,2.14,0.0
20201010:0109,0.0,0.0,17.74,1.93,0.0
20201010:0209,0.0,0.0,16.9,2.07,0.0
20201010:0309,0.0,0.0,16.14,2.34,0.0
20201010:0409,0.0,0.0,15.55,2.76,0.0
20201010:0509,0.0,0.0,14.98,3.03,0.0
20201010:0609,39.37,4.39,14.32,3.03,0.0
20201010:0709,324.88,16.61,15.24,2.41,0.0
20201010:0809,552.78,28.12,19.59,2.21,0.0
20201010:0909,771.82,38.36,22.43,2.48,0.0
20201010:1009,905.28,46.34,24.15,2.62,0.0
20201010:1109,932.15,50.6,25.66,2.69,0.0
20201010:1209,914.44,49.92,26.86,2.55,0.0
20201010:1309,881.34,44.53,27.72,2.34,0.0
20201010:1409,734.71,35.83,28.25,2.0,0.0
20201010:1509,520.66,25.18,28.47,1.86,0.0
20201010:1609,255.68,13.44,28.33,1.79,0.0
20201010:1709,0.0,0.0,27.86,1.79,0.0
20201010:1809,0.0,0.0,26.75,2.14,0.0
20201010:1909,0.0,0.0,25.72,2.48,0.0
20201010:2009,0.0,0.0,24.5,2.69,0.0
20201010:2109,0.0,0.0,23.34,2.76,0.0
20201010:2209,0.0,0.0,22.26,2.62,0.0
20201010:2309,0.0,0.0,21.25,2.62,0.0
20201011:0009,0.0,0.0,20.37,2.83,0.0
20201011:0109,0.0,0.0,19.61,3.03,0.0
20201011:0209,0.0,0.0,18.96,3.31,0.0
20201011:0309,0.0,0.0,18.46,3.52,0.0
20201011:0409,0.0,0.0,18.07,3.79,0.0
20201011:0509,0.0,0.0,17.77,4.0,0.0
20201011:0609,33.71,4.24,17.49,4.21,0.0
20201011:0709,310.16,16.43,19.41,4.34,0.0
20201011:0809,560.82,27.91,22.89,4.55,0.0
20201011:0909,771.91,38.1,26.2,4.97,0.0
20201011:1009,893.62,46.02,28.68,5.45,0.0
20201011:1109,852.95,50.23,30.46,6.07,0.0
20201011:1209,0.0,0.0,31.77,6.62,0.0
20201011:1309,895.3,44.17,32.65,7.1,0.0
20201011:1409,748.94,35.51,33.18,7.59,0.0
20201011:1509,453.24,24.89,33.3,7.79,0.0
20201011:1609,241.87,13.17,33.04,7.72,0.0
20201011:1709,0.0,0.0,32.13,6.07,0.0
20201011:1809,0.0,0.0,30.45,4.83,0.0
20201011:1909,0.0,0.0,28.92,3.17,0.0
20201011:2009,0.0,0.0,27.56,4.07,0.0
20201011:2109,0.0,0.0,26.59,6.34,0.0
20201011:2209,0.0,0.0,25.19,6.83,0.0
20201011:2309,0.0,0.0,24.07,5.93,0.0
20201012:0009,0.0,0.0,22.89,5.03,0.0
20201012:0109,0.0,0.0,21.87,5.1,0.0
20201012:0209,0.0,0.0,20.81,5.72,0.0
20201012:0309,0.0,0.0,19.8,6.34,0.0
20201012:0409,0.0,0.0,18.76,6.69,0.0
20201012:0509,0.0,0.0,17.76,6.97,0.0
20201012:0609,38.82,4.08,16.79,6.83,0.0
20201012:0709,321.55,16.25,16.95,6.34,0.0
20201012:0809,558.36,27.7,17.93,8.07,0.0
20201012:0909,784.35,37.85,19.17,8.48,0.0
20201012:1009,905.27,45.7,20.4,8.28,0.0
20201012:1109,945.16,49.86,21.51,7.59,0.0
20201012:1209,1001.64,49.15,22.5,6.83,0.0
20201012:1309,907.61,43.81,23.18,6.28,0.0
20201012:1409,745.17,35.18,23.53,6.07,0.0
20201012:1509,511.63,24.6,23.49,5.72,0.0
20201012:1609,238.91,12.9,23.09,5.17,0.0
20201012:1709,0.0,0.0,22.38,4.0,0.0
20201012:1809,0.0,0.0,21.2,2.62,0.0
20201012:1909,0.0,0.0,20.27,2.0,0.0
20201012:2009,0.0,0.0,19.08,2.0,0.0
20201012:2109,0.0,0.0,17.9,2.41,0.0
20201012:2209,0.0,0.0,16.86,2.9,0.0
20201012:2309,0.0,0.0,15.79,3.03,0.0
20201013:0009,0.0,0.0,14.69,2.76,0.0
20201013:0109,0.0,0.0,13.64,2.41,0.0
20201013:0209,0.0,0.0,12.72,2.41,0.0
20201013:0309,0.0,0.0,11.85,2.21,0.0
20201013:0409,0.0,0.0,11.64,1.86,0.0
20201013:0509,0.0,0.0,11.98,1.59,0.0
20201013:0609,32.85,3.92,12.94,1.24,0.0
20201013:0709,309.96,16.07,13.54,1.03,0.0
20201013:0809,565.88,27.49,15.01,1.86,0.0
20201013:0909,783.46,37.59,17.65,3.31,0.0
20201013:1009,906.01,45.39,19.43,3.93,0.0
20201013:1109,937.96,49.5,21.02,4.0,0.0
20201013:1209,949.52,48.78,22.44,4.21,0.0
20201013:1309,899.08,43.45,23.63,4.76,0.0
20201013:1409,736.22,34.86,24.47,5.03,0.0
20201013:1509,520.18,24.31,24.88,5.03,0.0
20201013:1609,249.05,12.63,24.79,4.9,0.0
20201013:1709,0.0,0.0,24.05,4.21,0.0
20201013:1809,0.0,0.0,22.54,3.93,0.0
20201013:1909,0.0,0.0,21.38,4.55,0.0
20201013:2009,0.0,0.0,20.4,5.03,0.0
20201013:2109,0.0,0.0,19.6,5.31,0.0
20201013:2209,0.0,0.0,18.89,5.24,0.0
20201013:2309,0.0,0.0,18.23,5.03,0.0
20201014:0009,0.0,0.0,17.65,4.97,0.0
20201014:0109,0.0,0.0,17.13,4.9,0.0
20201014:0209,0.0,0.0,16.66,4.83,0.0
20201014:0309,0.0,0.0,16.22,4.76,0.0
20201014:0409,0.0,0.0,15.83,4.69,0.0
20201014:0509,0.0,0.0,15.46,4.69,0.0
20201014:0609,29.0,3.76,15.09,4.55,0.0
20201014:0709,303.52,15.89,16.08,4.9,0.0
20201014:0809,559.96,27.27,18.75,5.66,0.0
20201014:0909,782.55,37.32,21.38,6.76,0.0
20201014:1009,911.04,45.07,23.7,7.24,0.0
20201014:1109,1004.13,49.13,25.66,7.66,0.0
20201014:1209,1006.64,48.4,27.29,7.86,0.0
20201014:1309,922.84,43.1,28.57,8.07,0.0
20201014:1409,749.77,34.54,29.43,8.14,0.0
20201014:1509,511.28,24.02,29.83,8.14,0.0
20201014:1609,230.15,12.37,29.72,7.93,0.0
20201014:1709,0.0,0.0,28.66,6.28,0.0
20201014:1809,0.0,0.0,26.99,4.76,0.0
20201014:1909,0.0,0.0,25.89,4.28,0.0
20201014:2009,0.0,0.0,24.63,4.41,0.0
20201014:2109,0.0,0.0,23.53,3.93,0.0
20201014:2209,0.0,0.0,22.23,3.1,0.0
20201014:2309,0.0,0.0,20.85,3.1,0.0
20201015:0009,0.0,0.0,19.8,4.34,0.0
20201015:0109,0.0,0.0,19.71,7.1,0.0
20201015:0209,0.0,0.0,19.02,8.41,0.0
20201015:0309,0.0,0.0,18.11,7.86,0.0
20201015:0409,0.0,0.0,17.45,7.17,0.0
20201015:0509,0.0,0.0,16.79,6.69,0.0
20201015:0609,25.9,3.59,16.06,6.21,0.0
20201015:0709,312.61,15.71,16.7,5.72,0.0
20201015:0809,566.86,27.06,18.32,6.28,0.0
20201015:0909,785.8,37.06,19.93,6.41,0.0
20201015:1009,914.12,44.75,21.57,5.86,0.0
20201015:1109,1007.21,48.77,23.11,5.38,0.0
20201015:1209,988.06,48.02,24.32,4.83,0.0
20201015:1309,912.82,42.75,25.15,4.21,0.0
20201015:1409,741.12,34.23,25.61,3.45,0.0
20201015:1509,504.21,23.74,25.69,2.83,0.0
20201015:1609,241.36,12.11,25.42,2.21,0.0
20201015:1709,0.0,0.0,24.78,1.79,0.0
20201015:1809,0.0,0.0,23.65,2.0,0.0
20201015:1909,0.0,0.0,22.48,1.93,0.0
20201015:2009,0.0,0.0,21.15,2.0,0.0
20201015:2109,0.0,0.0,19.73,2.07,0.0
20201015:2209,0.0,0.0,18.51,2.14,0.0
20201015:2309,0.0,0.0,17.48,2.28,0.0
20201016:0009,0.0,0.0,16.52,2.34,0.0
20201016:0109,0.0,0.0,15.56,2.55,0.0
20201016:0209,0.0,0.0,14.75,3.31,0.0
20201016:0309,0.0,0.0,13.89,3.72,0.0
20201016:0409,0.0,0.0,13.24,3.79,0.0
20201016:0509,0.0,0.0,12.68,3.86,0.0
20201016:0609,28.14,3.43,12.23,4.21,0.0
20201016:0709,307.78,15.52,13.27,4.0,0.0
20201016:0809,561.76,26.84,16.02,4.9,0.0
20201016:0909,761.52,36.8,18.54,5.79,0.0
20201016:1009,850.41,44.43,20.46,6.0,0.0
20201016:1109,885.77,48.41,21.78,5.45,0.0
20201016:1209,1074.91,47.65,22.69,4.83,0.0
20201016:1309,962.89,42.4,23.37,4.48,0.0
20201016:1409,721.58,33.92,23.76,4.34,0.0
20201016:1509,513.67,23.45,23.84,4.28,0.0
20201016:1609,243.2,11.85,23.56,4.21,0.0
20201016:1709,0.0,0.0,22.85,3.66,0.0
20201016:1809,0.0,0.0,21.65,3.1,0.0
20201016:1909,0.0,0.0,20.63,2.76,0.0
20201016:2009,0.0,0.0,19.51,2.97,0.0
20201016:2109,0.0,0.0,18.33,3.24,0.0
20201016:2209,0.0,0.0,17.18,3.31,0.0
20201016:2309,0.0,0.0,16.09,2.9,0.0
20201017:0009,0.0,0.0,14.9,2.28,0.0
20201017:0109,0.0,0.0,13.74,2.0,0.0
20201017:0209,0.0,0.0,12.9,2.34,0.0
20201017:0309,0.0,0.0,12.16,2.62,0.0
20201017:0409,0.0,0.0,11.59,2.9,0.0
20201017:0509,0.0,0.0,11.1,3.1,0.0
20201017:0609,21.93,3.27,10.71,3.24,0.0
20201017:0709,299.43,15.33,11.8,3.31,0.0
20201017:0809,563.66,26.62,15.37,3.66,0.0
20201017:0909,794.38,36.53,17.98,4.21,0.0
20201017:1009,889.8,44.12,19.51,4.21,0.0
20201017:1109,789.67,48.05,20.8,3.86,0.0
20201017:1209,932.02,47.28,21.89,3.52,0.0
20201017:1309,854.26,42.05,22.66,3.03,0.0
20201017:1409,717.14,33.61,23.09,2.76,0.0
20201017:1509,464.46,23.18,23.22,2.69,0.0
20201017:1609,171.11,11.59,22.99,2.97,0.0
20201017:1709,0.0,0.0,22.32,3.03,0.0
20201017:1809,0.0,0.0,21.15,3.1,0.0
20201017:1909,0.0,0.0,20.1,3.45,0.0
20201017:2009,0.0,0.0,19.09,3.59,0.0
20201017:2109,0.0,0.0,18.08,3.52,0.0
20201017:2209,0.0,0.0,17.16,3.31,0.0
20201017:2309,0.0,0.0,16.2,2.9,0.0
20201018:0009,0.0,0.0,15.21,2.55,0.0
20201018:0109,0.0,0.0,14.09,2.14,0.0
20201018:0209,0.0,0.0,13.25,1.93,0.0
20201018:0309,0.0,0.0,12.52,2.07,0.0
20201018:0409,0.0,0.0,11.73,2.34,0.0
20201018:0509,0.0,0.0,11.14,2.55,0.0
20201018:0609,20.36,3.1,10.56,2.62,0.0
20201018:0709,315.18,15.15,11.18,2.34,0.0
20201018:0809,570.43,26.4,15.22,2.34,0.0
20201018:0909,772.48,36.27,17.99,3.1,0.0
20201018:1009,899.37,43.8,19.84,3.59,0.0
20201018:1109,968.04,47.69,21.3,3.66,0.0
20201018:1209,947.6,46.92,22.3,3.31,0.0
20201018:1309,888.21,41.71,22.97,2.69,0.0
20201018:1409,735.58,33.3,23.31,2.34,0.0
20201018:1509,510.76,22.9,23.44,2.21,0.0
20201018:1609,238.96,11.34,23.23,2.28,0.0
20201018:1709,0.0,0.0,22.62,2.41,0.0
20201018:1809,0.0,0.0,21.38,2.69,0.0
20201018:1909,0.0,0.0,20.14,2.9,0.0
20201018:2009,0.0,0.0,19.06,3.03,0.0
20201018:2109,0.0,0.0,18.01,3.03,0.0
20201018:2209,0.0,0.0,17.02,2.9,0.0
20201018:2309,0.0,0.0,15.98,2.62,0.0
20201019:0009,0.0,0.0,14.86,2.21,0.0
20201019:0109,0.0,0.0,14.37,1.59,0.0
20201019:0209,0.0,0.0,15.66,0.9,0.0
20201019:0309,0.0,0.0,15.45,0.41,0.0
20201019:0409,0.0,0.0,15.15,0.34,0.0
20201019:0509,0.0,0.0,14.85,0.48,0.0
20201019:0609,19.77,2.93,14.56,0.48,0.0
20201019:0709,307.92,14.96,14.41,0.14,0.0
20201019:0809,565.59,26.18,16.02,0.0,0.0
20201019:0909,755.01,36.0,18.13,0.83,0.0
20201019:1009,900.69,43.48,20.05,2.07,0.0
20201019:1109,984.89,47.33,21.49,3.03,0.0
20201019:1209,956.11,46.55,22.51,3.52,0.0
20201019:1309,875.34,41.37,23.15,3.66,0.0
20201019:1409,735.18,33.0,23.52,3.59,0.0
20201019:1509,504.21,22.63,23.55,3.52,0.0
20201019:1609,227.79,11.1,23.19,3.38,0.0
20201019:1709,0.0,0.0,22.37,2.97,0.0
20201019:1809,0.0,0.0,21.11,2.83,0.0
20201019:1909,0.0,0.0,20.24,2.9,0.0
20201019:2009,0.0,0.0,19.17,2.76,0.0
20201019:2109,0.0,0.0,18.07,2.62,0.0
20201019:2209,0.0,0.0,16.84,2.21,0.0
20201019:2309,0.0,0.0,15.84,1.66,0.0
20201020:0009,0.0,0.0,15.69,1.45,0.0
20201020:0109,0.0,0.0,14.75,1.66,0.0
20201020:0209,0.0,0.0,13.63,1.93,0.0
20201020:0309,0.0,0.0,12.69,2.14,0.0
20201020:0409,0.0,0.0,12.02,2.28,0.0
20201020:0509,0.0,0.0,11.59,2.28,0.0
20201020:0609,15.77,2.76,11.3,2.21,0.0
20201020:0709,325.38,14.77,12.14,2.07,0.0
20201020:0809,579.72,25.95,15.13,2.34,0.0
20201020:0909,765.04,35.73,18.65,3.59,0.0
20201020:1009,926.06,43.17,20.5,4.48,0.0
20201020:1109,973.62,46.98,21.85,4.9,0.0
20201020:1209,968.74,46.19,22.86,4.97,0.0
20201020:1309,879.65,41.04,23.59,5.1,0.0
20201020:1409,727.32,32.7,23.93,5.17,0.0
20201020:1509,511.92,22.36,23.92,5.24,0.0
20201020:1609,230.99,10.85,23.44,5.38,0.0
20201020:1709,0.0,0.0,22.3,4.55,0.0
20201020:1809,0.0,0.0,20.88,4.21,0.0
20201020:1909,0.0,0.0,20.0,4.21,0.0
20201020:2009,0.0,0.0,18.97,4.28,0.0
20201020:2109,0.0,0.0,18.02,4.21,0.0
20201020:2209,0.0,0.0,17.09,3.93,0.0
20201020:2309,0.0,0.0,16.2,3.52,0.0
20201021:0009,0.0,0.0,15.32,3.24,0.0
20201021:0109,0.0,0.0,14.49,3.31,0.0
20201021:0209,0.0,0.0,13.83,3.66,0.0
20201021:0309,0.0,0.0,13.3,3.93,0.0
20201021:0409,0.0,0.0,12.78,3.79,0.0
20201021:0509,0.0,0.0,12.22,3.66,0.0
20201021:0609,12.19,2.59,11.72,3.86,0.0
20201021:0709,300.04,14.57,12.75,3.86,0.0
20201021:0809,563.73,25.73,15.74,4.55,0.0
20201021:0909,748.83,35.47,18.47,5.45,0.0
20201021:1009,928.4,42.85,20.78,6.0,0.0
20201021:1109,977.6,46.62,22.69,6.34,0.0
20201021:1209,985.47,45.83,24.03,6.55,0.0
20201021:1309,881.76,40.7,24.9,6.69,0.0
20201021:1409,741.96,32.4,25.29,6.97,0.0
20201021:1509,490.72,22.1,25.17,7.17,0.0
20201021:1609,205.51,10.61,24.5,7.17,0.0
20201021:1709,0.0,0.0,23.25,6.0,0.0
20201021:1809,0.0,0.0,21.95,5.66,0.0
20201021:1909,0.0,0.0,21.11,5.79,0.0
20201021:2009,0.0,0.0,20.22,5.52,0.0
20201021:2109,0.0,0.0,19.39,5.17,0.0
20201021:2209,0.0,0.0,18.59,4.9,0.0
20201021:2309,0.0,0.0,17.87,4.76,0.0
20201022:0009,0.0,0.0,17.24,4.83,0.0
20201022:0109,0.0,0.0,16.7,4.97,0.0
20201022:0209,0.0,0.0,16.23,5.03,0.0
20201022:0309,0.0,0.0,15.77,5.17,0.0
20201022:0409,0.0,0.0,15.33,5.24,0.0
20201022:0509,0.0,0.0,14.84,5.17,0.0
20201022:0609,8.51,2.42,14.32,5.1,0.0
20201022:0709,300.89,14.38,15.07,4.9,0.0
20201022:0809,528.93,25.5,17.16,5.59,0.0
20201022:0909,746.92,35.2,19.28,6.0,0.0
20201022:1009,877.94,42.54,21.27,5.79,0.0
20201022:1109,990.42,46.27,23.11,5.52,0.0
20201022:1209,953.98,45.48,24.61,4.97,0.0
20201022:1309,946.18,40.38,25.79,4.28,0.0
20201022:1409,581.81,32.11,26.5,3.72,0.0
20201022:1509,514.95,21.84,26.82,3.59,0.0
20201022:1609,225.01,10.38,26.5,3.45,0.0
20201022:1709,0.0,0.0,25.29,2.97,0.0
20201022:1809,0.0,0.0,23.76,2.97,0.0
20201022:1909,0.0,0.0,22.78,2.62,0.0
20201022:2009,0.0,0.0,21.61,2.48,0.0
20201022:2109,0.0,0.0,20.49,2.41,0.0
20201022:2209,0.0,0.0,19.46,2.48,0.0
20201022:2309,0.0,0.0,18.5,2.55,0.0
20201023:0009,0.0,0.0,17.7,2.69,0.0
20201023:0109,0.0,0.0,16.97,2.9,0.0
20201023:0209,0.0,0.0,16.34,3.17,0.0
20201023:0309,0.0,0.0,15.76,3.45,0.0
20201023:0409,0.0,0.0,15.3,3.66,0.0
20201023:0509,0.0,0.0,14.94,3.66,0.0
20201023:0609,0.0,0.0,14.65,3.66,0.0
20201023:0709,308.01,14.19,15.66,3.31,0.0
20201023:0809,531.23,25.28,19.32,2.97,0.0
20201023:0909,731.65,34.93,23.17,2.97,0.0
20201023:1009,916.5,42.22,25.69,2.69,0.0
20201023:1109,971.75,45.92,27.61,2.21,0.0
20201023:1209,972.48,45.13,28.99,1.66,0.0
20201023:1309,868.45,40.05,29.96,1.17,0.0
20201023:1409,702.68,31.82,30.53,0.97,0.0
20201023:1509,475.4,21.58,30.7,0.76,0.0
20201023:1609,194.88,10.15,30.53,0.9,0.0
20201023:1709,0.0,0.0,29.85,1.38,0.0
20201023:1809,0.0,0.0,28.51,1.86,0.0
20201023:1909,0.0,0.0,27.24,1.59,0.0
20201023:2009,0.0,0.0,25.5,1.1,0.0
20201023:2109,0.0,0.0,25.24,0.62,0.0
20201023:2209,0.0,0.0,23.1,1.45,0.0
20201023:2309,0.0,0.0,21.81,2.55,0.0
20201024:0009,0.0,0.0,20.91,3.79,0.0
20201024:0109,0.0,0.0,20.27,5.38,0.0
20201024:0209,0.0,0.0,19.8,6.14,0.0
20201024:0309,0.0,0.0,19.29,6.0,0.0
20201024:0409,0.0,0.0,18.78,5.66,0.0
20201024:0509,0.0,0.0,18.29,5.17,0.0
20201024:0609,0.0,0.0,17.74,4.62,0.0
20201024:0709,281.1,13.99,18.59,4.48,0.0
20201024:0809,545.93,25.05,20.89,4.55,0.0
20201024:0909,723.24,34.66,23.4,4.83,0.0
20201024:1009,900.21,41.91,25.41,4.41,0.0
20201024:1109,1005.29,45.58,26.8,3.66,0.0
20201024:1209,963.53,44.78,27.68,3.24,0.0
20201024:1309,859.08,39.73,28.3,3.38,0.0
20201024:1409,606.19,31.53,28.53,3.93,0.0
20201024:1509,473.97,21.33,28.43,4.21,0.0
20201024:1609,127.96,9.92,27.64,4.76,0.0
20201024:1709,0.0,0.0,26.09,4.76,0.0
20201024:1809,0.0,0.0,25.04,3.17,0.0
20201024:1909,0.0,0.0,24.33,1.86,0.0
20201024:2009,0.0,0.0,23.67,2.07,0.0
20201024:2109,0.0,0.0,22.72,2.9,0.0
20201024:2209,0.0,0.0,21.84,2.9,0.0
20201024:2309,0.0,0.0,20.95,2.9,0.0
20201025:0009,0.0,0.0,20.05,3.31,0.0
20201025:0109,0.0,0.0,19.24,3.38,0.0
20201025:0209,0.0,0.0,18.69,3.24,0.0
20201025:0309,0.0,0.0,18.05,3.03,0.0
20201025:0409,0.0,0.0,17.36,3.03,0.0
20201025:0509,0.0,0.0,16.59,3.24,0.0
20201025:0609,0.0,0.0,15.83,3.38,0.0
20201025:0709,302.45,13.79,16.42,3.1,0.0
20201025:0809,566.98,24.82,18.44,3.1,0.0
20201025:0909,742.48,34.39,20.65,3.24,0.0
20201025:1009,915.09,41.6,22.27,3.1,0.0
20201025:1109,970.1,45.24,23.49,2.55,0.0
20201025:1209,1014.16,44.44,24.39,1.86,0.0
20201025:1309,906.22,39.41,25.0,0.9,0.0
20201025:1409,723.28,31.25,25.4,0.07,0.0
20201025:1509,447.9,21.08,25.64,0.55,0.0
20201025:1609,134.0,9.69,25.62,0.83,0.0
20201025:1709,0.0,0.0,25.18,0.76,0.0
20201025:1809,0.0,0.0,24.19,1.38,0.0
20201025:1909,0.0,0.0,23.07,1.52,0.0
20201025:2009,0.0,0.0,21.79,1.66,0.0
20201025:2109,0.0,0.0,20.4,1.79,0.0
20201025:2209,0.0,0.0,19.14,2.0,0.0
20201025:2309,0.0,0.0,18.19,2.55,0.0
20201026:0009,0.0,0.0,17.33,2.9,0.0
20201026:0109,0.0,0.0,16.52,3.03,0.0
20201026:0209,0.0,0.0,15.77,3.17,0.0
20201026:0309,0.0,0.0,15.07,3.31,0.0
20201026:0409,0.0,0.0,14.44,3.38,0.0
20201026:0509,0.0,0.0,13.92,3.52,0.0
20201026:0609,0.0,0.0,13.49,3.66,0.0
20201026:0709,287.51,13.6,14.15,3.45,0.0
20201026:0809,557.59,24.59,17.59,3.24,0.0
20201026:0909,773.21,34.13,21.06,3.72,0.0
20201026:1009,915.0,41.29,23.41,4.48,0.0
20201026:1109,962.39,44.9,25.14,5.38,0.0
20201026:1209,971.0,44.1,26.25,5.86,0.0
20201026:1309,851.89,39.1,26.93,6.07,0.0
20201026:1409,705.4,30.97,27.27,6.0,0.0
20201026:1509,499.63,20.83,27.26,5.86,0.0
20201026:1609,190.77,9.47,26.83,5.66,0.0
20201026:1709,0.0,0.0,25.65,4.34,0.0
20201026:1809,0.0,0.0,24.2,3.93,0.0
20201026:1909,0.0,0.0,22.91,3.86,0.0
20201026:2009,0.0,0.0,21.78,4.0,0.0
20201026:2109,0.0,0.0,20.77,4.34,0.0
20201026:2209,0.0,0.0,19.85,5.1,0.0
20201026:2309,0.0,0.0,18.81,7.52,0.0
20201027:0009,0.0,0.0,17.08,8.14,0.0
20201027:0109,0.0,0.0,15.88,6.9,0.0
20201027:0209,0.0,0.0,15.19,6.21,0.0
20201027:0309,0.0,0.0,14.6,5.93,0.0
20201027:0409,0.0,0.0,13.96,6.0,0.0
20201027:0509,0.0,0.0,13.15,6.14,0.0
20201027:0609,0.0,0.0,12.26,5.86,0.0
20201027:0709,300.32,13.4,11.87,5.52,0.0
20201027:0809,570.97,24.36,13.14,6.69,0.0
20201027:0909,757.54,33.86,14.9,6.83,0.0
20201027:1009,918.0,40.98,16.6,6.21,0.0
20201027:1109,996.42,44.56,18.04,5.59,0.0
20201027:1209,959.03,43.76,19.08,4.69,0.0
20201027:1309,889.55,38.79,19.81,3.79,0.0
20201027:1409,697.23,30.7,20.17,2.97,0.0
20201027:1509,492.88,20.59,20.22,2.21,0.0
20201027:1609,203.17,9.26,19.95,1.59,0.0
20201027:1709,0.0,0.0,19.41,1.1,0.0
20201027:1809,0.0,0.0,18.62,1.03,0.0
20201027:1909,0.0,0.0,17.76,0.55,0.0
20201027:2009,0.0,0.0,17.19,0.14,0.0
20201027:2109,0.0,0.0,16.59,0.69,0.0
20201027:2209,0.0,0.0,14.73,1.45,0.0
20201027:2309,0.0,0.0,12.78,2.07,0.0
20201028:0009,0.0,0.0,11.56,2.62,0.0
20201028:0109,0.0,0.0,10.75,2.97,0.0
20201028:0209,0.0,0.0,9.79,3.03,0.0
20201028:0309,0.0,0.0,8.89,3.1,0.0
20201028:0409,0.0,0.0,8.06,3.17,0.0
20201028:0509,0.0,0.0,7.43,3.31,0.0
20201028:0609,0.0,0.0,7.14,3.45,0.0
20201028:0709,296.84,13.2,7.78,2.83,0.0
20201028:0809,553.32,24.13,11.69,2.34,0.0
20201028:0909,736.42,33.59,16.33,1.93,0.0
20201028:1009,902.4,40.67,18.66,1.45,0.0
20201028:1109,963.52,44.22,19.99,1.1,0.0
20201028:1209,948.63,43.43,21.0,1.45,0.0
20201028:1309,839.21,38.48,21.77,1.72,0.0
20201028:1409,688.16,30.43,22.2,1.66,0.0
20201028:1509,491.14,20.35,22.32,1.38,0.0
20201028:1609,201.68,9.05,22.13,0.97,0.0
20201028:1709,0.0,0.0,21.56,0.55,0.0
20201028:1809,0.0,0.0,20.44,0.97,0.0
20201028:1909,0.0,0.0,19.18,1.72,0.0
20201028:2009,0.0,0.0,17.75,1.93,0.0
20201028:2109,0.0,0.0,16.42,2.07,0.0
20201028:2209,0.0,0.0,15.14,2.0,0.0
20201028:2309,0.0,0.0,14.43,1.52,0.0
20201029:0009,0.0,0.0,15.08,0.97,0.0
20201029:0109,0.0,0.0,15.02,0.76,0.0
20201029:0209,0.0,0.0,12.87,1.59,0.0
20201029:0309,0.0,0.0,10.69,2.48,0.0
20201029:0409,0.0,0.0,9.97,2.83,0.0
20201029:0509,0.0,0.0,9.38,2.97,0.0
20201029:0609,0.0,0.0,8.95,2.97,0.0
20201029:0709,293.84,13.0,9.53,2.69,0.0
20201029:0809,536.47,23.9,13.28,2.41,0.0
20201029:0909,735.3,33.32,17.38,3.17,0.0
20201029:1009,908.12,40.36,19.2,4.28,0.0
20201029:1109,970.61,43.89,20.29,4.9,0.0
20201029:1209,963.22,43.1,21.16,5.17,0.0
20201029:1309,858.5,38.18,21.76,5.24,0.0
20201029:1409,697.83,30.16,22.0,5.1,0.0
20201029:1509,476.07,20.12,21.88,5.03,0.0
20201029:1609,189.8,8.84,21.29,4.83,0.0
20201029:1709,0.0,0.0,20.11,3.79,0.0
20201029:1809,0.0,0.0,18.78,3.31,0.0
20201029:1909,0.0,0.0,17.83,3.17,0.0
20201029:2009,0.0,0.0,16.8,3.03,0.0
20201029:2109,0.0,0.0,15.78,2.9,0.0
20201029:2209,0.0,0.0,14.82,2.83,0.0
20201029:2309,0.0,0.0,13.9,2.83,0.0
20201030:0009,0.0,0.0,13.05,2.9,0.0
20201030:0109,0.0,0.0,12.18,2.76,0.0
20201030:0209,0.0,0.0,11.32,2.48,0.0
20201030:0309,0.0,0.0,10.64,2.55,0.0
20201030:0409,0.0,0.0,10.23,3.1,0.0
20201030:0509,0.0,0.0,9.57,3.24,0.0
20201030:0609,0.0,0.0,8.91,3.03,0.0
20201030:0709,292.58,12.8,9.18,2.62,0.0
20201030:0809,542.35,23.67,12.59,2.0,0.0
20201030:0909,749.06,33.06,16.94,2.41,0.0
20201030:1009,917.25,40.06,18.78,2.9,0.0
20201030:1109,972.16,43.56,20.11,3.03,0.0
20201030:1209,964.84,42.77,21.09,2.83,0.0
20201030:1309,839.91,37.88,21.81,2.55,0.0
20201030:1409,687.15,29.9,22.21,2.28,0.0
20201030:1509,477.87,19.89,22.29,2.07,0.0
20201030:1609,187.03,8.64,22.01,1.86,0.0
20201030:1709,0.0,0.0,21.18,1.86,0.0
20201030:1809,0.0,0.0,20.05,2.07,0.0
20201030:1909,0.0,0.0,18.93,2.21,0.0
20201030:2009,0.0,0.0,17.7,2.14,0.0
20201030:2109,0.0,0.0,16.33,2.07,0.0
20201030:2209,0.0,0.0,15.21,1.79,0.0
20201030:2309,0.0,0.0,14.6,1.72,0.0
20201031:0009,0.0,0.0,13.82,1.86,0.0
20201031:0109,0.0,0.0,12.9,2.07,0.0
20201031:0209,0.0,0.0,11.78,2.34,0.0
20201031:0309,0.0,0.0,10.66,2.76,0.0
20201031:0409,0.0,0.0,9.92,3.17,0.0
20201031:0509,0.0,0.0,8.94,3.31,0.0
20201031:0609,0.0,0.0,8.04,3.38,0.0
20201031:0709,288.65,12.59,8.3,2.76,0.0
20201031:0809,537.09,23.44,12.27,2.0,0.0
20201031:0909,762.3,32.79,17.59,1.38,0.0
20201031:1009,903.16,39.76,20.03,0.48,0.0
20201031:1109,988.49,43.24,21.36,0.28,0.0
20201031:1209,965.94,42.45,22.38,0.76,0.0
20201031:1309,845.69,37.59,23.08,0.9,0.0
20201031:1409,694.16,29.64,23.43,0.9,0.0
20201031:1509,477.06,19.67,23.54,1.03,0.0
20201031:1609,186.66,8.44,23.31,1.31,0.0
20201031:1709,0.0,0.0,22.43,2.07,0.0
20201031:1809,0.0,0.0,20.86,2.62,0.0
20201031:1909,0.0,0.0,19.78,2.83,0.0
20201031:2009,0.0,0.0,18.54,3.03,0.0
20201031:2109,0.0,0.0,17.42,3.03,0.0
20201031:2209,0.0,0.0,16.35,2.9,0.0
20201031:2309,0.0,0.0,15.34,2.76,0.0
20201101:0009,0.0,0.0,14.37,2.76,0.0
20201101:0109,0.0,0.0,13.53,2.83,0.0
20201101:0209,0.0,0.0,12.67,3.03,0.0
20201101:0309,0.0,0.0,11.78,3.1,0.0
20201101:0409,0.0,0.0,10.98,3.03,0.0
20201101:0509,0.0,0.0,10.21,2.97,0.0
20201101:0609,0.0,0.0,9.6,2.9,0.0
20201101:0709,300.43,12.39,9.79,2.28,0.0
20201101:0809,548.19,23.21,13.75,1.31,0.0
20201101:0909,788.67,32.52,18.53,0.69,0.0
20201101:1009,924.92,39.46,20.49,1.03,0.0
20201101:1109,994.86,42.91,21.89,1.86,0.0
20201101:1209,972.38,42.13,22.8,2.28,0.0
20201101:1309,853.74,37.3,23.38,2.55,0.0
20201101:1409,708.62,29.39,23.66,2.76,0.0
20201101:1509,486.98,19.45,23.58,3.1,0.0
20201101:1609,195.07,8.25,23.13,3.24,0.0
20201101:1709,0.0,0.0,22.0,2.97,0.0
20201101:1809,0.0,0.0,20.65,2.97,0.0
20201101:1909,0.0,0.0,19.71,3.24,0.0
20201101:2009,0.0,0.0,18.55,3.17,0.0
20201101:2109,0.0,0.0,17.45,2.97,0.0
20201101:2209,0.0,0.0,16.38,2.69,0.0
20201101:2309,0.0,0.0,15.29,2.48,0.0
20201102:0009,0.0,0.0,14.15,2.28,0.0
20201102:0109,0.0,0.0,13.21,2.41,0.0
20201102:0209,0.0,0.0,12.41,2.55,0.0
20201102:0309,0.0,0.0,11.68,2.69,0.0
20201102:0409,0.0,0.0,11.07,2.9,0.0
20201102:0509,0.0,0.0,10.51,3.1,0.0
20201102:0609,0.0,0.0,10.02,3.24,0.0
20201102:0709,293.73,12.19,10.78,3.45,0.0
20201102:0809,545.27,22.98,13.96,3.66,0.0
20201102:0909,762.12,32.26,16.9,4.41,0.0
20201102:1009,909.16,39.16,18.58,5.17,0.0
20201102:1109,1000.33,42.6,19.89,5.31,0.0
20201102:1209,1044.93,41.82,20.76,5.1,0.0
20201102:1309,776.4,37.02,21.35,4.9,0.0
20201102:1409,695.27,29.14,21.63,4.83,0.0
20201102:1509,479.92,19.24,21.58,4.76,0.0
20201102:1609,196.15,8.06,21.13,4.55,0.0
20201102:1709,0.0,0.0,20.1,3.72,0.0
20201102:1809,0.0,0.0,18.96,3.45,0.0
20201102:1909,0.0,0.0,18.1,3.38,0.0
20201102:2009,0.0,0.0,17.2,3.38,0.0
20201102:2109,0.0,0.0,16.34,3.31,0.0
20201102:2209,0.0,0.0,15.53,3.03,0.0
20201102:2309,0.0,0.0,14.73,2.83,0.0
20201103:0009,0.0,0.0,14.06,2.76,0.0
20201103:0109,0.0,0.0,13.59,3.1,0.0
20201103:0209,0.0,0.0,13.05,3.38,0.0
20201103:0309,0.0,0.0,12.82,3.31,0.0
20201103:0409,0.0,0.0,12.74,3.24,0.0
20201103:0509,0.0,0.0,12.55,3.31,0.0
20201103:0609,0.0,0.0,12.2,3.24,0.0
20201103:0709,276.31,11.99,12.56,3.31,0.0
20201103:0809,486.15,22.75,14.53,3.45,0.0
20201103:0909,762.26,32.0,17.09,4.28,0.0
20201103:1009,908.86,38.86,19.16,4.69,0.0
20201103:1109,977.59,42.28,20.65,4.55,0.0
20201103:1209,948.94,41.51,21.79,4.21,0.0
20201103:1309,825.86,36.74,22.55,4.0,0.0
20201103:1409,693.84,28.9,22.97,3.93,0.0
20201103:1509,481.91,19.03,23.0,3.93,0.0
20201103:1609,185.31,7.88,22.61,3.93,0.0
20201103:1709,0.0,0.0,21.6,3.17,0.0
20201103:1809,0.0,0.0,20.5,3.03,0.0
20201103:1909,0.0,0.0,19.88,3.03,0.0
20201103:2009,0.0,0.0,19.02,3.03,0.0
20201103:2109,0.0,0.0,18.24,2.97,0.0
20201103:2209,0.0,0.0,17.53,2.83,0.0
20201103:2309,0.0,0.0,16.75,2.83,0.0
20201104:0009,0.0,0.0,16.28,2.41,0.0
20201104:0109,0.0,0.0,15.64,1.86,0.0
20201104:0209,0.0,0.0,15.28,2.0,0.0
20201104:0309,0.0,0.0,14.86,2.28,0.0
20201104:0409,0.0,0.0,14.2,2.28,0.0
20201104:0509,0.0,0.0,13.68,1.38,0.0
20201104:0609,0.0,0.0,14.53,0.83,0.0
20201104:0709,266.64,11.78,13.44,2.55,0.0
20201104:0809,540.16,22.52,15.94,2.9,0.0
20201104:0909,787.81,31.73,18.42,3.93,0.0
20201104:1009,769.59,38.57,20.47,4.76,0.0
20201104:1109,1042.04,41.97,22.1,5.24,0.0
20201104:1209,1009.29,41.21,23.34,5.79,0.0
20201104:1309,889.8,36.46,24.14,6.0,0.0
20201104:1409,668.22,28.66,24.64,6.07,0.0
20201104:1509,497.29,18.82,24.57,6.0,0.0
20201104:1609,125.84,7.7,24.16,5.86,0.0
20201104:1709,0.0,0.0,23.03,4.76,0.0
20201104:1809,0.0,0.0,21.8,4.62,0.0
20201104:1909,0.0,0.0,21.15,4.21,0.0
20201104:2009,0.0,0.0,20.22,4.34,0.0
20201104:2109,0.0,0.0,19.33,4.41,0.0
20201104:2209,0.0,0.0,18.46,4.41,0.0
20201104:2309,0.0,0.0,17.6,4.34,0.0
20201105:0009,0.0,0.0,16.94,4.07,0.0
20201105:0109,0.0,0.0,16.4,3.52,0.0
20201105:0209,0.0,0.0,15.59,3.31,0.0
20201105:0309,0.0,0.0,15.07,3.17,0.0
20201105:0409,0.0,0.0,14.67,3.17,0.0
20201105:0509,0.0,0.0,14.41,3.24,0.0
20201105:0609,0.0,0.0,14.19,3.38,0.0
20201105:0709,36.89,11.58,14.35,3.45,0.0
20201105:0809,252.46,22.29,15.97,3.52,0.0
20201105:0909,271.16,31.47,17.98,4.14,0.0
20201105:1009,700.08,38.28,19.92,4.55,0.0
20201105:1109,665.42,41.66,21.3,4.9,0.0
20201105:1209,797.29,40.91,22.48,5.31,0.0
20201105:1309,762.47,36.19,23.43,5.72,0.0
20201105:1409,439.88,28.43,23.92,6.07,0.0
20201105:1509,281.91,18.62,23.81,6.14,0.0
20201105:1609,101.96,7.52,23.21,5.79,0.0
20201105:1709,0.0,0.0,22.1,5.24,0.0
20201105:1809,0.0,0.0,21.11,5.24,0.0
20201105:1909,0.0,0.0,20.44,5.17,0.0
20201105:2009,0.0,0.0,19.82,4.97,0.0
20201105:2109,0.0,0.0,19.24,4.76,0.0
20201105:2209,0.0,0.0,18.69,4.55,0.0
20201105:2309,0.0,0.0,18.02,4.34,0.0
20201106:0009,0.0,0.0,17.35,4.07,0.0
20201106:0109,0.0,0.0,16.66,3.79,0.0
20201106:0209,0.0,0.0,15.96,3.72,0.0
20201106:0309,0.0,0.0,15.32,3.45,0.0
20201106:0409,0.0,0.0,14.71,3.24,0.0
20201106:0509,0.0,0.0,14.07,3.03,0.0
20201106:0609,0.0,0.0,13.38,2.76,0.0
20201106:0709,140.19,11.38,13.64,2.62,0.0
20201106:0809,271.32,22.06,16.09,2.55,0.0
20201106:0909,726.98,31.21,19.62,3.45,0.0
20201106:1009,814.02,37.99,21.77,4.34,0.0
20201106:1109,861.72,41.36,23.48,5.03,0.0
20201106:1209,637.29,40.62,24.73,5.45,0.0
20201106:1309,642.88,35.93,25.49,5.66,0.0
20201106:1409,622.15,28.2,25.8,5.72,0.0
20201106:1509,402.35,18.43,25.64,5.72,0.0
20201106:1609,195.08,7.35,25.09,5.31,0.0
20201106:1709,0.0,0.0,23.63,4.14,0.0
20201106:1809,0.0,0.0,22.26,3.72,0.0
20201106:1909,0.0,0.0,21.3,3.38,0.0
20201106:2009,0.0,0.0,20.3,3.24,0.0
20201106:2109,0.0,0.0,19.36,3.17,0.0
20201106:2209,0.0,0.0,18.45,3.03,0.0
20201106:2309,0.0,0.0,17.62,3.1,0.0
20201107:0009,0.0,0.0,16.78,3.17,0.0
20201107:0109,0.0,0.0,15.98,3.17,0.0
20201107:0209,0.0,0.0,15.24,3.1,0.0
20201107:0309,0.0,0.0,14.53,2.97,0.0
20201107:0409,0.0,0.0,13.92,2.76,0.0
20201107:0509,0.0,0.0,13.46,2.69,0.0
20201107:0609,0.0,0.0,13.01,2.83,0.0
20201107:0709,145.15,11.18,13.14,2.76,0.0
20201107:0809,270.28,21.83,15.57,2.34,0.0
20201107:0909,145.68,30.95,19.51,2.97,0.0
20201107:1009,583.41,37.7,21.69,3.86,0.0
20201107:1109,952.68,41.06,23.28,4.48,0.0
20201107:1209,177.84,40.33,24.27,4.21,0.0
20201107:1309,704.12,35.67,24.93,3.86,0.0
20201107:1409,737.83,27.98,25.16,3.38,0.0
20201107:1509,447.21,18.24,25.14,3.59,0.0
20201107:1609,193.32,7.19,24.71,3.93,0.0
20201107:1709,0.0,0.0,23.38,3.31,0.0
20201107:1809,0.0,0.0,22.15,3.17,0.0
20201107:1909,0.0,0.0,21.7,3.45,0.0
20201107:2009,0.0,0.0,20.95,3.31,0.0
20201107:2109,0.0,0.0,20.24,3.31,0.0
20201107:2209,0.0,0.0,19.55,3.45,0.0
20201107:2309,0.0,0.0,18.88,3.79,0.0
20201108:0009,0.0,0.0,18.06,3.93,0.0
20201108:0109,0.0,0.0,17.49,3.38,0.0
20201108:0209,0.0,0.0,16.41,2.28,0.0
20201108:0309,0.0,0.0,17.57,0.76,0.0
20201108:0409,0.0,0.0,17.34,0.41,0.0
20201108:0509,0.0,0.0,16.98,0.76,0.0
20201108:0609,0.0,0.0,16.62,0.97,0.0
20201108:0709,144.28,10.97,16.64,0.62,0.0
20201108:0809,525.94,21.6,17.5,0.48,0.0
20201108:0909,755.99,30.7,19.64,1.17,0.0
20201108:1009,841.38,37.42,21.46,2.55,0.0
20201108:1109,1035.6,40.77,23.03,3.45,0.0
20201108:1209,981.76,40.04,24.18,3.79,0.0
20201108:1309,863.2,35.42,24.84,3.93,0.0
20201108:1409,691.15,27.76,25.11,3.93,0.0
20201108:1509,135.26,18.05,25.05,3.93,0.0
20201108:1609,148.74,7.03,24.53,3.72,0.0
20201108:1709,0.0,0.0,23.21,2.97,0.0
20201108:1809,0.0,0.0,21.98,2.83,0.0
20201108:1909,0.0,0.0,21.2,2.97,0.0
20201108:2009,0.0,0.0,20.18,2.9,0.0
20201108:2109,0.0,0.0,19.29,2.69,0.0
20201108:2209,0.0,0.0,18.31,2.69,0.0
20201108:2309,0.0,0.0,17.38,2.83,0.0
20201109:0009,0.0,0.0,16.52,2.9,0.0
20201109:0109,0.0,0.0,15.77,2.9,0.0
20201109:0209,0.0,0.0,15.32,2.83,0.0
20201109:0309,0.0,0.0,14.84,2.83,0.0
20201109:0409,0.0,0.0,14.51,2.76,0.0
20201109:0509,0.0,0.0,14.15,2.76,0.0
20201109:0609,0.0,0.0,13.97,2.83,0.0
20201109:0709,123.37,10.77,14.24,2.55,0.0
20201109:0809,495.15,21.38,16.49,2.07,0.0
20201109:0909,759.95,30.44,20.5,2.55,0.0
20201109:1009,959.5,37.14,22.29,3.24,0.0
20201109:1109,987.16,40.48,23.48,4.0,0.0
20201109:1209,944.12,39.77,24.07,4.34,0.0
20201109:1309,786.97,35.17,24.57,4.34,0.0
20201109:1409,591.19,27.55,24.93,3.45,0.0
20201109:1509,478.58,17.87,25.08,3.1,0.0
20201109:1609,119.69,6.88,24.99,2.9,0.0
20201109:1709,0.0,0.0,23.85,2.28,0.0
20201109:1809,0.0,0.0,22.48,2.48,0.0
20201109:1909,0.0,0.0,21.54,3.03,0.0
20201109:2009,0.0,0.0,20.31,3.38,0.0
20201109:2109,0.0,0.0,19.34,3.59,0.0
20201109:2209,0.0,0.0,18.5,3.66,0.0
20201109:2309,0.0,0.0,17.78,3.59,0.0
20201110:0009,0.0,0.0,17.06,3.45,0.0
20201110:0109,0.0,0.0,16.22,3.31,0.0
20201110:0209,0.0,0.0,15.49,3.17,0.0
20201110:0309,0.0,0.0,14.68,3.24,0.0
20201110:0409,0.0,0.0,14.05,3.38,0.0
20201110:0509,0.0,0.0,13.8,3.59,0.0
20201110:0609,0.0,0.0,13.47,3.72,0.0
20201110:0709,259.37,10.57,13.97,3.52,0.0
20201110:0809,504.58,21.15,16.61,2.76,0.0
20201110:0909,373.44,30.19,20.44,2.34,0.0
20201110:1009,883.1,36.86,23.14,2.48,0.0
20201110:1109,974.42,40.19,24.78,2.76,0.0
20201110:1209,902.09,39.49,25.68,3.24,0.0
20201110:1309,836.16,34.93,26.24,3.45,0.0
20201110:1409,667.39,27.34,26.38,3.45,0.0
20201110:1509,446.9,17.7,26.19,3.24,0.0
20201110:1609,117.24,6.73,25.76,3.1,0.0
20201110:1709,0.0,0.0,24.39,2.83,0.0
20201110:1809,0.0,0.0,23.06,3.03,0.0
20201110:1909,0.0,0.0,22.19,2.21,0.0
20201110:2009,0.0,0.0,20.84,2.76,0.0
20201110:2109,0.0,0.0,19.69,3.38,0.0
20201110:2209,0.0,0.0,18.71,3.31,0.0
20201110:2309,0.0,0.0,17.98,2.9,0.0
20201111:0009,0.0,0.0,17.15,2.76,0.0
20201111:0109,0.0,0.0,16.2,3.31,0.0
20201111:0209,0.0,0.0,15.65,3.93,0.0
20201111:0309,0.0,0.0,15.03,4.48,0.0
20201111:0409,0.0,0.0,14.48,4.97,0.0
20201111:0509,0.0,0.0,14.3,5.17,0.0
20201111:0609,0.0,0.0,14.22,5.24,0.0
20201111:0709,37.84,10.37,14.59,5.03,0.0
20201111:0809,237.33,20.93,16.43,5.31,0.0
20201111:0909,273.43,29.94,18.31,5.86,0.0
20201111:1009,263.52,36.59,19.65,6.07,0.0
20201111:1109,675.75,39.91,20.3,5.66,0.0
20201111:1209,355.14,39.22,20.86,4.83,0.0
20201111:1309,49.19,34.69,20.61,4.34,0.0
20201111:1409,41.62,27.14,20.38,4.34,0.0
20201111:1509,59.6,17.53,20.01,4.41,0.0
20201111:1609,6.62,6.59,19.25,4.21,0.0
20201111:1709,0.0,0.0,18.14,3.93,0.0
20201111:1809,0.0,0.0,17.19,3.45,0.0
20201111:1909,0.0,0.0,15.9,2.62,0.0
20201111:2009,0.0,0.0,15.36,2.41,0.0
20201111:2109,0.0,0.0,14.97,2.21,0.0
20201111:2209,0.0,0.0,14.37,2.34,0.0
20201111:2309,0.0,0.0,13.93,2.48,0.0
20201112:0009,0.0,0.0,13.69,2.55,0.0
20201112:0109,0.0,0.0,13.56,2.9,0.0
20201112:0209,0.0,0.0,13.25,3.31,0.0
20201112:0309,0.0,0.0,12.85,3.45,0.0
20201112:0409,0.0,0.0,12.34,3.24,0.0
20201112:0509,0.0,0.0,12.13,2.97,0.0
20201112:0609,0.0,0.0,11.77,2.69,0.0
20201112:0709,276.12,10.17,11.79,2.62,0.0
20201112:0809,540.54,20.7,13.67,2.55,0.0
20201112:0909,778.16,29.69,15.77,3.03,0.0
20201112:1009,943.85,36.32,17.46,3.52,0.0
20201112:1109,996.19,39.63,18.88,3.86,0.0
20201112:1209,976.14,38.96,19.9,3.93,0.0
20201112:1309,851.72,34.46,20.54,3.79,0.0
20201112:1409,696.33,26.94,20.82,3.45,0.0
20201112:1509,446.64,17.37,20.79,3.24,0.0
20201112:1609,158.42,6.45,20.42,3.17,0.0
20201112:1709,0.0,0.0,19.45,2.83,0.0
20201112:1809,0.0,0.0,18.3,2.9,0.0
20201112:1909,0.0,0.0,17.26,2.9,0.0
20201112:2009,0.0,0.0,16.28,2.83,0.0
20201112:2109,0.0,0.0,15.26,2.69,0.0
20201112:2209,0.0,0.0,14.24,2.41,0.0
20201112:2309,0.0,0.0,13.09,2.0,0.0
20201113:0009,0.0,0.0,12.74,1.59,0.0
20201113:0109,0.0,0.0,13.33,1.24,0.0
20201113:0209,0.0,0.0,13.59,0.97,0.0
20201113:0309,0.0,0.0,13.28,0.83,0.0
20201113:0409,0.0,0.0,12.97,0.48,0.0
20201113:0509,0.0,0.0,12.67,0.28,0.0
20201113:0609,0.0,0.0,12.38,0.28,0.0
20201113:0709,250.51,9.97,12.35,0.34,0.0
20201113:0809,527.38,20.48,13.3,0.41,0.0
20201113:0909,767.96,29.45,15.37,0.83,0.0
20201113:1009,920.43,36.06,17.44,1.86,0.0
20201113:1109,948.46,39.36,19.01,2.48,0.0
20201113:1209,986.41,38.7,20.15,2.83,0.0
20201113:1309,854.07,34.23,20.92,2.97,0.0
20201113:1409,705.21,26.75,21.31,3.03,0.0
20201113:1509,452.01,17.21,21.31,2.97,0.0
20201113:1609,161.91,6.32,20.97,2.9,0.0
20201113:1709,0.0,0.0,19.78,2.76,0.0
20201113:1809,0.0,0.0,18.52,3.03,0.0
20201113:1909,0.0,0.0,17.67,3.17,0.0
20201113:2009,0.0,0.0,16.73,3.31,0.0
20201113:2109,0.0,0.0,15.84,3.24,0.0
20201113:2209,0.0,0.0,15.01,3.17,0.0
20201113:2309,0.0,0.0,14.23,3.17,0.0
20201114:0009,0.0,0.0,13.53,3.38,0.0
20201114:0109,0.0,0.0,12.89,3.45,0.0
20201114:0209,0.0,0.0,12.27,3.38,0.0
20201114:0309,0.0,0.0,11.64,3.24,0.0
20201114:0409,0.0,0.0,10.99,3.03,0.0
20201114:0509,0.0,0.0,10.48,2.9,0.0
20201114:0609,0.0,0.0,10.02,2.9,0.0
20201114:0709,210.64,9.77,10.31,2.97,0.0
20201114:0809,387.05,20.26,12.69,2.48,0.0
20201114:0909,413.33,29.2,16.54,2.62,0.0
20201114:1009,714.63,35.79,18.66,3.03,0.0
20201114:1109,966.74,39.09,20.19,3.38,0.0
20201114:1209,1013.56,38.45,21.19,3.45,0.0
20201114:1309,829.96,34.01,21.78,3.24,0.0
20201114:1409,733.57,26.57,22.05,3.03,0.0
20201114:1509,262.53,17.05,22.0,2.9,0.0
20201114:1609,131.36,6.19,21.62,2.76,0.0
20201114:1709,0.0,0.0,20.58,2.0,0.0
20201114:1809,0.0,0.0,19.64,1.72,0.0
20201114:1909,0.0,0.0,19.35,2.21,0.0
20201114:2009,0.0,0.0,18.8,2.55,0.0
20201114:2109,0.0,0.0,18.3,2.9,0.0
20201114:2209,0.0,0.0,18.08,2.97,0.0
20201114:2309,0.0,0.0,17.84,2.9,0.0
20201115:0009,0.0,0.0,17.48,2.97,0.0
20201115:0109,0.0,0.0,17.16,2.83,0.0
20201115:0209,0.0,0.0,16.7,2.83,0.0
20201115:0309,0.0,0.0,16.38,2.9,0.0
20201115:0409,0.0,0.0,16.4,2.76,0.0
20201115:0509,0.0,0.0,16.18,2.76,0.0
20201115:0609,0.0,0.0,15.9,2.97,0.0
20201115:0709,145.6,9.57,15.88,3.17,0.0
20201115:0809,554.36,20.04,16.91,3.1,0.0
20201115:0909,773.05,28.96,18.43,3.52,0.0
20201115:1009,927.25,35.54,20.42,4.0,0.0
20201115:1109,1012.35,38.83,21.84,4.62,0.0
20201115:1209,909.64,38.2,22.76,4.83,0.0
20201115:1309,808.85,33.79,23.29,4.9,0.0
20201115:1409,655.94,26.39,23.47,4.76,0.0
20201115:1509,380.48,16.91,23.39,4.48,0.0
20201115:1609,141.51,6.07,22.96,4.07,0.0
20201115:1709,0.0,0.0,21.72,3.1,0.0
20201115:1809,0.0,0.0,20.42,2.97,0.0
20201115:1909,0.0,0.0,19.31,2.9,0.0
20201115:2009,0.0,0.0,18.31,2.9,0.0
20201115:2109,0.0,0.0,17.46,3.03,0.0
20201115:2209,0.0,0.0,16.63,3.24,0.0
20201115:2309,0.0,0.0,15.77,3.38,0.0
20201116:0009,0.0,0.0,14.86,3.45,0.0
20201116:0109,0.0,0.0,14.13,3.52,0.0
20201116:0209,0.0,0.0,13.57,3.52,0.0
20201116:0309,0.0,0.0,13.11,3.52,0.0
20201116:0409,0.0,0.0,12.65,3.45,0.0
20201116:0509,0.0,0.0,12.22,3.45,0.0
20201116:0609,0.0,0.0,11.82,3.52,0.0
20201116:0709,240.6,9.37,12.36,4.0,0.0
20201116:0809,515.88,19.83,14.94,4.34,0.0
20201116:0909,750.2,28.73,18.16,4.41,0.0
20201116:1009,909.75,35.28,20.47,4.0,0.0
20201116:1109,960.13,38.57,21.75,3.1,0.0
20201116:1209,947.56,37.96,22.57,2.21,0.0
20201116:1309,832.23,33.58,23.14,1.72,0.0
20201116:1409,675.42,26.21,23.54,1.66,0.0
20201116:1509,432.69,16.77,23.67,1.38,0.0
20201116:1609,103.25,5.96,23.55,1.38,0.0
20201116:1709,0.0,0.0,22.89,0.83,0.0
20201116:1809,0.0,0.0,22.05,0.07,0.0
20201116:1909,0.0,0.0,20.75,0.97,0.0
20201116:2009,0.0,0.0,19.69,2.21,0.0
20201116:2109,0.0,0.0,18.55,2.76,0.0
20201116:2209,0.0,0.0,17.57,3.03,0.0
20201116:2309,0.0,0.0,16.63,3.45,0.0
20201117:0009,0.0,0.0,16.01,3.79,0.0
20201117:0109,0.0,0.0,15.54,4.21,0.0
20201117:0209,0.0,0.0,15.21,4.55,0.0
20201117:0309,0.0,0.0,14.91,4.76,0.0
20201117:0409,0.0,0.0,14.44,4.76,0.0
20201117:0509,0.0,0.0,13.97,4.69,0.0
20201117:0609,0.0,0.0,13.85,4.83,0.0
20201117:0709,236.16,9.18,14.15,4.97,0.0
20201117:0809,513.09,19.61,16.42,4.9,0.0
20201117:0909,755.04,28.49,19.3,5.31,0.0
20201117:1009,901.98,35.03,21.49,5.59,0.0
20201117:1109,952.58,38.32,22.91,5.86,0.0
20201117:1209,947.9,37.73,23.77,5.72,0.0
20201117:1309,838.92,33.38,24.19,5.17,0.0
20201117:1409,674.69,26.05,24.31,4.69,0.0
20201117:1509,428.13,16.63,24.1,4.28,0.0
20201117:1609,143.71,5.85,23.61,4.0,0.0
20201117:1709,0.0,0.0,22.27,3.24,0.0
20201117:1809,0.0,0.0,21.05,3.17,0.0
20201117:1909,0.0,0.0,20.26,3.66,0.0
20201117:2009,0.0,0.0,19.68,4.0,0.0
20201117:2109,0.0,0.0,18.91,4.21,0.0
20201117:2209,0.0,0.0,18.09,4.21,0.0
20201117:2309,0.0,0.0,17.01,4.34,0.0
20201118:0009,0.0,0.0,16.08,4.69,0.0
20201118:0109,0.0,0.0,15.13,5.1,0.0
20201118:0209,0.0,0.0,14.15,5.17,0.0
20201118:0309,0.0,0.0,13.21,5.24,0.0
20201118:0409,0.0,0.0,12.37,5.52,0.0
20201118:0509,0.0,0.0,11.67,6.0,0.0
20201118:0609,0.0,0.0,11.08,6.28,0.0
20201118:0709,241.54,8.98,11.07,5.86,0.0
20201118:0809,528.11,19.4,12.39,5.86,0.0
20201118:0909,753.66,28.26,14.3,6.28,0.0
20201118:1009,900.02,34.79,15.88,6.34,0.0
20201118:1109,941.45,38.07,16.97,5.86,0.0
20201118:1209,938.22,37.5,17.76,5.24,0.0
20201118:1309,844.51,33.18,18.27,4.55,0.0
20201118:1409,674.51,25.88,18.5,4.07,0.0
20201118:1509,438.07,16.5,18.43,3.79,0.0
20201118:1609,142.45,5.74,18.0,3.66,0.0
20201118:1709,0.0,0.0,16.96,2.97,0.0
20201118:1809,0.0,0.0,15.92,2.76,0.0
20201118:1909,0.0,0.0,15.08,2.55,0.0
20201118:2009,0.0,0.0,14.09,2.28,0.0
20201118:2109,0.0,0.0,12.86,1.79,0.0
20201118:2209,0.0,0.0,12.76,1.31,0.0
20201118:2309,0.0,0.0,12.52,1.38,0.0
20201119:0009,0.0,0.0,10.34,2.21,0.0
20201119:0109,0.0,0.0,9.57,2.9,0.0
20201119:0209,0.0,0.0,8.93,3.24,0.0
20201119:0309,0.0,0.0,8.53,3.45,0.0
20201119:0409,0.0,0.0,8.37,3.66,0.0
20201119:0509,0.0,0.0,8.37,3.86,0.0
20201119:0609,0.0,0.0,8.24,3.93,0.0
20201119:0709,222.46,8.79,8.6,4.0,0.0
20201119:0809,514.03,19.19,11.05,3.72,0.0
20201119:0909,734.5,28.03,14.44,4.07,0.0
20201119:1009,885.44,34.54,16.73,4.41,0.0
20201119:1109,928.54,37.83,18.17,4.28,0.0
20201119:1209,938.85,37.28,19.03,3.86,0.0
20201119:1309,760.68,32.99,19.58,3.86,0.0
20201119:1409,680.19,25.73,19.8,3.86,0.0
20201119:1509,441.18,16.38,19.75,3.86,0.0
20201119:1609,146.4,5.65,19.32,3.66,0.0
20201119:1709,0.0,0.0,18.22,2.83,0.0
20201119:1809,0.0,0.0,17.17,2.62,0.0
20201119:1909,0.0,0.0,16.3,2.34,0.0
20201119:2009,0.0,0.0,15.32,2.07,0.0
20201119:2109,0.0,0.0,14.09,1.59,0.0
20201119:2209,0.0,0.0,14.9,0.9,0.0
20201119:2309,0.0,0.0,14.58,0.14,0.0
20201120:0009,0.0,0.0,13.86,1.17,0.0
20201120:0109,0.0,0.0,11.09,2.14,0.0
20201120:0209,0.0,0.0,10.18,2.69,0.0
20201120:0309,0.0,0.0,9.39,2.9,0.0
20201120:0409,0.0,0.0,8.57,2.97,0.0
20201120:0509,0.0,0.0,7.88,3.03,0.0
20201120:0609,0.0,0.0,7.48,3.24,0.0
20201120:0709,223.38,8.6,7.97,3.17,0.0
20201120:0809,516.45,18.98,10.4,2.69,0.0
20201120:0909,736.79,27.81,14.66,2.07,0.0
20201120:1009,895.7,34.31,17.17,1.31,0.0
20201120:1109,938.91,37.6,18.24,0.55,0.0
20201120:1209,935.81,37.06,19.07,1.03,0.0
20201120:1309,827.75,32.81,19.8,1.79,0.0
20201120:1409,660.84,25.58,20.24,1.93,0.0
20201120:1509,423.07,16.26,20.35,1.93,0.0
20201120:1609,127.97,5.55,20.19,2.0,0.0
20201120:1709,0.0,0.0,19.42,1.52,0.0
20201120:1809,0.0,0.0,18.35,1.72,0.0
20201120:1909,0.0,0.0,17.03,1.72,0.0
20201120:2009,0.0,0.0,15.68,2.07,0.0
20201120:2109,0.0,0.0,14.44,2.34,0.0
20201120:2209,0.0,0.0,13.34,2.76,0.0
20201120:2309,0.0,0.0,12.52,3.66,0.0
20201121:0009,0.0,0.0,12.25,4.9,0.0
20201121:0109,0.0,0.0,11.84,5.86,0.0
20201121:0209,0.0,0.0,11.46,5.66,0.0
20201121:0309,0.0,0.0,11.17,5.17,0.0
20201121:0409,0.0,0.0,11.02,4.83,0.0
20201121:0509,0.0,0.0,10.84,4.62,0.0
20201121:0609,0.0,0.0,10.26,5.24,0.0
20201121:0709,167.91,8.41,10.43,5.72,0.0
20201121:0809,527.49,18.77,11.29,6.83,0.0
20201121:0909,732.88,27.58,12.13,8.55,0.0
20201121:1009,898.17,34.08,13.32,8.55,0.0
20201121:1109,1002.62,37.37,14.53,8.07,0.0
20201121:1209,997.8,36.85,15.48,7.66,0.0
20201121:1309,886.53,32.63,16.21,7.45,0.0
20201121:1409,694.56,25.43,16.55,7.52,0.0
20201121:1509,430.1,16.14,16.58,7.59,0.0
20201121:1609,157.72,5.46,16.24,6.97,0.0
20201121:1709,0.0,0.0,15.22,5.59,0.0
20201121:1809,0.0,0.0,14.37,5.59,0.0
20201121:1909,0.0,0.0,13.44,6.07,0.0
20201121:2009,0.0,0.0,12.63,6.55,0.0
20201121:2109,0.0,0.0,11.72,6.55,0.0
20201121:2209,0.0,0.0,10.96,6.62,0.0
20201121:2309,0.0,0.0,10.13,6.76,0.0
20201122:0009,0.0,0.0,9.44,6.76,0.0
20201122:0109,0.0,0.0,8.9,6.62,0.0
20201122:0209,0.0,0.0,8.33,6.34,0.0
20201122:0309,0.0,0.0,7.83,6.21,0.0
20201122:0409,0.0,0.0,7.39,6.21,0.0
20201122:0509,0.0,0.0,7.01,6.21,0.0
20201122:0609,0.0,0.0,6.68,6.07,0.0
20201122:0709,220.74,8.22,7.03,6.21,0.0
20201122:0809,528.56,18.57,8.57,5.86,0.0
20201122:0909,737.52,27.37,10.55,6.83,0.0
20201122:1009,884.89,33.85,12.25,6.9,0.0
20201122:1109,935.91,37.14,13.64,6.41,0.0
20201122:1209,940.74,36.64,14.6,5.59,0.0
20201122:1309,854.28,32.46,15.28,4.97,0.0
20201122:1409,672.21,25.3,15.71,4.76,0.0
20201122:1509,430.17,16.04,15.82,4.69,0.0
20201122:1609,122.61,5.38,15.63,4.28,0.0
20201122:1709,0.0,0.0,14.98,2.9,0.0
20201122:1809,0.0,0.0,14.09,2.41,0.0
20201122:1909,0.0,0.0,13.19,2.41,0.0
20201122:2009,0.0,0.0,12.24,2.48,0.0
20201122:2109,0.0,0.0,11.29,3.1,0.0
20201122:2209,0.0,0.0,10.51,3.93,0.0
20201122:2309,0.0,0.0,9.84,4.48,0.0
20201123:0009,0.0,0.0,9.21,4.9,0.0
20201123:0109,0.0,0.0,8.66,5.1,0.0
20201123:0209,0.0,0.0,8.03,5.17,0.0
20201123:0309,0.0,0.0,7.45,5.24,0.0
20201123:0409,0.0,0.0,6.89,5.24,0.0
20201123:0509,0.0,0.0,6.36,5.31,0.0
20201123:0609,0.0,0.0,5.9,5.24,0.0
20201123:0709,204.23,8.03,6.35,5.24,0.0
20201123:0809,510.06,18.37,8.19,5.1,0.0
20201123:0909,726.67,27.15,10.75,5.79,0.0
20201123:1009,872.95,33.63,12.99,6.14,0.0
20201123:1109,930.84,36.92,14.71,6.21,0.0
20201123:1209,935.94,36.45,15.99,6.0,0.0
20201123:1309,850.56,32.29,16.85,5.59,0.0
20201123:1409,680.03,25.16,17.36,5.31,0.0
20201123:1509,419.36,15.94,17.43,5.17,0.0
20201123:1609,124.12,5.31,17.02,4.9,0.0
20201123:1709,0.0,0.0,15.73,3.79,0.0
20201123:1809,0.0,0.0,14.62,3.38,0.0
20201123:1909,0.0,0.0,13.58,3.1,0.0
20201123:2009,0.0,0.0,12.7,2.9,0.0
20201123:2109,0.0,0.0,11.86,2.97,0.0
20201123:2209,0.0,0.0,11.16,3.38,0.0
20201123:2309,0.0,0.0,10.73,3.86,0.0
20201124:0009,0.0,0.0,10.15,4.21,0.0
20201124:0109,0.0,0.0,9.54,4.34,0.0
20201124:0209,0.0,0.0,8.96,4.48,0.0
20201124:0309,0.0,0.0,8.44,4.62,0.0
20201124:0409,0.0,0.0,7.98,4.62,0.0
20201124:0509,0.0,0.0,7.55,4.48,0.0
20201124:0609,0.0,0.0,7.13,4.34,0.0
20201124:0709,203.23,7.85,6.96,3.86,0.0
20201124:0809,507.62,18.17,8.89,3.31,0.0
20201124:0909,725.17,26.94,11.99,2.97,0.0
20201124:1009,878.16,33.41,14.21,2.34,0.0
20201124:1109,944.22,36.71,15.52,1.17,0.0
20201124:1209,927.21,36.25,16.47,0.28,0.0
20201124:1309,850.1,32.13,17.3,0.69,0.0
20201124:1409,668.63,25.04,17.81,0.97,0.0
20201124:1509,423.41,15.84,17.99,1.24,0.0
20201124:1609,113.92,5.24,17.79,1.45,0.0
20201124:1709,0.0,0.0,17.07,1.52,0.0
20201124:1809,0.0,0.0,16.04,1.79,0.0
20201124:1909,0.0,0.0,15.19,2.07,0.0
20201124:2009,0.0,0.0,14.07,2.34,0.0
20201124:2109,0.0,0.0,13.03,2.69,0.0
20201124:2209,0.0,0.0,12.06,2.83,0.0
20201124:2309,0.0,0.0,11.13,2.76,0.0
20201125:0009,0.0,0.0,10.2,2.69,0.0
20201125:0109,0.0,0.0,9.32,2.76,0.0
20201125:0209,0.0,0.0,8.49,2.83,0.0
20201125:0309,0.0,0.0,7.72,2.9,0.0
20201125:0409,0.0,0.0,7.0,2.97,0.0
20201125:0509,0.0,0.0,6.4,3.03,0.0
20201125:0609,0.0,0.0,5.95,3.17,0.0
20201125:0709,207.24,7.66,5.51,2.97,0.0
20201125:0809,519.18,17.97,8.0,2.34,0.0
20201125:0909,727.16,26.73,12.1,1.79,0.0
20201125:1009,874.66,33.19,14.71,1.59,0.0
20201125:1109,926.96,36.5,16.17,1.93,0.0
20201125:1209,925.18,36.07,17.11,2.28,0.0
20201125:1309,841.29,31.98,17.71,2.48,0.0
20201125:1409,660.95,24.92,18.01,2.62,0.0
20201125:1509,422.7,15.75,17.95,2.76,0.0
20201125:1609,121.84,5.17,17.53,3.03,0.0
20201125:1709,0.0,0.0,16.28,2.9,0.0
20201125:1809,0.0,0.0,15.09,3.24,0.0
20201125:1909,0.0,0.0,14.31,3.1,0.0
20201125:2009,0.0,0.0,13.38,3.31,0.0
20201125:2109,0.0,0.0,12.56,3.38,0.0
20201125:2209,0.0,0.0,11.84,3.31,0.0
20201125:2309,0.0,0.0,11.18,3.03,0.0
20201126:0009,0.0,0.0,10.55,2.69,0.0
20201126:0109,0.0,0.0,9.78,2.41,0.0
20201126:0209,0.0,0.0,8.87,2.07,0.0
20201126:0309,0.0,0.0,9.24,1.45,0.0
20201126:0409,0.0,0.0,10.4,0.69,0.0
20201126:0509,0.0,0.0,10.25,0.83,0.0
20201126:0609,0.0,0.0,8.67,1.45,0.0
20201126:0709,107.93,7.48,7.47,2.55,0.0
20201126:0809,527.91,17.78,8.96,2.62,0.0
20201126:0909,303.53,26.53,11.24,3.17,0.0
20201126:1009,739.56,32.99,12.19,3.52,0.0
20201126:1109,906.49,36.3,13.15,4.07,0.0
20201126:1209,349.76,35.89,14.26,4.9,0.0
20201126:1309,362.41,31.83,14.8,5.45,0.0
20201126:1409,272.15,24.81,15.21,5.66,0.0
20201126:1509,472.33,15.67,15.4,5.72,0.0
20201126:1609,72.27,5.11,15.16,5.45,0.0
20201126:1709,0.0,0.0,14.61,4.41,0.0
20201126:1809,0.0,0.0,13.73,4.48,0.0
20201126:1909,0.0,0.0,13.54,4.62,0.0
20201126:2009,0.0,0.0,12.87,4.62,0.0
20201126:2109,0.0,0.0,12.43,5.31,0.0
20201126:2209,0.0,0.0,11.97,5.86,0.0
20201126:2309,0.0,0.0,11.46,6.07,0.0
20201127:0009,0.0,0.0,10.85,5.93,0.0
20201127:0109,0.0,0.0,10.23,5.66,0.0
20201127:0209,0.0,0.0,9.67,5.38,0.0
20201127:0309,0.0,0.0,9.16,5.17,0.0
20201127:0409,0.0,0.0,8.65,4.97,0.0
20201127:0509,0.0,0.0,8.07,4.69,0.0
20201127:0609,0.0,0.0,7.61,4.34,0.0
20201127:0709,94.32,7.31,7.45,3.86,0.0
20201127:0809,309.58,17.59,8.53,3.66,0.0
20201127:0909,421.49,26.33,10.65,4.28,0.0
20201127:1009,408.02,32.78,12.71,4.55,0.0
20201127:1109,435.85,36.11,14.42,4.97,0.0
20201127:1209,294.29,35.72,15.77,5.17,0.0
20201127:1309,257.63,31.69,16.82,5.17,0.0
20201127:1409,281.6,24.7,17.4,5.38,0.0
20201127:1509,476.13,15.59,17.53,5.31,0.0
20201127:1609,146.02,5.06,17.33,4.28,0.0
20201127:1709,0.0,0.0,15.95,3.45,0.0
20201127:1809,0.0,0.0,14.16,6.07,0.0
20201127:1909,0.0,0.0,12.53,5.45,0.0
20201127:2009,0.0,0.0,11.84,4.69,0.0
20201127:2109,0.0,0.0,11.25,4.48,0.0
20201127:2209,0.0,0.0,10.58,4.9,0.0
20201127:2309,0.0,0.0,10.24,5.79,0.0
20201128:0009,0.0,0.0,9.76,6.76,0.0
20201128:0109,0.0,0.0,8.96,7.24,0.0
20201128:0209,0.0,0.0,8.04,7.24,0.0
20201128:0309,0.0,0.0,7.26,7.1,0.0
20201128:0409,0.0,0.0,6.71,6.9,0.0
20201128:0509,0.0,0.0,6.24,6.48,0.0
20201128:0609,0.0,0.0,5.8,6.21,0.0
20201128:0709,190.37,7.13,6.13,6.41,0.0
20201128:0809,516.47,17.41,7.55,6.0,0.0
20201128:0909,736.63,26.14,9.67,7.03,0.0
20201128:1009,880.93,32.59,11.63,7.45,0.0
20201128:1109,936.36,35.92,13.38,8.14,0.0
20201128:1209,913.24,35.55,14.65,9.03,0.0
20201128:1309,902.12,31.56,15.45,9.45,0.0
20201128:1409,457.21,24.6,15.93,9.66,0.0
20201128:1509,114.27,15.52,15.96,9.93,0.0
20201128:1609,68.14,5.01,15.68,8.69,0.0
20201128:1709,0.0,0.0,14.82,7.24,0.0
20201128:1809,0.0,0.0,14.24,6.9,0.0
20201128:1909,0.0,0.0,13.59,7.17,0.0
20201128:2009,0.0,0.0,12.82,6.9,0.0
20201128:2109,0.0,0.0,12.02,6.48,0.0
20201128:2209,0.0,0.0,11.36,6.28,0.0
20201128:2309,0.0,0.0,10.8,6.48,0.0
20201129:0009,0.0,0.0,10.36,6.76,0.0
20201129:0109,0.0,0.0,10.0,7.1,0.0
20201129:0209,0.0,0.0,9.69,7.17,0.0
20201129:0309,0.0,0.0,9.33,6.97,0.0
20201129:0409,0.0,0.0,8.96,6.69,0.0
20201129:0509,0.0,0.0,8.53,6.41,0.0
20201129:0609,0.0,0.0,8.16,6.28,0.0
20201129:0709,183.37,6.96,8.16,6.28,0.0
20201129:0809,498.01,17.23,9.76,6.07,0.0
20201129:0909,713.24,25.95,12.31,6.55,0.0
20201129:1009,861.79,32.4,14.64,6.9,0.0
20201129:1109,922.39,35.74,16.23,7.24,0.0
20201129:1209,922.84,35.39,17.41,7.17,0.0
20201129:1309,840.0,31.43,18.2,7.24,0.0
20201129:1409,655.86,24.51,18.59,7.17,0.0
20201129:1509,414.21,15.45,18.55,6.76,0.0
20201129:1609,72.72,4.97,18.03,5.45,0.0
20201129:1709,0.0,0.0,16.54,4.0,0.0
20201129:1809,0.0,0.0,15.18,3.45,0.0
20201129:1909,0.0,0.0,14.35,3.66,0.0
20201129:2009,0.0,0.0,13.41,3.79,0.0
20201129:2109,0.0,0.0,12.55,4.0,0.0
20201129:2209,0.0,0.0,11.83,4.07,0.0
20201129:2309,0.0,0.0,11.13,4.14,0.0
20201130:0009,0.0,0.0,10.3,4.21,0.0
20201130:0109,0.0,0.0,9.52,4.14,0.0
20201130:0209,0.0,0.0,8.77,3.93,0.0
20201130:0309,0.0,0.0,8.06,3.86,0.0
20201130:0409,0.0,0.0,7.41,3.79,0.0
20201130:0509,0.0,0.0,6.82,3.79,0.0
20201130:0609,0.0,0.0,6.31,3.72,0.0
20201130:0709,183.9,6.79,5.87,3.24,0.0
20201130:0809,490.76,17.05,7.88,2.55,0.0
20201130:0909,716.71,25.76,12.32,2.14,0.0
20201130:1009,866.31,32.21,15.6,1.79,0.0
20201130:1109,919.51,35.56,17.22,1.24,0.0
20201130:1209,920.58,35.24,18.18,0.97,0.0
20201130:1309,845.82,31.31,18.84,1.03,0.0
20201130:1409,654.47,24.42,19.23,1.38,0.0
20201130:1509,419.16,15.39,19.26,1.52,0.0
20201130:1609,73.16,4.93,18.88,1.24,0.0
20201130:1709,0.0,0.0,17.8,0.69,0.0
20201130:1809,0.0,0.0,16.3,0.69,0.0
20201130:1909,0.0,0.0,14.96,0.76,0.0
20201130:2009,0.0,0.0,13.27,1.17,0.0
20201130:2109,0.0,0.0,11.56,1.79,0.0
20201130:2209,0.0,0.0,10.55,2.48,0.0
20201130:2309,0.0,0.0,9.57,2.97,0.0
20201201:0009,0.0,0.0,8.59,3.31,0.0
20201201:0109,0.0,0.0,7.88,3.59,0.0
20201201:0209,0.0,0.0,7.34,3.86,0.0
20201201:0309,0.0,0.0,6.8,4.0,0.0
20201201:0409,0.0,0.0,6.36,4.07,0.0
20201201:0509,0.0,0.0,5.96,4.07,0.0
20201201:0609,0.0,0.0,5.5,4.07,0.0
20201201:0709,193.89,6.62,5.34,3.86,0.0
20201201:0809,497.59,16.87,7.22,3.24,0.0
20201201:0909,728.05,25.58,11.22,2.76,0.0
20201201:1009,869.75,32.03,14.71,2.9,0.0
20201201:1109,915.56,35.39,16.39,3.93,0.0
20201201:1209,909.31,35.1,17.22,4.48,0.0
20201201:1309,859.23,31.2,17.73,4.83,0.0
20201201:1409,674.49,24.34,17.98,5.03,0.0
20201201:1509,428.1,15.34,17.88,5.03,0.0
20201201:1609,82.04,4.9,17.34,4.62,0.0
20201201:1709,0.0,0.0,15.92,3.93,0.0
20201201:1809,0.0,0.0,14.69,4.21,0.0
20201201:1909,0.0,0.0,14.15,4.34,0.0
20201201:2009,0.0,0.0,13.38,4.48,0.0
20201201:2109,0.0,0.0,12.65,4.62,0.0
20201201:2209,0.0,0.0,12.09,4.97,0.0
20201201:2309,0.0,0.0,11.6,5.31,0.0
20201202:0009,0.0,0.0,11.47,5.59,0.0
20201202:0109,0.0,0.0,10.91,5.66,0.0
20201202:0209,0.0,0.0,10.16,5.45,0.0
20201202:0309,0.0,0.0,9.28,5.17,0.0
20201202:0409,0.0,0.0,8.57,5.03,0.0
20201202:0509,0.0,0.0,8.1,4.83,0.0
20201202:0609,0.0,0.0,7.67,4.62,0.0
20201202:0709,186.55,6.46,7.24,4.48,0.0
20201202:0809,502.16,16.7,8.8,4.34,0.0
20201202:0909,721.8,25.41,11.74,4.55,0.0
20201202:1009,872.37,31.86,14.41,4.97,0.0
20201202:1109,926.84,35.23,16.38,5.79,0.0
20201202:1209,958.23,34.96,17.69,6.76,0.0
20201202:1309,868.49,31.09,18.59,7.24,0.0
20201202:1409,670.77,24.26,19.13,7.45,0.0
20201202:1509,425.97,15.29,19.3,7.31,0.0
20201202:1609,82.47,4.87,18.91,6.07,0.0
20201202:1709,0.0,0.0,17.5,4.62,0.0
20201202:1809,0.0,0.0,16.2,4.07,0.0
20201202:1909,0.0,0.0,15.3,4.34,0.0
20201202:2009,0.0,0.0,14.55,4.69,0.0
20201202:2109,0.0,0.0,13.87,4.83,0.0
20201202:2209,0.0,0.0,13.1,4.55,0.0
20201202:2309,0.0,0.0,12.29,4.48,0.0
20201203:0009,0.0,0.0,11.62,4.83,0.0
20201203:0109,0.0,0.0,11.01,5.31,0.0
20201203:0209,0.0,0.0,10.51,5.38,0.0
20201203:0309,0.0,0.0,9.94,5.17,0.0
20201203:0409,0.0,0.0,9.32,5.17,0.0
20201203:0509,0.0,0.0,8.66,5.03,0.0
20201203:0609,0.0,0.0,7.98,4.69,0.0
20201203:0709,181.09,6.3,7.41,4.07,0.0
20201203:0809,488.12,16.53,8.65,3.45,0.0
20201203:0909,711.71,25.23,11.18,3.45,0.0
20201203:1009,861.13,31.69,13.07,3.24,0.0
20201203:1109,924.4,35.08,14.48,2.69,0.0
20201203:1209,941.76,34.83,15.44,1.93,0.0
20201203:1309,853.07,30.99,16.08,0.97,0.0
20201203:1409,670.29,24.19,16.61,1.17,0.0
20201203:1509,389.09,15.25,17.06,2.34,0.0
20201203:1609,77.46,4.85,17.02,3.03,0.0
20201203:1709,0.0,0.0,15.83,2.9,0.0
20201203:1809,0.0,0.0,14.65,3.1,0.0
20201203:1909,0.0,0.0,13.33,3.38,0.0
20201203:2009,0.0,0.0,12.34,3.59,0.0
20201203:2109,0.0,0.0,11.53,3.72,0.0
20201203:2209,0.0,0.0,10.75,3.52,0.0
20201203:2309,0.0,0.0,10.01,3.52,0.0
20201204:0009,0.0,0.0,9.36,3.66,0.0
20201204:0109,0.0,0.0,8.79,3.72,0.0
20201204:0209,0.0,0.0,8.28,3.79,0.0
20201204:0309,0.0,0.0,7.84,4.07,0.0
20201204:0409,0.0,0.0,7.55,4.34,0.0
20201204:0509,0.0,0.0,7.32,4.48,0.0
20201204:0609,0.0,0.0,7.12,4.76,0.0
20201204:0709,185.48,6.14,7.09,4.69,0.0
20201204:0809,486.87,16.37,9.13,4.83,0.0
20201204:0909,711.26,25.07,12.48,4.97,0.0
20201204:1009,853.79,31.52,15.54,5.66,0.0
20201204:1109,932.04,34.93,17.46,6.69,0.0
20201204:1209,942.39,34.71,18.65,7.45,0.0
20201204:1309,862.32,30.9,19.33,7.59,0.0
20201204:1409,678.19,24.13,19.63,7.24,0.0
20201204:1509,427.38,15.22,19.61,6.83,0.0
20201204:1609,82.08,4.84,18.96,5.31,0.0
20201204:1709,0.0,0.0,17.29,4.34,0.0
20201204:1809,0.0,0.0,15.96,4.28,0.0
20201204:1909,0.0,0.0,15.13,4.62,0.0
20201204:2009,0.0,0.0,14.42,5.24,0.0
20201204:2109,0.0,0.0,13.83,5.86,0.0
20201204:2209,0.0,0.0,13.28,6.14,0.0
20201204:2309,0.0,0.0,12.76,6.21,0.0
20201205:0009,0.0,0.0,12.27,6.14,0.0
20201205:0109,0.0,0.0,11.8,6.07,0.0
20201205:0209,0.0,0.0,11.44,6.14,0.0
20201205:0309,0.0,0.0,11.16,6.21,0.0
20201205:0409,0.0,0.0,11.0,6.41,0.0
20201205:0509,0.0,0.0,10.86,6.55,0.0
20201205:0609,0.0,0.0,10.59,6.34,0.0
20201205:0709,173.37,5.98,9.92,5.52,0.0
20201205:0809,468.35,16.21,11.21,5.38,0.0
20201205:0909,731.43,24.91,13.45,5.72,0.0
20201205:1009,885.41,31.37,14.35,7.24,0.0
20201205:1109,979.79,34.79,13.91,8.69,0.0
20201205:1209,968.07,34.59,14.05,8.21,0.0
20201205:1309,52.03,30.81,14.49,6.83,0.0
20201205:1409,83.25,24.08,14.57,5.79,0.0
20201205:1509,108.48,15.19,14.15,5.86,0.0
20201205:1609,27.89,4.83,13.54,6.0,0.0
20201205:1709,0.0,0.0,12.55,4.97,0.0
20201205:1809,0.0,0.0,11.55,4.62,0.0
20201205:1909,0.0,0.0,10.37,4.69,0.0
20201205:2009,0.0,0.0,9.32,5.38,0.0
20201205:2109,0.0,0.0,8.32,5.59,0.0
20201205:2209,0.0,0.0,7.46,5.52,0.0
20201205:2309,0.0,0.0,6.69,5.79,0.0
20201206:0009,0.0,0.0,5.96,5.86,0.0
20201206:0109,0.0,0.0,5.21,5.86,0.0
20201206:0209,0.0,0.0,4.52,5.86,0.0
20201206:0309,0.0,0.0,3.93,5.79,0.0
20201206:0409,0.0,0.0,3.42,5.52,0.0
20201206:0509,0.0,0.0,2.92,5.03,0.0
20201206:0609,0.0,0.0,2.47,4.62,0.0
20201206:0709,179.37,5.83,3.36,5.86,0.0
20201206:0809,488.51,16.05,4.86,4.9,0.0
20201206:0909,720.76,24.75,7.21,5.45,0.0
20201206:1009,863.92,31.22,9.2,6.14,0.0
20201206:1109,927.68,34.65,10.76,6.14,0.0
20201206:1209,963.58,34.48,11.96,5.86,0.0
20201206:1309,876.51,30.74,12.84,5.93,0.0
20201206:1409,678.67,24.03,13.36,6.21,0.0
20201206:1509,429.87,15.17,13.42,6.41,0.0
20201206:1609,88.09,4.83,13.04,5.79,0.0
20201206:1709,0.0,0.0,11.82,4.55,0.0
20201206:1809,0.0,0.0,10.85,4.34,0.0
20201206:1909,0.0,0.0,10.05,4.9,0.0
20201206:2009,0.0,0.0,9.41,4.9,0.0
20201206:2109,0.0,0.0,8.7,4.62,0.0
20201206:2209,0.0,0.0,8.04,4.55,0.0
20201206:2309,0.0,0.0,7.48,4.62,0.0
20201207:0009,0.0,0.0,6.95,4.9,0.0
20201207:0109,0.0,0.0,6.46,5.24,0.0
20201207:0209,0.0,0.0,6.11,5.59,0.0
20201207:0309,0.0,0.0,5.87,5.72,0.0
20201207:0409,0.0,0.0,5.62,5.86,0.0
20201207:0509,0.0,0.0,5.39,6.14,0.0
20201207:0609,0.0,0.0,5.17,6.21,0.0
20201207:0709,158.17,5.68,5.43,6.55,0.0
20201207:0809,476.46,15.9,6.84,6.41,0.0
20201207:0909,695.38,24.6,9.05,7.17,0.0
20201207:1009,860.62,31.07,11.19,8.07,0.0
20201207:1109,940.35,34.52,12.71,8.14,0.0
20201207:1209,929.23,34.38,13.78,7.79,0.0
20201207:1309,865.78,30.66,14.9,7.1,0.0
20201207:1409,669.68,23.99,15.77,6.69,0.0
20201207:1509,417.64,15.15,16.12,6.9,0.0
20201207:1609,39.44,4.83,15.9,5.93,0.0
20201207:1709,0.0,0.0,14.75,4.62,0.0
20201207:1809,0.0,0.0,13.39,4.41,0.0
20201207:1909,0.0,0.0,12.66,4.62,0.0
20201207:2009,0.0,0.0,11.86,4.9,0.0
20201207:2109,0.0,0.0,11.21,5.24,0.0
20201207:2209,0.0,0.0,10.56,5.59,0.0
20201207:2309,0.0,0.0,9.77,5.93,0.0
20201208:0009,0.0,0.0,9.19,6.41,0.0
20201208:0109,0.0,0.0,9.0,6.97,0.0
20201208:0209,0.0,0.0,8.93,7.45,0.0
20201208:0309,0.0,0.0,8.81,7.72,0.0
20201208:0409,0.0,0.0,8.66,7.66,0.0
20201208:0509,0.0,0.0,8.43,7.45,0.0
20201208:0609,0.0,0.0,8.17,7.24,0.0
20201208:0709,148.75,5.54,8.28,7.17,0.0
20201208:0809,470.9,15.76,9.64,7.38,0.0
20201208:0909,695.79,24.46,11.98,7.66,0.0
20201208:1009,860.93,30.93,14.19,9.03,0.0
20201208:1109,949.13,34.4,15.78,10.0,0.0
20201208:1209,968.51,34.28,17.1,10.21,0.0
20201208:1309,887.89,30.6,18.07,10.55,0.0
20201208:1409,691.16,23.95,18.56,10.62,0.0
20201208:1509,377.78,15.14,18.58,10.34,0.0
20201208:1609,107.97,4.84,18.05,8.97,0.0
20201208:1709,0.0,0.0,16.9,8.14,0.0
20201208:1809,0.0,0.0,16.16,7.79,0.0
20201208:1909,0.0,0.0,15.84,7.52,0.0
20201208:2009,0.0,0.0,15.32,7.52,0.0
20201208:2109,0.0,0.0,14.83,7.66,0.0
20201208:2209,0.0,0.0,14.36,7.86,0.0
20201208:2309,0.0,0.0,13.98,8.14,0.0
20201209:0009,0.0,0.0,13.58,8.34,0.0
20201209:0109,0.0,0.0,13.14,8.41,0.0
20201209:0209,0.0,0.0,12.66,8.14,0.0
20201209:0309,0.0,0.0,12.15,7.79,0.0
20201209:0409,0.0,0.0,11.66,7.45,0.0
20201209:0509,0.0,0.0,11.32,6.97,0.0
20201209:0609,0.0,0.0,11.16,6.48,0.0
20201209:0709,84.76,5.4,10.35,4.07,0.0
20201209:0809,403.69,15.61,11.29,3.38,0.0
20201209:0909,459.12,24.32,12.5,3.59,0.0
20201209:1009,803.46,30.8,13.29,3.79,0.0
20201209:1109,942.25,34.29,14.43,4.41,0.0
20201209:1209,893.8,34.19,15.49,6.07,0.0
20201209:1309,875.89,30.54,15.9,7.66,0.0
20201209:1409,563.09,23.93,15.88,8.21,0.0
20201209:1509,435.59,15.13,15.54,8.14,0.0
20201209:1609,84.07,4.85,14.96,6.97,0.0
20201209:1709,0.0,0.0,13.78,4.76,0.0
20201209:1809,0.0,0.0,12.6,3.93,0.0
20201209:1909,0.0,0.0,11.77,5.1,0.0
20201209:2009,0.0,0.0,10.88,5.17,0.0
20201209:2109,0.0,0.0,10.02,5.03,0.0
20201209:2209,0.0,0.0,9.17,4.83,0.0
20201209:2309,0.0,0.0,8.35,4.48,0.0
20201210:0009,0.0,0.0,7.5,4.21,0.0
20201210:0109,0.0,0.0,6.63,4.0,0.0
20201210:0209,0.0,0.0,5.84,4.07,0.0
20201210:0309,0.0,0.0,5.19,4.28,0.0
20201210:0409,0.0,0.0,4.73,4.55,0.0
20201210:0509,0.0,0.0,4.38,4.9,0.0
20201210:0609,0.0,0.0,4.22,5.17,0.0
20201210:0709,145.47,5.26,4.41,5.52,0.0
20201210:0809,449.18,15.48,6.21,5.1,0.0
20201210:0909,688.69,24.18,9.24,5.1,0.0
20201210:1009,833.12,30.68,12.03,5.93,0.0
20201210:1109,921.74,34.18,14.13,6.83,0.0
20201210:1209,942.9,34.11,15.75,7.52,0.0
20201210:1309,864.63,30.49,17.01,8.28,0.0
20201210:1409,672.6,23.9,18.23,8.14,0.0
20201210:1509,447.01,15.14,18.87,7.72,0.0
20201210:1609,59.96,4.87,18.56,6.55,0.0
20201210:1709,0.0,0.0,17.21,6.28,0.0
20201210:1809,0.0,0.0,16.32,6.48,0.0
20201210:1909,0.0,0.0,15.95,6.34,0.0
20201210:2009,0.0,0.0,15.31,6.28,0.0
20201210:2109,0.0,0.0,14.64,6.14,0.0
20201210:2209,0.0,0.0,14.13,6.48,0.0
20201210:2309,0.0,0.0,13.77,6.9,0.0
20201211:0009,0.0,0.0,13.57,7.31,0.0
20201211:0109,0.0,0.0,13.44,7.86,0.0
20201211:0209,0.0,0.0,13.29,8.21,0.0
20201211:0309,0.0,0.0,12.95,8.0,0.0
20201211:0409,0.0,0.0,12.55,7.45,0.0
20201211:0509,0.0,0.0,12.22,7.1,0.0
20201211:0609,0.0,0.0,11.93,6.69,0.0
20201211:0709,122.48,5.13,11.88,5.93,0.0
20201211:0809,438.72,15.34,12.81,5.79,0.0
20201211:0909,655.62,24.05,14.99,6.48,0.0
20201211:1009,811.13,30.56,17.13,7.31,0.0
20201211:1109,914.11,34.08,18.86,8.55,0.0
20201211:1209,823.86,34.04,20.09,9.45,0.0
20201211:1309,455.32,30.45,20.91,9.93,0.0
20201211:1409,235.96,23.89,21.7,11.1,0.0
20201211:1509,88.01,15.14,21.9,10.69,0.0
20201211:1609,65.37,4.9,20.95,8.69,0.0
20201211:1709,0.0,0.0,19.78,8.14,0.0
20201211:1809,0.0,0.0,18.87,8.07,0.0
20201211:1909,0.0,0.0,18.77,8.0,0.0
20201211:2009,0.0,0.0,18.3,8.21,0.0
20201211:2109,0.0,0.0,17.94,8.07,0.0
20201211:2209,0.0,0.0,17.53,8.07,0.0
20201211:2309,0.0,0.0,17.12,8.34,0.0
20201212:0009,0.0,0.0,16.7,8.41,0.0
20201212:0109,0.0,0.0,16.29,8.41,0.0
20201212:0209,0.0,0.0,15.92,8.34,0.0
20201212:0309,0.0,0.0,15.61,8.41,0.0
20201212:0409,0.0,0.0,15.32,8.41,0.0
20201212:0509,0.0,0.0,15.09,8.41,0.0
20201212:0609,0.0,0.0,14.87,8.21,0.0
20201212:0709,103.99,5.0,14.47,7.38,0.0
20201212:0809,431.0,15.22,15.45,7.17,0.0
20201212:0909,685.86,23.93,17.26,7.45,0.0
20201212:1009,866.23,30.45,19.12,8.48,0.0
20201212:1109,982.4,33.99,20.52,9.72,0.0
20201212:1209,982.48,33.98,21.41,10.07,0.0
20201212:1309,879.87,30.41,22.07,9.93,0.0
20201212:1409,637.96,23.88,22.52,9.93,0.0
20201212:1509,363.9,15.16,22.41,10.07,0.0
20201212:1609,104.7,4.93,21.48,8.76,0.0
20201212:1709,0.0,0.0,20.05,7.86,0.0
20201212:1809,0.0,0.0,19.02,7.79,0.0
20201212:1909,0.0,0.0,18.04,8.14,0.0
20201212:2009,0.0,0.0,17.12,8.0,0.0
20201212:2109,0.0,0.0,16.21,7.59,0.0
20201212:2209,0.0,0.0,15.36,6.9,0.0
20201212:2309,0.0,0.0,14.59,6.28,0.0
20201213:0009,0.0,0.0,13.82,5.66,0.0
20201213:0109,0.0,0.0,12.99,4.97,0.0
20201213:0209,0.0,0.0,12.08,4.34,0.0
20201213:0309,0.0,0.0,11.13,3.79,0.0
20201213:0409,0.0,0.0,10.2,3.45,0.0
20201213:0509,0.0,0.0,9.36,3.52,0.0
20201213:0609,0.0,0.0,8.73,3.59,0.0
20201213:0709,129.44,4.87,8.65,3.38,0.0
20201213:0809,453.3,15.09,9.75,3.1,0.0
20201213:0909,692.44,23.81,12.74,3.52,0.0
20201213:1009,839.77,30.34,14.84,3.86,0.0
20201213:1109,915.53,33.9,16.21,4.14,0.0
20201213:1209,931.16,33.92,17.34,4.14,0.0
20201213:1309,857.26,30.39,18.25,4.0,0.0
20201213:1409,671.3,23.88,18.86,3.66,0.0
20201213:1509,430.7,15.18,19.1,3.24,0.0
20201213:1609,138.08,4.96,18.89,2.55,0.0
20201213:1709,0.0,0.0,17.8,2.21,0.0
20201213:1809,0.0,0.0,16.36,2.83,0.0
20201213:1909,0.0,0.0,15.04,3.31,0.0
20201213:2009,0.0,0.0,13.99,3.66,0.0
20201213:2109,0.0,0.0,13.23,3.93,0.0
20201213:2209,0.0,0.0,12.55,3.86,0.0
20201213:2309,0.0,0.0,11.87,3.72,0.0
20201214:0009,0.0,0.0,11.22,3.79,0.0
20201214:0109,0.0,0.0,10.63,3.86,0.0
20201214:0209,0.0,0.0,10.07,3.93,0.0
20201214:0309,0.0,0.0,9.54,3.93,0.0
20201214:0409,0.0,0.0,9.03,3.79,0.0
20201214:0509,0.0,0.0,8.45,3.59,0.0
20201214:0609,0.0,0.0,8.0,3.66,0.0
20201214:0709,104.59,4.75,7.57,3.72,0.0
20201214:0809,359.18,14.97,8.67,3.1,0.0
20201214:0909,718.08,23.7,11.93,2.55,0.0
20201214:1009,871.4,30.24,14.89,2.07,0.0
20201214:1109,971.6,33.82,16.94,2.34,0.0
20201214:1209,992.56,33.87,18.3,3.59,0.0
20201214:1309,827.27,30.37,19.09,4.34,0.0
20201214:1409,683.09,23.88,19.39,4.55,0.0
20201214:1509,384.61,15.2,19.28,4.41,0.0
20201214:1609,121.59,5.01,18.68,3.86,0.0
20201214:1709,0.0,0.0,17.07,3.31,0.0
20201214:1809,0.0,0.0,15.92,3.45,0.0
20201214:1909,0.0,0.0,14.94,3.72,0.0
20201214:2009,0.0,0.0,14.16,3.79,0.0
20201214:2109,0.0,0.0,13.36,3.72,0.0
20201214:2209,0.0,0.0,12.47,3.52,0.0
20201214:2309,0.0,0.0,11.63,3.31,0.0
20201215:0009,0.0,0.0,10.85,3.31,0.0
20201215:0109,0.0,0.0,10.15,3.38,0.0
20201215:0209,0.0,0.0,9.6,3.45,0.0
20201215:0309,0.0,0.0,9.01,3.45,0.0
20201215:0409,0.0,0.0,8.44,3.38,0.0
20201215:0509,0.0,0.0,7.8,3.31,0.0
20201215:0609,0.0,0.0,7.19,3.24,0.0
20201215:0709,137.3,4.63,6.96,3.31,0.0
20201215:0809,310.16,14.86,8.12,2.97,0.0
20201215:0909,682.2,23.59,11.37,2.48,0.0
20201215:1009,877.49,30.15,14.5,2.07,0.0
20201215:1109,836.57,33.75,16.57,1.45,0.0
20201215:1209,990.72,33.82,17.88,0.97,0.0
20201215:1309,907.16,30.35,18.7,1.03,0.0
20201215:1409,648.48,23.89,19.02,1.03,0.0
20201215:1509,414.07,15.23,19.02,1.38,0.0
20201215:1609,47.59,5.05,18.65,2.07,0.0
20201215:1709,0.0,0.0,17.26,2.76,0.0
20201215:1809,0.0,0.0,15.72,3.03,0.0
20201215:1909,0.0,0.0,14.92,3.03,0.0
20201215:2009,0.0,0.0,13.97,2.69,0.0
20201215:2109,0.0,0.0,13.09,2.14,0.0
20201215:2209,0.0,0.0,12.02,1.86,0.0
20201215:2309,0.0,0.0,11.07,1.93,0.0
20201216:0009,0.0,0.0,10.15,2.21,0.0
20201216:0109,0.0,0.0,9.25,2.41,0.0
20201216:0209,0.0,0.0,8.38,2.55,0.0
20201216:0309,0.0,0.0,7.72,2.76,0.0
20201216:0409,0.0,0.0,7.09,2.76,0.0
20201216:0509,0.0,0.0,6.54,2.83,0.0
20201216:0609,0.0,0.0,6.03,2.83,0.0
20201216:0709,88.98,4.52,5.71,2.9,0.0
20201216:0809,384.65,14.75,6.72,2.41,0.0
20201216:0909,659.77,23.49,10.6,2.14,0.0
20201216:1009,910.74,30.07,13.8,2.69,0.0
20201216:1109,1000.94,33.69,15.43,3.24,0.0
20201216:1209,949.38,33.79,16.57,3.59,0.0
20201216:1309,918.73,30.34,17.34,3.79,0.0
20201216:1409,752.65,23.91,17.66,3.93,0.0
20201216:1509,515.67,15.27,17.57,4.14,0.0
20201216:1609,156.58,5.1,16.92,3.79,0.0
20201216:1709,0.0,0.0,15.34,3.31,0.0
20201216:1809,0.0,0.0,14.03,3.31,0.0
20201216:1909,0.0,0.0,13.19,3.52,0.0
20201216:2009,0.0,0.0,12.15,3.72,0.0
20201216:2109,0.0,0.0,11.36,3.72,0.0
20201216:2209,0.0,0.0,10.91,3.66,0.0
20201216:2309,0.0,0.0,10.41,3.72,0.0
20201217:0009,0.0,0.0,10.03,3.86,0.0
20201217:0109,0.0,0.0,9.62,4.0,0.0
20201217:0209,0.0,0.0,9.12,4.14,0.0
20201217:0309,0.0,0.0,8.69,4.34,0.0
20201217:0409,0.0,0.0,8.42,4.41,0.0
20201217:0509,0.0,0.0,8.28,4.55,0.0
20201217:0609,0.0,0.0,8.18,4.69,0.0
20201217:0709,32.01,4.41,8.46,5.1,0.0
20201217:0809,487.63,14.65,9.27,5.24,0.0
20201217:0909,608.73,23.4,11.11,5.93,0.0
20201217:1009,900.98,29.99,12.8,6.97,0.0
20201217:1109,991.36,33.63,14.39,7.52,0.0
20201217:1209,993.97,33.76,15.71,7.66,0.0
20201217:1309,789.99,30.34,16.65,7.66,0.0
20201217:1409,690.53,23.94,16.92,7.72,0.0
20201217:1509,437.36,15.31,16.55,7.79,0.0
20201217:1609,145.7,5.16,15.72,6.97,0.0
20201217:1709,0.0,0.0,14.49,6.9,0.0
20201217:1809,0.0,0.0,13.48,7.1,0.0
20201217:1909,0.0,0.0,13.09,7.52,0.0
20201217:2009,0.0,0.0,12.46,7.17,0.0
20201217:2109,0.0,0.0,12.04,6.83,0.0
20201217:2209,0.0,0.0,11.7,6.55,0.0
20201217:2309,0.0,0.0,11.43,6.34,0.0
20201218:0009,0.0,0.0,11.2,6.21,0.0
20201218:0109,0.0,0.0,10.97,6.34,0.0
20201218:0209,0.0,0.0,10.5,6.69,0.0
20201218:0309,0.0,0.0,10.13,7.03,0.0
20201218:0409,0.0,0.0,9.84,7.24,0.0
20201218:0509,0.0,0.0,9.49,7.52,0.0
20201218:0609,0.0,0.0,9.26,7.66,0.0
20201218:0709,5.68,4.31,9.74,8.55,0.0
20201218:0809,165.05,14.55,10.21,8.07,0.0
20201218:0909,721.24,23.31,11.34,9.38,0.0
20201218:1009,713.98,29.92,12.58,10.48,0.0
20201218:1109,882.8,33.59,13.37,10.83,0.0
20201218:1209,834.03,33.74,14.15,10.9,0.0
20201218:1309,903.21,30.35,14.79,10.83,0.0
20201218:1409,579.61,23.97,15.02,10.21,0.0
20201218:1509,405.47,15.36,14.93,9.24,0.0
20201218:1609,188.19,5.22,14.2,7.24,0.0
20201218:1709,0.0,0.0,13.19,6.41,0.0
20201218:1809,0.0,0.0,12.63,7.03,0.0
20201218:1909,0.0,0.0,12.95,8.28,0.0
20201218:2009,0.0,0.0,12.71,8.55,0.0
20201218:2109,0.0,0.0,12.39,8.48,0.0
20201218:2209,0.0,0.0,11.92,8.14,0.0
20201218:2309,0.0,0.0,11.42,7.79,0.0
20201219:0009,0.0,0.0,10.85,7.52,0.0
20201219:0109,0.0,0.0,10.34,7.03,0.0
20201219:0209,0.0,0.0,9.9,6.69,0.0
20201219:0309,0.0,0.0,9.51,6.69,0.0
20201219:0409,0.0,0.0,9.14,6.97,0.0
20201219:0509,0.0,0.0,8.86,7.1,0.0
20201219:0609,0.0,0.0,8.62,6.97,0.0
20201219:0709,120.48,4.21,8.79,6.41,0.0
20201219:0809,435.13,14.46,9.82,6.34,0.0
20201219:0909,683.31,23.23,11.89,6.9,0.0
20201219:1009,848.13,29.85,13.79,7.66,0.0
20201219:1109,929.34,33.55,15.21,7.38,0.0
20201219:1209,948.52,33.73,16.25,7.1,0.0
20201219:1309,854.53,30.37,16.87,6.62,0.0
20201219:1409,692.25,24.01,17.24,6.28,0.0
20201219:1509,445.26,15.42,17.27,6.07,0.0
20201219:1609,156.55,5.29,16.84,5.31,0.0
20201219:1709,0.0,0.0,15.53,4.0,0.0
20201219:1809,0.0,0.0,14.29,3.52,0.0
20201219:1909,0.0,0.0,13.48,3.38,0.0
20201219:2009,0.0,0.0,12.51,3.52,0.0
20201219:2109,0.0,0.0,11.65,3.72,0.0
20201219:2209,0.0,0.0,10.9,4.07,0.0
20201219:2309,0.0,0.0,10.29,4.28,0.0
20201220:0009,0.0,0.0,9.7,4.41,0.0
20201220:0109,0.0,0.0,9.13,4.34,0.0
20201220:0209,0.0,0.0,8.57,4.41,0.0
20201220:0309,0.0,0.0,8.13,4.62,0.0
20201220:0409,0.0,0.0,7.87,4.83,0.0
20201220:0509,0.0,0.0,7.7,4.76,0.0
20201220:0609,0.0,0.0,7.53,4.69,0.0
20201220:0709,79.0,4.11,7.61,4.69,0.0
20201220:0809,202.74,14.37,8.77,4.48,0.0
20201220:0909,719.55,23.15,10.74,4.76,0.0
20201220:1009,135.28,29.79,12.49,5.24,0.0
20201220:1109,963.8,33.51,13.99,5.31,0.0
20201220:1209,987.93,33.72,14.96,4.83,0.0
20201220:1309,770.36,30.39,15.73,4.41,0.0
20201220:1409,393.29,24.05,16.15,4.28,0.0
20201220:1509,349.73,15.48,16.28,4.28,0.0
20201220:1609,43.78,5.36,16.01,3.86,0.0
20201220:1709,0.0,0.0,14.8,2.69,0.0
20201220:1809,0.0,0.0,13.92,2.34,0.0
20201220:1909,0.0,0.0,13.61,2.97,0.0
20201220:2009,0.0,0.0,13.26,3.59,0.0
20201220:2109,0.0,0.0,12.8,4.34,0.0
20201220:2209,0.0,0.0,12.08,4.83,0.0
20201220:2309,0.0,0.0,11.36,5.24,0.0
20201221:0009,0.0,0.0,10.68,5.66,0.0
20201221:0109,0.0,0.0,10.12,6.0,0.0
20201221:0209,0.0,0.0,9.61,6.21,0.0
20201221:0309,0.0,0.0,9.2,6.28,0.0
20201221:0409,0.0,0.0,8.84,6.34,0.0
20201221:0509,0.0,0.0,8.47,6.48,0.0
20201221:0609,0.0,0.0,8.2,6.48,0.0
20201221:0709,138.4,4.02,8.41,6.55,0.0
20201221:0809,299.5,14.29,9.45,6.07,0.0
20201221:0909,669.47,23.08,11.11,6.83,0.0
20201221:1009,840.37,29.74,12.91,7.66,0.0
20201221:1109,937.16,33.49,14.3,7.59,0.0
20201221:1209,928.26,33.73,15.34,7.03,0.0
20201221:1309,837.79,30.42,16.04,6.28,0.0
20201221:1409,659.33,24.1,16.4,5.79,0.0
20201221:1509,421.24,15.54,16.39,5.31,0.0
20201221:1609,67.57,5.44,16.0,4.69,0.0
20201221:1709,0.0,0.0,14.78,3.45,0.0
20201221:1809,0.0,0.0,13.72,3.03,0.0
20201221:1909,0.0,0.0,13.07,3.1,0.0
20201221:2009,0.0,0.0,12.19,3.1,0.0
20201221:2109,0.0,0.0,11.34,3.24,0.0
20201221:2209,0.0,0.0,10.66,3.86,0.0
20201221:2309,0.0,0.0,10.12,4.34,0.0
20201222:0009,0.0,0.0,9.61,4.76,0.0
20201222:0109,0.0,0.0,9.09,5.03,0.0
20201222:0209,0.0,0.0,8.69,5.24,0.0
20201222:0309,0.0,0.0,8.36,5.24,0.0
20201222:0409,0.0,0.0,8.05,4.97,0.0
20201222:0509,0.0,0.0,7.65,4.55,0.0
20201222:0609,0.0,0.0,7.2,4.28,0.0
20201222:0709,103.91,3.93,6.9,4.21,0.0
20201222:0809,432.59,14.21,7.98,3.93,0.0
20201222:0909,669.12,23.02,10.58,4.0,0.0
20201222:1009,842.86,29.7,12.85,4.21,0.0
20201222:1109,932.2,33.47,14.37,4.14,0.0
20201222:1209,931.42,33.74,15.34,4.28,0.0
20201222:1309,846.81,30.46,15.86,4.21,0.0
20201222:1409,555.1,24.16,16.12,4.14,0.0
20201222:1509,395.96,15.62,16.05,3.93,0.0
20201222:1609,194.89,5.52,15.6,3.59,0.0
20201222:1709,0.0,0.0,14.45,2.69,0.0
20201222:1809,0.0,0.0,13.42,2.55,0.0
20201222:1909,0.0,0.0,12.67,2.55,0.0
20201222:2009,0.0,0.0,11.67,2.48,0.0
20201222:2109,0.0,0.0,10.62,2.34,0.0
20201222:2209,0.0,0.0,9.58,2.14,0.0
20201222:2309,0.0,0.0,8.98,1.86,0.0
20201223:0009,0.0,0.0,9.3,1.52,0.0
20201223:0109,0.0,0.0,10.0,1.24,0.0
20201223:0209,0.0,0.0,10.21,1.1,0.0
20201223:0309,0.0,0.0,9.95,1.1,0.0
20201223:0409,0.0,0.0,8.64,1.45,0.0
20201223:0509,0.0,0.0,7.5,1.79,0.0
20201223:0609,0.0,0.0,6.52,2.07,0.0
20201223:0709,98.8,3.85,5.84,2.28,0.0
20201223:0809,424.45,14.14,6.61,2.14,0.0
20201223:0909,660.25,22.96,9.38,1.66,0.0
20201223:1009,844.91,29.66,12.18,1.59,0.0
20201223:1109,935.51,33.46,13.47,1.45,0.0
20201223:1209,927.78,33.76,14.21,1.38,0.0
20201223:1309,846.02,30.5,14.78,1.59,0.0
20201223:1409,705.61,24.22,15.09,1.72,0.0
20201223:1509,434.49,15.69,15.22,1.93,0.0
20201223:1609,179.94,5.61,14.98,2.07,0.0
20201223:1709,0.0,0.0,14.22,1.93,0.0
20201223:1809,0.0,0.0,13.29,2.14,0.0
20201223:1909,0.0,0.0,12.86,1.86,0.0
20201223:2009,0.0,0.0,11.88,2.0,0.0
20201223:2109,0.0,0.0,10.77,2.28,0.0
20201223:2209,0.0,0.0,9.77,2.41,0.0
20201223:2309,0.0,0.0,8.88,2.48,0.0
20201224:0009,0.0,0.0,7.96,2.34,0.0
20201224:0109,0.0,0.0,7.17,2.07,0.0
20201224:0209,0.0,0.0,7.0,1.79,0.0
20201224:0309,0.0,0.0,6.71,1.79,0.0
20201224:0409,0.0,0.0,5.88,2.07,0.0
20201224:0509,0.0,0.0,4.92,2.48,0.0
20201224:0609,0.0,0.0,4.46,2.83,0.0
20201224:0709,19.01,3.78,3.82,2.83,0.0
20201224:0809,440.49,14.07,4.44,2.14,0.0
20201224:0909,675.99,22.91,7.78,2.0,0.0
20201224:1009,845.01,29.63,10.39,1.72,0.0
20201224:1109,935.56,33.46,12.51,1.38,0.0
20201224:1209,927.51,33.78,13.81,1.38,0.0
20201224:1309,845.71,30.55,14.8,1.72,0.0
20201224:1409,695.1,24.29,15.46,2.14,0.0
20201224:1509,451.6,15.78,15.71,2.41,0.0
20201224:1609,194.21,5.7,15.47,2.48,0.0
20201224:1709,0.0,0.0,14.4,2.14,0.0
20201224:1809,0.0,0.0,13.13,2.34,0.0
20201224:1909,0.0,0.0,12.38,2.34,0.0
20201224:2009,0.0,0.0,11.29,2.55,0.0
20201224:2109,0.0,0.0,10.26,2.76,0.0
20201224:2209,0.0,0.0,9.33,2.83,0.0
20201224:2309,0.0,0.0,8.54,3.03,0.0
20201225:0009,0.0,0.0,7.88,3.31,0.0
20201225:0109,0.0,0.0,7.41,3.59,0.0
20201225:0209,0.0,0.0,7.0,3.66,0.0
20201225:0309,0.0,0.0,6.51,3.66,0.0
20201225:0409,0.0,0.0,6.02,3.79,0.0
20201225:0509,0.0,0.0,5.6,3.86,0.0
20201225:0609,0.0,0.0,5.18,3.86,0.0
20201225:0709,19.91,3.7,5.03,4.07,0.0
20201225:0809,430.94,14.01,6.12,3.86,0.0
20201225:0909,674.69,22.87,8.93,3.59,0.0
20201225:1009,834.67,29.61,11.82,3.72,0.0
20201225:1109,940.62,33.46,13.82,4.14,0.0
20201225:1209,934.01,33.81,15.19,4.41,0.0
20201225:1309,844.62,30.61,16.09,4.62,0.0
20201225:1409,590.59,24.37,16.57,4.83,0.0
20201225:1509,458.74,15.87,16.53,4.83,0.0
20201225:1609,237.31,5.8,15.94,4.21,0.0
20201225:1709,0.0,0.0,14.39,3.52,0.0
20201225:1809,0.0,0.0,13.13,3.72,0.0
20201225:1909,0.0,0.0,12.56,4.07,0.0
20201225:2009,0.0,0.0,12.1,4.34,0.0
20201225:2109,0.0,0.0,11.75,4.62,0.0
20201225:2209,0.0,0.0,11.27,4.83,0.0
20201225:2309,0.0,0.0,10.74,5.03,0.0
20201226:0009,0.0,0.0,10.11,5.31,0.0
20201226:0109,0.0,0.0,9.59,5.59,0.0
20201226:0209,0.0,0.0,9.02,5.72,0.0
20201226:0309,0.0,0.0,8.75,5.72,0.0
20201226:0409,0.0,0.0,8.74,6.21,0.0
20201226:0509,0.0,0.0,8.37,6.62,0.0
20201226:0609,0.0,0.0,7.92,6.9,0.0
20201226:0709,14.48,3.64,7.52,7.17,0.0
20201226:0809,442.26,13.96,7.88,7.17,0.0
20201226:0909,689.59,22.83,8.55,9.38,0.0
20201226:1009,867.0,29.59,9.07,9.86,0.0
20201226:1109,960.95,33.47,9.74,9.52,0.0
20201226:1209,963.07,33.85,10.4,8.83,0.0
20201226:1309,901.42,30.67,10.96,7.86,0.0
20201226:1409,713.19,24.45,11.36,7.03,0.0
20201226:1509,493.3,15.96,11.48,6.41,0.0
20201226:1609,175.39,5.9,11.17,5.66,0.0
20201226:1709,0.0,0.0,9.93,4.21,0.0
20201226:1809,0.0,0.0,8.69,3.66,0.0
20201226:1909,0.0,0.0,7.62,3.72,0.0
20201226:2009,0.0,0.0,6.63,3.79,0.0
20201226:2109,0.0,0.0,5.79,4.07,0.0
20201226:2209,0.0,0.0,5.06,4.21,0.0
20201226:2309,0.0,0.0,4.32,4.07,0.0
20201227:0009,0.0,0.0,3.53,3.93,0.0
20201227:0109,0.0,0.0,2.73,3.86,0.0
20201227:0209,0.0,0.0,1.99,3.93,0.0
20201227:0309,0.0,0.0,1.38,4.14,0.0
20201227:0409,0.0,0.0,0.8,4.14,0.0
20201227:0509,0.0,0.0,0.23,4.14,0.0
20201227:0609,0.0,0.0,-0.25,4.14,0.0
20201227:0709,19.91,3.58,-0.63,4.55,0.0
20201227:0809,442.75,13.91,0.49,4.28,0.0
20201227:0909,672.6,22.8,3.25,4.21,0.0
20201227:1009,848.5,29.59,5.8,4.14,0.0
20201227:1109,949.98,33.49,7.58,4.48,0.0
20201227:1209,926.89,33.9,8.76,5.1,0.0
20201227:1309,854.95,30.75,9.55,5.03,0.0
20201227:1409,711.87,24.54,10.09,5.1,0.0
20201227:1509,484.4,16.06,10.28,5.17,0.0
20201227:1609,213.35,6.01,10.0,4.69,0.0
20201227:1709,0.0,0.0,8.69,3.52,0.0
20201227:1809,0.0,0.0,7.39,3.52,0.0
20201227:1909,0.0,0.0,6.25,3.79,0.0
20201227:2009,0.0,0.0,5.51,4.41,0.0
20201227:2109,0.0,0.0,5.0,4.9,0.0
20201227:2209,0.0,0.0,4.61,5.17,0.0
20201227:2309,0.0,0.0,4.27,5.24,0.0
20201228:0009,0.0,0.0,3.98,5.59,0.0
20201228:0109,0.0,0.0,3.79,6.14,0.0
20201228:0209,0.0,0.0,3.67,6.69,0.0
20201228:0309,0.0,0.0,3.56,7.1,0.0
20201228:0409,0.0,0.0,3.47,7.52,0.0
20201228:0509,0.0,0.0,3.36,7.79,0.0
20201228:0609,0.0,0.0,3.27,7.79,0.0
20201228:0709,19.91,3.52,3.38,7.79,0.0
20201228:0809,428.56,13.87,4.59,7.66,0.0
20201228:0909,672.48,22.78,7.02,8.07,0.0
20201228:1009,869.86,29.59,9.52,9.24,0.0
20201228:1109,957.9,33.52,11.71,9.59,0.0
20201228:1209,968.38,33.96,13.52,9.45,0.0
20201228:1309,879.57,30.83,14.92,9.38,0.0
20201228:1409,733.2,24.64,15.86,9.31,0.0
20201228:1509,490.36,16.17,16.2,9.1,0.0
20201228:1609,230.84,6.12,15.73,8.14,0.0
20201228:1709,0.0,0.0,14.26,7.66,0.0
20201228:1809,0.0,0.0,13.24,7.52,0.0
20201228:1909,0.0,0.0,12.84,7.45,0.0
20201228:2009,0.0,0.0,12.13,7.45,0.0
20201228:2109,0.0,0.0,11.41,7.1,0.0
20201228:2209,0.0,0.0,10.68,6.69,0.0
20201228:2309,0.0,0.0,9.92,6.28,0.0
20201229:0009,0.0,0.0,9.17,6.07,0.0
20201229:0109,0.0,0.0,8.49,6.21,0.0
20201229:0209,0.0,0.0,7.93,6.48,0.0
20201229:0309,0.0,0.0,7.4,6.21,0.0
20201229:0409,0.0,0.0,6.8,5.79,0.0
20201229:0509,0.0,0.0,6.2,5.66,0.0
20201229:0609,0.0,0.0,5.63,5.66,0.0
20201229:0709,15.39,3.47,5.49,5.66,0.0
20201229:0809,448.76,13.83,6.5,5.66,0.0
20201229:0909,661.64,22.76,8.95,6.07,0.0
20201229:1009,851.11,29.59,11.45,6.83,0.0
20201229:1109,974.27,33.55,13.37,7.17,0.0
20201229:1209,979.15,34.02,14.8,7.1,0.0
20201229:1309,883.75,30.91,15.75,6.83,0.0
20201229:1409,732.43,24.74,16.36,6.41,0.0
20201229:1509,500.1,16.28,16.48,5.86,0.0
20201229:1609,223.65,6.23,16.02,4.97,0.0
20201229:1709,0.0,0.0,14.39,4.41,0.0
20201229:1809,0.0,0.0,13.02,4.62,0.0
20201229:1909,0.0,0.0,12.27,4.41,0.0
20201229:2009,0.0,0.0,11.5,4.62,0.0
20201229:2109,0.0,0.0,10.82,4.69,0.0
20201229:2209,0.0,0.0,10.27,4.9,0.0
20201229:2309,0.0,0.0,9.65,5.1,0.0
20201230:0009,0.0,0.0,9.11,5.03,0.0
20201230:0109,0.0,0.0,8.62,5.03,0.0
20201230:0209,0.0,0.0,7.94,4.83,0.0
20201230:0309,0.0,0.0,7.23,4.55,0.0
20201230:0409,0.0,0.0,6.56,4.14,0.0
20201230:0509,0.0,0.0,6.02,3.79,0.0
20201230:0609,0.0,0.0,5.45,3.72,0.0
20201230:0709,18.1,3.42,6.08,4.28,0.0
20201230:0809,427.11,13.8,7.07,4.21,0.0
20201230:0909,663.22,22.74,9.74,4.55,0.0
20201230:1009,832.67,29.6,11.98,6.28,0.0
20201230:1109,942.31,33.6,13.19,7.24,0.0
20201230:1209,945.35,34.09,14.06,7.03,0.0
20201230:1309,866.15,31.01,14.46,6.41,0.0
20201230:1409,710.53,24.85,14.59,5.93,0.0
20201230:1509,504.8,16.39,14.44,5.31,0.0
20201230:1609,205.51,6.35,14.02,4.14,0.0
20201230:1709,0.0,0.0,12.74,2.62,0.0
20201230:1809,0.0,0.0,11.55,2.28,0.0
20201230:1909,0.0,0.0,10.17,2.21,0.0
20201230:2009,0.0,0.0,8.8,2.62,0.0
20201230:2109,0.0,0.0,7.44,2.9,0.0
20201230:2209,0.0,0.0,6.39,3.03,0.0
20201230:2309,0.0,0.0,5.53,3.1,0.0
20201231:0009,0.0,0.0,4.78,3.1,0.0
20201231:0109,0.0,0.0,4.1,3.03,0.0
20201231:0209,0.0,0.0,3.44,3.03,0.0
20201231:0309,0.0,0.0,2.75,2.97,0.0
20201231:0409,0.0,0.0,2.07,2.9,0.0
20201231:0509,0.0,0.0,1.45,2.76,0.0
20201231:0609,0.0,0.0,0.88,2.55,0.0
20201231:0709,19.01,3.38,3.1,1.66,0.0
20201231:0809,427.01,13.77,5.08,1.03,0.0
20201231:0909,651.58,22.74,6.75,0.28,0.0
20201231:1009,912.56,29.63,8.87,1.1,0.0
20201231:1109,1012.78,33.65,10.59,2.28,0.0
20201231:1209,845.79,34.17,11.85,2.69,0.0
20201231:1309,862.84,31.11,12.7,2.62,0.0
20201231:1409,791.55,24.96,13.18,2.28,0.0
20201231:1509,272.19,16.52,13.35,2.21,0.0
20201231:1609,84.22,6.48,13.17,2.41,0.0
20201231:1709,0.0,0.0,12.06,2.55,0.0
20201231:1809,0.0,0.0,10.88,2.97,0.0
20201231:1909,0.0,0.0,9.84,2.9,0.0
20201231:2009,0.0,0.0,8.83,3.03,0.0
20201231:2109,0.0,0.0,7.9,3.24,0.0
20201231:2209,0.0,0.0,7.05,3.52,0.0
20201231:2309,0.0,0.0,6.33,3.79,0.0
